/in_DTC X,/in_DTC Y,/out_DTC X,/out_DTC Y,/EN_b X,/EN_b Y,/V_cap X,/V_cap Y,/V_ramp X,/V_ramp Y,B X,B LogicBus,D X,D LogicBus
5e-08,0,5e-08,1.099999912022096,5e-08,1.100000381186898,5e-08,0.7634417614872613,5e-08,0.7634413426708785,5e-08,00000,5e-08,0000
5.001148597061747e-08,0,5.001148597061747e-08,1.099999912024515,5.001148597061747e-08,1.100000381187886,5.001148597061747e-08,0.7634417615690265,5.001148597061747e-08,0.7634413428014791,5.012125503311117e-08,11111,5.479207707851624e-08,0010
5.00237097809399e-08,0,5.00237097809399e-08,1.099999904808339,5.00237097809399e-08,1.100000386745036,5.00237097809399e-08,0.7634418046806393,5.00237097809399e-08,0.763441641640891,7.012161402681714e-08,00000,5.479298743750909e-08,0011
5.004815740158477e-08,0,5.004815740158477e-08,1.099999910662961,5.004815740158477e-08,1.100000382849398,5.004815740158477e-08,0.7634418242124198,5.004815740158477e-08,0.7634417567628451,9.012150892470949e-08,10101,5.479377479441829e-08,0111
5.006841215369038e-08,0,5.006841215369038e-08,1.099999912421701,5.006841215369038e-08,1.100000380565149,5.006841215369038e-08,0.7634418259404973,5.006841215369038e-08,0.7634416894558185,1.101217086692082e-07,11111,5.479677871244599e-08,1111
5.007554190867447e-08,0,5.007554190867447e-08,1.099999912317085,5.007554190867447e-08,1.100000380561327,5.007554190867447e-08,0.7634418265119717,5.007554190867447e-08,0.7634416598291827,1.15e-07,11111,5.491127012078454e-08,1101
5.008570741185146e-08,0,5.008570741185146e-08,1.099999912094445,5.008570741185146e-08,1.100000380838219,5.008570741185146e-08,0.7634418280965252,5.008570741185146e-08,0.7634416273895825,  ,  ,5.49131727872051e-08,1000
5.008969892248903e-08,0,5.008969892248903e-08,1.099999912033727,5.008969892248903e-08,1.100000380956126,5.008969892248903e-08,0.7634418288183139,5.008969892248903e-08,0.7634416171843001,  ,  ,5.491464788114485e-08,0000
5.00940620816789e-08,0,5.00940620816789e-08,1.099999911997267,5.00940620816789e-08,1.100000381047609,5.00940620816789e-08,0.763441829567917,5.00940620816789e-08,0.7634416070225599,  ,  ,6.081063480340888e-08,0010
5.009659750902312e-08,0,5.009659750902312e-08,1.099999911990377,5.009659750902312e-08,1.100000381083001,5.009659750902312e-08,0.7634418299831952,5.009659750902312e-08,0.7634416015642845,  ,  ,6.081208476149187e-08,0111
5.009910775658281e-08,0,5.009910775658281e-08,1.099999911983179,5.009910775658281e-08,1.100000381106115,5.009910775658281e-08,0.7634418303690551,5.009910775658281e-08,0.763441596303627,  ,  ,6.081638383369503e-08,1111
5.010135820267531e-08,0,5.010135820267531e-08,1.099999911975468,5.010135820267531e-08,1.100000381118175,5.010135820267531e-08,0.763441830692668,5.010135820267531e-08,0.7634415916961806,  ,  ,7.482004464692686e-08,1101
5.010371441899677e-08,0,5.010371441899677e-08,1.099999911967116,5.010371441899677e-08,1.100000381124986,5.010371441899677e-08,0.7634418310136536,5.010371441899677e-08,0.7634415869598712,  ,  ,7.482125707749135e-08,1000
5.010630705512764e-08,0,5.010630705512764e-08,1.099999911959708,5.010630705512764e-08,1.100000381129743,5.010630705512764e-08,0.7634418313538195,5.010630705512764e-08,0.7634415818802635,  ,  ,7.482428206009139e-08,0000
5.010895370807093e-08,0,5.010895370807093e-08,1.099999911960008,5.010895370807093e-08,1.100000381137905,5.010895370807093e-08,0.7634418316978316,5.010895370807093e-08,0.7634415768629816,  ,  ,7.490360119485628e-08,0010
5.011167774757365e-08,0,5.011167774757365e-08,1.099999911968011,5.011167774757365e-08,1.100000381149872,5.011167774757365e-08,0.76344183205024,5.011167774757365e-08,0.7634415718834566,  ,  ,7.490497435205039e-08,0111
5.011415729228235e-08,0,5.011415729228235e-08,1.099999911979433,5.011415729228235e-08,1.100000381162055,5.011415729228235e-08,0.7634418323657188,5.011415729228235e-08,0.7634415675089635,  ,  ,7.490767284672569e-08,1111
5.011624134847555e-08,0,5.011624134847555e-08,1.099999911983673,5.011624134847555e-08,1.100000381167838,5.011624134847555e-08,0.7634418326206821,5.011624134847555e-08,0.7634415639323006,  ,  ,8.080596740287541e-08,1101
5.011625976080685e-08,0,5.011625976080685e-08,1.100103787217536,5.011625976080685e-08,1.100152087497596,5.011625976080685e-08,0.7635511170810245,5.011625976080685e-08,0.7635805588382496,  ,  ,8.08080210861511e-08,1000
5.011627340922491e-08,0,5.011627340922491e-08,1.10016260364376,5.011627340922491e-08,1.100230202324148,5.011627340922491e-08,0.7635950150831006,5.011627340922491e-08,0.7636465398481856,  ,  ,8.081094087582916e-08,0000
5.01162850753151e-08,0,5.01162850753151e-08,1.100200031378645,5.01162850753151e-08,1.100281605250143,5.01162850753151e-08,0.7636175426455105,5.01162850753151e-08,0.7636859229158962,  ,  ,9.479346615475744e-08,0011
5.011629569996577e-08,0,5.011629569996577e-08,1.100226394520706,5.011629569996577e-08,1.10032152756732,5.011629569996577e-08,0.7636324089586531,5.011629569996577e-08,0.7637143952997316,  ,  ,9.479483446325988e-08,0111
5.011630804920791e-08,0,5.011630804920791e-08,1.10025080522424,5.011630804920791e-08,1.100362516955477,5.011630804920791e-08,0.7636461740307091,5.011630804920791e-08,0.763742519963607,  ,  ,9.479763581334044e-08,1111
5.011631967263913e-08,0,5.011631967263913e-08,1.100269416377433,5.011631967263913e-08,1.100396756678816,5.011631967263913e-08,0.7636567063468995,5.011631967263913e-08,0.7637655881655646,  ,  ,9.491165145115329e-08,1101
5.011633218345955e-08,0,5.011633218345955e-08,1.100286019883493,5.011633218345955e-08,1.100429673304938,5.011633218345955e-08,0.7636660875760115,5.011633218345955e-08,0.7637876712154626,  ,  ,9.491374754174146e-08,1000
5.01163465927811e-08,0,5.01163465927811e-08,1.10030188882641,5.01163465927811e-08,1.100463406718168,5.01163465927811e-08,0.7636750183640736,5.01163465927811e-08,0.7638103976732502,  ,  ,9.491665806570456e-08,0000
5.011636261736765e-08,0,5.011636261736765e-08,1.100316503016088,5.011636261736765e-08,1.100496648019083,5.011636261736765e-08,0.7636832069000419,5.011636261736765e-08,0.763833046390998,  ,  ,1.008138771200984e-07,0001
5.011638073677248e-08,0,5.011638073677248e-08,1.100330217783434,5.011638073677248e-08,1.100529898939976,5.011638073677248e-08,0.7636908451288047,5.011638073677248e-08,0.7638561129929462,  ,  ,1.008155166007171e-07,0101
5.011640150570437e-08,0,5.011640150570437e-08,1.100343296650916,5.011640150570437e-08,1.100563550298254,5.011640150570437e-08,0.763698054156727,5.011640150570437e-08,0.7638800420319642,  ,  ,1.148243612039634e-07,0100
5.011642557666113e-08,0,5.011642557666113e-08,1.100355942782825,5.011642557666113e-08,1.100597925007157,5.011642557666113e-08,0.7637049057729486,5.011642557666113e-08,0.7639052676705577,  ,  ,1.148255013400416e-07,0000
5.011645395231988e-08,0,5.011645395231988e-08,1.100368415763499,5.011645395231988e-08,1.100633587929717,5.011645395231988e-08,0.7637114898514719,5.011645395231988e-08,0.7639324639034657,  ,  ,1.15e-07,0000
5.011648800613002e-08,0,5.011648800613002e-08,1.100380975527395,5.011648800613002e-08,1.10067120576823,5.011648800613002e-08,0.7637178814756237,5.011648800613002e-08,0.7639624954770118,  ,  ,  ,  
5.011652987486762e-08,0,5.011652987486762e-08,1.100393969897995,5.011652987486762e-08,1.100711799714664,5.011652987486762e-08,0.7637241792683952,5.011652987486762e-08,0.7639966965762908,  ,  ,  ,  
5.011658295635292e-08,0,5.011658295635292e-08,1.100407871733877,5.011658295635292e-08,1.100756869554469,5.011658295635292e-08,0.7637305095863496,5.011658295635292e-08,0.7640371369422065,  ,  ,  ,  
5.011665291977925e-08,0,5.011665291977925e-08,1.100423365614228,5.011665291977925e-08,1.100808685909674,5.011665291977925e-08,0.7637370504863437,5.011665291977925e-08,0.7640871661999776,  ,  ,  ,  
5.011674469036491e-08,0,5.011674469036491e-08,1.100440597872732,5.011674469036491e-08,1.100867760599964,5.011674469036491e-08,0.7637437577243248,5.011674469036491e-08,0.7641491224439102,  ,  ,  ,  
5.011685471439504e-08,0,5.011685471439504e-08,1.100458242159442,5.011685471439504e-08,1.100929556212014,5.011685471439504e-08,0.7637501893751255,5.011685471439504e-08,0.764219694989221,  ,  ,  ,  
5.011698680610112e-08,0,5.011698680610112e-08,1.100476423158893,5.011698680610112e-08,1.100994913182728,5.011698680610112e-08,0.7637566514718682,5.011698680610112e-08,0.7643005722824334,  ,  ,  ,  
5.011714471539567e-08,0,5.011714471539567e-08,1.100494876402191,5.011714471539567e-08,1.101061752217833,5.011714471539567e-08,0.7637633622925353,5.011714471539567e-08,0.7643928855229061,  ,  ,  ,  
5.01173235243737e-08,0,5.01173235243737e-08,1.100512373355176,5.01173235243737e-08,1.101129952815587,5.01173235243737e-08,0.7637703339991722,5.01173235243737e-08,0.7644927621869331,  ,  ,  ,  
5.011754650236655e-08,0,5.011754650236655e-08,1.100529954264225,5.011754650236655e-08,1.101207576752037,5.011754650236655e-08,0.7637783779423365,5.011754650236655e-08,0.7646113072262293,  ,  ,  ,  
5.011779110804094e-08,0,5.011779110804094e-08,1.100544780842367,5.011779110804094e-08,1.10128337972583,5.011779110804094e-08,0.763786595428861,5.011779110804094e-08,0.7647347372938855,  ,  ,  ,  
5.01180590056517e-08,0,5.01180590056517e-08,1.100556724069258,5.01180590056517e-08,1.101357132451563,5.01180590056517e-08,0.7637950447349924,5.01180590056517e-08,0.7648631352964985,  ,  ,  ,  
5.01183469049362e-08,0,5.01183469049362e-08,1.100565754712428,5.01183469049362e-08,1.101427764778696,5.01183469049362e-08,0.763803735986971,5.01183469049362e-08,0.7649945288764433,  ,  ,  ,  
5.011865329475816e-08,0,5.011865329475816e-08,1.100572404503932,5.011865329475816e-08,1.101495593835972,5.011865329475816e-08,0.7638129833443308,5.011865329475816e-08,0.7651284917665524,  ,  ,  ,  
5.011898203854705e-08,0,5.011898203854705e-08,1.100578012300905,5.011898203854705e-08,1.101562937658606,5.011898203854705e-08,0.7638241161555395,5.011898203854705e-08,0.765267510558666,  ,  ,  ,  
5.011932619340694e-08,0,5.011932619340694e-08,1.100583028501465,5.011932619340694e-08,1.101629457583877,5.011932619340694e-08,0.7638374294254451,5.011932619340694e-08,0.7654091668639242,  ,  ,  ,  
5.011965528718108e-08,0,5.011965528718108e-08,1.100586959170266,5.011965528718108e-08,1.101689477237543,5.011965528718108e-08,0.7638514105850807,5.011965528718108e-08,0.7655411031232564,  ,  ,  ,  
5.012010259598589e-08,0,5.012010259598589e-08,1.100590467047113,5.012010259598589e-08,1.101764337499633,5.012010259598589e-08,0.7638718793237245,5.012010259598589e-08,0.7657143556166606,  ,  ,  ,  
5.012074634648713e-08,0,5.012074634648713e-08,1.100593836780262,5.012074634648713e-08,1.101858486972822,5.012074634648713e-08,0.7639052487994181,5.012074634648713e-08,0.7659505350428989,  ,  ,  ,  
5.012125503311117e-08,0,5.012125503311117e-08,1.100593895859768,5.012125503311117e-08,1.10192014093777,5.012125503311117e-08,0.7639356410647253,5.012125503311117e-08,0.7661230866293992,  ,  ,  ,  
5.012164573928865e-08,0,5.012164573928865e-08,1.100584585920297,5.012164573928865e-08,1.101958301340889,5.012164573928865e-08,0.763961382596712,5.012164573928865e-08,0.7662445389936441,  ,  ,  ,  
5.012201471619982e-08,0,5.012201471619982e-08,1.100579568514535,5.012201471619982e-08,1.101985783119967,5.012201471619982e-08,0.7639858649432555,5.012201471619982e-08,0.7663466801598928,  ,  ,  ,  
5.012237590293023e-08,0,5.012237590293023e-08,1.100570515154518,5.012237590293023e-08,1.102002693040563,5.012237590293023e-08,0.7640086985842942,5.012237590293023e-08,0.7664322062263863,  ,  ,  ,  
5.012274575493425e-08,0,5.012274575493425e-08,1.100555841302174,5.012274575493425e-08,1.102007699676956,5.012274575493425e-08,0.7640296076109973,5.012274575493425e-08,0.7665027916778152,  ,  ,  ,  
5.0123172656384e-08,0,5.0123172656384e-08,1.100533766441104,5.0123172656384e-08,1.101998890431681,5.0123172656384e-08,0.7640509933399663,5.0123172656384e-08,0.7665634921959302,  ,  ,  ,  
5.012351234440329e-08,0,5.012351234440329e-08,1.100514887257918,5.012351234440329e-08,1.10198478094131,5.012351234440329e-08,0.7640676574567568,5.012351234440329e-08,0.7665990280099343,  ,  ,  ,  
5.012384130350921e-08,0,5.012384130350921e-08,1.100496493255876,5.012384130350921e-08,1.101966896707909,5.012384130350921e-08,0.7640839542300276,5.012384130350921e-08,0.766624299220618,  ,  ,  ,  
5.012418135955516e-08,0,5.012418135955516e-08,1.100476808261307,5.012418135955516e-08,1.101943091822866,5.012418135955516e-08,0.7641001506625557,5.012418135955516e-08,0.7666407058358023,  ,  ,  ,  
5.012456742914715e-08,0,5.012456742914715e-08,1.100453466415042,5.012456742914715e-08,1.101909006453417,5.012456742914715e-08,0.7641172929878605,5.012456742914715e-08,0.7666474895666099,  ,  ,  ,  
5.012506978844403e-08,0,5.012506978844403e-08,1.100421989195582,5.012506978844403e-08,1.101854238543421,5.012506978844403e-08,0.7641376157549939,5.012506978844403e-08,0.7666385355086911,  ,  ,  ,  
5.012565556845979e-08,0,5.012565556845979e-08,1.100384203496267,5.012565556845979e-08,1.101776580408836,5.012565556845979e-08,0.7641584867261186,5.012565556845979e-08,0.7666041049528238,  ,  ,  ,  
5.012624134847554e-08,0,5.012624134847554e-08,1.100345851756066,5.012624134847554e-08,1.101685578295049,5.012624134847554e-08,0.7641765786391317,5.012624134847554e-08,0.7665455615731528,  ,  ,  ,  
5.01262803345895e-08,0,5.01262803345895e-08,1.100178201551619,5.01262803345895e-08,1.101440489821182,5.01262803345895e-08,0.7640280311209755,5.01262803345895e-08,0.7663341060004233,  ,  ,  ,  
5.012631757640768e-08,0,5.012631757640768e-08,1.100077668160381,5.012631757640768e-08,1.101288686095958,5.012631757640768e-08,0.7639648106223175,5.012631757640768e-08,0.7662179580129475,  ,  ,  ,  
5.012635655460888e-08,0,5.012635655460888e-08,1.10001707393394,5.012635655460888e-08,1.101177152238969,5.012635655460888e-08,0.7639325262185693,5.012635655460888e-08,0.7661399217170172,  ,  ,  ,  
5.012638517030957e-08,0,5.012638517030957e-08,1.099989476109008,5.012638517030957e-08,1.101114112453281,5.012638517030957e-08,0.7639184449086278,5.012638517030957e-08,0.7660966006450595,  ,  ,  ,  
5.012641868662811e-08,0,5.012641868662811e-08,1.099966036235074,5.012641868662811e-08,1.101052910160981,5.012641868662811e-08,0.7639065184396507,5.012641868662811e-08,0.7660532631387392,  ,  ,  ,  
5.012646244331949e-08,0,5.012646244331949e-08,1.099942618582639,5.012646244331949e-08,1.10098594597159,5.012646244331949e-08,0.7638947511594187,5.012646244331949e-08,0.7660034658545306,  ,  ,  ,  
5.01265133785175e-08,0,5.01265133785175e-08,1.099920762655008,5.01265133785175e-08,1.100919589328799,5.01265133785175e-08,0.7638840562937054,5.01265133785175e-08,0.7659512449980342,  ,  ,  ,  
5.012656980812207e-08,0,5.012656980812207e-08,1.099900317376901,5.012656980812207e-08,1.100855343251834,5.012656980812207e-08,0.7638744104472952,5.012656980812207e-08,0.7658977486728444,  ,  ,  ,  
5.012663729908595e-08,0,5.012663729908595e-08,1.0998789431602,5.012663729908595e-08,1.100786843628078,5.012663729908595e-08,0.7638647068368264,5.012663729908595e-08,0.7658374641054528,  ,  ,  ,  
5.012672011993705e-08,0,5.012672011993705e-08,1.099855667195502,5.012672011993705e-08,1.100711195834891,5.012672011993705e-08,0.7638544679931186,5.012672011993705e-08,0.7657670435103217,  ,  ,  ,  
5.012682524589397e-08,0,5.012682524589397e-08,1.099829339097264,5.012682524589397e-08,1.100624356721079,5.012682524589397e-08,0.7638430559592854,5.012682524589397e-08,0.7656815277434803,  ,  ,  ,  
5.01269557321811e-08,0,5.01269557321811e-08,1.099800337768076,5.01269557321811e-08,1.100526492315587,5.01269557321811e-08,0.7638303357011377,5.01269557321811e-08,0.7655798426697041,  ,  ,  ,  
5.012711047180874e-08,0,5.012711047180874e-08,1.099770169848413,5.012711047180874e-08,1.100420553741674,5.012711047180874e-08,0.7638165353547215,5.012711047180874e-08,0.7654644322953186,  ,  ,  ,  
5.012729148593334e-08,0,5.012729148593334e-08,1.099739799791726,5.012729148593334e-08,1.100307021032087,5.012729148593334e-08,0.7638016160114857,5.012729148593334e-08,0.765335535054226,  ,  ,  ,  
5.012751294397115e-08,0,5.012751294397115e-08,1.099708816152429,5.012751294397115e-08,1.100179733354925,5.012751294397115e-08,0.763784784325286,5.012751294397115e-08,0.7651856778138829,  ,  ,  ,  
5.012777601230647e-08,0,5.012777601230647e-08,1.099679554990893,5.012777601230647e-08,1.100042125696389,5.012777601230647e-08,0.763766669371028,5.012777601230647e-08,0.765017674706029,  ,  ,  ,  
5.012806518482893e-08,0,5.012806518482893e-08,1.099655356329167,5.012806518482893e-08,1.099904939163217,5.012806518482893e-08,0.7637490588590755,5.012806518482893e-08,0.7648443092221308,  ,  ,  ,  
5.012837977194715e-08,0,5.012837977194715e-08,1.099637170574511,5.012837977194715e-08,1.099771132410592,5.012837977194715e-08,0.7637328417599343,5.012837977194715e-08,0.7646676184468799,  ,  ,  ,  
5.012872512815104e-08,0,5.012872512815104e-08,1.099625242131342,5.012872512815104e-08,1.099641075949857,5.012872512815104e-08,0.7637189713849515,5.012872512815104e-08,0.7644881531259843,  ,  ,  ,  
5.012910909163031e-08,0,5.012910909163031e-08,1.09962095870015,5.012910909163031e-08,1.099514586504736,5.012910909163031e-08,0.7637085799489195,5.012910909163031e-08,0.7643053573311263,  ,  ,  ,  
5.01295829197439e-08,0,5.01295829197439e-08,1.09962531737358,5.01295829197439e-08,1.099382702781726,5.01295829197439e-08,0.7637028000609148,5.01295829197439e-08,0.7641034746176596,  ,  ,  ,  
5.013006394689508e-08,0,5.013006394689508e-08,1.099638549281846,5.013006394689508e-08,1.09927528487639,5.013006394689508e-08,0.7637047099656256,5.013006394689508e-08,0.7639246053569821,  ,  ,  ,  
5.013043290876599e-08,0,5.013043290876599e-08,1.099649080649298,5.013043290876599e-08,1.099210359098785,5.013043290876599e-08,0.7637115776308117,5.013043290876599e-08,0.7638040882026753,  ,  ,  ,  
5.013074848299263e-08,0,5.013074848299263e-08,1.099666291429908,5.013074848299263e-08,1.099168532728079,5.013074848299263e-08,0.7637209710759273,5.013074848299263e-08,0.7637143292684841,  ,  ,  ,  
5.013103403509658e-08,0,5.013103403509658e-08,1.099684413471549,5.013103403509658e-08,1.099141720511639,5.013103403509658e-08,0.7637321330081759,5.013103403509658e-08,0.7636440046347376,  ,  ,  ,  
5.013130160332366e-08,0,5.013130160332366e-08,1.099702975435604,5.013130160332366e-08,1.099126247775431,5.013130160332366e-08,0.763744595557605,5.013130160332366e-08,0.7635876465505813,  ,  ,  ,  
5.013156405323956e-08,0,5.013156405323956e-08,1.099722368403134,5.013156405323956e-08,1.099120204151071,5.013156405323956e-08,0.7637582882968771,5.013156405323956e-08,0.7635414766721881,  ,  ,  ,  
5.013182846232599e-08,0,5.013182846232599e-08,1.099742831682321,5.013182846232599e-08,1.099123249700866,5.013182846232599e-08,0.7637731575911559,5.013182846232599e-08,0.7635042340375787,  ,  ,  ,  
5.013209936212455e-08,0,5.013209936212455e-08,1.09976453547523,5.013209936212455e-08,1.099135832553263,5.013209936212455e-08,0.7637891383058198,5.013209936212455e-08,0.7634758529270324,  ,  ,  ,  
5.013237488053844e-08,0,5.013237488053844e-08,1.09978718528504,5.013237488053844e-08,1.099158363963926,5.013237488053844e-08,0.7638058499824805,5.013237488053844e-08,0.7634571934610596,  ,  ,  ,  
5.013265732732594e-08,0,5.013265732732594e-08,1.099810791163471,5.013265732732594e-08,1.099191416998852,5.013265732732594e-08,0.7638231710278391,5.013265732732594e-08,0.7634486410185056,  ,  ,  ,  
5.013295441870644e-08,0,5.013295441870644e-08,1.099835818917174,5.013295441870644e-08,1.099236785718814,5.013295441870644e-08,0.7638413529493641,5.013295441870644e-08,0.7634509503758868,  ,  ,  ,  
5.013327807617305e-08,0,5.013327807617305e-08,1.099862657005312,5.013327807617305e-08,1.099296511499284,5.013327807617305e-08,0.7638605087150183,5.013327807617305e-08,0.7634656261563408,  ,  ,  ,  
5.013366784325179e-08,0,5.013366784325179e-08,1.099893805633017,5.013366784325179e-08,1.099378540419288,5.013366784325179e-08,0.7638821996078758,5.013366784325179e-08,0.763498738689884,  ,  ,  ,  
5.01340450212777e-08,0,5.01340450212777e-08,1.099922404905113,5.01340450212777e-08,1.099468143829208,5.01340450212777e-08,0.763901575473907,5.01340450212777e-08,0.7635454530224834,  ,  ,  ,  
5.013438997214006e-08,0,5.013438997214006e-08,1.099945904925487,5.013438997214006e-08,1.09955626884203,5.013438997214006e-08,0.7639176637103446,5.013438997214006e-08,0.7635994780302449,  ,  ,  ,  
5.013473612965686e-08,0,5.013473612965686e-08,1.099968651446272,5.013473612965686e-08,1.099649715389801,5.013473612965686e-08,0.7639323954351102,5.013473612965686e-08,0.7636637093998164,  ,  ,  ,  
5.013510323251961e-08,0,5.013510323251961e-08,1.099991427246953,5.013510323251961e-08,1.099753057512106,5.013510323251961e-08,0.7639467757398678,5.013510323251961e-08,0.7637416609353925,  ,  ,  ,  
5.013544208675335e-08,0,5.013544208675335e-08,1.100010914287293,5.013544208675335e-08,1.099850837117415,5.013544208675335e-08,0.7639588215188264,5.013544208675335e-08,0.7638213045137262,  ,  ,  ,  
5.013581306235157e-08,0,5.013581306235157e-08,1.100030399722821,5.013581306235157e-08,1.099959034599738,5.013581306235157e-08,0.7639706430155829,5.013581306235157e-08,0.7639155437996932,  ,  ,  ,  
5.013616565979828e-08,0,5.013616565979828e-08,1.100047116534951,5.013616565979828e-08,1.100061812765216,5.013616565979828e-08,0.7639806068789184,5.013616565979828e-08,0.7640108194459455,  ,  ,  ,  
5.013656075814527e-08,0,5.013656075814527e-08,1.100063762488161,5.013656075814527e-08,1.100175739093914,5.013656075814527e-08,0.7639904008758427,5.013656075814527e-08,0.7641227133674122,  ,  ,  ,  
5.013699994045713e-08,0,5.013699994045713e-08,1.100079776836729,5.013699994045713e-08,1.100299431722326,5.013699994045713e-08,0.7639997947921676,5.013699994045713e-08,0.7642519287338962,  ,  ,  ,  
5.013747894227188e-08,0,5.013747894227188e-08,1.100094412044209,5.013747894227188e-08,1.100429281384249,5.013747894227188e-08,0.7640084285753169,5.013747894227188e-08,0.7643967501372104,  ,  ,  ,  
5.013800113204395e-08,0,5.013800113204395e-08,1.100107212103963,5.013800113204395e-08,1.100563254411125,5.013800113204395e-08,0.7640161884610206,5.013800113204395e-08,0.7645570343174889,  ,  ,  ,  
5.013856890726617e-08,0,5.013856890726617e-08,1.100117722272669,5.013856890726617e-08,1.100698315704395,5.013856890726617e-08,0.7640230246630004,5.013856890726617e-08,0.7647316835087369,  ,  ,  ,  
5.013918651720989e-08,0,5.013918651720989e-08,1.100125629094268,5.013918651720989e-08,1.100831159882478,5.013918651720989e-08,0.7640291307094458,5.013918651720989e-08,0.76491939744602,  ,  ,  ,  
5.013985771040709e-08,0,5.013985771040709e-08,1.10013071123077,5.013985771040709e-08,1.100957264182672,5.013985771040709e-08,0.7640350693433139,5.013985771040709e-08,0.7651176741979571,  ,  ,  ,  
5.014057383901007e-08,0,5.014057383901007e-08,1.100132671517516,5.014057383901007e-08,1.101069137504789,5.014057383901007e-08,0.7640413003654509,5.014057383901007e-08,0.7653181102759373,  ,  ,  ,  
5.01413169319066e-08,0,5.01413169319066e-08,1.100131377720386,5.01413169319066e-08,1.10115992076919,5.01413169319066e-08,0.764048167908856,5.01413169319066e-08,0.7655140720619488,  ,  ,  ,  
5.014212336517103e-08,0,5.014212336517103e-08,1.100127657708035,5.014212336517103e-08,1.101230500183175,5.014212336517103e-08,0.7640570066214408,5.014212336517103e-08,0.7657112739009224,  ,  ,  ,  
5.014275554404283e-08,0,5.014275554404283e-08,1.10012375910348,5.014275554404283e-08,1.101266840830552,5.014275554404283e-08,0.7640655818210302,5.014275554404283e-08,0.765854322325338,  ,  ,  ,  
5.014330414542293e-08,0,5.014330414542293e-08,1.100120236972471,5.014330414542293e-08,1.101285558227123,5.014330414542293e-08,0.7640743292999302,5.014330414542293e-08,0.7659666714133041,  ,  ,  ,  
5.014385813821327e-08,0,5.014385813821327e-08,1.10011524202743,5.014385813821327e-08,1.101292894664628,5.014385813821327e-08,0.7640841068287328,5.014385813821327e-08,0.766074747598261,  ,  ,  ,  
5.01444162482215e-08,0,5.01444162482215e-08,1.100108676548069,5.01444162482215e-08,1.10128793078807,5.01444162482215e-08,0.7640936951015219,5.01444162482215e-08,0.7661748001814508,  ,  ,  ,  
5.014501314687243e-08,0,5.014501314687243e-08,1.100098961941617,5.014501314687243e-08,1.101267904630339,5.014501314687243e-08,0.7641021734839795,5.014501314687243e-08,0.7662694053531982,  ,  ,  ,  
5.014565789322357e-08,0,5.014565789322357e-08,1.100084800628837,5.014565789322357e-08,1.101228346436048,5.014565789322357e-08,0.764108022377654,5.014565789322357e-08,0.7663554648856343,  ,  ,  ,  
5.01462931978378e-08,0,5.01462931978378e-08,1.100067579534615,5.01462931978378e-08,1.101171098819687,5.01462931978378e-08,0.7641101948016685,5.01462931978378e-08,0.7664230997683065,  ,  ,  ,  
5.014676139945276e-08,0,5.014676139945276e-08,1.100052623496173,5.014676139945276e-08,1.101116693835826,5.014676139945276e-08,0.7641091034180817,5.014676139945276e-08,0.7664609063660106,  ,  ,  ,  
5.014719650997012e-08,0,5.014719650997012e-08,1.100038100151137,5.014719650997012e-08,1.101057887516617,5.014719650997012e-08,0.7641068203576401,5.014719650997012e-08,0.7664880309569443,  ,  ,  ,  
5.014764274012433e-08,0,5.014764274012433e-08,1.100022741957615,5.014764274012433e-08,1.100990295533652,5.014764274012433e-08,0.7641031577958403,5.014764274012433e-08,0.7665079899782123,  ,  ,  ,  
5.014811223110335e-08,0,5.014811223110335e-08,1.100006199154502,5.014811223110335e-08,1.100912027840347,5.014811223110335e-08,0.7640978354646105,5.014811223110335e-08,0.766520705199159,  ,  ,  ,  
5.014882512657502e-08,0,5.014882512657502e-08,1.099980941496306,5.014882512657502e-08,1.100781732978777,5.014882512657502e-08,0.7640871816501719,5.014882512657502e-08,0.7665251009449694,  ,  ,  ,  
5.014952940275982e-08,0,5.014952940275982e-08,1.099956464536877,5.014952940275982e-08,1.100642641691086,5.014952940275982e-08,0.7640740140511568,5.014952940275982e-08,0.7665134783094698,  ,  ,  ,  
5.015045207529698e-08,0,5.015045207529698e-08,1.099926161364066,5.015045207529698e-08,1.100450845328411,5.015045207529698e-08,0.7640536920605885,5.015045207529698e-08,0.7664777209109295,  ,  ,  ,  
5.015127632429886e-08,0,5.015127632429886e-08,1.099901633924414,5.015127632429886e-08,1.100275409790862,5.015127632429886e-08,0.7640335992006617,5.015127632429886e-08,0.766429444428067,  ,  ,  ,  
5.015199507025978e-08,0,5.015199507025978e-08,1.099882465866098,5.015199507025978e-08,1.100123268691529,5.015199507025978e-08,0.7640154589651357,5.015199507025978e-08,0.7663774116517975,  ,  ,  ,  
5.015266207764006e-08,0,5.015266207764006e-08,1.09986737194247,5.015266207764006e-08,1.099985752467528,5.015266207764006e-08,0.7639989286238557,5.015266207764006e-08,0.7663230327372577,  ,  ,  ,  
5.015329823369505e-08,0,5.015329823369505e-08,1.099856020072656,5.015329823369505e-08,1.09986078892215,5.015329823369505e-08,0.7639845271920198,5.015329823369505e-08,0.7662679919700939,  ,  ,  ,  
5.015393753742712e-08,0,5.015393753742712e-08,1.099848507908756,5.015393753742712e-08,1.099744594637696,5.015393753742712e-08,0.7639729692985326,5.015393753742712e-08,0.7662123538678013,  ,  ,  ,  
5.015457278335055e-08,0,5.015457278335055e-08,1.099845343012263,5.015457278335055e-08,1.099640743786797,5.015457278335055e-08,0.7639656695012444,5.015457278335055e-08,0.7661590824506856,  ,  ,  ,  
5.015525985685058e-08,0,5.015525985685058e-08,1.099846424803409,5.015525985685058e-08,1.099542482543708,5.015525985685058e-08,0.7639632820191825,5.015525985685058e-08,0.766105462908964,  ,  ,  ,  
5.015583319876613e-08,0,5.015583319876613e-08,1.099850705888224,5.015583319876613e-08,1.099472107119607,5.015583319876613e-08,0.763966236453903,5.015583319876613e-08,0.7660651082548141,  ,  ,  ,  
5.015628753573171e-08,0,5.015628753573171e-08,1.099856089569447,5.015628753573171e-08,1.09942375359005,5.015628753573171e-08,0.7639719674604469,5.015628753573171e-08,0.7660365682336401,  ,  ,  ,  
5.015668174848143e-08,0,5.015668174848143e-08,1.099862026430554,5.015668174848143e-08,1.099387059142594,5.015668174848143e-08,0.7639793828173997,5.015668174848143e-08,0.7660146521397558,  ,  ,  ,  
5.0157034854132e-08,0,5.0157034854132e-08,1.099868078314156,5.0157034854132e-08,1.099358115037957,5.0157034854132e-08,0.7639877734990452,5.0157034854132e-08,0.7659973866117219,  ,  ,  ,  
5.015736540500297e-08,0,5.015736540500297e-08,1.099874152748106,5.015736540500297e-08,1.099334080502668,5.015736540500297e-08,0.7639968681146846,5.015736540500297e-08,0.7659832530091442,  ,  ,  ,  
5.015768693771537e-08,0,5.015768693771537e-08,1.099880201318443,5.015768693771537e-08,1.099313247381791,5.015768693771537e-08,0.7640065835957381,5.015768693771537e-08,0.7659713581518141,  ,  ,  ,  
5.015800662057873e-08,0,5.015800662057873e-08,1.099886169582542,5.015800662057873e-08,1.09929478729165,5.015800662057873e-08,0.7640168174934092,5.015800662057873e-08,0.7659613171056737,  ,  ,  ,  
5.015833126938691e-08,0,5.015833126938691e-08,1.09989204652492,5.015833126938691e-08,1.099278186231506,5.015833126938691e-08,0.7640275393397041,5.015833126938691e-08,0.7659529317993004,  ,  ,  ,  
5.015866165676965e-08,0,5.015866165676965e-08,1.099897737962826,5.015866165676965e-08,1.099263428569904,5.015866165676965e-08,0.7640385550927615,5.015866165676965e-08,0.7659462676156662,  ,  ,  ,  
5.015898889804887e-08,0,5.015898889804887e-08,1.099903020027561,5.015898889804887e-08,1.099250902758538,5.015898889804887e-08,0.7640493693079854,5.015898889804887e-08,0.7659415087408833,  ,  ,  ,  
5.015931790920405e-08,0,5.015931790920405e-08,1.099907924772367,5.015931790920405e-08,1.099240457992672,5.015931790920405e-08,0.7640599720991541,5.015931790920405e-08,0.7659385328467594,  ,  ,  ,  
5.015965630328153e-08,0,5.015965630328153e-08,1.099912485969853,5.015965630328153e-08,1.099231702483202,5.015965630328153e-08,0.764070419323061,5.015965630328153e-08,0.7659372589577021,  ,  ,  ,  
5.016001225073337e-08,0,5.016001225073337e-08,1.099916705097027,5.016001225073337e-08,1.099224545856591,5.016001225073337e-08,0.7640807445768,5.016001225073337e-08,0.7659377438999259,  ,  ,  ,  
5.016039569364971e-08,0,5.016039569364971e-08,1.099920542192891,5.016039569364971e-08,1.099218981604888,5.016039569364971e-08,0.7640909432742883,5.016039569364971e-08,0.7659401648708756,  ,  ,  ,  
5.016082261779665e-08,0,5.016082261779665e-08,1.099923968345657,5.016082261779665e-08,1.099215116885196,5.016082261779665e-08,0.7641010725569582,5.016082261779665e-08,0.7659449385204826,  ,  ,  ,  
5.016123514377752e-08,0,5.016123514377752e-08,1.099926305645931,5.016123514377752e-08,1.09921324156375,5.016123514377752e-08,0.7641093805344015,5.016123514377752e-08,0.7659512300221462,  ,  ,  ,  
5.016162181052287e-08,0,5.016162181052287e-08,1.09992655871041,5.016162181052287e-08,1.099212545796384,5.016162181052287e-08,0.764115853601773,5.016162181052287e-08,0.7659584281387787,  ,  ,  ,  
5.016211036904287e-08,0,5.016211036904287e-08,1.099927962529776,5.016211036904287e-08,1.099214063900015,5.016211036904287e-08,0.764122892906425,5.016211036904287e-08,0.7659694503939051,  ,  ,  ,  
5.016249421307962e-08,0,5.016249421307962e-08,1.099928545515062,5.016249421307962e-08,1.099216438306735,5.016249421307962e-08,0.7641272792594643,5.016249421307962e-08,0.7659790833814685,  ,  ,  ,  
5.016288668617411e-08,0,5.016288668617411e-08,1.09992858065983,5.016288668617411e-08,1.099219502619415,5.016288668617411e-08,0.7641307296155423,5.016288668617411e-08,0.7659895270350046,  ,  ,  ,  
5.016335754105581e-08,0,5.016335754105581e-08,1.099927944528828,5.016335754105581e-08,1.099223587526462,5.016335754105581e-08,0.7641335802103412,5.016335754105581e-08,0.7660024601312051,  ,  ,  ,  
5.016374628144243e-08,0,5.016374628144243e-08,1.099926922353932,5.016374628144243e-08,1.099227096899593,5.016374628144243e-08,0.7641349374079041,5.016374628144243e-08,0.7660132619580772,  ,  ,  ,  
5.016417324580049e-08,0,5.016417324580049e-08,1.09992535808656,5.016417324580049e-08,1.099230878144361,5.016417324580049e-08,0.7641354713963644,5.016417324580049e-08,0.766025031864907,  ,  ,  ,  
5.016465970581584e-08,0,5.016465970581584e-08,1.099923104913785,5.016465970581584e-08,1.099234866632321,5.016465970581584e-08,0.7641349635533903,5.016465970581584e-08,0.7660380640199281,  ,  ,  ,  
5.016519382664063e-08,0,5.016519382664063e-08,1.099920180351246,5.016519382664063e-08,1.099238648878718,5.016519382664063e-08,0.7641331904232709,5.016519382664063e-08,0.7660516388756587,  ,  ,  ,  
5.016578136159222e-08,0,5.016578136159222e-08,1.099916610506434,5.016578136159222e-08,1.09924197984763,5.016578136159222e-08,0.764130022707506,5.016578136159222e-08,0.7660654310182202,  ,  ,  ,  
5.016642418435139e-08,0,5.016642418435139e-08,1.09991257146527,5.016642418435139e-08,1.099244932494601,5.016642418435139e-08,0.7641255205902826,5.016642418435139e-08,0.7660789619137027,  ,  ,  ,  
5.016712350047255e-08,0,5.016712350047255e-08,1.099908158898522,5.016712350047255e-08,1.099246724623754,5.016712350047255e-08,0.7641197476663579,5.016712350047255e-08,0.7660914402830254,  ,  ,  ,  
5.016787100784175e-08,0,5.016787100784175e-08,1.099903262000139,5.016787100784175e-08,1.099246609068685,5.016787100784175e-08,0.7641125209589253,5.016787100784175e-08,0.766101593343864,  ,  ,  ,  
5.016857782129813e-08,0,5.016857782129813e-08,1.099898378771952,5.016857782129813e-08,1.099244555669215,5.016857782129813e-08,0.7641045914258706,5.016857782129813e-08,0.7661078226822355,  ,  ,  ,  
5.016915072113433e-08,0,5.016915072113433e-08,1.099894335537121,5.016915072113433e-08,1.099241810969114,5.016915072113433e-08,0.7640973588796997,5.016915072113433e-08,0.7661104542075985,  ,  ,  ,  
5.016965129609688e-08,0,5.016965129609688e-08,1.099890543477833,5.016965129609688e-08,1.099238700635249,5.016965129609688e-08,0.7640903251794755,5.016965129609688e-08,0.7661106392329365,  ,  ,  ,  
5.017013104510275e-08,0,5.017013104510275e-08,1.099886482814966,5.017013104510275e-08,1.099234576230562,5.017013104510275e-08,0.7640827139785469,5.017013104510275e-08,0.7661085822065473,  ,  ,  ,  
5.017062603103326e-08,0,5.017062603103326e-08,1.09988167106918,5.017062603103326e-08,1.099228424133162,5.017062603103326e-08,0.7640737288836409,5.017062603103326e-08,0.7661037343836358,  ,  ,  ,  
5.017112195712539e-08,0,5.017112195712539e-08,1.09987629342666,5.017112195712539e-08,1.099220036577914,5.017112195712539e-08,0.7640635948087645,5.017112195712539e-08,0.7660960271267898,  ,  ,  ,  
5.017161364500503e-08,0,5.017161364500503e-08,1.099870658908074,5.017161364500503e-08,1.099209711416717,5.017161364500503e-08,0.7640526052428301,5.017161364500503e-08,0.7660857942179909,  ,  ,  ,  
5.017213762718197e-08,0,5.017213762718197e-08,1.099864549380491,5.017213762718197e-08,1.099196819732929,5.017213762718197e-08,0.7640400074307208,5.017213762718197e-08,0.7660723348524435,  ,  ,  ,  
5.017271310604516e-08,0,5.017271310604516e-08,1.099857933204466,5.017271310604516e-08,1.099180680204576,5.017271310604516e-08,0.7640252725033078,5.017271310604516e-08,0.7660548563076729,  ,  ,  ,  
5.017320036507225e-08,0,5.017320036507225e-08,1.09985275758817,5.017320036507225e-08,1.099165438798788,5.017320036507225e-08,0.7640124909409798,5.017320036507225e-08,0.7660382907395225,  ,  ,  ,  
5.01735961205329e-08,0,5.01735961205329e-08,1.099848451096741,5.01735961205329e-08,1.099150366515672,5.01735961205329e-08,0.7640026649932032,5.01735961205329e-08,0.7660242338981651,  ,  ,  ,  
5.017392347998188e-08,0,5.017392347998188e-08,1.099846222951651,5.017392347998188e-08,1.099138147391144,5.017392347998188e-08,0.7639950245526245,5.017392347998188e-08,0.766012265346328,  ,  ,  ,  
5.017424405643623e-08,0,5.017424405643623e-08,1.099843930240401,5.017424405643623e-08,1.099124982964451,5.017424405643623e-08,0.7639872194189887,5.017424405643623e-08,0.7659997366520844,  ,  ,  ,  
5.01746235290849e-08,0,5.01746235290849e-08,1.099840868135008,5.01746235290849e-08,1.099107608043141,5.01746235290849e-08,0.7639772142459922,5.01746235290849e-08,0.7659838880640318,  ,  ,  ,  
5.017502395456069e-08,0,5.017502395456069e-08,1.099837585509636,5.017502395456069e-08,1.09908783617372,5.017502395456069e-08,0.7639659462089397,5.017502395456069e-08,0.7659664450419902,  ,  ,  ,  
5.017536741307415e-08,0,5.017536741307415e-08,1.09983500331235,5.017536741307415e-08,1.099070656803764,5.017536741307415e-08,0.7639559277524349,5.017536741307415e-08,0.7659512507193245,  ,  ,  ,  
5.017567713993506e-08,0,5.017567713993506e-08,1.099832964785425,5.017567713993506e-08,1.099055956418155,5.017567713993506e-08,0.7639466672350422,5.017567713993506e-08,0.7659374596871764,  ,  ,  ,  
5.017599510670155e-08,0,5.017599510670155e-08,1.099831184548005,5.017599510670155e-08,1.099042338456106,5.017599510670155e-08,0.7639369444406617,5.017599510670155e-08,0.7659233620784249,  ,  ,  ,  
5.017636345090909e-08,0,5.017636345090909e-08,1.099829543714196,5.017636345090909e-08,1.099028768189423,5.017636345090909e-08,0.7639254373875738,5.017636345090909e-08,0.7659070479154249,  ,  ,  ,  
5.017677115667151e-08,0,5.017677115667151e-08,1.099828231666615,5.017677115667151e-08,1.099016530716848,5.017677115667151e-08,0.7639124673468414,5.017677115667151e-08,0.7658888768432558,  ,  ,  ,  
5.017712233113574e-08,0,5.017712233113574e-08,1.09982749187343,5.017712233113574e-08,1.099008203593742,5.017712233113574e-08,0.7639011699259476,5.017712233113574e-08,0.7658730402638031,  ,  ,  ,  
5.017745002594033e-08,0,5.017745002594033e-08,1.099827094973914,5.017745002594033e-08,1.099002104478714,5.017745002594033e-08,0.7638905892350091,5.017745002594033e-08,0.7658580568351885,  ,  ,  ,  
5.017781993973728e-08,0,5.017781993973728e-08,1.099826988923044,5.017781993973728e-08,1.098996924480827,5.017781993973728e-08,0.7638787281646698,5.017781993973728e-08,0.7658409111219978,  ,  ,  ,  
5.017823681653972e-08,0,5.017823681653972e-08,1.099827294206612,5.017823681653972e-08,1.098992987869793,5.017823681653972e-08,0.7638655942242562,5.017823681653972e-08,0.7658213498622801,  ,  ,  ,  
5.017865669673747e-08,0,5.017865669673747e-08,1.099828086582824,5.017865669673747e-08,1.098990911873308,5.017865669673747e-08,0.7638527599204026,5.017865669673747e-08,0.765801533602639,  ,  ,  ,  
5.017910274844993e-08,0,5.017910274844993e-08,1.0998294901106,5.017910274844993e-08,1.098990717365133,5.017910274844993e-08,0.763839688770602,5.017910274844993e-08,0.7657805524911443,  ,  ,  ,  
5.017959746736298e-08,0,5.017959746736298e-08,1.099831740180043,5.017959746736298e-08,1.0989929336696,5.017959746736298e-08,0.763825982915695,5.017959746736298e-08,0.7657576236325355,  ,  ,  ,  
5.01801681491128e-08,0,5.01801681491128e-08,1.09983523092297,5.01801681491128e-08,1.098998738771162,5.01801681491128e-08,0.7638113064037718,5.01801681491128e-08,0.765731959370758,  ,  ,  ,  
5.018083733045713e-08,0,5.018083733045713e-08,1.099840452974183,5.018083733045713e-08,1.099009997295822,5.018083733045713e-08,0.7637957032903779,5.018083733045713e-08,0.7657033382648908,  ,  ,  ,  
5.018166591687586e-08,0,5.018166591687586e-08,1.099848345848631,5.018166591687586e-08,1.099030383535278,5.018166591687586e-08,0.7637787813126259,5.018166591687586e-08,0.7656705573983739,  ,  ,  ,  
5.018269309788335e-08,0,5.018269309788335e-08,1.099859706386558,5.018269309788335e-08,1.099064591700364,5.018269309788335e-08,0.7637612818263552,5.018269309788335e-08,0.7656342912435866,  ,  ,  ,  
5.018376245878821e-08,0,5.018376245878821e-08,1.099872599438593,5.018376245878821e-08,1.099108917922261,5.018376245878821e-08,0.7637467621316821,5.018376245878821e-08,0.7656015150492683,  ,  ,  ,  
5.01849144681764e-08,0,5.01849144681764e-08,1.099886793592958,5.01849144681764e-08,1.099163944271194,5.01849144681764e-08,0.7637347116399307,5.01849144681764e-08,0.7655711942903047,  ,  ,  ,  
5.018619438235281e-08,0,5.018619438235281e-08,1.099901996109574,5.018619438235281e-08,1.099230314090993,5.018619438235281e-08,0.7637248092254523,5.018619438235281e-08,0.7655422882053826,  ,  ,  ,  
5.018770459314072e-08,0,5.018770459314072e-08,1.0999183279484,5.018770459314072e-08,1.099310982706223,5.018770459314072e-08,0.7637166735680407,5.018770459314072e-08,0.7655127168939254,  ,  ,  ,  
5.018948065775895e-08,0,5.018948065775895e-08,1.099934759992127,5.018948065775895e-08,1.099403461124206,5.018948065775895e-08,0.7637105528229845,5.018948065775895e-08,0.7654816519287378,  ,  ,  ,  
5.019148698336822e-08,0,5.019148698336822e-08,1.099949730131622,5.019148698336822e-08,1.099499604433581,5.019148698336822e-08,0.7637066143432729,5.019148698336822e-08,0.7654487952950816,  ,  ,  ,  
5.01936298452195e-08,0,5.01936298452195e-08,1.099962032082551,5.01936298452195e-08,1.099589372334551,5.01936298452195e-08,0.7637046182586834,5.01936298452195e-08,0.7654143643854364,  ,  ,  ,  
5.019581822795168e-08,0,5.019581822795168e-08,1.099971430919977,5.019581822795168e-08,1.099666422286177,5.019581822795168e-08,0.7637040369199439,5.019581822795168e-08,0.7653788698101109,  ,  ,  ,  
5.019812437925261e-08,0,5.019812437925261e-08,1.099978725252732,5.019812437925261e-08,1.099732591039504,5.019812437925261e-08,0.7637044048418873,5.019812437925261e-08,0.7653407836339495,  ,  ,  ,  
5.020000000000001e-08,0,5.020000000000001e-08,1.099983147336677,5.020000000000001e-08,1.099776330981366,5.020000000000001e-08,0.7637051910848099,5.020000000000001e-08,0.7653093600958589,  ,  ,  ,  
5.020093586761075e-08,0,5.020093586761075e-08,1.099984815769587,5.020093586761075e-08,1.099794166658602,5.020093586761075e-08,0.7637057433243672,5.020093586761075e-08,0.7652935518424483,  ,  ,  ,  
5.020180788037451e-08,0,5.020180788037451e-08,1.099986257287112,5.020180788037451e-08,1.099809827061448,5.020180788037451e-08,0.7637062892243739,5.020180788037451e-08,0.7652787606532017,  ,  ,  ,  
5.02026922046579e-08,0,5.02026922046579e-08,1.099987567514865,5.02026922046579e-08,1.099824531791884,5.02026922046579e-08,0.7637068714072593,5.02026922046579e-08,0.7652638306299192,  ,  ,  ,  
5.020446085322468e-08,0,5.020446085322468e-08,1.099989817804762,5.020446085322468e-08,1.099850453922344,5.020446085322468e-08,0.7637081295626004,5.020446085322468e-08,0.7652340874518327,  ,  ,  ,  
5.020699385707141e-08,0,5.020699385707141e-08,1.099992317946619,5.020699385707141e-08,1.099880712294709,5.020699385707141e-08,0.7637100975070799,5.020699385707141e-08,0.7651918996135586,  ,  ,  ,  
5.02102874430484e-08,0,5.02102874430484e-08,1.099994616503319,5.02102874430484e-08,1.099910671681712,5.02102874430484e-08,0.7637128486325643,5.02102874430484e-08,0.7651381356993849,  ,  ,  ,  
5.021429733586854e-08,0,5.021429733586854e-08,1.09999642418576,5.021429733586854e-08,1.099936787093251,5.021429733586854e-08,0.7637163470534574,5.021429733586854e-08,0.7650747814756279,  ,  ,  ,  
5.021865506959591e-08,0,5.021865506959591e-08,1.099997604988953,5.021865506959591e-08,1.099956252342601,5.021865506959591e-08,0.7637201960857782,5.021865506959591e-08,0.7650088614161868,  ,  ,  ,  
5.022349230555887e-08,0,5.022349230555887e-08,1.099998358443308,5.022349230555887e-08,1.09997070943771,5.022349230555887e-08,0.7637244093951446,5.022349230555887e-08,0.7649394078591285,  ,  ,  ,  
5.022896719247362e-08,0,5.022896719247362e-08,1.099998830014502,5.022896719247362e-08,1.099981227029046,5.022896719247362e-08,0.7637290125588352,5.022896719247362e-08,0.7648654712780713,  ,  ,  ,  
5.023528978603234e-08,0,5.023528978603234e-08,1.099999123527132,5.023528978603234e-08,1.099988752637217,5.023528978603234e-08,0.7637340499977838,5.023528978603234e-08,0.7647859887741951,  ,  ,  ,  
5.024294162163173e-08,0,5.024294162163173e-08,1.099999314193033,5.024294162163173e-08,1.099994071381181,5.024294162163173e-08,0.7637397141627119,5.024294162163173e-08,0.7646976712578347,  ,  ,  ,  
5.025258010190379e-08,0,5.025258010190379e-08,1.099999446283445,5.025258010190379e-08,1.09999757606398,5.025258010190379e-08,0.7637461895698523,5.025258010190379e-08,0.7645975485151563,  ,  ,  ,  
5.026525880664054e-08,0,5.026525880664054e-08,1.099999546949307,5.026525880664054e-08,1.09999957521621,5.026525880664054e-08,0.7637536681024223,5.026525880664054e-08,0.7644825053483713,  ,  ,  ,  
5.028161200836394e-08,0,5.028161200836394e-08,1.099999628776242,5.028161200836394e-08,1.100000348872079,5.028161200836394e-08,0.7637617914190306,5.028161200836394e-08,0.7643579447857505,  ,  ,  ,  
5.030770796753079e-08,0,5.030770796753079e-08,1.099999715238279,5.030770796753079e-08,1.100000424988616,5.030770796753079e-08,0.7637719398649309,5.030770796753079e-08,0.7642026252280211,  ,  ,  ,  
5.035571010916451e-08,0,5.035571010916451e-08,1.099999817377897,5.035571010916451e-08,1.100000156837745,5.035571010916451e-08,0.7637842799162333,5.035571010916451e-08,0.7640138655474991,  ,  ,  ,  
5.04434635033029e-08,0,5.04434635033029e-08,1.099999908466077,5.04434635033029e-08,1.099999934099637,5.04434635033029e-08,0.7637951900135843,5.04434635033029e-08,0.7638470274759447,  ,  ,  ,  
5.056168625703006e-08,0,5.056168625703006e-08,1.099999944897806,5.056168625703006e-08,1.099999883541227,5.056168625703006e-08,0.7637994968859686,5.056168625703006e-08,0.7637812030083582,  ,  ,  ,  
5.072340667752415e-08,0,5.072340667752415e-08,1.09999994766566,5.072340667752415e-08,1.099999885531654,5.072340667752415e-08,0.7637998182962187,5.072340667752415e-08,0.7637763405095823,  ,  ,  ,  
5.095588938898762e-08,0,5.095588938898762e-08,1.099999940237324,5.095588938898762e-08,1.09999989312483,5.095588938898762e-08,0.7637989408292281,5.095588938898762e-08,0.7637898089172525,  ,  ,  ,  
5.132671830230958e-08,0,5.132671830230958e-08,1.099999935441443,5.132671830230958e-08,1.099999898016028,5.132671830230958e-08,0.7637983697857681,5.132671830230958e-08,0.7637985933836997,  ,  ,  ,  
5.206837612895351e-08,0,5.206837612895351e-08,1.099999934876283,5.206837612895351e-08,1.099999899261629,5.206837612895351e-08,0.7637982901099321,5.206837612895351e-08,0.7637998711454208,  ,  ,  ,  
5.321837612895351e-08,0,5.321837612895351e-08,1.099999935577916,5.321837612895351e-08,1.099999899088512,5.321837612895351e-08,0.7637983524695856,5.321837612895351e-08,0.7637990021750279,  ,  ,  ,  
5.4e-08,0,5.4e-08,1.099999935801765,5.4e-08,1.099999899105029,5.4e-08,0.7637983711587852,5.4e-08,0.7637988277028162,  ,  ,  ,  
5.40128249788015e-08,0.07053738340825168,5.40128249788015e-08,1.099999967908098,5.40128249788015e-08,1.099999930563996,5.40128249788015e-08,0.7637983998288225,5.40128249788015e-08,0.7638001579719322,  ,  ,  ,  
5.402598124257817e-08,0.1428968341799502,5.402598124257817e-08,1.099999902685653,5.402598124257817e-08,1.099999873385788,5.402598124257817e-08,0.763798383743962,5.402598124257817e-08,0.7637993148601984,  ,  ,  ,  
5.405229377013152e-08,0.2876157357233471,5.405229377013152e-08,1.099999922476044,5.405229377013152e-08,1.099999880660852,5.405229377013152e-08,0.7637983856334035,5.405229377013152e-08,0.7637982562377089,  ,  ,  ,  
5.406156013544285e-08,0.3385807449356977,5.406156013544285e-08,1.099999851702906,5.406156013544285e-08,1.099999818118947,5.406156013544285e-08,0.7637983384227375,5.406156013544285e-08,0.7637960564431389,  ,  ,  ,  
5.407408522217064e-08,0.4074687219385343,5.407408522217064e-08,1.099999547701902,5.407408522217064e-08,1.09999952521834,5.407408522217064e-08,0.7637981039254479,5.407408522217064e-08,0.7637847395144962,  ,  ,  ,  
5.407895710872426e-08,0.4342640979834054,5.407895710872426e-08,1.099999177705982,5.407895710872426e-08,1.099999186339798,5.407895710872426e-08,0.7637978612194259,5.407895710872426e-08,0.763773752193357,  ,  ,  ,  
5.408423727651918e-08,0.4633050208554635,5.408423727651918e-08,1.0999985090505,5.408423727651918e-08,1.099998557796516,5.408423727651918e-08,0.7637974159085422,5.408423727651918e-08,0.7637526540874878,  ,  ,  ,  
5.408885246925439e-08,0.488688580899131,5.408885246925439e-08,1.099997538590969,5.408885246925439e-08,1.09999763523515,5.408885246925439e-08,0.7637967538397096,5.408885246925439e-08,0.7637209625069461,  ,  ,  ,  
5.409245531915566e-08,0.5085042553561464,5.409245531915566e-08,1.099996430511339,5.409245531915566e-08,1.099996573856888,5.409245531915566e-08,0.7637959792428068,5.409245531915566e-08,0.7636835269785622,  ,  ,  ,  
5.409573499681096e-08,0.5265424824602539,5.409573499681096e-08,1.09999536905315,5.409573499681096e-08,1.099995490912088,5.409573499681096e-08,0.7637951205115183,5.409573499681096e-08,0.7636391136030729,  ,  ,  ,  
5.409942007864487e-08,0.5468104325467652,5.409942007864487e-08,1.099994272262618,5.409942007864487e-08,1.099994276991032,5.409942007864487e-08,0.7637939884869913,5.409942007864487e-08,0.7635784993231619,  ,  ,  ,  
5.410533095396813e-08,0.5793202468247135,5.410533095396813e-08,1.099993327773539,5.410533095396813e-08,1.099992962616207,5.410533095396813e-08,0.7637919936793998,5.410533095396813e-08,0.7634707386216611,  ,  ,  ,  
5.410843885957316e-08,0.5964137276523521,5.410843885957316e-08,1.09999813385566,5.410843885957316e-08,1.099996419873511,5.410843885957316e-08,0.7637928068586821,5.410843885957316e-08,0.7634663386934192,  ,  ,  ,  
5.411157119154793e-08,0.6136415535135875,5.411157119154793e-08,1.100017761670393,5.411157119154793e-08,1.100011774044888,5.411157119154793e-08,0.7637994367547515,5.411157119154793e-08,0.763654617728725,  ,  ,  ,  
5.411492132785854e-08,0.6320673032219929,5.411492132785854e-08,1.10007108526985,5.411492132785854e-08,1.100055591515333,5.411492132785854e-08,0.7638201776978538,5.411492132785854e-08,0.764400627884334,  ,  ,  ,  
5.411796135664834e-08,0.6487874615658882,5.411796135664834e-08,1.100156057627444,5.411796135664834e-08,1.100128872323817,5.411796135664834e-08,0.7638560782956543,5.411796135664834e-08,0.7659033146374976,  ,  ,  ,  
5.412071022645911e-08,0.6639062455250911,5.412071022645911e-08,1.10025626542962,5.412071022645911e-08,1.100220661249476,5.412071022645911e-08,0.7639031794206014,5.412071022645911e-08,0.768140077778222,  ,  ,  ,  
5.412256612859949e-08,0.6741137072971837,5.412256612859949e-08,1.100324101263378,5.412256612859949e-08,1.100289424262858,5.412256612859949e-08,0.7639402824075483,5.412256612859949e-08,0.7701282078378292,  ,  ,  ,  
5.412437165711741e-08,0.6840441141457618,5.412437165711741e-08,1.100388956149577,5.412437165711741e-08,1.100357973040403,5.412437165711741e-08,0.7639802424517144,5.412437165711741e-08,0.772416535701808,  ,  ,  ,  
5.412614900023882e-08,0.693819501313503,5.412614900023882e-08,1.100446005276728,5.412614900023882e-08,1.10042353407303,5.412614900023882e-08,0.7640227472739769,5.412614900023882e-08,0.7749648816392724,  ,  ,  ,  
5.412798817183859e-08,0.7039349451122385,5.412798817183859e-08,1.10049454355176,5.412798817183859e-08,1.100485590284048,5.412798817183859e-08,0.7640693602701208,5.412798817183859e-08,0.7778426109322124,  ,  ,  ,  
5.412971923641649e-08,0.7134558002907085,5.412971923641649e-08,1.100527670909298,5.412971923641649e-08,1.100535454225761,5.412971923641649e-08,0.764115118871575,5.412971923641649e-08,0.7806967830177497,  ,  ,  ,  
5.413147685944061e-08,0.7231227269233693,5.413147685944061e-08,1.100546495005314,5.413147685944061e-08,1.100574890652721,5.413147685944061e-08,0.7641633660984734,5.413147685944061e-08,0.7836453140390969,  ,  ,  ,  
5.413369234014686e-08,0.7353078708077276,5.413369234014686e-08,1.100546234143267,5.413369234014686e-08,1.10060545573605,5.413369234014686e-08,0.7642279557956867,5.413369234014686e-08,0.7872591184892471,  ,  ,  ,  
5.41354042730767e-08,0.744723501921829,5.41354042730767e-08,1.100523526790174,5.41354042730767e-08,1.1006117251896,5.41354042730767e-08,0.7642825960227833,5.41354042730767e-08,0.7898259649550159,  ,  ,  ,  
5.413664418097204e-08,0.7515429953462147,5.413664418097204e-08,1.100494635326577,5.413664418097204e-08,1.100605830121791,5.413664418097204e-08,0.7643240486846898,5.413664418097204e-08,0.7915025579432302,  ,  ,  ,  
5.413761012716679e-08,0.7568556994173407,5.413761012716679e-08,1.100467549062104,5.413761012716679e-08,1.100591444610859,5.413761012716679e-08,0.7643561120295082,5.413761012716679e-08,0.7926950505116334,  ,  ,  ,  
5.413850001357375e-08,0.7617500746556114,5.413850001357375e-08,1.100441599230652,5.413850001357375e-08,1.100580012935542,5.413850001357375e-08,0.7643856718666783,5.413850001357375e-08,0.7937086818560473,  ,  ,  ,  
5.413993133121023e-08,0.7696223216562402,5.413993133121023e-08,1.100400341558046,5.413993133121023e-08,1.100558356843072,5.413993133121023e-08,0.7644332046588225,5.413993133121023e-08,0.7951758165683963,  ,  ,  ,  
5.414170253002043e-08,0.7793639151123699,5.414170253002043e-08,1.100351167196699,5.414170253002043e-08,1.100528351578573,5.414170253002043e-08,0.7644925329072383,5.414170253002043e-08,0.7967208373731895,  ,  ,  ,  
5.414482157391989e-08,0.7965186565593967,5.414482157391989e-08,1.100262952174924,5.414482157391989e-08,1.100472576987325,5.414482157391989e-08,0.7645993024666342,5.414482157391989e-08,0.7986345446968783,  ,  ,  ,  
5.414723571412401e-08,0.8097964276820458,5.414723571412401e-08,1.100184699572016,5.414723571412401e-08,1.100427570105239,5.414723571412401e-08,0.764683248231314,5.414723571412401e-08,0.7992598667829279,  ,  ,  ,  
5.414993156734589e-08,0.8246236204023949,5.414993156734589e-08,1.100072843480497,5.414993156734589e-08,1.100372755054515,5.414993156734589e-08,0.7647771055799686,5.414993156734589e-08,0.7987489721333655,  ,  ,  ,  
5.415196322321189e-08,0.835797727665418,5.415196322321189e-08,1.09996757207177,5.415196322321189e-08,1.100325867263737,5.415196322321189e-08,0.7648454753751781,5.415196322321189e-08,0.7973037356804014,  ,  ,  ,  
5.415449042493073e-08,0.8496973371190374,5.415449042493073e-08,1.099809041412454,5.415449042493073e-08,1.100257947256438,5.415449042493073e-08,0.7649231773646233,5.415449042493073e-08,0.7939109912359552,  ,  ,  ,  
5.415694370450639e-08,0.8631903747851464,5.415694370450639e-08,1.099626700093042,5.415694370450639e-08,1.100181002691541,5.415694370450639e-08,0.7649851768258712,5.415694370450639e-08,0.7886690560108205,  ,  ,  ,  
5.415930694260587e-08,0.8761881843322574,5.415930694260587e-08,1.099444128285344,5.415930694260587e-08,1.100098098538627,5.415930694260587e-08,0.7650278544608007,5.415930694260587e-08,0.7816191450554415,  ,  ,  ,  
5.416199544290002e-08,0.8909749359500849,5.416199544290002e-08,1.099246622841399,5.416199544290002e-08,1.099997551722537,5.416199544290002e-08,0.7650501567934979,5.416199544290002e-08,0.7710546239062502,  ,  ,  ,  
5.416489781057037e-08,0.9069379581370242,5.416489781057037e-08,1.099037154230949,5.416489781057037e-08,1.099886137555888,5.416489781057037e-08,0.7650356192722317,5.416489781057037e-08,0.7565054563475091,  ,  ,  ,  
5.416792019573938e-08,0.9235610765665949,5.416792019573938e-08,1.098792540578066,5.416792019573938e-08,1.09977094593068,5.416792019573938e-08,0.7649738023162237,5.416792019573938e-08,0.7378494188704778,  ,  ,  ,  
5.417095063176004e-08,0.9402284746802154,5.417095063176004e-08,1.098463891283772,5.417095063176004e-08,1.09965964917961,5.417095063176004e-08,0.764862617610747,5.417095063176004e-08,0.7155842070737333,  ,  ,  ,  
5.417381005593578e-08,0.955955307646811,5.417381005593578e-08,1.098040156134566,5.417381005593578e-08,1.099560648290023,5.417381005593578e-08,0.7647121293425818,5.417381005593578e-08,0.6913628570323319,  ,  ,  ,  
5.417660179756683e-08,0.9713098866175615,5.417660179756683e-08,1.097634369627919,5.417660179756683e-08,1.099472733804421,5.417660179756683e-08,0.7645260945290139,5.417660179756683e-08,0.6648145672799284,  ,  ,  ,  
5.417939095368757e-08,0.9866502452816553,5.417939095368757e-08,1.097440586831322,5.417939095368757e-08,1.099405532392744,5.417939095368757e-08,0.7643160415026953,5.417939095368757e-08,0.6355941756737163,  ,  ,  ,  
5.418175253173146e-08,0.9996389245230246,5.418175253173146e-08,1.097477752879396,5.418175253173146e-08,1.099372702635681,5.418175253173146e-08,0.764139420380521,5.418175253173146e-08,0.6088365813389173,  ,  ,  ,  
5.418379949272575e-08,1.010897209991596,5.418379949272575e-08,1.097600602488949,5.418379949272575e-08,1.099364028890457,5.418379949272575e-08,0.7640145178683463,5.418379949272575e-08,0.5841244604093908,  ,  ,  ,  
5.418539547315722e-08,1.0196751023647,5.418539547315722e-08,1.097760944950929,5.418539547315722e-08,1.099373710271268,5.418539547315722e-08,0.7639581929518778,5.418539547315722e-08,0.56381048530092,  ,  ,  ,  
5.418676761373514e-08,1.027221875543276,5.418676761373514e-08,1.097958329311491,5.418676761373514e-08,1.099395844590685,5.418676761373514e-08,0.763954349338368,5.418676761373514e-08,0.5455455018720881,  ,  ,  ,  
5.418807565609995e-08,1.034416108549729,5.418807565609995e-08,1.098198159436072,5.418807565609995e-08,1.099427522699737,5.418807565609995e-08,0.7639924413358851,5.418807565609995e-08,0.5274137562102952,  ,  ,  ,  
5.418920478707732e-08,1.04062632892524,5.418920478707732e-08,1.098435774126427,5.418920478707732e-08,1.099460734291422,5.418920478707732e-08,0.7640529158851839,5.418920478707732e-08,0.5112367763513594,  ,  ,  ,  
5.419033658508304e-08,1.04685121795674,5.419033658508304e-08,1.098690747831857,5.419033658508304e-08,1.099497222797399,5.419033658508304e-08,0.7641293017703535,5.419033658508304e-08,0.4946351552077494,  ,  ,  ,  
5.419166037109922e-08,1.054132041045708,5.419166037109922e-08,1.098999225738837,5.419166037109922e-08,1.099541702533893,5.419166037109922e-08,0.764221937027208,5.419166037109922e-08,0.4749164078999447,  ,  ,  ,  
5.419325173334865e-08,1.062884533417573,5.419325173334865e-08,1.099379509237154,5.419325173334865e-08,1.09959470711152,5.419325173334865e-08,0.7643280101618819,5.419325173334865e-08,0.451069492913004,  ,  ,  ,  
5.419484029298967e-08,1.07162161144317,5.419484029298967e-08,1.099772398035441,5.419484029298967e-08,1.099644577323611,5.419484029298967e-08,0.7644383240061475,5.419484029298967e-08,0.4273902934000331,  ,  ,  ,  
5.41964949649409e-08,1.080722307174926,5.41964949649409e-08,1.100221783953066,5.41964949649409e-08,1.099692594170627,5.41964949649409e-08,0.7645525480336659,5.41964949649409e-08,0.403185318181615,  ,  ,  ,  
5.419805923168195e-08,1.08932577425072,5.419805923168195e-08,1.100700677171414,5.419805923168195e-08,1.099733044671258,5.419805923168195e-08,0.7646527780823563,5.419805923168195e-08,0.3810326984093809,  ,  ,  ,  
5.419902961584098e-08,1.094662887125365,5.419902961584098e-08,1.101026435793426,5.419902961584098e-08,1.099754134013203,5.419902961584098e-08,0.7647071895021831,5.419902961584098e-08,0.3677446738421064,  ,  ,  ,  
5.42e-08,1.1,5.42e-08,1.101373542427923,5.42e-08,1.099770080373003,5.42e-08,0.7647523208500687,5.42e-08,0.3548449992454796,  ,  ,  ,  
5.420059590982888e-08,1.1,5.420059590982888e-08,1.101598352932187,5.420059590982888e-08,1.099776075656365,5.420059590982888e-08,0.7647750953060034,5.420059590982888e-08,0.3471039799006991,  ,  ,  ,  
5.42011896231233e-08,1.1,5.42011896231233e-08,1.101827968430565,5.42011896231233e-08,1.09977989183406,5.42011896231233e-08,0.764793277405166,5.42011896231233e-08,0.3395488186904894,  ,  ,  ,  
5.420180564115668e-08,1.1,5.420180564115668e-08,1.102073174214878,5.420180564115668e-08,1.09978094406161,5.420180564115668e-08,0.7648077977306741,5.420180564115668e-08,0.3318804682422444,  ,  ,  ,  
5.420245709291626e-08,1.1,5.420245709291626e-08,1.102339765254144,5.420245709291626e-08,1.099778849361146,5.420245709291626e-08,0.7648181937495379,5.420245709291626e-08,0.3239479221819944,  ,  ,  ,  
5.420357788508882e-08,1.1,5.420357788508882e-08,1.10281484238584,5.420357788508882e-08,1.099768678594897,5.420357788508882e-08,0.7648246498607194,5.420357788508882e-08,0.310705982011042,  ,  ,  ,  
5.420498534548113e-08,1.1,5.420498534548113e-08,1.103440643301102,5.420498534548113e-08,1.099749317985257,5.420498534548113e-08,0.7648170783710361,5.420498534548113e-08,0.2947768528903954,  ,  ,  ,  
5.420642141296464e-08,1.1,5.420642141296464e-08,1.104112577687656,5.420642141296464e-08,1.099729230992606,5.420642141296464e-08,0.764798592540248,5.420642141296464e-08,0.279289404978357,  ,  ,  ,  
5.420784185449137e-08,1.1,5.420784185449137e-08,1.104809528425332,5.420784185449137e-08,1.099714666511802,5.420784185449137e-08,0.7647753151339918,5.420784185449137e-08,0.2646931492481955,  ,  ,  ,  
5.420913392787532e-08,1.1,5.420913392787532e-08,1.10547119479189,5.420913392787532e-08,1.099707968104597,5.420913392787532e-08,0.7647537411348345,5.420913392787532e-08,0.2520111202161205,  ,  ,  ,  
5.421039985005654e-08,1.1,5.421039985005654e-08,1.106143965539416,5.421039985005654e-08,1.099708528431375,5.421039985005654e-08,0.7647335940554003,5.421039985005654e-08,0.2401084282761793,  ,  ,  ,  
5.421140079945473e-08,1.1,5.421140079945473e-08,1.106693031672668,5.421140079945473e-08,1.099713631528077,5.421140079945473e-08,0.764718888023891,5.421140079945473e-08,0.2310450294769474,  ,  ,  ,  
5.421268383534715e-08,1.1,5.421268383534715e-08,1.107419853299755,5.421268383534715e-08,1.099724639359803,5.421268383534715e-08,0.7647016705244098,5.421268383534715e-08,0.219858632213381,  ,  ,  ,  
5.421429023278337e-08,1.1,5.421429023278337e-08,1.10837044911505,5.421429023278337e-08,1.099742701682026,5.421429023278337e-08,0.7646822413446818,5.421429023278337e-08,0.2065096640363192,  ,  ,  ,  
5.421572063111437e-08,1.1,5.421572063111437e-08,1.10926107366855,5.421572063111437e-08,1.099761556345846,5.421572063111437e-08,0.7646668149141901,5.421572063111437e-08,0.1952107987550425,  ,  ,  ,  
5.42174840273723e-08,1.1,5.42174840273723e-08,1.110430019028797,5.42174840273723e-08,1.099786833199843,5.42174840273723e-08,0.76464984749475,5.42174840273723e-08,0.1820192562322725,  ,  ,  ,  
5.421927676285757e-08,1.1,5.421927676285757e-08,1.11171884926296,5.421927676285757e-08,1.099814288526737,5.421927676285757e-08,0.7646347673053794,5.421927676285757e-08,0.1694218763443657,  ,  ,  ,  
5.422168901339906e-08,1.1,5.422168901339906e-08,1.113661182461416,5.422168901339906e-08,1.099853553384309,5.422168901339906e-08,0.7646175207793212,5.422168901339906e-08,0.1537320934095217,  ,  ,  ,  
5.422329092076083e-08,1.1,5.422329092076083e-08,1.115106282014906,5.422329092076083e-08,1.099880492569515,5.422329092076083e-08,0.7646075974041125,5.422329092076083e-08,0.1440806647604305,  ,  ,  ,  
5.422494423892891e-08,1.1,5.422494423892891e-08,1.116737739262272,5.422494423892891e-08,1.09990884428761,5.422494423892891e-08,0.7645986471584719,5.422494423892891e-08,0.1347378014024283,  ,  ,  ,  
5.422626661520307e-08,1.1,5.422626661520307e-08,1.118125542865439,5.422626661520307e-08,1.09993089247938,5.422626661520307e-08,0.7645923382417037,5.422626661520307e-08,0.1276970320596907,  ,  ,  ,  
5.422845731968765e-08,1.1,5.422845731968765e-08,1.120418755480397,5.422845731968765e-08,1.099962549422355,5.422845731968765e-08,0.7645825574610744,5.422845731968765e-08,0.1168197678922646,  ,  ,  ,  
5.423008778441348e-08,1.1,5.423008778441348e-08,1.121882639248358,5.423008778441348e-08,1.099981207059255,5.423008778441348e-08,0.7645760565897127,5.423008778441348e-08,0.1093228693796491,  ,  ,  ,  
5.42318605419556e-08,1.1,5.42318605419556e-08,1.122782591980358,5.42318605419556e-08,1.099996849259229,5.42318605419556e-08,0.7645701600993976,5.42318605419556e-08,0.1017130747769629,  ,  ,  ,  
5.423435732968137e-08,1.1,5.423435732968137e-08,1.120999020398281,5.423435732968137e-08,1.100011868951631,5.423435732968137e-08,0.7645653758535562,5.423435732968137e-08,0.09188174558971618,  ,  ,  ,  
5.423683272258039e-08,1.1,5.423683272258039e-08,1.111573080545161,5.423683272258039e-08,1.100019637043674,5.423683272258039e-08,0.7645667637733564,5.423683272258039e-08,0.08307645388765554,  ,  ,  ,  
5.423880918525103e-08,1.1,5.423880918525103e-08,1.094157446772429,5.423880918525103e-08,1.100020744082912,5.423880918525103e-08,0.7645726123330592,5.423880918525103e-08,0.07666432786075637,  ,  ,  ,  
5.424049120700134e-08,1.1,5.424049120700134e-08,1.068365043920721,5.424049120700134e-08,1.100017080994063,5.424049120700134e-08,0.7645789689205141,5.424049120700134e-08,0.07160167210722566,  ,  ,  ,  
5.424197939572862e-08,1.1,5.424197939572862e-08,1.034289179553561,5.424197939572862e-08,1.100010835411129,5.424197939572862e-08,0.7645850348914482,5.424197939572862e-08,0.06740938743326423,  ,  ,  ,  
5.424343669097874e-08,1.1,5.424343669097874e-08,0.9904307157633619,5.424343669097874e-08,1.100001886225903,5.424343669097874e-08,0.7645897776421707,5.424343669097874e-08,0.0635437549780873,  ,  ,  ,  
5.424487637935325e-08,1.1,5.424487637935325e-08,0.9379667723608188,5.424487637935325e-08,1.099991225211081,5.424487637935325e-08,0.7645927043121468,5.424487637935325e-08,0.05994259362870318,  ,  ,  ,  
5.424660952509625e-08,1.1,5.424660952509625e-08,0.8645273537718918,5.424660952509625e-08,1.099977686312464,5.424660952509625e-08,0.764593848511401,5.424660952509625e-08,0.05588159052876564,  ,  ,  ,  
5.424843426569421e-08,1.1,5.424843426569421e-08,0.7775408460248945,5.424843426569421e-08,1.099964223689434,5.424843426569421e-08,0.764592602483896,5.424843426569421e-08,0.05191640771771917,  ,  ,  ,  
5.425017001113107e-08,1.1,5.425017001113107e-08,0.6887753442664557,5.425017001113107e-08,1.099954525670305,5.425017001113107e-08,0.7645907872964751,5.425017001113107e-08,0.04843185976500806,  ,  ,  ,  
5.425174375710553e-08,1.1,5.425174375710553e-08,0.6058176400731067,5.425174375710553e-08,1.099949214355256,5.425174375710553e-08,0.7645895083656014,5.425174375710553e-08,0.04550665072782983,  ,  ,  ,  
5.425258728426672e-08,1.1,5.425258728426672e-08,0.560836532964237,5.425258728426672e-08,1.099947327175825,5.425258728426672e-08,0.7645886894645165,5.425258728426672e-08,0.04402657283752434,  ,  ,  ,  
5.425343738598407e-08,1.1,5.425343738598407e-08,0.5155092882000631,5.425343738598407e-08,1.09994622707351,5.425343738598407e-08,0.7645879383576865,5.425343738598407e-08,0.04259453752945967,  ,  ,  ,  
5.425414606919478e-08,1.1,5.425414606919478e-08,0.47785849423673,5.425414606919478e-08,1.099945714537578,5.425414606919478e-08,0.7645872230649331,5.425414606919478e-08,0.04144462203166989,  ,  ,  ,  
5.425470147654471e-08,1.1,5.425470147654471e-08,0.4482887585544008,5.425470147654471e-08,1.099944782666537,5.425470147654471e-08,0.7645858932988924,5.425470147654471e-08,0.0405684563921667,  ,  ,  ,  
5.425518474615697e-08,1.1,5.425518474615697e-08,0.4226602445540533,5.425518474615697e-08,1.099944604404856,5.425518474615697e-08,0.7645850787646479,5.425518474615697e-08,0.03982542253345286,  ,  ,  ,  
5.425614207959915e-08,1.1,5.425614207959915e-08,0.37276354148378,5.425614207959915e-08,1.099945704190855,5.425614207959915e-08,0.7645841369574475,5.425614207959915e-08,0.03840614161503435,  ,  ,  ,  
5.425683364564254e-08,1.1,5.425683364564254e-08,0.3376309323257161,5.425683364564254e-08,1.099947112514597,5.425683364564254e-08,0.7645834634012166,5.425683364564254e-08,0.03742239153513162,  ,  ,  ,  
5.425756742745384e-08,1.1,5.425756742745384e-08,0.3013181298657082,5.425756742745384e-08,1.099948766649451,5.425756742745384e-08,0.7645823393524898,5.425756742745384e-08,0.03641432122479565,  ,  ,  ,  
5.425834851586442e-08,1.1,5.425834851586442e-08,0.2638776130266277,5.425834851586442e-08,1.099950422991524,5.425834851586442e-08,0.7645802797886595,5.425834851586442e-08,0.03537898403724501,  ,  ,  ,  
5.425906643164725e-08,1.1,5.425906643164725e-08,0.2307888451315396,5.425906643164725e-08,1.099951856968612,5.425906643164725e-08,0.7645773828304723,5.425906643164725e-08,0.03445978369393964,  ,  ,  ,  
5.425968594224861e-08,1.1,5.425968594224861e-08,0.2036573324559598,5.425968594224861e-08,1.099953772895895,5.425968594224861e-08,0.7645746046539205,5.425968594224861e-08,0.03369226286828673,  ,  ,  ,  
5.426017650368186e-08,1.1,5.426017650368186e-08,0.1834364339039289,5.426017650368186e-08,1.099956278756965,5.426017650368186e-08,0.7645726474614547,5.426017650368186e-08,0.03310276355700035,  ,  ,  ,  
5.426059111049834e-08,1.1,5.426059111049834e-08,0.1671396400543625,5.426059111049834e-08,1.099957765989439,5.426059111049834e-08,0.7645699155492307,5.426059111049834e-08,0.03261458338834221,  ,  ,  ,  
5.426107022468247e-08,1.1,5.426107022468247e-08,0.148924702092198,5.426107022468247e-08,1.099957855316815,5.426107022468247e-08,0.7645644688625086,5.426107022468247e-08,0.03205885314652712,  ,  ,  ,  
5.426169135753538e-08,1.1,5.426169135753538e-08,0.1260786037647933,5.426169135753538e-08,1.099956115657269,5.426169135753538e-08,0.7645538048553432,5.426169135753538e-08,0.03135144931847857,  ,  ,  ,  
5.426240164219142e-08,1.1,5.426240164219142e-08,0.1013740544505656,5.426240164219142e-08,1.099953474116284,5.426240164219142e-08,0.7645375973802382,5.426240164219142e-08,0.03056461659666859,  ,  ,  ,  
5.426299591928463e-08,1.1,5.426299591928463e-08,0.08246045838395465,5.426299591928463e-08,1.099952310356833,5.426299591928463e-08,0.7645221136193572,5.426299591928463e-08,0.02992920347833261,  ,  ,  ,  
5.426365179019821e-08,1.1,5.426365179019821e-08,0.06419203212933537,5.426365179019821e-08,1.0999533236379,5.426365179019821e-08,0.7645047575701049,5.426365179019821e-08,0.02925695998119185,  ,  ,  ,  
5.426424891198327e-08,1.1,5.426424891198327e-08,0.05031422693575486,5.426424891198327e-08,1.09995657701552,5.426424891198327e-08,0.7644899831285867,5.426424891198327e-08,0.02867323410979185,  ,  ,  ,  
5.426482652014821e-08,1.1,5.426482652014821e-08,0.03946132604942849,5.426482652014821e-08,1.099961609902284,5.426482652014821e-08,0.7644774459167863,5.426482652014821e-08,0.02813402440867896,  ,  ,  ,  
5.426543964713385e-08,1.1,5.426543964713385e-08,0.03051591364332621,5.426543964713385e-08,1.099968433594471,5.426543964713385e-08,0.7644664501242127,5.426543964713385e-08,0.02758703699317459,  ,  ,  ,  
5.426612131933848e-08,1.1,5.426612131933848e-08,0.02320978291493546,5.426612131933848e-08,1.099977021826924,5.426612131933848e-08,0.7644570216535224,5.426612131933848e-08,0.02700579270972812,  ,  ,  ,  
5.426691724638673e-08,1.1,5.426691724638673e-08,0.01738189268906059,5.426691724638673e-08,1.09998736351778,5.426691724638673e-08,0.7644492041229776,5.426691724638673e-08,0.02635691172273171,  ,  ,  ,  
5.42678796260695e-08,1.1,5.42678796260695e-08,0.01299982627307777,5.42678796260695e-08,1.09999912573422,5.42678796260695e-08,0.7644430857915956,5.42678796260695e-08,0.02560624345135152,  ,  ,  ,  
5.426894339060321e-08,1.1,5.426894339060321e-08,0.01024094179792499,5.426894339060321e-08,1.100010255944242,5.426894339060321e-08,0.7644389227214695,5.426894339060321e-08,0.02480997392462912,  ,  ,  ,  
5.426998450519698e-08,1.1,5.426998450519698e-08,0.008726796935346573,5.426998450519698e-08,1.100018867544695,5.426998450519698e-08,0.7644361681804583,5.426998450519698e-08,0.02405739885656561,  ,  ,  ,  
5.427108707870652e-08,1.1,5.427108707870652e-08,0.007747560717629663,5.427108707870652e-08,1.100025549158741,5.427108707870652e-08,0.7644336785511353,5.427108707870652e-08,0.0232836481206022,  ,  ,  ,  
5.427232785443384e-08,1.1,5.427232785443384e-08,0.006977120581763555,5.427232785443384e-08,1.100030446149067,5.427232785443384e-08,0.7644307623962484,5.427232785443384e-08,0.02243711304672937,  ,  ,  ,  
5.427383698016221e-08,1.1,5.427383698016221e-08,0.006224846725241095,5.427383698016221e-08,1.100033437079216,5.427383698016221e-08,0.7644267584319476,5.427383698016221e-08,0.02143799117292909,  ,  ,  ,  
5.427587194384031e-08,1.1,5.427587194384031e-08,0.005343052816151903,5.427587194384031e-08,1.10003380000547,5.427587194384031e-08,0.7644206795637224,5.427587194384031e-08,0.02013890367433819,  ,  ,  ,  
5.427906736550737e-08,1.1,5.427906736550737e-08,0.004145426923497066,5.427906736550737e-08,1.10002930662823,5.427906736550737e-08,0.7644104498981918,5.427906736550737e-08,0.01820309760153245,  ,  ,  ,  
5.428441564744885e-08,1.1,5.428441564744885e-08,0.002580896071990191,5.428441564744885e-08,1.100016450452223,5.428441564744885e-08,0.7643940508698516,5.428441564744885e-08,0.0152432889533136,  ,  ,  ,  
5.428981764416916e-08,1.1,5.428981764416916e-08,0.0015005711854003,5.428981764416916e-08,1.10000332585514,5.428981764416916e-08,0.7643803887418585,5.428981764416916e-08,0.01262182975193741,  ,  ,  ,  
5.429419831921439e-08,1.1,5.429419831921439e-08,0.0009339191652726093,5.429419831921439e-08,1.099994889411422,5.429419831921439e-08,0.7643719089823091,5.429419831921439e-08,0.01077561034542748,  ,  ,  ,  
5.429840463714804e-08,1.1,5.429840463714804e-08,0.0005841253488491249,5.429840463714804e-08,1.099989241942895,5.429840463714804e-08,0.7643657386943954,5.429840463714804e-08,0.009235569091863351,  ,  ,  ,  
5.430271638454949e-08,1.1,5.430271638454949e-08,0.0003604484819730002,5.430271638454949e-08,1.099985644640228,5.430271638454949e-08,0.7643609730861096,5.430271638454949e-08,0.00787956505924318,  ,  ,  ,  
5.43073747323289e-08,1.1,5.43073747323289e-08,0.0002158624118538015,5.43073747323289e-08,1.099983523459141,5.43073747323289e-08,0.7643570996543106,5.43073747323289e-08,0.00664095016065303,  ,  ,  ,  
5.431270170093938e-08,1.1,5.431270170093938e-08,0.0001231680377966827,5.431270170093938e-08,1.099982469155152,5.431270170093938e-08,0.7643538057229641,5.431270170093938e-08,0.005470483473873454,  ,  ,  ,  
5.431899912335363e-08,1.1,5.431899912335363e-08,6.735357710866549e-05,5.431899912335363e-08,1.099982199028116,5.431899912335363e-08,0.7643509762638753,5.431899912335363e-08,0.004362271564468963,  ,  ,  ,  
5.432668442573175e-08,1.1,5.432668442573175e-08,3.681061854262913e-05,5.432668442573175e-08,1.099982441643557,5.432668442573175e-08,0.7643485691328391,5.432668442573175e-08,0.003322113512598977,  ,  ,  ,  
5.433640762766927e-08,1.1,5.433640762766927e-08,2.221508428430172e-05,5.433640762766927e-08,1.099982858665699,5.433640762766927e-08,0.7643466245145698,5.433640762766927e-08,0.002363304469137319,  ,  ,  ,  
5.434931947907414e-08,1.1,5.434931947907414e-08,1.62341288493813e-05,5.434931947907414e-08,1.099982775541301,5.434931947907414e-08,0.7643453150137276,5.434931947907414e-08,0.001504607688781713,  ,  ,  ,  
5.436559796735959e-08,1.1,5.436559796735959e-08,1.40026496326046e-05,5.436559796735959e-08,1.099981301936167,5.436559796735959e-08,0.7643449804554184,5.436559796735959e-08,0.0008438632058255692,  ,  ,  ,  
5.438646227031954e-08,1.1,5.438646227031954e-08,1.372415753694004e-05,5.438646227031954e-08,1.099977073117276,5.438646227031954e-08,0.7643460518751763,5.438646227031954e-08,0.0003877114898012442,  ,  ,  ,  
5.440180940252029e-08,1.1,5.440180940252029e-08,1.505102705392888e-05,5.440180940252029e-08,1.099971660159014,5.440180940252029e-08,0.7643476948883511,5.440180940252029e-08,0.0002226934946778595,  ,  ,  ,  
5.44136754354032e-08,1.1,5.44136754354032e-08,1.67176296660647e-05,5.44136754354032e-08,1.099966011179765,5.44136754354032e-08,0.764349204124335,5.44136754354032e-08,0.0001524511438972736,  ,  ,  ,  
5.442472079723535e-08,1.1,5.442472079723535e-08,1.84734717204989e-05,5.442472079723535e-08,1.099960198313218,5.442472079723535e-08,0.7643505756133355,5.442472079723535e-08,0.0001122798276840598,  ,  ,  ,  
5.443500274530975e-08,1.1,5.443500274530975e-08,2.013374629899303e-05,5.443500274530975e-08,1.099955454685836,5.443500274530975e-08,0.7643517655043184,5.443500274530975e-08,8.821002011227892e-05,  ,  ,  ,  
5.444035484252237e-08,1.1,5.444035484252237e-08,2.119355359174755e-05,5.444035484252237e-08,1.099954238621959,5.444035484252237e-08,0.7643525119097286,5.444035484252237e-08,8.00242846397676e-05,  ,  ,  ,  
5.444364656460253e-08,1.1,5.444364656460253e-08,2.117396353607205e-05,5.444364656460253e-08,1.099953216102597,5.444364656460253e-08,0.7643525549002699,5.444364656460253e-08,7.523462685051707e-05,  ,  ,  ,  
5.444700010712899e-08,1.1,5.444700010712899e-08,2.079926088099416e-05,5.444700010712899e-08,1.099952350789108,5.444700010712899e-08,0.7643523271723024,5.444700010712899e-08,7.038260052424737e-05,  ,  ,  ,  
5.444978024100768e-08,1.1,5.444978024100768e-08,2.060397946386463e-05,5.444978024100768e-08,1.099952030157573,5.444978024100768e-08,0.7643522411942602,5.444978024100768e-08,6.676328176436447e-05,  ,  ,  ,  
5.445277644475563e-08,1.1,5.445277644475563e-08,2.063212688987872e-05,5.445277644475563e-08,1.099951852064405,5.445277644475563e-08,0.7643523144774906,5.445277644475563e-08,6.334312720074384e-05,  ,  ,  ,  
5.445559599021323e-08,1.1,5.445559599021323e-08,2.071135613676677e-05,5.445559599021323e-08,1.099951552245987,5.445559599021323e-08,0.764352392763947,5.445559599021323e-08,6.039218371497305e-05,  ,  ,  ,  
5.445893060405608e-08,1.1,5.445893060405608e-08,2.078284170766415e-05,5.445893060405608e-08,1.09995100470888,5.445893060405608e-08,0.764352448166337,5.445893060405608e-08,5.717702223288842e-05,  ,  ,  ,  
5.446337828487611e-08,1.1,5.446337828487611e-08,2.082903489291828e-05,5.446337828487611e-08,1.0999501236056,5.446337828487611e-08,0.7643524782874108,5.446337828487611e-08,5.336353952247362e-05,  ,  ,  ,  
5.446880673387175e-08,1.1,5.446880673387175e-08,2.08005174274852e-05,5.446880673387175e-08,1.099949046985258,5.446880673387175e-08,0.7643524572727202,5.446880673387175e-08,4.938431911926463e-05,  ,  ,  ,  
5.447463724070762e-08,1.1,5.447463724070762e-08,2.061133096332465e-05,5.447463724070762e-08,1.099948146609717,5.447463724070762e-08,0.7643523392917645,5.447463724070762e-08,4.581528317046778e-05,  ,  ,  ,  
5.447838323491837e-08,1.1,5.447838323491837e-08,2.024322867325066e-05,5.447838323491837e-08,1.099947856320267,5.447838323491837e-08,0.7643521091619234,5.447838323491837e-08,4.374534289298372e-05,  ,  ,  ,  
5.448090884061045e-08,1.1,5.448090884061045e-08,1.981010675138762e-05,5.448090884061045e-08,1.099947303634161,5.448090884061045e-08,0.7643518420433879,5.448090884061045e-08,4.196770190100713e-05,  ,  ,  ,  
5.448334237273447e-08,1.1,5.448334237273447e-08,1.94647568079353e-05,5.448334237273447e-08,1.099946169139458,5.448334237273447e-08,0.7643516409598484,5.448334237273447e-08,3.98953136929902e-05,  ,  ,  ,  
5.448579127902722e-08,1.1,5.448579127902722e-08,1.922284056419016e-05,5.448579127902722e-08,1.099944821285447,5.448579127902722e-08,0.7643514812568891,5.448579127902722e-08,3.799555021695945e-05,  ,  ,  ,  
5.448899885597879e-08,1.1,5.448899885597879e-08,1.899595642793466e-05,5.448899885597879e-08,1.099942961944263,5.448899885597879e-08,0.7643513117038991,5.448899885597879e-08,3.61737824672201e-05,  ,  ,  ,  
5.449214191617677e-08,1.1,5.449214191617677e-08,1.883230476127941e-05,5.449214191617677e-08,1.099940899961236,5.449214191617677e-08,0.7643511875361204,5.449214191617677e-08,3.506140096308629e-05,  ,  ,  ,  
5.449583327000428e-08,1.1,5.449583327000428e-08,1.868010887327589e-05,5.449583327000428e-08,1.099937932896406,5.449583327000428e-08,0.7643510702910792,5.449583327000428e-08,3.426719007584973e-05,  ,  ,  ,  
5.4500911784982e-08,1.1,5.4500911784982e-08,1.852868080323808e-05,5.4500911784982e-08,1.099933136817825,5.4500911784982e-08,0.7643509319125892,5.4500911784982e-08,3.351757185741953e-05,  ,  ,  ,  
5.450740055653486e-08,1.1,5.450740055653486e-08,1.843444266796787e-05,5.450740055653486e-08,1.099927370178973,5.450740055653486e-08,0.7643507857031139,5.450740055653486e-08,3.257918428968426e-05,  ,  ,  ,  
5.451328670327009e-08,1.1,5.451328670327009e-08,1.843789945281385e-05,5.451328670327009e-08,1.099923559901866,5.451328670327009e-08,0.7643506767315384,5.451328670327009e-08,3.152929652715201e-05,  ,  ,  ,  
5.451873956300326e-08,1.1,5.451873956300326e-08,1.849590436228643e-05,5.451873956300326e-08,1.099921261922767,5.451873956300326e-08,0.7643505754935863,5.451873956300326e-08,3.034586068555584e-05,  ,  ,  ,  
5.452438021083023e-08,1.1,5.452438021083023e-08,1.859447527217978e-05,5.452438021083023e-08,1.099919441577984,5.452438021083023e-08,0.7643504488294833,5.452438021083023e-08,2.897474843384743e-05,  ,  ,  ,  
5.453041858780667e-08,1.1,5.453041858780667e-08,1.872638597071479e-05,5.453041858780667e-08,1.099917042061002,5.453041858780667e-08,0.7643502652862216,5.453041858780667e-08,2.742902098604123e-05,  ,  ,  ,  
5.453718056391992e-08,1.1,5.453718056391992e-08,1.885132990441065e-05,5.453718056391992e-08,1.099913829497472,5.453718056391992e-08,0.7643499618402679,5.453718056391992e-08,2.548582422776388e-05,  ,  ,  ,  
5.454478077627877e-08,1.1,5.454478077627877e-08,1.889699271823755e-05,5.454478077627877e-08,1.099911531167835,5.454478077627877e-08,0.7643494826130393,5.454478077627877e-08,2.284409945156097e-05,  ,  ,  ,  
5.455313182571299e-08,1.1,5.455313182571299e-08,1.89388929111152e-05,5.455313182571299e-08,1.099910174714012,5.455313182571299e-08,0.7643488860810844,5.455313182571299e-08,2.014532586103864e-05,  ,  ,  ,  
5.456256363866581e-08,1.1,5.456256363866581e-08,1.900657673231767e-05,5.456256363866581e-08,1.099907227285965,5.456256363866581e-08,0.7643481400027673,5.456256363866581e-08,1.782708766545988e-05,  ,  ,  ,  
5.457515831438045e-08,1.1,5.457515831438045e-08,1.919255360038324e-05,5.457515831438045e-08,1.099898650666365,5.457515831438045e-08,0.764347056333324,5.457515831438045e-08,1.562168515173868e-05,  ,  ,  ,  
5.458937475417893e-08,1.1,5.458937475417893e-08,2.119604918685701e-05,5.458937475417893e-08,1.099916204464496,5.458937475417893e-08,0.7643471219135805,5.458937475417893e-08,1.772820372603176e-05,  ,  ,  ,  
5.46021378768128e-08,1.1,5.46021378768128e-08,3.03629246676772e-05,5.46021378768128e-08,1.100176950460286,5.46021378768128e-08,0.7643542123505244,5.46021378768128e-08,4.225130483124568e-05,  ,  ,  ,  
5.461249654383441e-08,1.1,5.461249654383441e-08,4.556175878766085e-05,5.461249654383441e-08,1.100841060818621,5.461249654383441e-08,0.7643693440843343,5.461249654383441e-08,9.498355799754072e-05,  ,  ,  ,  
5.462024570128538e-08,1.1,5.462024570128538e-08,5.968780819943781e-05,5.462024570128538e-08,1.101676555138403,5.462024570128538e-08,0.7643859228647321,5.462024570128538e-08,0.0001542898793500997,  ,  ,  ,  
5.462770942304787e-08,1.1,5.462770942304787e-08,7.315925788238496e-05,5.462770942304787e-08,1.102700198366094,5.462770942304787e-08,0.764404433980205,5.462770942304787e-08,0.0002205557946500953,  ,  ,  ,  
5.463524985862096e-08,1.1,5.463524985862096e-08,8.510848149427206e-05,5.463524985862096e-08,1.103874632710594,5.463524985862096e-08,0.7644241502768448,5.463524985862096e-08,0.0002881664401677022,  ,  ,  ,  
5.464302046790745e-08,1.1,5.464302046790745e-08,9.514600556822371e-05,5.464302046790745e-08,1.105201057211033,5.464302046790745e-08,0.7644448305802609,5.464302046790745e-08,0.0003520632086555847,  ,  ,  ,  
5.465151478986002e-08,1.1,5.465151478986002e-08,0.0001036994521885313,5.465151478986002e-08,1.106808997406496,5.465151478986002e-08,0.7644676663382888,5.465151478986002e-08,0.0004111089724936678,  ,  ,  ,  
5.46608162343337e-08,1.1,5.46608162343337e-08,0.0001117405880239071,5.46608162343337e-08,1.108717664054488,5.46608162343337e-08,0.764493103415598,5.46608162343337e-08,0.00046147374473549,  ,  ,  ,  
5.466692775787627e-08,1.1,5.466692775787627e-08,0.0001185452807590825,5.466692775787627e-08,1.109721117887889,5.466692775787627e-08,0.7645100250782944,5.466692775787627e-08,0.00048559238531839,  ,  ,  ,  
5.467275054837247e-08,1.1,5.467275054837247e-08,0.000128919995856486,5.467275054837247e-08,1.109732827292607,5.467275054837247e-08,0.764525443752552,5.467275054837247e-08,0.0005000976007712792,  ,  ,  ,  
5.467796064348404e-08,1.1,5.467796064348404e-08,0.0001435635946092541,5.467796064348404e-08,1.107787393474421,5.467796064348404e-08,0.7645366792691534,5.467796064348404e-08,0.000503129374634402,  ,  ,  ,  
5.468259271901729e-08,1.1,5.468259271901729e-08,0.0001620954131225738,5.468259271901729e-08,1.102925422889086,5.468259271901729e-08,0.7645413671601631,5.468259271901729e-08,0.0004927704149904479,  ,  ,  ,  
5.468669820663418e-08,1.1,5.468669820663418e-08,0.0001827897829391558,5.468669820663418e-08,1.094384108733434,5.468669820663418e-08,0.7645371337289483,5.468669820663418e-08,0.0004665117421688315,  ,  ,  ,  
5.469036604838016e-08,1.1,5.469036604838016e-08,0.0002035103730044397,5.469036604838016e-08,1.081791483429218,5.469036604838016e-08,0.7645228842723727,5.469036604838016e-08,0.0004232290110277071,  ,  ,  ,  
5.46941056242009e-08,1.1,5.46941056242009e-08,0.0002249998492092088,5.46941056242009e-08,1.062479640145764,5.46941056242009e-08,0.7644949963539177,5.46941056242009e-08,0.0003550741492848188,  ,  ,  ,  
5.469806527256701e-08,1.1,5.469806527256701e-08,0.0002466693847748494,5.469806527256701e-08,1.033421179054638,5.469806527256701e-08,0.7644501172837017,5.469806527256701e-08,0.000255976977844846,  ,  ,  ,  
5.470151709068133e-08,1.1,5.470151709068133e-08,0.0002649214887455379,5.470151709068133e-08,1.000547014748477,5.470151709068133e-08,0.7644018019381704,5.470151709068133e-08,0.0001522651053144353,  ,  ,  ,  
5.470431488044198e-08,1.1,5.470431488044198e-08,0.0002795018579543017,5.470431488044198e-08,0.9688865766283912,5.470431488044198e-08,0.7643591788025423,5.470431488044198e-08,6.122662156749487e-05,  ,  ,  ,  
5.470680778787485e-08,1.1,5.470680778787485e-08,0.0002921575285791885,5.470680778787485e-08,0.9370958063978835,5.470680778787485e-08,0.7643200196213136,5.470680778787485e-08,-2.184014995030717e-05,  ,  ,  ,  
5.470966721173791e-08,1.1,5.470966721173791e-08,0.0003060189873441563,5.470966721173791e-08,0.896824980864513,5.470966721173791e-08,0.7642751128740641,5.470966721173791e-08,-0.0001159194027341345,  ,  ,  ,  
5.471305403291867e-08,1.1,5.471305403291867e-08,0.0003210909823692672,5.471305403291867e-08,0.8444646424889454,5.471305403291867e-08,0.7642228742756904,5.471305403291867e-08,-0.0002222153261582449,  ,  ,  ,  
5.471693110217282e-08,1.1,5.471693110217282e-08,0.0003358021545668824,5.471693110217282e-08,0.7792387067349992,5.471693110217282e-08,0.7641652720814747,5.471693110217282e-08,-0.0003543642855380474,  ,  ,  ,  
5.472058702792275e-08,1.1,5.472058702792275e-08,0.0003506496324349195,5.472058702792275e-08,0.7134453643970807,5.472058702792275e-08,0.764116051730407,5.472058702792275e-08,-0.0004427284684465145,  ,  ,  ,  
5.472357710151434e-08,1.1,5.472357710151434e-08,0.0003667075215499322,5.472357710151434e-08,0.6571448049337409,5.472357710151434e-08,0.7640818978319865,5.472357710151434e-08,-0.0004741800292329185,  ,  ,  ,  
5.472594117841502e-08,1.1,5.472594117841502e-08,0.0003835396154884229,5.472594117841502e-08,0.6114181194373977,5.472594117841502e-08,0.7640607649769187,5.472594117841502e-08,-0.0005082350791426409,  ,  ,  ,  
5.47282302085119e-08,1.1,5.47282302085119e-08,0.0004070125322243475,5.47282302085119e-08,0.5663852827626746,5.47282302085119e-08,0.7640477425691363,5.47282302085119e-08,-0.0005498516637506106,  ,  ,  ,  
5.47301473462301e-08,1.1,5.47301473462301e-08,0.000435703009320999,5.47301473462301e-08,0.5281942825740692,5.47301473462301e-08,0.7640442971734385,5.47301473462301e-08,-0.000534899798838829,  ,  ,  ,  
5.47317131517838e-08,1.1,5.47317131517838e-08,0.0004627951067929012,5.47317131517838e-08,0.4967039772089371,5.47317131517838e-08,0.7640449406478944,5.47317131517838e-08,-0.0005087171855332829,  ,  ,  ,  
5.473347270907129e-08,1.1,5.473347270907129e-08,0.000497020759921635,5.473347270907129e-08,0.4610175434350476,5.473347270907129e-08,0.764049711449608,5.473347270907129e-08,-0.0004621812465089284,  ,  ,  ,  
5.473543196937997e-08,1.1,5.473543196937997e-08,0.000538735567066519,5.473543196937997e-08,0.4209477409850184,5.473543196937997e-08,0.764059691569362,5.473543196937997e-08,-0.0003893912269817678,  ,  ,  ,  
5.473748874750562e-08,1.1,5.473748874750562e-08,0.000585502588356475,5.473748874750562e-08,0.3786906782673629,5.473748874750562e-08,0.7640754132504586,5.473748874750562e-08,-0.000290489228211842,  ,  ,  ,  
5.473934010882149e-08,1.1,5.473934010882149e-08,0.0006291748056278948,5.473934010882149e-08,0.340766450464368,5.473934010882149e-08,0.7640944151233047,5.473934010882149e-08,-0.0001826962115197658,  ,  ,  ,  
5.474099470044022e-08,1.1,5.474099470044022e-08,0.0006683437871062057,5.474099470044022e-08,0.3072319947011308,5.474099470044022e-08,0.7641154846037312,5.474099470044022e-08,-7.341564573827859e-05,  ,  ,  ,  
5.474244419765333e-08,1.1,5.474244419765333e-08,0.0007022090284394902,5.474244419765333e-08,0.2783222548845373,5.474244419765333e-08,0.7641370835220155,5.474244419765333e-08,3.071976297811489e-05,  ,  ,  ,  
5.474374015579693e-08,1.1,5.474374015579693e-08,0.0007318428895359218,5.474374015579693e-08,0.2529847409562231,5.474374015579693e-08,0.7641588092255757,5.474374015579693e-08,0.0001290941271859976,  ,  ,  ,  
5.47449302587099e-08,1.1,5.47449302587099e-08,0.0007583029381866126,5.47449302587099e-08,0.2302528885971794,5.47449302587099e-08,0.7641806445868327,5.47449302587099e-08,0.0002226893750164114,  ,  ,  ,  
5.474604291357046e-08,1.1,5.474604291357046e-08,0.0007821290025244328,5.474604291357046e-08,0.2095590360014429,5.474604291357046e-08,0.7642024796077823,5.474604291357046e-08,0.0003122600774171181,  ,  ,  ,  
5.474700117756417e-08,1.1,5.474700117756417e-08,0.0008015249367963797,5.474700117756417e-08,0.1922394053232175,5.474700117756417e-08,0.764222110364507,5.474700117756417e-08,0.0003903740474026393,  ,  ,  ,  
5.474779224672228e-08,1.1,5.474779224672228e-08,0.0008161796810757635,5.474779224672228e-08,0.1783402317427302,5.474779224672228e-08,0.7642387048100938,5.474779224672228e-08,0.0004548774604186118,  ,  ,  ,  
5.474849026113181e-08,1.1,5.474849026113181e-08,0.0008282958228676356,5.474849026113181e-08,0.1664126304615803,5.474849026113181e-08,0.7642536028744001,5.474849026113181e-08,0.0005114941744532368,  ,  ,  ,  
5.47491506468847e-08,1.1,5.47491506468847e-08,0.0008386754601116753,5.47491506468847e-08,0.1554513876372988,5.47491506468847e-08,0.764267917574347,5.47491506468847e-08,0.0005644218833933984,  ,  ,  ,  
5.474981432644845e-08,1.1,5.474981432644845e-08,0.0008479374463021817,5.474981432644845e-08,0.14478547668602,5.474981432644845e-08,0.7642825724211101,5.474981432644845e-08,0.0006166646459346601,  ,  ,  ,  
5.475048856458553e-08,1.1,5.475048856458553e-08,0.0008562433010342269,5.475048856458553e-08,0.1343433065648484,5.475048856458553e-08,0.7642978563810223,5.475048856458553e-08,0.0006684903072569629,  ,  ,  ,  
5.475123080249803e-08,1.1,5.475123080249803e-08,0.0008647130795594201,5.475123080249803e-08,0.1233455850725881,5.475123080249803e-08,0.7643157435946795,5.475123080249803e-08,0.0007237180454747587,  ,  ,  ,  
5.475179419241705e-08,1.1,5.475179419241705e-08,0.0008714288841792962,5.475179419241705e-08,0.1153640568172357,5.475179419241705e-08,0.7643307639353245,5.475179419241705e-08,0.0007639660623482552,  ,  ,  ,  
5.475227625301837e-08,1.1,5.475227625301837e-08,0.0008778585719671196,5.475227625301837e-08,0.1087960437789669,5.475227625301837e-08,0.7643449178420093,5.475227625301837e-08,0.0007972134122302142,  ,  ,  ,  
5.475275391684029e-08,1.1,5.475275391684029e-08,0.0008852500488140745,5.475275391684029e-08,0.1025330682374059,5.475275391684029e-08,0.764360216452559,5.475275391684029e-08,0.0008288742610716181,  ,  ,  ,  
5.475319450794521e-08,1.1,5.475319450794521e-08,0.0008932491679688227,5.475319450794521e-08,0.09697627523805991,5.475319450794521e-08,0.7643754758649366,5.475319450794521e-08,0.0008566597465505718,  ,  ,  ,  
5.475363441093341e-08,1.1,5.475363441093341e-08,0.0009024416924554252,5.475363441093341e-08,0.09164114436308657,5.475363441093341e-08,0.7643916423818929,5.475363441093341e-08,0.000882665734700837,  ,  ,  ,  
5.475407429809722e-08,1.1,5.475407429809722e-08,0.0009125831423660824,5.475407429809722e-08,0.08652091419238356,5.475407429809722e-08,0.7644082503297711,5.475407429809722e-08,0.0009065073469422555,  ,  ,  ,  
5.475454428648997e-08,1.1,5.475454428648997e-08,0.0009241013620642611,5.475454428648997e-08,0.08128981637875769,5.475454428648997e-08,0.7644259354246683,5.475454428648997e-08,0.0009292385848739545,  ,  ,  ,  
5.47550969453593e-08,1.1,5.47550969453593e-08,0.0009376761121098594,5.47550969453593e-08,0.07545697118389792,5.47550969453593e-08,0.7644458332293246,5.47550969453593e-08,0.0009518706101428506,  ,  ,  ,  
5.475565467631759e-08,1.1,5.475565467631759e-08,0.0009506423015631219,5.475565467631759e-08,0.06991835293796081,5.475565467631759e-08,0.7644645087614015,5.475565467631759e-08,0.0009699888069990336,  ,  ,  ,  
5.47562224023848e-08,1.1,5.47562224023848e-08,0.0009628586853332113,5.47562224023848e-08,0.06463491073654806,5.47562224023848e-08,0.7644822511227214,5.47562224023848e-08,0.0009840359627306572,  ,  ,  ,  
5.475681874757932e-08,1.1,5.475681874757932e-08,0.0009744143594378834,5.475681874757932e-08,0.05946106520095438,5.475681874757932e-08,0.7644996663452813,5.475681874757932e-08,0.0009944775810160544,  ,  ,  ,  
5.475746430949321e-08,1.1,5.475746430949321e-08,0.0009854852482719745,5.475746430949321e-08,0.05427986568410072,5.475746430949321e-08,0.7645173425744729,5.475746430949321e-08,0.00100149771658315,  ,  ,  ,  
5.475820336795956e-08,1.1,5.475820336795956e-08,0.0009965970288247014,5.475820336795956e-08,0.04886015087421455,5.475820336795956e-08,0.7645363310860909,5.475820336795956e-08,0.001005113234087048,  ,  ,  ,  
5.475905304201884e-08,1.1,5.475905304201884e-08,0.001007622987733147,5.475905304201884e-08,0.04326618034054627,5.475905304201884e-08,0.7645565996717255,5.475905304201884e-08,0.001004740629620743,  ,  ,  ,  
5.475991324410243e-08,1.1,5.475991324410243e-08,0.001017060118107724,5.475991324410243e-08,0.03825052729517685,5.475991324410243e-08,0.7645753444362888,5.475991324410243e-08,0.001000694455778891,  ,  ,  ,  
5.476079238080888e-08,1.1,5.476079238080888e-08,0.001024973767435737,5.476079238080888e-08,0.0337442206780301,5.476079238080888e-08,0.7645925535350891,5.476079238080888e-08,0.0009939406365592055,  ,  ,  ,  
5.476172623172441e-08,1.1,5.476172623172441e-08,0.001031531206104499,5.476172623172441e-08,0.02958108398581057,5.476172623172441e-08,0.764608676562551,5.476172623172441e-08,0.0009851710646058714,  ,  ,  ,  
5.476268314760241e-08,1.1,5.476268314760241e-08,0.001036961530746623,5.476268314760241e-08,0.0259204336703158,5.476268314760241e-08,0.7646235361611153,5.476268314760241e-08,0.0009764876795979408,  ,  ,  ,  
5.476370373376713e-08,1.1,5.476370373376713e-08,0.001042744143034269,5.476370373376713e-08,0.0226381320551307,5.476370373376713e-08,0.7646389212067654,5.476370373376713e-08,0.0009706174875323816,  ,  ,  ,  
5.476479433823104e-08,1.1,5.476479433823104e-08,0.001050469420678067,5.476479433823104e-08,0.01980129044971053,5.476479433823104e-08,0.7646564946753036,5.476479433823104e-08,0.0009717272567121846,  ,  ,  ,  
5.476595432589286e-08,1.1,5.476595432589286e-08,0.001061763523067513,5.476595432589286e-08,0.01750205136621383,5.476595432589286e-08,0.764678010864926,5.476595432589286e-08,0.0009848379446607465,  ,  ,  ,  
5.476713963588985e-08,1.1,5.476713963588985e-08,0.001076621097533687,5.476713963588985e-08,0.01584372979240111,5.476713963588985e-08,0.7647032230139028,5.476713963588985e-08,0.001012982960950684,  ,  ,  ,  
5.476834442734604e-08,1.1,5.476834442734604e-08,0.001095010909747035,5.476834442734604e-08,0.01477333057512648,5.476834442734604e-08,0.7647320416636734,5.476834442734604e-08,0.001058966797177788,  ,  ,  ,  
5.476944213963297e-08,1.1,5.476944213963297e-08,0.001115315217339126,5.476944213963297e-08,0.01424535444404927,5.476944213963297e-08,0.7647614079643321,5.476944213963297e-08,0.001120023151976447,  ,  ,  ,  
5.477028075836199e-08,1.1,5.477028075836199e-08,0.00113401597950097,5.477028075836199e-08,0.0140796710959481,5.477028075836199e-08,0.7647864377009059,5.477028075836199e-08,0.001182309388988294,  ,  ,  ,  
5.477098422472936e-08,1.1,5.477098422472936e-08,0.00115211714491113,5.477098422472936e-08,0.01408556500410458,5.477098422472936e-08,0.7648099007199483,5.477098422472936e-08,0.001248406246303848,  ,  ,  ,  
5.477183251136605e-08,1.1,5.477183251136605e-08,0.001176580184271506,5.477183251136605e-08,0.01426633757071256,5.477183251136605e-08,0.7648415579461483,5.477183251136605e-08,0.001346413591673085,  ,  ,  ,  
5.477230674407694e-08,1.1,5.477230674407694e-08,0.00119089854496117,5.477230674407694e-08,0.01444533344281725,5.477230674407694e-08,0.7648608910855339,5.477230674407694e-08,0.001409440262993311,  ,  ,  ,  
5.477277820868622e-08,1.1,5.477277820868622e-08,0.001204757714769036,5.477277820868622e-08,0.01466712231987524,5.477277820868622e-08,0.7648811033657821,5.477277820868622e-08,0.001476900512216605,  ,  ,  ,  
5.477327677585591e-08,1.1,5.477327677585591e-08,0.001218435262607112,5.477327677585591e-08,0.01493204907415863,5.477327677585591e-08,0.7649033251635777,5.477327677585591e-08,0.001552071290106622,  ,  ,  ,  
5.477379923057271e-08,1.1,5.477379923057271e-08,0.001231378146032281,5.477379923057271e-08,0.01522333507384624,5.477379923057271e-08,0.7649272746943248,5.477379923057271e-08,0.001633800282057076,  ,  ,  ,  
5.477457125564113e-08,1.1,5.477457125564113e-08,0.001248001104135441,5.477457125564113e-08,0.01564103729490552,5.477457125564113e-08,0.7649632896708637,5.477457125564113e-08,0.001757894141303174,  ,  ,  ,  
5.477539437283662e-08,1.1,5.477539437283662e-08,0.001263060870952883,5.477539437283662e-08,0.01603738028322875,5.477539437283662e-08,0.765001914847864,5.477539437283662e-08,0.001892714289368658,  ,  ,  ,  
5.477614915229012e-08,1.1,5.477614915229012e-08,0.001275106769594748,5.477614915229012e-08,0.01633887323199859,5.477614915229012e-08,0.7650372321964026,5.477614915229012e-08,0.00201722776611889,  ,  ,  ,  
5.477692058834371e-08,1.1,5.477692058834371e-08,0.00128631807696429,5.477692058834371e-08,0.01658439864280001,5.477692058834371e-08,0.7650729958668281,5.477692058834371e-08,0.002144384586176678,  ,  ,  ,  
5.4777741650268e-08,1.1,5.4777741650268e-08,0.001297504037495036,5.4777741650268e-08,0.01677522759661267,5.4777741650268e-08,0.7651104722632024,5.4777741650268e-08,0.00227845918691639,  ,  ,  ,  
5.477874384357967e-08,1.1,5.477874384357967e-08,0.001310504663375765,5.477874384357967e-08,0.01692161292130876,5.477874384357967e-08,0.7651552167493434,5.477874384357967e-08,0.002438487884490365,  ,  ,  ,  
5.477990306531426e-08,1.1,5.477990306531426e-08,0.001324713962183385,5.477990306531426e-08,0.01699246078508314,5.477990306531426e-08,0.765205182019535,5.477990306531426e-08,0.00261537083707877,  ,  ,  ,  
5.478102572375122e-08,1.1,5.478102572375122e-08,0.001337066100268968,5.478102572375122e-08,0.01697854452628086,5.478102572375122e-08,0.7652508618476652,5.478102572375122e-08,0.002774267623161539,  ,  ,  ,  
5.478209456689991e-08,1.1,5.478209456689991e-08,0.001346357480319778,5.478209456689991e-08,0.01690345896154552,5.478209456689991e-08,0.7652905759044353,5.478209456689991e-08,0.002909023719797456,  ,  ,  ,  
5.478314984218077e-08,1.1,5.478314984218077e-08,0.001350911777415001,5.478314984218077e-08,0.01678111850209534,5.478314984218077e-08,0.7653249410664126,5.478314984218077e-08,0.003014572764679231,  ,  ,  ,  
5.478418852460525e-08,1.1,5.478418852460525e-08,0.001351785732965372,5.478418852460525e-08,0.0166224857212771,5.478418852460525e-08,0.7653534006734098,5.478418852460525e-08,0.003087547247252215,  ,  ,  ,  
5.478530186440408e-08,1.1,5.478530186440408e-08,0.001350747136673996,5.478530186440408e-08,0.01642172630620084,5.478530186440408e-08,0.7653805364826974,5.478530186440408e-08,0.00316844275751275,  ,  ,  ,  
5.478641598952383e-08,1.1,5.478641598952383e-08,0.001346603913470407,5.478641598952383e-08,0.01619993293502892,5.478641598952383e-08,0.7654049189975336,5.478641598952383e-08,0.003228752778713646,  ,  ,  ,  
5.478734567957301e-08,1.1,5.478734567957301e-08,0.001340719731327231,5.478734567957301e-08,0.01600242133628003,5.478734567957301e-08,0.7654239556221731,5.478734567957301e-08,0.00326302623768506,  ,  ,  ,  
5.478849216720187e-08,1.1,5.478849216720187e-08,0.00133065288234555,5.478849216720187e-08,0.01574519890562341,5.478849216720187e-08,0.7654470486661609,5.478849216720187e-08,0.003286343660607068,  ,  ,  ,  
5.478979696519313e-08,1.1,5.478979696519313e-08,0.001315403690082637,5.478979696519313e-08,0.01543338633638047,5.478979696519313e-08,0.7654749890452069,5.478979696519313e-08,0.003287498658551039,  ,  ,  ,  
5.479101484229831e-08,1.1,5.479101484229831e-08,0.001297402655960808,5.479101484229831e-08,0.01512092628584102,5.479101484229831e-08,0.7655050324336441,5.479101484229831e-08,0.003263431479076593,  ,  ,  ,  
5.479207707851624e-08,1.1,5.479207707851624e-08,0.001278826483589913,5.479207707851624e-08,0.01482896725224149,5.479207707851624e-08,0.7655359633062792,5.479207707851624e-08,0.003221819311914852,  ,  ,  ,  
5.479298743750909e-08,1.1,5.479298743750909e-08,0.001261199425835709,5.479298743750909e-08,0.01456280920037095,5.479298743750909e-08,0.76556665786177,5.479298743750909e-08,0.003170678202096592,  ,  ,  ,  
5.479377479441829e-08,1.1,5.479377479441829e-08,0.001245632575374023,5.479377479441829e-08,0.01432214390848839,5.479377479441829e-08,0.7655966535410005,5.479377479441829e-08,0.003115736524821046,  ,  ,  ,  
5.479448128524565e-08,1.1,5.479448128524565e-08,0.001232624556656493,5.479448128524565e-08,0.01410191434116517,5.479448128524565e-08,0.7656266073312759,5.479448128524565e-08,0.003059637848382487,  ,  ,  ,  
5.479513671753509e-08,1.1,5.479513671753509e-08,0.00122248850936157,5.479513671753509e-08,0.01389945058382065,5.479513671753509e-08,0.7656571441858639,5.479513671753509e-08,0.003003636106031961,  ,  ,  ,  
5.479573468253106e-08,1.1,5.479573468253106e-08,0.001215550271514223,5.479573468253106e-08,0.01372196632782523,5.479573468253106e-08,0.7656872593775863,5.479573468253106e-08,0.002950643604536421,  ,  ,  ,  
5.479627653014418e-08,1.1,5.479627653014418e-08,0.001211607882246578,5.479627653014418e-08,0.01357265169223714,5.479627653014418e-08,0.7657160867073535,5.479627653014418e-08,0.002902155873658776,  ,  ,  ,  
5.479677871244599e-08,1.1,5.479677871244599e-08,0.001210723831785876,5.479677871244599e-08,0.01345123596837917,5.479677871244599e-08,0.7657445197361534,5.479677871244599e-08,0.00285874912618457,  ,  ,  ,  
5.4797225166137e-08,1.1,5.4797225166137e-08,0.001212474626240639,5.4797225166137e-08,0.01336214360574156,5.4797225166137e-08,0.7657710966085522,5.4797225166137e-08,0.002822301548396285,  ,  ,  ,  
5.479763559068492e-08,1.1,5.479763559068492e-08,0.001216619146165973,5.479763559068492e-08,0.01330114727086018,5.479763559068492e-08,0.7657966651962992,5.479763559068492e-08,0.002791803586708804,  ,  ,  ,  
5.479801927915914e-08,1.1,5.479801927915914e-08,0.001222905156205512,5.479801927915914e-08,0.01326652571969586,5.479801927915914e-08,0.7658215971085878,5.479801927915914e-08,0.002766757205493867,  ,  ,  ,  
5.479838547964892e-08,1.1,5.479838547964892e-08,0.001231130702918939,5.479838547964892e-08,0.0132572365653074,5.479838547964892e-08,0.7658461804808427,5.479838547964892e-08,0.002746595668587269,  ,  ,  ,  
5.479874195128246e-08,1.1,5.479874195128246e-08,0.001241116904252211,5.479874195128246e-08,0.01327304737274596,5.479874195128246e-08,0.7658705724262617,5.479874195128246e-08,0.002730749618108244,  ,  ,  ,  
5.479909462387925e-08,1.1,5.479909462387925e-08,0.001253039496059714,5.479909462387925e-08,0.01331550887747794,5.479909462387925e-08,0.7658952281050866,5.479909462387925e-08,0.002719473170777595,  ,  ,  ,  
5.479944409389449e-08,1.1,5.479944409389449e-08,0.001266771090018064,5.479944409389449e-08,0.01338598002367867,5.479944409389449e-08,0.7659200928404343,5.479944409389449e-08,0.002713062592013207,  ,  ,  ,  
5.479979556694489e-08,1.1,5.479979556694489e-08,0.001282300449823533,5.479979556694489e-08,0.01348655107650148,5.479979556694489e-08,0.7659453423309358,5.479979556694489e-08,0.002711577897747124,  ,  ,  ,  
5.480015088403656e-08,1.1,5.480015088403656e-08,0.001299522695960848,5.480015088403656e-08,0.0136191380849688,5.480015088403656e-08,0.7659708819139434,5.480015088403656e-08,0.00271524472439379,  ,  ,  ,  
5.480051684819478e-08,1.1,5.480051684819478e-08,0.001318564705454812,5.480051684819478e-08,0.01378818081700484,5.480051684819478e-08,0.7659969265069423,5.480051684819478e-08,0.002724455526736896,  ,  ,  ,  
5.480089751580133e-08,1.1,5.480089751580133e-08,0.001339385906378383,5.480089751580133e-08,0.01399924050580714,5.480089751580133e-08,0.7660234072847985,5.480089751580133e-08,0.002739725657994277,  ,  ,  ,  
5.480130770843131e-08,1.1,5.480130770843131e-08,0.001362511359936406,5.480130770843131e-08,0.01426230132304196,5.480130770843131e-08,0.7660508284960313,5.480130770843131e-08,0.002762320510856349,  ,  ,  ,  
5.480175788446274e-08,1.1,5.480175788446274e-08,0.00138770603783951,5.480175788446274e-08,0.01458760988093953,5.480175788446274e-08,0.7660787268716065,5.480175788446274e-08,0.002793346905130814,  ,  ,  ,  
5.480226127430904e-08,1.1,5.480226127430904e-08,0.001415130483208711,5.480226127430904e-08,0.01498960970402802,5.480226127430904e-08,0.7661066976116017,5.480226127430904e-08,0.002834968025800816,  ,  ,  ,  
5.480275071723102e-08,1.1,5.480275071723102e-08,0.001440637076810785,5.480275071723102e-08,0.01541028703970568,5.480275071723102e-08,0.7661301800438801,5.480275071723102e-08,0.002881385794527014,  ,  ,  ,  
5.480323624208974e-08,1.1,5.480323624208974e-08,0.001464135746447172,5.480323624208974e-08,0.01584724706128733,5.480323624208974e-08,0.7661490800624392,5.480323624208974e-08,0.002931832545848588,  ,  ,  ,  
5.480375501006499e-08,1.1,5.480375501006499e-08,0.001486680878853504,5.480375501006499e-08,0.01632699895724163,5.480375501006499e-08,0.7661638048210914,5.480375501006499e-08,0.002989279568184122,  ,  ,  ,  
5.480427653271889e-08,1.1,5.480427653271889e-08,0.001506352148719528,5.480427653271889e-08,0.01681486082036939,5.480427653271889e-08,0.7661724486182179,5.480427653271889e-08,0.003049477550689907,  ,  ,  ,  
5.480475813142248e-08,1.1,5.480475813142248e-08,0.001521406321530673,5.480475813142248e-08,0.01726481140759574,5.480475813142248e-08,0.7661745532557932,5.480475813142248e-08,0.003106029107349446,  ,  ,  ,  
5.480525122017848e-08,1.1,5.480525122017848e-08,0.001533232182004701,5.480525122017848e-08,0.01771738669918293,5.480525122017848e-08,0.7661705781398571,5.480525122017848e-08,0.003163591731718877,  ,  ,  ,  
5.480583531504496e-08,1.1,5.480583531504496e-08,0.001542241508488941,5.480583531504496e-08,0.01823394544576801,5.480583531504496e-08,0.7661580278733999,5.480583531504496e-08,0.003229922080530983,  ,  ,  ,  
5.480636257467192e-08,1.1,5.480636257467192e-08,0.001546179946915147,5.480636257467192e-08,0.01867639345621739,5.480636257467192e-08,0.7661404790812339,5.480636257467192e-08,0.003287841478780299,  ,  ,  ,  
5.480685308783785e-08,1.1,5.480685308783785e-08,0.001546998390027866,5.480685308783785e-08,0.0190638565415238,5.480685308783785e-08,0.7661201604270939,5.480685308783785e-08,0.00334037390900034,  ,  ,  ,  
5.480741549960488e-08,1.1,5.480741549960488e-08,0.001545549032634325,5.480741549960488e-08,0.0194756824282223,5.480741549960488e-08,0.7660938109182973,5.480741549960488e-08,0.003399569876924155,  ,  ,  ,  
5.480806378780476e-08,1.1,5.480806378780476e-08,0.001542140022170551,5.480806378780476e-08,0.01990392347618448,5.480806378780476e-08,0.7660616798946115,5.480806378780476e-08,0.003467575844429169,  ,  ,  ,  
5.480876690558794e-08,1.1,5.480876690558794e-08,0.001537926883028587,5.480876690558794e-08,0.0203089962964793,5.480876690558794e-08,0.7660270696167375,5.480876690558794e-08,0.003542480010367807,  ,  ,  ,  
5.48095001016803e-08,1.1,5.48095001016803e-08,0.001534403071083313,5.48095001016803e-08,0.02066313817400868,5.48095001016803e-08,0.765992937819319,5.48095001016803e-08,0.003623299439291414,  ,  ,  ,  
5.481023855836154e-08,1.1,5.481023855836154e-08,0.00153268181063082,5.481023855836154e-08,0.02094764356628817,5.481023855836154e-08,0.7659613314918483,5.481023855836154e-08,0.003708488668961306,  ,  ,  ,  
5.48110140192568e-08,1.1,5.48110140192568e-08,0.00153296236662487,5.48110140192568e-08,0.02116669379955624,5.48110140192568e-08,0.7659303229373189,5.48110140192568e-08,0.003801898638062438,  ,  ,  ,  
5.481177080578383e-08,1.1,5.481177080578383e-08,0.001534730845566231,5.481177080578383e-08,0.02130042620186329,5.481177080578383e-08,0.765899793226119,5.481177080578383e-08,0.003895826723878924,  ,  ,  ,  
5.48125370534565e-08,1.1,5.48125370534565e-08,0.001537245021490339,5.48125370534565e-08,0.02135694172020567,5.48125370534565e-08,0.7658660300337736,5.48125370534565e-08,0.003991977134991548,  ,  ,  ,  
5.481336607610651e-08,1.1,5.481336607610651e-08,0.001539657333525771,5.481336607610651e-08,0.0213333880844051,5.481336607610651e-08,0.7658232026673015,5.481336607610651e-08,0.004094776852931328,  ,  ,  ,  
5.48143081761899e-08,1.1,5.48143081761899e-08,0.00154117423198608,5.48143081761899e-08,0.02121036572885686,5.48143081761899e-08,0.7657621429437762,5.48143081761899e-08,0.004207839987452386,  ,  ,  ,  
5.481534612583277e-08,1.1,5.481534612583277e-08,0.001539634611087443,5.481534612583277e-08,0.0209708464356543,5.481534612583277e-08,0.7656757897635719,5.481534612583277e-08,0.004324339623804043,  ,  ,  ,  
5.481623282482319e-08,1.1,5.481623282482319e-08,0.001534096390417619,5.481623282482319e-08,0.02068979905516709,5.481623282482319e-08,0.7655857513736627,5.481623282482319e-08,0.004414193616819214,  ,  ,  ,  
5.481705009156512e-08,1.1,5.481705009156512e-08,0.001524650129635319,5.481705009156512e-08,0.020377111420644,5.481705009156512e-08,0.7654931795849704,5.481705009156512e-08,0.00448722483852225,  ,  ,  ,  
5.481785612717115e-08,1.1,5.481785612717115e-08,0.001511128170884311,5.481785612717115e-08,0.02002622479997496,5.481785612717115e-08,0.7654031764903759,5.481785612717115e-08,0.004547868320685257,  ,  ,  ,  
5.481867688723495e-08,1.1,5.481867688723495e-08,0.001493554227712172,5.481867688723495e-08,0.01962911146431945,5.481867688723495e-08,0.7653306978313454,5.481867688723495e-08,0.00459569070090037,  ,  ,  ,  
5.481954577007576e-08,1.1,5.481954577007576e-08,0.001472030441146916,5.481954577007576e-08,0.01916316737959344,5.481954577007576e-08,0.765305511127055,5.481954577007576e-08,0.004627903186269991,  ,  ,  ,  
5.482047572634284e-08,1.1,5.482047572634284e-08,0.00144722833481244,5.482047572634284e-08,0.01860622605867984,5.482047572634284e-08,0.7653818275836236,5.482047572634284e-08,0.004637286037394116,  ,  ,  ,  
5.482135306137843e-08,1.1,5.482135306137843e-08,0.001423303586681112,5.482135306137843e-08,0.01801910546927228,5.482135306137843e-08,0.765588220793463,5.482135306137843e-08,0.004618831557532788,  ,  ,  ,  
5.482224959248056e-08,1.1,5.482224959248056e-08,0.001398126166421206,5.482224959248056e-08,0.01735169478572622,5.482224959248056e-08,0.7659565615979084,5.482224959248056e-08,0.004569133084527123,  ,  ,  ,  
5.482314676293809e-08,1.1,5.482314676293809e-08,0.001371305471912628,5.482314676293809e-08,0.01661724434992326,5.482314676293809e-08,0.7664911589526802,5.482314676293809e-08,0.004486964657790286,  ,  ,  ,  
5.482400826298582e-08,1.1,5.482400826298582e-08,0.00134406938821373,5.482400826298582e-08,0.01585971707347978,5.482400826298582e-08,0.7671568946875922,5.482400826298582e-08,0.004379551000838426,  ,  ,  ,  
5.482496587178009e-08,1.1,5.482496587178009e-08,0.001312774104991297,5.482496587178009e-08,0.01497883169428599,5.482496587178009e-08,0.7680536621929528,5.482496587178009e-08,0.004232338688981621,  ,  ,  ,  
5.482586933936776e-08,1.1,5.482586933936776e-08,0.001282193051930954,5.482586933936776e-08,0.01413109374175509,5.482586933936776e-08,0.7690190423799069,5.482586933936776e-08,0.004071398899369963,  ,  ,  ,  
5.482662695553938e-08,1.1,5.482662695553938e-08,0.001255109013869193,5.482662695553938e-08,0.01341919500064371,5.482662695553938e-08,0.7698875139474598,5.482662695553938e-08,0.003922125365762199,  ,  ,  ,  
5.482739988095521e-08,1.1,5.482739988095521e-08,0.001224661827246904,5.482739988095521e-08,0.01269699219383304,5.482739988095521e-08,0.7707927126083628,5.482739988095521e-08,0.003757015017294752,  ,  ,  ,  
5.482805506060257e-08,1.1,5.482805506060257e-08,0.001196248269799978,5.482805506060257e-08,0.0120921677861934,5.482805506060257e-08,0.77155807176603,5.482805506060257e-08,0.003608393489082303,  ,  ,  ,  
5.482864661056624e-08,1.1,5.482864661056624e-08,0.001168940327877259,5.482864661056624e-08,0.01155536130432818,5.482864661056624e-08,0.7722440697973372,5.482864661056624e-08,0.003469155555658006,  ,  ,  ,  
5.482928829724569e-08,1.1,5.482928829724569e-08,0.001138183996189963,5.482928829724569e-08,0.01098554635139208,5.482928829724569e-08,0.7729779714423467,5.482928829724569e-08,0.003314517088972044,  ,  ,  ,  
5.483014864765761e-08,1.1,5.483014864765761e-08,0.00109631590893949,5.483014864765761e-08,0.01024684339874658,5.483014864765761e-08,0.773938780983476,5.483014864765761e-08,0.003104638014855522,  ,  ,  ,  
5.483123322925329e-08,1.1,5.483123322925329e-08,0.001044293526393115,5.483123322925329e-08,0.009361909009174114,5.483123322925329e-08,0.7751024064154546,5.483123322925329e-08,0.002840731863747711,  ,  ,  ,  
5.483231793305179e-08,1.1,5.483231793305179e-08,0.0009980130931455426,5.483231793305179e-08,0.008539913096664305,5.483231793305179e-08,0.7762316168852649,5.483231793305179e-08,0.002585992210582624,  ,  ,  ,  
5.483339077075577e-08,1.1,5.483339077075577e-08,0.0009655960719920737,5.483339077075577e-08,0.007801594079748266,5.483339077075577e-08,0.7773835276047912,5.483339077075577e-08,0.002352576021847962,  ,  ,  ,  
5.483445872417912e-08,1.1,5.483445872417912e-08,0.0009597754095450898,5.483445872417912e-08,0.007165076495990039,5.483445872417912e-08,0.7787383938593001,5.483445872417912e-08,0.00215306421741771,  ,  ,  ,  
5.483542923477272e-08,1.1,5.483542923477272e-08,0.0009946236699278214,5.483542923477272e-08,0.006706655976762765,5.483542923477272e-08,0.7804210799915579,5.483542923477272e-08,0.002018115893613207,  ,  ,  ,  
5.483630622066439e-08,1.1,5.483630622066439e-08,0.001072814539738908,5.483630622066439e-08,0.006418176652698157,5.483630622066439e-08,0.7826034977866049,5.483630622066439e-08,0.001945705872150801,  ,  ,  ,  
5.483711251303532e-08,1.1,5.483711251303532e-08,0.001191655907518487,5.483711251303532e-08,0.006280546507515108,5.483711251303532e-08,0.7854378348918567,5.483711251303532e-08,0.00192803901863789,  ,  ,  ,  
5.483783501413259e-08,1.1,5.483783501413259e-08,0.001338356671465404,5.483783501413259e-08,0.006274856285933736,5.483783501413259e-08,0.7888555793430474,5.483783501413259e-08,0.001955283959540715,  ,  ,  ,  
5.483864462868042e-08,1.1,5.483864462868042e-08,0.001543951295313301,5.483864462868042e-08,0.006406706538899731,5.483864462868042e-08,0.793871786903437,5.483864462868042e-08,0.002033864256500505,  ,  ,  ,  
5.483943318586927e-08,1.1,5.483943318586927e-08,0.001772646426294604,5.483943318586927e-08,0.006662460264264979,5.483943318586927e-08,0.8000255766931325,5.483943318586927e-08,0.00215208212333615,  ,  ,  ,  
5.484017577579405e-08,1.1,5.484017577579405e-08,0.001997828858865285,5.484017577579405e-08,0.006997004822508359,5.484017577579405e-08,0.8069408019352352,5.484017577579405e-08,0.002292427684222356,  ,  ,  ,  
5.484097758480931e-08,1.1,5.484097758480931e-08,0.002234902681239179,5.484097758480931e-08,0.00743184878530685,5.484097758480931e-08,0.8155549299387754,5.484097758480931e-08,0.002465391754508715,  ,  ,  ,  
5.484177464433931e-08,1.1,5.484177464433931e-08,0.002450822244563331,5.484177464433931e-08,0.007904068544211619,5.484177464433931e-08,0.8251595284138679,5.484177464433931e-08,0.002648859720928793,  ,  ,  ,  
5.484242809828835e-08,1.1,5.484242809828835e-08,0.002606999367312319,5.484242809828835e-08,0.008299202614281728,5.484242809828835e-08,0.8337021793219526,5.484242809828835e-08,0.002801712980930952,  ,  ,  ,  
5.484311500990229e-08,1.1,5.484311500990229e-08,0.002747819046570983,5.484311500990229e-08,0.008704733796590579,5.484311500990229e-08,0.8432236128091821,5.484311500990229e-08,0.002960186245340432,  ,  ,  ,  
5.484391349802596e-08,1.1,5.484391349802596e-08,0.002880929617888189,5.484391349802596e-08,0.009145852634886934,5.484391349802596e-08,0.8548491455154511,5.484391349802596e-08,0.003137203919983172,  ,  ,  ,  
5.484475978853066e-08,1.1,5.484475978853066e-08,0.002988024194127333,5.484475978853066e-08,0.009563418472333701,5.484475978853066e-08,0.8676690653862054,5.484475978853066e-08,0.003312822630638341,  ,  ,  ,  
5.484572139653605e-08,1.1,5.484572139653605e-08,0.003071594141310018,5.484572139653605e-08,0.009963359732562944,5.484572139653605e-08,0.8826631977658755,5.484572139653605e-08,0.003494152460224544,  ,  ,  ,  
5.484684053096228e-08,1.1,5.484684053096228e-08,0.003125477699850796,5.484684053096228e-08,0.01032217774837363,5.484684053096228e-08,0.9004356384055074,5.484684053096228e-08,0.003678524376902855,  ,  ,  ,  
5.484801889579595e-08,1.1,5.484801889579595e-08,0.00314072008436061,5.484801889579595e-08,0.01057692118686777,5.484801889579595e-08,0.9192653729930241,5.484801889579595e-08,0.00384050867555518,  ,  ,  ,  
5.48492926644716e-08,1.1,5.48492926644716e-08,0.003119193513703459,5.48492926644716e-08,0.01071918326534995,5.48492926644716e-08,0.9394861974317112,5.48492926644716e-08,0.003978634302720798,  ,  ,  ,  
5.485051507492935e-08,1.1,5.485051507492935e-08,0.003069065350800261,5.485051507492935e-08,0.01073836995268286,5.485051507492935e-08,0.9585499115523461,5.485051507492935e-08,0.004075875799385788,  ,  ,  ,  
5.48517404664426e-08,1.1,5.48517404664426e-08,0.002995907276335364,5.48517404664426e-08,0.0106567908400288,5.48517404664426e-08,0.97714914739465,5.48517404664426e-08,0.004139879997216293,  ,  ,  ,  
5.48530560249145e-08,1.1,5.48530560249145e-08,0.002896889448649692,5.48530560249145e-08,0.01047309884067923,5.48530560249145e-08,0.9963807922173019,5.48530560249145e-08,0.004172861790430104,  ,  ,  ,  
5.485453236930469e-08,1.1,5.485453236930469e-08,0.002764984955339507,5.485453236930469e-08,0.01016770054157234,5.485453236930469e-08,1.016871311408101,5.485453236930469e-08,0.004168098433633313,  ,  ,  ,  
5.485631824485383e-08,1.1,5.485631824485383e-08,0.002581840334057836,5.485631824485383e-08,0.009684613969842569,5.485631824485383e-08,1.039876250445908,5.485631824485383e-08,0.004108221913298836,  ,  ,  ,  
5.485839435658354e-08,1.1,5.485839435658354e-08,0.002346628561763201,5.485839435658354e-08,0.009007200412769915,5.485839435658354e-08,1.063908808576374,5.485839435658354e-08,0.003975368663826753,  ,  ,  ,  
5.485994741785254e-08,1.1,5.485994741785254e-08,0.002161986658414954,5.485994741785254e-08,0.008444492903316628,5.485994741785254e-08,1.079887699638967,5.485994741785254e-08,0.003840145832154054,  ,  ,  ,  
5.486109255474687e-08,1.1,5.486109255474687e-08,0.002024248323127501,5.486109255474687e-08,0.008012069503421464,5.486109255474687e-08,1.09054733326805,5.486109255474687e-08,0.003724507103376201,  ,  ,  ,  
5.486206581656657e-08,1.1,5.486206581656657e-08,0.001908548983551829,5.486206581656657e-08,0.007639771926781306,5.486206581656657e-08,1.098852227285046,5.486206581656657e-08,0.003618126689864437,  ,  ,  ,  
5.486293142736601e-08,1.1,5.486293142736601e-08,0.001805955843820148,5.486293142736601e-08,0.007309441562162267,5.486293142736601e-08,1.10565679245314,5.486293142736601e-08,0.003519245714547237,  ,  ,  ,  
5.486374917548014e-08,1.1,5.486374917548014e-08,0.001711075168652418,5.486374917548014e-08,0.007000858025104697,5.486374917548014e-08,1.111594508711423,5.486374917548014e-08,0.003423452575311787,  ,  ,  ,  
5.486455330261912e-08,1.1,5.486455330261912e-08,0.001620427385943895,5.486455330261912e-08,0.006703086898874049,5.486455330261912e-08,1.116980231222455,5.486455330261912e-08,0.003327894157989474,  ,  ,  ,  
5.486541532745028e-08,1.1,5.486541532745028e-08,0.001526533400930832,5.486541532745028e-08,0.006392290105723807,5.486541532745028e-08,1.122271541468135,5.486541532745028e-08,0.003224933711749547,  ,  ,  ,  
5.486632596980446e-08,1.1,5.486632596980446e-08,0.00143126950591907,5.486632596980446e-08,0.006075364317953999,5.486632596980446e-08,1.127341976947303,5.486632596980446e-08,0.003116649829526704,  ,  ,  ,  
5.486739084316859e-08,1.1,5.486739084316859e-08,0.001325391009955537,5.486739084316859e-08,0.005720584321772146,5.486739084316859e-08,1.132631640697961,5.486739084316859e-08,0.002991845969027471,  ,  ,  ,  
5.48689078500595e-08,1.1,5.48689078500595e-08,0.001185109344508515,5.48689078500595e-08,0.005246245556854755,5.48689078500595e-08,1.139070436725772,5.48689078500595e-08,0.002819692804459233,  ,  ,  ,  
5.487047192529521e-08,1.1,5.487047192529521e-08,0.001053900286227005,5.487047192529521e-08,0.00480042707093836,5.487047192529521e-08,1.14449628702762,5.487047192529521e-08,0.002652535584950729,  ,  ,  ,  
5.487181047959496e-08,1.1,5.487181047959496e-08,0.0009521950469354865,5.487181047959496e-08,0.004456150799515386,5.487181047959496e-08,1.14826959828856,5.487181047959496e-08,0.00252034848647697,  ,  ,  ,  
5.48731148746416e-08,1.1,5.48731148746416e-08,0.0008616119390910684,5.48731148746416e-08,0.004152828225729017,5.48731148746416e-08,1.151271037835471,5.48731148746416e-08,0.002402741532988077,  ,  ,  ,  
5.487439250674294e-08,1.1,5.487439250674294e-08,0.0007800100516055967,5.487439250674294e-08,0.00388136670408421,5.487439250674294e-08,1.153648074829107,5.487439250674294e-08,0.002297908325807586,  ,  ,  ,  
5.487561364471724e-08,1.1,5.487561364471724e-08,0.0007080254535792914,5.487561364471724e-08,0.00363915719188676,5.487561364471724e-08,1.155467928181511,5.487561364471724e-08,0.002205986366535229,  ,  ,  ,  
5.487671621628835e-08,1.1,5.487671621628835e-08,0.0006477794934975628,5.487671621628835e-08,0.003430268013557918,5.487671621628835e-08,1.156780432848904,5.487671621628835e-08,0.002128432881189136,  ,  ,  ,  
5.487778592121291e-08,1.1,5.487778592121291e-08,0.0005935894545420807,5.487778592121291e-08,0.00323376001706412,5.487778592121291e-08,1.157793201375157,5.487778592121291e-08,0.002056701670699128,  ,  ,  ,  
5.487888763036889e-08,1.1,5.487888763036889e-08,0.0005421846748531093,5.487888763036889e-08,0.003036784872464682,5.487888763036889e-08,1.158603560543171,5.487888763036889e-08,0.00198520902181247,  ,  ,  ,  
5.488011003032271e-08,1.1,5.488011003032271e-08,0.0004903607077755084,5.488011003032271e-08,0.002824686328020934,5.488011003032271e-08,1.159265135621576,5.488011003032271e-08,0.001907468106475799,  ,  ,  ,  
5.488148115465196e-08,1.1,5.488148115465196e-08,0.0004386121936350569,5.488148115465196e-08,0.002596669073221895,5.488148115465196e-08,1.159755117055807,5.488148115465196e-08,0.001821402369774758,  ,  ,  ,  
5.488295577275926e-08,1.1,5.488295577275926e-08,0.0003901650652307683,5.488295577275926e-08,0.002366237259018275,5.488295577275926e-08,1.160033733613623,5.488295577275926e-08,0.001729217866902255,  ,  ,  ,  
5.488453781258354e-08,1.1,5.488453781258354e-08,0.0003459995141709688,5.488453781258354e-08,0.002139754333248248,5.488453781258354e-08,1.160098386267822,5.488453781258354e-08,0.001630653333879277,  ,  ,  ,  
5.488621208757228e-08,1.1,5.488621208757228e-08,0.0003073194291492361,5.488621208757228e-08,0.00192615859981212,5.488621208757228e-08,1.159954321990602,5.488621208757228e-08,0.001525806743552223,  ,  ,  ,  
5.488780961041577e-08,1.1,5.488780961041577e-08,0.0002773102827949404,5.488780961041577e-08,0.00174814754569503,5.488780961041577e-08,1.159653371421436,5.488780961041577e-08,0.001423535883434424,  ,  ,  ,  
5.4889452247595e-08,1.1,5.4889452247595e-08,0.0002527263249513636,5.4889452247595e-08,0.001591280507637241,5.4889452247595e-08,1.159211915565331,5.4889452247595e-08,0.001313013668009532,  ,  ,  ,  
5.489123038166187e-08,1.1,5.489123038166187e-08,0.0002324570728829187,5.489123038166187e-08,0.00144882655443322,5.489123038166187e-08,1.158615261411799,5.489123038166187e-08,0.00118270387913216,  ,  ,  ,  
5.489316161758087e-08,1.1,5.489316161758087e-08,0.0002167636314172458,5.489316161758087e-08,0.00132324213342351,5.489316161758087e-08,1.15785830123085,5.489316161758087e-08,0.001023957528541063,  ,  ,  ,  
5.489509474686896e-08,1.1,5.489509474686896e-08,0.0002057145570429854,5.489509474686896e-08,0.001222554173351989,5.489509474686896e-08,1.157012950975064,5.489509474686896e-08,0.0008445018754744172,  ,  ,  ,  
5.489669633253569e-08,1.1,5.489669633253569e-08,0.000200445849266485,5.489669633253569e-08,0.001154660687705123,5.489669633253569e-08,1.156263100201489,5.489669633253569e-08,0.0006838117043660105,  ,  ,  ,  
5.489829421841952e-08,1.1,5.489829421841952e-08,0.0001980590494421153,5.489829421841952e-08,0.001100052489983138,5.489829421841952e-08,1.155483237715717,5.489829421841952e-08,0.0005170048882103807,  ,  ,  ,  
5.490000820929614e-08,1.1,5.490000820929614e-08,0.0001974171916257149,5.490000820929614e-08,0.001054734766881615,5.490000820929614e-08,1.154622387893078,5.490000820929614e-08,0.0003347481574688021,  ,  ,  ,  
5.490191113566774e-08,1.1,5.490191113566774e-08,0.0001980871183177479,5.490191113566774e-08,0.001017913662560129,5.490191113566774e-08,1.153649282528671,5.490191113566774e-08,0.0001337127681549103,  ,  ,  ,  
5.490413186577347e-08,1.1,5.490413186577347e-08,0.0001995113323585147,5.490413186577347e-08,0.0009875071599615576,5.490413186577347e-08,1.152502965837879,5.490413186577347e-08,-9.315657450026014e-05,  ,  ,  ,  
5.490667604101497e-08,1.1,5.490667604101497e-08,0.0002013962640257421,5.490667604101497e-08,0.0009633176164695105,5.490667604101497e-08,1.151190052716387,5.490667604101497e-08,-0.00033592938707593,  ,  ,  ,  
5.490909613410184e-08,1.1,5.490909613410184e-08,0.0002052313859571675,5.490909613410184e-08,0.00095332055690594,5.490909613410184e-08,1.149954272524697,5.490909613410184e-08,-0.0005628036718348803,  ,  ,  ,  
5.491127012078454e-08,1.1,5.491127012078454e-08,0.0002177721495382753,5.491127012078454e-08,0.0009660451282112598,5.491127012078454e-08,1.148866917224273,5.491127012078454e-08,-0.0007063896085141554,  ,  ,  ,  
5.49131727872051e-08,1.1,5.49131727872051e-08,0.0002373565960139456,5.49131727872051e-08,0.000999494306884463,5.49131727872051e-08,1.147937111000984,5.49131727872051e-08,-0.0007924565305455135,  ,  ,  ,  
5.491464788114485e-08,1.1,5.491464788114485e-08,0.0002586950550565959,5.491464788114485e-08,0.001041618557974378,5.491464788114485e-08,1.147231618579201,5.491464788114485e-08,-0.000827384085731415,  ,  ,  ,  
5.49160179398147e-08,1.1,5.49160179398147e-08,0.0002821465236642972,5.49160179398147e-08,0.001094108468713073,5.49160179398147e-08,1.146588314196467,5.49160179398147e-08,-0.0008314821012847404,  ,  ,  ,  
5.491744561982871e-08,1.1,5.491744561982871e-08,0.0003082281465168553,5.491744561982871e-08,0.001161335426964764,5.491744561982871e-08,1.145929486061658,5.491744561982871e-08,-0.0008050796884099303,  ,  ,  ,  
5.491901726709465e-08,1.1,5.491901726709465e-08,0.0003355080246496748,5.491901726709465e-08,0.001245471283231494,5.491901726709465e-08,1.145217534373369,5.491901726709465e-08,-0.0007404810184103186,  ,  ,  ,  
5.49206239066767e-08,1.1,5.49206239066767e-08,0.0003594844241087001,5.49206239066767e-08,0.001334488841868484,5.49206239066767e-08,1.144504236661406,5.49206239066767e-08,-0.0006386486406215094,  ,  ,  ,  
5.492234236524949e-08,1.1,5.492234236524949e-08,0.0003782647309281418,5.492234236524949e-08,0.001423225407515506,5.492234236524949e-08,1.143758216921639,5.492234236524949e-08,-0.0004954030204292373,  ,  ,  ,  
5.492370078079187e-08,1.1,5.492370078079187e-08,0.0003871562760165822,5.492370078079187e-08,0.001482641277333986,5.492370078079187e-08,1.143181175127369,5.492370078079187e-08,-0.0003626322149818869,  ,  ,  ,  
5.492487698866753e-08,1.1,5.492487698866753e-08,0.0003902402215399963,5.492487698866753e-08,0.001521944150278322,5.492487698866753e-08,1.142690412287593,5.492487698866753e-08,-0.0002392540849713077,  ,  ,  ,  
5.492614469903218e-08,1.1,5.492614469903218e-08,0.0003888901867493131,5.492614469903218e-08,0.001547151173384427,5.492614469903218e-08,1.142169463255216,5.492614469903218e-08,-0.0001048182437129997,  ,  ,  ,  
5.492753433495701e-08,1.1,5.492753433495701e-08,0.0003825519088598584,5.492753433495701e-08,0.001549957202634087,5.492753433495701e-08,1.141604042942707,5.492753433495701e-08,3.459597277865525e-05,  ,  ,  ,  
5.492888101287368e-08,1.1,5.492888101287368e-08,0.0003715114868445699,5.492888101287368e-08,0.001522009034813475,5.492888101287368e-08,1.141054270333541,5.492888101287368e-08,0.0001495966119326049,  ,  ,  ,  
5.49299931614614e-08,1.1,5.49299931614614e-08,0.0003578022443082858,5.49299931614614e-08,0.001469329064873529,5.49299931614614e-08,1.140590954995228,5.49299931614614e-08,0.0002187239878470645,  ,  ,  ,  
5.493099724518628e-08,1.1,5.493099724518628e-08,0.000341270944342456,5.493099724518628e-08,0.0013928868153507,5.493099724518628e-08,1.140158071046725,5.493099724518628e-08,0.0002527791815982296,  ,  ,  ,  
5.49319653298415e-08,1.1,5.49319653298415e-08,0.0003219485165828427,5.49319653298415e-08,0.001290943675590545,5.49319653298415e-08,1.13972278365438,5.49319653298415e-08,0.0002558738434059718,  ,  ,  ,  
5.493287406730735e-08,1.1,5.493287406730735e-08,0.0003018356320211946,5.493287406730735e-08,0.001172910601280148,5.493287406730735e-08,1.139297608575605,5.493287406730735e-08,0.0002317771465101378,  ,  ,  ,  
5.493377243322585e-08,1.1,5.493377243322585e-08,0.0002816159367798653,5.493377243322585e-08,0.001039562678578903,5.493377243322585e-08,1.138864526545137,5.493377243322585e-08,0.0001865212140334503,  ,  ,  ,  
5.493470071652091e-08,1.1,5.493470071652091e-08,0.0002623899104407762,5.493470071652091e-08,0.0008936328264674127,5.493470071652091e-08,1.138408122901781,5.493470071652091e-08,0.000122266001541751,  ,  ,  ,  
5.493583774613847e-08,1.1,5.493583774613847e-08,0.0002418162898249179,5.493583774613847e-08,0.0007110547646460717,5.493583774613847e-08,1.137838981161319,5.493583774613847e-08,2.450583262244214e-05,  ,  ,  ,  
5.493690768176618e-08,1.1,5.493690768176618e-08,0.0002249022635746446,5.493690768176618e-08,0.0005396208418402227,5.493690768176618e-08,1.137291778408041,5.493690768176618e-08,-8.258000695087762e-05,  ,  ,  ,  
5.493793788087632e-08,1.1,5.493793788087632e-08,0.0002100725370620582,5.493793788087632e-08,0.000377792684852989,5.493793788087632e-08,1.136752420277126,5.493793788087632e-08,-0.0001958753548629541,  ,  ,  ,  
5.493902224227616e-08,1.1,5.493902224227616e-08,0.0001967850727356382,5.493902224227616e-08,0.0002166596690920698,5.493902224227616e-08,1.136174395096409,5.493902224227616e-08,-0.0003197931014832345,  ,  ,  ,  
5.494012637676528e-08,1.1,5.494012637676528e-08,0.0001902372478533513,5.494012637676528e-08,7.41147750043324e-05,5.494012637676528e-08,1.135591563723712,5.494012637676528e-08,-0.0004403666004410902,  ,  ,  ,  
5.494114957492363e-08,1.1,5.494114957492363e-08,0.0001949531493605137,5.494114957492363e-08,-2.981151026974843e-05,5.494114957492363e-08,1.135079439664435,5.494114957492363e-08,-0.0005385053631109511,  ,  ,  ,  
5.494220954323642e-08,1.1,5.494220954323642e-08,0.0002155144148742035,5.494220954323642e-08,-9.74634973675728e-05,5.494220954323642e-08,1.134615541028487,5.494220954323642e-08,-0.0006160236245633864,  ,  ,  ,  
5.494299804394234e-08,1.1,5.494299804394234e-08,0.0002427617342330042,5.494299804394234e-08,-0.0001139279092947485,5.494299804394234e-08,1.134338336289723,5.494299804394234e-08,-0.0006510567743793493,  ,  ,  ,  
5.494371080460968e-08,1.1,5.494371080460968e-08,0.0002755315598086902,5.494371080460968e-08,-0.0001008858938156052,5.494371080460968e-08,1.134151600869567,5.494371080460968e-08,-0.0006612184985801471,  ,  ,  ,  
5.494450530573903e-08,1.1,5.494450530573903e-08,0.0003184388503565143,5.494450530573903e-08,-5.335436254324218e-05,5.494450530573903e-08,1.134020129595251,5.494450530573903e-08,-0.0006472415798536371,  ,  ,  ,  
5.494541983602782e-08,1.1,5.494541983602782e-08,0.0003722260416315725,5.494541983602782e-08,4.138416421835409e-05,5.494541983602782e-08,1.133964812751988,5.494541983602782e-08,-0.0005975865148050133,  ,  ,  ,  
5.494634238767865e-08,1.1,5.494634238767865e-08,0.0004282847788725145,5.494634238767865e-08,0.0001735760412017989,5.494634238767865e-08,1.134007962463818,5.494634238767865e-08,-0.0005124528197747552,  ,  ,  ,  
5.4947281065793e-08,1.1,5.4947281065793e-08,0.0004851387118400072,5.4947281065793e-08,0.0003375193567249094,5.4947281065793e-08,1.134165459444443,5.4947281065793e-08,-0.0003938506377512923,  ,  ,  ,  
5.494813419678551e-08,1.1,5.494813419678551e-08,0.0005350994873709637,5.494813419678551e-08,0.0005039578784345822,5.494813419678551e-08,1.134426022948248,5.494813419678551e-08,-0.0002639180864633756,  ,  ,  ,  
5.494893513318988e-08,1.1,5.494893513318988e-08,0.0005789058020082618,5.494893513318988e-08,0.0006673186419072748,5.494893513318988e-08,1.134784997811151,5.494893513318988e-08,-0.0001290853606913591,  ,  ,  ,  
5.494977356725148e-08,1.1,5.494977356725148e-08,0.0006188525567993345,5.494977356725148e-08,0.0008365515073601847,5.494977356725148e-08,1.135273621550667,5.494977356725148e-08,1.851219567760932e-05,  ,  ,  ,  
5.495057004441462e-08,1.1,5.495057004441462e-08,0.0006487866036673556,5.495057004441462e-08,0.0009881834530632283,5.495057004441462e-08,1.135822606729308,5.495057004441462e-08,0.0001595820699523583,  ,  ,  ,  
5.495137895542752e-08,1.1,5.495137895542752e-08,0.0006705999440955688,5.495137895542752e-08,0.001127727500277497,5.495137895542752e-08,1.136445303561768,5.495137895542752e-08,0.0002996103656663522,  ,  ,  ,  
5.495234905120119e-08,1.1,5.495234905120119e-08,0.0006852896060746206,5.495234905120119e-08,0.001270794622848325,5.495234905120119e-08,1.137245769018413,5.495234905120119e-08,0.000458992955987705,  ,  ,  ,  
5.495341154796292e-08,1.1,5.495341154796292e-08,0.0006869558118741525,5.495341154796292e-08,0.001392500778287097,5.495341154796292e-08,1.138139687163589,5.495341154796292e-08,0.0006171653370980462,  ,  ,  ,  
5.495416193454867e-08,1.1,5.495416193454867e-08,0.0006785036500312859,5.495416193454867e-08,0.00145306262247606,5.495416193454867e-08,1.138745782275378,5.495416193454867e-08,0.0007138886444747108,  ,  ,  ,  
5.495482278802691e-08,1.1,5.495482278802691e-08,0.0006640431929211864,5.495482278802691e-08,0.001485604590705277,5.495482278802691e-08,1.139226647334586,5.495482278802691e-08,0.0007851391249326195,  ,  ,  ,  
5.49555556299106e-08,1.1,5.49555556299106e-08,0.0006399164807997276,5.49555556299106e-08,0.001494338322793227,5.49555556299106e-08,1.139647660778316,5.49555556299106e-08,0.0008476712741298912,  ,  ,  ,  
5.495636588799957e-08,1.1,5.495636588799957e-08,0.0006024156315145363,5.495636588799957e-08,0.001463597374463106,5.495636588799957e-08,1.139888523754425,5.495636588799957e-08,0.0008926072093914661,  ,  ,  ,  
5.495725381258907e-08,1.1,5.495725381258907e-08,0.0005471795566782517,5.495725381258907e-08,0.001371778952929091,5.495725381258907e-08,1.139747098136649,5.495725381258907e-08,0.0009083595758594829,  ,  ,  ,  
5.49583399394755e-08,1.1,5.49583399394755e-08,0.0004558139078531693,5.49583399394755e-08,0.001159655468353528,5.49583399394755e-08,1.138721513235061,5.49583399394755e-08,0.0008738348697190003,  ,  ,  ,  
5.495937244614934e-08,1.1,5.495937244614934e-08,0.0003392831021061131,5.495937244614934e-08,0.0008364695152745798,5.495937244614934e-08,1.136545656511279,5.495937244614934e-08,0.0007803374640319517,  ,  ,  ,  
5.49602289968323e-08,1.1,5.49602289968323e-08,0.0002182528530264005,5.49602289968323e-08,0.0004659395979973836,5.49602289968323e-08,1.133614873933021,5.49602289968323e-08,0.0006556411054202359,  ,  ,  ,  
5.496120348617327e-08,1.1,5.496120348617327e-08,5.557842787972932e-05,5.496120348617327e-08,-7.341423262456532e-05,5.496120348617327e-08,1.128797679868776,5.496120348617327e-08,0.0004637820973944247,  ,  ,  ,  
5.496195537413761e-08,1.1,5.496195537413761e-08,-8.333051448182358e-05,5.496195537413761e-08,-0.0005680248064294806,5.496195537413761e-08,1.123931722293915,5.496195537413761e-08,0.0002840510590234584,  ,  ,  ,  
5.496255861707828e-08,1.1,5.496255861707828e-08,-0.0001987555173254292,5.496255861707828e-08,-0.001006914600470282,5.496255861707828e-08,1.119303866030118,5.496255861707828e-08,0.0001238804171044359,  ,  ,  ,  
5.496315324882635e-08,1.1,5.496315324882635e-08,-0.0003117557564511039,5.496315324882635e-08,-0.001464829877821365,5.496315324882635e-08,1.114133277574907,5.496315324882635e-08,-4.306565744690812e-05,  ,  ,  ,  
5.49640035968754e-08,1.1,5.49640035968754e-08,-0.0004651126930291123,5.49640035968754e-08,-0.002140484798531729,5.49640035968754e-08,1.10577297704297,5.49640035968754e-08,-0.0002896047013967471,  ,  ,  ,  
5.496490889300636e-08,1.1,5.496490889300636e-08,-0.0006127815599400566,5.496490889300636e-08,-0.002863029122049071,5.496490889300636e-08,1.095751810093306,5.496490889300636e-08,-0.0005557158132482037,  ,  ,  ,  
5.496584468398294e-08,1.1,5.496584468398294e-08,-0.0007464141945955793,5.496584468398294e-08,-0.003590790062034059,5.496584468398294e-08,1.084331746480057,5.496584468398294e-08,-0.0008286785007019328,  ,  ,  ,  
5.49671411122816e-08,1.1,5.49671411122816e-08,-0.0008990336618961309,5.49671411122816e-08,-0.00453195769649604,5.49671411122816e-08,1.067070805833864,5.49671411122816e-08,-0.001192766415949878,  ,  ,  ,  
5.496864810144783e-08,1.1,5.496864810144783e-08,-0.001031768817474833,5.496864810144783e-08,-0.005492653594907075,5.496864810144783e-08,1.04542231428008,5.496864810144783e-08,-0.001583370629409369,  ,  ,  ,  
5.497018169635847e-08,1.1,5.497018169635847e-08,-0.001122957614995753,5.497018169635847e-08,-0.006300500247870214,5.497018169635847e-08,1.022220479711685,5.497018169635847e-08,-0.001959292046456575,  ,  ,  ,  
5.497170359176609e-08,1.1,5.497170359176609e-08,-0.001170184452287612,5.497170359176609e-08,-0.006919779649313375,5.497170359176609e-08,0.9985976936383392,5.497170359176609e-08,-0.002255289863430802,  ,  ,  ,  
5.49731408912282e-08,1.1,5.49731408912282e-08,-0.001179969489688514,5.49731408912282e-08,-0.007336676977684865,5.49731408912282e-08,0.9762290432573353,5.49731408912282e-08,-0.00247891226922097,  ,  ,  ,  
5.497454681801323e-08,1.1,5.497454681801323e-08,-0.00115758854944649,5.497454681801323e-08,-0.007586041952073611,5.497454681801323e-08,0.9547345218666083,5.497454681801323e-08,-0.002639100672929349,  ,  ,  ,  
5.497591222830071e-08,1.1,5.497591222830071e-08,-0.001105309633385828,5.497591222830071e-08,-0.00767728596269867,5.497591222830071e-08,0.934635180673516,5.497591222830071e-08,-0.002732777675995412,  ,  ,  ,  
5.497719198143018e-08,1.1,5.497719198143018e-08,-0.001030222084893566,5.497719198143018e-08,-0.007629127816503176,5.497719198143018e-08,0.916821134754083,5.497719198143018e-08,-0.002761983693630547,  ,  ,  ,  
5.497851364148042e-08,1.1,5.497851364148042e-08,-0.0009312038669117349,5.497851364148042e-08,-0.007452493526321677,5.497851364148042e-08,0.8997362279787012,5.497851364148042e-08,-0.00273410582682568,  ,  ,  ,  
5.497947634388978e-08,1.1,5.497947634388978e-08,-0.0008489152887513774,5.497947634388978e-08,-0.007250996573135451,5.497947634388978e-08,0.8882268147876887,5.497947634388978e-08,-0.002679908379198502,  ,  ,  ,  
5.498034171270526e-08,1.1,5.498034171270526e-08,-0.0007715078796010776,5.498034171270526e-08,-0.007025020913624433,5.498034171270526e-08,0.8786019636249325,5.498034171270526e-08,-0.002610143363950309,  ,  ,  ,  
5.498130007099178e-08,1.1,5.498130007099178e-08,-0.0006833332153208424,5.498130007099178e-08,-0.00673308523445749,5.498130007099178e-08,0.8687761957697384,5.498130007099178e-08,-0.002513031339816737,  ,  ,  ,  
5.498238751666147e-08,1.1,5.498238751666147e-08,-0.0005816762809244714,5.498238751666147e-08,-0.006357250193600692,5.498238751666147e-08,0.8587210534400057,5.498238751666147e-08,-0.00238168050274702,  ,  ,  ,  
5.498363520541919e-08,1.1,5.498363520541919e-08,-0.0004642814979796362,5.498363520541919e-08,-0.00587684465004258,5.498363520541919e-08,0.8486497070220911,5.498363520541919e-08,-0.002208520901547148,  ,  ,  ,  
5.498506938854899e-08,1.1,5.498506938854899e-08,-0.0003302256112352963,5.498506938854899e-08,-0.005271015854721848,5.498506938854899e-08,0.83902359421156,5.498506938854899e-08,-0.001986985512995213,  ,  ,  ,  
5.498635641095697e-08,1.1,5.498635641095697e-08,-0.0002135214667181629,5.498635641095697e-08,-0.004690761896876956,5.498635641095697e-08,0.8321301403898818,5.498635641095697e-08,-0.001774488057155367,  ,  ,  ,  
5.498751901882708e-08,1.1,5.498751901882708e-08,-0.0001142191516335742,5.498751901882708e-08,-0.004150900391435208,5.498751901882708e-08,0.8272545636172552,5.498751901882708e-08,-0.001577630353431966,  ,  ,  ,  
5.498865814459471e-08,1.1,5.498865814459471e-08,-2.542257796587326e-05,5.498865814459471e-08,-0.003623126717987827,5.498865814459471e-08,0.8236246122295764,5.498865814459471e-08,-0.001385814198386036,  ,  ,  ,  
5.498978177304787e-08,1.1,5.498978177304787e-08,5.193990591281221e-05,5.498978177304787e-08,-0.003118242072490838,5.498978177304787e-08,0.8210408157629482,5.498978177304787e-08,-0.001202154619189605,  ,  ,  ,  
5.499099722826874e-08,1.1,5.499099722826874e-08,0.0001230276732220662,5.499099722826874e-08,-0.002604460546784041,5.499099722826874e-08,0.8192114018945614,5.499099722826874e-08,-0.001013871299103424,  ,  ,  ,  
5.499244869714129e-08,1.1,5.499244869714129e-08,0.0001910455367070582,5.499244869714129e-08,-0.002050827388650087,5.499244869714129e-08,0.8181158221475688,5.499244869714129e-08,-0.0008068565819896203,  ,  ,  ,  
5.499446954388902e-08,1.1,5.499446954388902e-08,0.0002588027958303426,5.499446954388902e-08,-0.001404616398882262,5.499446954388902e-08,0.8180998959526218,5.499446954388902e-08,-0.0005550251519058973,  ,  ,  ,  
5.499644955881638e-08,1.1,5.499644955881638e-08,0.0003003922011418946,5.499644955881638e-08,-0.0009127483916428292,5.499644955881638e-08,0.8193393195424103,5.499644955881638e-08,-0.0003499897274761704,  ,  ,  ,  
5.499829124156066e-08,1.1,5.499829124156066e-08,0.0003231123238575407,5.499829124156066e-08,-0.0005699951076963929,5.499829124156066e-08,0.8212717432565457,5.499829124156066e-08,-0.0001819321551895514,  ,  ,  ,  
5.500009753817012e-08,1.1,5.500009753817012e-08,0.0003336843446691949,5.500009753817012e-08,-0.0003253773347466635,5.500009753817012e-08,0.8236549712292943,5.500009753817012e-08,-6.213561840672162e-05,  ,  ,  ,  
5.500187002495181e-08,1.1,5.500187002495181e-08,0.0003381773293861736,5.500187002495181e-08,-0.000154206812655797,5.500187002495181e-08,0.8263030003081389,5.500187002495181e-08,3.404414418454827e-05,  ,  ,  ,  
5.500373881978223e-08,1.1,5.500373881978223e-08,0.0003389344943061575,5.500373881978223e-08,-2.92493924490651e-05,5.500373881978223e-08,0.8293058583584135,5.500373881978223e-08,0.0001158189070003689,  ,  ,  ,  
5.500579760145822e-08,1.1,5.500579760145822e-08,0.000337116118100837,5.500579760145822e-08,6.175475004495868e-05,5.500579760145822e-08,0.8327670782494105,5.500579760145822e-08,0.0001866498841123854,  ,  ,  ,  
5.500813952054562e-08,1.1,5.500813952054562e-08,0.0003334101116385139,5.500813952054562e-08,0.000125738129709541,5.500813952054562e-08,0.8368144357602606,5.500813952054562e-08,0.0002479292004264363,  ,  ,  ,  
5.501085142624157e-08,1.1,5.501085142624157e-08,0.0003282749653480327,5.501085142624157e-08,0.0001672105869620867,5.501085142624157e-08,0.8415706655897497,5.501085142624157e-08,0.000299239349108924,  ,  ,  ,  
5.50140322741369e-08,1.1,5.50140322741369e-08,0.0003220436501332353,5.50140322741369e-08,0.0001905961563432153,5.50140322741369e-08,0.8471740858415792,5.50140322741369e-08,0.0003395965096962045,  ,  ,  ,  
5.501781281943365e-08,1.1,5.501781281943365e-08,0.0003149059435777081,5.501781281943365e-08,0.0001998353188932539,5.501781281943365e-08,0.8538050498697227,5.501781281943365e-08,0.0003680499503844563,  ,  ,  ,  
5.502239863551593e-08,1.1,5.502239863551593e-08,0.0003068086553951688,5.502239863551593e-08,0.000199490700740388,5.502239863551593e-08,0.8617493465501699,5.502239863551593e-08,0.0003839107053683545,  ,  ,  ,  
5.50280840034317e-08,1.1,5.50280840034317e-08,0.0002974631637696102,5.50280840034317e-08,0.0001931371131306205,5.50280840034317e-08,0.8713981911722392,5.50280840034317e-08,0.0003866359254956336,  ,  ,  ,  
5.503536734584408e-08,1.1,5.503536734584408e-08,0.0002861618743190595,5.503536734584408e-08,0.0001830262772554798,5.503536734584408e-08,0.8833935535876918,5.503536734584408e-08,0.0003759830986970119,  ,  ,  ,  
5.50446212482995e-08,1.1,5.50446212482995e-08,0.0002723038984631423,5.50446212482995e-08,0.0001706753350675573,5.50446212482995e-08,0.898011203394927,5.50446212482995e-08,0.000353122387567751,  ,  ,  ,  
5.505693445111162e-08,1.1,5.505693445111162e-08,0.0002542169279538379,5.505693445111162e-08,0.0001561482459834677,5.505693445111162e-08,0.9163612156483348,5.505693445111162e-08,0.0003195157376380979,  ,  ,  ,  
5.507485929209875e-08,1.1,5.507485929209875e-08,0.0002283865256143947,5.507485929209875e-08,0.0001377266810323858,5.507485929209875e-08,0.9408408532488162,5.507485929209875e-08,0.0002749102043032358,  ,  ,  ,  
5.510531282541259e-08,1.1,5.510531282541259e-08,0.0001866415736343004,5.510531282541259e-08,0.0001110719621145673,5.510531282541259e-08,0.9765984349131073,5.510531282541259e-08,0.0002144813757444627,  ,  ,  ,  
5.514924196330934e-08,1.1,5.514924196330934e-08,0.0001338788136830689,5.514924196330934e-08,7.971256204260347e-05,5.514924196330934e-08,1.01655502296814,5.514924196330934e-08,0.0001503012890833991,  ,  ,  ,  
5.519594953217773e-08,1.1,5.519594953217773e-08,8.973647198820614e-05,5.519594953217773e-08,5.427238470068713e-05,5.519594953217773e-08,1.046511782811709,5.519594953217773e-08,0.0001012886609810067,  ,  ,  ,  
5.523925416980102e-08,1.1,5.523925416980102e-08,5.988986783847953e-05,5.523925416980102e-08,3.721481817113816e-05,5.523925416980102e-08,1.065321826747027,5.523925416980102e-08,6.864327572224975e-05,  ,  ,  ,  
5.528201197781807e-08,1.1,5.528201197781807e-08,3.925603080528891e-05,5.528201197781807e-08,2.535580192028146e-05,5.528201197781807e-08,1.077732316611174,5.528201197781807e-08,4.565660863325123e-05,  ,  ,  ,  
5.532592610020617e-08,1.1,5.532592610020617e-08,2.498787277665315e-05,5.532592610020617e-08,1.706868922002651e-05,5.532592610020617e-08,1.086055145229726,5.532592610020617e-08,2.937777919321829e-05,  ,  ,  ,  
5.537282505075433e-08,1.1,5.537282505075433e-08,1.517444926319187e-05,5.537282505075433e-08,1.12938827079072e-05,5.537282505075433e-08,1.091662708720169,5.537282505075433e-08,1.796326825159187e-05,  ,  ,  ,  
5.542491059091588e-08,1.1,5.542491059091588e-08,8.478075578661791e-06,5.542491059091588e-08,7.315883959944471e-06,5.542491059091588e-08,1.095391843083102,5.542491059091588e-08,1.016256752433835e-05,  ,  ,  ,  
5.548446333403833e-08,1.1,5.548446333403833e-08,4.236125668690236e-06,5.548446333403833e-08,4.684281824615875e-06,5.548446333403833e-08,1.097754869812615,5.548446333403833e-08,5.131798419082809e-06,  ,  ,  ,  
5.555436290446028e-08,1.1,5.555436290446028e-08,1.753822506626398e-06,5.555436290446028e-08,3.048278805987451e-06,5.555436290446028e-08,1.099127620969827,5.555436290446028e-08,2.174941386645134e-06,  ,  ,  ,  
5.563871280067327e-08,1.1,5.563871280067327e-08,4.982536837832397e-07,5.563871280067327e-08,2.108844483766661e-06,5.563871280067327e-08,1.099815158740177,5.563871280067327e-08,6.770421933753976e-07,  ,  ,  ,  
5.574402496990256e-08,1.1,5.574402496990256e-08,1.906273882060689e-08,5.574402496990256e-08,1.612608023231812e-06,5.574402496990256e-08,1.100072712175104,5.574402496990256e-08,1.026028217157861e-07,  ,  ,  ,  
5.588162762045769e-08,1.1,5.588162762045769e-08,-5.339199677857084e-08,5.588162762045769e-08,1.34680436036293e-06,5.588162762045769e-08,1.100103191926433,5.588162762045769e-08,1.105557572671624e-08,  ,  ,  ,  
5.607391487659695e-08,1.1,5.607391487659695e-08,1.924236191685546e-08,5.607391487659695e-08,1.163565859249658e-06,5.607391487659695e-08,1.100053669389965,5.607391487659695e-08,9.104829554395166e-08,  ,  ,  ,  
5.636595256026947e-08,1.1,5.636595256026947e-08,8.2471344926216e-08,5.636595256026947e-08,9.724959370812326e-07,5.636595256026947e-08,1.10000929218903,5.636595256026947e-08,1.599063187222305e-07,  ,  ,  ,  
5.672192796142274e-08,1.1,5.672192796142274e-08,9.088844752615015e-08,5.672192796142274e-08,8.002875819913186e-07,5.672192796142274e-08,1.099997414383565,5.672192796142274e-08,1.653541119410073e-07,  ,  ,  ,  
5.71560149753251e-08,1.1,5.71560149753251e-08,7.888895175270277e-08,5.71560149753251e-08,6.542979848891775e-07,5.71560149753251e-08,1.099998402884026,5.71560149753251e-08,1.476753937547889e-07,  ,  ,  ,  
5.76895907092963e-08,1.1,5.76895907092963e-08,6.747328424213564e-08,5.76895907092963e-08,5.368336723707688e-07,5.76895907092963e-08,1.100000183905588,5.76895907092963e-08,1.313822689044871e-07,  ,  ,  ,  
5.834860445659551e-08,1.1,5.834860445659551e-08,5.995611913214975e-08,5.834860445659551e-08,4.432990412114931e-07,5.834860445659551e-08,1.100000650062673,5.834860445659551e-08,1.202473253121954e-07,  ,  ,  ,  
5.917011338625764e-08,1.1,5.917011338625764e-08,5.449631889128658e-08,5.917011338625764e-08,3.676405490715995e-07,5.917011338625764e-08,1.100000623675271,5.917011338625764e-08,1.119628699939142e-07,  ,  ,  ,  
6.000000000000001e-08,1.099999999999964,6.000000000000001e-08,5.074389456576412e-08,6.000000000000001e-08,3.161608393100492e-07,6.000000000000001e-08,1.100000586981072,6.000000000000001e-08,1.062579880393854e-07,  ,  ,  ,  
6.001319187531248e-08,1.027444685781369,6.001319187531248e-08,-9.833828186682772e-10,6.001319187531248e-08,2.755845218253446e-07,6.001319187531248e-08,1.100000569878878,6.001319187531248e-08,-1.434633879784138e-06,  ,  ,  ,  
6.002659787361854e-08,0.9537116950980473,6.002659787361854e-08,6.273026720931973e-08,6.002659787361854e-08,3.271682466065632e-07,6.002659787361854e-08,1.10000059494479,6.002659787361854e-08,-7.405514445516944e-08,  ,  ,  ,  
6.005340987023065e-08,0.8062457137314047,6.005340987023065e-08,5.925931973082612e-08,6.005340987023065e-08,3.239733035746958e-07,6.005340987023065e-08,1.100000588911569,6.005340987023065e-08,9.226756348719176e-07,  ,  ,  ,  
6.006179473374432e-08,0.7601289644062394,6.006179473374432e-08,7.33535891389944e-08,6.006179473374432e-08,3.375063451095171e-07,6.006179473374432e-08,1.100000596017317,6.006179473374432e-08,1.533715237311811e-06,  ,  ,  ,  
6.007247507316725e-08,0.7013870975801429,6.007247507316725e-08,1.637311789320727e-07,6.007247507316725e-08,4.334793997727064e-07,6.007247507316725e-08,1.100000640645069,6.007247507316725e-08,5.359371346137334e-06,  ,  ,  ,  
6.007666627332445e-08,0.6783354967155246,6.007666627332445e-08,2.677274273065791e-07,6.007666627332445e-08,5.411677115229863e-07,6.007666627332445e-08,1.100000691699109,6.007666627332445e-08,9.221416096892895e-06,  ,  ,  ,  
6.008123322061932e-08,0.6532172865937557,6.008123322061932e-08,4.393406121647154e-07,6.008123322061932e-08,7.251372364634934e-07,6.008123322061932e-08,1.100000776177024,6.008123322061932e-08,1.634702139702595e-05,  ,  ,  ,  
6.008512472209028e-08,0.631814028503475,6.008512472209028e-08,6.561714205848007e-07,6.008512472209028e-08,9.61507013111234e-07,6.008512472209028e-08,1.100000883645169,6.008512472209028e-08,2.594046661846714e-05,  ,  ,  ,  
6.008796852871208e-08,0.6161730920835617,6.008796852871208e-08,8.812752389537801e-07,6.008796852871208e-08,1.205689956021781e-06,6.008796852871208e-08,1.100000995497923,6.008796852871208e-08,3.587724330363213e-05,  ,  ,  ,  
6.009029704666208e-08,0.603366243358594,6.009029704666208e-08,1.124712317974356e-06,6.009029704666208e-08,1.46848251008724e-06,6.009029704666208e-08,1.100001116301177,6.009029704666208e-08,4.653723618339127e-05,  ,  ,  ,  
6.009266962284115e-08,0.5903170743736743,6.009266962284115e-08,1.443625599245673e-06,6.009266962284115e-08,1.812545675949588e-06,6.009266962284115e-08,1.100001274359896,6.009266962284115e-08,6.050276895404777e-05,  ,  ,  ,  
6.009730518051381e-08,0.5648215071740778,6.009730518051381e-08,2.34727056095737e-06,6.009730518051381e-08,2.794207369301541e-06,6.009730518051381e-08,1.10000172254372,6.009730518051381e-08,0.000101017189404376,  ,  ,  ,  
6.01006406268749e-08,0.5464765521880345,6.01006406268749e-08,3.388269427658758e-06,6.01006406268749e-08,3.913090926558616e-06,6.01006406268749e-08,1.100002239005698,6.01006406268749e-08,0.0001462048811481608,  ,  ,  ,  
6.010347595087941e-08,0.5308822701632716,6.010347595087941e-08,4.596102351441413e-06,6.010347595087941e-08,5.21685757658771e-06,6.010347595087941e-08,1.100002836929267,6.010347595087941e-08,0.0001992958368200885,  ,  ,  ,  
6.010625522596657e-08,0.5155962571838526,6.010625522596657e-08,5.925547848875177e-06,6.010625522596657e-08,6.709227047012749e-06,6.010625522596657e-08,1.100003496338812,6.010625522596657e-08,0.0002652253971300979,  ,  ,  ,  
6.010885433119499e-08,0.5013011784275623,6.010885433119499e-08,7.101756097659391e-06,6.010885433119499e-08,8.12226055761506e-06,6.010885433119499e-08,1.100004088650819,6.010885433119499e-08,0.0003367341410395945,  ,  ,  ,  
6.011128423543878e-08,0.4879367050867395,6.011128423543878e-08,8.064484177258707e-06,6.011128423543878e-08,9.360122571211703e-06,6.011128423543878e-08,1.100004587918,6.011128423543878e-08,0.000408984706200512,  ,  ,  ,  
6.011349202946379e-08,0.475793837949155,6.011349202946379e-08,8.801739988213438e-06,6.011349202946379e-08,1.036450563679397e-05,6.011349202946379e-08,1.100004981814694,6.011349202946379e-08,0.0004764912767105312,  ,  ,  ,  
6.01153253097008e-08,0.4657107966456301,6.01153253097008e-08,9.19059871462963e-06,6.01153253097008e-08,1.099050796239888e-05,6.01153253097008e-08,1.100005200353923,6.01153253097008e-08,0.0005307702572839178,  ,  ,  ,  
6.011678758724952e-08,0.4576682701276445,6.011678758724952e-08,9.149794964623709e-06,6.011678758724952e-08,1.117246205039965e-05,6.011678758724952e-08,1.100005201059936,6.011678758724952e-08,0.0005690909669676147,  ,  ,  ,  
6.011820215038721e-08,0.4498881728703701,6.011820215038721e-08,8.560593019961414e-06,6.011820215038721e-08,1.085128886113759e-05,6.011820215038721e-08,1.100004934478873,6.011820215038721e-08,0.0005965953602898123,  ,  ,  ,  
6.011991640988827e-08,0.440459745614536,6.011991640988827e-08,6.674945025949208e-06,6.011991640988827e-08,9.375436031201784e-06,6.011991640988827e-08,1.100004047606927,6.011991640988827e-08,0.0006056523467434462,  ,  ,  ,  
6.012136893998809e-08,0.4324708300655252,6.012136893998809e-08,3.493326976551355e-06,6.012136893998809e-08,6.641170437437799e-06,6.012136893998809e-08,1.100002527499647,6.012136893998809e-08,0.0005786714237398358,  ,  ,  ,  
6.012277969662132e-08,0.424711668582762,6.012277969662132e-08,-1.839527801065725e-06,6.012277969662132e-08,1.882404921538686e-06,6.012277969662132e-08,1.099999959791599,6.012277969662132e-08,0.0005022004786002745,  ,  ,  ,  
6.01241938895702e-08,0.4169336073638945,6.01241938895702e-08,-1.068479831239858e-05,6.01241938895702e-08,-6.170998489846928e-06,6.01241938895702e-08,1.099995683907515,6.01241938895702e-08,0.0003458108252357349,  ,  ,  ,  
6.012574135704066e-08,0.4084225362763865,6.012574135704066e-08,-2.646325825156438e-05,6.012574135704066e-08,-2.075460003356637e-05,6.012574135704066e-08,1.099988051489964,6.012574135704066e-08,2.939327881456366e-05,  ,  ,  ,  
6.012761210953769e-08,0.3981333975426856,6.012761210953769e-08,-5.805126065335294e-05,6.012761210953769e-08,-5.040444874855608e-05,6.012761210953769e-08,1.099972790423013,6.012761210953769e-08,-0.0006823128824099937,  ,  ,  ,  
6.012959240835388e-08,0.3872417540536605,6.012959240835388e-08,-0.0001095321564870229,6.012959240835388e-08,-9.979330276997677e-05,6.012959240835388e-08,1.099948075927666,6.012959240835388e-08,-0.001995373221657964,  ,  ,  ,  
6.013207428837409e-08,0.3735914139425126,6.013207428837409e-08,-0.0001995318732394719,6.013207428837409e-08,-0.0001902385329484528,6.013207428837409e-08,1.099904627385036,6.013207428837409e-08,-0.004712595490105552,  ,  ,  ,  
6.013509653702783e-08,0.3569690463469509,6.013509653702783e-08,-0.0003353010361101874,6.013509653702783e-08,-0.0003351945269563174,6.013509653702783e-08,1.099838469339347,6.013509653702783e-08,-0.009835607746462966,  ,  ,  ,  
6.013754210874111e-08,0.343518401923908,6.013754210874111e-08,-0.0004485178192597469,6.013754210874111e-08,-0.0004654693864806294,6.013754210874111e-08,1.099782419063337,6.013754210874111e-08,-0.01532653373561818,  ,  ,  ,  
6.013935766251764e-08,0.333532856153002,6.013935766251764e-08,-0.0005287199856929306,6.013935766251764e-08,-0.0005634041775502935,6.013935766251764e-08,1.099741771776845,6.013935766251764e-08,-0.02007656904790614,  ,  ,  ,  
6.014143467408435e-08,0.3221092925360695,6.014143467408435e-08,-0.0006127009155291272,6.014143467408435e-08,-0.0006718015997764924,6.014143467408435e-08,1.099698100472318,6.014143467408435e-08,-0.02606515502156164,  ,  ,  ,  
6.014377826596333e-08,0.3092195372016889,6.014377826596333e-08,-0.0006938952756483217,6.014377826596333e-08,-0.0007832347340157546,6.014377826596333e-08,1.099654544392075,6.014377826596333e-08,-0.03332177237111167,  ,  ,  ,  
6.014605625586788e-08,0.2966905927266638,6.014605625586788e-08,-0.0007560937198202831,6.014605625586788e-08,-0.0008755043107267684,6.014605625586788e-08,1.099619787761546,6.014605625586788e-08,-0.04066724813698152,  ,  ,  ,  
6.014840552853791e-08,0.2837695930415091,6.014840552853791e-08,-0.000801196186068017,6.014840552853791e-08,-0.0009507004460268688,6.014840552853791e-08,1.099592942219747,6.014840552853791e-08,-0.0483259791920748,  ,  ,  ,  
6.015121235585755e-08,0.268332042783455,6.015121235585755e-08,-0.0008310756062581265,6.015121235585755e-08,-0.001012518871030245,6.015121235585755e-08,1.099572536484931,6.015121235585755e-08,-0.05734221325317283,  ,  ,  ,  
6.015458781323189e-08,0.249767027224586,6.015458781323189e-08,-0.000840119936333889,6.015458781323189e-08,-0.001051429279015948,6.015458781323189e-08,1.099561598049621,6.015458781323189e-08,-0.06782420310942357,  ,  ,  ,  
6.015722527664554e-08,0.2352609784495585,6.015722527664554e-08,-0.0008324407828310523,6.015722527664554e-08,-0.001060232179391819,6.015722527664554e-08,1.099560828648078,6.015722527664554e-08,-0.0757701167893008,  ,  ,  ,  
6.01596205695735e-08,0.2220868673457382,6.01596205695735e-08,-0.0008169419136120837,6.01596205695735e-08,-0.001055387673372474,6.01596205695735e-08,1.099564521290819,6.01596205695735e-08,-0.08289562310429657,  ,  ,  ,  
6.016211828570835e-08,0.2083494286040644,6.016211828570835e-08,-0.0007920930438996864,6.016211828570835e-08,-0.00103901246602141,6.016211828570835e-08,1.099572050036788,6.016211828570835e-08,-0.09038285432882689,  ,  ,  ,  
6.01648914429043e-08,0.1930970640263486,6.01648914429043e-08,-0.0007509507558828317,6.01648914429043e-08,-0.001006413152917631,6.01648914429043e-08,1.099584736247536,6.01648914429043e-08,-0.09899392845541699,  ,  ,  ,  
6.016825364288168e-08,0.1746049641507696,6.016825364288168e-08,-0.0006727968315175562,6.016825364288168e-08,-0.000941404226718328,6.016825364288168e-08,1.099607007959981,6.016825364288168e-08,-0.1102652829484754,  ,  ,  ,  
6.017111958692423e-08,0.1588422719167512,6.017111958692423e-08,-0.0005716807162632357,6.017111958692423e-08,-0.0008597803530253937,6.017111958692423e-08,1.099632637430067,6.017111958692423e-08,-0.1209939449726902,  ,  ,  ,  
6.017341857903512e-08,0.1461978153068254,6.017341857903512e-08,-0.0004614876698224144,6.017341857903512e-08,-0.0007750271286345938,6.017341857903512e-08,1.099657472297184,6.017341857903512e-08,-0.1306584463721226,  ,  ,  ,  
6.01754069198035e-08,0.1352619410807309,6.01754069198035e-08,-0.0003450902295719491,6.01754069198035e-08,-0.0006883069234563935,6.01754069198035e-08,1.099681949684623,6.01754069198035e-08,-0.1399971514557329,  ,  ,  ,  
6.017726116947249e-08,0.1250635679013126,6.017726116947249e-08,-0.000233031005671499,6.017726116947249e-08,-0.0005981115111981003,6.017726116947249e-08,1.099707789276575,6.017726116947249e-08,-0.1496776474293904,  ,  ,  ,  
6.017932036098701e-08,0.113738014571428,6.017932036098701e-08,-0.0001149220720382889,6.017932036098701e-08,-0.0004885405073463127,6.017932036098701e-08,1.099739466852036,6.017932036098701e-08,-0.1615817913835844,  ,  ,  ,  
6.018139622243107e-08,0.1023207766291099,6.018139622243107e-08,-1.596121919500984e-06,6.018139622243107e-08,-0.000368196462251511,6.018139622243107e-08,1.09977243083754,6.018139622243107e-08,-0.1746167756823149,  ,  ,  ,  
6.018294065854461e-08,0.0938263780046571,6.018294065854461e-08,7.614639719584331e-05,6.018294065854461e-08,-0.0002727080851230684,6.018294065854461e-08,1.099795703220114,6.018294065854461e-08,-0.1847075660032651,  ,  ,  ,  
6.018422166789101e-08,0.08678082659945097,6.018422166789101e-08,0.0001262693809234889,6.018422166789101e-08,-0.0001902860534014662,6.018422166789101e-08,1.099813883702998,6.018422166789101e-08,-0.1931205525619149,  ,  ,  ,  
6.018606932792395e-08,0.07661869641825891,6.018606932792395e-08,0.0001264113339218044,6.018606932792395e-08,-6.855381602140257e-05,6.018606932792395e-08,1.099839478051769,6.018606932792395e-08,-0.205013179558268,  ,  ,  ,  
6.018764807466226e-08,0.06793558935755106,6.018764807466226e-08,-3.578732131741815e-05,6.018764807466226e-08,3.587357971966619e-05,6.018764807466226e-08,1.099861374965427,6.018764807466226e-08,-0.2147715883015264,  ,  ,  ,  
6.018891900813579e-08,0.06094545525318562,6.018891900813579e-08,-0.0003735015511490835,6.018891900813579e-08,0.0001193533701221541,6.018891900813579e-08,1.099879985177077,6.018891900813579e-08,-0.2222905118750245,  ,  ,  ,  
6.01899755874428e-08,0.0551342690646075,6.01899755874428e-08,-0.0008409686174087557,6.01899755874428e-08,0.0001885180278509435,6.01899755874428e-08,1.099896561020374,6.01899755874428e-08,-0.2282937961345884,  ,  ,  ,  
6.019125157884361e-08,0.04811631636014102,6.019125157884361e-08,-0.001596292173806089,6.019125157884361e-08,0.0002723306520956763,6.019125157884361e-08,1.099917574428903,6.019125157884361e-08,-0.2352367796292305,  ,  ,  ,  
6.019253803769152e-08,0.04104079269666361,6.019253803769152e-08,-0.002469798754189461,6.019253803769152e-08,0.0003572852597355262,6.019253803769152e-08,1.099938757522907,6.019253803769152e-08,-0.2418841141084733,  ,  ,  ,  
6.019356044530546e-08,0.03541755081995102,6.019356044530546e-08,-0.003175840017559538,6.019356044530546e-08,0.0004244133386582293,6.019356044530546e-08,1.09995482989482,6.019356044530546e-08,-0.2469033194085349,  ,  ,  ,  
6.019458878580609e-08,0.02976167806651797,6.019458878580609e-08,-0.003847564657701993,6.019458878580609e-08,0.0004904414601936918,6.019458878580609e-08,1.099969844526568,6.019458878580609e-08,-0.2517096621660784,  ,  ,  ,  
6.019577337306829e-08,0.0232464481244008,6.019577337306829e-08,-0.004538293184100084,6.019577337306829e-08,0.0005632279721108878,6.019577337306829e-08,1.099985281957996,6.019577337306829e-08,-0.256949256398202,  ,  ,  ,  
6.019711230666177e-08,0.01588231336027612,6.019711230666177e-08,-0.005191629544946588,6.019711230666177e-08,0.0006399135611109236,6.019711230666177e-08,1.099999824857842,6.019711230666177e-08,-0.2625087108388706,  ,  ,  ,  
6.019857227427675e-08,0.007852491477879253,6.019857227427675e-08,-0.005738654870910332,6.019857227427675e-08,0.000715970464578547,6.019857227427675e-08,1.100012040821203,6.019857227427675e-08,-0.26816278395164,  ,  ,  ,  
6.020000000000001e-08,0,6.020000000000001e-08,-0.00610078222169591,6.020000000000001e-08,0.000784483413371884,6.020000000000001e-08,1.100020921673893,6.020000000000001e-08,-0.2733034199352827,  ,  ,  ,  
6.02006348733471e-08,0,6.02006348733471e-08,-0.006184980299843117,6.02006348733471e-08,0.0008129327645309389,6.02006348733471e-08,1.100023976315535,6.02006348733471e-08,-0.2754336195425718,  ,  ,  ,  
6.020131138753311e-08,0,6.020131138753311e-08,-0.006250713542084266,6.020131138753311e-08,0.0008433516318815221,6.020131138753311e-08,1.100026993265285,6.020131138753311e-08,-0.2776482368240284,  ,  ,  ,  
6.020205034315329e-08,0,6.020205034315329e-08,-0.006286665626906034,6.020205034315329e-08,0.0008765335805521802,6.020205034315329e-08,1.100030260032241,6.020205034315329e-08,-0.2799834389172067,  ,  ,  ,  
6.020290793516991e-08,0,6.020290793516991e-08,-0.006279724573848557,6.020290793516991e-08,0.000914279286598499,6.020290793516991e-08,1.100033962926011,6.020290793516991e-08,-0.2825772091985299,  ,  ,  ,  
6.020421991496335e-08,0,6.020421991496335e-08,-0.006175464801781301,6.020421991496335e-08,0.000970497616465622,6.020421991496335e-08,1.100040178050273,6.020421991496335e-08,-0.2863038885945088,  ,  ,  ,  
6.020567719690804e-08,0,6.020567719690804e-08,-0.00594580132770818,6.020567719690804e-08,0.00103010879269872,6.020567719690804e-08,1.100048707711557,6.020567719690804e-08,-0.2901152435506663,  ,  ,  ,  
6.020721666231454e-08,0,6.020721666231454e-08,-0.005599760565120877,6.020721666231454e-08,0.001089334829417629,6.020721666231454e-08,1.100060004941563,6.020721666231454e-08,-0.2937913747683476,  ,  ,  ,  
6.02087785496345e-08,0,6.02087785496345e-08,-0.005168531783581125,6.02087785496345e-08,0.001146026999342807,6.02087785496345e-08,1.100073704509305,6.02087785496345e-08,-0.2971814008040958,  ,  ,  ,  
6.021053210147629e-08,0,6.021053210147629e-08,-0.004624320466352885,6.021053210147629e-08,0.001206054788048706,6.021053210147629e-08,1.10009061681732,6.021053210147629e-08,-0.300616022730243,  ,  ,  ,  
6.021215991982737e-08,0,6.021215991982737e-08,-0.004087668552334908,6.021215991982737e-08,0.001258212716873509,6.021215991982737e-08,1.100106275689113,6.021215991982737e-08,-0.3034847641747466,  ,  ,  ,  
6.021369465555439e-08,0,6.021369465555439e-08,-0.003572201354573573,6.021369465555439e-08,0.00130404513365613,6.021369465555439e-08,1.10011980326741,6.021369465555439e-08,-0.3059332789475102,  ,  ,  ,  
6.021528247927852e-08,0,6.021528247927852e-08,-0.003043707451234961,6.021528247927852e-08,0.001347996203778216,6.021528247927852e-08,1.100131574226717,6.021528247927852e-08,-0.3082268567160596,  ,  ,  ,  
6.021698812933211e-08,0,6.021698812933211e-08,-0.002493264359607475,6.021698812933211e-08,0.001392368618337432,6.021698812933211e-08,1.100141001651967,6.021698812933211e-08,-0.310434283216986,  ,  ,  ,  
6.021774893052778e-08,0,6.021774893052778e-08,-0.002254906461148066,6.021774893052778e-08,0.001412503886243157,6.021774893052778e-08,1.10014421124907,6.021774893052778e-08,-0.311327090265782,  ,  ,  ,  
6.021850075814537e-08,0,6.021850075814537e-08,-0.002026315505591085,6.021850075814537e-08,0.001432239479384449,6.021850075814537e-08,1.100145844261134,6.021850075814537e-08,-0.3121567344859984,  ,  ,  ,  
6.021917590809202e-08,0,6.021917590809202e-08,-0.001828089436717209,6.021917590809202e-08,0.00144894919241961,6.021917590809202e-08,1.100146103172394,6.021917590809202e-08,-0.3128683360466739,  ,  ,  ,  
6.021987153701835e-08,0,6.021987153701835e-08,-0.00163020659920714,6.021987153701835e-08,0.001463056706053838,6.021987153701835e-08,1.100145922807093,6.021987153701835e-08,-0.3135723312516355,  ,  ,  ,  
6.022042398913693e-08,0,6.022042398913693e-08,-0.00147699257461614,6.022042398913693e-08,0.00147244180690456,6.022042398913693e-08,1.100145780666811,6.022042398913693e-08,-0.3141086635822333,  ,  ,  ,  
6.02211352367044e-08,0,6.02211352367044e-08,-0.001284558108908652,6.02211352367044e-08,0.001483060623236098,6.02211352367044e-08,1.100145555662484,6.02211352367044e-08,-0.3147658400805279,  ,  ,  ,  
6.022245104658329e-08,0,6.022245104658329e-08,-0.000942607498497814,6.022245104658329e-08,0.00150075709563064,6.022245104658329e-08,1.100145185499845,6.022245104658329e-08,-0.3158678978587753,  ,  ,  ,  
6.022422714937539e-08,0,6.022422714937539e-08,-0.0005108430014052688,6.022422714937539e-08,0.001525270703679963,6.022422714937539e-08,1.100145513969637,6.022422714937539e-08,-0.3170869768337872,  ,  ,  ,  
6.022568265628746e-08,0,6.022568265628746e-08,-0.0001867596922665152,6.022568265628746e-08,0.001544858625062164,6.022568265628746e-08,1.100144982400517,6.022568265628746e-08,-0.3178438417981469,  ,  ,  ,  
6.022641499626675e-08,0,6.022641499626675e-08,-3.574018860843268e-05,6.022641499626675e-08,0.001552771100022537,6.022641499626675e-08,1.100143649189103,6.022641499626675e-08,-0.3181465595571298,  ,  ,  ,  
6.022710152919393e-08,0,6.022710152919393e-08,9.812935147846877e-05,6.022710152919393e-08,0.001559201085639868,6.022710152919393e-08,1.100141894951474,6.022710152919393e-08,-0.318386705816216,  ,  ,  ,  
6.022798887959341e-08,0,6.022798887959341e-08,0.0002597556705240788,6.022798887959341e-08,0.001567270718963547,6.022798887959341e-08,1.100138631453171,6.022798887959341e-08,-0.3186352980611237,  ,  ,  ,  
6.022885550845931e-08,0,6.022885550845931e-08,0.0004048998864533084,6.022885550845931e-08,0.001575485057436605,6.022885550845931e-08,1.100134004970838,6.022885550845931e-08,-0.3188095430990563,  ,  ,  ,  
6.022978026554753e-08,0,6.022978026554753e-08,0.0005455848324651394,6.022978026554753e-08,0.001584534012393605,6.022978026554753e-08,1.100127017362745,6.022978026554753e-08,-0.3189163151580213,  ,  ,  ,  
6.023099402965858e-08,0,6.023099402965858e-08,0.0007065525324534769,6.023099402965858e-08,0.001596317169436569,6.023099402965858e-08,1.100113617666326,6.023099402965858e-08,-0.3189222510918204,  ,  ,  ,  
6.023178694557132e-08,0,6.023178694557132e-08,0.0007971973517416736,6.023178694557132e-08,0.001603136714541218,6.023178694557132e-08,1.100103026446402,6.023178694557132e-08,-0.3188441349764561,  ,  ,  ,  
6.023254725419802e-08,0,6.023254725419802e-08,0.0008739235518560412,6.023254725419802e-08,0.001607590170290957,6.023254725419802e-08,1.100092657286165,6.023254725419802e-08,-0.3187162632346381,  ,  ,  ,  
6.023324936794972e-08,0,6.023324936794972e-08,0.0009369240238133987,6.023324936794972e-08,0.00160850886393199,6.023324936794972e-08,1.100083671428401,6.023324936794972e-08,-0.3185635284975217,  ,  ,  ,  
6.023398643971005e-08,0,6.023398643971005e-08,0.0009963502148525034,6.023398643971005e-08,0.001604915661338008,6.023398643971005e-08,1.100075130298038,6.023398643971005e-08,-0.3183813408984424,  ,  ,  ,  
6.023504556715927e-08,0,6.023504556715927e-08,0.001073172523599602,6.023504556715927e-08,0.001590494285768819,6.023504556715927e-08,1.10006404503952,6.023504556715927e-08,-0.3181066845479513,  ,  ,  ,  
6.023615754791043e-08,0,6.023615754791043e-08,0.001146573477893304,6.023615754791043e-08,0.001564671728054515,6.023615754791043e-08,1.100053119709534,6.023615754791043e-08,-0.3178251513693304,  ,  ,  ,  
6.023727226500391e-08,0,6.023727226500391e-08,0.001215579261284884,6.023727226500391e-08,0.001529602897013961,6.023727226500391e-08,1.100042428991434,6.023727226500391e-08,-0.3175649976225421,  ,  ,  ,  
6.023843266968502e-08,0,6.023843266968502e-08,0.001284763872115493,6.023843266968502e-08,0.001486099334349021,6.023843266968502e-08,1.100031137906431,6.023843266968502e-08,-0.3173252767402693,  ,  ,  ,  
6.02397169415159e-08,0,6.02397169415159e-08,0.001359631507519299,6.02397169415159e-08,0.001433161714043129,6.02397169415159e-08,1.100018422785591,6.02397169415159e-08,-0.3170996642202422,  ,  ,  ,  
6.024134701948485e-08,0,6.024134701948485e-08,0.001452737995025838,6.024134701948485e-08,0.001363532077248625,6.024134701948485e-08,1.100002216971631,6.024134701948485e-08,-0.3168694134027465,  ,  ,  ,  
6.02437061925587e-08,0,6.02437061925587e-08,0.00158263448758705,6.02437061925587e-08,0.001265360334322437,6.02437061925587e-08,1.099979442680079,6.02437061925587e-08,-0.3166300823737426,  ,  ,  ,  
6.02462506205287e-08,0,6.02462506205287e-08,0.001713857859648003,6.02462506205287e-08,0.001168571270147416,6.02462506205287e-08,1.099956524457914,6.02462506205287e-08,-0.3164703539782495,  ,  ,  ,  
6.024898426107609e-08,0,6.024898426107609e-08,0.001842081077826933,6.024898426107609e-08,0.0010778545935567,6.024898426107609e-08,1.099934318628827,6.024898426107609e-08,-0.3163797609131549,  ,  ,  ,  
6.0252008322445e-08,0,6.0252008322445e-08,0.001966642367792364,6.0252008322445e-08,0.0009935280703330018,6.0252008322445e-08,1.099912781965934,6.0252008322445e-08,-0.3163392574987656,  ,  ,  ,  
6.025542094122135e-08,0,6.025542094122135e-08,0.002085125952777761,6.025542094122135e-08,0.0009163567368198762,6.025542094122135e-08,1.099892114582276,6.025542094122135e-08,-0.3163297781826839,  ,  ,  ,  
6.025939571894291e-08,0,6.025939571894291e-08,0.002198030577061257,6.025939571894291e-08,0.0008460514038054513,6.025939571894291e-08,1.099871845487547,6.025939571894291e-08,-0.3163480494539321,  ,  ,  ,  
6.026249284850259e-08,0,6.026249284850259e-08,0.002272691071510842,6.026249284850259e-08,0.0008027046265212641,6.026249284850259e-08,1.099856258573735,6.026249284850259e-08,-0.3164062689635846,  ,  ,  ,  
6.026493410591421e-08,0,6.026493410591421e-08,0.002326955605995419,6.026493410591421e-08,0.0007732189206203637,6.026493410591421e-08,1.099840629725661,6.026493410591421e-08,-0.3165038734785467,  ,  ,  ,  
6.026733626203641e-08,0,6.026733626203641e-08,0.002377939158365876,6.026733626203641e-08,0.0007455515362884293,6.026733626203641e-08,1.099817686873519,6.026733626203641e-08,-0.3166732349993601,  ,  ,  ,  
6.026942669960258e-08,0,6.026942669960258e-08,0.002420465633829746,6.026942669960258e-08,0.0007197195276139607,6.026942669960258e-08,1.099786592981098,6.026942669960258e-08,-0.3169067641490622,  ,  ,  ,  
6.027124500033664e-08,0,6.027124500033664e-08,0.002455983949442595,6.027124500033664e-08,0.0006946924263890271,6.027124500033664e-08,1.099747948741649,6.027124500033664e-08,-0.3171932526380134,  ,  ,  ,  
6.027300013108581e-08,0,6.027300013108581e-08,0.002490651259705649,6.027300013108581e-08,0.0006703313316742055,6.027300013108581e-08,1.099701890173802,6.027300013108581e-08,-0.317546984108565,  ,  ,  ,  
6.027533156602095e-08,0,6.027533156602095e-08,0.002537598989713763,6.027533156602095e-08,0.0006402390796557851,6.027533156602095e-08,1.099628533987709,6.027533156602095e-08,-0.3181317371268278,  ,  ,  ,  
6.027798455539649e-08,0,6.027798455539649e-08,0.002590221003729611,6.027798455539649e-08,0.0006103088947280916,6.027798455539649e-08,1.099529409266564,6.027798455539649e-08,-0.3189412807848086,  ,  ,  ,  
6.028066183537064e-08,0,6.028066183537064e-08,0.002639333388998583,6.028066183537064e-08,0.0005855599110082939,6.028066183537064e-08,1.0994140973369,6.028066183537064e-08,-0.3198831583623024,  ,  ,  ,  
6.028328415716681e-08,0,6.028328415716681e-08,0.002678933828838109,6.028328415716681e-08,0.0005682593899541083,6.028328415716681e-08,1.099241632018167,6.028328415716681e-08,-0.3206709677269272,  ,  ,  ,  
6.028552578277007e-08,0,6.028552578277007e-08,0.002696336259673782,6.028552578277007e-08,0.0005640802709423105,6.028552578277007e-08,1.098870041800512,6.028552578277007e-08,-0.3200649928066562,  ,  ,  ,  
6.028742579382423e-08,0,6.028742579382423e-08,0.002676144674624657,6.028742579382423e-08,0.0005704863220229666,6.028742579382423e-08,1.098284405908918,6.028742579382423e-08,-0.3173687061295789,  ,  ,  ,  
6.028927587498997e-08,0,6.028927587498997e-08,0.00259103706900251,6.028927587498997e-08,0.000585558359540032,6.028927587498997e-08,1.097453501684412,6.028927587498997e-08,-0.3121269670358026,  ,  ,  ,  
6.029068170908645e-08,0,6.029068170908645e-08,0.002467547334921287,6.029068170908645e-08,0.00060310237456507,6.029068170908645e-08,1.096671390389877,6.029068170908645e-08,-0.3063101109832436,  ,  ,  ,  
6.029178718008383e-08,0,6.029178718008383e-08,0.002330645211228007,6.029178718008383e-08,0.0006210445309827161,6.029178718008383e-08,1.09598739559174,6.029178718008383e-08,-0.3006545762627522,  ,  ,  ,  
6.029276418113514e-08,0,6.029276418113514e-08,0.002182832916713798,6.029276418113514e-08,0.0006401541658622624,6.029276418113514e-08,1.0953515936303,6.029276418113514e-08,-0.2949349219599031,  ,  ,  ,  
6.029351856062854e-08,0,6.029351856062854e-08,0.002053076131563528,6.029351856062854e-08,0.0006565435714087387,6.029351856062854e-08,1.094850441115168,6.029351856062854e-08,-0.2901112836185356,  ,  ,  ,  
6.029423915332058e-08,0,6.029423915332058e-08,0.001918477619409212,6.029423915332058e-08,0.0006729148410685028,6.029423915332058e-08,1.094369652463217,6.029423915332058e-08,-0.2852249444695327,  ,  ,  ,  
6.02949550273867e-08,0,6.02949550273867e-08,0.001777490628916556,6.02949550273867e-08,0.000688794497353039,6.02949550273867e-08,1.093894273642229,6.02949550273867e-08,-0.2801491678477815,  ,  ,  ,  
6.029576811465424e-08,0,6.029576811465424e-08,0.001612867552298231,6.029576811465424e-08,0.0007050736784407781,6.029576811465424e-08,1.093360316693597,6.029576811465424e-08,-0.2741706521869245,  ,  ,  ,  
6.029685736811203e-08,0,6.029685736811203e-08,0.001393539777204733,6.029685736811203e-08,0.0007223557140541273,6.029685736811203e-08,1.092657988080752,6.029685736811203e-08,-0.2658867417528056,  ,  ,  ,  
6.029802841610132e-08,0,6.029802841610132e-08,0.001170076447615057,6.029802841610132e-08,0.0007343832182109241,6.029802841610132e-08,1.091920672436894,6.029802841610132e-08,-0.2566953891514487,  ,  ,  ,  
6.029924603114401e-08,0,6.029924603114401e-08,0.0009624694810144678,6.029924603114401e-08,0.0007400979945586346,6.029924603114401e-08,1.091173193031429,6.029924603114401e-08,-0.2468591025893161,  ,  ,  ,  
6.030045180210284e-08,0,6.030045180210284e-08,0.0007914477699792273,6.030045180210284e-08,0.0007402312772159356,6.030045180210284e-08,1.090451144565259,6.030045180210284e-08,-0.2368364565901483,  ,  ,  ,  
6.030168264523783e-08,0,6.030168264523783e-08,0.0006614404564322163,6.030168264523783e-08,0.0007364550948205813,6.030168264523783e-08,1.089731367843782,6.030168264523783e-08,-0.2262892725575434,  ,  ,  ,  
6.03030439669491e-08,0,6.03030439669491e-08,0.0005815812799843232,6.03030439669491e-08,0.0007297705053776144,6.03030439669491e-08,1.088954153651474,6.03030439669491e-08,-0.2142067481782419,  ,  ,  ,  
6.030465552065023e-08,0,6.030465552065023e-08,0.0005960070559460649,6.030465552065023e-08,0.0007208287551360471,6.030465552065023e-08,1.088057876513497,6.030465552065023e-08,-0.1992922467667756,  ,  ,  ,  
6.03067108027904e-08,0,6.03067108027904e-08,0.0008533782937180335,6.03067108027904e-08,0.000710278818351771,6.03067108027904e-08,1.086949714414235,6.03067108027904e-08,-0.1793801031362083,  ,  ,  ,  
6.030942527675027e-08,0,6.030942527675027e-08,0.001876926340696226,6.030942527675027e-08,0.000699433570466496,6.030942527675027e-08,1.085541785335856,6.030942527675027e-08,-0.1520949259086334,  ,  ,  ,  
6.03119351308779e-08,0,6.03119351308779e-08,0.004044172098711074,6.03119351308779e-08,0.0006922308255054882,6.03119351308779e-08,1.084292695365725,6.03119351308779e-08,-0.1265110173744195,  ,  ,  ,  
6.031497923271124e-08,0,6.031497923271124e-08,0.00974663605041436,6.031497923271124e-08,0.0006869625192918544,6.031497923271124e-08,1.082841549672885,6.031497923271124e-08,-0.09552577268792183,  ,  ,  ,  
6.031838527229972e-08,0,6.031838527229972e-08,0.02403855474144082,6.031838527229972e-08,0.0006861727639361995,6.031838527229972e-08,1.081296243602208,6.031838527229972e-08,-0.06115690777279785,  ,  ,  ,  
6.032112518164488e-08,0,6.032112518164488e-08,0.04641480527954624,6.032112518164488e-08,0.0006897684457442447,6.032112518164488e-08,1.080109521831729,6.032112518164488e-08,-0.0338016074447587,  ,  ,  ,  
6.03233537284177e-08,0,6.03233537284177e-08,0.07557409351447186,6.03233537284177e-08,0.0006952334615682688,6.03233537284177e-08,1.079179581949318,6.03233537284177e-08,-0.01176578114117415,  ,  ,  ,  
6.032539088436989e-08,0,6.032539088436989e-08,0.1122015390363898,6.032539088436989e-08,0.0007016950557048156,6.032539088436989e-08,1.078357570121712,6.032539088436989e-08,0.008131846221831083,  ,  ,  ,  
6.032756977092817e-08,0,6.032756977092817e-08,0.1616809114383587,6.032756977092817e-08,0.0007098146679742014,6.032756977092817e-08,1.07750704344391,6.032756977092817e-08,0.02936742696608883,  ,  ,  ,  
6.032957767362949e-08,0,6.032957767362949e-08,0.2162235455313118,6.032957767362949e-08,0.0007171056102672084,6.032957767362949e-08,1.0767494137534,6.032957767362949e-08,0.04884117626637141,  ,  ,  ,  
6.033131096121071e-08,0,6.033131096121071e-08,0.2696699587319333,6.033131096121071e-08,0.0007222149643645174,6.033131096121071e-08,1.076114446661135,6.033131096121071e-08,0.06553654105866505,  ,  ,  ,  
6.033351100563112e-08,0,6.033351100563112e-08,0.3445341370359376,6.033351100563112e-08,0.0007259643213284322,6.033351100563112e-08,1.075332678813403,6.033351100563112e-08,0.08655790249999361,  ,  ,  ,  
6.03349489260885e-08,0,6.03349489260885e-08,0.3968763480632312,6.03349489260885e-08,0.0007262999490406059,6.03349489260885e-08,1.074835919862553,6.03349489260885e-08,0.1001895805914952,  ,  ,  ,  
6.033656323248253e-08,0,6.033656323248253e-08,0.4579129417554003,6.033656323248253e-08,0.000724626100345946,6.033656323248253e-08,1.074291368358294,6.033656323248253e-08,0.115388991757895,  ,  ,  ,  
6.033774236516147e-08,0,6.033774236516147e-08,0.5034420322898983,6.033774236516147e-08,0.000721716052719522,6.033774236516147e-08,1.073902080678826,6.033774236516147e-08,0.1264189620851435,  ,  ,  ,  
6.033856886860332e-08,0,6.033856886860332e-08,0.5355761711878538,6.033856886860332e-08,0.0007189298588307819,6.033856886860332e-08,1.073633338115354,6.033856886860332e-08,0.1341132775529283,  ,  ,  ,  
6.033922999864837e-08,0,6.033922999864837e-08,0.5616138086675219,6.033922999864837e-08,0.0007173256190921879,6.033922999864837e-08,1.073421686827765,6.033922999864837e-08,0.1402496876958829,  ,  ,  ,  
6.033977465783945e-08,0,6.033977465783945e-08,0.5831709031636848,6.033977465783945e-08,0.000715393464700008,6.033977465783945e-08,1.073248675383944,6.033977465783945e-08,0.1452910145743744,  ,  ,  ,  
6.034045205519226e-08,0,6.034045205519226e-08,0.6097505783075124,6.034045205519226e-08,0.0007116462747476309,6.034045205519226e-08,1.073034884644971,6.034045205519226e-08,0.15154038979766,  ,  ,  ,  
6.034134906654974e-08,0,6.034134906654974e-08,0.644384929904381,6.034134906654974e-08,0.0007059090354734816,6.034134906654974e-08,1.07275535490226,6.034134906654974e-08,0.1597826613068203,  ,  ,  ,  
6.034229777914697e-08,0,6.034229777914697e-08,0.6803834896451025,6.034229777914697e-08,0.0006996280097454974,6.034229777914697e-08,1.072464466511726,6.034229777914697e-08,0.1684620645214069,  ,  ,  ,  
6.034317600270446e-08,0,6.034317600270446e-08,0.7133379773834532,6.034317600270446e-08,0.0006942563801494278,6.034317600270446e-08,1.07219977015858,6.034317600270446e-08,0.176465944056761,  ,  ,  ,  
6.034395732890961e-08,0,6.034395732890961e-08,0.742523643338489,6.034395732890961e-08,0.0006900918584337286,6.034395732890961e-08,1.071967981266388,6.034395732890961e-08,0.1835651723002864,  ,  ,  ,  
6.034461418092485e-08,0,6.034461418092485e-08,0.7669020545692827,6.034461418092485e-08,0.0006866233805442676,6.034461418092485e-08,1.0717754804272,6.034461418092485e-08,0.1895181503594621,  ,  ,  ,  
6.034512235619056e-08,0,6.034512235619056e-08,0.7853922421904923,6.034512235619056e-08,0.0006830313134044315,6.034512235619056e-08,1.071627410491817,6.034512235619056e-08,0.1941118673993414,  ,  ,  ,  
6.034550765937343e-08,0,6.034550765937343e-08,0.7992189037383478,6.034550765937343e-08,0.0006806062890668705,6.034550765937343e-08,1.071516308347262,6.034550765937343e-08,0.1975896127332469,  ,  ,  ,  
6.034588442591165e-08,0,6.034588442591165e-08,0.8129144831335995,6.034588442591165e-08,0.000680164440459923,6.034588442591165e-08,1.07140979317801,6.034588442591165e-08,0.2009908650479013,  ,  ,  ,  
6.034635060637323e-08,0,6.034635060637323e-08,0.830542065260646,6.034635060637323e-08,0.000682017665663833,6.034635060637323e-08,1.07128038481145,6.034635060637323e-08,0.2052035134343516,  ,  ,  ,  
6.034684805169015e-08,0,6.034684805169015e-08,0.8502898578490961,6.034684805169015e-08,0.0006853006087527367,6.034684805169015e-08,1.07114388997877,6.034684805169015e-08,0.2097028651783036,  ,  ,  ,  
6.034729716520894e-08,0,6.034729716520894e-08,0.8686912403200434,6.034729716520894e-08,0.0006878504844165876,6.034729716520894e-08,1.071021058734392,6.034729716520894e-08,0.2137649826612817,  ,  ,  ,  
6.034778903543011e-08,0,6.034778903543011e-08,0.888958386142086,6.034778903543011e-08,0.0006890658278001375,6.034778903543011e-08,1.070886492727917,6.034778903543011e-08,0.2182084871011189,  ,  ,  ,  
6.034822982006443e-08,0,6.034822982006443e-08,0.9068117050649139,6.034822982006443e-08,0.000688445697343559,6.034822982006443e-08,1.070765910435265,6.034822982006443e-08,0.2221821991216495,  ,  ,  ,  
6.034866561825427e-08,0,6.034866561825427e-08,0.9238592953449025,6.034866561825427e-08,0.0006862594787377626,6.034866561825427e-08,1.07064689507518,6.034866561825427e-08,0.2261007587453171,  ,  ,  ,  
6.034913880144498e-08,0,6.034913880144498e-08,0.9414365072945255,6.034913880144498e-08,0.000682302345692417,6.034913880144498e-08,1.070518135269314,6.034913880144498e-08,0.2303421645683266,  ,  ,  ,  
6.034968329717861e-08,0,6.034968329717861e-08,0.9602539611513782,6.034968329717861e-08,0.0006760083704998733,6.034968329717861e-08,1.070370803475646,6.034968329717861e-08,0.2352042491626525,  ,  ,  ,  
6.035035429971784e-08,0,6.035035429971784e-08,0.9812026084266476,6.035035429971784e-08,0.0006661727581602921,6.035035429971784e-08,1.07019071303994,6.035035429971784e-08,0.2411677438905047,  ,  ,  ,  
6.035123780871218e-08,0,6.035123780871218e-08,1.004950618573698,6.035123780871218e-08,0.0006506329510651931,6.035123780871218e-08,1.06995638355217,6.035123780871218e-08,0.2489726480505469,  ,  ,  ,  
6.035250412356642e-08,0,6.035250412356642e-08,1.031824346995306,6.035250412356642e-08,0.0006254024342291168,6.035250412356642e-08,1.069626638446651,6.035250412356642e-08,0.2600716125775524,  ,  ,  ,  
6.035449115819023e-08,0,6.035449115819023e-08,1.06003545636056,6.035449115819023e-08,0.0005846870825119331,6.035449115819023e-08,1.069124944221825,6.035449115819023e-08,0.2773122111698452,  ,  ,  ,  
6.035609538923894e-08,0,6.035609538923894e-08,1.073497748010338,6.035609538923894e-08,0.0005543210422606689,6.035609538923894e-08,1.068734598689407,6.035609538923894e-08,0.2911044284288439,  ,  ,  ,  
6.035755339373913e-08,0,6.035755339373913e-08,1.080947981744408,6.035755339373913e-08,0.0005303904032139734,6.035755339373913e-08,1.068391372762767,6.035755339373913e-08,0.3035628805634799,  ,  ,  ,  
6.035906065821791e-08,0,6.035906065821791e-08,1.085753831766055,6.035906065821791e-08,0.0005097390161642479,6.035906065821791e-08,1.068047870010593,6.035906065821791e-08,0.3163802482620123,  ,  ,  ,  
6.03606806480822e-08,0,6.03606806480822e-08,1.08905046515668,6.03606806480822e-08,0.000491794325023697,6.03606806480822e-08,1.067691132098465,6.03606806480822e-08,0.3300932521330145,  ,  ,  ,  
6.036255618131484e-08,0,6.036255618131484e-08,1.09157239902193,6.036255618131484e-08,0.000475688371329844,6.036255618131484e-08,1.067293661563593,6.036255618131484e-08,0.3458883616934063,  ,  ,  ,  
6.036482076187283e-08,0,6.036482076187283e-08,1.093656012311036,6.036482076187283e-08,0.0004574097781900336,6.036482076187283e-08,1.066835139167323,6.036482076187283e-08,0.3648353232568202,  ,  ,  ,  
6.03666837219467e-08,0,6.03666837219467e-08,1.094899635403498,6.03666837219467e-08,0.0004441557010346292,6.03666837219467e-08,1.066475413544654,6.03666837219467e-08,0.3803109593099509,  ,  ,  ,  
6.03682819624651e-08,0,6.03682819624651e-08,1.095750019126454,6.03682819624651e-08,0.0004335454712333161,6.03682819624651e-08,1.066178846790216,6.03682819624651e-08,0.39350089476292,  ,  ,  ,  
6.037031916973351e-08,0,6.037031916973351e-08,1.096635066073884,6.037031916973351e-08,0.0004207411957752905,6.037031916973351e-08,1.065816552400686,6.037031916973351e-08,0.4101887389388822,  ,  ,  ,  
6.037406247001616e-08,0,6.037406247001616e-08,1.097844763496341,6.037406247001616e-08,0.000398976117736519,6.037406247001616e-08,1.065195223773637,6.037406247001616e-08,0.440460393465847,  ,  ,  ,  
6.037817411645522e-08,0,6.037817411645522e-08,1.098722628079813,6.037817411645522e-08,0.0003775675421658558,6.037817411645522e-08,1.064576866343447,6.037817411645522e-08,0.4730921529693525,  ,  ,  ,  
6.038251807280472e-08,0,6.038251807280472e-08,1.099307138285062,6.038251807280472e-08,0.0003575503238262127,6.038251807280472e-08,1.063993844200574,6.038251807280472e-08,0.5068276952286974,  ,  ,  ,  
6.038709774962091e-08,0,6.038709774962091e-08,1.099684602877525,6.038709774962091e-08,0.0003386979531250412,6.038709774962091e-08,1.063454650508523,6.038709774962091e-08,0.5415324438204168,  ,  ,  ,  
6.038974325254903e-08,0,6.038974325254903e-08,1.099823518800335,6.038974325254903e-08,0.0003286547185479578,6.038974325254903e-08,1.063177616602751,6.038974325254903e-08,0.561163938700481,  ,  ,  ,  
6.039250253566419e-08,0,6.039250253566419e-08,1.099929167927814,6.039250253566419e-08,0.0003199961718665611,6.039250253566419e-08,1.062915116194926,6.039250253566419e-08,0.5813031660806864,  ,  ,  ,  
6.039482290425693e-08,0,6.039482290425693e-08,1.099995438951653,6.039482290425693e-08,0.0003138663533398437,6.039482290425693e-08,1.062715089663208,6.039482290425693e-08,0.5979639365885925,  ,  ,  ,  
6.039865833371363e-08,0,6.039865833371363e-08,1.100073634579028,6.039865833371363e-08,0.000304797359291225,6.039865833371363e-08,1.062425225007983,6.039865833371363e-08,0.6249265809392549,  ,  ,  ,  
6.040173788846568e-08,0,6.040173788846568e-08,1.100113958701335,6.040173788846568e-08,0.0002982493772189837,6.040173788846568e-08,1.062228986611478,6.040173788846568e-08,0.646033515067775,  ,  ,  ,  
6.040525399100983e-08,0,6.040525399100983e-08,1.100142095451802,6.040525399100983e-08,0.0002916325453952406,6.040525399100983e-08,1.062044481054207,6.040525399100983e-08,0.6695113696674303,  ,  ,  ,  
6.041064358901524e-08,0,6.041064358901524e-08,1.100161877079172,6.041064358901524e-08,0.0002829244549086053,6.041064358901524e-08,1.061843756077816,6.041064358901524e-08,0.7041303071695059,  ,  ,  ,  
6.041796861705799e-08,0,6.041796861705799e-08,1.100164316631668,6.041796861705799e-08,0.0002722067531308873,6.041796861705799e-08,1.061731813342293,6.041796861705799e-08,0.7483162512727634,  ,  ,  ,  
6.042465365611267e-08,0,6.042465365611267e-08,1.100154453832995,6.042465365611267e-08,0.0002623081878875775,6.042465365611267e-08,1.061793224956335,6.042465365611267e-08,0.7855534250988027,  ,  ,  ,  
6.043100961189634e-08,0,6.043100961189634e-08,1.100141134257844,6.043100961189634e-08,0.0002521770025582362,6.043100961189634e-08,1.061996702371675,6.043100961189634e-08,0.8180648051666761,  ,  ,  ,  
6.043784796325425e-08,0,6.043784796325425e-08,1.10012606588886,6.043784796325425e-08,0.0002403359422152398,6.043784796325425e-08,1.062370609632051,6.043784796325425e-08,0.8497904112148258,  ,  ,  ,  
6.044517270919519e-08,0,6.044517270919519e-08,1.100110441566082,6.044517270919519e-08,0.0002268256333262903,6.044517270919519e-08,1.062940561126464,6.044517270919519e-08,0.8800422792538144,  ,  ,  ,  
6.045296250391476e-08,0,6.045296250391476e-08,1.100094820506449,6.045296250391476e-08,0.0002117946282572221,6.045296250391476e-08,1.063722204586946,6.045296250391476e-08,0.9081628851020663,  ,  ,  ,  
6.046137696466433e-08,0,6.046137696466433e-08,1.100079146750627,6.046137696466433e-08,0.0001958181165191178,6.046137696466433e-08,1.064743334150817,6.046137696466433e-08,0.9342394025729014,  ,  ,  ,  
6.047081330799788e-08,0,6.047081330799788e-08,1.100062993773881,6.047081330799788e-08,0.0001796435088935155,6.047081330799788e-08,1.066066254116423,6.047081330799788e-08,0.9588275930273787,  ,  ,  ,  
6.048180092003465e-08,0,6.048180092003465e-08,1.10004633194447,6.048180092003465e-08,0.0001641121815020201,6.048180092003465e-08,1.067782108497011,6.048180092003465e-08,0.9822640703815161,  ,  ,  ,  
6.049485098327278e-08,0,6.049485098327278e-08,1.100029463657081,6.049485098327278e-08,0.000150278515701371,6.049485098327278e-08,1.069974230893247,6.049485098327278e-08,1.004305291971328,  ,  ,  ,  
6.050921373963471e-08,0,6.050921373963471e-08,1.100014828923527,6.050921373963471e-08,0.000140126414197716,6.050921373963471e-08,1.072472861493733,6.050921373963471e-08,1.022979480817755,  ,  ,  ,  
6.052450242937655e-08,0,6.052450242937655e-08,1.100003504998912,6.052450242937655e-08,0.0001339639084769536,6.052450242937655e-08,1.075125459547325,6.052450242937655e-08,1.038074998087843,  ,  ,  ,  
6.0541152946345e-08,0,6.0541152946345e-08,1.099995174748782,6.0541152946345e-08,0.0001266982480494065,6.0541152946345e-08,1.077908761916704,6.0541152946345e-08,1.050453674650237,  ,  ,  ,  
6.055340070658323e-08,0,6.055340070658323e-08,1.099990675884544,6.055340070658323e-08,0.0001073773511154937,6.055340070658323e-08,1.079848453427168,6.055340070658323e-08,1.057504203029738,  ,  ,  ,  
6.056512418363637e-08,0,6.056512418363637e-08,1.099986366990585,6.056512418363637e-08,5.251102769382134e-05,6.056512418363637e-08,1.081598235617082,6.056512418363637e-08,1.063026140884105,  ,  ,  ,  
6.057552703548391e-08,0,6.057552703548391e-08,1.099981192362767,6.057552703548391e-08,-6.023932141949376e-05,6.057552703548391e-08,1.08305423868452,6.057552703548391e-08,1.067126507227114,  ,  ,  ,  
6.058419380119751e-08,0,6.058419380119751e-08,1.099975163165543,6.058419380119751e-08,-0.0002245904628916127,6.058419380119751e-08,1.084194579114764,6.058419380119751e-08,1.070064994911769,  ,  ,  ,  
6.059374966095804e-08,0,6.059374966095804e-08,1.099966623917562,6.059374966095804e-08,-0.0004929575436962124,6.059374966095804e-08,1.085373952521361,6.059374966095804e-08,1.072884272993378,  ,  ,  ,  
6.060320733874539e-08,0,6.060320733874539e-08,1.099957171520588,6.060320733874539e-08,-0.0008350953061830819,6.060320733874539e-08,1.086461547342801,6.060320733874539e-08,1.075306185255041,  ,  ,  ,  
6.061096713446517e-08,0,6.061096713446517e-08,1.099949483530506,6.061096713446517e-08,-0.001158123502414424,6.061096713446517e-08,1.087296131258465,6.061096713446517e-08,1.077059173742789,  ,  ,  ,  
6.061800164694314e-08,0,6.061800164694314e-08,1.099942896643493,6.061800164694314e-08,-0.001483610992168906,6.061800164694314e-08,1.088009039678949,6.061800164694314e-08,1.078491113673728,  ,  ,  ,  
6.062590053384312e-08,0,6.062590053384312e-08,1.099936132188248,6.062590053384312e-08,-0.001898537937025421,6.062590053384312e-08,1.088762048828402,6.062590053384312e-08,1.079946629081798,  ,  ,  ,  
6.063565244642019e-08,0,6.063565244642019e-08,1.09992878548042,6.063565244642019e-08,-0.002526040401226113,6.063565244642019e-08,1.08962588704183,6.063565244642019e-08,1.081553193914331,  ,  ,  ,  
6.064801925596026e-08,0,6.064801925596026e-08,1.099921348777565,6.064801925596026e-08,-0.00357414774900221,6.064801925596026e-08,1.090624753325704,6.064801925596026e-08,1.083338516096257,  ,  ,  ,  
6.065604543236497e-08,0,6.065604543236497e-08,1.099919177424259,6.065604543236497e-08,-0.004105339831499068,6.065604543236497e-08,1.091222047219125,6.065604543236497e-08,1.084373378681401,  ,  ,  ,  
6.0664105717267e-08,0,6.0664105717267e-08,1.099922850576242,6.0664105717267e-08,-0.003015805180256577,6.0664105717267e-08,1.091794550645226,6.0664105717267e-08,1.085354224921948,  ,  ,  ,  
6.066829081247116e-08,0,6.066829081247116e-08,1.099929095675592,6.066829081247116e-08,-0.0008036660135330525,6.066829081247116e-08,1.092086582580803,6.066829081247116e-08,1.085856300573958,  ,  ,  ,  
6.067257348168543e-08,0,6.067257348168543e-08,1.099939402929314,6.067257348168543e-08,0.003970839720036153,6.067257348168543e-08,1.09238580863239,6.067257348168543e-08,1.086379218195568,  ,  ,  ,  
6.06763001345806e-08,0,6.06763001345806e-08,1.099952420100927,6.06763001345806e-08,0.01143839132165174,6.06763001345806e-08,1.092648963046321,6.06763001345806e-08,1.086852269526158,  ,  ,  ,  
6.067965259195032e-08,0,6.067965259195032e-08,1.099967795337177,6.067965259195032e-08,0.02194359130823648,6.067965259195032e-08,1.092889274565357,6.067965259195032e-08,1.087299916965943,  ,  ,  ,  
6.068312873555222e-08,0,6.068312873555222e-08,1.099987473074401,6.068312873555222e-08,0.03791279435332201,6.068312873555222e-08,1.093142791049037,6.068312873555222e-08,1.087792371475267,  ,  ,  ,  
6.068706364327471e-08,0,6.068706364327471e-08,1.100013220377813,6.068706364327471e-08,0.06360585164675368,6.068706364327471e-08,1.093434142150394,6.068706364327471e-08,1.088385956950941,  ,  ,  ,  
6.069156569033235e-08,0,6.069156569033235e-08,1.100043617769656,6.069156569033235e-08,0.103403320279654,6.069156569033235e-08,1.093767427764089,6.069156569033235e-08,1.089101065012066,  ,  ,  ,  
6.069479945166374e-08,0,6.069479945166374e-08,1.100064197042449,6.069479945166374e-08,0.138573246339323,6.069479945166374e-08,1.0940030245144,6.069479945166374e-08,1.08962887270125,  ,  ,  ,  
6.069714553142704e-08,0,6.069714553142704e-08,1.100078116284284,6.069714553142704e-08,0.167371526923368,6.069714553142704e-08,1.094170629618106,6.069714553142704e-08,1.09001498215398,  ,  ,  ,  
6.069901118389994e-08,0,6.069901118389994e-08,1.10008858851867,6.069901118389994e-08,0.1921407134069297,6.069901118389994e-08,1.094301292351253,6.069901118389994e-08,1.090321601483191,  ,  ,  ,  
6.070094100155447e-08,0,6.070094100155447e-08,1.100099067988296,6.070094100155447e-08,0.2194023320384379,6.070094100155447e-08,1.094433905083891,6.070094100155447e-08,1.090636958899141,  ,  ,  ,  
6.070335272675756e-08,0,6.070335272675756e-08,1.100111659107671,6.070335272675756e-08,0.2556453697111078,6.070335272675756e-08,1.094596349703838,6.070335272675756e-08,1.091027778939615,  ,  ,  ,  
6.070682966015471e-08,0,6.070682966015471e-08,1.10012664202666,6.070682966015471e-08,0.3115116356737268,6.070682966015471e-08,1.094823714285741,6.070682966015471e-08,1.091579893068516,  ,  ,  ,  
6.070932727694092e-08,0,6.070932727694092e-08,1.100132692012088,6.070932727694092e-08,0.3537068597612239,6.070932727694092e-08,1.09498072343732,6.070932727694092e-08,1.091960963693988,  ,  ,  ,  
6.071159856838503e-08,0,6.071159856838503e-08,1.100133229229463,6.071159856838503e-08,0.3931280955334183,6.071159856838503e-08,1.095117830199181,6.071159856838503e-08,1.092288715540098,  ,  ,  ,  
6.071356583240827e-08,0,6.071356583240827e-08,1.100128796895907,6.071356583240827e-08,0.4277704537979418,6.071356583240827e-08,1.09523146458263,6.071356583240827e-08,1.092551233369573,  ,  ,  ,  
6.071518214116656e-08,0,6.071518214116656e-08,1.100121009891054,6.071518214116656e-08,0.456371370383725,6.071518214116656e-08,1.095320709230733,6.071518214116656e-08,1.092746646233463,  ,  ,  ,  
6.071661634655862e-08,0,6.071661634655862e-08,1.100110536042523,6.071661634655862e-08,0.4816983567133664,6.071661634655862e-08,1.095396214343026,6.071661634655862e-08,1.092900613680413,  ,  ,  ,  
6.07179651707131e-08,0,6.07179651707131e-08,1.10009766927343,6.07179651707131e-08,0.5053551889976988,6.07179651707131e-08,1.095463706888204,6.07179651707131e-08,1.093026109062941,  ,  ,  ,  
6.071931818286089e-08,0,6.071931818286089e-08,1.100082130995089,6.071931818286089e-08,0.5288354841976131,6.071931818286089e-08,1.095527742507099,6.071931818286089e-08,1.093131566482189,  ,  ,  ,  
6.072086234450576e-08,0,6.072086234450576e-08,1.100061759765227,6.072086234450576e-08,0.5552422367177295,6.072086234450576e-08,1.09559655260996,6.072086234450576e-08,1.093225250135427,  ,  ,  ,  
6.072180026779891e-08,0,6.072180026779891e-08,1.10004810783354,6.072180026779891e-08,0.5710596860848811,6.072180026779891e-08,1.095636433896386,6.072180026779891e-08,1.09326702302247,  ,  ,  ,  
6.072276194331758e-08,0,6.072276194331758e-08,1.100032869370012,6.072276194331758e-08,0.5870984919402944,6.072276194331758e-08,1.095675942224478,6.072276194331758e-08,1.093297545656923,  ,  ,  ,  
6.072370058817473e-08,0,6.072370058817473e-08,1.100015710807118,6.072370058817473e-08,0.6025514344011828,6.072370058817473e-08,1.095712909061589,6.072370058817473e-08,1.093313587597158,  ,  ,  ,  
6.072453212166945e-08,0,6.072453212166945e-08,1.099999888209179,6.072453212166945e-08,0.6160515628823587,6.072453212166945e-08,1.095744279212725,6.072453212166945e-08,1.093317877862663,  ,  ,  ,  
6.072534474943855e-08,0,6.072534474943855e-08,1.099983247996205,6.072534474943855e-08,0.6290622765663665,6.072534474943855e-08,1.095773742753335,6.072534474943855e-08,1.093312740626673,  ,  ,  ,  
6.072625610853889e-08,0,6.072625610853889e-08,1.099964117693708,6.072625610853889e-08,0.6434446911257229,6.072625610853889e-08,1.09580638637461,6.072625610853889e-08,1.093297740116473,  ,  ,  ,  
6.072725240791803e-08,0,6.072725240791803e-08,1.099944457522195,6.072725240791803e-08,0.6589340629258262,6.072725240791803e-08,1.095844808388354,6.072725240791803e-08,1.093274296084085,  ,  ,  ,  
6.072808145494538e-08,0,6.072808145494538e-08,1.099930627893346,6.072808145494538e-08,0.6716501751085291,6.072808145494538e-08,1.095883314812418,6.072808145494538e-08,1.093253024916125,  ,  ,  ,  
6.072890161615774e-08,0,6.072890161615774e-08,1.099920563966168,6.072890161615774e-08,0.6840530536215235,6.072890161615774e-08,1.095932801054994,6.072890161615774e-08,1.093234284703907,  ,  ,  ,  
6.072979399942978e-08,0,6.072979399942978e-08,1.099915017151577,6.072979399942978e-08,0.6973531817331713,6.072979399942978e-08,1.096007610495796,6.072979399942978e-08,1.093221476873994,  ,  ,  ,  
6.073092121399699e-08,0,6.073092121399699e-08,1.099917464605116,6.073092121399699e-08,0.7138927135347227,6.073092121399699e-08,1.096148256100936,6.073092121399699e-08,1.093225989175454,  ,  ,  ,  
6.073191152884358e-08,0,6.073191152884358e-08,1.099928879444372,6.073191152884358e-08,0.7281880695821671,6.073191152884358e-08,1.096328119760583,6.073191152884358e-08,1.093256827420881,  ,  ,  ,  
6.073273050166326e-08,0,6.073273050166326e-08,1.099945409890694,6.073273050166326e-08,0.7398419501002934,6.073273050166326e-08,1.096527924416478,6.073273050166326e-08,1.093307115308741,  ,  ,  ,  
6.073367233884179e-08,0,6.073367233884179e-08,1.099969780538353,6.073367233884179e-08,0.7530529913110754,6.073367233884179e-08,1.096818235208705,6.073367233884179e-08,1.09339406319592,  ,  ,  ,  
6.073440163080486e-08,0,6.073440163080486e-08,1.09998968068454,6.073440163080486e-08,0.7631457562712585,6.073440163080486e-08,1.097079302130587,6.073440163080486e-08,1.093480223535754,  ,  ,  ,  
6.073515968186688e-08,0,6.073515968186688e-08,1.100011143407864,6.073515968186688e-08,0.7734994409361962,6.073515968186688e-08,1.097379781379491,6.073515968186688e-08,1.093587967084746,  ,  ,  ,  
6.073580144491565e-08,0,6.073580144491565e-08,1.100029639885648,6.073580144491565e-08,0.7821426718278647,6.073580144491565e-08,1.097654240143346,6.073580144491565e-08,1.093693778640222,  ,  ,  ,  
6.073666223369557e-08,0,6.073666223369557e-08,1.100054408516622,6.073666223369557e-08,0.7936344073258306,6.073666223369557e-08,1.098045398477516,6.073666223369557e-08,1.093856665165569,  ,  ,  ,  
6.07376533909318e-08,0,6.07376533909318e-08,1.100083245074149,6.07376533909318e-08,0.8070205106682501,6.07376533909318e-08,1.098519120634987,6.07376533909318e-08,1.09407576565111,  ,  ,  ,  
6.073841395719187e-08,0,6.073841395719187e-08,1.100104656965865,6.073841395719187e-08,0.8175904020742216,6.073841395719187e-08,1.098892384717754,6.073841395719187e-08,1.09426550586263,  ,  ,  ,  
6.073915159023805e-08,0,6.073915159023805e-08,1.100122794749414,6.073915159023805e-08,0.8281463693293366,6.073915159023805e-08,1.099254762889112,6.073915159023805e-08,1.094463016285685,  ,  ,  ,  
6.073968731048851e-08,0,6.073968731048851e-08,1.100132773316519,6.073968731048851e-08,0.8359756864929417,6.073968731048851e-08,1.099512871680029,6.073968731048851e-08,1.094611126867973,  ,  ,  ,  
6.074019249634067e-08,0,6.074019249634067e-08,1.10013882919987,6.074019249634067e-08,0.843440123142654,6.074019249634067e-08,1.099747661729832,6.074019249634067e-08,1.094751573810918,  ,  ,  ,  
6.074082858957376e-08,0,6.074082858957376e-08,1.100141242941198,6.074082858957376e-08,0.8528709495966006,6.074082858957376e-08,1.100024696251203,6.074082858957376e-08,1.094926066051324,  ,  ,  ,  
6.074169299358271e-08,0,6.074169299358271e-08,1.10013513116406,6.074169299358271e-08,0.8655863447697517,6.074169299358271e-08,1.10035875218118,6.074169299358271e-08,1.095152977912119,  ,  ,  ,  
6.074262705174556e-08,0,6.074262705174556e-08,1.100116369447083,6.074262705174556e-08,0.8790092892822733,6.074262705174556e-08,1.100671583406317,6.074262705174556e-08,1.095373597744635,  ,  ,  ,  
6.074340370156393e-08,0,6.074340370156393e-08,1.100091806167155,6.074340370156393e-08,0.8898164389160724,6.074340370156393e-08,1.100905726208258,6.074340370156393e-08,1.095530385667131,  ,  ,  ,  
6.074401991206695e-08,0,6.074401991206695e-08,1.100067888361189,6.074401991206695e-08,0.8981244568943645,6.074401991206695e-08,1.101076024845687,6.074401991206695e-08,1.095637525693668,  ,  ,  ,  
6.074452902726552e-08,0,6.074452902726552e-08,1.100046209545564,6.074452902726552e-08,0.9047993180050684,6.074452902726552e-08,1.101206164857324,6.074452902726552e-08,1.09571565048181,  ,  ,  ,  
6.074497744106263e-08,0,6.074497744106263e-08,1.100026279622055,6.074497744106263e-08,0.9105352848919074,6.074497744106263e-08,1.101312738082049,6.074497744106263e-08,1.095777726954171,  ,  ,  ,  
6.074538916754936e-08,0,6.074538916754936e-08,1.10000771944554,6.074538916754936e-08,0.9156866716452112,6.074538916754936e-08,1.101403878996238,6.074538916754936e-08,1.095830109627401,  ,  ,  ,  
6.074577763504614e-08,0,6.074577763504614e-08,1.099990298781807,6.074577763504614e-08,0.9204501978235143,6.074577763504614e-08,1.101483965078074,6.074577763504614e-08,1.095876340140454,  ,  ,  ,  
6.074615179338969e-08,0,6.074615179338969e-08,1.099973841287631,6.074615179338969e-08,0.9249543159693909,6.074615179338969e-08,1.101555705329635,6.074615179338969e-08,1.095918706022561,  ,  ,  ,  
6.074651725736701e-08,0,6.074651725736701e-08,1.099958255269391,6.074651725736701e-08,0.9292793649306544,6.074651725736701e-08,1.10162072815971,6.074651725736701e-08,1.095958737091427,  ,  ,  ,  
6.074687768650522e-08,0,6.074687768650522e-08,1.099943498843926,6.074687768650522e-08,0.9334778197248822,6.074687768650522e-08,1.101680048042755,6.074687768650522e-08,1.095997537058898,  ,  ,  ,  
6.074723671492195e-08,0,6.074723671492195e-08,1.099929525625458,6.074723671492195e-08,0.937598677676058,6.074723671492195e-08,1.101734502306863,6.074723671492195e-08,1.096036104406042,  ,  ,  ,  
6.074759755523841e-08,0,6.074759755523841e-08,1.099916315647257,6.074759755523841e-08,0.9416835108462716,6.074759755523841e-08,1.101784707607433,6.074759755523841e-08,1.096075354702775,  ,  ,  ,  
6.074796232009645e-08,0,6.074796232009645e-08,1.09990389492616,6.074796232009645e-08,0.945759607890035,6.074796232009645e-08,1.101831004319416,6.074796232009645e-08,1.096116068857195,  ,  ,  ,  
6.074833416824018e-08,0,6.074833416824018e-08,1.099892268073467,6.074833416824018e-08,0.9498645462609799,6.074833416824018e-08,1.101873772853029,6.074833416824018e-08,1.096159167695633,  ,  ,  ,  
6.07487171258575e-08,0,6.07487171258575e-08,1.09988142496227,6.07487171258575e-08,0.954043688878081,6.07487171258575e-08,1.101913352004014,6.07487171258575e-08,1.096205715568775,  ,  ,  ,  
6.074911649697766e-08,0,6.074911649697766e-08,1.099871386699969,6.074911649697766e-08,0.9583542119744491,6.074911649697766e-08,1.101950075510429,6.074911649697766e-08,1.096257087847984,  ,  ,  ,  
6.074953965929304e-08,0,6.074953965929304e-08,1.099862181475505,6.074953965929304e-08,0.9628743446981513,6.074953965929304e-08,1.10198419723026,6.074953965929304e-08,1.096315188646629,  ,  ,  ,  
6.075001972952154e-08,0,6.075001972952154e-08,1.099853521581629,6.075001972952154e-08,0.967949135061112,6.075001972952154e-08,1.102017393812821,6.075001972952154e-08,1.096386181905075,  ,  ,  ,  
6.075050957414418e-08,0,6.075050957414418e-08,1.099846429817672,6.075050957414418e-08,0.9730711568011725,6.075050957414418e-08,1.102045780278136,6.075050957414418e-08,1.096464193673114,  ,  ,  ,  
6.075119976607838e-08,0,6.075119976607838e-08,1.099838888554631,6.075119976607838e-08,0.9801938952891776,6.075119976607838e-08,1.102077461627858,6.075119976607838e-08,1.096583328555508,  ,  ,  ,  
6.07518972017347e-08,0,6.07518972017347e-08,1.099833550888466,6.07518972017347e-08,0.9872764894911195,6.07518972017347e-08,1.102100743080192,6.07518972017347e-08,1.09671378424316,  ,  ,  ,  
6.07526429239791e-08,0,6.07526429239791e-08,1.099829707976556,6.07526429239791e-08,0.9947112220872468,6.07526429239791e-08,1.102117310645871,6.07526429239791e-08,1.096863038241491,  ,  ,  ,  
6.075346733568867e-08,0,6.075346733568867e-08,1.0998268905118,6.075346733568867e-08,1.002742675587392,6.075346733568867e-08,1.102127228321433,6.075346733568867e-08,1.097037445700722,  ,  ,  ,  
6.075433199779185e-08,0,6.075433199779185e-08,1.09982476854678,6.075433199779185e-08,1.010923089669077,6.075433199779185e-08,1.1021298596574,6.075433199779185e-08,1.097227981010495,  ,  ,  ,  
6.075522693624169e-08,0,6.075522693624169e-08,1.099822791800071,6.075522693624169e-08,1.019089792451625,6.075522693624169e-08,1.102125855808652,6.075522693624169e-08,1.097429980907791,  ,  ,  ,  
6.075616055574134e-08,0,6.075616055574134e-08,1.099820476531037,6.075616055574134e-08,1.027242404273475,6.075616055574134e-08,1.102115988803657,6.075616055574134e-08,1.097642311504502,  ,  ,  ,  
6.075714223989834e-08,0,6.075714223989834e-08,1.099817505382413,6.075714223989834e-08,1.035368257249818,6.075714223989834e-08,1.102100903275169,6.075714223989834e-08,1.097863954956685,  ,  ,  ,  
6.075818216001813e-08,0,6.075818216001813e-08,1.099813808167553,6.075818216001813e-08,1.043437837270352,6.075818216001813e-08,1.102081382641603,6.075818216001813e-08,1.098093947251039,  ,  ,  ,  
6.075928465393681e-08,0,6.075928465393681e-08,1.09980942712919,6.075928465393681e-08,1.051354996866941,6.075928465393681e-08,1.102058461003041,6.075928465393681e-08,1.098329744243452,  ,  ,  ,  
6.076043298882497e-08,0,6.076043298882497e-08,1.099804160325077,6.076043298882497e-08,1.05887953858213,6.076043298882497e-08,1.102033514391959,6.076043298882497e-08,1.098563728391535,  ,  ,  ,  
6.076162055046177e-08,0,6.076162055046177e-08,1.099797279625019,6.076162055046177e-08,1.065879558672248,6.076162055046177e-08,1.102006925319823,6.076162055046177e-08,1.098790078465405,  ,  ,  ,  
6.076271115943463e-08,0,6.076271115943463e-08,1.099789432461877,6.076271115943463e-08,1.071619010798646,6.076271115943463e-08,1.101981769750055,6.076271115943463e-08,1.098982259888126,  ,  ,  ,  
6.076359973968805e-08,0,6.076359973968805e-08,1.099781811257761,6.076359973968805e-08,1.075821520024414,6.076359973968805e-08,1.101960581520393,6.076359973968805e-08,1.099126847128728,  ,  ,  ,  
6.076436261109097e-08,0,6.076436261109097e-08,1.099774703511186,6.076436261109097e-08,1.079100911215799,6.076436261109097e-08,1.101942181710552,6.076436261109097e-08,1.099242467676651,  ,  ,  ,  
6.076506459216147e-08,0,6.076506459216147e-08,1.099767429099898,6.076506459216147e-08,1.081860071180508,6.076506459216147e-08,1.10192482864106,6.076506459216147e-08,1.099341445881519,  ,  ,  ,  
6.07657541308222e-08,0,6.07657541308222e-08,1.099759550953512,6.07657541308222e-08,1.084338711901498,6.07657541308222e-08,1.101907253056632,6.07657541308222e-08,1.099431570038089,  ,  ,  ,  
6.076648324723803e-08,0,6.076648324723803e-08,1.099750455134812,6.076648324723803e-08,1.086721047261341,6.076648324723803e-08,1.101887961276928,6.076648324723803e-08,1.099518993336257,  ,  ,  ,  
6.076737028023723e-08,0,6.076737028023723e-08,1.099738154311012,6.076737028023723e-08,1.089305628114447,6.076737028023723e-08,1.101863943670135,6.076737028023723e-08,1.0996130607538,  ,  ,  ,  
6.076807587399152e-08,0,6.076807587399152e-08,1.099726770016437,6.076807587399152e-08,1.091126073047862,6.076807587399152e-08,1.101845317000064,6.076807587399152e-08,1.099675998283811,  ,  ,  ,  
6.076859226175996e-08,0,6.076859226175996e-08,1.099717178712511,6.076859226175996e-08,1.092332434443118,6.076859226175996e-08,1.101832180742646,6.076859226175996e-08,1.099714615789863,  ,  ,  ,  
6.07691001304818e-08,0,6.07691001304818e-08,1.099706479766648,6.07691001304818e-08,1.093421119399876,6.07691001304818e-08,1.101819924235421,6.07691001304818e-08,1.099746075758631,  ,  ,  ,  
6.076957336019002e-08,0,6.076957336019002e-08,1.09969521305614,6.076957336019002e-08,1.094353029179857,6.076957336019002e-08,1.10180919613965,6.076957336019002e-08,1.099769313189509,  ,  ,  ,  
6.07700386088669e-08,0,6.07700386088669e-08,1.099682884438943,6.07700386088669e-08,1.095195881282928,6.07700386088669e-08,1.10179895356161,6.07700386088669e-08,1.09978647950212,  ,  ,  ,  
6.077055364662404e-08,0,6.077055364662404e-08,1.099668088745567,6.077055364662404e-08,1.09604891704939,6.077055364662404e-08,1.101787161017998,6.077055364662404e-08,1.099799469468623,  ,  ,  ,  
6.077133146784068e-08,0,6.077133146784068e-08,1.099645034346803,6.077133146784068e-08,1.097188615162081,6.077133146784068e-08,1.101767027266328,6.077133146784068e-08,1.099809611698615,  ,  ,  ,  
6.077199168628322e-08,0,6.077199168628322e-08,1.099626179060783,6.077199168628322e-08,1.098023478469032,6.077199168628322e-08,1.101747470745566,6.077199168628322e-08,1.099811498294697,  ,  ,  ,  
6.077260464369115e-08,0,6.077260464369115e-08,1.099610170904008,6.077260464369115e-08,1.098696162639586,6.077260464369115e-08,1.101727569305265,6.077260464369115e-08,1.09980933695653,  ,  ,  ,  
6.077324875572745e-08,0,6.077324875572745e-08,1.099595480517471,6.077324875572745e-08,1.099304120656151,6.077324875572745e-08,1.101705462848805,6.077324875572745e-08,1.099804363836786,  ,  ,  ,  
6.077396221704194e-08,0,6.077396221704194e-08,1.099581910800687,6.077396221704194e-08,1.099866081552086,6.077396221704194e-08,1.101680154459043,6.077396221704194e-08,1.099796625196749,  ,  ,  ,  
6.077481299051458e-08,0,6.077481299051458e-08,1.099569297581826,6.077481299051458e-08,1.10040003939236,6.077481299051458e-08,1.101649570418946,6.077481299051458e-08,1.099785335488292,  ,  ,  ,  
6.077587988652328e-08,0,6.077587988652328e-08,1.099558339926382,6.077587988652328e-08,1.100891233742014,6.077587988652328e-08,1.101611295152328,6.077587988652328e-08,1.099769071345881,  ,  ,  ,  
6.077723692102691e-08,0,6.077723692102691e-08,1.099551129990959,6.077723692102691e-08,1.101280634554179,6.077723692102691e-08,1.101563804816455,6.077723692102691e-08,1.099746905929398,  ,  ,  ,  
6.077866447438773e-08,0,6.077866447438773e-08,1.099550211421064,6.077866447438773e-08,1.101466050520634,6.077866447438773e-08,1.101516084202244,6.077866447438773e-08,1.099723338908962,  ,  ,  ,  
6.078018638934443e-08,0,6.078018638934443e-08,1.099554948265836,6.078018638934443e-08,1.101476826930003,6.078018638934443e-08,1.101468360877253,6.078018638934443e-08,1.099698922413294,  ,  ,  ,  
6.078193924794837e-08,0,6.078193924794837e-08,1.099565147896443,6.078193924794837e-08,1.101328506458197,6.078193924794837e-08,1.101417812892984,6.078193924794837e-08,1.099671796484864,  ,  ,  ,  
6.078371267140806e-08,0,6.078371267140806e-08,1.099578261494922,6.078371267140806e-08,1.101072266724781,6.078371267140806e-08,1.101371880471179,6.078371267140806e-08,1.099645209937602,  ,  ,  ,  
6.078546126267625e-08,0,6.078546126267625e-08,1.099593243019119,6.078546126267625e-08,1.100771094426492,6.078546126267625e-08,1.101333391072352,6.078546126267625e-08,1.099622834858943,  ,  ,  ,  
6.078714406243343e-08,0,6.078714406243343e-08,1.09961136921693,6.078714406243343e-08,1.100475954779881,6.078714406243343e-08,1.101305424330904,6.078714406243343e-08,1.099612402292503,  ,  ,  ,  
6.07888236479986e-08,0,6.07888236479986e-08,1.099638263442957,6.07888236479986e-08,1.100206564772912,6.07888236479986e-08,1.101290162781787,6.07888236479986e-08,1.099628812055018,  ,  ,  ,  
6.079067276756322e-08,0,6.079067276756322e-08,1.099686439821754,6.079067276756322e-08,1.09997171660418,6.079067276756322e-08,1.101292799390869,6.079067276756322e-08,1.099704574736345,  ,  ,  ,  
6.079227183256844e-08,0,6.079227183256844e-08,1.099746092945842,6.079227183256844e-08,1.099840150079624,6.079227183256844e-08,1.101312246423932,6.079227183256844e-08,1.099835174534513,  ,  ,  ,  
6.079385733912857e-08,0,6.079385733912857e-08,1.099818340733735,6.079385733912857e-08,1.099790488274174,6.079385733912857e-08,1.101344543262363,6.079385733912857e-08,1.100029883575223,  ,  ,  ,  
6.079555625910214e-08,0,6.079555625910214e-08,1.099901057159783,6.079555625910214e-08,1.099827224971828,6.079555625910214e-08,1.101388255871731,6.079555625910214e-08,1.100301045781952,  ,  ,  ,  
6.079732546593685e-08,0,6.079732546593685e-08,1.099984319171908,6.079732546593685e-08,1.099945132853923,6.079732546593685e-08,1.101437888198987,6.079732546593685e-08,1.100632515032105,  ,  ,  ,  
6.079927074914949e-08,0,6.079927074914949e-08,1.100066313064492,6.079927074914949e-08,1.100131786716938,6.079927074914949e-08,1.101492150511886,6.079927074914949e-08,1.101028959046897,  ,  ,  ,  
6.080116988760758e-08,0,6.080116988760758e-08,1.100132900423507,6.080116988760758e-08,1.100338942101511,6.080116988760758e-08,1.101542067348932,6.080116988760758e-08,1.101425180086764,  ,  ,  ,  
6.08029177397072e-08,0,6.08029177397072e-08,1.100180569843551,6.08029177397072e-08,1.100526482467349,6.08029177397072e-08,1.101584626445785,6.08029177397072e-08,1.101779673893531,  ,  ,  ,  
6.080481935388854e-08,0,6.080481935388854e-08,1.100215661520305,6.080481935388854e-08,1.100705483779053,6.080481935388854e-08,1.101629499503992,6.080481935388854e-08,1.102142871698923,  ,  ,  ,  
6.080680289356366e-08,0,6.080680289356366e-08,1.100230723383375,6.080680289356366e-08,1.100849678313039,6.080680289356366e-08,1.101680432778777,6.080680289356366e-08,1.102481068766814,  ,  ,  ,  
6.080884388500521e-08,0,6.080884388500521e-08,1.100218815978789,6.080884388500521e-08,1.100945367798396,6.080884388500521e-08,1.101746099250107,6.080884388500521e-08,1.102770891230954,  ,  ,  ,  
6.081063480340888e-08,0,6.081063480340888e-08,1.100181004313224,6.081063480340888e-08,1.1009816778668,6.081063480340888e-08,1.101823085134759,6.081063480340888e-08,1.102966702316795,  ,  ,  ,  
6.081208476149187e-08,0,6.081208476149187e-08,1.100130954234225,6.081208476149187e-08,1.100976669803239,6.081208476149187e-08,1.101901308583116,6.081208476149187e-08,1.103077364327802,  ,  ,  ,  
6.081344377800686e-08,0,6.081344377800686e-08,1.100070972076112,6.081344377800686e-08,1.100943765063445,6.081344377800686e-08,1.101986610771105,6.081344377800686e-08,1.103139018627946,  ,  ,  ,  
6.081485714834062e-08,0,6.081485714834062e-08,1.099999973588101,6.081485714834062e-08,1.100881926826179,6.081485714834062e-08,1.102084365745494,6.081485714834062e-08,1.103159978540928,  ,  ,  ,  
6.081638383369503e-08,0,6.081638383369503e-08,1.099918831180571,6.081638383369503e-08,1.100787389458798,6.081638383369503e-08,1.102195740390168,6.081638383369503e-08,1.103136719292229,  ,  ,  ,  
6.081800425749883e-08,0,6.081800425749883e-08,1.099832440314361,6.081800425749883e-08,1.100663909973109,6.081800425749883e-08,1.102315658378489,6.081800425749883e-08,1.103068293207187,  ,  ,  ,  
6.081973902276527e-08,0,6.081973902276527e-08,1.099743876805922,6.081973902276527e-08,1.100514167172617,6.081973902276527e-08,1.102439483113451,6.081973902276527e-08,1.102955302915591,  ,  ,  ,  
6.08216103994233e-08,0,6.08216103994233e-08,1.099655099053762,6.08216103994233e-08,1.100342638041363,6.08216103994233e-08,1.102562597009047,6.08216103994233e-08,1.102799088288192,  ,  ,  ,  
6.082340877551082e-08,0,6.082340877551082e-08,1.099574193587672,6.082340877551082e-08,1.100178592823938,6.082340877551082e-08,1.102672116981371,6.082340877551082e-08,1.102625850937909,  ,  ,  ,  
6.082497444384459e-08,0,6.082497444384459e-08,1.099498863468262,6.082497444384459e-08,1.100049745667201,6.082497444384459e-08,1.102774570790128,6.082497444384459e-08,1.102468316611621,  ,  ,  ,  
6.082636728277786e-08,0,6.082636728277786e-08,1.09942044955502,6.082636728277786e-08,1.099960123219888,6.082636728277786e-08,1.102888547583735,6.082636728277786e-08,1.102337168094795,  ,  ,  ,  
6.082755688854251e-08,0,6.082755688854251e-08,1.099343263242564,6.082755688854251e-08,1.099911669140846,6.082755688854251e-08,1.103013081409268,6.082755688854251e-08,1.102244851240705,  ,  ,  ,  
6.082855286148015e-08,0,6.082855286148015e-08,1.099273171593261,6.082855286148015e-08,1.099896997471332,6.082855286148015e-08,1.103140875735265,6.082855286148015e-08,1.102194809175162,  ,  ,  ,  
6.082952780289152e-08,0,6.082952780289152e-08,1.099202458650972,6.082952780289152e-08,1.099910886149091,6.082952780289152e-08,1.103285631118166,6.082952780289152e-08,1.102179081517622,  ,  ,  ,  
6.083045669779634e-08,0,6.083045669779634e-08,1.099135740494708,6.083045669779634e-08,1.099949708515342,6.083045669779634e-08,1.103436903564187,6.083045669779634e-08,1.102199580205695,  ,  ,  ,  
6.08314158943822e-08,0,6.08314158943822e-08,1.099069147679987,6.08314158943822e-08,1.100012625388261,6.08314158943822e-08,1.103600495122144,6.08314158943822e-08,1.102257947439424,  ,  ,  ,  
6.08326257728133e-08,0,6.08326257728133e-08,1.098991293094699,6.08326257728133e-08,1.100117322963314,6.08326257728133e-08,1.10380615251156,6.08326257728133e-08,1.102381896205109,  ,  ,  ,  
6.083373739050274e-08,0,6.083373739050274e-08,1.098927907350595,6.083373739050274e-08,1.100229840399037,6.083373739050274e-08,1.103986607310221,6.083373739050274e-08,1.102538656846284,  ,  ,  ,  
6.083474042064563e-08,0,6.083474042064563e-08,1.098879245747227,6.083474042064563e-08,1.10033775908752,6.083474042064563e-08,1.104138049018037,6.083474042064563e-08,1.102709223845023,  ,  ,  ,  
6.083574600262385e-08,0,6.083574600262385e-08,1.098839150475604,6.083574600262385e-08,1.100445752584989,6.083574600262385e-08,1.104275655148377,6.083574600262385e-08,1.102900955893147,  ,  ,  ,  
6.083685074374483e-08,0,6.083685074374483e-08,1.098800679911561,6.083685074374483e-08,1.100557544386781,6.083685074374483e-08,1.104408187757686,6.083685074374483e-08,1.10312384031371,  ,  ,  ,  
6.083776155066031e-08,0,6.083776155066031e-08,1.098768067140917,6.083776155066031e-08,1.100639205342315,6.083776155066031e-08,1.104500989265287,6.083776155066031e-08,1.103307246508679,  ,  ,  ,  
6.083873410769237e-08,0,6.083873410769237e-08,1.09872708391135,6.083873410769237e-08,1.10070443317923,6.083873410769237e-08,1.104579146191581,6.083873410769237e-08,1.103491579360862,  ,  ,  ,  
6.083967017623594e-08,0,6.083967017623594e-08,1.09867804989546,6.083967017623594e-08,1.100751827829455,6.083967017623594e-08,1.104626131895013,6.083967017623594e-08,1.103647931784856,  ,  ,  ,  
6.084059879815255e-08,0,6.084059879815255e-08,1.098618543958763,6.084059879815255e-08,1.100772890518667,6.084059879815255e-08,1.104632983228172,6.084059879815255e-08,1.103772091584618,  ,  ,  ,  
6.084150762729174e-08,0,6.084150762729174e-08,1.09855078312835,6.084150762729174e-08,1.100763077913986,6.084150762729174e-08,1.104589539944656,6.084150762729174e-08,1.103855823516446,  ,  ,  ,  
6.084237586851273e-08,0,6.084237586851273e-08,1.09847948643178,6.084237586851273e-08,1.100723866495021,6.084237586851273e-08,1.104494927499418,6.084237586851273e-08,1.103896653204082,  ,  ,  ,  
6.084330705289608e-08,0,6.084330705289608e-08,1.098399282053011,6.084330705289608e-08,1.100651584010344,6.084330705289608e-08,1.10432915908998,6.084330705289608e-08,1.103897227230023,  ,  ,  ,  
6.084417921765548e-08,0,6.084417921765548e-08,1.098320819481403,6.084417921765548e-08,1.100559743574257,6.084417921765548e-08,1.104103853397569,6.084417921765548e-08,1.103857780170293,  ,  ,  ,  
6.084493060722872e-08,0,6.084493060722872e-08,1.098250617916789,6.084493060722872e-08,1.100463451892018,6.084493060722872e-08,1.103842152839992,6.084493060722872e-08,1.103792718254922,  ,  ,  ,  
6.084571717714973e-08,0,6.084571717714973e-08,1.098178492380615,6.084571717714973e-08,1.100344510412766,6.084571717714973e-08,1.103479659631501,6.084571717714973e-08,1.103693822601592,  ,  ,  ,  
6.084644839452261e-08,0,6.084644839452261e-08,1.09811716582272,6.084644839452261e-08,1.100219002411609,6.084644839452261e-08,1.103050151079083,6.084644839452261e-08,1.103574874105645,  ,  ,  ,  
6.084705139894124e-08,0,6.084705139894124e-08,1.098072392113148,6.084705139894124e-08,1.100107348979403,6.084705139894124e-08,1.102632336064263,6.084705139894124e-08,1.103459314575135,  ,  ,  ,  
6.08476711249196e-08,0,6.08476711249196e-08,1.09803309919537,6.08476711249196e-08,1.099987382325074,6.08476711249196e-08,1.10214709200973,6.08476711249196e-08,1.103325436258085,  ,  ,  ,  
6.084843399087253e-08,0,6.084843399087253e-08,1.097994168097459,6.084843399087253e-08,1.099837206891758,6.084843399087253e-08,1.10147925019765,6.084843399087253e-08,1.103142587444117,  ,  ,  ,  
6.084953149495571e-08,0,6.084953149495571e-08,1.097954512996616,6.084953149495571e-08,1.099622771461814,6.084953149495571e-08,1.10039387201353,6.084953149495571e-08,1.102849582299064,  ,  ,  ,  
6.085062579136177e-08,0,6.085062579136177e-08,1.097926308945802,6.085062579136177e-08,1.099415539283089,6.085062579136177e-08,1.099194363352666,6.085062579136177e-08,1.102527759892531,  ,  ,  ,  
6.085169626872457e-08,0,6.085169626872457e-08,1.097897447424008,6.085169626872457e-08,1.099238660110019,6.085169626872457e-08,1.097973193123984,6.085169626872457e-08,1.102190701186281,  ,  ,  ,  
6.085276937250197e-08,0,6.085276937250197e-08,1.097849090118331,6.085276937250197e-08,1.099104346065511,6.085276937250197e-08,1.096848492612244,6.085276937250197e-08,1.101843240617979,  ,  ,  ,  
6.085376480471749e-08,0,6.085376480471749e-08,1.097763033696662,6.085376480471749e-08,1.099050810356563,6.085376480471749e-08,1.096145689701031,6.085376480471749e-08,1.101529670900262,  ,  ,  ,  
6.085463805196617e-08,0,6.085463805196617e-08,1.097641497261927,6.085463805196617e-08,1.099088575170168,6.085463805196617e-08,1.09607409325766,6.085463805196617e-08,1.101286324535613,  ,  ,  ,  
6.085550512504627e-08,0,6.085550512504627e-08,1.097473007453146,6.085550512504627e-08,1.09923692552856,6.085550512504627e-08,1.096838308468343,6.085550512504627e-08,1.101101884276397,  ,  ,  ,  
6.085617281695757e-08,0,6.085617281695757e-08,1.097311541127925,6.085617281695757e-08,1.099444567495223,6.085617281695757e-08,1.098196311534259,6.085617281695757e-08,1.101017791428138,  ,  ,  ,  
6.085685898594605e-08,0,6.085685898594605e-08,1.097122337446794,6.085685898594605e-08,1.099755815747898,6.085685898594605e-08,1.100468574820911,6.085685898594605e-08,1.101005368330427,  ,  ,  ,  
6.085753214316564e-08,0,6.085753214316564e-08,1.096922831504955,6.085753214316564e-08,1.10015840008674,6.085753214316564e-08,1.103653374356136,6.085753214316564e-08,1.101083097826411,  ,  ,  ,  
6.085828488950993e-08,0,6.085828488950993e-08,1.0966975041453,6.085828488950993e-08,1.100707809998936,6.085828488950993e-08,1.108342894020871,6.085828488950993e-08,1.101298164677622,  ,  ,  ,  
6.085895915079644e-08,0,6.085895915079644e-08,1.096503618976165,6.085895915079644e-08,1.101274833278841,6.085895915079644e-08,1.11350978199226,6.085895915079644e-08,1.101619826472311,  ,  ,  ,  
6.085975720590427e-08,0,6.085975720590427e-08,1.096293816181409,6.085975720590427e-08,1.102012897087965,6.085975720590427e-08,1.120708070881757,6.085975720590427e-08,1.102173057079023,  ,  ,  ,  
6.086053593247812e-08,0,6.086053593247812e-08,1.096114968168808,6.086053593247812e-08,1.102774417888391,6.086053593247812e-08,1.128719676301546,6.086053593247812e-08,1.102901582262285,  ,  ,  ,  
6.08611752290804e-08,0,6.08611752290804e-08,1.095989311200506,6.08611752290804e-08,1.103411991217493,6.08611752290804e-08,1.135923554637934,6.08611752290804e-08,1.103642497678183,  ,  ,  ,  
6.086187114856597e-08,0,6.086187114856597e-08,1.095874877639613,6.086187114856597e-08,1.104102366363102,6.086187114856597e-08,1.144297655200467,6.086187114856597e-08,1.104597675596122,  ,  ,  ,  
6.086270986765763e-08,0,6.086270986765763e-08,1.095767027543821,6.086270986765763e-08,1.104910251685235,6.086270986765763e-08,1.154974863523835,6.086270986765763e-08,1.105955274259477,  ,  ,  ,  
6.086376036042889e-08,0,6.086376036042889e-08,1.095674437433674,6.086376036042889e-08,1.105860059228016,6.086376036042889e-08,1.169007701185191,6.086376036042889e-08,1.107970566383302,  ,  ,  ,  
6.086487017289312e-08,0,6.086487017289312e-08,1.095621642466831,6.086487017289312e-08,1.106767004122272,6.086487017289312e-08,1.184361578967674,6.086487017289312e-08,1.110471258689917,  ,  ,  ,  
6.086601273455458e-08,0,6.086601273455458e-08,1.095608134806215,6.086601273455458e-08,1.107582219123384,6.086601273455458e-08,1.200475360718881,6.086601273455458e-08,1.113430487488665,  ,  ,  ,  
6.086722955473139e-08,0,6.086722955473139e-08,1.095631225268047,6.086722955473139e-08,1.108310914365031,6.086722955473139e-08,1.217726575306727,6.086722955473139e-08,1.116991107670862,  ,  ,  ,  
6.086849811810567e-08,0,6.086849811810567e-08,1.095689219028494,6.086849811810567e-08,1.108917665774581,6.086849811810567e-08,1.235583008190646,6.086849811810567e-08,1.121124875791463,  ,  ,  ,  
6.086981110225926e-08,0,6.086981110225926e-08,1.095778295346392,6.086981110225926e-08,1.10938818640905,6.086981110225926e-08,1.253727714757854,6.086981110225926e-08,1.125824381808044,  ,  ,  ,  
6.087123304903217e-08,0,6.087123304903217e-08,1.095902812108634,6.087123304903217e-08,1.109729827464515,6.087123304903217e-08,1.272798514952217,6.087123304903217e-08,1.131353750409684,  ,  ,  ,  
6.087280613680824e-08,0,6.087280613680824e-08,1.09607018439765,6.087280613680824e-08,1.109922693271555,6.087280613680824e-08,1.292986547217364,6.087280613680824e-08,1.13794453543207,  ,  ,  ,  
6.087458290904617e-08,0,6.087458290904617e-08,1.096292855888755,6.087458290904617e-08,1.109932361655863,6.087458290904617e-08,1.3143989752555,6.087458290904617e-08,1.145901043277574,  ,  ,  ,  
6.08766148566899e-08,0,6.08766148566899e-08,1.096583359038062,6.08766148566899e-08,1.109711009618797,6.08766148566899e-08,1.336815635843285,6.08766148566899e-08,1.155539263690778,  ,  ,  ,  
6.087884766613057e-08,0,6.087884766613057e-08,1.09694147430645,6.087884766613057e-08,1.109232927032497,6.087884766613057e-08,1.358666439663448,6.087884766613057e-08,1.16662289194412,  ,  ,  ,  
6.088125066121977e-08,0,6.088125066121977e-08,1.09735795334823,6.088125066121977e-08,1.108504596747948,6.088125066121977e-08,1.378771383826618,6.088125066121977e-08,1.178919524131948,  ,  ,  ,  
6.088385841617139e-08,0,6.088385841617139e-08,1.097825622358526,6.088385841617139e-08,1.107541295807893,6.088385841617139e-08,1.39659389210335,6.088385841617139e-08,1.192450262802669,  ,  ,  ,  
6.088614415384884e-08,0,6.088614415384884e-08,1.098228036575005,6.088614415384884e-08,1.106614514531386,6.088614415384884e-08,1.408980612009406,6.088614415384884e-08,1.204296264861675,  ,  ,  ,  
6.088828231672506e-08,0,6.088828231672506e-08,1.098581254276034,6.088828231672506e-08,1.105731976709955,6.088828231672506e-08,1.418098080969803,6.088828231672506e-08,1.215239349181159,  ,  ,  ,  
6.089043440132962e-08,0,6.089043440132962e-08,1.09890151729239,6.089043440132962e-08,1.104872693518486,6.089043440132962e-08,1.425195756998043,6.089043440132962e-08,1.226021054882572,  ,  ,  ,  
6.089263884275164e-08,0,6.089263884275164e-08,1.099186372414243,6.089263884275164e-08,1.104055708274635,6.089263884275164e-08,1.430657967895969,6.089263884275164e-08,1.236747354187876,  ,  ,  ,  
6.089509396767702e-08,0,6.089509396767702e-08,1.099449984767012,6.089509396767702e-08,1.10324642463309,6.089509396767702e-08,1.43501976146012,6.089509396767702e-08,1.248248566959141,  ,  ,  ,  
6.089781509220913e-08,0,6.089781509220913e-08,1.099679630463593,6.089781509220913e-08,1.102487224625601,6.089781509220913e-08,1.438235322728664,6.089781509220913e-08,1.260396133211325,  ,  ,  ,  
6.090065395388252e-08,0,6.090065395388252e-08,1.099857764495979,6.090065395388252e-08,1.101847824541335,6.090065395388252e-08,1.44026312911429,6.090065395388252e-08,1.272368721805005,  ,  ,  ,  
6.090367055134389e-08,0,6.090367055134389e-08,1.099990971836708,6.090367055134389e-08,1.101323006942298,6.090367055134389e-08,1.441388171459864,6.090367055134389e-08,1.284301954962378,  ,  ,  ,  
6.090695857858465e-08,0,6.090695857858465e-08,1.100086218387661,6.090695857858465e-08,1.100902811893738,6.090695857858465e-08,1.441823132664466,6.090695857858465e-08,1.296402256835982,  ,  ,  ,  
6.091063589841689e-08,0,6.091063589841689e-08,1.100149004086846,6.091063589841689e-08,1.100577839874971,6.091063589841689e-08,1.441713721967073,6.091063589841689e-08,1.308863452261978,  ,  ,  ,  
6.091472760592347e-08,0,6.091472760592347e-08,1.10018329158201,6.091472760592347e-08,1.10034486695822,6.091472760592347e-08,1.441181598813096,6.091472760592347e-08,1.321481283009761,  ,  ,  ,  
6.091926281921649e-08,0,6.091926281921649e-08,1.10019495311088,6.091926281921649e-08,1.100191322880647,6.091926281921649e-08,1.440352704711454,6.091926281921649e-08,1.334051087944349,  ,  ,  ,  
6.09243476901662e-08,0,6.09243476901662e-08,1.100190283290227,6.09243476901662e-08,1.100098047713645,6.09243476901662e-08,1.439327177898746,6.09243476901662e-08,1.346538952783582,  ,  ,  ,  
6.092980958378564e-08,0,6.092980958378564e-08,1.100175430379622,6.092980958378564e-08,1.100049327556255,6.092980958378564e-08,1.438242835468861,6.092980958378564e-08,1.358260793257909,  ,  ,  ,  
6.093663562364053e-08,0,6.093663562364053e-08,1.1001523379317,6.093663562364053e-08,1.100023493595535,6.093663562364053e-08,1.437007929779585,6.093663562364053e-08,1.370763851362816,  ,  ,  ,  
6.094504809533496e-08,0,6.094504809533496e-08,1.100124256124553,6.094504809533496e-08,1.100012696008286,6.094504809533496e-08,1.435712219855035,6.094504809533496e-08,1.383394930524599,  ,  ,  ,  
6.095598571456567e-08,0,6.095598571456567e-08,1.100093070318661,6.095598571456567e-08,1.100008687482048,6.095598571456567e-08,1.434380703440911,6.095598571456567e-08,1.396122848176037,  ,  ,  ,  
6.097100249232061e-08,0,6.097100249232061e-08,1.100060787797704,6.097100249232061e-08,1.100006113503454,6.097100249232061e-08,1.433072681242174,6.097100249232061e-08,1.408514290142522,  ,  ,  ,  
6.098736367988843e-08,0,6.098736367988843e-08,1.100037169630331,6.098736367988843e-08,1.100003589025285,6.098736367988843e-08,1.432145777406526,6.098736367988843e-08,1.41726768512739,  ,  ,  ,  
6.10052128391504e-08,0,6.10052128391504e-08,1.10002113504945,6.10052128391504e-08,1.10000123733151,6.10052128391504e-08,1.431528025052717,6.10052128391504e-08,1.423100965363219,  ,  ,  ,  
6.102519400524517e-08,0,6.102519400524517e-08,1.100010677676307,6.102519400524517e-08,1.099999504196251,6.102519400524517e-08,1.431134264229101,6.102519400524517e-08,1.426822503451002,  ,  ,  ,  
6.1048015916873e-08,0,6.1048015916873e-08,1.100004511745063,6.1048015916873e-08,1.099998519497327,6.1048015916873e-08,1.430901193967778,6.1048015916873e-08,1.429027013157523,  ,  ,  ,  
6.107500928960905e-08,0,6.107500928960905e-08,1.100001230573678,6.107500928960905e-08,1.099998138228387,6.107500928960905e-08,1.43077672873541,6.107500928960905e-08,1.430204449326546,  ,  ,  ,  
6.110808507329499e-08,0,6.110808507329499e-08,1.099999806851148,6.110808507329499e-08,1.099998143872816,6.110808507329499e-08,1.430722326796781,6.110808507329499e-08,1.430718655716874,  ,  ,  ,  
6.115036183427903e-08,0,6.115036183427903e-08,1.099999450197193,6.115036183427903e-08,1.09999833857899,6.115036183427903e-08,1.430708063796696,6.115036183427903e-08,1.430852511094164,  ,  ,  ,  
6.120754756777137e-08,0,6.120754756777137e-08,1.09999956853281,6.120754756777137e-08,1.09999857805939,6.120754756777137e-08,1.430711627181388,6.120754756777137e-08,1.430817872931296,  ,  ,  ,  
6.129166226444854e-08,0,6.129166226444854e-08,1.09999977368899,6.129166226444854e-08,1.099998770956495,6.129166226444854e-08,1.430718441403751,6.129166226444854e-08,1.430752249691881,  ,  ,  ,  
6.140880615370665e-08,0,6.140880615370665e-08,1.09999988100355,6.140880615370665e-08,1.099998864221072,6.140880615370665e-08,1.430721609368859,6.140880615370665e-08,1.430720501411074,  ,  ,  ,  
6.153072439956559e-08,0,6.153072439956559e-08,1.099999901107812,6.153072439956559e-08,1.099998881027311,6.153072439956559e-08,1.43072172091472,6.153072439956559e-08,1.430717662701622,  ,  ,  ,  
6.16730222090416e-08,0,6.16730222090416e-08,1.099999904407278,6.16730222090416e-08,1.099998879721817,6.16730222090416e-08,1.430721277362924,6.16730222090416e-08,1.430719800121738,  ,  ,  ,  
6.184790601863673e-08,0,6.184790601863673e-08,1.099999909142205,6.184790601863673e-08,1.099998878845467,6.184790601863673e-08,1.430720908183144,6.184790601863673e-08,1.430720781271295,  ,  ,  ,  
6.205891123584401e-08,0,6.205891123584401e-08,1.099999915365765,6.205891123584401e-08,1.099998881602859,6.205891123584401e-08,1.430720603532394,6.205891123584401e-08,1.430720648141323,  ,  ,  ,  
6.23137735015999e-08,0,6.23137735015999e-08,1.099999920961595,6.23137735015999e-08,1.099998886004945,6.23137735015999e-08,1.430720263370765,6.23137735015999e-08,1.430720235542731,  ,  ,  ,  
6.26232491767245e-08,0,6.26232491767245e-08,1.099999925491507,6.26232491767245e-08,1.09999889020795,6.26232491767245e-08,1.430719845002919,6.26232491767245e-08,1.430719785784788,  ,  ,  ,  
6.299901149000873e-08,0,6.299901149000873e-08,1.099999929133166,6.299901149000873e-08,1.099998893610691,6.299901149000873e-08,1.4307193338089,6.299901149000873e-08,1.430719273274423,  ,  ,  ,  
6.345522387635888e-08,0,6.345522387635888e-08,1.099999932103994,6.345522387635888e-08,1.099998896299076,6.345522387635888e-08,1.430718713351706,6.345522387635888e-08,1.430718654398095,  ,  ,  ,  
6.400949412611513e-08,0,6.400949412611513e-08,1.09999993454316,6.400949412611513e-08,1.099998898482904,6.400949412611513e-08,1.430717960363621,6.400949412611513e-08,1.430717901344674,  ,  ,  ,  
6.468323179412871e-08,0,6.468323179412871e-08,1.099999936538993,6.468323179412871e-08,1.099998900279899,6.468323179412871e-08,1.430717045470962,6.468323179412871e-08,1.430716986801936,  ,  ,  ,  
6.550250166268949e-08,0,6.550250166268949e-08,1.099999938172836,6.550250166268949e-08,1.099998901759976,6.550250166268949e-08,1.430715933625392,6.550250166268949e-08,1.430715874648398,  ,  ,  ,  
6.649914601921519e-08,0,6.649914601921519e-08,1.099999939510968,6.649914601921519e-08,1.09999890297623,6.649914601921519e-08,1.43071458147026,6.649914601921519e-08,1.430714522661031,  ,  ,  ,  
6.764914601921518e-08,0,6.764914601921518e-08,1.099999940563595,6.764914601921518e-08,1.099998903933095,6.764914601921518e-08,1.430713021232732,6.764914601921518e-08,1.430712963483361,  ,  ,  ,  
6.879914601921517e-08,0,6.879914601921517e-08,1.099999941297681,6.879914601921517e-08,1.099998904604515,6.879914601921517e-08,1.430711461752808,6.879914601921517e-08,1.430711403054228,  ,  ,  ,  
6.939957300960759e-08,0,6.939957300960759e-08,1.099999941597488,6.939957300960759e-08,1.099998904880756,6.939957300960759e-08,1.430710647585008,6.939957300960759e-08,1.430710588922349,  ,  ,  ,  
7e-08,0,7e-08,1.099999941855334,7e-08,1.099998905120786,7e-08,1.430709833509796,7e-08,1.430709774692028,  ,  ,  ,  
7.001134207356502e-08,0,7.001134207356502e-08,1.099999941860199,7.001134207356502e-08,1.099998905123989,7.001134207356502e-08,1.4307098181382,7.001134207356502e-08,1.430709759280465,  ,  ,  ,  
7.00234635756783e-08,0,7.00234635756783e-08,1.099999944062642,7.00234635756783e-08,1.099998901836065,7.00234635756783e-08,1.43070973610762,7.00234635756783e-08,1.430709725776691,  ,  ,  ,  
7.004770657990484e-08,0,7.004770657990484e-08,1.099999942180669,7.004770657990484e-08,1.099998904602078,7.004770657990484e-08,1.430709666398785,7.004770657990484e-08,1.430709659439613,  ,  ,  ,  
7.006774243564194e-08,0,7.006774243564194e-08,1.099999941621933,7.006774243564194e-08,1.099998905438293,7.006774243564194e-08,1.43070964064746,7.006774243564194e-08,1.430709613263142,  ,  ,  ,  
7.007495305512629e-08,0,7.007495305512629e-08,1.099999941670504,7.007495305512629e-08,1.099998905418238,7.007495305512629e-08,1.430709633282301,7.007495305512629e-08,1.430709598606348,  ,  ,  ,  
7.008538557138892e-08,0,7.008538557138892e-08,1.099999941779964,7.008538557138892e-08,1.099998905323905,7.008538557138892e-08,1.430709621159651,7.008538557138892e-08,1.430709579063066,  ,  ,  ,  
7.008944315074046e-08,0,7.008944315074046e-08,1.099999941813359,7.008944315074046e-08,1.099998905283155,7.008944315074046e-08,1.43070961602128,7.008944315074046e-08,1.430709571910745,  ,  ,  ,  
7.009388182597573e-08,0,7.009388182597573e-08,1.09999994183806,7.009388182597573e-08,1.099998905256398,7.009388182597573e-08,1.430709610275803,7.009388182597573e-08,1.430709564295561,  ,  ,  ,  
7.00964409189663e-08,0,7.00964409189663e-08,1.099999941846769,7.00964409189663e-08,1.099998905247282,7.00964409189663e-08,1.430709606916371,7.00964409189663e-08,1.430709559991305,  ,  ,  ,  
7.009898486693544e-08,0,7.009898486693544e-08,1.099999941852043,7.009898486693544e-08,1.09999890523723,7.009898486693544e-08,1.430709603551831,7.009898486693544e-08,1.430709555772453,  ,  ,  ,  
7.010124914458358e-08,0,7.010124914458358e-08,1.099999941857231,7.010124914458358e-08,1.099998905228068,7.010124914458358e-08,1.430709600549325,7.010124914458358e-08,1.430709552061592,  ,  ,  ,  
7.010357233998072e-08,0,7.010357233998072e-08,1.099999941862838,7.010357233998072e-08,1.09999890521933,7.010357233998072e-08,1.430709597467651,7.010357233998072e-08,1.430709548293397,  ,  ,  ,  
7.010619054107589e-08,0,7.010619054107589e-08,1.099999941870252,7.010619054107589e-08,1.099998905211485,7.010619054107589e-08,1.430709593990059,7.010619054107589e-08,1.430709544096799,  ,  ,  ,  
7.010885369591646e-08,0,7.010885369591646e-08,1.099999941875988,7.010885369591646e-08,1.099998905206997,7.010885369591646e-08,1.430709590447534,7.010885369591646e-08,1.430709539879111,  ,  ,  ,  
7.011156823384087e-08,0,7.011156823384087e-08,1.0999999418788,7.011156823384087e-08,1.099998905206435,7.011156823384087e-08,1.430709586832726,7.011156823384087e-08,1.430709535627569,  ,  ,  ,  
7.011411245559874e-08,0,7.011411245559874e-08,1.099999941880101,7.011411245559874e-08,1.09999890520943,7.011411245559874e-08,1.430709583439382,7.011411245559874e-08,1.430709531683725,  ,  ,  ,  
7.011624190950755e-08,0,7.011624190950755e-08,1.099999941880151,7.011624190950755e-08,1.099998905213804,7.011624190950755e-08,1.430709580596577,7.011624190950755e-08,1.430709528409,  ,  ,  ,  
7.011636056118402e-08,0,7.011636056118402e-08,1.099724324144668,7.011636056118402e-08,1.099565018345804,7.011636056118402e-08,1.430491599411047,7.011636056118402e-08,1.430353676943826,  ,  ,  ,  
7.011645920083113e-08,0,7.011645920083113e-08,1.099626733915757,7.011645920083113e-08,1.099374085536628,7.011645920083113e-08,1.4304371542361,7.011645920083113e-08,1.43021120306523,  ,  ,  ,  
7.011651675977011e-08,0,7.011651675977011e-08,1.099601632628969,7.011651675977011e-08,1.099302337271942,7.011651675977011e-08,1.430424090719745,7.011651675977011e-08,1.430156509286606,  ,  ,  ,  
7.011657081198732e-08,0,7.011657081198732e-08,1.099585421051872,7.011657081198732e-08,1.099249404074642,7.011657081198732e-08,1.430415684764097,7.011657081198732e-08,1.430113028128627,  ,  ,  ,  
7.011664154540793e-08,0,7.011664154540793e-08,1.09956823217802,7.011664154540793e-08,1.099191613864521,7.011664154540793e-08,1.430406766777923,7.011664154540793e-08,1.430061685435933,  ,  ,  ,  
7.01167149385193e-08,0,7.01167149385193e-08,1.09955301335932,7.01167149385193e-08,1.09914007351723,7.01167149385193e-08,1.430398906771017,7.01167149385193e-08,1.430012503423349,  ,  ,  ,  
7.011680163026696e-08,0,7.011680163026696e-08,1.099537277238496,7.011680163026696e-08,1.099086286488469,7.011680163026696e-08,1.430390788555786,7.011680163026696e-08,1.429957910429317,  ,  ,  ,  
7.011691229099018e-08,0,7.011691229099018e-08,1.099519780410091,7.011691229099018e-08,1.099025247557662,7.011691229099018e-08,1.430381616285119,7.011691229099018e-08,1.429892110127172,  ,  ,  ,  
7.01170511060836e-08,0,7.01170511060836e-08,1.099500991405852,7.01170511060836e-08,1.098957214946618,7.01170511060836e-08,1.430371292355819,7.01170511060836e-08,1.429814303748169,  ,  ,  ,  
7.011721559427052e-08,0,7.011721559427052e-08,1.099482362199622,7.011721559427052e-08,1.098885504854649,7.011721559427052e-08,1.430360137691321,7.011721559427052e-08,1.429727738493648,  ,  ,  ,  
7.011741017859077e-08,0,7.011741017859077e-08,1.099464519278729,7.011741017859077e-08,1.098810005365067,7.011741017859077e-08,1.430347992752034,7.011741017859077e-08,1.4296321315567,  ,  ,  ,  
7.011765044005027e-08,0,7.011765044005027e-08,1.099447676236533,7.011765044005027e-08,1.098727685135247,7.011765044005027e-08,1.430334240088082,7.011765044005027e-08,1.429522955673848,  ,  ,  ,  
7.011796260277539e-08,0,7.011796260277539e-08,1.099432630198292,7.011796260277539e-08,1.098635091221651,7.011796260277539e-08,1.430318122311417,7.011796260277539e-08,1.429393709928744,  ,  ,  ,  
7.011838945261257e-08,0,7.011838945261257e-08,1.09942132048427,7.011838945261257e-08,1.09852953842418,7.011838945261257e-08,1.430298796170571,7.011838945261257e-08,1.42923617259345,  ,  ,  ,  
7.011902566872108e-08,0,7.011902566872108e-08,1.099417481631688,7.011902566872108e-08,1.098406371618254,7.011902566872108e-08,1.430275103080326,7.011902566872108e-08,1.429033448673125,  ,  ,  ,  
7.011962884395878e-08,0,7.011962884395878e-08,1.099422511515239,7.011962884395878e-08,1.098317532439196,7.011962884395878e-08,1.430257434692869,7.011962884395878e-08,1.428868520685695,  ,  ,  ,  
7.012047223042927e-08,0,7.012047223042927e-08,1.099437125851911,7.012047223042927e-08,1.098223310773675,7.012047223042927e-08,1.430241391720352,7.012047223042927e-08,1.428671649219436,  ,  ,  ,  
7.012161402681714e-08,0,7.012161402681714e-08,1.099471874492484,7.012161402681714e-08,1.098151159315045,7.012161402681714e-08,1.430244634829041,7.012161402681714e-08,1.428471063283399,  ,  ,  ,  
7.012222021965693e-08,0,7.012222021965693e-08,1.099499252507241,7.012222021965693e-08,1.098144468419085,7.012222021965693e-08,1.430260004054547,7.012222021965693e-08,1.428401845950644,  ,  ,  ,  
7.012289382710846e-08,0,7.012289382710846e-08,1.099532032194937,7.012289382710846e-08,1.098154050746211,7.012289382710846e-08,1.43028166825865,7.012289382710846e-08,1.428354357457853,  ,  ,  ,  
7.012338016428784e-08,0,7.012338016428784e-08,1.09955539140365,7.012338016428784e-08,1.098170163643463,7.012338016428784e-08,1.430297154654298,7.012338016428784e-08,1.428338707746806,  ,  ,  ,  
7.012386243544445e-08,0,7.012386243544445e-08,1.09957895709986,7.012386243544445e-08,1.098194096251225,7.012386243544445e-08,1.430312319560822,7.012386243544445e-08,1.428339445900866,  ,  ,  ,  
7.012442926432645e-08,0,7.012442926432645e-08,1.099605061176276,7.012442926432645e-08,1.098228076655859,7.012442926432645e-08,1.430328547024669,7.012442926432645e-08,1.428356674265232,  ,  ,  ,  
7.012505756169813e-08,0,7.012505756169813e-08,1.099630941399814,7.012505756169813e-08,1.098269053813923,7.012505756169813e-08,1.430344759572898,7.012505756169813e-08,1.428391628184937,  ,  ,  ,  
7.012564973560284e-08,0,7.012564973560284e-08,1.099654482708792,7.012564973560284e-08,1.09831315911476,7.012564973560284e-08,1.43036096154558,7.012564973560284e-08,1.428440075763849,  ,  ,  ,  
7.012624190950755e-08,0,7.012624190950755e-08,1.099677354185412,7.012624190950755e-08,1.098362177515674,7.012624190950755e-08,1.430378441732386,7.012624190950755e-08,1.428502168680836,  ,  ,  ,  
7.012629073609022e-08,0,7.012629073609022e-08,1.099856813198243,7.012629073609022e-08,1.098628946936286,7.012629073609022e-08,1.430535384049157,7.012629073609022e-08,1.428732251029856,  ,  ,  ,  
7.012633341239283e-08,0,7.012633341239283e-08,1.099948116697241,7.012633341239283e-08,1.098773427223699,7.012633341239283e-08,1.430591764602348,7.012633341239283e-08,1.42884372047872,  ,  ,  ,  
7.012637503944037e-08,0,7.012637503944037e-08,1.099995908795319,7.012637503944037e-08,1.09886834639026,7.012637503944037e-08,1.430616259789078,7.012637503944037e-08,1.428912427333757,  ,  ,  ,  
7.012640771578483e-08,0,7.012640771578483e-08,1.100017885275119,7.012640771578483e-08,1.098923685498285,7.012640771578483e-08,1.430626775378564,7.012640771578483e-08,1.42895307799128,  ,  ,  ,  
7.012644580688623e-08,0,7.012644580688623e-08,1.100035684771002,7.012644580688623e-08,1.098975406464441,7.012644580688623e-08,1.43063506828552,7.012644580688623e-08,1.428993304987956,  ,  ,  ,  
7.012649620979766e-08,0,7.012649620979766e-08,1.100053306195221,7.012649620979766e-08,1.099031208221396,7.012649620979766e-08,1.430642949855334,7.012649620979766e-08,1.429039963812618,  ,  ,  ,  
7.012655399895598e-08,0,7.012655399895598e-08,1.1000692418466,7.012655399895598e-08,1.099084500614893,7.012655399895598e-08,1.430649626577897,7.012655399895598e-08,1.429087892339235,  ,  ,  ,  
7.012662204217813e-08,0,7.012662204217813e-08,1.100084772098841,7.012662204217813e-08,1.099138448119374,7.012662204217813e-08,1.430655604673144,7.012662204217813e-08,1.429139665783934,  ,  ,  ,  
7.012670575426504e-08,0,7.012670575426504e-08,1.100100974068671,7.012670575426504e-08,1.099196722445926,7.012670575426504e-08,1.430661274668184,7.012670575426504e-08,1.429199042123746,  ,  ,  ,  
7.012681057760003e-08,0,7.012681057760003e-08,1.100118327234082,7.012681057760003e-08,1.099261520019191,7.012681057760003e-08,1.430666830692914,7.012681057760003e-08,1.42926899236327,  ,  ,  ,  
7.012693535550106e-08,0,7.012693535550106e-08,1.100136031246794,7.012693535550106e-08,1.099330597747766,7.012693535550106e-08,1.430672189489938,7.012693535550106e-08,1.429347707871354,  ,  ,  ,  
7.0127083801502e-08,0,7.0127083801502e-08,1.100153989309582,7.0127083801502e-08,1.099404781590819,7.0127083801502e-08,1.430677636212195,7.0127083801502e-08,1.429436319480287,  ,  ,  ,  
7.012725834742229e-08,0,7.012725834742229e-08,1.100171663239715,7.012725834742229e-08,1.099483885822886,7.012725834742229e-08,1.430683380891443,7.012725834742229e-08,1.429534601267401,  ,  ,  ,  
7.012747118184203e-08,0,7.012747118184203e-08,1.100189046948309,7.012747118184203e-08,1.099570916198541,7.012747118184203e-08,1.43068985844164,7.012747118184203e-08,1.429646854257803,  ,  ,  ,  
7.012774295515846e-08,0,7.012774295515846e-08,1.100205777199289,7.012774295515846e-08,1.099670342406805,7.012774295515846e-08,1.430697605252261,7.012774295515846e-08,1.429779501456604,  ,  ,  ,  
7.012810977001144e-08,0,7.012810977001144e-08,1.100220722228472,7.012810977001144e-08,1.099788069150919,7.012810977001144e-08,1.430707365874061,7.012810977001144e-08,1.429942012048118,  ,  ,  ,  
7.012864272174743e-08,0,7.012864272174743e-08,1.100231266708482,7.012864272174743e-08,1.099931391113147,7.012864272174743e-08,1.430720431864452,7.012864272174743e-08,1.430149760921209,  ,  ,  ,  
7.012943254072882e-08,0,7.012943254072882e-08,1.100232054379227,7.012943254072882e-08,1.100100810773486,7.012943254072882e-08,1.430738142387306,7.012943254072882e-08,1.430407418484327,  ,  ,  ,  
7.013023893097612e-08,0,7.013023893097612e-08,1.100223442186448,7.013023893097612e-08,1.100233854434412,7.013023893097612e-08,1.430755607957371,7.013023893097612e-08,1.430623669447294,  ,  ,  ,  
7.013110980854603e-08,0,7.013110980854603e-08,1.100206089510679,7.013110980854603e-08,1.100343992525284,7.013110980854603e-08,1.430775557212309,7.013110980854603e-08,1.430817396635136,  ,  ,  ,  
7.013195478131615e-08,0,7.013195478131615e-08,1.100193895138016,7.013195478131615e-08,1.100421741409527,7.013195478131615e-08,1.43079628326134,7.013195478131615e-08,1.430970056569987,  ,  ,  ,  
7.013290876799565e-08,0,7.013290876799565e-08,1.100178410816758,7.013290876799565e-08,1.100474386919412,7.013290876799565e-08,1.430821160940345,7.013290876799565e-08,1.43110686169569,  ,  ,  ,  
7.013396657504305e-08,0,7.013396657504305e-08,1.100157652812638,7.013396657504305e-08,1.100479223123965,7.013396657504305e-08,1.430851305498856,7.013396657504305e-08,1.431210395651534,  ,  ,  ,  
7.013473623796342e-08,0,7.013473623796342e-08,1.100137508932371,7.013473623796342e-08,1.100436659612102,7.013473623796342e-08,1.430872675948228,7.013473623796342e-08,1.431247260705614,  ,  ,  ,  
7.013560481895495e-08,0,7.013560481895495e-08,1.100104980482312,7.013560481895495e-08,1.100327587029619,7.013560481895495e-08,1.43089391768028,7.013560481895495e-08,1.431240616768702,  ,  ,  ,  
7.013642955178591e-08,0,7.013642955178591e-08,1.100062536184011,7.013642955178591e-08,1.100156283947454,7.013642955178591e-08,1.430906481560368,7.013642955178591e-08,1.431180448791744,  ,  ,  ,  
7.013707215145751e-08,0,7.013707215145751e-08,1.100023563224888,7.013707215145751e-08,1.099980860630605,7.013707215145751e-08,1.430910925310487,7.013707215145751e-08,1.431099067881868,  ,  ,  ,  
7.013773419606909e-08,0,7.013773419606909e-08,1.099979167782049,7.013773419606909e-08,1.099768067619811,7.013773419606909e-08,1.430909561224707,7.013773419606909e-08,1.430985829018796,  ,  ,  ,  
7.013837467354474e-08,0,7.013837467354474e-08,1.099936298091758,7.013837467354474e-08,1.099540264345488,7.013837467354474e-08,1.43090472070105,7.013837467354474e-08,1.430855501607541,  ,  ,  ,  
7.013920218894131e-08,0,7.013920218894131e-08,1.09988244777207,7.013920218894131e-08,1.09922861150757,7.013920218894131e-08,1.430892982894826,7.013920218894131e-08,1.430663952019029,  ,  ,  ,  
7.013999397575689e-08,0,7.013999397575689e-08,1.099833242820613,7.013999397575689e-08,1.098919437112091,7.013999397575689e-08,1.430876087072068,7.013999397575689e-08,1.430462979676111,  ,  ,  ,  
7.014109772070864e-08,0,7.014109772070864e-08,1.099771314040657,7.014109772070864e-08,1.098495051709611,7.014109772070864e-08,1.430845361932507,7.014109772070864e-08,1.430168281069701,  ,  ,  ,  
7.014233448918387e-08,0,7.014233448918387e-08,1.099713765619881,7.014233448918387e-08,1.098051821310404,7.014233448918387e-08,1.430803881367721,7.014233448918387e-08,1.42983453220308,  ,  ,  ,  
7.014357437983801e-08,0,7.014357437983801e-08,1.099670553271789,7.014357437983801e-08,1.097662920852446,7.014357437983801e-08,1.430759491552893,7.014357437983801e-08,1.429513369913382,  ,  ,  ,  
7.014479133691813e-08,0,7.014479133691813e-08,1.099646873293907,7.014479133691813e-08,1.097357120356418,7.014479133691813e-08,1.430721849660993,7.014479133691813e-08,1.429230016579015,  ,  ,  ,  
7.014575734990786e-08,0,7.014575734990786e-08,1.099640896378922,7.014575734990786e-08,1.097173533558402,7.014575734990786e-08,1.430699510032212,7.014575734990786e-08,1.429035848849921,  ,  ,  ,  
7.014672136084554e-08,0,7.014672136084554e-08,1.099642602803592,7.014672136084554e-08,1.097039123171348,7.014672136084554e-08,1.430682432358791,7.014672136084554e-08,1.428868222380443,  ,  ,  ,  
7.014779585625254e-08,0,7.014779585625254e-08,1.099647767969993,7.014779585625254e-08,1.096941030492198,7.014779585625254e-08,1.430666875305527,7.014779585625254e-08,1.428715959937632,  ,  ,  ,  
7.014854901912515e-08,0,7.014854901912515e-08,1.09965142550693,7.014854901912515e-08,1.096904371517697,7.014854901912515e-08,1.430653395400718,7.014854901912515e-08,1.428629477331205,  ,  ,  ,  
7.014913207821181e-08,0,7.014913207821181e-08,1.099655116273748,7.014913207821181e-08,1.096897561431884,7.014913207821181e-08,1.43064095745796,7.014913207821181e-08,1.428576684811335,  ,  ,  ,  
7.014988166892785e-08,0,7.014988166892785e-08,1.099663551565759,7.014988166892785e-08,1.09692519409088,7.014988166892785e-08,1.430623282140808,7.014988166892785e-08,1.428533544076761,  ,  ,  ,  
7.015052055710843e-08,0,7.015052055710843e-08,1.099674777365246,7.015052055710843e-08,1.096984875449418,7.015052055710843e-08,1.430606774648244,7.015052055710843e-08,1.428522007674528,  ,  ,  ,  
7.01511439734755e-08,0,7.01511439734755e-08,1.099689566798377,7.01511439734755e-08,1.097077454576185,7.01511439734755e-08,1.43058974594472,7.01511439734755e-08,1.428534773142921,  ,  ,  ,  
7.01520031834601e-08,0,7.01520031834601e-08,1.099715833264059,7.01520031834601e-08,1.097259470396038,7.01520031834601e-08,1.430566161741736,7.01520031834601e-08,1.428591206462113,  ,  ,  ,  
7.015266898334758e-08,0,7.015266898334758e-08,1.099740427412424,7.015266898334758e-08,1.097439732235763,7.015266898334758e-08,1.430549392874141,7.015266898334758e-08,1.428663778628905,  ,  ,  ,  
7.015326238636997e-08,0,7.015326238636997e-08,1.099764524204305,7.015326238636997e-08,1.09762390829112,7.015326238636997e-08,1.430536361725307,7.015326238636997e-08,1.428746495698854,  ,  ,  ,  
7.015390375206417e-08,0,7.015390375206417e-08,1.099791522396057,7.015390375206417e-08,1.097840559869305,7.015390375206417e-08,1.430524730824443,7.015390375206417e-08,1.428850375571369,  ,  ,  ,  
7.015456440549202e-08,0,7.015456440549202e-08,1.099818932297355,7.015456440549202e-08,1.098074131699308,7.015456440549202e-08,1.430515558823985,7.015456440549202e-08,1.428967661584867,  ,  ,  ,  
7.015519298496008e-08,0,7.015519298496008e-08,1.099843491387367,7.015519298496008e-08,1.09829834836307,7.015519298496008e-08,1.430509405645229,7.015519298496008e-08,1.429084075035919,  ,  ,  ,  
7.015584489245649e-08,0,7.015584489245649e-08,1.099866459642396,7.015584489245649e-08,1.098525557568804,7.015584489245649e-08,1.430505392060867,7.015584489245649e-08,1.429205134160726,  ,  ,  ,  
7.015659287545696e-08,0,7.015659287545696e-08,1.099888957806574,7.015659287545696e-08,1.098771944078778,7.015659287545696e-08,1.430503214008934,7.015659287545696e-08,1.429339501121518,  ,  ,  ,  
7.015756911782691e-08,0,7.015756911782691e-08,1.099911919444299,7.015756911782691e-08,1.099061622656339,7.015756911782691e-08,1.430503218740825,7.015756911782691e-08,1.429501488738537,  ,  ,  ,  
7.015862956114656e-08,0,7.015862956114656e-08,1.099929528853215,7.015862956114656e-08,1.099329874546362,7.015862956114656e-08,1.430505729997017,7.015862956114656e-08,1.42965608993975,  ,  ,  ,  
7.015973721406074e-08,0,7.015973721406074e-08,1.099941612565368,7.015973721406074e-08,1.099557866304847,7.015973721406074e-08,1.430510298960215,7.015973721406074e-08,1.429792638899432,  ,  ,  ,  
7.016082835925451e-08,0,7.016082835925451e-08,1.099949267518392,7.016082835925451e-08,1.099733483543905,7.016082835925451e-08,1.430516362139901,7.016082835925451e-08,1.429903716398547,  ,  ,  ,  
7.016191597890912e-08,0,7.016191597890912e-08,1.099954365498647,7.016191597890912e-08,1.099865661069288,7.016191597890912e-08,1.430523713885275,7.016191597890912e-08,1.429994078761744,  ,  ,  ,  
7.016307975377582e-08,0,7.016307975377582e-08,1.099958471759944,7.016307975377582e-08,1.099967850554987,7.016307975377582e-08,1.430533108921666,7.016307975377582e-08,1.430072158179091,  ,  ,  ,  
7.016441897429631e-08,0,7.016441897429631e-08,1.099962777021315,7.016441897429631e-08,1.100044126637109,7.016441897429631e-08,1.430546507481644,7.016441897429631e-08,1.430142878220411,  ,  ,  ,  
7.0165772560081e-08,0,7.0165772560081e-08,1.099966833153859,7.0165772560081e-08,1.100083276150379,7.0165772560081e-08,1.430563303616315,7.0165772560081e-08,1.430197594253449,  ,  ,  ,  
7.016711587354287e-08,0,7.016711587354287e-08,1.099969049588615,7.016711587354287e-08,1.100087551094467,7.016711587354287e-08,1.430582003317214,7.016711587354287e-08,1.43023546438076,  ,  ,  ,  
7.016840191222306e-08,0,7.016840191222306e-08,1.099967122142446,7.016840191222306e-08,1.100059980386912,7.016840191222306e-08,1.430598901918471,7.016840191222306e-08,1.430254185555806,  ,  ,  ,  
7.01694787775332e-08,0,7.01694787775332e-08,1.0999615148493,7.01694787775332e-08,1.100014838451434,7.01694787775332e-08,1.430610314138679,7.01694787775332e-08,1.430255861989618,  ,  ,  ,  
7.017044913253176e-08,0,7.017044913253176e-08,1.0999531259591,7.017044913253176e-08,1.099959868172813,7.017044913253176e-08,1.430617069574565,7.017044913253176e-08,1.430246388206887,  ,  ,  ,  
7.017140881218446e-08,0,7.017140881218446e-08,1.099942418206912,7.017140881218446e-08,1.099894521306269,7.017140881218446e-08,1.430620262328141,7.017140881218446e-08,1.430227519966215,  ,  ,  ,  
7.017243440092975e-08,0,7.017243440092975e-08,1.099932771884417,7.017243440092975e-08,1.099823340957959,7.017243440092975e-08,1.430623049080731,7.017243440092975e-08,1.430205034942031,  ,  ,  ,  
7.017373646765942e-08,0,7.017373646765942e-08,1.09992075601345,7.017373646765942e-08,1.099733793814864,7.017373646765942e-08,1.430623122162871,7.017373646765942e-08,1.430172287083927,  ,  ,  ,  
7.017480825364846e-08,0,7.017480825364846e-08,1.099911546724975,7.017480825364846e-08,1.099663222002407,7.017480825364846e-08,1.430620810480826,7.017480825364846e-08,1.430143809711418,  ,  ,  ,  
7.017630509338563e-08,0,7.017630509338563e-08,1.099900367315816,7.017630509338563e-08,1.099575100481978,7.017630509338563e-08,1.430614972853613,7.017630509338563e-08,1.430105283724587,  ,  ,  ,  
7.017780369751271e-08,0,7.017780369751271e-08,1.099891330626061,7.017780369751271e-08,1.099501528303202,7.017780369751271e-08,1.430606852020406,7.017780369751271e-08,1.430070590410387,  ,  ,  ,  
7.017934463971373e-08,0,7.017934463971373e-08,1.099885723092588,7.017934463971373e-08,1.099446386326027,7.017934463971373e-08,1.430598615949616,7.017934463971373e-08,1.43004320902094,  ,  ,  ,  
7.018016502776267e-08,0,7.018016502776267e-08,1.099885102077424,7.018016502776267e-08,1.099427939015122,7.018016502776267e-08,1.430595546943767,7.018016502776267e-08,1.430034014097626,  ,  ,  ,  
7.018103509811158e-08,0,7.018103509811158e-08,1.099885282153358,7.018103509811158e-08,1.099415702733325,7.018103509811158e-08,1.430592748015535,7.018103509811158e-08,1.430027746754473,  ,  ,  ,  
7.018177429392594e-08,0,7.018177429392594e-08,1.099885952233993,7.018177429392594e-08,1.099411066790555,7.018177429392594e-08,1.430590832604584,7.018177429392594e-08,1.430024847472898,  ,  ,  ,  
7.018243703357584e-08,0,7.018243703357584e-08,1.099887137176961,7.018243703357584e-08,1.099411047083305,7.018243703357584e-08,1.430589598580822,7.018243703357584e-08,1.430025052081076,  ,  ,  ,  
7.018312751759702e-08,0,7.018312751759702e-08,1.099888296321626,7.018312751759702e-08,1.099414070023133,7.018312751759702e-08,1.430588148950556,7.018312751759702e-08,1.430027230104494,  ,  ,  ,  
7.018392356694663e-08,0,7.018392356694663e-08,1.099889014775747,7.018392356694663e-08,1.099420013451011,7.018392356694663e-08,1.430585621254161,7.018392356694663e-08,1.430031376470651,  ,  ,  ,  
7.01846447239509e-08,0,7.01846447239509e-08,1.099888737438597,7.01846447239509e-08,1.099426361796311,7.01846447239509e-08,1.430581974833146,7.01846447239509e-08,1.430035940180872,  ,  ,  ,  
7.018532911781943e-08,0,7.018532911781943e-08,1.099887488832934,7.018532911781943e-08,1.099431829827301,7.018532911781943e-08,1.430576931317307,7.018532911781943e-08,1.43004044284266,  ,  ,  ,  
7.018593326968323e-08,0,7.018593326968323e-08,1.099885538634895,7.018593326968323e-08,1.099434746284079,7.018593326968323e-08,1.430570952274471,7.018593326968323e-08,1.430044207480922,  ,  ,  ,  
7.018642337190732e-08,0,7.018642337190732e-08,1.09988307702987,7.018642337190732e-08,1.099435038000761,7.018642337190732e-08,1.430564565972359,7.018642337190732e-08,1.430046611546453,  ,  ,  ,  
7.018690996466263e-08,0,7.018690996466263e-08,1.099879431580896,7.018690996466263e-08,1.099433227967201,7.018690996466263e-08,1.430556170367096,7.018690996466263e-08,1.430047769634466,  ,  ,  ,  
7.018749678234622e-08,0,7.018749678234622e-08,1.099873683925637,7.018749678234622e-08,1.099428629262029,7.018749678234622e-08,1.430543166778015,7.018749678234622e-08,1.43004751946772,  ,  ,  ,  
7.018812645370657e-08,0,7.018812645370657e-08,1.099867223279858,7.018812645370657e-08,1.099423207128867,7.018812645370657e-08,1.430526811935654,7.018812645370657e-08,1.430046697884666,  ,  ,  ,  
7.018878008352744e-08,0,7.018878008352744e-08,1.099861949031845,7.018878008352744e-08,1.09942093590872,7.018878008352744e-08,1.430509082036935,7.018878008352744e-08,1.430047547648503,  ,  ,  ,  
7.018931460251286e-08,0,7.018931460251286e-08,1.099859587158233,7.018931460251286e-08,1.099423972228893,7.018931460251286e-08,1.430495173241412,7.018931460251286e-08,1.43005086774134,  ,  ,  ,  
7.01897994293905e-08,0,7.01897994293905e-08,1.09985916362098,7.01897994293905e-08,1.099429870903896,7.01897994293905e-08,1.430483446463178,7.01897994293905e-08,1.430056368660332,  ,  ,  ,  
7.019036729525431e-08,0,7.019036729525431e-08,1.099860575437025,7.019036729525431e-08,1.099444276514423,7.019036729525431e-08,1.430470985787536,7.019036729525431e-08,1.430065712434992,  ,  ,  ,  
7.019100095395277e-08,0,7.019100095395277e-08,1.09986412128311,7.019100095395277e-08,1.099466527838501,7.019100095395277e-08,1.430458659156207,7.019100095395277e-08,1.430079175879009,  ,  ,  ,  
7.01916955496594e-08,0,7.01916955496594e-08,1.099869799372492,7.01916955496594e-08,1.099495663075289,7.01916955496594e-08,1.430447037544515,7.01916955496594e-08,1.430096571932016,  ,  ,  ,  
7.019242923224342e-08,0,7.019242923224342e-08,1.099877072029759,7.019242923224342e-08,1.099528715123985,7.019242923224342e-08,1.430436811846649,7.019242923224342e-08,1.430116630367888,  ,  ,  ,  
7.019313998347456e-08,0,7.019313998347456e-08,1.099884670578424,7.019313998347456e-08,1.099560429329122,7.019313998347456e-08,1.430428738635585,7.019313998347456e-08,1.4301365296001,  ,  ,  ,  
7.019388073193618e-08,0,7.019388073193618e-08,1.099892571849501,7.019388073193618e-08,1.099591494871484,7.019388073193618e-08,1.43042197069399,7.019388073193618e-08,1.430156856559377,  ,  ,  ,  
7.019460583736855e-08,0,7.019460583736855e-08,1.099899848428315,7.019460583736855e-08,1.099618839967489,7.019460583736855e-08,1.430416689266672,7.019460583736855e-08,1.430175530690541,  ,  ,  ,  
7.019536346054508e-08,0,7.019536346054508e-08,1.099906715433092,7.019536346054508e-08,1.099643818460887,7.019536346054508e-08,1.430412208324834,7.019536346054508e-08,1.430193273802089,  ,  ,  ,  
7.019620546334229e-08,0,7.019620546334229e-08,1.099913337190112,7.019620546334229e-08,1.099667340972361,7.019620546334229e-08,1.430408061232163,7.019620546334229e-08,1.430210605832669,  ,  ,  ,  
7.019718503232271e-08,0,7.019718503232271e-08,1.099919840203864,7.019718503232271e-08,1.099689740233348,7.019718503232271e-08,1.430403961548408,7.019718503232271e-08,1.430227653811697,  ,  ,  ,  
7.0198273519141e-08,0,7.0198273519141e-08,1.09992587248868,7.0198273519141e-08,1.099709768061175,7.0198273519141e-08,1.43039997570564,7.0198273519141e-08,1.430243077124826,  ,  ,  ,  
7.01991367595705e-08,0,7.01991367595705e-08,1.099929991890726,7.01991367595705e-08,1.099722541418074,7.01991367595705e-08,1.430397116751857,7.01991367595705e-08,1.43025304115084,  ,  ,  ,  
7.020000000000001e-08,0,7.020000000000001e-08,1.099933715202122,7.020000000000001e-08,1.099733353885277,7.020000000000001e-08,1.430394449972699,7.020000000000001e-08,1.430261383555355,  ,  ,  ,  
7.02006557126823e-08,0,7.02006557126823e-08,1.099936313208632,7.02006557126823e-08,1.099740287173103,7.02006557126823e-08,1.430392602045756,7.02006557126823e-08,1.430266529338426,  ,  ,  ,  
7.020125595278875e-08,0,7.020125595278875e-08,1.099938625408848,7.020125595278875e-08,1.099746367699179,7.020125595278875e-08,1.430390934437311,7.020125595278875e-08,1.430270915100076,  ,  ,  ,  
7.020185314895091e-08,0,7.020185314895091e-08,1.099940870608286,7.020185314895091e-08,1.099752139551358,7.020185314895091e-08,1.430389329971635,7.020185314895091e-08,1.430274924425259,  ,  ,  ,  
7.020304754127522e-08,0,7.020304754127522e-08,1.099945223522867,7.020304754127522e-08,1.099763118160823,7.020304754127522e-08,1.430386324578832,7.020304754127522e-08,1.430282024479209,  ,  ,  ,  
7.020501458451099e-08,0,7.020501458451099e-08,1.099952022143218,7.020501458451099e-08,1.099780393104584,7.020501458451099e-08,1.430382001905301,7.020501458451099e-08,1.430291797700802,  ,  ,  ,  
7.020758309499969e-08,0,7.020758309499969e-08,1.09996015557952,7.020758309499969e-08,1.099802562024547,7.020758309499969e-08,1.430377491434958,7.020758309499969e-08,1.43030223202738,  ,  ,  ,  
7.021137000435309e-08,0,7.021137000435309e-08,1.099970421107835,7.021137000435309e-08,1.099834930376469,7.021137000435309e-08,1.430372844986402,7.021137000435309e-08,1.430314719758316,  ,  ,  ,  
7.021533797623307e-08,0,7.021533797623307e-08,1.099978928155307,7.021533797623307e-08,1.099867269067862,7.021533797623307e-08,1.430369941076354,7.021533797623307e-08,1.430325258050441,  ,  ,  ,  
7.021947431366455e-08,0,7.021947431366455e-08,1.09998554859571,7.021947431366455e-08,1.099897539040894,7.021947431366455e-08,1.430368339798685,7.021947431366455e-08,1.430334079181719,  ,  ,  ,  
7.022395086369509e-08,0,7.022395086369509e-08,1.099990577956131,7.022395086369509e-08,1.099924898407695,7.022395086369509e-08,1.430367538311309,7.022395086369509e-08,1.430341486328315,  ,  ,  ,  
7.022888848487415e-08,0,7.022888848487415e-08,1.099994225954435,7.022888848487415e-08,1.099948246246455,7.022888848487415e-08,1.43036720250249,7.022888848487415e-08,1.43034754888838,  ,  ,  ,  
7.023450892348963e-08,0,7.023450892348963e-08,1.099996755203772,7.023450892348963e-08,1.099967116112073,7.023450892348963e-08,1.430367087691152,7.023450892348963e-08,1.430352418018887,  ,  ,  ,  
7.024109460693662e-08,0,7.024109460693662e-08,1.099998382397261,7.024109460693662e-08,1.099981294463314,7.024109460693662e-08,1.430367027472325,7.024109460693662e-08,1.430356224447249,  ,  ,  ,  
7.024904052927172e-08,0,7.024904052927172e-08,1.099999331920438,7.024904052927172e-08,1.099990930338461,7.024904052927172e-08,1.430366950548036,7.024904052927172e-08,1.430359173922518,  ,  ,  ,  
7.025895151101358e-08,0,7.025895151101358e-08,1.099999799696139,7.025895151101358e-08,1.09999659180525,7.025895151101358e-08,1.43036681821783,7.025895151101358e-08,1.430361452634835,  ,  ,  ,  
7.027190105337584e-08,0,7.027190105337584e-08,1.099999972594411,7.027190105337584e-08,1.099999221014146,7.027190105337584e-08,1.43036663565591,7.027190105337584e-08,1.430363230210086,  ,  ,  ,  
7.028993792922433e-08,0,7.028993792922433e-08,1.100000001080846,7.028993792922433e-08,1.099999969982795,7.028993792922433e-08,1.430366436706557,7.028993792922433e-08,1.430364626642612,  ,  ,  ,  
7.031774230693361e-08,0,7.031774230693361e-08,1.099999982801594,7.031774230693361e-08,1.099999916077098,7.031774230693361e-08,1.430366252924021,7.031774230693361e-08,1.430365659441736,  ,  ,  ,  
7.035940990325728e-08,0,7.035940990325728e-08,1.099999964836728,7.035940990325728e-08,1.099999799465574,7.035940990325728e-08,1.430366118973037,7.035940990325728e-08,1.430366161479201,  ,  ,  ,  
7.042201407345657e-08,0,7.042201407345657e-08,1.099999956662997,7.042201407345657e-08,1.099999846392752,7.042201407345657e-08,1.430366015316174,7.042201407345657e-08,1.430366189371852,  ,  ,  ,  
7.053186993049555e-08,0,7.053186993049555e-08,1.099999954637444,7.053186993049555e-08,1.099999951640333,7.053186993049555e-08,1.430365874052449,7.053186993049555e-08,1.430365939625031,  ,  ,  ,  
7.067750664260572e-08,0,7.067750664260572e-08,1.09999995520626,7.067750664260572e-08,1.099999992424587,7.067750664260572e-08,1.430365685925612,7.067750664260572e-08,1.430365659239861,  ,  ,  ,  
7.086815580072494e-08,0,7.086815580072494e-08,1.099999955647337,7.086815580072494e-08,1.09999998936459,7.086815580072494e-08,1.43036543260238,7.086815580072494e-08,1.430365383952924,  ,  ,  ,  
7.114055841695696e-08,0,7.114055841695696e-08,1.099999955796179,7.114055841695696e-08,1.099999978586847,7.114055841695696e-08,1.430365067548203,7.114055841695696e-08,1.430365023279867,  ,  ,  ,  
7.15959662675199e-08,0,7.15959662675199e-08,1.09999995592604,7.15959662675199e-08,1.099999973741794,7.15959662675199e-08,1.430364456846022,7.15959662675199e-08,1.430364416701484,  ,  ,  ,  
7.250678196864577e-08,0,7.250678196864577e-08,1.09999995616684,7.250678196864577e-08,1.099999974028477,7.250678196864577e-08,1.430363235256618,7.250678196864577e-08,1.430363195747534,  ,  ,  ,  
7.325339098432289e-08,0,7.325339098432289e-08,1.099999956345736,7.325339098432289e-08,1.099999974771742,7.325339098432289e-08,1.430362234473738,7.325339098432289e-08,1.430362193593347,  ,  ,  ,  
7.400000000000001e-08,0,7.400000000000001e-08,1.099999956504839,7.400000000000001e-08,1.099999975047089,7.400000000000001e-08,1.430361233304099,7.400000000000001e-08,1.430361193368009,  ,  ,  ,  
7.401255208267583e-08,0.06903645471708152,7.401255208267583e-08,1.099999989482843,7.401255208267583e-08,1.100000007411902,7.401255208267583e-08,1.43036126592273,7.401255208267583e-08,1.430361973333125,  ,  ,  ,  
7.402552104800068e-08,0.1403657640037475,7.402552104800068e-08,1.099999922885345,7.402552104800068e-08,1.099999945371644,7.402552104800068e-08,1.430361230414026,7.402552104800068e-08,1.430361211588245,  ,  ,  ,  
7.405145897865038e-08,0.2830243825770793,7.405145897865038e-08,1.099999943542318,7.405145897865038e-08,1.099999956643768,7.405145897865038e-08,1.430361180329393,7.405145897865038e-08,1.430360667778963,  ,  ,  ,  
7.406147703427106e-08,0.3381236884908216,7.406147703427106e-08,1.099999876984852,7.406147703427106e-08,1.09999989784874,7.406147703427106e-08,1.430361086887828,7.406147703427106e-08,1.430359337728455,  ,  ,  ,  
7.407037770733221e-08,0.3870773903271256,7.407037770733221e-08,1.099999678924503,7.407037770733221e-08,1.09999971130962,7.407037770733221e-08,1.430360850583612,7.407037770733221e-08,1.43035535216204,  ,  ,  ,  
7.4076245579394e-08,0.4193506866669831,7.4076245579394e-08,1.099999383792663,7.4076245579394e-08,1.099999428203188,7.4076245579394e-08,1.430360511680686,7.4076245579394e-08,1.430349366622862,  ,  ,  ,  
7.408229385717088e-08,0.4526162144398249,7.408229385717088e-08,1.09999882484743,7.408229385717088e-08,1.09999889021466,7.408229385717088e-08,1.430359852965747,7.408229385717088e-08,1.430337616816864,  ,  ,  ,  
7.408723810084992e-08,0.4798095546745727,7.408723810084992e-08,1.099997984819127,7.408723810084992e-08,1.099998087877885,7.408723810084992e-08,1.430358880084022,7.408723810084992e-08,1.430320257569236,  ,  ,  ,  
7.409114405105105e-08,0.501292280780774,7.409114405105105e-08,1.099996910986554,7.409114405105105e-08,1.099997065903014,7.409114405105105e-08,1.430357655807184,7.409114405105105e-08,1.43029833400275,  ,  ,  ,  
7.409451599585882e-08,0.5198379772235243,7.409451599585882e-08,1.099995802205423,7.409451599585882e-08,1.099995966285848,7.409451599585882e-08,1.430356227962874,7.409451599585882e-08,1.430272685732264,  ,  ,  ,  
7.409790868187881e-08,0.5384977503334534,7.409790868187881e-08,1.099994764197996,7.409790868187881e-08,1.099994846018167,7.409790868187881e-08,1.430354467433169,7.409790868187881e-08,1.430241924189194,  ,  ,  ,  
7.410256742904558e-08,0.5641208597506667,7.410256742904558e-08,1.099993433816583,7.410256742904558e-08,1.099993339379124,7.410256742904558e-08,1.430351427819262,7.410256742904558e-08,1.430193344349478,  ,  ,  ,  
7.4105709875819e-08,0.5814043170044761,7.4105709875819e-08,1.099993630208858,7.4105709875819e-08,1.099993180632921,7.4105709875819e-08,1.430349440530032,7.4105709875819e-08,1.43016597796283,  ,  ,  ,  
7.410982824187868e-08,0.6040553303327357,7.410982824187868e-08,1.100004178309528,7.410982824187868e-08,1.100001365602638,7.410982824187868e-08,1.430351546887815,7.410982824187868e-08,1.430231024963421,  ,  ,  ,  
7.411308043264071e-08,0.6219423795238904,7.411308043264071e-08,1.100036338756516,7.411308043264071e-08,1.100027720538715,7.411308043264071e-08,1.430365747748202,7.411308043264071e-08,1.43054567061885,  ,  ,  ,  
7.411649991045888e-08,0.64074950752382,7.411649991045888e-08,1.100109607403475,7.411649991045888e-08,1.100090425586288,7.411649991045888e-08,1.430405343823416,7.411649991045888e-08,1.431422396666388,  ,  ,  ,  
7.411942234565748e-08,0.6568229011161466,7.411942234565748e-08,1.10020564970048,7.411942234565748e-08,1.100177006699491,7.411942234565748e-08,1.430466317985647,7.411942234565748e-08,1.432797345409998,  ,  ,  ,  
7.412215503419982e-08,0.6718526880989807,7.412215503419982e-08,1.100307346705896,7.412215503419982e-08,1.100275868056477,7.412215503419982e-08,1.430546784363859,7.412215503419982e-08,1.434629512644072,  ,  ,  ,  
7.412458007034603e-08,0.6851903869031537,7.412458007034603e-08,1.100392952468162,7.412458007034603e-08,1.100367465921235,7.412458007034603e-08,1.43063585493966,7.412458007034603e-08,1.43662778142564,  ,  ,  ,  
7.412633034836835e-08,0.6948169160259198,7.412633034836835e-08,1.100447982841292,7.412633034836835e-08,1.100431762191147,7.412633034836835e-08,1.430710389390006,7.412633034836835e-08,1.438235224504177,  ,  ,  ,  
7.412810009062173e-08,0.7045504984195186,7.412810009062173e-08,1.100491885651136,7.412810009062173e-08,1.100491086738649,7.412810009062173e-08,1.43079353546188,7.412810009062173e-08,1.439941313156176,  ,  ,  ,  
7.412982709284292e-08,0.7140490106360617,7.412982709284292e-08,1.100525743619647,7.412982709284292e-08,1.10054008516566,7.412982709284292e-08,1.430881142064537,7.412982709284292e-08,1.441622215478253,  ,  ,  ,  
7.413157954496402e-08,0.7236874973020926,7.413157954496402e-08,1.10054490143961,7.413157954496402e-08,1.100578101664296,7.413157954496402e-08,1.430975723683907,7.413157954496402e-08,1.443275257769934,  ,  ,  ,  
7.41336885923959e-08,0.7352872581774705,7.41336885923959e-08,1.100545079765878,7.41336885923959e-08,1.100605234847138,7.41336885923959e-08,1.43109654952301,7.41336885923959e-08,1.445083046575651,  ,  ,  ,  
7.413533408050167e-08,0.7443374427591777,7.413533408050167e-08,1.100524261749382,7.413533408050167e-08,1.100609657187783,7.413533408050167e-08,1.431196152165632,7.413533408050167e-08,1.446263701413895,  ,  ,  ,  
7.413658431269109e-08,0.7512137198009915,7.413658431269109e-08,1.10049641292412,7.413658431269109e-08,1.100602374730591,7.413658431269109e-08,1.431273317548001,7.413658431269109e-08,1.446991757172714,  ,  ,  ,  
7.413799014298606e-08,0.7589457864233188,7.413799014298606e-08,1.100458570343034,7.413799014298606e-08,1.100585384902993,7.413799014298606e-08,1.431359118873504,7.413799014298606e-08,1.447641574508509,  ,  ,  ,  
7.413899491086322e-08,0.7644720097477257,7.413899491086322e-08,1.100430096957574,7.413899491086322e-08,1.100569247277517,7.413899491086322e-08,1.431419336491209,7.413899491086322e-08,1.448006643151464,  ,  ,  ,  
7.414048231044077e-08,0.7726527074242138,7.414048231044077e-08,1.100388777915247,7.414048231044077e-08,1.100542472607284,7.414048231044077e-08,1.431507161177053,7.414048231044077e-08,1.448411553201878,  ,  ,  ,  
7.414241452170904e-08,0.7832798693997265,7.414241452170904e-08,1.100336432036265,7.414241452170904e-08,1.100505818338081,7.414241452170904e-08,1.431618745878954,7.414241452170904e-08,1.448706195403266,  ,  ,  ,  
7.414535774442895e-08,0.7994675943592333,7.414535774442895e-08,1.100251940097046,7.414535774442895e-08,1.100449493662635,7.414535774442895e-08,1.431781795346466,7.414535774442895e-08,1.448592010532197,  ,  ,  ,  
7.414784134085499e-08,0.8131273747024608,7.414784134085499e-08,1.100166715293965,7.414784134085499e-08,1.100401006624931,7.414784134085499e-08,1.431909685901018,7.414784134085499e-08,1.447841012104787,  ,  ,  ,  
7.415057894181775e-08,0.8281841799976297,7.415057894181775e-08,1.100045594397101,7.415057894181775e-08,1.10034281790399,7.415057894181775e-08,1.432033939005097,7.415057894181775e-08,1.446078941636052,  ,  ,  ,  
7.415273453363018e-08,0.8400399349659742,7.415273453363018e-08,1.099924065399469,7.415273453363018e-08,1.100290503438471,7.415273453363018e-08,1.432112967626037,7.415273453363018e-08,1.443844714758745,  ,  ,  ,  
7.415521890127243e-08,0.8537039569983348,7.415521890127243e-08,1.099757643322307,7.415521890127243e-08,1.10022084402527,7.415521890127243e-08,1.432173902486658,7.415521890127243e-08,1.440172611071809,  ,  ,  ,  
7.415764265428752e-08,0.8670345985813702,7.415764265428752e-08,1.099570501230507,7.415764265428752e-08,1.10014264473606,7.415764265428752e-08,1.432191569923423,7.415764265428752e-08,1.435343355208917,  ,  ,  ,  
7.416005712669312e-08,0.8803141968121481,7.416005712669312e-08,1.099382545576071,7.416005712669312e-08,1.100057356852121,7.416005712669312e-08,1.432157867953946,7.416005712669312e-08,1.429268861465145,  ,  ,  ,  
7.416267849299774e-08,0.8947317114875449,7.416267849299774e-08,1.099188770903417,7.416267849299774e-08,1.099960617694958,7.416267849299774e-08,1.432052228788562,7.416267849299774e-08,1.421238465908127,  ,  ,  ,  
7.41654663331737e-08,0.9100648324553384,7.41654663331737e-08,1.098983346696131,7.41654663331737e-08,1.099857219030021,7.41654663331737e-08,1.431850605249363,7.41654663331737e-08,1.411112656060757,  ,  ,  ,  
7.416869374527963e-08,0.927815599037937,7.416869374527963e-08,1.098709690332706,7.416869374527963e-08,1.099741006302546,7.416869374527963e-08,1.431488578425241,7.416869374527963e-08,1.397470617089696,  ,  ,  ,  
7.417170467277925e-08,0.9443757002858545,7.417170467277925e-08,1.098362248824024,7.417170467277925e-08,1.099638917308954,7.417170467277925e-08,1.431016764209097,7.417170467277925e-08,1.383022284867341,  ,  ,  ,  
7.417454550032318e-08,0.9600002517774633,7.417454550032318e-08,1.097940639677871,7.417454550032318e-08,1.099550258057513,7.417454550032318e-08,1.430446326976803,7.417454550032318e-08,1.367993844222005,  ,  ,  ,  
7.417734328397364e-08,0.9753880618549897,7.417734328397364e-08,1.097591982231716,7.417734328397364e-08,1.099476094611417,7.417734328397364e-08,1.429765396925785,7.417734328397364e-08,1.35200852960931,  ,  ,  ,  
7.418012361235184e-08,0.9906798679351386,7.418012361235184e-08,1.097485585450857,7.418012361235184e-08,1.099426146836,7.418012361235184e-08,1.428982171646707,7.418012361235184e-08,1.335111275750666,  ,  ,  ,  
7.418246708792659e-08,1.003568983596266,7.418246708792659e-08,1.097562241045771,7.418246708792659e-08,1.099408059990257,7.418246708792659e-08,1.428253812992508,7.418246708792659e-08,1.320180549970304,  ,  ,  ,  
7.418433270148618e-08,1.013829858173958,7.418433270148618e-08,1.09769191036751,7.418433270148618e-08,1.09941360852031,7.418433270148618e-08,1.427644707252959,7.418433270148618e-08,1.307888450658845,  ,  ,  ,  
7.418582437653628e-08,1.022034070949523,7.418582437653628e-08,1.097850031710626,7.418582437653628e-08,1.099434575849337,7.418582437653628e-08,1.427151874918589,7.418582437653628e-08,1.297812015504488,  ,  ,  ,  
7.418715301205538e-08,1.029341566304604,7.418715301205538e-08,1.098037046312115,7.418715301205538e-08,1.099466839121481,7.418715301205538e-08,1.426719256303943,7.418715301205538e-08,1.288620762339295,  ,  ,  ,  
7.418852052926534e-08,1.036862910959384,7.418852052926534e-08,1.098259349855184,7.418852052926534e-08,1.099510111066785,7.418852052926534e-08,1.426288286583038,7.418852052926534e-08,1.278851504222674,  ,  ,  ,  
7.418968474247357e-08,1.043266083604624,7.418968474247357e-08,1.098449933797063,7.418968474247357e-08,1.099551315752934,7.418968474247357e-08,1.425940537407981,7.418968474247357e-08,1.270195743715075,  ,  ,  ,  
7.419083707828187e-08,1.049603930550272,7.419083707828187e-08,1.098618517768326,7.419083707828187e-08,1.099592808231125,7.419083707828187e-08,1.425621500394679,7.419083707828187e-08,1.261217305672999,  ,  ,  ,  
7.419232195674905e-08,1.057770762119782,7.419232195674905e-08,1.09878350079529,7.419232195674905e-08,1.099643609846109,7.419232195674905e-08,1.425263513288194,7.419232195674905e-08,1.248834518183288,  ,  ,  ,  
7.419388451925925e-08,1.066364855925888,7.419388451925925e-08,1.098883227358638,7.419388451925925e-08,1.099690164642283,7.419388451925925e-08,1.424978067295638,7.419388451925925e-08,1.23448652155178,  ,  ,  ,  
7.419548625959515e-08,1.075174427773321,7.419548625959515e-08,1.098907693941728,7.419548625959515e-08,1.099728098504916,7.419548625959515e-08,1.424821986422584,7.419548625959515e-08,1.217896353547946,  ,  ,  ,  
7.41970676769652e-08,1.083872223308594,7.41970676769652e-08,1.098863396691298,7.41970676769652e-08,1.099754540637578,7.41970676769652e-08,1.424839091500876,7.41970676769652e-08,1.199100674258075,  ,  ,  ,  
7.41986185810214e-08,1.09240219561767,7.41986185810214e-08,1.09877409721533,7.41986185810214e-08,1.099770088541677,7.41986185810214e-08,1.424992464476096,7.41986185810214e-08,1.178192198989403,  ,  ,  ,  
7.41993092905107e-08,1.09620109780884,7.41993092905107e-08,1.098727035278494,7.41993092905107e-08,1.099773214871383,7.41993092905107e-08,1.425075030643874,7.41993092905107e-08,1.168231484636975,  ,  ,  ,  
7.420000000000002e-08,1.1,7.420000000000002e-08,1.098680378762641,7.420000000000002e-08,1.099773752425544,7.420000000000002e-08,1.425151865054408,7.420000000000002e-08,1.157989960908974,  ,  ,  ,  
7.420056138747875e-08,1.1,7.420056138747875e-08,1.09864496910715,7.420056138747875e-08,1.099771872612876,7.420056138747875e-08,1.425208984806764,7.420056138747875e-08,1.149445208064153,  ,  ,  ,  
7.420109389476559e-08,1.1,7.420109389476559e-08,1.098611645110503,7.420109389476559e-08,1.099768232068731,7.420109389476559e-08,1.425250977518677,7.420109389476559e-08,1.14126700062005,  ,  ,  ,  
7.420162592719045e-08,1.1,7.420162592719045e-08,1.098578798180717,7.420162592719045e-08,1.099762341768243,7.420162592719045e-08,1.425286674798778,7.420162592719045e-08,1.133005889878687,  ,  ,  ,  
7.420248781694211e-08,1.1,7.420248781694211e-08,1.098525939846091,7.420248781694211e-08,1.099747806522561,7.420248781694211e-08,1.425332009777011,7.420248781694211e-08,1.119405832181966,  ,  ,  ,  
7.420355358471032e-08,1.1,7.420355358471032e-08,1.098460392865902,7.420355358471032e-08,1.099722469317087,7.420355358471032e-08,1.425370627887919,7.420355358471032e-08,1.102172435478859,  ,  ,  ,  
7.42048267276607e-08,1.1,7.42048267276607e-08,1.098382759919388,7.42048267276607e-08,1.099685752518643,7.42048267276607e-08,1.42539572303412,7.42048267276607e-08,1.080912788040955,  ,  ,  ,  
7.420618710646413e-08,1.1,7.420618710646413e-08,1.098302938010792,7.420618710646413e-08,1.099644872274847,7.420618710646413e-08,1.425404331723325,7.420618710646413e-08,1.057305724581542,  ,  ,  ,  
7.420757442494899e-08,1.1,7.420757442494899e-08,1.098226670911948,7.420757442494899e-08,1.099606846460663,7.420757442494899e-08,1.425400587031808,7.420757442494899e-08,1.032193904720661,  ,  ,  ,  
7.420884565545865e-08,1.1,7.420884565545865e-08,1.098162351576824,7.420884565545865e-08,1.099577362541451,7.420884565545865e-08,1.425391061608532,7.420884565545865e-08,1.008179393170487,  ,  ,  ,  
7.421009456180074e-08,1.1,7.421009456180074e-08,1.098103691787635,7.421009456180074e-08,1.099554643604953,7.421009456180074e-08,1.42537851054123,7.421009456180074e-08,0.9835634960285882,  ,  ,  ,  
7.421108526367437e-08,1.1,7.421108526367437e-08,1.098059748488573,7.421108526367437e-08,1.099540772246841,7.421108526367437e-08,1.425367314950021,7.421108526367437e-08,0.9632550569213255,  ,  ,  ,  
7.421234157259598e-08,1.1,7.421234157259598e-08,1.098006496905224,7.421234157259598e-08,1.099527020669708,7.421234157259598e-08,1.425352234444723,7.421234157259598e-08,0.9364273974914713,  ,  ,  ,  
7.421391510293661e-08,1.1,7.421391510293661e-08,1.09794321615744,7.421391510293661e-08,1.099513309842705,7.421391510293661e-08,1.425332249996373,7.421391510293661e-08,0.9010052324000899,  ,  ,  ,  
7.421530683693537e-08,1.1,7.421530683693537e-08,1.097890824910488,7.421530683693537e-08,1.099503494668101,7.421530683693537e-08,1.425313901751797,7.421530683693537e-08,0.8678917499751712,  ,  ,  ,  
7.421708876732515e-08,1.1,7.421708876732515e-08,1.097830643290069,7.421708876732515e-08,1.099493163972626,7.421708876732515e-08,1.425289709798582,7.421708876732515e-08,0.8230170053242953,  ,  ,  ,  
7.421887317984305e-08,1.1,7.421887317984305e-08,1.097781432806369,7.421887317984305e-08,1.099485799732687,7.421887317984305e-08,1.42526527285367,7.421887317984305e-08,0.7754713932358975,  ,  ,  ,  
7.422091501642958e-08,1.1,7.422091501642958e-08,1.09774289107461,7.422091501642958e-08,1.099482014012335,7.422091501642958e-08,1.425237936445723,7.422091501642958e-08,0.718445612966629,  ,  ,  ,  
7.422311991642798e-08,1.1,7.422311991642798e-08,1.097728581919664,7.422311991642798e-08,1.099484184939642,7.422311991642798e-08,1.42520970533954,7.422311991642798e-08,0.6548448714855637,  ,  ,  ,  
7.422497724472144e-08,1.1,7.422497724472144e-08,1.097754898198279,7.422497724472144e-08,1.099492798727389,7.422497724472144e-08,1.425187393823033,7.422497724472144e-08,0.6008831571961446,  ,  ,  ,  
7.422629456139609e-08,1.1,7.422629456139609e-08,1.097815515241331,7.422629456139609e-08,1.099503133686768,7.422629456139609e-08,1.425172270806072,7.422629456139609e-08,0.5631993491649311,  ,  ,  ,  
7.422779514023145e-08,1.1,7.422779514023145e-08,1.097960344260336,7.422779514023145e-08,1.099518726332696,7.422779514023145e-08,1.425155300615028,7.422779514023145e-08,0.5217396095074808,  ,  ,  ,  
7.422935209601274e-08,1.1,7.422935209601274e-08,1.09823140010787,7.422935209601274e-08,1.099539513770788,7.422935209601274e-08,1.425138348392366,7.422935209601274e-08,0.4812208154256391,  ,  ,  ,  
7.423123420939967e-08,1.1,7.423123420939967e-08,1.098749590278773,7.423123420939967e-08,1.099570253009771,7.423123420939967e-08,1.425119649152467,7.423123420939967e-08,0.4363817891512375,  ,  ,  ,  
7.423289334243633e-08,1.1,7.423289334243633e-08,1.099368132251133,7.423289334243633e-08,1.099600380119653,7.423289334243633e-08,1.425105381106903,7.423289334243633e-08,0.400614365367251,  ,  ,  ,  
7.423427987788039e-08,1.1,7.423427987788039e-08,1.099991579883412,7.423427987788039e-08,1.099625996426108,7.423427987788039e-08,1.425095150443676,7.423427987788039e-08,0.3731583359475299,  ,  ,  ,  
7.423572590035843e-08,1.1,7.423572590035843e-08,1.100734051086759,7.423572590035843e-08,1.099652164979974,7.423572590035843e-08,1.425085831261045,7.423572590035843e-08,0.3466160238329535,  ,  ,  ,  
7.423794451693197e-08,1.1,7.423794451693197e-08,1.102013708528649,7.423794451693197e-08,1.099690876840959,7.423794451693197e-08,1.425073549049961,7.423794451693197e-08,0.30955777497475,  ,  ,  ,  
7.424009270152867e-08,1.1,7.424009270152867e-08,1.103367380430359,7.424009270152867e-08,1.09972658585941,7.424009270152867e-08,1.425063758994911,7.424009270152867e-08,0.277357068801551,  ,  ,  ,  
7.42422137021552e-08,1.1,7.42422137021552e-08,1.104775150959209,7.42422137021552e-08,1.099760348904144,7.42422137021552e-08,1.425055820550475,7.42422137021552e-08,0.2486798013444366,  ,  ,  ,  
7.424428113656774e-08,1.1,7.424428113656774e-08,1.106192833861552,7.424428113656774e-08,1.099792130687994,7.424428113656774e-08,1.425049473681748,7.424428113656774e-08,0.2234127770704543,  ,  ,  ,  
7.424644071046378e-08,1.1,7.424644071046378e-08,1.107713933835456,7.424644071046378e-08,1.099824273415143,7.424644071046378e-08,1.425044107809114,7.424644071046378e-08,0.1996069103223088,  ,  ,  ,  
7.424895692077105e-08,1.1,7.424895692077105e-08,1.109551672565214,7.424895692077105e-08,1.099860191107322,7.424895692077105e-08,1.425039236542471,7.424895692077105e-08,0.1749126638809054,  ,  ,  ,  
7.425226071084102e-08,1.1,7.425226071084102e-08,1.112146754828394,7.425226071084102e-08,1.099904113536895,7.425226071084102e-08,1.425034649827913,7.425226071084102e-08,0.1469392795329089,  ,  ,  ,  
7.425597670663159e-08,1.1,7.425597670663159e-08,1.11553081732419,7.425597670663159e-08,1.099948081110625,7.425597670663159e-08,1.425031380554726,7.425597670663159e-08,0.1207457388842728,  ,  ,  ,  
7.42600447476756e-08,1.1,7.42600447476756e-08,1.120160549343724,7.42600447476756e-08,1.099988769158449,7.42600447476756e-08,1.425029802832745,7.42600447476756e-08,0.0974934665394304,  ,  ,  ,  
7.426417917798354e-08,1.1,7.426417917798354e-08,1.124809537808361,7.426417917798354e-08,1.100020989144848,7.426417917798354e-08,1.42503246373517,7.426417917798354e-08,0.0786662412642446,  ,  ,  ,  
7.426717483922714e-08,1.1,7.426717483922714e-08,1.124869377988577,7.426717483922714e-08,1.100037324118883,7.426717483922714e-08,1.425039899260367,7.426717483922714e-08,0.06755608027394543,  ,  ,  ,  
7.426942687207784e-08,1.1,7.426942687207784e-08,1.118975412230014,7.426942687207784e-08,1.100045188490667,7.426942687207784e-08,1.425049798719383,7.426942687207784e-08,0.06038655264296439,  ,  ,  ,  
7.42715009924103e-08,1.1,7.42715009924103e-08,1.103695070446348,7.42715009924103e-08,1.100047761724892,7.42715009924103e-08,1.425062678967109,7.42715009924103e-08,0.05454628602334569,  ,  ,  ,  
7.427316128273188e-08,1.1,7.427316128273188e-08,1.080291374612835,7.427316128273188e-08,1.100044945803003,7.427316128273188e-08,1.425073875784452,7.427316128273188e-08,0.05032946302870787,  ,  ,  ,  
7.427459058550548e-08,1.1,7.427459058550548e-08,1.04875775824499,7.427459058550548e-08,1.10003871221662,7.427459058550548e-08,1.425082945839655,7.427459058550548e-08,0.04699262343248675,  ,  ,  ,  
7.427592383495884e-08,1.1,7.427592383495884e-08,1.008859280102604,7.427592383495884e-08,1.100029736504153,7.427592383495884e-08,1.425089834239662,7.427592383495884e-08,0.04410017738224769,  ,  ,  ,  
7.427735301005758e-08,1.1,7.427735301005758e-08,0.9559857022267892,7.427735301005758e-08,1.100017355651256,7.427735301005758e-08,1.425094491435029,7.427735301005758e-08,0.04121011296595048,  ,  ,  ,  
7.42787980819049e-08,1.1,7.42787980819049e-08,0.8933135429655871,7.42787980819049e-08,1.100003454124734,7.42787980819049e-08,1.425096365234505,7.42787980819049e-08,0.03849448265040573,  ,  ,  ,  
7.428047928473178e-08,1.1,7.428047928473178e-08,0.810952487419472,7.428047928473178e-08,1.099987272052702,7.428047928473178e-08,1.425095462557646,7.428047928473178e-08,0.03558007109211336,  ,  ,  ,  
7.428213459800091e-08,1.1,7.428213459800091e-08,0.7227791364026294,7.428213459800091e-08,1.099973523641347,7.428213459800091e-08,1.425092904531835,7.428213459800091e-08,0.03295569895325354,  ,  ,  ,  
7.428366467656732e-08,1.1,7.428366467656732e-08,0.6380039532988566,7.428366467656732e-08,1.099964735948121,7.428366467656732e-08,1.425090992611718,7.428366467656732e-08,0.03073868950925894,  ,  ,  ,  
7.428456681029274e-08,1.1,7.428456681029274e-08,0.5872613378699925,7.428456681029274e-08,1.099961024255447,7.428456681029274e-08,1.425089926555395,7.428456681029274e-08,0.02952106686779837,  ,  ,  ,  
7.428551010909867e-08,1.1,7.428551010909867e-08,0.5340939927107249,7.428551010909867e-08,1.099958125987854,7.428551010909867e-08,1.425088840295616,7.428551010909867e-08,0.02831462018375054,  ,  ,  ,  
7.428627233290105e-08,1.1,7.428627233290105e-08,0.4913229117504406,7.428627233290105e-08,1.099956608757738,7.428627233290105e-08,1.425088060135286,7.428627233290105e-08,0.0273878369544608,  ,  ,  ,  
7.42868725042284e-08,1.1,7.42868725042284e-08,0.4576798959777957,7.42868725042284e-08,1.09995513520737,7.42868725042284e-08,1.425086908469975,7.42868725042284e-08,0.02668521459285462,  ,  ,  ,  
7.428736014429947e-08,1.1,7.428736014429947e-08,0.4303545902719766,7.428736014429947e-08,1.099953915143927,7.428736014429947e-08,1.425085719030212,7.428736014429947e-08,0.02613128377013628,  ,  ,  ,  
7.428789560736501e-08,1.1,7.428789560736501e-08,0.4006572350059692,7.428789560736501e-08,1.099953738820193,7.428789560736501e-08,1.425085177869766,7.428789560736501e-08,0.0255425859459211,  ,  ,  ,  
7.428851423188309e-08,1.1,7.428851423188309e-08,0.3669448940270894,7.428851423188309e-08,1.099954177147713,7.428851423188309e-08,1.425084782446851,7.428851423188309e-08,0.02488662765860145,  ,  ,  ,  
7.428919644648876e-08,1.1,7.428919644648876e-08,0.3306462083245524,7.428919644648876e-08,1.099955094424907,7.428919644648876e-08,1.425084303025908,7.428919644648876e-08,0.02419114757320355,  ,  ,  ,  
7.428996174397343e-08,1.1,7.428996174397343e-08,0.2911798060421917,7.428996174397343e-08,1.099956424481015,7.428996174397343e-08,1.425083413098864,7.428996174397343e-08,0.02344405457908987,  ,  ,  ,  
7.429070775765505e-08,1.1,7.429070775765505e-08,0.2541549333468582,7.429070775765505e-08,1.099957707631303,7.429070775765505e-08,1.425081714212169,7.429070775765505e-08,0.02274643622915408,  ,  ,  ,  
7.429139759362815e-08,1.1,7.429139759362815e-08,0.2214503897152679,7.429139759362815e-08,1.099958916715105,7.429139759362815e-08,1.425079200603085,7.429139759362815e-08,0.02212655827197321,  ,  ,  ,  
7.429198699559229e-08,1.1,7.429198699559229e-08,0.1950896163816612,7.429198699559229e-08,1.099960843375564,7.429198699559229e-08,1.425076996303598,7.429198699559229e-08,0.02161741444123461,  ,  ,  ,  
7.429245063217344e-08,1.1,7.429245063217344e-08,0.1756557803461006,7.429245063217344e-08,1.099963304005222,7.429245063217344e-08,1.42507548803365,7.429245063217344e-08,0.02123137104379215,  ,  ,  ,  
7.429285486086005e-08,1.1,7.429285486086005e-08,0.15954092951498,7.429285486086005e-08,1.099964687908717,7.429285486086005e-08,1.425072944992338,7.429285486086005e-08,0.02090241386111942,  ,  ,  ,  
7.429334198484485e-08,1.1,7.429334198484485e-08,0.140863946988517,7.429334198484485e-08,1.099964697946045,7.429334198484485e-08,1.425067403653057,7.429334198484485e-08,0.02051259502277517,  ,  ,  ,  
7.429395903957548e-08,1.1,7.429395903957548e-08,0.11820555536829,7.429395903957548e-08,1.099962985129056,7.429395903957548e-08,1.425056666376428,7.429395903957548e-08,0.02002937964893575,  ,  ,  ,  
7.429467806809586e-08,1.1,7.429467806809586e-08,0.09363668710981134,7.429467806809586e-08,1.099960719075697,7.429467806809586e-08,1.425040359381534,7.429467806809586e-08,0.01948576120538356,  ,  ,  ,  
7.429526933776739e-08,1.1,7.429526933776739e-08,0.07548322952178341,7.429526933776739e-08,1.099960236133781,7.429526933776739e-08,1.425025591655728,7.429526933776739e-08,0.01905942458771155,  ,  ,  ,  
7.429589958996443e-08,1.1,7.429589958996443e-08,0.05878257439199568,7.429589958996443e-08,1.099962123453863,7.429589958996443e-08,1.425010355921737,7.429589958996443e-08,0.01862940023966944,  ,  ,  ,  
7.429648245145216e-08,1.1,7.429648245145216e-08,0.04603844718145837,7.429648245145216e-08,1.099966105170306,7.429648245145216e-08,1.424997922408415,7.429648245145216e-08,0.01825546039080029,  ,  ,  ,  
7.429705243924207e-08,1.1,7.429705243924207e-08,0.03607540086466342,7.429705243924207e-08,1.099971842473522,7.429705243924207e-08,1.424988009141498,7.429705243924207e-08,0.01791105034795278,  ,  ,  ,  
7.429766006391126e-08,1.1,7.429766006391126e-08,0.02792079216997061,7.429766006391126e-08,1.099979330954494,7.429766006391126e-08,1.424980130907071,7.429766006391126e-08,0.01756467674374472,  ,  ,  ,  
7.429833811466521e-08,1.1,7.429833811466521e-08,0.02131067860277141,7.429833811466521e-08,1.099988506689252,7.429833811466521e-08,1.424974403756257,7.429833811466521e-08,0.01719954418836165,  ,  ,  ,  
7.429912991305314e-08,1.1,7.429912991305314e-08,0.01609238305675481,7.429912991305314e-08,1.09999927560072,7.429912991305314e-08,1.424971033645177,7.429912991305314e-08,0.01679549388410116,  ,  ,  ,  
7.430008527340875e-08,1.1,7.430008527340875e-08,0.01220428546683015,7.430008527340875e-08,1.100011178186917,7.430008527340875e-08,1.424970228818162,7.430008527340875e-08,0.01633164929118038,  ,  ,  ,  
7.430109792376841e-08,1.1,7.430109792376841e-08,0.009837329338085491,7.430109792376841e-08,1.100021710048634,7.430109792376841e-08,1.424971628479226,7.430109792376841e-08,0.01585993590911648,  ,  ,  ,  
7.430212051839276e-08,1.1,7.430212051839276e-08,0.008454464459265707,7.430212051839276e-08,1.100029872550268,7.430212051839276e-08,1.424974058945891,7.430212051839276e-08,0.01539820417384118,  ,  ,  ,  
7.430322223249174e-08,1.1,7.430322223249174e-08,0.007513564446591454,7.430322223249174e-08,1.100035996726318,7.430322223249174e-08,1.424976829938038,7.430322223249174e-08,0.01491251701272375,  ,  ,  ,  
7.430448261353731e-08,1.1,7.430448261353731e-08,0.006738291084163746,7.430448261353731e-08,1.100040105063785,7.430448261353731e-08,1.424979566097162,7.430448261353731e-08,0.01436833203480806,  ,  ,  ,  
7.430604500335108e-08,1.1,7.430604500335108e-08,0.005954762317057075,7.430604500335108e-08,1.100041897427249,7.430604500335108e-08,1.424982054560672,7.430604500335108e-08,0.01370782635893014,  ,  ,  ,  
7.430819002743412e-08,1.1,7.430819002743412e-08,0.005021575975730738,7.430819002743412e-08,1.100040335967738,7.430819002743412e-08,1.42498407809947,7.430819002743412e-08,0.01282394080834811,  ,  ,  ,  
7.431168958000845e-08,1.1,7.431168958000845e-08,0.003733913768759929,7.431168958000845e-08,1.100032532902741,7.431168958000845e-08,1.424985295347237,7.431168958000845e-08,0.01143949288565279,  ,  ,  ,  
7.431715329069612e-08,1.1,7.431715329069612e-08,0.00222463585220652,7.431715329069612e-08,1.10001672873341,7.431715329069612e-08,1.424985282500682,7.431715329069612e-08,0.009444387846055849,  ,  ,  ,  
7.432189409747222e-08,1.1,7.432189409747222e-08,0.001347497502416286,7.432189409747222e-08,1.100004325952758,7.432189409747222e-08,1.424985078551337,7.432189409747222e-08,0.007906506079196724,  ,  ,  ,  
7.432604483642656e-08,1.1,7.432604483642656e-08,0.0008448522051604712,7.432604483642656e-08,1.09999617238545,7.432604483642656e-08,1.424985192476064,7.432604483642656e-08,0.006725244986798426,  ,  ,  ,  
7.433018166630481e-08,1.1,7.433018166630481e-08,0.0005228586276872179,7.433018166630481e-08,1.09999069941553,7.433018166630481e-08,1.424985499031218,7.433018166630481e-08,0.005706153688802317,  ,  ,  ,  
7.43344682954842e-08,1.1,7.43344682954842e-08,0.000315903867095574,7.43344682954842e-08,1.099987206511308,7.43344682954842e-08,1.424985844517078,7.43344682954842e-08,0.004808064798107248,  ,  ,  ,  
7.43391883904606e-08,1.1,7.43391883904606e-08,0.0001815531510952723,7.43391883904606e-08,1.099985060852203,7.43391883904606e-08,1.424986143127704,7.43391883904606e-08,0.003985892366864955,  ,  ,  ,  
7.434461504619763e-08,1.1,7.434461504619763e-08,9.734558593828648e-05,7.434461504619763e-08,1.09998377724808,7.434461504619763e-08,1.424986324794167,7.434461504619763e-08,0.003222455094559921,  ,  ,  ,  
7.435105640569128e-08,1.1,7.435105640569128e-08,4.875416905890217e-05,7.435105640569128e-08,1.099982946223947,7.435105640569128e-08,1.424986368485994,7.435105640569128e-08,0.002516796502278475,  ,  ,  ,  
7.435895012019243e-08,1.1,7.435895012019243e-08,2.433129301965986e-05,7.435895012019243e-08,1.099982179109178,7.435895012019243e-08,1.424986320082013,7.435895012019243e-08,0.001873437100953461,  ,  ,  ,  
7.436899401582489e-08,1.1,7.436899401582489e-08,1.469175471836801e-05,7.436899401582489e-08,1.099981003325463,7.436899401582489e-08,1.424986329795935,7.436899401582489e-08,0.001299425566964176,  ,  ,  ,  
7.438242673791701e-08,1.1,7.438242673791701e-08,1.295140944928635e-05,7.438242673791701e-08,1.099978433606276,7.438242673791701e-08,1.424986714524471,7.438242673791701e-08,0.0008038447580646814,  ,  ,  ,  
7.439629309955966e-08,1.1,7.439629309955966e-08,1.448148325883257e-05,7.439629309955966e-08,1.099973983156339,7.439629309955966e-08,1.424987605258983,7.439629309955966e-08,0.0004956885143411598,  ,  ,  ,  
7.440814203715153e-08,1.1,7.440814203715153e-08,1.636463091871868e-05,7.440814203715153e-08,1.099968594432661,7.440814203715153e-08,1.424988617491314,7.440814203715153e-08,0.0003352057574284608,  ,  ,  ,  
7.441934818304613e-08,1.1,7.441934818304613e-08,1.811067615784927e-05,7.441934818304613e-08,1.09996261980802,7.441934818304613e-08,1.424989607616524,7.441934818304613e-08,0.0002368852895665459,  ,  ,  ,  
7.44303135970427e-08,1.1,7.44303135970427e-08,1.978713867402043e-05,7.44303135970427e-08,1.099956934568159,7.44303135970427e-08,1.424990487268777,7.44303135970427e-08,0.0001725409884410821,  ,  ,  ,  
7.4439826504491e-08,1.1,7.4439826504491e-08,2.134933464491384e-05,7.4439826504491e-08,1.099953595049668,7.4439826504491e-08,1.424991327106305,7.4439826504491e-08,0.0001354133983770755,  ,  ,  ,  
7.444315553540322e-08,1.1,7.444315553540322e-08,2.153712700450895e-05,7.444315553540322e-08,1.099952826089526,7.444315553540322e-08,1.424991380772031,7.444315553540322e-08,0.0001242551094821138,  ,  ,  ,  
7.444673279576404e-08,1.1,7.444673279576404e-08,2.116514138481614e-05,7.444673279576404e-08,1.099952028768162,7.444673279576404e-08,1.424991077058469,7.444673279576404e-08,0.0001138282352464979,  ,  ,  ,  
7.444964675622646e-08,1.1,7.444964675622646e-08,2.091199093832395e-05,7.444964675622646e-08,1.099951764592114,7.444964675622646e-08,1.424990920633105,7.444964675622646e-08,0.0001061582285296148,  ,  ,  ,  
7.445249507174073e-08,1.1,7.445249507174073e-08,2.09100102451608e-05,7.445249507174073e-08,1.099951654249475,7.445249507174073e-08,1.424990944241513,7.445249507174073e-08,9.946256813057961e-05,  ,  ,  ,  
7.445527607399895e-08,1.1,7.445527607399895e-08,2.096139542196173e-05,7.445527607399895e-08,1.099951390514555,7.445527607399895e-08,1.424990976408818,7.445527607399895e-08,9.346332189323921e-05,  ,  ,  ,  
7.445860762501019e-08,1.1,7.445860762501019e-08,2.100643831102378e-05,7.445860762501019e-08,1.099950865115332,7.445860762501019e-08,1.424990981724524,7.445860762501019e-08,8.688636380079684e-05,  ,  ,  ,  
7.446303838910367e-08,1.1,7.446303838910367e-08,2.102394789419033e-05,7.446303838910367e-08,1.099950007654589,7.446303838910367e-08,1.424990951267616,7.446303838910367e-08,7.912443185707677e-05,  ,  ,  ,  
7.446843980964896e-08,1.1,7.446843980964896e-08,2.096756965723088e-05,7.446843980964896e-08,1.099948962451861,7.446843980964896e-08,1.424990867714868,7.446843980964896e-08,7.102701308725397e-05,  ,  ,  ,  
7.447426690429842e-08,1.1,7.447426690429842e-08,2.075759093123754e-05,7.447426690429842e-08,1.099948096501015,7.447426690429842e-08,1.424990704530452,7.447426690429842e-08,6.373097311399962e-05,  ,  ,  ,  
7.447811780056639e-08,1.1,7.447811780056639e-08,2.037590955632032e-05,7.447811780056639e-08,1.099947846787678,7.447811780056639e-08,1.42499046599283,7.447811780056639e-08,5.95245593527672e-05,  ,  ,  ,  
7.448065071531532e-08,1.1,7.448065071531532e-08,1.993476781098898e-05,7.448065071531532e-08,1.099947370213756,7.448065071531532e-08,1.424990201179375,7.448065071531532e-08,5.653612608873447e-05,  ,  ,  ,  
7.448310486977022e-08,1.1,7.448310486977022e-08,1.957070500889987e-05,7.448310486977022e-08,1.099946298240076,7.448310486977022e-08,1.424989995489035,7.448310486977022e-08,5.336103231636661e-05,  ,  ,  ,  
7.448552936571534e-08,1.1,7.448552936571534e-08,1.931883895903432e-05,7.448552936571534e-08,1.099945016928148,7.448552936571534e-08,1.424989834216841,7.448552936571534e-08,5.04778726263822e-05,  ,  ,  ,  
7.448878597765677e-08,1.1,7.448878597765677e-08,1.907510825065136e-05,7.448878597765677e-08,1.099943179336044,7.448878597765677e-08,1.424989657636118,7.448878597765677e-08,4.739805581485832e-05,  ,  ,  ,  
7.449193190251622e-08,1.1,7.449193190251622e-08,1.890263509845013e-05,7.449193190251622e-08,1.099941144504411,7.449193190251622e-08,1.424989530053767,7.449193190251622e-08,4.522154596305684e-05,  ,  ,  ,  
7.449559519558001e-08,1.1,7.449559519558001e-08,1.874426427867114e-05,7.449559519558001e-08,1.099938214353259,7.449559519558001e-08,1.424989408801567,7.449559519558001e-08,4.332603558681454e-05,  ,  ,  ,  
7.450063625557862e-08,1.1,7.450063625557862e-08,1.858674549729798e-05,7.450063625557862e-08,1.099933437963759,7.450063625557862e-08,1.424989258516235,7.450063625557862e-08,4.125428281882336e-05,  ,  ,  ,  
7.450713741389403e-08,1.1,7.450713741389403e-08,1.848728909548019e-05,7.450713741389403e-08,1.099927586428631,7.450713741389403e-08,1.424989082371596,7.450713741389403e-08,3.888503737533696e-05,  ,  ,  ,  
7.451304022954801e-08,1.1,7.451304022954801e-08,1.849002546965537e-05,7.451304022954801e-08,1.099923675561649,7.451304022954801e-08,1.424988934138603,7.451304022954801e-08,3.676639163355367e-05,  ,  ,  ,  
7.451849229990151e-08,1.1,7.451849229990151e-08,1.854978061154815e-05,7.451849229990151e-08,1.099921297080482,7.451849229990151e-08,1.424988786968692,7.451849229990151e-08,3.476250896506853e-05,  ,  ,  ,  
7.452412977726839e-08,1.1,7.452412977726839e-08,1.865193880712906e-05,7.452412977726839e-08,1.099919408923672,7.452412977726839e-08,1.424988601587145,7.452412977726839e-08,3.268235305303519e-05,  ,  ,  ,  
7.45301622916649e-08,1.1,7.45301622916649e-08,1.878993985804709e-05,7.45301622916649e-08,1.099916952700351,7.45301622916649e-08,1.424988340634483,7.45301622916649e-08,3.05117888238819e-05,  ,  ,  ,  
7.453691524689988e-08,1.1,7.453691524689988e-08,1.892520597305568e-05,7.453691524689988e-08,1.099913679668676,7.453691524689988e-08,1.424987935674812,7.453691524689988e-08,2.801207874649061e-05,  ,  ,  ,  
7.45445121344727e-08,1.1,7.45445121344727e-08,1.898222033028741e-05,7.45445121344727e-08,1.099911327882375,7.45445121344727e-08,1.424987337224288,7.45445121344727e-08,2.48795251277434e-05,  ,  ,  ,  
7.455285006327595e-08,1.1,7.455285006327595e-08,1.903340567073461e-05,7.455285006327595e-08,1.099909981682367,7.455285006327595e-08,1.424986615578355,7.455285006327595e-08,2.176556717889129e-05,  ,  ,  ,  
7.456223917237643e-08,1.1,7.456223917237643e-08,1.91117545376865e-05,7.456223917237643e-08,1.099907099175785,7.456223917237643e-08,1.424985739064499,7.456223917237643e-08,1.911129662456488e-05,  ,  ,  ,  
7.45747868823615e-08,1.1,7.45747868823615e-08,1.931007273737843e-05,7.45747868823615e-08,1.09989858721714,7.45747868823615e-08,1.424984475486351,7.45747868823615e-08,1.659322750701331e-05,  ,  ,  ,  
7.458900122643675e-08,1.1,7.458900122643675e-08,2.124429592749163e-05,7.458900122643675e-08,1.099914543340927,7.458900122643675e-08,1.424984273001903,7.458900122643675e-08,1.826094479577168e-05,  ,  ,  ,  
7.460181171239442e-08,1.1,7.460181171239442e-08,3.009711375855204e-05,7.460181171239442e-08,1.100169870334022,7.460181171239442e-08,1.424991388978315,7.460181171239442e-08,4.190385660937523e-05,  ,  ,  ,  
7.461227958671864e-08,1.1,7.461227958671864e-08,4.484495845263485e-05,7.461227958671864e-08,1.10083631572676,7.461227958671864e-08,1.425007670102751,7.461227958671864e-08,9.40662320746793e-05,  ,  ,  ,  
7.462007206023374e-08,1.1,7.462007206023374e-08,5.834652893465181e-05,7.462007206023374e-08,1.101675601763177,7.462007206023374e-08,1.425025979191809,7.462007206023374e-08,0.0001527557973387563,  ,  ,  ,  
7.46275593940754e-08,1.1,7.46275593940754e-08,7.09961409824914e-05,7.46275593940754e-08,1.102702628143647,7.46275593940754e-08,1.425046694826686,7.46275593940754e-08,0.0002181931593913567,  ,  ,  ,  
7.463566739983753e-08,1.1,7.463566739983753e-08,8.270668378810011e-05,7.463566739983753e-08,1.10396844938938,7.463566739983753e-08,1.425070448403974,7.463566739983753e-08,0.0002893301374017744,  ,  ,  ,  
7.464414611545779e-08,1.1,7.464414611545779e-08,9.223213032248786e-05,7.464414611545779e-08,1.105428951724436,7.464414611545779e-08,1.425095540017329,7.464414611545779e-08,0.0003563057293377428,  ,  ,  ,  
7.465450055167882e-08,1.1,7.465450055167882e-08,0.0001006595321884283,7.465450055167882e-08,1.107443420401558,7.465450055167882e-08,1.425125916059366,7.465450055167882e-08,0.0004221257255403243,  ,  ,  ,  
7.46638518182983e-08,1.1,7.46638518182983e-08,0.000107564653242406,7.46638518182983e-08,1.109288041124564,7.46638518182983e-08,1.425152782266179,7.46638518182983e-08,0.0004657400527601981,  ,  ,  ,  
7.466939372684599e-08,1.1,7.466939372684599e-08,0.0001135698716924971,7.466939372684599e-08,1.109916938898741,7.466939372684599e-08,1.42516752517991,7.466939372684599e-08,0.0004837881080067055,  ,  ,  ,  
7.467464270010162e-08,1.1,7.467464270010162e-08,0.0001225230958623768,7.467464270010162e-08,1.109364885287,7.467464270010162e-08,1.425178586353155,7.467464270010162e-08,0.0004940630875029121,  ,  ,  ,  
7.467976393150037e-08,1.1,7.467976393150037e-08,0.0001359203765859026,7.467976393150037e-08,1.10634286032217,7.467976393150037e-08,1.425182982779574,7.467976393150037e-08,0.0004949265481268251,  ,  ,  ,  
7.46841594772462e-08,1.1,7.46841594772462e-08,0.0001518665953417993,7.46841594772462e-08,1.1000724326767,7.46841594772462e-08,1.425176948883032,7.46841594772462e-08,0.0004840375367274456,  ,  ,  ,  
7.468809957751961e-08,1.1,7.468809957751961e-08,0.0001690611537202177,7.468809957751961e-08,1.089676848815912,7.468809957751961e-08,1.425158153295897,7.468809957751961e-08,0.0004588427750952833,  ,  ,  ,  
7.469246659569763e-08,1.1,7.469246659569763e-08,0.0001906009886910146,7.469246659569763e-08,1.070314399219924,7.469246659569763e-08,1.425116721057114,7.469246659569763e-08,0.0004076311780612676,  ,  ,  ,  
7.469662545674646e-08,1.1,7.469662545674646e-08,0.000211617043302883,7.469662545674646e-08,1.041796983258308,7.469662545674646e-08,1.425052790775097,7.469662545674646e-08,0.0003317106773292983,  ,  ,  ,  
7.470035569479129e-08,1.1,7.470035569479129e-08,0.0002313952168349257,7.470035569479129e-08,1.006814862129999,7.470035569479129e-08,1.424978093275033,7.470035569479129e-08,0.0002447010538337591,  ,  ,  ,  
7.470363422018831e-08,1.1,7.470363422018831e-08,0.0002499594767933834,7.470363422018831e-08,0.9686731401306777,7.470363422018831e-08,1.424902812583564,7.470363422018831e-08,0.0001589702300236186,  ,  ,  ,  
7.470682754766434e-08,1.1,7.470682754766434e-08,0.0002686091994072518,7.470682754766434e-08,0.9251010168332754,7.470682754766434e-08,1.424825863019086,7.470682754766434e-08,7.162561344861598e-05,  ,  ,  ,  
7.471032965785265e-08,1.1,7.471032965785265e-08,0.0002888594178894293,7.471032965785265e-08,0.8705603164458948,7.471032965785265e-08,1.424739891083282,7.471032965785265e-08,-2.40172269520573e-05,  ,  ,  ,  
7.471427978447521e-08,1.1,7.471427978447521e-08,0.0003106376072953752,7.471427978447521e-08,0.8015119522273336,7.471427978447521e-08,1.424643175420309,7.471427978447521e-08,-0.0001270882906145058,  ,  ,  ,  
7.47189830246865e-08,1.1,7.47189830246865e-08,0.0003363971131050826,7.47189830246865e-08,0.7107098817484955,7.47189830246865e-08,1.424537318937979,7.47189830246865e-08,-0.0002358521566370957,  ,  ,  ,  
7.472379924658688e-08,1.1,7.472379924658688e-08,0.000371707586096916,7.472379924658688e-08,0.6107013547317877,7.472379924658688e-08,1.424447794774777,7.472379924658688e-08,-0.0003334482564505039,  ,  ,  ,  
7.472754738319038e-08,1.1,7.472754738319038e-08,0.0004175920606450063,7.472754738319038e-08,0.5295604467915328,7.472754738319038e-08,1.424398547624603,7.472754738319038e-08,-0.00034548496386924,  ,  ,  ,  
7.473040607251015e-08,1.1,7.473040607251015e-08,0.0004669023469108476,7.473040607251015e-08,0.4664622964684814,7.473040607251015e-08,1.424374720165938,7.473040607251015e-08,-0.0003141861539965126,  ,  ,  ,  
7.473256403291695e-08,1.1,7.473256403291695e-08,0.0005125890268354597,7.473256403291695e-08,0.4184881582461794,7.473256403291695e-08,1.424365103308966,7.473256403291695e-08,-0.0002604868201108675,  ,  ,  ,  
7.473450877189608e-08,1.1,7.473450877189608e-08,0.0005587072134068384,7.473450877189608e-08,0.3754015514825303,7.473450877189608e-08,1.424363429885222,7.473450877189608e-08,-0.0001858941347925905,  ,  ,  ,  
7.473638881577345e-08,1.1,7.473638881577345e-08,0.0006058776345262664,7.473638881577345e-08,0.3344264729741683,7.473638881577345e-08,1.424369719123248,7.473638881577345e-08,-8.96084376671037e-05,  ,  ,  ,  
7.473850299038455e-08,1.1,7.473850299038455e-08,0.0006597531893109623,7.473850299038455e-08,0.2898391837473312,7.473850299038455e-08,1.424387483089314,7.473850299038455e-08,4.336462370977668e-05,  ,  ,  ,  
7.474067079481222e-08,1.1,7.474067079481222e-08,0.000714690544749361,7.474067079481222e-08,0.2463960623901518,7.474067079481222e-08,1.424417634825816,7.474067079481222e-08,0.0002023815297105868,  ,  ,  ,  
7.474359899774898e-08,1.1,7.474359899774898e-08,0.0007864972712292159,7.474359899774898e-08,0.192523936578213,7.474359899774898e-08,1.42447685658267,7.474359899774898e-08,0.0004447153086812001,  ,  ,  ,  
7.474619009979176e-08,1.1,7.474619009979176e-08,0.0008457016558986571,7.474619009979176e-08,0.1506243741749098,7.474619009979176e-08,1.424546826689014,7.474619009979176e-08,0.0006754017288174174,  ,  ,  ,  
7.474756278781228e-08,1.1,7.474756278781228e-08,0.0008744964055174132,7.474756278781228e-08,0.1309057685577983,7.474756278781228e-08,1.424590101354479,7.474756278781228e-08,0.0007971149435863505,  ,  ,  ,  
7.474879962561835e-08,1.1,7.474879962561835e-08,0.0008991255085049598,7.474879962561835e-08,0.1147670581838335,7.474879962561835e-08,1.424632704405194,7.474879962561835e-08,0.0009017191748034219,  ,  ,  ,  
7.475028314247437e-08,1.1,7.475028314247437e-08,0.0009279239230009519,7.475028314247437e-08,0.09749401446008489,7.475028314247437e-08,1.424686737346068,7.475028314247437e-08,0.001012171472208652,  ,  ,  ,  
7.47513840612934e-08,1.1,7.47513840612934e-08,0.0009489930712755532,7.47513840612934e-08,0.08608228902768775,7.47513840612934e-08,1.424727436729182,7.47513840612934e-08,0.001076757989816651,  ,  ,  ,  
7.475248363286081e-08,1.1,7.475248363286081e-08,0.0009702579500221304,7.475248363286081e-08,0.07578024701466028,7.475248363286081e-08,1.424766880773454,7.475248363286081e-08,0.001120042720679276,  ,  ,  ,  
7.475367783987249e-08,1.1,7.475367783987249e-08,0.0009932247294380644,7.475367783987249e-08,0.06568860159773575,7.475367783987249e-08,1.424805298549783,7.475367783987249e-08,0.001136618654991968,  ,  ,  ,  
7.475470376420824e-08,1.1,7.475470376420824e-08,0.001013363908096235,7.475470376420824e-08,0.05783451681580193,7.475470376420824e-08,1.424833326446637,7.475470376420824e-08,0.001124962725164489,  ,  ,  ,  
7.475563476388705e-08,1.1,7.475563476388705e-08,0.001032405750258575,7.475563476388705e-08,0.05129366415115548,7.475563476388705e-08,1.424854272218249,7.475563476388705e-08,0.001095758895939713,  ,  ,  ,  
7.475657655897813e-08,1.1,7.475657655897813e-08,0.00105186047536231,7.475657655897813e-08,0.04519467134736646,7.475657655897813e-08,1.424870602117785,7.475657655897813e-08,0.001050420106215586,  ,  ,  ,  
7.475756963399184e-08,1.1,7.475756963399184e-08,0.00107161848298341,7.475756963399184e-08,0.03928556225181638,7.475756963399184e-08,1.424882417478456,7.475756963399184e-08,0.0009883115337841299,  ,  ,  ,  
7.475867138197237e-08,1.1,7.475867138197237e-08,0.001091430582300734,7.475867138197237e-08,0.03331401155654572,7.475867138197237e-08,1.424889401065397,7.475867138197237e-08,0.0009061983638656342,  ,  ,  ,  
7.475996369888824e-08,1.1,7.475996369888824e-08,0.001111850254748879,7.475996369888824e-08,0.0270569830458627,7.475996369888824e-08,1.42489165297839,7.475996369888824e-08,0.000800010654466146,  ,  ,  ,  
7.476128527548687e-08,1.1,7.476128527548687e-08,0.001131577569712339,7.476128527548687e-08,0.02150660312388327,7.476128527548687e-08,1.424891656063728,7.476128527548687e-08,0.0006914922529517907,  ,  ,  ,  
7.47626228143348e-08,1.1,7.47626228143348e-08,0.001152446816396885,7.47626228143348e-08,0.01681590004116797,7.47626228143348e-08,1.424893755538596,7.47626228143348e-08,0.0005933971957567304,  ,  ,  ,  
7.476403619299216e-08,1.1,7.476403619299216e-08,0.001177517452476714,7.476403619299216e-08,0.0129137987484861,7.476403619299216e-08,1.424902082113958,7.476403619299216e-08,0.0005141247018088773,  ,  ,  ,  
7.476520730779989e-08,1.1,7.476520730779989e-08,0.001201001481557412,7.476520730779989e-08,0.01048729883956062,7.476520730779989e-08,1.424914580380362,7.476520730779989e-08,0.0004751957520629205,  ,  ,  ,  
7.476605898371894e-08,1.1,7.476605898371894e-08,0.00121878159328609,7.476605898371894e-08,0.009152881010955644,7.476605898371894e-08,1.424926384136861,7.476605898371894e-08,0.0004627461045603942,  ,  ,  ,  
7.476679829688201e-08,1.1,7.476679829688201e-08,0.001235673480741496,7.476679829688201e-08,0.008264306249554966,7.476679829688201e-08,1.424938297089916,7.476679829688201e-08,0.0004666072440628003,  ,  ,  ,  
7.476750811456072e-08,1.1,7.476750811456072e-08,0.001252535192880628,7.476750811456072e-08,0.007635800415466505,7.476750811456072e-08,1.424951138555893,7.476750811456072e-08,0.0004839222910988407,  ,  ,  ,  
7.476825471130155e-08,1.1,7.476825471130155e-08,0.001270199536347744,7.476825471130155e-08,0.007219820250953039,7.476825471130155e-08,1.42496604460127,7.476825471130155e-08,0.0005178483231030845,  ,  ,  ,  
7.476914790794169e-08,1.1,7.476914790794169e-08,0.001289163529454383,7.476914790794169e-08,0.007061598764376893,7.476914790794169e-08,1.424985137920261,7.476914790794169e-08,0.0005795252727267832,  ,  ,  ,  
7.476960441123335e-08,1.1,7.476960441123335e-08,0.001296865396796924,7.476960441123335e-08,0.007118031667947004,7.476960441123335e-08,1.424995214965148,7.476960441123335e-08,0.000618608122257056,  ,  ,  ,  
7.477003522137188e-08,1.1,7.477003522137188e-08,0.001302298396811882,7.477003522137188e-08,0.007245342772620037,7.477003522137188e-08,1.425004823225354,7.477003522137188e-08,0.0006591237331867387,  ,  ,  ,  
7.477055271823668e-08,1.1,7.477055271823668e-08,0.001306552913545304,7.477055271823668e-08,0.007473452092889744,7.477055271823668e-08,1.425016762483821,7.477055271823668e-08,0.00071185023195164,  ,  ,  ,  
7.477106444326392e-08,1.1,7.477106444326392e-08,0.001308940786872702,7.477106444326392e-08,0.007761114640091431,7.477106444326392e-08,1.42502932116292,7.477106444326392e-08,0.0007681930877536523,  ,  ,  ,  
7.477156691422823e-08,1.1,7.477156691422823e-08,0.001310017215973348,7.477156691422823e-08,0.008089656769231426,7.477156691422823e-08,1.42504241938586,7.477156691422823e-08,0.0008272811746915668,  ,  ,  ,  
7.477211527758217e-08,1.1,7.477211527758217e-08,0.001310384747837734,7.477211527758217e-08,0.008488185592720797,7.477211527758217e-08,1.42505762798245,7.477211527758217e-08,0.0008958786353766315,  ,  ,  ,  
7.477270342483829e-08,1.1,7.477270342483829e-08,0.001310294825649172,7.477270342483829e-08,0.008951721139498331,7.477270342483829e-08,1.425074896215222,7.477270342483829e-08,0.0009740604036227653,  ,  ,  ,  
7.477330977287879e-08,1.1,7.477330977287879e-08,0.001309386470159809,7.477330977287879e-08,0.009457839305945355,7.477330977287879e-08,1.425093125251244,7.477330977287879e-08,0.001058679080651931,  ,  ,  ,  
7.477402837528973e-08,1.1,7.477402837528973e-08,0.001306102413539683,7.477402837528973e-08,0.01008080972654759,7.477402837528973e-08,1.425114092307089,7.477402837528973e-08,0.00116178960611606,  ,  ,  ,  
7.477491673864578e-08,1.1,7.477491673864578e-08,0.001297059930496668,7.477491673864578e-08,0.0108479363976683,7.477491673864578e-08,1.425137722381028,7.477491673864578e-08,0.001288910503531488,  ,  ,  ,  
7.47756933845865e-08,1.1,7.47756933845865e-08,0.001284359315496571,7.47756933845865e-08,0.01149034417854704,7.47756933845865e-08,1.425156092615593,7.47756933845865e-08,0.00139690318561555,  ,  ,  ,  
7.477645159291322e-08,1.1,7.477645159291322e-08,0.0012683887475183,7.477645159291322e-08,0.01207267396910712,7.477645159291322e-08,1.425172248003479,7.477645159291322e-08,0.001497680989283317,  ,  ,  ,  
7.477726276719933e-08,1.1,7.477726276719933e-08,0.001248031328140939,7.477726276719933e-08,0.01263084736828598,7.477726276719933e-08,1.425187904279827,7.477726276719933e-08,0.001598992784940322,  ,  ,  ,  
7.47781453518801e-08,1.1,7.47781453518801e-08,0.001223745012819375,7.47781453518801e-08,0.01314946812111865,7.47781453518801e-08,1.425203518622542,7.47781453518801e-08,0.001700809547932954,  ,  ,  ,  
7.477913106561944e-08,1.1,7.477913106561944e-08,0.001195323920728861,7.477913106561944e-08,0.01361100096277631,7.477913106561944e-08,1.42521931567391,7.477913106561944e-08,0.001802874018891738,  ,  ,  ,  
7.478025736000247e-08,1.1,7.478025736000247e-08,0.001162366834346394,7.478025736000247e-08,0.01398579948823423,7.478025736000247e-08,1.425235206970675,7.478025736000247e-08,0.001903265385617995,  ,  ,  ,  
7.478156886639796e-08,1.1,7.478156886639796e-08,0.00112470161920593,7.478156886639796e-08,0.01423197200148467,7.478156886639796e-08,1.42525094780436,7.478156886639796e-08,0.001998224468608175,  ,  ,  ,  
7.478312554306737e-08,1.1,7.478312554306737e-08,0.001082551741657705,7.478312554306737e-08,0.01429966250338051,7.478312554306737e-08,1.425266311852405,7.478312554306737e-08,0.002082218511537765,  ,  ,  ,  
7.478480619049522e-08,1.1,7.478480619049522e-08,0.001042354518682432,7.478480619049522e-08,0.01416544253395102,7.478480619049522e-08,1.425280285635015,7.478480619049522e-08,0.002143288746992207,  ,  ,  ,  
7.478664691206331e-08,1.1,7.478664691206331e-08,0.001008159638413484,7.478664691206331e-08,0.01386135538303569,7.478664691206331e-08,1.425294897569032,7.478664691206331e-08,0.002184768323386018,  ,  ,  ,  
7.478881708964526e-08,1.1,7.478881708964526e-08,0.0009875205237160477,7.478881708964526e-08,0.01342137519119496,7.478881708964526e-08,1.425314957132848,7.478881708964526e-08,0.002218245597131651,  ,  ,  ,  
7.47909382368063e-08,1.1,7.47909382368063e-08,0.000993558777364615,7.47909382368063e-08,0.0130219324918208,7.47909382368063e-08,1.425338948151282,7.47909382368063e-08,0.002255665689757647,  ,  ,  ,  
7.479262321486835e-08,1.1,7.479262321486835e-08,0.001014782269286347,7.479262321486835e-08,0.01277417734999881,7.479262321486835e-08,1.425356572210887,7.479262321486835e-08,0.002275929934249795,  ,  ,  ,  
7.47941060488785e-08,1.1,7.47941060488785e-08,0.001042334456504216,7.47941060488785e-08,0.01261655769778388,7.47941060488785e-08,1.425364830232275,7.47941060488785e-08,0.002323511994454783,  ,  ,  ,  
7.479557432536265e-08,1.1,7.479557432536265e-08,0.00106973565414806,7.479557432536265e-08,0.012499056489561,7.479557432536265e-08,1.425356991333485,7.479557432536265e-08,0.002370567833599551,  ,  ,  ,  
7.479698235828015e-08,1.1,7.479698235828015e-08,0.001091967483395416,7.479698235828015e-08,0.0123988768228106,7.479698235828015e-08,1.425327123629783,7.479698235828015e-08,0.002408263289766375,  ,  ,  ,  
7.479853749155941e-08,1.1,7.479853749155941e-08,0.001107410700134686,7.479853749155941e-08,0.01227472336762995,7.479853749155941e-08,1.425259725367421,7.479853749155941e-08,0.002431752125132543,  ,  ,  ,  
7.480016876354257e-08,1.1,7.480016876354257e-08,0.001110741884326444,7.480016876354257e-08,0.01211004970776544,7.480016876354257e-08,1.42514068055069,7.480016876354257e-08,0.002426262562918163,  ,  ,  ,  
7.480201903741416e-08,1.1,7.480201903741416e-08,0.00109937550816417,7.480201903741416e-08,0.01187834635769658,7.480201903741416e-08,1.424934745116872,7.480201903741416e-08,0.002375087849549265,  ,  ,  ,  
7.480317408509257e-08,1.1,7.480317408509257e-08,0.001086364961577156,7.480317408509257e-08,0.01171419194573448,7.480317408509257e-08,1.424764992655106,7.480317408509257e-08,0.002317777890951895,  ,  ,  ,  
7.480424332948029e-08,1.1,7.480424332948029e-08,0.001074045349745758,7.480424332948029e-08,0.01154290955568728,7.480424332948029e-08,1.424581692317686,7.480424332948029e-08,0.002248775963116141,  ,  ,  ,  
7.480523470929961e-08,1.1,7.480523470929961e-08,0.001063353025781482,7.480523470929961e-08,0.01135303411537191,7.480523470929961e-08,1.424390233595063,7.480523470929961e-08,0.00217031644589488,  ,  ,  ,  
7.480623941322233e-08,1.1,7.480623941322233e-08,0.00105452248417999,7.480623941322233e-08,0.01110568382949303,7.480623941322233e-08,1.424173987408233,7.480623941322233e-08,0.002074003250782299,  ,  ,  ,  
7.48070627871674e-08,1.1,7.48070627871674e-08,0.001047752913331841,7.48070627871674e-08,0.01083594384984762,7.48070627871674e-08,1.42397535197491,7.48070627871674e-08,0.001977932119071565,  ,  ,  ,  
7.480776765948208e-08,1.1,7.480776765948208e-08,0.001041464871994315,7.480776765948208e-08,0.01053405631698941,7.480776765948208e-08,1.423783737955892,7.480776765948208e-08,0.001879166148142937,  ,  ,  ,  
7.480842506795532e-08,1.1,7.480842506795532e-08,0.001034207742704669,7.480842506795532e-08,0.01017361219329323,7.480842506795532e-08,1.423580219998814,7.480842506795532e-08,0.00176906394848463,  ,  ,  ,  
7.480907309391559e-08,1.1,7.480907309391559e-08,0.001024468239745608,7.480907309391559e-08,0.009728010161225247,7.480907309391559e-08,1.423348318056507,7.480907309391559e-08,0.001638564670718694,  ,  ,  ,  
7.480975680182948e-08,1.1,7.480975680182948e-08,0.00101013486181644,7.480975680182948e-08,0.009151375365599334,7.480975680182948e-08,1.423059527956021,7.480975680182948e-08,0.001470079114207364,  ,  ,  ,  
7.481043077209871e-08,1.1,7.481043077209871e-08,0.0009923583084074337,7.481043077209871e-08,0.008480873241527079,7.481043077209871e-08,1.422719091579594,7.481043077209871e-08,0.001276303841191225,  ,  ,  ,  
7.481112108771302e-08,1.1,7.481112108771302e-08,0.0009705963829628341,7.481112108771302e-08,0.007708107864955928,7.481112108771302e-08,1.422298312252459,7.481112108771302e-08,0.001050872982467272,  ,  ,  ,  
7.481180975416227e-08,1.1,7.481180975416227e-08,0.0009450600773081816,7.481180975416227e-08,0.006873344437234295,7.481180975416227e-08,1.421789737606726,7.481180975416227e-08,0.0008007869609753072,  ,  ,  ,  
7.481249667722053e-08,1.1,7.481249667722053e-08,0.0009185372956137674,7.481249667722053e-08,0.006007168478783288,7.481249667722053e-08,1.42117984751602,7.481249667722053e-08,0.0005323825913139716,  ,  ,  ,  
7.481308396915463e-08,1.1,7.481308396915463e-08,0.0008945729391571931,7.481308396915463e-08,0.005252028751175641,7.481308396915463e-08,1.420566712720031,7.481308396915463e-08,0.0002900521223045181,  ,  ,  ,  
7.481356412596017e-08,1.1,7.481356412596017e-08,0.0008746811053232418,7.481356412596017e-08,0.004631109298754507,7.481356412596017e-08,1.419998048753941,7.481356412596017e-08,8.525718277961413e-05,  ,  ,  ,  
7.481397341810722e-08,1.1,7.481397341810722e-08,0.0008576382558308931,7.481397341810722e-08,0.004102669106802225,7.481397341810722e-08,1.419463028293839,7.481397341810722e-08,-9.290324385374151e-05,  ,  ,  ,  
7.481437883623991e-08,1.1,7.481437883623991e-08,0.0008403408337871943,7.481437883623991e-08,0.003582225409329307,7.481437883623991e-08,1.418885633825447,7.481437883623991e-08,-0.0002720532525058854,  ,  ,  ,  
7.481483472717292e-08,1.1,7.481483472717292e-08,0.0008203820942755294,7.481483472717292e-08,0.003002640255244864,7.481483472717292e-08,1.418179009357491,7.481483472717292e-08,-0.0004757657467064633,  ,  ,  ,  
7.481531052799574e-08,1.1,7.481531052799574e-08,0.0007992098208348665,7.481531052799574e-08,0.002405589066377974,7.481531052799574e-08,1.417376837307815,7.481531052799574e-08,-0.0006897814882035127,  ,  ,  ,  
7.481574561190078e-08,1.1,7.481574561190078e-08,0.0007797188412871547,7.481574561190078e-08,0.001867795311424291,7.481574561190078e-08,1.416586007909193,7.481574561190078e-08,-0.0008858564107124429,  ,  ,  ,  
7.481615899162702e-08,1.1,7.481615899162702e-08,0.0007610830808841717,7.481615899162702e-08,0.001365116073708145,7.481615899162702e-08,1.415784563238169,7.481615899162702e-08,-0.001071940460731205,  ,  ,  ,  
7.481661723949556e-08,1.1,7.481661723949556e-08,0.0007403600844585711,7.481661723949556e-08,0.0008184965963664936,7.481661723949556e-08,1.414840284883959,7.481661723949556e-08,-0.001277290913184475,  ,  ,  ,  
7.481709663391728e-08,1.1,7.481709663391728e-08,0.0007186168146321095,7.481709663391728e-08,0.0002599638741758229,7.481709663391728e-08,1.413791271592819,7.481709663391728e-08,-0.001490463986302301,  ,  ,  ,  
7.481758363340167e-08,1.1,7.481758363340167e-08,0.0006965825115813704,7.481758363340167e-08,-0.0002913478270442817,7.481758363340167e-08,1.412663884802247,7.481758363340167e-08,-0.001704496148085014,  ,  ,  ,  
7.481805102921802e-08,1.1,7.481805102921802e-08,0.0006757407015474455,7.481805102921802e-08,-0.0008025622264522966,7.481805102921802e-08,1.411526138605226,7.481805102921802e-08,-0.001906612067373892,  ,  ,  ,  
7.48185265100291e-08,1.1,7.48185265100291e-08,0.0006552118167705716,7.48185265100291e-08,-0.001301162134557527,7.48185265100291e-08,1.410316010724216,7.48185265100291e-08,-0.002107895621412698,  ,  ,  ,  
7.481903678885592e-08,1.1,7.481903678885592e-08,0.00063440902583119,7.481903678885592e-08,-0.001808240179636783,7.481903678885592e-08,1.408962504589157,7.481903678885592e-08,-0.002317684399759955,  ,  ,  ,  
7.481953125169364e-08,1.1,7.481953125169364e-08,0.0006159700367323023,7.481953125169364e-08,-0.002268308481031112,7.481953125169364e-08,1.407601325954029,7.481953125169364e-08,-0.002513474235933554,  ,  ,  ,  
7.482004464692686e-08,1.1,7.482004464692686e-08,0.0005991674377898969,7.482004464692686e-08,-0.002709572078510171,7.482004464692686e-08,1.406141643102927,7.482004464692686e-08,-0.002707345917311307,  ,  ,  ,  
7.482060890139217e-08,1.1,7.482060890139217e-08,0.0005840899240897075,7.482060890139217e-08,-0.003147116642638415,7.482060890139217e-08,1.404489569950399,7.482060890139217e-08,-0.002907342795795231,  ,  ,  ,  
7.482125707749135e-08,1.1,7.482125707749135e-08,0.0005717521808950807,7.482125707749135e-08,-0.003582104581399206,7.482125707749135e-08,1.402539782530302,7.482125707749135e-08,-0.003117450487057582,  ,  ,  ,  
7.482203923868634e-08,1.1,7.482203923868634e-08,0.0005642626502256915,7.482203923868634e-08,-0.003998865274476583,7.482203923868634e-08,1.400129735706007,7.482203923868634e-08,-0.003339424363383912,  ,  ,  ,  
7.482303131738157e-08,1.1,7.482303131738157e-08,0.0005657569289749522,7.482303131738157e-08,-0.004327713413302571,7.482303131738157e-08,1.397016125181147,7.482303131738157e-08,-0.003565523718822544,  ,  ,  ,  
7.482428206009139e-08,1.1,7.482428206009139e-08,0.0005809673063393324,7.482428206009139e-08,-0.004373470107904081,7.482428206009139e-08,1.393060123702874,7.482428206009139e-08,-0.003755491589193612,  ,  ,  ,  
7.482536638404862e-08,1.1,7.482536638404862e-08,0.0006004093783501241,7.482536638404862e-08,-0.00405612284945163,7.482536638404862e-08,1.389642802118546,7.482536638404862e-08,-0.003831546643877087,  ,  ,  ,  
7.482622513838611e-08,1.1,7.482622513838611e-08,0.0006161713882536873,7.482622513838611e-08,-0.003567054066357997,7.482622513838611e-08,1.386962584892935,7.482622513838611e-08,-0.003832457638022963,  ,  ,  ,  
7.48270666079857e-08,1.1,7.48270666079857e-08,0.0006293335225433626,7.48270666079857e-08,-0.00289366454134837,7.48270666079857e-08,1.384370039786827,7.48270666079857e-08,-0.003782259136898649,  ,  ,  ,  
7.482802816858147e-08,1.1,7.482802816858147e-08,0.0006391538844479889,7.482802816858147e-08,-0.001921176623400762,7.482802816858147e-08,1.381456586709257,7.482802816858147e-08,-0.003665563852343752,  ,  ,  ,  
7.482877791834938e-08,1.1,7.482877791834938e-08,0.0006419940675299774,7.482877791834938e-08,-0.001046773964132148,7.482877791834938e-08,1.379223494259254,7.482877791834938e-08,-0.003534621124335797,  ,  ,  ,  
7.482945308497182e-08,1.1,7.482945308497182e-08,0.0006407330576162607,7.482945308497182e-08,-0.0002041827159666692,7.482945308497182e-08,1.377241925320185,7.482945308497182e-08,-0.00339053023924251,  ,  ,  ,  
7.483017178754968e-08,1.1,7.483017178754968e-08,0.0006354849974333152,7.483017178754968e-08,0.0007142471475497594,7.483017178754968e-08,1.375162857334103,7.483017178754968e-08,-0.003214898230719715,  ,  ,  ,  
7.483093648396008e-08,1.1,7.483093648396008e-08,0.0006259482786552456,7.483093648396008e-08,0.001677950256429496,7.483093648396008e-08,1.372983749132936,7.483093648396008e-08,-0.003008861735592671,  ,  ,  ,  
7.483177417055166e-08,1.1,7.483177417055166e-08,0.000611781879213121,7.483177417055166e-08,0.00267764624854166,7.483177417055166e-08,1.370633460953434,7.483177417055166e-08,-0.002767835045808668,  ,  ,  ,  
7.483275603445515e-08,1.1,7.483275603445515e-08,0.0005917519591869633,7.483275603445515e-08,0.003732365292891626,7.483275603445515e-08,1.367924018390346,7.483275603445515e-08,-0.002474849501452674,  ,  ,  ,  
7.483400499803797e-08,1.1,7.483400499803797e-08,0.0005635731149844994,7.483400499803797e-08,0.004850303919331034,7.483400499803797e-08,1.364541581744329,7.483400499803797e-08,-0.002101198184222971,  ,  ,  ,  
7.483529787902416e-08,1.1,7.483529787902416e-08,0.0005332336129244335,7.483529787902416e-08,0.005731989063005189,7.483529787902416e-08,1.361108155386804,7.483529787902416e-08,-0.001727171011120164,  ,  ,  ,  
7.483654030496209e-08,1.1,7.483654030496209e-08,0.0005051153835343024,7.483654030496209e-08,0.006331389226357113,7.483654030496209e-08,1.357866270265234,7.483654030496209e-08,-0.001391109455963555,  ,  ,  ,  
7.483780012110799e-08,1.1,7.483780012110799e-08,0.0004787709882909818,7.483780012110799e-08,0.00672203886876863,7.483780012110799e-08,1.354627581521852,7.483780012110799e-08,-0.001082669468076462,  ,  ,  ,  
7.483898568139077e-08,1.1,7.483898568139077e-08,0.0004554965975234196,7.483898568139077e-08,0.006921471707217772,7.483898568139077e-08,1.351614868492994,7.483898568139077e-08,-0.0008300181169126526,  ,  ,  ,  
7.484003246242975e-08,1.1,7.484003246242975e-08,0.000434889984378052,7.484003246242975e-08,0.006983052992233054,7.484003246242975e-08,1.348974394976723,7.484003246242975e-08,-0.0006443057305059133,  ,  ,  ,  
7.484102011701521e-08,1.1,7.484102011701521e-08,0.0004145582961731917,7.484102011701521e-08,0.006957738893570715,7.484102011701521e-08,1.346492881209854,7.484102011701521e-08,-0.0005060122208412268,  ,  ,  ,  
7.484198344758393e-08,1.1,7.484198344758393e-08,0.0003936709945632131,7.484198344758393e-08,0.006867305255841091,7.484198344758393e-08,1.344077268959198,7.484198344758393e-08,-0.0004075634238315936,  ,  ,  ,  
7.48428609898393e-08,1.1,7.48428609898393e-08,0.0003746165475107412,7.48428609898393e-08,0.006740810195364461,7.48428609898393e-08,1.341881649715703,7.48428609898393e-08,-0.0003467805634563914,  ,  ,  ,  
7.48437923554832e-08,1.1,7.48437923554832e-08,0.0003550158161922761,7.48437923554832e-08,0.006572999905904869,7.48437923554832e-08,1.339558346817793,7.48437923554832e-08,-0.0003088013161001015,  ,  ,  ,  
7.484474140310569e-08,1.1,7.484474140310569e-08,0.0003373726823905442,7.484474140310569e-08,0.006379492802919216,7.484474140310569e-08,1.337202798499531,7.484474140310569e-08,-0.000291797520189779,  ,  ,  ,  
7.48458777081638e-08,1.1,7.48458777081638e-08,0.0003191664703398192,7.48458777081638e-08,0.006128149362019436,7.48458777081638e-08,1.334398376624294,7.48458777081638e-08,-0.000295340103901916,  ,  ,  ,  
7.484695259425418e-08,1.1,7.484695259425418e-08,0.0003041808976192459,7.484695259425418e-08,0.005878313946350088,7.484695259425418e-08,1.331759189625328,7.484695259425418e-08,-0.0003183096406372762,  ,  ,  ,  
7.484799151075083e-08,1.1,7.484799151075083e-08,0.00029125199987102,7.484799151075083e-08,0.005631925922252883,7.484799151075083e-08,1.329219354602079,7.484799151075083e-08,-0.0003543192289705343,  ,  ,  ,  
7.484909069869935e-08,1.1,7.484909069869935e-08,0.0002809188072370793,7.484909069869935e-08,0.005376073662588996,7.484909069869935e-08,1.326549594104296,7.484909069869935e-08,-0.0003995052327576536,  ,  ,  ,  
7.485018485744303e-08,1.1,7.485018485744303e-08,0.0002788964365374479,7.485018485744303e-08,0.005139947265630184,7.485018485744303e-08,1.323929850085132,7.485018485744303e-08,-0.0004409337878233938,  ,  ,  ,  
7.485126090085353e-08,1.1,7.485126090085353e-08,0.0002901774941051446,7.485126090085353e-08,0.0049380718299542,7.485126090085353e-08,1.321420845346096,7.485126090085353e-08,-0.0004675955857680043,  ,  ,  ,  
7.48521821914961e-08,1.1,7.48521821914961e-08,0.00031364776562272,7.48521821914961e-08,0.004799383098772989,7.48521821914961e-08,1.319356169092545,7.48521821914961e-08,-0.000470374953766861,  ,  ,  ,  
7.485293352748488e-08,1.1,7.485293352748488e-08,0.0003433809705687916,7.485293352748488e-08,0.004716242265815135,7.485293352748488e-08,1.317748518606977,7.485293352748488e-08,-0.0004530747415105625,  ,  ,  ,  
7.485365918297464e-08,1.1,7.485365918297464e-08,0.0003793384634914972,7.485365918297464e-08,0.004665163529540767,7.485365918297464e-08,1.316270633905553,7.485365918297464e-08,-0.0004165453533991164,  ,  ,  ,  
7.485450433544526e-08,1.1,7.485450433544526e-08,0.0004269307934549599,7.485450433544526e-08,0.004641667525025838,7.485450433544526e-08,1.314643256394696,7.485450433544526e-08,-0.0003478445253037834,  ,  ,  ,  
7.485545592551688e-08,1.1,7.485545592551688e-08,0.0004836473228842114,7.485545592551688e-08,0.004656070045922583,7.485545592551688e-08,1.312923164112992,7.485545592551688e-08,-0.0002371466516402521,  ,  ,  ,  
7.485638229546775e-08,1.1,7.485638229546775e-08,0.0005390412572284677,7.485638229546775e-08,0.00470272380121176,7.485638229546775e-08,1.311355552571555,7.485638229546775e-08,-9.813526499614144e-05,  ,  ,  ,  
7.485731726193756e-08,1.1,7.485731726193756e-08,0.0005931226247356765,7.485731726193756e-08,0.00477230581314642,7.485731726193756e-08,1.309889809722463,7.485731726193756e-08,6.785257474128814e-05,  ,  ,  ,  
7.485814639050704e-08,1.1,7.485814639050704e-08,0.0006382988842257463,7.485814639050704e-08,0.004844261918943813,7.485814639050704e-08,1.308702928392862,7.485814639050704e-08,0.0002300183922368307,  ,  ,  ,  
7.485894306273081e-08,1.1,7.485894306273081e-08,0.000677940284949781,7.485894306273081e-08,0.004914202363941208,7.485894306273081e-08,1.307673331004336,7.485894306273081e-08,0.0003930867118009479,  ,  ,  ,  
7.485978541662541e-08,1.1,7.485978541662541e-08,0.0007136010534578185,7.485978541662541e-08,0.004980204570730944,7.485978541662541e-08,1.306695098175609,7.485978541662541e-08,0.0005662918570396158,  ,  ,  ,  
7.486059310609926e-08,1.1,7.486059310609926e-08,0.0007396109094591378,7.486059310609926e-08,0.005028363844923309,7.486059310609926e-08,1.30583815017024,7.486059310609926e-08,0.000727928533195912,  ,  ,  ,  
7.486140573299535e-08,1.1,7.486140573299535e-08,0.0007571499242811072,7.486140573299535e-08,0.005056897496052394,7.486140573299535e-08,1.30503176664611,7.486140573299535e-08,0.0008820766534508695,  ,  ,  ,  
7.486238161543772e-08,1.1,7.486238161543772e-08,0.0007669073011789645,7.486238161543772e-08,0.005060074202786282,7.486238161543772e-08,1.304096888170445,7.486238161543772e-08,0.00105191637350052,  ,  ,  ,  
7.486344597114626e-08,1.1,7.486344597114626e-08,0.000763121414054067,7.486344597114626e-08,0.005022009123329486,7.486344597114626e-08,1.303054095705089,7.486344597114626e-08,0.001212657679325832,  ,  ,  ,  
7.486419219616281e-08,1.1,7.486419219616281e-08,0.0007497211128189363,7.486419219616281e-08,0.004966490668206751,7.486419219616281e-08,1.302260838845767,7.486419219616281e-08,0.001296549788672491,  ,  ,  ,  
7.486484413553616e-08,1.1,7.486484413553616e-08,0.0007314008381109529,7.486484413553616e-08,0.004896754069923932,7.486484413553616e-08,1.301484903274434,7.486484413553616e-08,0.001361220305831224,  ,  ,  ,  
7.48655717257308e-08,1.1,7.48655717257308e-08,0.000702043047595269,7.48655717257308e-08,0.004791118004820302,7.48655717257308e-08,1.300468767305385,7.48655717257308e-08,0.001413296608343592,  ,  ,  ,  
7.486638363057807e-08,1.1,7.486638363057807e-08,0.0006575237156023596,7.486638363057807e-08,0.004633250978166949,7.486638363057807e-08,1.299058358462676,7.486638363057807e-08,0.001442243039108659,  ,  ,  ,  
7.486732100962557e-08,1.1,7.486732100962557e-08,0.0005898424657248462,7.486732100962557e-08,0.004389401042977519,7.486732100962557e-08,1.296919614774903,7.486732100962557e-08,0.001433991030676628,  ,  ,  ,  
7.48683417589542e-08,1.1,7.48683417589542e-08,0.0004938822386027031,7.48683417589542e-08,0.004035012421806001,7.48683417589542e-08,1.293742454338403,7.48683417589542e-08,0.001370220209340494,  ,  ,  ,  
7.486930426921192e-08,1.1,7.486930426921192e-08,0.0003782991281182031,7.486930426921192e-08,0.00360061744018706,7.486930426921192e-08,1.289678975611469,7.486930426921192e-08,0.00125412171704063,  ,  ,  ,  
7.487014593585468e-08,1.1,7.487014593585468e-08,0.000255295035329179,7.487014593585468e-08,0.00312968636726189,7.487014593585468e-08,1.285072541350948,7.487014593585468e-08,0.001106710842911507,  ,  ,  ,  
7.487117225626765e-08,1.1,7.487117225626765e-08,7.87115418350999e-05,7.487117225626765e-08,0.002431736573833892,7.487117225626765e-08,1.277875300426647,7.487117225626765e-08,0.0008702828369084306,  ,  ,  ,  
7.487191771339473e-08,1.1,7.487191771339473e-08,-6.310508699878209e-05,7.487191771339473e-08,0.001847117293505623,7.487191771339473e-08,1.271504505028535,7.487191771339473e-08,0.0006642496664704205,  ,  ,  ,  
7.487253578775223e-08,1.1,7.487253578775223e-08,-0.000183570231637453,7.487253578775223e-08,0.001324032385403218,7.487253578775223e-08,1.265504141938166,7.487253578775223e-08,0.0004775690521698256,  ,  ,  ,  
7.487316193532873e-08,1.1,7.487316193532873e-08,-0.0003034957159315297,7.487316193532873e-08,0.0007701499331278392,7.487316193532873e-08,1.25879165638113,7.487316193532873e-08,0.0002784804521418972,  ,  ,  ,  
7.48739022894496e-08,1.1,7.48739022894496e-08,-0.0004383084503916177,7.48739022894496e-08,9.903460775707107e-05,7.48739022894496e-08,1.250091566020372,7.48739022894496e-08,3.509881146793841e-05,  ,  ,  ,  
7.487481176892567e-08,1.1,7.487481176892567e-08,-0.0005900451530492938,7.487481176892567e-08,-0.0007280301654215774,7.487481176892567e-08,1.238388579290729,7.487481176892567e-08,-0.0002691538990908215,  ,  ,  ,  
7.487593160879632e-08,1.1,7.487593160879632e-08,-0.0007529713840437361,7.487593160879632e-08,-0.001719455570052775,7.487593160879632e-08,1.22266555227169,7.487593160879632e-08,-0.0006417276606118291,  ,  ,  ,  
7.48773388228965e-08,1.1,7.48773388228965e-08,-0.0009178517802268656,7.48773388228965e-08,-0.00287755061377905,7.48773388228965e-08,1.201289825359943,7.48773388228965e-08,-0.001090295621141388,  ,  ,  ,  
7.487885646443681e-08,1.1,7.487885646443681e-08,-0.001045807284879334,7.487885646443681e-08,-0.003974952819379623,7.487885646443681e-08,1.17680110587145,7.487885646443681e-08,-0.001551747636944294,  ,  ,  ,  
7.488038426973154e-08,1.1,7.488038426973154e-08,-0.001118866851848284,7.488038426973154e-08,-0.00488673763294576,7.488038426973154e-08,1.151269230267702,7.488038426973154e-08,-0.001933246789979536,  ,  ,  ,  
7.488188509695998e-08,1.1,7.488188509695998e-08,-0.001137613244824911,7.488188509695998e-08,-0.00557358528572939,7.488188509695998e-08,1.125928818922448,7.488188509695998e-08,-0.002224239707467296,  ,  ,  ,  
7.488330273323605e-08,1.1,7.488330273323605e-08,-0.001108167506590746,7.488330273323605e-08,-0.006017239172808196,7.488330273323605e-08,1.102268839464511,7.488330273323605e-08,-0.002407188986683359,  ,  ,  ,  
7.488466482026733e-08,1.1,7.488466482026733e-08,-0.001039512015800741,7.488466482026733e-08,-0.00624527175688559,7.488466482026733e-08,1.080224966570719,7.488466482026733e-08,-0.002488007409551996,  ,  ,  ,  
7.488595756254915e-08,1.1,7.488595756254915e-08,-0.000942165367781961,7.488595756254915e-08,-0.006278317688606465,7.488595756254915e-08,1.060299036590216,7.488595756254915e-08,-0.002474490209247243,  ,  ,  ,  
7.488723239997764e-08,1.1,7.488723239997764e-08,-0.0008230258884033639,7.488723239997764e-08,-0.006142834588594394,7.488723239997764e-08,1.041884565648856,7.488723239997764e-08,-0.00237856801201619,  ,  ,  ,  
7.488827324766186e-08,1.1,7.488827324766186e-08,-0.000714843921910155,7.488827324766186e-08,-0.005922160796010272,7.488827324766186e-08,1.027891026273369,7.488827324766186e-08,-0.002246063570934838,  ,  ,  ,  
7.488915618215792e-08,1.1,7.488915618215792e-08,-0.0006193414771518439,7.488915618215792e-08,-0.005670664711701562,7.488915618215792e-08,1.016812984332388,7.488915618215792e-08,-0.002101262390445923,  ,  ,  ,  
7.489006356112334e-08,1.1,7.489006356112334e-08,-0.0005204631309540317,7.489006356112334e-08,-0.005363478122820037,7.489006356112334e-08,1.006224176086341,7.489006356112334e-08,-0.001927305251444564,  ,  ,  ,  
7.489110417617821e-08,1.1,7.489110417617821e-08,-0.0004081434750660569,7.489110417617821e-08,-0.004964790866068716,7.489110417617821e-08,0.995107838399731,7.489110417617821e-08,-0.001703343323821224,  ,  ,  ,  
7.489225665658087e-08,1.1,7.489225665658087e-08,-0.0002863002263940572,7.489225665658087e-08,-0.00447948563773294,7.489225665658087e-08,0.984108563259424,7.489225665658087e-08,-0.001432812274315384,  ,  ,  ,  
7.489353474140419e-08,1.1,7.489353474140419e-08,-0.0001553944266661929,7.489353474140419e-08,-0.003901596145701138,7.489353474140419e-08,0.9735447757949846,7.489353474140419e-08,-0.001114775745178442,  ,  ,  ,  
7.48948585893786e-08,1.1,7.48948585893786e-08,-2.583886144767784e-05,7.48948585893786e-08,-0.003272324872277831,7.48948585893786e-08,0.9644070502616968,7.48948585893786e-08,-0.0007755244876548964,  ,  ,  ,  
7.489605982939844e-08,1.1,7.489605982939844e-08,8.395179206175383e-05,7.489605982939844e-08,-0.002687918793325669,7.489605982939844e-08,0.957655816583239,7.489605982939844e-08,-0.0004673795113895404,  ,  ,  ,  
7.489717991152613e-08,1.1,7.489717991152613e-08,0.0001770764485188142,7.489717991152613e-08,-0.002145962317493873,7.489717991152613e-08,0.9526017831957674,7.489717991152613e-08,-0.0001872996545668679,  ,  ,  ,  
7.48982587029796e-08,1.1,7.48982587029796e-08,0.0002563446295881358,7.48982587029796e-08,-0.001640655994899342,7.48982587029796e-08,0.9487687121363697,7.48982587029796e-08,6.969966449245542e-05,  ,  ,  ,  
7.489935890110326e-08,1.1,7.489935890110326e-08,0.000325548925065085,7.489935890110326e-08,-0.001154987137685847,7.489935890110326e-08,0.9457890393296845,7.489935890110326e-08,0.0003138593979855401,  ,  ,  ,  
7.490059287624098e-08,1.1,7.490059287624098e-08,0.0003888349067739362,7.490059287624098e-08,-0.0006589285023816387,7.490059287624098e-08,0.9434070458686958,7.490059287624098e-08,0.0005593448519720241,  ,  ,  ,  
7.490207432439802e-08,1.1,7.490207432439802e-08,0.0004460521924722984,7.490207432439802e-08,-0.0001452211128349958,7.490207432439802e-08,0.9416509311746225,7.490207432439802e-08,0.0008102364690510129,  ,  ,  ,  
7.490360119485628e-08,1.1,7.490360119485628e-08,0.0004854604308424475,7.490360119485628e-08,0.0002815122698487046,7.490360119485628e-08,0.9408458141845636,7.490360119485628e-08,0.001017104002097643,  ,  ,  ,  
7.490497435205039e-08,1.1,7.490497435205039e-08,0.0005062536510518918,7.490497435205039e-08,0.0005738095850513073,7.490497435205039e-08,0.9408016134464333,7.490497435205039e-08,0.001155598062386651,  ,  ,  ,  
7.49063218268624e-08,1.1,7.49063218268624e-08,0.000516203479441012,7.49063218268624e-08,0.0007793156242172798,7.49063218268624e-08,0.941231011374607,7.49063218268624e-08,0.001246968257034371,  ,  ,  ,  
7.490767284672569e-08,1.1,7.490767284672569e-08,0.0005172494068616812,7.490767284672569e-08,0.0009117937808618921,7.490767284672569e-08,0.9420110829404033,7.490767284672569e-08,0.001295805101051126,  ,  ,  ,  
7.490903104305627e-08,1.1,7.490903104305627e-08,0.0005114936716976133,7.490903104305627e-08,0.0009814763048992096,7.490903104305627e-08,0.9430546090735712,7.490903104305627e-08,0.001306017923185828,  ,  ,  ,  
7.491046964669431e-08,1.1,7.491046964669431e-08,0.0005003474245002485,7.491046964669431e-08,0.000999685813091836,7.491046964669431e-08,0.9443626577705928,7.491046964669431e-08,0.001280481027681685,  ,  ,  ,  
7.491191522942867e-08,1.1,7.491191522942867e-08,0.0004860527523627342,7.491191522942867e-08,0.0009753210218360384,7.491191522942867e-08,0.9458245754235476,7.491191522942867e-08,0.001224422339584846,  ,  ,  ,  
7.49136141330199e-08,1.1,7.49136141330199e-08,0.000466854705229278,7.49136141330199e-08,0.0009081942410006304,7.49136141330199e-08,0.9476657782009311,7.49136141330199e-08,0.001128118706941259,  ,  ,  ,  
7.491542833785343e-08,1.1,7.491542833785343e-08,0.0004453668692021602,7.491542833785343e-08,0.0008072728672877731,7.491542833785343e-08,0.9497241593890533,7.491542833785343e-08,0.0009991538591143604,  ,  ,  ,  
7.491711035055853e-08,1.1,7.491711035055853e-08,0.0004292849060412868,7.491711035055853e-08,0.0007063118398944761,7.491711035055853e-08,0.9516942713285835,7.491711035055853e-08,0.0008686049439566645,  ,  ,  ,  
7.491852906724683e-08,1.1,7.491852906724683e-08,0.0004252462428543417,7.491852906724683e-08,0.0006344935046145775,7.491852906724683e-08,0.953402160837586,7.491852906724683e-08,0.0007645683789922124,  ,  ,  ,  
7.491988698072658e-08,1.1,7.491988698072658e-08,0.0004357188134236095,7.491988698072658e-08,0.0005933710852844805,7.491988698072658e-08,0.9550802093842486,7.491988698072658e-08,0.0006847899113136154,  ,  ,  ,  
7.492094727568618e-08,1.1,7.492094727568618e-08,0.0004566985715069666,7.492094727568618e-08,0.0005898779817328495,7.492094727568618e-08,0.9564214184628261,7.492094727568618e-08,0.0006459797391239829,  ,  ,  ,  
7.492191577107177e-08,1.1,7.492191577107177e-08,0.0004862109741198125,7.492191577107177e-08,0.0006141134239858978,7.492191577107177e-08,0.9576681467657502,7.492191577107177e-08,0.0006349476476576913,  ,  ,  ,  
7.492284584584936e-08,1.1,7.492284584584936e-08,0.000522397002269619,7.492284584584936e-08,0.0006626481166348033,7.492284584584936e-08,0.9588788635235624,7.492284584584936e-08,0.0006485967915970551,  ,  ,  ,  
7.492381068278949e-08,1.1,7.492381068278949e-08,0.0005638235031900679,7.492381068278949e-08,0.0007355204995551281,7.492381068278949e-08,0.9601408836698372,7.492381068278949e-08,0.0006867047344796099,  ,  ,  ,  
7.492493299229577e-08,1.1,7.492493299229577e-08,0.0006133699584884032,7.492493299229577e-08,0.0008413036714279414,7.492493299229577e-08,0.9616047259626647,7.492493299229577e-08,0.000758114602998179,  ,  ,  ,  
7.492603717727465e-08,1.1,7.492603717727465e-08,0.0006600534912153788,7.492603717727465e-08,0.0009583857124628325,7.492603717727465e-08,0.9630311229274182,7.492603717727465e-08,0.0008514280416613858,  ,  ,  ,  
7.49270434325153e-08,1.1,7.49270434325153e-08,0.0006983484122030417,7.49270434325153e-08,0.001068616774164159,7.49270434325153e-08,0.9643129496181686,7.49270434325153e-08,0.00095134677526725,  ,  ,  ,  
7.49280468551691e-08,1.1,7.49280468551691e-08,0.0007303275601557924,7.49280468551691e-08,0.001174886344407348,7.49280468551691e-08,0.965569501476504,7.49280468551691e-08,0.001059694185257164,  ,  ,  ,  
7.492914996287413e-08,1.1,7.492914996287413e-08,0.0007566292573794772,7.492914996287413e-08,0.001280705010639942,7.492914996287413e-08,0.9669231218118362,7.492914996287413e-08,0.001181451778366017,  ,  ,  ,  
7.493008963800421e-08,1.1,7.493008963800421e-08,0.0007711927590822374,7.493008963800421e-08,0.001356365906100581,7.493008963800421e-08,0.9680520200482675,7.493008963800421e-08,0.001281215547930706,  ,  ,  ,  
7.493105950619941e-08,1.1,7.493105950619941e-08,0.0007791415275571475,7.493105950619941e-08,0.00141541485701299,7.493105950619941e-08,0.9691908750582117,7.493105950619941e-08,0.001374324843409498,  ,  ,  ,  
7.493204120769699e-08,1.1,7.493204120769699e-08,0.0007801786630369602,7.493204120769699e-08,0.001450634010939752,7.493204120769699e-08,0.9703094607442184,7.493204120769699e-08,0.001451964280074915,  ,  ,  ,  
7.493300074482463e-08,1.1,7.493300074482463e-08,0.0007741104549200443,7.493300074482463e-08,0.001455082880450304,7.493300074482463e-08,0.9713576439907574,7.493300074482463e-08,0.001505018332072795,  ,  ,  ,  
7.493390823317391e-08,1.1,7.493390823317391e-08,0.0007614384094289426,7.493390823317391e-08,0.001426475455193944,7.493390823317391e-08,0.9722947161930039,7.493390823317391e-08,0.001528223523388361,  ,  ,  ,  
7.493476370945337e-08,1.1,7.493476370945337e-08,0.0007437457866936248,7.493476370945337e-08,0.001369400604824766,7.493476370945337e-08,0.9731214982822127,7.493476370945337e-08,0.001525437646102106,  ,  ,  ,  
7.49356564053617e-08,1.1,7.49356564053617e-08,0.0007211370930473603,7.49356564053617e-08,0.001281421994821055,7.49356564053617e-08,0.9739199056333446,7.49356564053617e-08,0.001497551157882819,  ,  ,  ,  
7.493652771257607e-08,1.1,7.493652771257607e-08,0.0006963040819182683,7.493652771257607e-08,0.001172388529919535,7.493652771257607e-08,0.974626007556009,7.493652771257607e-08,0.001447649392160711,  ,  ,  ,  
7.493729337173914e-08,1.1,7.493729337173914e-08,0.000672784074264245,7.493729337173914e-08,0.001060666127305445,7.493729337173914e-08,0.9751744018838915,7.493729337173914e-08,0.001386624975359879,  ,  ,  ,  
7.493808095699112e-08,1.1,7.493808095699112e-08,0.000646458969361274,7.493808095699112e-08,0.0009299675084443959,7.493808095699112e-08,0.9756490382966173,7.493808095699112e-08,0.001307220929079261,  ,  ,  ,  
7.493880869220918e-08,1.1,7.493880869220918e-08,0.0006201897035527779,7.493880869220918e-08,0.0007967429962959553,7.493880869220918e-08,0.9759976869670693,7.493880869220918e-08,0.001220391527835721,  ,  ,  ,  
7.493940951941955e-08,1.1,7.493940951941955e-08,0.0005976669665313261,7.493940951941955e-08,0.0006809103057310996,7.493940951941955e-08,0.9762253376710737,7.493940951941955e-08,0.001140975607616466,  ,  ,  ,  
7.494002979399633e-08,1.1,7.494002979399633e-08,0.0005742387413889612,7.494002979399633e-08,0.0005584592197520048,7.494002979399633e-08,0.9764087335696703,7.494002979399633e-08,0.001053563220830977,  ,  ,  ,  
7.494079006984327e-08,1.1,7.494079006984327e-08,0.0005463764198269823,7.494079006984327e-08,0.0004093794982737108,7.494079006984327e-08,0.9765698666532716,7.494079006984327e-08,0.0009423294934175707,  ,  ,  ,  
7.494188527357996e-08,1.1,7.494188527357996e-08,0.0005083474206106081,7.494188527357996e-08,0.0002020996902133196,7.494188527357996e-08,0.9766882684983957,7.494188527357996e-08,0.0007788568721097306,  ,  ,  ,  
7.494298083539574e-08,1.1,7.494298083539574e-08,0.0004749356341607246,7.494298083539574e-08,1.240787767155771e-05,7.494298083539574e-08,0.9766946742576263,7.494298083539574e-08,0.0006187195880256012,  ,  ,  ,  
7.49440346293951e-08,1.1,7.49440346293951e-08,0.0004519245159301368,7.49440346293951e-08,-0.0001429866192429254,7.49440346293951e-08,0.9766459325835172,7.49440346293951e-08,0.0004761936014384171,  ,  ,  ,  
7.494510478382652e-08,1.1,7.494510478382652e-08,0.0004477676544726279,7.494510478382652e-08,-0.000255369826313502,7.494510478382652e-08,0.9766707332115138,7.494510478382652e-08,0.0003549003200099572,  ,  ,  ,  
7.494610631459483e-08,1.1,7.494610631459483e-08,0.0004787071364561025,7.494610631459483e-08,-0.0002850434650094122,7.494610631459483e-08,0.9770134805550136,7.494610631459483e-08,0.0002806463263080681,  ,  ,  ,  
7.494698222501923e-08,1.1,7.494698222501923e-08,0.0005486992410028091,7.494698222501923e-08,-0.0002216278859017263,7.494698222501923e-08,0.9778500734396885,7.494698222501923e-08,0.000259960284463071,  ,  ,  ,  
7.494788518961281e-08,1.1,7.494788518961281e-08,0.000676422782962292,7.494788518961281e-08,-3.582838587939684e-05,7.494788518961281e-08,0.9796052866710925,7.494788518961281e-08,0.0002943949651109452,  ,  ,  ,  
7.494857146057212e-08,1.1,7.494857146057212e-08,0.0008143924593237283,7.494857146057212e-08,0.0002037203541492029,7.494857146057212e-08,0.981754710265333,7.494857146057212e-08,0.0003497778193648858,  ,  ,  ,  
7.494930079543229e-08,1.1,7.494930079543229e-08,0.001000331352462501,7.494930079543229e-08,0.0005617733318848859,7.494930079543229e-08,0.9850019774863127,7.494930079543229e-08,0.0004631971041417558,  ,  ,  ,  
7.49500110968218e-08,1.1,7.49500110968218e-08,0.001210337963099066,7.49500110968218e-08,0.001008783676703411,7.49500110968218e-08,0.9892041654409626,7.49500110968218e-08,0.0006119002143448469,  ,  ,  ,  
7.495070954787691e-08,1.1,7.495070954787691e-08,0.001430746719084005,7.495070954787691e-08,0.001527163206053438,7.495070954787691e-08,0.9943306130970938,7.495070954787691e-08,0.0007867937128516316,  ,  ,  ,  
7.495144989287094e-08,1.1,7.495144989287094e-08,0.001663958362669627,7.495144989287094e-08,0.002138789245834559,7.495144989287094e-08,1.000791784273592,7.495144989287094e-08,0.0009948912638590595,  ,  ,  ,  
7.495230660616308e-08,1.1,7.495230660616308e-08,0.001916528295446658,7.495230660616308e-08,0.002890565391004506,7.495230660616308e-08,1.009459051269301,7.495230660616308e-08,0.001253495047401845,  ,  ,  ,  
7.495302536337806e-08,1.1,7.495302536337806e-08,0.002104613738198899,7.495302536337806e-08,0.003528992888568545,7.495302536337806e-08,1.017579841448235,7.495302536337806e-08,0.001476540655529426,  ,  ,  ,  
7.495366198132577e-08,1.1,7.495366198132577e-08,0.002248761366142358,7.495366198132577e-08,0.004082292773653703,7.495366198132577e-08,1.02531701595539,7.495366198132577e-08,0.001673468333876884,  ,  ,  ,  
7.495438795264596e-08,1.1,7.495438795264596e-08,0.002385614602837265,7.495438795264596e-08,0.004682566718501167,7.495438795264596e-08,1.034642513927751,7.495438795264596e-08,0.001892307110914052,  ,  ,  ,  
7.495525012008985e-08,1.1,7.495525012008985e-08,0.002511258460939069,7.495525012008985e-08,0.005336317467367222,7.495525012008985e-08,1.046245826559003,7.495525012008985e-08,0.002139882645570765,  ,  ,  ,  
7.495634004532414e-08,1.1,7.495634004532414e-08,0.002618526179437033,7.495634004532414e-08,0.006053917974263153,7.495634004532414e-08,1.061462883719422,7.495634004532414e-08,0.002428218891227921,  ,  ,  ,  
7.495745816753326e-08,1.1,7.495745816753326e-08,0.002677288385055619,7.495745816753326e-08,0.006654890692246208,7.495745816753326e-08,1.07742628186295,7.495745816753326e-08,0.002691659869685293,  ,  ,  ,  
7.495861259279732e-08,1.1,7.495861259279732e-08,0.00269348693325821,7.495861259279732e-08,0.007132324725754101,7.495861259279732e-08,1.094007760824643,7.495861259279732e-08,0.002927360648588583,  ,  ,  ,  
7.495984942987044e-08,1.1,7.495984942987044e-08,0.002670279850660797,7.495984942987044e-08,0.007492488835422988,7.495984942987044e-08,1.111613313636057,7.495984942987044e-08,0.0031194267905749,  ,  ,  ,  
7.496112531555573e-08,1.1,7.496112531555573e-08,0.002616452391715718,7.496112531555573e-08,0.007718300234312638,7.496112531555573e-08,1.129386605090621,7.496112531555573e-08,0.003292143047538799,  ,  ,  ,  
7.496233901667516e-08,1.1,7.496233901667516e-08,0.002542634033478733,7.496233901667516e-08,0.007812189208792108,7.496233901667516e-08,1.145766829739354,7.496233901667516e-08,0.003418352651165682,  ,  ,  ,  
7.496356134063565e-08,1.1,7.496356134063565e-08,0.002451484113148434,7.496356134063565e-08,0.007805668390719548,7.496356134063565e-08,1.16161638707125,7.496356134063565e-08,0.003509863785643331,  ,  ,  ,  
7.496514368514863e-08,1.1,7.496514368514863e-08,0.002314215695687425,7.496514368514863e-08,0.007673423836865404,7.496514368514863e-08,1.180993995234231,7.496514368514863e-08,0.003578946450250067,  ,  ,  ,  
7.496692939790138e-08,1.1,7.496692939790138e-08,0.00213807715957195,7.496692939790138e-08,0.007387327452959113,7.496692939790138e-08,1.201116140768935,7.496692939790138e-08,0.003594505930994754,  ,  ,  ,  
7.496897499242916e-08,1.1,7.496897499242916e-08,0.001915325923233621,7.496897499242916e-08,0.006921311251952687,7.496897499242916e-08,1.221676714309139,7.496897499242916e-08,0.003538943748312018,  ,  ,  ,  
7.497121672087333e-08,1.1,7.497121672087333e-08,0.001655096499438643,7.497121672087333e-08,0.00628714567238936,7.497121672087333e-08,1.240993855865947,7.497121672087333e-08,0.003401050308813428,  ,  ,  ,  
7.497361494298883e-08,1.1,7.497361494298883e-08,0.001369905224045991,7.497361494298883e-08,0.005515776461521777,7.497361494298883e-08,1.25788277664056,7.497361494298883e-08,0.003182264679037292,  ,  ,  ,  
7.497628167509576e-08,1.1,7.497628167509576e-08,0.001059134263442739,7.497628167509576e-08,0.004608278391773526,7.497628167509576e-08,1.272221682925496,7.497628167509576e-08,0.002878070105600172,  ,  ,  ,  
7.497858580647875e-08,1.1,7.497858580647875e-08,0.0008099987044472996,7.497858580647875e-08,0.003830350143839039,7.497858580647875e-08,1.281133411635241,7.497858580647875e-08,0.002585949274061813,  ,  ,  ,  
7.498073032444299e-08,1.1,7.498073032444299e-08,0.0006032405416819198,7.498073032444299e-08,0.003147412475062738,7.498073032444299e-08,1.286869458761374,7.498073032444299e-08,0.002305583762627859,  ,  ,  ,  
7.498288457180328e-08,1.1,7.498288457180328e-08,0.0004243924971127231,7.498288457180328e-08,0.00252745334216622,7.498288457180328e-08,1.290521088302879,7.498288457180328e-08,0.002027547781420529,  ,  ,  ,  
7.498512830308458e-08,1.1,7.498512830308458e-08,0.0002697617285545488,7.498512830308458e-08,0.001966751711514141,7.498512830308458e-08,1.292481526487981,7.498512830308458e-08,0.001750836566399753,  ,  ,  ,  
7.498756346381954e-08,1.1,7.498756346381954e-08,0.0001358917973295973,7.498756346381954e-08,0.001460740763778119,7.498756346381954e-08,1.292931243831953,7.498756346381954e-08,0.001471899145623122,  ,  ,  ,  
7.499031771571424e-08,1.1,7.499031771571424e-08,2.125720895065638e-05,7.499031771571424e-08,0.001009925976960068,7.499031771571424e-08,1.291863577413704,7.499031771571424e-08,0.001187888099074723,  ,  ,  ,  
7.499320871954159e-08,1.1,7.499320871954159e-08,-6.487454107282783e-05,7.499320871954159e-08,0.0006578935965824035,7.499320871954159e-08,1.289455389941836,7.499320871954159e-08,0.0009275466209086231,  ,  ,  ,  
7.499628152420632e-08,1.1,7.499628152420632e-08,-0.0001270494881747857,7.499628152420632e-08,0.0003929118005394286,7.499628152420632e-08,1.285925923875471,7.499628152420632e-08,0.0006928196688192442,  ,  ,  ,  
7.499963271074945e-08,1.1,7.499963271074945e-08,-0.0001700044247764861,7.499963271074945e-08,0.0001995432802230787,7.499963271074945e-08,1.281370844251984,7.499963271074945e-08,0.0004816036795840051,  ,  ,  ,  
7.500337722931933e-08,1.1,7.500337722931933e-08,-0.0001976423707469745,7.500337722931933e-08,6.494194631615275e-05,7.500337722931933e-08,1.275803456628871,7.500337722931933e-08,0.0002944636815604542,  ,  ,  ,  
7.500768108038854e-08,1.1,7.500768108038854e-08,-0.0002128483789186761,7.500768108038854e-08,-2.249277965742394e-05,7.500768108038854e-08,1.269140885489231,7.500768108038854e-08,0.0001325053374101448,  ,  ,  ,  
7.501269527535366e-08,1.1,7.501269527535366e-08,-0.0002176902825199068,7.501269527535366e-08,-7.238819170350732e-05,7.501269527535366e-08,1.261338868702242,7.501269527535366e-08,1.028744961860162e-07,  ,  ,  ,  
7.501844560552411e-08,1.1,7.501844560552411e-08,-0.0002143432540089643,7.501844560552411e-08,-9.430163620218187e-05,7.501844560552411e-08,1.252586829874076,7.501844560552411e-08,-9.694396715817218e-05,  ,  ,  ,  
7.50252539862428e-08,1.1,7.50252539862428e-08,-0.0002048993518286841,7.50252539862428e-08,-9.884528490454897e-05,7.50252539862428e-08,1.242675003911417,7.50252539862428e-08,-0.0001609476098244177,  ,  ,  ,  
7.5033609910524e-08,1.1,7.5033609910524e-08,-0.0001905716040148562,7.5033609910524e-08,-9.333914211081476e-05,7.5033609910524e-08,1.23128423921897,7.5033609910524e-08,-0.0001942596608414199,  ,  ,  ,  
7.504445122323592e-08,1.1,7.504445122323592e-08,-0.0001716624194208272,7.504445122323592e-08,-8.242920820055858e-05,7.504445122323592e-08,1.217782044068743,7.504445122323592e-08,-0.0002000527232683005,  ,  ,  ,  
7.505956905144468e-08,1.1,7.505956905144468e-08,-0.000147524332326442,7.505956905144468e-08,-6.850577885141021e-05,7.505956905144468e-08,1.201173926770613,7.505956905144468e-08,-0.0001817808003999067,  ,  ,  ,  
7.508168887883978e-08,1.1,7.508168887883978e-08,-0.0001178165218001683,7.508168887883978e-08,-5.292139455367903e-05,7.508168887883978e-08,1.180876855009305,7.508168887883978e-08,-0.0001452800803966261,  ,  ,  ,  
7.51145870265637e-08,1.1,7.51145870265637e-08,-8.392046204437351e-05,7.51145870265637e-08,-3.670114314954568e-05,7.51145870265637e-08,1.157677899368577,7.51145870265637e-08,-0.0001004988014679914,  ,  ,  ,  
7.514926625992212e-08,1.1,7.514926625992212e-08,-5.835421787982944e-05,7.514926625992212e-08,-2.510492937339887e-05,7.514926625992212e-08,1.140152659453781,7.514926625992212e-08,-6.816473111304729e-05,  ,  ,  ,  
7.518625340292755e-08,1.1,7.518625340292755e-08,-3.938015073605755e-05,7.518625340292755e-08,-1.673039904864896e-05,7.518625340292755e-08,1.127142417697546,7.518625340292755e-08,-4.546769279087704e-05,  ,  ,  ,  
7.522664753888569e-08,1.1,7.522664753888569e-08,-2.543073057147952e-05,7.522664753888569e-08,-1.059522442096656e-05,7.522664753888569e-08,1.117582561627312,7.522664753888569e-08,-2.925326591954339e-05,  ,  ,  ,  
7.52712296812883e-08,1.1,7.52712296812883e-08,-1.550873335792839e-05,7.52712296812883e-08,-6.240266079536135e-06,7.52712296812883e-08,1.11078395908258,7.52712296812883e-08,-1.777518030839226e-05,  ,  ,  ,  
7.532162687121364e-08,1.1,7.532162687121364e-08,-8.679377806099517e-06,7.532162687121364e-08,-3.263603927875288e-06,7.532162687121364e-08,1.106101032374722,7.532162687121364e-08,-9.835585804668503e-06,  ,  ,  ,  
7.537976537807387e-08,1.1,7.537976537807387e-08,-4.243884332850468e-06,7.537976537807387e-08,-1.355202025522145e-06,7.537976537807387e-08,1.103054263828974,7.537976537807387e-08,-4.653596550703187e-06,  ,  ,  ,  
7.544823152892155e-08,1.1,7.544823152892155e-08,-1.611509261148383e-06,7.544823152892155e-08,-2.494961207714444e-07,7.544823152892155e-08,1.101240768543217,7.544823152892155e-08,-1.572291626771781e-06,  ,  ,  ,  
7.553086673657177e-08,1.1,7.553086673657177e-08,-2.632997867168139e-07,7.553086673657177e-08,2.812552483640776e-07,7.553086673657177e-08,1.100303772123245,7.553086673657177e-08,2.976394953777243e-09,  ,  ,  ,  
7.563373672075241e-08,1.1,7.563373672075241e-08,2.571668602857033e-07,7.563373672075241e-08,4.472585834756244e-07,7.563373672075241e-08,1.099932458008071,7.563373672075241e-08,6.053505247997607e-07,  ,  ,  ,  
7.576741604746592e-08,1.1,7.576741604746592e-08,3.269080701456272e-07,7.576741604746592e-08,4.198315998942803e-07,7.576741604746592e-08,1.099869833185964,7.576741604746592e-08,6.785392921180651e-07,  ,  ,  ,  
7.593829881019287e-08,1.1,7.593829881019287e-08,2.277351028405593e-07,7.593829881019287e-08,3.273375021148322e-07,7.593829881019287e-08,1.099924309223132,7.593829881019287e-08,5.546503634314371e-07,  ,  ,  ,  
7.614590923932111e-08,1.1,7.614590923932111e-08,1.332896416536348e-07,7.614590923932111e-08,2.475222423731447e-07,7.614590923932111e-08,1.099977691914427,7.614590923932111e-08,4.378944310482009e-07,  ,  ,  ,  
7.639665548805709e-08,1.1,7.639665548805709e-08,8.713453768545165e-08,7.639665548805709e-08,1.966989918183155e-07,7.639665548805709e-08,1.100000148432679,7.639665548805709e-08,3.790163826194883e-07,  ,  ,  ,  
7.670048706401392e-08,1.1,7.670048706401392e-08,7.15823173972252e-08,7.670048706401392e-08,1.646754588721983e-07,7.670048706401392e-08,1.100003253127655,7.670048706401392e-08,3.56898356136825e-07,  ,  ,  ,  
7.706834491786071e-08,1.1,7.706834491786071e-08,6.531013517595249e-08,7.706834491786071e-08,1.410054550146299e-07,7.706834491786071e-08,1.100001317689393,7.706834491786071e-08,3.4636227637092e-07,  ,  ,  ,  
7.751384064089597e-08,1.1,7.751384064089597e-08,5.958054523342881e-08,7.751384064089597e-08,1.211967354124406e-07,7.751384064089597e-08,1.100000092268342,7.751384064089597e-08,3.370635299750627e-07,  ,  ,  ,  
7.805395218760331e-08,1.1,7.805395218760331e-08,5.368868619599774e-08,7.805395218760331e-08,1.043485245485633e-07,7.805395218760331e-08,1.099999872096757,7.805395218760331e-08,3.280196971653313e-07,  ,  ,  ,  
7.870922272818751e-08,1.1,7.870922272818751e-08,4.847925341240488e-08,7.870922272818751e-08,9.032733129156827e-08,7.870922272818751e-08,1.099999927255711,7.870922272818751e-08,3.201652279451785e-07,  ,  ,  ,  
7.935461136409375e-08,1.1,7.935461136409375e-08,4.48957539771339e-08,7.935461136409375e-08,8.06720022479717e-08,7.935461136409375e-08,1.099999961019669,7.935461136409375e-08,3.147731335632233e-07,  ,  ,  ,  
8e-08,1.1,8e-08,4.227061847771713e-08,8e-08,7.355211137655526e-08,8e-08,1.099999967392883,8e-08,3.108145102571026e-07,  ,  ,  ,  
8.001172754146241e-08,1.035498521956802,8.001172754146241e-08,6.544851269727662e-09,8.001172754146241e-08,3.347400111555749e-08,8.001172754146241e-08,1.099999949487962,8.001172754146241e-08,-1.36656466650107e-06,  ,  ,  ,  
8.002412214918653e-08,0.9673281794740858,8.002412214918653e-08,6.470030644745385e-08,8.002412214918653e-08,9.023268334835981e-08,8.002412214918653e-08,1.099999977943263,8.002412214918653e-08,-4.526340479371311e-08,  ,  ,  ,  
8.004891136463477e-08,0.8309874945087983,8.004891136463477e-08,4.887194873351487e-08,8.004891136463477e-08,8.48848277091236e-08,8.004891136463477e-08,1.099999971256066,8.004891136463477e-08,9.455834293891132e-07,  ,  ,  ,  
8.006660443872535e-08,0.7336755870106484,8.006660443872535e-08,7.258047732991949e-08,8.006660443872535e-08,1.267291785316498e-07,8.006660443872535e-08,1.099999944915058,8.006660443872535e-08,2.299832428344204e-06,  ,  ,  ,  
8.007226969490439e-08,0.70251667802595,8.007226969490439e-08,1.562903708744014e-07,8.007226969490439e-08,2.124006723520643e-07,8.007226969490439e-08,1.099999977340387,8.007226969490439e-08,4.955190895768037e-06,  ,  ,  ,  
8.00787630476969e-08,0.6668032376670544,8.00787630476969e-08,3.277499133165069e-07,8.00787630476969e-08,3.971344325567014e-07,8.00787630476969e-08,1.100000057273567,8.00787630476969e-08,1.188565006901992e-05,  ,  ,  ,  
8.008198787126518e-08,0.6490667080415302,8.008198787126518e-08,4.687405859494393e-07,8.008198787126518e-08,5.499139695529257e-07,8.008198787126518e-08,1.100000126863012,8.008198787126518e-08,1.775156610025202e-05,  ,  ,  ,  
8.008526652030106e-08,0.6310341383441991,8.008526652030106e-08,6.655125602947866e-07,8.008526652030106e-08,7.646216595627672e-07,8.008526652030106e-08,1.1000002250216,8.008526652030106e-08,2.624989084280998e-05,  ,  ,  ,  
8.008807235928715e-08,0.6156020239206929,8.008807235928715e-08,8.917249087006828e-07,8.008807235928715e-08,1.012573009603089e-06,8.008807235928715e-08,1.100000338378822,8.008807235928715e-08,3.625567495393471e-05,  ,  ,  ,  
8.009034479658443e-08,0.6031036187856214,8.009034479658443e-08,1.130409639046687e-06,8.009034479658443e-08,1.273393935620985e-06,8.009034479658443e-08,1.100000458034766,8.009034479658443e-08,4.679735659202649e-05,  ,  ,  ,  
8.00927596619277e-08,0.5898218593977258,8.00927596619277e-08,1.456138369059113e-06,8.00927596619277e-08,1.62850682212701e-06,8.00927596619277e-08,1.100000620952672,8.00927596619277e-08,6.116082716681157e-05,  ,  ,  ,  
8.009742662447977e-08,0.5641535653612861,8.009742662447977e-08,2.375675260281948e-06,8.009742662447977e-08,2.63559439602961e-06,8.009742662447977e-08,1.10000107991279,8.009742662447977e-08,0.0001024733913147898,  ,  ,  ,  
8.010071221047478e-08,0.5460828423887849,8.010071221047478e-08,3.413590700125114e-06,8.010071221047478e-08,3.758681107086693e-06,8.010071221047478e-08,1.100001596707636,8.010071221047478e-08,0.0001474479511485734,  ,  ,  ,  
8.010353747663582e-08,0.5305438785030138,8.010353747663582e-08,4.624250078300608e-06,8.010353747663582e-08,5.075404123992021e-06,8.010353747663582e-08,1.100002197753152,8.010353747663582e-08,0.0002006821265694742,  ,  ,  ,  
8.010631368524597e-08,0.5152747311472197,8.010631368524597e-08,5.953641952518747e-06,8.010631368524597e-08,6.581219329566179e-06,8.010631368524597e-08,1.100002859619531,8.010631368524597e-08,0.0002668039091118908,  ,  ,  ,  
8.010890809603725e-08,0.5010054717952216,8.010890809603725e-08,7.125385999840093e-06,8.010890809603725e-08,8.003860307358067e-06,8.010890809603725e-08,1.100003452236731,8.010890809603725e-08,0.0003383422180217674,  ,  ,  ,  
8.01113345052092e-08,0.4876602213494606,8.01113345052092e-08,8.084203447806828e-06,8.01113345052092e-08,9.25123386635449e-06,8.01113345052092e-08,1.100003950432,8.01113345052092e-08,0.0004105664506485796,  ,  ,  ,  
8.011353674689749e-08,0.4755478920638179,8.011353674689749e-08,8.816028324014991e-06,8.011353674689749e-08,1.02619966693735e-05,8.011353674689749e-08,1.100004339915813,8.011353674689749e-08,0.0004779054547009907,  ,  ,  ,  
8.011536081569958e-08,0.4655155136523962,8.011536081569958e-08,9.195783240654896e-06,8.011536081569958e-08,1.08878484827168e-05,8.011536081569958e-08,1.100004550586747,8.011536081569958e-08,0.000531828086240716,  ,  ,  ,  
8.011681804954272e-08,0.457500727515036,8.011681804954272e-08,9.144681284921369e-06,8.011681804954272e-08,1.106602721871558e-05,8.011681804954272e-08,1.10000454276263,8.011681804954272e-08,0.000569864594533978,  ,  ,  ,  
8.011823536348799e-08,0.4497055008161639,8.011823536348799e-08,8.537691485719143e-06,8.011823536348799e-08,1.073285821614833e-05,8.011823536348799e-08,1.100004263719795,8.011823536348799e-08,0.0005971371742088166,  ,  ,  ,  
8.011996405236728e-08,0.4401977119800614,8.011996405236728e-08,6.594661843118665e-06,8.011996405236728e-08,9.205098853903798e-06,8.011996405236728e-08,1.100003343062426,8.011996405236728e-08,0.0006054213344252045,  ,  ,  ,  
8.012142266640427e-08,0.432175334776587,8.012142266640427e-08,3.329936743136592e-06,8.012142266640427e-08,6.385978714955743e-06,8.012142266640427e-08,1.100001775714218,8.012142266640427e-08,0.0005768371917768194,  ,  ,  ,  
8.012282943773036e-08,0.4244380924831089,8.012282943773036e-08,-2.095707455774478e-06,8.012282943773036e-08,1.522136394908198e-06,8.012282943773036e-08,1.099999154345621,8.012282943773036e-08,0.0004983140637345325,  ,  ,  ,  
8.012424532311263e-08,0.4166507228805562,8.012424532311263e-08,-1.1117725965365e-05,8.012424532311263e-08,-6.730069900146521e-06,8.012424532311263e-08,1.09999478236953,8.012424532311263e-08,0.0003382040685231066,  ,  ,  ,  
8.01257989857263e-08,0.4081055785053512,8.01257989857263e-08,-2.724942051945762e-05,8.01257989857263e-08,-2.171299191511797e-05,8.01257989857263e-08,1.099986963404322,8.01257989857263e-08,1.393005202540217e-05,  ,  ,  ,  
8.012768382922612e-08,0.3977389392563467,8.012768382922612e-08,-5.966426701811509e-05,8.012768382922612e-08,-5.229916003742057e-05,8.012768382922612e-08,1.099971270518221,8.012768382922612e-08,-0.0007185053733517004,  ,  ,  ,  
8.012973468315525e-08,0.3864592426462017,8.012973468315525e-08,-0.0001140734566585301,8.012973468315525e-08,-0.0001048821933844045,8.012973468315525e-08,1.099945059561526,8.012973468315525e-08,-0.002117527455591326,  ,  ,  ,  
8.01303979052627e-08,0.3828115210551335,8.01303979052627e-08,-0.0001360245830640758,8.01303979052627e-08,-0.000126597776834112,8.01303979052627e-08,1.099934429811256,8.01303979052627e-08,-0.002723958883459962,  ,  ,  ,  
8.013172434947761e-08,0.3755160778731429,8.013172434947761e-08,-0.0001860507733406655,8.013172434947761e-08,-0.0001769842774808661,8.013172434947761e-08,1.09991022446062,8.013172434947761e-08,-0.004213614410083636,  ,  ,  ,  
8.013309099462201e-08,0.3679995295789615,8.013309099462201e-08,-0.0002446099886619059,8.013309099462201e-08,-0.0002378813963555985,8.013309099462201e-08,1.099881740339026,8.013309099462201e-08,-0.006164824884143472,  ,  ,  ,  
8.013439897745038e-08,0.3608056240229133,8.013439897745038e-08,-0.0003046412570336838,8.013439897745038e-08,-0.0003026935690737129,8.013439897745038e-08,1.099852357135274,8.013439897745038e-08,-0.008430054704251302,  ,  ,  ,  
8.013592804501056e-08,0.3523957524419085,8.013592804501056e-08,-0.0003761274119199666,8.013592804501056e-08,-0.0003833263404480404,8.013592804501056e-08,1.09981695915334,8.013592804501056e-08,-0.01154203619377491,  ,  ,  ,  
8.013747699461518e-08,0.343876529616512,8.013747699461518e-08,-0.0004473670924010436,8.013747699461518e-08,-0.0004677645504306384,8.013747699461518e-08,1.099780938828719,8.013747699461518e-08,-0.01516056674460048,  ,  ,  ,  
8.013911752903406e-08,0.3348535903127745,8.013911752903406e-08,-0.0005200324231030843,8.013911752903406e-08,-0.0005574703544439529,8.013911752903406e-08,1.09974364165877,8.013911752903406e-08,-0.01943882136979964,  ,  ,  ,  
8.014146330518667e-08,0.3219518214733035,8.014146330518667e-08,-0.0006150168153836442,8.014146330518667e-08,-0.000680874815872006,8.014146330518667e-08,1.099693729964987,8.014146330518667e-08,-0.02618471563185972,  ,  ,  ,  
8.01439289733245e-08,0.3083906467153468,8.01439289733245e-08,-0.0006994585619260481,8.01439289733245e-08,-0.0007982143109771123,8.01439289733245e-08,1.099648032500639,8.01439289733245e-08,-0.03383578247045084,  ,  ,  ,  
8.014621507139309e-08,0.2958171073379998,8.014621507139309e-08,-0.000760505064030655,8.014621507139309e-08,-0.0008904793318279894,8.014621507139309e-08,1.099613732535918,8.014621507139309e-08,-0.04121806732173578,  ,  ,  ,  
8.014859247464467e-08,0.2827413894543409,8.014859247464467e-08,-0.0008046304962323212,8.014859247464467e-08,-0.0009658170390651823,8.014859247464467e-08,1.09958744701323,8.014859247464467e-08,-0.04896402577570104,  ,  ,  ,  
8.015147257422899e-08,0.2669008417406619,8.015147257422899e-08,-0.0008334325944633216,8.015147257422899e-08,-0.001027738327452383,8.015147257422899e-08,1.099567930711149,8.015147257422899e-08,-0.05818993596263756,  ,  ,  ,  
8.015485793675472e-08,0.2482813478491415,8.015485793675472e-08,-0.0008405211330915093,8.015485793675472e-08,-0.001064989406157115,8.015485793675472e-08,1.099558623542268,8.015485793675472e-08,-0.06866334464748228,  ,  ,  ,  
8.015746143375271e-08,0.2339621143601205,8.015746143375271e-08,-0.0008319925718923937,8.015746143375271e-08,-0.001072649785194882,8.015746143375271e-08,1.099558793447193,8.015746143375271e-08,-0.07648455744192928,  ,  ,  ,  
8.015986018335928e-08,0.2207689915239712,8.015986018335928e-08,-0.0008158012112024003,8.015986018335928e-08,-0.001066998271126208,8.015986018335928e-08,1.099562861343465,8.015986018335928e-08,-0.08361174614040295,  ,  ,  ,  
8.016237611756218e-08,0.2069313534080275,8.016237611756218e-08,-0.0007899243287008371,8.016237611756218e-08,-0.00104951684814503,8.016237611756218e-08,1.099570079182431,8.016237611756218e-08,-0.09116127594163545,  ,  ,  ,  
8.016518912669333e-08,0.1914598031867887,8.016518912669333e-08,-0.0007466609119013359,8.016518912669333e-08,-0.001014855501360414,8.016518912669333e-08,1.09958118391367,8.016518912669333e-08,-0.09993321931558274,  ,  ,  ,  
8.01686271614576e-08,0.1725506119832796,8.01686271614576e-08,-0.0006632550515441364,8.01686271614576e-08,-0.0009452978026908718,8.01686271614576e-08,1.099599011161343,8.01686271614576e-08,-0.1115672736378007,  ,  ,  ,  
8.017143222723646e-08,0.1571227501995008,8.017143222723646e-08,-0.0005603637656979191,8.017143222723646e-08,-0.0008625210683436015,8.017143222723646e-08,1.099617096043467,8.017143222723646e-08,-0.1222048966761531,  ,  ,  ,  
8.017368607963756e-08,0.1447265619934973,8.017368607963756e-08,-0.000449125964854003,8.017368607963756e-08,-0.000777391357171131,8.017368607963756e-08,1.099633560328232,8.017368607963756e-08,-0.1318036210201591,  ,  ,  ,  
8.017564811101798e-08,0.1339353894011684,8.017564811101798e-08,-0.0003329180355936165,8.017564811101798e-08,-0.0006904778965440119,8.017564811101798e-08,1.099649328034615,8.017564811101798e-08,-0.1411345100762086,  ,  ,  ,  
8.017751698108075e-08,0.1236566040559494,8.017751698108075e-08,-0.0002208470335225439,8.017751698108075e-08,-0.0005985423458737431,8.017751698108075e-08,1.099666078835782,8.017751698108075e-08,-0.1510117027563578,  ,  ,  ,  
8.017956170323634e-08,0.1124106322001626,8.017956170323634e-08,-0.0001041670213935257,8.017956170323634e-08,-0.0004885556659061618,8.017956170323634e-08,1.099685822936788,8.017956170323634e-08,-0.1629584344416087,  ,  ,  ,  
8.018161823567186e-08,0.1010997038048712,8.018161823567186e-08,7.525527128396291e-06,8.018161823567186e-08,-0.0003681501767420305,8.018161823567186e-08,1.099705287516822,8.018161823567186e-08,-0.1759524562975894,  ,  ,  ,  
8.018318163257853e-08,0.09250102081816358,8.018318163257853e-08,8.462112347256225e-05,8.018318163257853e-08,-0.0002706358193895437,8.018318163257853e-08,1.099718346138136,8.018318163257853e-08,-0.1861855486662592,  ,  ,  ,  
8.018452954244019e-08,0.08508751657904234,8.018452954244019e-08,0.0001322412541311892,8.018452954244019e-08,-0.0001832263530192542,8.018452954244019e-08,1.099728506631473,8.018452954244019e-08,-0.1950205925105685,  ,  ,  ,  
8.018634270812669e-08,0.07511510530322485,8.018634270812669e-08,0.0001130490543206697,8.018634270812669e-08,-6.312046566918483e-05,8.018634270812669e-08,1.09974207294524,8.018634270812669e-08,-0.2066302304713133,  ,  ,  ,  
8.01880047624576e-08,0.06597380648321716,8.01880047624576e-08,-0.000105429856862719,8.01880047624576e-08,4.70890498391366e-05,8.01880047624576e-08,1.09975535994322,8.01880047624576e-08,-0.2168152907924508,  ,  ,  ,  
8.01892350680995e-08,0.05920712545275997,8.01892350680995e-08,-0.0004869392943567669,8.01892350680995e-08,0.0001281807625581188,8.01892350680995e-08,1.099766500556538,8.01892350680995e-08,-0.2240168736428938,  ,  ,  ,  
8.019027681105995e-08,0.05347753917036613,8.019027681105995e-08,-0.0009913711800943548,8.019027681105995e-08,0.0001968721105065818,8.019027681105995e-08,1.09977699727815,8.019027681105995e-08,-0.2298734659575395,  ,  ,  ,  
8.019178320995795e-08,0.04519234523136251,8.019178320995795e-08,-0.001930744786582908,8.019178320995795e-08,0.000296838812773808,8.019178320995795e-08,1.099792958497577,8.019178320995795e-08,-0.2379437287488786,  ,  ,  ,  
8.019297195613075e-08,0.03865424128089878,8.019297195613075e-08,-0.00275127098399486,8.019297195613075e-08,0.0003761223621710579,8.019297195613075e-08,1.09980500460981,8.019297195613075e-08,-0.2439643325967829,  ,  ,  ,  
8.019395456101188e-08,0.0332499144347449,8.019395456101188e-08,-0.003421317000996847,8.019395456101188e-08,0.0004409604002132449,8.019395456101188e-08,1.099813967107018,8.019395456101188e-08,-0.2486993432678849,  ,  ,  ,  
8.019502530186138e-08,0.02736083976251602,8.019502530186138e-08,-0.004097809469802542,8.019502530186138e-08,0.0005096766597473149,8.019502530186138e-08,1.099822400490196,8.019502530186138e-08,-0.2536067225351736,  ,  ,  ,  
8.019627452533956e-08,0.0204901106324924,8.019627452533956e-08,-0.004786476293971362,8.019627452533956e-08,0.0005858840898424149,8.019627452533956e-08,1.09983020814166,8.019627452533956e-08,-0.259009022559457,  ,  ,  ,  
8.019765675817961e-08,0.01288783001221594,8.019765675817961e-08,-0.005406467516123364,8.019765675817961e-08,0.0006634976816118053,8.019765675817961e-08,1.099836182568265,8.019765675817961e-08,-0.2646062466419353,  ,  ,  ,  
8.019882837908981e-08,0.006443915006066669,8.019882837908981e-08,-0.00580929387225156,8.019882837908981e-08,0.0007239919238927079,8.019882837908981e-08,1.099839343132931,8.019882837908981e-08,-0.269057354306545,  ,  ,  ,  
8.02e-08,6.306066779870889e-14,8.02e-08,-0.006096017013012132,8.02e-08,0.00078077941213836,8.02e-08,1.099841303280747,8.02e-08,-0.2732522650269201,  ,  ,  ,  
8.020062514028084e-08,0,8.020062514028084e-08,-0.006180479634172981,8.020062514028084e-08,0.00080928411180095,8.020062514028084e-08,1.099841971195348,8.020062514028084e-08,-0.2753536398283395,  ,  ,  ,  
8.020126085250742e-08,0,8.020126085250742e-08,-0.006244935970884541,8.020126085250742e-08,0.0008385627318691424,8.020126085250742e-08,1.099842807250141,8.020126085250742e-08,-0.2774411563452637,  ,  ,  ,  
8.020193404569857e-08,0,8.020193404569857e-08,-0.006282979464469621,8.020193404569857e-08,0.0008691878712935458,8.020193404569857e-08,1.099843647240201,8.020193404569857e-08,-0.2795814408439247,  ,  ,  ,  
8.020278667912163e-08,0,8.020278667912163e-08,-0.006284437871501528,8.020278667912163e-08,0.0009073766774194251,8.020278667912163e-08,1.099844918032703,8.020278667912163e-08,-0.2821814088363352,  ,  ,  ,  
8.020411802688573e-08,0,8.020411802688573e-08,-0.006189687435410205,8.020411802688573e-08,0.000965550308369774,8.020411802688573e-08,1.099848008929956,8.020411802688573e-08,-0.2859933951818559,  ,  ,  ,  
8.020556074658014e-08,0,8.020556074658014e-08,-0.005971753816921561,8.020556074658014e-08,0.001025674066413,8.020556074658014e-08,1.099853492590543,8.020556074658014e-08,-0.2897968112236033,  ,  ,  ,  
8.020708264616367e-08,0,8.020708264616367e-08,-0.005637899739602578,8.020708264616367e-08,0.001085249834875921,8.020708264616367e-08,1.099861886150452,8.020708264616367e-08,-0.2934637318815324,  ,  ,  ,  
8.020863558101471e-08,0,8.020863558101471e-08,-0.005215889318929572,8.020863558101471e-08,0.001142479556940384,8.020863558101471e-08,1.09987284075547,8.020863558101471e-08,-0.2968677119502974,  ,  ,  ,  
8.021035737255549e-08,0,8.021035737255549e-08,-0.004685480842174045,8.021035737255549e-08,0.001202283546909663,8.021035737255549e-08,1.099886577176101,8.021035737255549e-08,-0.3002777167142934,  ,  ,  ,  
8.021199208189338e-08,0,8.021199208189338e-08,-0.004148720483039134,8.021199208189338e-08,0.001255369897040898,8.021199208189338e-08,1.099899597662104,8.021199208189338e-08,-0.3031932523120003,  ,  ,  ,  
8.02135336806285e-08,0,8.02135336806285e-08,-0.003631300508071722,8.02135336806285e-08,0.001301907081092558,8.02135336806285e-08,1.099910641032312,8.02135336806285e-08,-0.305681527871552,  ,  ,  ,  
8.021511240823652e-08,0,8.021511240823652e-08,-0.003104841753072799,8.021511240823652e-08,0.001345902260685069,8.021511240823652e-08,1.099919788591387,8.021511240823652e-08,-0.307989472082265,  ,  ,  ,  
8.021680223596128e-08,0,8.021680223596128e-08,-0.002557178758084528,8.021680223596128e-08,0.001389720631952817,8.021680223596128e-08,1.099926559700594,8.021680223596128e-08,-0.3102069596669108,  ,  ,  ,  
8.021761614142824e-08,0,8.021761614142824e-08,-0.002301003261523235,8.021761614142824e-08,0.001411091126724438,8.021761614142824e-08,1.099928809505143,8.021761614142824e-08,-0.3111774191195879,  ,  ,  ,  
8.021842211969135e-08,0,8.021842211969135e-08,-0.002054643829653657,8.021842211969135e-08,0.001431981052322259,8.021842211969135e-08,1.099929474819612,8.021842211969135e-08,-0.3120748602700101,  ,  ,  ,  
8.021911737851622e-08,0,8.021911737851622e-08,-0.001849754451155003,8.021911737851622e-08,0.00144912140143382,8.021911737851622e-08,1.099928899578656,8.021911737851622e-08,-0.3128115133972631,  ,  ,  ,  
8.021974419088397e-08,0,8.021974419088397e-08,-0.001670707477952886,8.021974419088397e-08,0.001461863127046851,8.021974419088397e-08,1.099927944557859,8.021974419088397e-08,-0.3134504110883887,  ,  ,  ,  
8.022026853084465e-08,0,8.022026853084465e-08,-0.001524448781583646,8.022026853084465e-08,0.001470757555015579,8.022026853084465e-08,1.099927175391561,8.022026853084465e-08,-0.3139654523784466,  ,  ,  ,  
8.022094990386443e-08,0,8.022094990386443e-08,-0.00133875518817481,8.022094990386443e-08,0.001480887961377521,8.022094990386443e-08,1.099926255335284,8.022094990386443e-08,-0.3146050149088153,  ,  ,  ,  
8.022206880459557e-08,0,8.022206880459557e-08,-0.001044587761665306,8.022206880459557e-08,0.00149536116064661,8.022206880459557e-08,1.099924787468548,8.022206880459557e-08,-0.3155730313301172,  ,  ,  ,  
8.022355643779832e-08,0,8.022355643779832e-08,-0.0006737988555835792,8.022355643779832e-08,0.001514709398820982,8.022355643779832e-08,1.099924035304554,8.022355643779832e-08,-0.3166772959788541,  ,  ,  ,  
8.02249605715787e-08,0,8.02249605715787e-08,-0.0003477997428233512,8.02249605715787e-08,0.001533521308798277,8.02249605715787e-08,1.099923925257485,8.02249605715787e-08,-0.3175120638050113,  ,  ,  ,  
8.022583794754906e-08,0,8.022583794754906e-08,-0.0001578849037602962,8.022583794754906e-08,0.001544354195927988,8.022583794754906e-08,1.099923375863067,8.022583794754906e-08,-0.3179302842717502,  ,  ,  ,  
8.022673141501255e-08,0,8.022673141501255e-08,2.319316412837576e-05,8.022673141501255e-08,0.001553162139435971,8.022673141501255e-08,1.099922153049147,8.022673141501255e-08,-0.318281756722375,  ,  ,  ,  
8.022744618464597e-08,0,8.022744618464597e-08,0.0001588752145706655,8.022744618464597e-08,0.00155941534832966,8.022744618464597e-08,1.099920643790005,8.022744618464597e-08,-0.3185117627014937,  ,  ,  ,  
8.022831074368837e-08,0,8.022831074368837e-08,0.0003117310848051757,8.022831074368837e-08,0.001567065368590017,8.022831074368837e-08,1.099917999353422,8.022831074368837e-08,-0.3187294472496436,  ,  ,  ,  
8.022918436196155e-08,0,8.022918436196155e-08,0.000453471844931511,8.022918436196155e-08,0.001575126390669718,8.022918436196155e-08,1.099914142824646,8.022918436196155e-08,-0.3188800445510738,  ,  ,  ,  
8.023020055463169e-08,0,8.023020055463169e-08,0.0006016087909190954,8.023020055463169e-08,0.001584758240515248,8.023020055463169e-08,1.099907504235848,8.023020055463169e-08,-0.3189606586277453,  ,  ,  ,  
8.023128066711507e-08,0,8.023128066711507e-08,0.0007382865425587029,8.023128066711507e-08,0.001594657113783086,8.023128066711507e-08,1.099897689147776,8.023128066711507e-08,-0.3189280002002537,  ,  ,  ,  
8.023198016763159e-08,0,8.023198016763159e-08,0.0008155453390804267,8.023198016763159e-08,0.001600064497203961,8.023198016763159e-08,1.099890693746751,8.023198016763159e-08,-0.3188437889479072,  ,  ,  ,  
8.023266657508113e-08,0,8.023266657508113e-08,0.0008833048443842774,8.023266657508113e-08,0.001603462370548535,8.023266657508113e-08,1.099884255804837,8.023266657508113e-08,-0.3187204119561561,  ,  ,  ,  
8.023336545843848e-08,0,8.023336545843848e-08,0.0009449916398541261,8.023336545843848e-08,0.001603579079296104,8.023336545843848e-08,1.099878703386845,8.023336545843848e-08,-0.3185645306068892,  ,  ,  ,  
8.023415301008286e-08,0,8.023415301008286e-08,0.001007535014008518,8.023415301008286e-08,0.001598515366061171,8.023415301008286e-08,1.099873774509842,8.023415301008286e-08,-0.3183676739445289,  ,  ,  ,  
8.023521328696103e-08,0,8.023521328696103e-08,0.001083414421655876,8.023521328696103e-08,0.001582294337222514,8.023521328696103e-08,1.099868764701838,8.023521328696103e-08,-0.3180926050466709,  ,  ,  ,  
8.023633703191514e-08,0,8.023633703191514e-08,0.001156869904747516,8.023633703191514e-08,0.001554788290797831,8.023633703191514e-08,1.099864518982942,8.023633703191514e-08,-0.3178108659001914,  ,  ,  ,  
8.023745101839774e-08,0,8.023745101839774e-08,0.001225461396017124,8.023745101839774e-08,0.001518878873439671,8.023745101839774e-08,1.099860811763039,8.023745101839774e-08,-0.3175549896431318,  ,  ,  ,  
8.023862582416384e-08,0,8.023862582416384e-08,0.001295290708145388,8.023862582416384e-08,0.001474580610488001,8.023862582416384e-08,1.099856851850437,8.023862582416384e-08,-0.3173175033690702,  ,  ,  ,  
8.023994429288756e-08,0,8.023994429288756e-08,0.001371970853761297,8.023994429288756e-08,0.001420572752612801,8.023994429288756e-08,1.099852205448669,8.023994429288756e-08,-0.3170923369047949,  ,  ,  ,  
8.024164731806781e-08,0,8.024164731806781e-08,0.001468879486042167,8.024164731806781e-08,0.001348956599258152,8.024164731806781e-08,1.099846000592253,8.024164731806781e-08,-0.3168611280379176,  ,  ,  ,  
8.024402748679513e-08,0,8.024402748679513e-08,0.001599025895915513,8.024402748679513e-08,0.001252166224225779,8.024402748679513e-08,1.099837466971827,8.024402748679513e-08,-0.3166323673675123,  ,  ,  ,  
8.024659326830214e-08,0,8.024659326830214e-08,0.001729927724099932,8.024659326830214e-08,0.001157234335366469,8.024659326830214e-08,1.09982891681684,8.024659326830214e-08,-0.3164821516224851,  ,  ,  ,  
8.024936072139218e-08,0,8.024936072139218e-08,0.001857791864616804,8.024936072139218e-08,0.00106805110441174,8.024936072139218e-08,1.099820795883649,8.024936072139218e-08,-0.3163987649120253,  ,  ,  ,  
8.025242856257111e-08,0,8.025242856257111e-08,0.001981617761106131,8.025242856257111e-08,0.0009850819057997708,8.025242856257111e-08,1.099813141616935,8.025242856257111e-08,-0.3163631891320007,  ,  ,  ,  
8.025590320534107e-08,0,8.025590320534107e-08,0.002099198608250046,8.025590320534107e-08,0.0009090110464660938,8.025590320534107e-08,1.099806046547956,8.025590320534107e-08,-0.3163565417974357,  ,  ,  ,  
8.025996302282589e-08,0,8.025996302282589e-08,0.002211511496975728,8.025996302282589e-08,0.0008397482526508028,8.025996302282589e-08,1.099798518263049,8.025996302282589e-08,-0.3163808801572404,  ,  ,  ,  
8.026292976591143e-08,0,8.026292976591143e-08,0.002281658528616514,8.026292976591143e-08,0.000799571745926847,8.026292976591143e-08,1.09979051632654,8.026292976591143e-08,-0.3164452961377311,  ,  ,  ,  
8.026537264084039e-08,0,8.026537264084039e-08,0.002335327779756009,8.026537264084039e-08,0.0007706876249967028,8.026537264084039e-08,1.099778424469182,8.026537264084039e-08,-0.3165534683413996,  ,  ,  ,  
8.026773014826716e-08,0,8.026773014826716e-08,0.002384867638579434,8.026773014826716e-08,0.0007436129919394413,8.026773014826716e-08,1.099757019277443,8.026773014826716e-08,-0.3167341839029678,  ,  ,  ,  
8.026976921869631e-08,0,8.026976921869631e-08,0.002425947078271648,8.026976921869631e-08,0.000718038155935964,8.026976921869631e-08,1.099725653837626,8.026976921869631e-08,-0.3169772623973768,  ,  ,  ,  
8.027155191044885e-08,0,8.027155191044885e-08,0.002461043899482177,8.027155191044885e-08,0.0006933403595408929,8.027155191044885e-08,1.099685965864043,8.027155191044885e-08,-0.3172710887429183,  ,  ,  ,  
8.027336149019331e-08,0,8.027336149019331e-08,0.002497654896203929,8.027336149019331e-08,0.0006683953472014435,8.027336149019331e-08,1.099635815912088,8.027336149019331e-08,-0.3176494280431756,  ,  ,  ,  
8.027570054398725e-08,0,8.027570054398725e-08,0.002545712802399035,8.027570054398725e-08,0.0006384737281755206,8.027570054398725e-08,1.099557270838726,8.027570054398725e-08,-0.3182544088504703,  ,  ,  ,  
8.027838256763453e-08,0,8.027838256763453e-08,0.002599260003706309,8.027838256763453e-08,0.0006083573859654413,8.027838256763453e-08,1.099450132190991,8.027838256763453e-08,-0.319091907576422,  ,  ,  ,  
8.028107993418661e-08,0,8.028107993418661e-08,0.002648073862266469,8.028107993418661e-08,0.0005832967687404163,8.028107993418661e-08,1.099325451048575,8.028107993418661e-08,-0.3200524980893937,  ,  ,  ,  
8.028365355805414e-08,0,8.028365355805414e-08,0.002684848653784951,8.028365355805414e-08,0.0005666318185472933,8.028365355805414e-08,1.099126805201249,8.028365355805414e-08,-0.3207270456837143,  ,  ,  ,  
8.028582575174147e-08,0,8.028582575174147e-08,0.002697620064175464,8.028582575174147e-08,0.0005629553022977741,8.028582575174147e-08,1.09871724615707,8.028582575174147e-08,-0.3198581753111712,  ,  ,  ,  
8.028772091425129e-08,0,8.028772091425129e-08,0.002669466669621738,8.028772091425129e-08,0.0005691107059214273,8.028772091425129e-08,1.098080401198074,8.028772091425129e-08,-0.3168114141983847,  ,  ,  ,  
8.028951513377332e-08,0,8.028951513377332e-08,0.002576954857291132,8.028951513377332e-08,0.0005828876257800483,8.028951513377332e-08,1.097224101698329,8.028951513377332e-08,-0.31138984534044,  ,  ,  ,  
8.029087006647507e-08,0,8.029087006647507e-08,0.002451631270148376,8.029087006647507e-08,0.0005988069968252832,8.029087006647507e-08,1.096435911456585,8.029087006647507e-08,-0.3055864790583737,  ,  ,  ,  
8.029194580509812e-08,0,8.029194580509812e-08,0.002315238229249521,8.029194580509812e-08,0.0006152651448789511,8.029194580509812e-08,1.095745724674063,8.029194580509812e-08,-0.2999697319516072,  ,  ,  ,  
8.029293866257562e-08,0,8.029293866257562e-08,0.002161477875695732,8.029293866257562e-08,0.0006337186866164503,8.029293866257562e-08,1.095078439209119,8.029293866257562e-08,-0.2940726016920032,  ,  ,  ,  
8.029368230738479e-08,0,8.029368230738479e-08,0.002031386977485839,8.029368230738479e-08,0.0006491692049542981,8.029368230738479e-08,1.094569136963992,8.029368230738479e-08,-0.2892633801050956,  ,  ,  ,  
8.029438625182627e-08,0,8.029438625182627e-08,0.001898596874623573,8.029438625182627e-08,0.0006643696808085083,8.029438625182627e-08,1.094085767421347,8.029438625182627e-08,-0.284451925734495,  ,  ,  ,  
8.029510983651615e-08,0,8.029510983651615e-08,0.001755559086221283,8.029510983651615e-08,0.0006795807695756576,8.029510983651615e-08,1.093591870917983,8.029510983651615e-08,-0.2792921523097756,  ,  ,  ,  
8.029595341205595e-08,0,8.029595341205595e-08,0.001585063974316425,8.029595341205595e-08,0.0006955570343544241,8.029595341205595e-08,1.093023371562412,8.029595341205595e-08,-0.2730594049094034,  ,  ,  ,  
8.029712457306387e-08,0,8.029712457306387e-08,0.001351801843053565,8.029712457306387e-08,0.0007130004299367363,8.029712457306387e-08,1.092250788027828,8.029712457306387e-08,-0.26410849751249,  ,  ,  ,  
8.029830559145241e-08,0,8.029830559145241e-08,0.001131652275734797,8.029830559145241e-08,0.0007244820297785847,8.029830559145241e-08,1.091492641142739,8.029830559145241e-08,-0.2547919541175359,  ,  ,  ,  
8.029953870451959e-08,0,8.029953870451959e-08,0.0009292199124498444,8.029953870451959e-08,0.0007304792358275322,8.029953870451959e-08,1.09072330707885,8.029953870451959e-08,-0.2447813547973779,  ,  ,  ,  
8.030074550091613e-08,0,8.030074550091613e-08,0.0007677036170513574,8.030074550091613e-08,0.0007316839339957099,8.030074550091613e-08,1.089991340684287,8.030074550091613e-08,-0.2346971037201892,  ,  ,  ,  
8.0301991250861e-08,0,8.0301991250861e-08,0.0006481389805088408,8.0301991250861e-08,0.0007297086206564801,8.0301991250861e-08,1.089256110475923,8.0301991250861e-08,-0.2239582747723707,  ,  ,  ,  
8.03033923114068e-08,0,8.03033923114068e-08,0.0005835527978099454,8.03033923114068e-08,0.0007254553920953242,8.03033923114068e-08,1.088452114255791,8.03033923114068e-08,-0.2114334559441159,  ,  ,  ,  
8.030507578457313e-08,0,8.030507578457313e-08,0.0006305979621881135,8.030507578457313e-08,0.0007195838971293094,8.030507578457313e-08,1.087515821398809,8.030507578457313e-08,-0.195721599510408,  ,  ,  ,  
8.030726666561869e-08,0,8.030726666561869e-08,0.0009857610087581359,8.030726666561869e-08,0.0007127343285217192,8.030726666561869e-08,1.086341898277633,8.030726666561869e-08,-0.1743229459960141,  ,  ,  ,  
8.030986770564572e-08,0,8.030986770564572e-08,0.002130448531690972,8.030986770564572e-08,0.0007065384426683207,8.030986770564572e-08,1.085007699460059,8.030986770564572e-08,-0.1480906315075886,  ,  ,  ,  
8.031239174511675e-08,0,8.031239174511675e-08,0.004576452305004174,8.031239174511675e-08,0.0007021628357596102,8.031239174511675e-08,1.083769191033841,8.031239174511675e-08,-0.1223712207491696,  ,  ,  ,  
8.031589133206708e-08,0,8.031589133206708e-08,0.0124262863837887,8.031589133206708e-08,0.0006991056160658874,8.031589133206708e-08,1.082134883695529,8.031589133206708e-08,-0.08682605892791129,  ,  ,  ,  
8.031918996528661e-08,0,8.031918996528661e-08,0.02909164373544616,8.031918996528661e-08,0.0007004089564261397,8.031918996528661e-08,1.080675413326516,8.031918996528661e-08,-0.05365251229032703,  ,  ,  ,  
8.032178107587373e-08,0,8.032178107587373e-08,0.05335053516954538,8.032178107587373e-08,0.0007047325700013098,8.032178107587373e-08,1.079579632750831,8.032178107587373e-08,-0.02786575596416287,  ,  ,  ,  
8.032393770885574e-08,0,8.032393770885574e-08,0.08433398714956375,8.032393770885574e-08,0.0007103770532415118,8.032393770885574e-08,1.078700159823719,8.032393770885574e-08,-0.006608480543572767,  ,  ,  ,  
8.032600328297937e-08,0,8.032600328297937e-08,0.1240230031022069,8.032600328297937e-08,0.0007170197752684602,8.032600328297937e-08,1.077885639023643,8.032600328297937e-08,0.01351210854390877,  ,  ,  ,  
8.032812765309831e-08,0,8.032812765309831e-08,0.1746961709395215,8.032812765309831e-08,0.0007247846842753286,8.032812765309831e-08,1.077075508440205,8.032812765309831e-08,0.03419089091876268,  ,  ,  ,  
8.033070404374558e-08,0,8.033070404374558e-08,0.2486497342972991,8.033070404374558e-08,0.0007331887550764082,8.033070404374558e-08,1.076129640730645,8.033070404374558e-08,0.05909479507120779,  ,  ,  ,  
8.033286054638737e-08,0,8.033286054638737e-08,0.3197283918424948,8.033286054638737e-08,0.0007377085741670739,8.033286054638737e-08,1.075367055707791,8.033286054638737e-08,0.07974868026528335,  ,  ,  ,  
8.033542815838285e-08,0,8.033542815838285e-08,0.4124086146245777,8.033542815838285e-08,0.0007385563964431157,8.033542815838285e-08,1.074492011773753,8.033542815838285e-08,0.104093418702571,  ,  ,  ,  
8.033640526248898e-08,0,8.033640526248898e-08,0.449504862832371,8.033640526248898e-08,0.0007375865148796156,8.033640526248898e-08,1.074168153766361,8.033640526248898e-08,0.1132851188078791,  ,  ,  ,  
8.033749760078279e-08,0,8.033749760078279e-08,0.4916825042135561,8.033749760078279e-08,0.0007351496577250084,8.033749760078279e-08,1.073811968503595,8.033749760078279e-08,0.1235118237218165,  ,  ,  ,  
8.033840525307754e-08,0,8.033840525307754e-08,0.5268954112046993,8.033840525307754e-08,0.0007317583258211041,8.033840525307754e-08,1.073520331225318,8.033840525307754e-08,0.1319679323579476,  ,  ,  ,  
8.033908114704413e-08,0,8.033908114704413e-08,0.5533845568349385,8.033908114704413e-08,0.0007297184335449868,8.033908114704413e-08,1.073306554712874,8.033908114704413e-08,0.1382437441216672,  ,  ,  ,  
8.033964761583707e-08,0,8.033964761583707e-08,0.5757969731593438,8.033964761583707e-08,0.0007280374655654217,8.033964761583707e-08,1.073129310388518,8.033964761583707e-08,0.1434899035675092,  ,  ,  ,  
8.034021911432756e-08,0,8.034021911432756e-08,0.5983069968451715,8.034021911432756e-08,0.0007250976594438212,8.034021911432756e-08,1.072951376458367,8.034021911432756e-08,0.1487667243324231,  ,  ,  ,  
8.034122004714658e-08,0,8.034122004714658e-08,0.6371325317493056,8.034122004714658e-08,0.0007187904697082237,8.034122004714658e-08,1.072643470860106,8.034122004714658e-08,0.1579712468542925,  ,  ,  ,  
8.034216157377369e-08,0,8.034216157377369e-08,0.6729595795815169,8.034216157377369e-08,0.0007124139817499387,8.034216157377369e-08,1.072358652191407,8.034216157377369e-08,0.1665889504175988,  ,  ,  ,  
8.034304483639719e-08,0,8.034304483639719e-08,0.7061422377553505,8.034304483639719e-08,0.0007067752757036704,8.034304483639719e-08,1.072096012481132,8.034304483639719e-08,0.1746417185841053,  ,  ,  ,  
8.03438538970805e-08,0,8.03438538970805e-08,0.7363726090816163,8.03438538970805e-08,0.000702287115876281,8.03438538970805e-08,1.071859448923526,8.03438538970805e-08,0.1819947384409122,  ,  ,  ,  
8.034454052109191e-08,0,8.034454052109191e-08,0.761905394608213,8.034454052109191e-08,0.0006987304626015958,8.034454052109191e-08,1.071661475363425,8.034454052109191e-08,0.1882187486279476,  ,  ,  ,  
8.034508220361365e-08,0,8.034508220361365e-08,0.7817120221200176,8.034508220361365e-08,0.0006951373421456254,8.034508220361365e-08,1.071506465133068,8.034508220361365e-08,0.193116342534016,  ,  ,  ,  
8.03454880002845e-08,0,8.03454880002845e-08,0.7962827724462429,8.03454880002845e-08,0.0006922766200495127,8.03454880002845e-08,1.071391294860618,8.03454880002845e-08,0.1967783874651902,  ,  ,  ,  
8.034585387251656e-08,0,8.034585387251656e-08,0.8095049679007519,8.034585387251656e-08,0.0006913929899196126,8.034585387251656e-08,1.071289480571053,8.034585387251656e-08,0.200079701829049,  ,  ,  ,  
8.034630543475569e-08,0,8.034630543475569e-08,0.8263945592407481,8.034630543475569e-08,0.0006927876211648508,8.034630543475569e-08,1.071166385414676,8.034630543475569e-08,0.2041578482207955,  ,  ,  ,  
8.034678697370202e-08,0,8.034678697370202e-08,0.84530322277743,8.034678697370202e-08,0.0006959724868749741,8.034678697370202e-08,1.071037140570865,8.034678697370202e-08,0.2085113154294185,  ,  ,  ,  
8.034730659210997e-08,0,8.034730659210997e-08,0.8664802439377675,8.034730659210997e-08,0.0006992514947082728,8.034730659210997e-08,1.07089865021989,8.034730659210997e-08,0.2132099216124932,  ,  ,  ,  
8.034784030798641e-08,0,8.034784030798641e-08,0.88844970357926,8.034784030798641e-08,0.0007008817352362759,8.034784030798641e-08,1.070756734489591,8.034784030798641e-08,0.2180304150821547,  ,  ,  ,  
8.034828328758124e-08,0,8.034828328758124e-08,0.9063996278366228,8.034828328758124e-08,0.0007004409983716961,8.034828328758124e-08,1.070639153331611,8.034828328758124e-08,0.2220230385629791,  ,  ,  ,  
8.034871713718316e-08,0,8.034871713718316e-08,0.9233918724412465,8.034871713718316e-08,0.0006984154847982867,8.034871713718316e-08,1.070524352922864,8.034871713718316e-08,0.2259233331629364,  ,  ,  ,  
8.034918355203837e-08,0,8.034918355203837e-08,0.9407544560500197,8.034918355203837e-08,0.0006946715753799701,8.034918355203837e-08,1.070401558947374,8.034918355203837e-08,0.2301034650636788,  ,  ,  ,  
8.034971914116033e-08,0,8.034971914116033e-08,0.9593305747847017,8.034971914116033e-08,0.0006886718757058251,8.034971914116033e-08,1.070261564925711,8.034971914116033e-08,0.2348856736690029,  ,  ,  ,  
8.03503822056535e-08,0,8.03503822056535e-08,0.9801456322477656,8.03503822056535e-08,0.0006792046183853602,8.03503822056535e-08,1.070089963429003,8.03503822056535e-08,0.2407786727516869,  ,  ,  ,  
8.035125941287921e-08,0,8.035125941287921e-08,1.00390623555492,8.035125941287921e-08,0.0006641082439971069,8.035125941287921e-08,1.069866100238971,8.035125941287921e-08,0.2485285183595972,  ,  ,  ,  
8.03525219468496e-08,0,8.03525219468496e-08,1.030969228961602,8.03525219468496e-08,0.0006393627912566295,8.03525219468496e-08,1.06955057651863,8.03525219468496e-08,0.2595957047800169,  ,  ,  ,  
8.035453437608592e-08,0,8.035453437608592e-08,1.059804993890706,8.035453437608592e-08,0.0005984867196227871,8.035453437608592e-08,1.069064345751418,8.035453437608592e-08,0.2770578342095274,  ,  ,  ,  
8.035614620437855e-08,0,8.035614620437855e-08,1.073401556740124,8.035614620437855e-08,0.0005679793622012181,8.035614620437855e-08,1.06868974732123,8.035614620437855e-08,0.2909153844021441,  ,  ,  ,  
8.035760452847449e-08,0,8.035760452847449e-08,1.080878771784147,8.035760452847449e-08,0.0005438262593919185,8.035760452847449e-08,1.068361922094021,8.035760452847449e-08,0.3033767292954723,  ,  ,  ,  
8.035911152881003e-08,0,8.035911152881003e-08,1.085697302209855,8.035911152881003e-08,0.0005227721167358626,8.035911152881003e-08,1.068033753894377,8.035911152881003e-08,0.3161924985792837,  ,  ,  ,  
8.036072949958167e-08,0,8.036072949958167e-08,1.088998409168713,8.036072949958167e-08,0.000504286868701396,8.036072949958167e-08,1.067692858243895,8.036072949958167e-08,0.3298897488240953,  ,  ,  ,  
8.036260251053001e-08,0,8.036260251053001e-08,1.091523972956345,8.036260251053001e-08,0.0004874614431566815,8.036260251053001e-08,1.067312425584195,8.036260251053001e-08,0.3456660454657139,  ,  ,  ,  
8.036486829108843e-08,0,8.036486829108843e-08,1.093614741633467,8.036486829108843e-08,0.0004682981899679178,8.036486829108843e-08,1.066871823607503,8.036486829108843e-08,0.3646270333683857,  ,  ,  ,  
8.036674534039515e-08,0,8.036674534039515e-08,1.094870615350706,8.036674534039515e-08,0.0004543339143240702,8.036674534039515e-08,1.066523034663739,8.036674534039515e-08,0.3802232951301945,  ,  ,  ,  
8.03683522129106e-08,0,8.03683522129106e-08,1.095726412636443,8.03683522129106e-08,0.0004432480249118359,8.03683522129106e-08,1.066235656277904,8.03683522129106e-08,0.393487468018306,  ,  ,  ,  
8.03703937354545e-08,0,8.03703937354545e-08,1.096613660468204,8.03703937354545e-08,0.000429997145666294,8.03703937354545e-08,1.065885128836477,8.03703937354545e-08,0.4102145526850917,  ,  ,  ,  
8.037413843714244e-08,0,8.037413843714244e-08,1.097824402273552,8.037413843714244e-08,0.000407670194218597,8.037413843714244e-08,1.065283381567945,8.037413843714244e-08,0.4405055010352399,  ,  ,  ,  
8.037825130612793e-08,0,8.037825130612793e-08,1.098703610451518,8.037825130612793e-08,0.0003858172408296131,8.037825130612793e-08,1.064682408170142,8.037825130612793e-08,0.4731569099572985,  ,  ,  ,  
8.038259596891473e-08,0,8.038259596891473e-08,1.099289726000173,8.038259596891473e-08,0.0003653934170421091,8.038259596891473e-08,1.064113739503816,8.038259596891473e-08,0.5069094369332491,  ,  ,  ,  
8.038717671737943e-08,0,8.038717671737943e-08,1.099669074990346,8.038717671737943e-08,0.0003461214730423434,8.038717671737943e-08,1.063586132353284,8.038717671737943e-08,0.5416350936750525,  ,  ,  ,  
8.038980696556567e-08,0,8.038980696556567e-08,1.09980832531167,8.038980696556567e-08,0.0003358898353065933,8.038980696556567e-08,1.063315967156446,8.038980696556567e-08,0.5611618502125943,  ,  ,  ,  
8.039254367199734e-08,0,8.039254367199734e-08,1.099914482151075,8.039254367199734e-08,0.0003270449663328069,8.039254367199734e-08,1.063060126111993,8.039254367199734e-08,0.5811476212918915,  ,  ,  ,  
8.039486526255954e-08,0,8.039486526255954e-08,1.099982009523179,8.039486526255954e-08,0.0003206912076895729,8.039486526255954e-08,1.06286321376051,8.039486526255954e-08,0.5978280187868918,  ,  ,  ,  
8.039860328459794e-08,0,8.039860328459794e-08,1.100060408545723,8.039860328459794e-08,0.0003115053071602572,8.039860328459794e-08,1.062584512877925,8.039860328459794e-08,0.6241326713335459,  ,  ,  ,  
8.040167010711511e-08,0,8.040167010711511e-08,1.100102543186145,8.040167010711511e-08,0.0003047115515709018,8.040167010711511e-08,1.062391056206711,8.040167010711511e-08,0.645183498522612,  ,  ,  ,  
8.040519551803573e-08,0,8.040519551803573e-08,1.100132839459293,8.040519551803573e-08,0.0002977778622682057,8.040519551803573e-08,1.062207828963862,8.040519551803573e-08,0.6687605228915093,  ,  ,  ,  
8.04105707913435e-08,0,8.04105707913435e-08,1.100155360332468,8.04105707913435e-08,0.000288652234618428,8.04105707913435e-08,1.062009613350095,8.04105707913435e-08,0.7033465936791486,  ,  ,  ,  
8.04178650538102e-08,0,8.04178650538102e-08,1.100161120311549,8.04178650538102e-08,0.0002774102087521018,8.04178650538102e-08,1.06189950117042,8.04178650538102e-08,0.7474410227914804,  ,  ,  ,  
8.042454727758918e-08,0,8.042454727758918e-08,1.100154040224819,8.042454727758918e-08,0.0002670133872210636,8.042454727758918e-08,1.061961387342105,8.042454727758918e-08,0.7847589459200862,  ,  ,  ,  
8.043091163627849e-08,0,8.043091163627849e-08,1.100143242580594,8.043091163627849e-08,0.0002563857888745106,8.043091163627849e-08,1.06216561566379,8.043091163627849e-08,0.8174049517657548,  ,  ,  ,  
8.043774252758257e-08,0,8.043774252758257e-08,1.100130871393534,8.043774252758257e-08,0.0002439940350351987,8.043774252758257e-08,1.062539301141526,8.043774252758257e-08,0.8491928245285743,  ,  ,  ,  
8.044505934379452e-08,0,8.044505934379452e-08,1.100118038019775,8.044505934379452e-08,0.0002298909223416547,8.044505934379452e-08,1.063108817606997,8.044505934379452e-08,0.8795149612342331,  ,  ,  ,  
8.045284158510024e-08,0,8.045284158510024e-08,1.100105220856824,8.045284158510024e-08,0.0002141826371625118,8.045284158510024e-08,1.063889452789107,8.045284158510024e-08,0.9077129570037294,  ,  ,  ,  
8.046124395376564e-08,0,8.046124395376564e-08,1.100092292470497,8.046124395376564e-08,0.0001974371896029752,8.046124395376564e-08,1.064907853785908,8.046124395376564e-08,0.9338566289659035,  ,  ,  ,  
8.047065951987271e-08,0,8.047065951987271e-08,1.100078874961677,8.047065951987271e-08,0.0001803946723785091,8.047065951987271e-08,1.066224484397531,8.047065951987271e-08,0.9584976161165705,  ,  ,  ,  
8.048161816640314e-08,0,8.048161816640314e-08,1.100064452228958,8.048161816640314e-08,0.0001639864950486513,8.048161816640314e-08,1.067929751487181,8.048161816640314e-08,0.9819836708979652,  ,  ,  ,  
8.049463029591477e-08,0,8.049463029591477e-08,1.100049411405232,8.049463029591477e-08,0.000149280772616497,8.049463029591477e-08,1.070105048033025,8.049463029591477e-08,1.004074931018588,  ,  ,  ,  
8.051033792882543e-08,0,8.051033792882543e-08,1.100034571782105,8.051033792882543e-08,0.0001376157609342664,8.051033792882543e-08,1.072820452851437,8.051033792882543e-08,1.024388923833637,  ,  ,  ,  
8.05272378211447e-08,0,8.05272378211447e-08,1.100022532517768,8.05272378211447e-08,0.0001308183646883171,8.05272378211447e-08,1.075720579801387,8.05272378211447e-08,1.04056702075719,  ,  ,  ,  
8.054566348637912e-08,0,8.054566348637912e-08,1.100013001550275,8.054566348637912e-08,0.0001195036451598336,8.054566348637912e-08,1.078737905999394,8.054566348637912e-08,1.053475156422699,  ,  ,  ,  
8.055715162310736e-08,0,8.055715162310736e-08,1.100007975992096,8.055715162310736e-08,9.223321350731389e-05,8.055715162310736e-08,1.080509790570247,8.055715162310736e-08,1.0596241140518,  ,  ,  ,  
8.05680825528808e-08,0,8.05680825528808e-08,1.100002627155479,8.05680825528808e-08,2.301035446526034e-05,8.05680825528808e-08,1.08209929868261,8.05680825528808e-08,1.064467827869888,  ,  ,  ,  
8.057801072123362e-08,0,8.057801072123362e-08,1.099996161402929,8.057801072123362e-08,-0.0001093236525064864,8.057801072123362e-08,1.083454665819807,8.057801072123362e-08,1.068188706706484,  ,  ,  ,  
8.058667093112419e-08,0,8.058667093112419e-08,1.099988741013216,8.058667093112419e-08,-0.0003009428420992164,8.058667093112419e-08,1.084565186119058,8.058667093112419e-08,1.07099383974913,  ,  ,  ,  
8.059607798394157e-08,0,8.059607798394157e-08,1.099979009503578,8.059607798394157e-08,-0.0005967070362722386,8.059607798394157e-08,1.085695120985089,8.059607798394157e-08,1.073649699186617,  ,  ,  ,  
8.060565378589174e-08,0,8.060565378589174e-08,1.099968505802912,8.060565378589174e-08,-0.0009718424294793808,8.060565378589174e-08,1.086765413168296,8.060565378589174e-08,1.075999337454736,  ,  ,  ,  
8.061317204810313e-08,0,8.061317204810313e-08,1.099960543309358,8.061317204810313e-08,-0.00130710798163161,8.061317204810313e-08,1.087551026928536,8.061317204810313e-08,1.077629374252028,  ,  ,  ,  
8.062030235850668e-08,0,8.062030235850668e-08,1.099953475842605,8.062030235850668e-08,-0.001660487153470668,8.062030235850668e-08,1.088253290588534,8.062030235850668e-08,1.079025140132278,  ,  ,  ,  
8.062866966246349e-08,0,8.062866966246349e-08,1.099945946608107,8.062866966246349e-08,-0.002137168042213992,8.062866966246349e-08,1.089026751146681,8.062866966246349e-08,1.080504021943509,  ,  ,  ,  
8.063930711567531e-08,0,8.063930711567531e-08,1.099937618805489,8.063930711567531e-08,-0.002899742338927544,8.063930711567531e-08,1.089935653399102,8.063930711567531e-08,1.082173230823598,  ,  ,  ,  
8.065151387494012e-08,0,8.065151387494012e-08,1.099930203134774,8.065151387494012e-08,-0.003970073534321855,8.065151387494012e-08,1.090885006447392,8.065151387494012e-08,1.083848545769967,  ,  ,  ,  
8.065642859985177e-08,0,8.065642859985177e-08,1.099929305006328,8.065642859985177e-08,-0.004241591876013367,8.065642859985177e-08,1.091243115925902,8.065642859985177e-08,1.084463618354615,  ,  ,  ,  
8.066285237429563e-08,0,8.066285237429563e-08,1.09993145711895,8.066285237429563e-08,-0.003633069858730365,8.066285237429563e-08,1.09169757182061,8.066285237429563e-08,1.085237902437968,  ,  ,  ,  
8.066767626518208e-08,0,8.066767626518208e-08,1.099937004271715,8.066767626518208e-08,-0.001471015461497251,8.066767626518208e-08,1.092034139811882,8.066767626518208e-08,1.085811670159794,  ,  ,  ,  
8.067124795881296e-08,0,8.067124795881296e-08,1.099944266568768,8.067124795881296e-08,0.001881851671178387,8.067124795881296e-08,1.092284008362934,8.067124795881296e-08,1.086241313529358,  ,  ,  ,  
8.067457846341837e-08,0,8.067457846341837e-08,1.099954111455556,8.067457846341837e-08,0.007179113213462645,8.067457846341837e-08,1.092519836526592,8.067457846341837e-08,1.086652755621165,  ,  ,  ,  
8.067785656210792e-08,0,8.067785656210792e-08,1.099967209408585,8.067785656210792e-08,0.01533064546398648,8.067785656210792e-08,1.092756433933163,8.067785656210792e-08,1.087074543181338,  ,  ,  ,  
8.068147141365155e-08,0,8.068147141365155e-08,1.09998599341141,8.068147141365155e-08,0.02893083893885443,8.068147141365155e-08,1.093024269999772,8.068147141365155e-08,1.087566361225664,  ,  ,  ,  
8.068364271244899e-08,0,8.068364271244899e-08,1.099999583563044,8.068364271244899e-08,0.03990323636720273,8.068364271244899e-08,1.09318946704598,8.068364271244899e-08,1.087878199555363,  ,  ,  ,  
8.06859724840768e-08,0,8.06859724840768e-08,1.10001587702461,8.06859724840768e-08,0.05440907707874939,8.06859724840768e-08,1.093370798697773,8.06859724840768e-08,1.08822910548745,  ,  ,  ,  
8.068796299468538e-08,0,8.068796299468538e-08,1.100030632146722,8.068796299468538e-08,0.06916383637644537,8.068796299468538e-08,1.093528251974253,8.068796299468538e-08,1.088542553955013,  ,  ,  ,  
8.068987644685206e-08,0,8.068987644685206e-08,1.10004498150627,8.068987644685206e-08,0.08540399609658579,8.068987644685206e-08,1.093681297501073,8.068987644685206e-08,1.088855209577734,  ,  ,  ,  
8.069195849991658e-08,0,8.069195849991658e-08,1.100060394934889,8.069195849991658e-08,0.1053215250175926,8.069195849991658e-08,1.093848206563993,8.069195849991658e-08,1.08920685695371,  ,  ,  ,  
8.069466421071204e-08,0,8.069466421071204e-08,1.100079692887131,8.069466421071204e-08,0.1345841505258208,8.069466421071204e-08,1.09406382562451,8.069466421071204e-08,1.08967863379688,  ,  ,  ,  
8.069761453922214e-08,0,8.069761453922214e-08,1.100099463154633,8.069761453922214e-08,0.1706259776547979,8.069761453922214e-08,1.094295549523299,8.069761453922214e-08,1.090207008939449,  ,  ,  ,  
8.070008140748401e-08,0,8.070008140748401e-08,1.100114421084299,8.070008140748401e-08,0.2038685539064927,8.070008140748401e-08,1.094485489660662,8.070008140748401e-08,1.090655540721923,  ,  ,  ,  
8.070259752267875e-08,0,8.070259752267875e-08,1.100127550589644,8.070259752267875e-08,0.2404291323037803,8.070259752267875e-08,1.094674558584285,8.070259752267875e-08,1.091114548405409,  ,  ,  ,  
8.070549937335352e-08,0,8.070549937335352e-08,1.100139000797546,8.070549937335352e-08,0.285436550317743,8.070549937335352e-08,1.094885080265801,8.070549937335352e-08,1.091638586260772,  ,  ,  ,  
8.070864479005142e-08,0,8.070864479005142e-08,1.100145190283079,8.070864479005142e-08,0.3368124323867941,8.070864479005142e-08,1.095101301190312,8.070864479005142e-08,1.092188475730274,  ,  ,  ,  
8.071134663754815e-08,0,8.071134663754815e-08,1.100143901141928,8.071134663754815e-08,0.382364001054102,8.071134663754815e-08,1.095274815697912,8.071134663754815e-08,1.09263497659135,  ,  ,  ,  
8.071381864472653e-08,0,8.071381864472653e-08,1.100136143182909,8.071381864472653e-08,0.4246308857831086,8.071381864472653e-08,1.095422098332264,8.071381864472653e-08,1.093011821023696,  ,  ,  ,  
8.071583643383476e-08,0,8.071583643383476e-08,1.10012413265213,8.071583643383476e-08,0.4592013003055892,8.071583643383476e-08,1.095533028079794,8.071583643383476e-08,1.093288762314498,  ,  ,  ,  
8.071751439284146e-08,0,8.071751439284146e-08,1.100109599107048,8.071751439284146e-08,0.4877734119376047,8.071751439284146e-08,1.095617981137611,8.071751439284146e-08,1.09349213334465,  ,  ,  ,  
8.07190182872475e-08,0,8.07190182872475e-08,1.100093011858093,8.07190182872475e-08,0.5130957540841253,8.07190182872475e-08,1.09568789454604,8.07190182872475e-08,1.093650313110136,  ,  ,  ,  
8.072045520667656e-08,0,8.072045520667656e-08,1.100074323088064,8.072045520667656e-08,0.5369375965777319,8.072045520667656e-08,1.095748860929812,8.072045520667656e-08,1.09377854449693,  ,  ,  ,  
8.072193825110419e-08,0,8.072193825110419e-08,1.100052859816221,8.072193825110419e-08,0.5610862638044941,8.072193825110419e-08,1.095805504383628,8.072193825110419e-08,1.093886815620622,  ,  ,  ,  
8.072354417911424e-08,0,8.072354417911424e-08,1.100027887957874,8.072354417911424e-08,0.586683569909854,8.072354417911424e-08,1.095859956255795,8.072354417911424e-08,1.093977864933976,  ,  ,  ,  
8.072524092092073e-08,0,8.072524092092073e-08,1.100000148930047,8.072524092092073e-08,0.6130851688675087,8.072524092092073e-08,1.095909926028223,8.072524092092073e-08,1.094047201671492,  ,  ,  ,  
8.072692758380337e-08,0,8.072692758380337e-08,1.099973120713884,8.072692758380337e-08,0.6386754602841511,8.072692758380337e-08,1.095955605912433,8.072692758380337e-08,1.094094405973652,  ,  ,  ,  
8.07281649616655e-08,0,8.07281649616655e-08,1.099957065562689,8.07281649616655e-08,0.6570192354754226,8.07281649616655e-08,1.095995327825865,8.07281649616655e-08,1.094123315253888,  ,  ,  ,  
8.072907367509477e-08,0,8.072907367509477e-08,1.099948000469285,8.072907367509477e-08,0.6702512826577883,8.072907367509477e-08,1.096034721748603,8.072907367509477e-08,1.094146096304614,  ,  ,  ,  
8.07298457005325e-08,0,8.07298457005325e-08,1.099944701089462,8.07298457005325e-08,0.6814035122267542,8.07298457005325e-08,1.096080779630711,8.07298457005325e-08,1.09417029250979,  ,  ,  ,  
8.073063135723442e-08,0,8.073063135723442e-08,1.099945484627406,8.073063135723442e-08,0.6927648606182416,8.073063135723442e-08,1.096145838310281,8.073063135723442e-08,1.094203511505636,  ,  ,  ,  
8.073146451524866e-08,0,8.073146451524866e-08,1.099951035675834,8.073146451524866e-08,0.704890791767293,8.073146451524866e-08,1.096241504993801,8.073146451524866e-08,1.094251290290456,  ,  ,  ,  
8.073230785031831e-08,0,8.073230785031831e-08,1.099961342147154,8.073230785031831e-08,0.717249667354304,8.073230785031831e-08,1.096373662941159,8.073230785031831e-08,1.094315112526875,  ,  ,  ,  
8.073313526903846e-08,0,8.073313526903846e-08,1.099976061806364,8.073313526903846e-08,0.7294205636632202,8.073313526903846e-08,1.096546354065132,8.073313526903846e-08,1.094395444969425,  ,  ,  ,  
8.073398914440476e-08,0,8.073398914440476e-08,1.099995706487033,8.073398914440476e-08,0.7419661791178508,8.073398914440476e-08,1.096778194774405,8.073398914440476e-08,1.094498923459514,  ,  ,  ,  
8.073484346223553e-08,0,8.073484346223553e-08,1.100016518622514,8.073484346223553e-08,0.7544578368766134,8.073484346223553e-08,1.097059920879862,8.073484346223553e-08,1.094619994602519,  ,  ,  ,  
8.073547842258369e-08,0,8.073547842258369e-08,1.100031791240451,8.073547842258369e-08,0.7636852926122923,8.073547842258369e-08,1.09729668018172,8.073547842258369e-08,1.094720447137032,  ,  ,  ,  
8.07363967322154e-08,0,8.07363967322154e-08,1.100053947522591,8.07363967322154e-08,0.7769061048075071,8.07363967322154e-08,1.097675235319778,8.07363967322154e-08,1.094882792605944,  ,  ,  ,  
8.073715653110448e-08,0,8.073715653110448e-08,1.100072280575591,8.073715653110448e-08,0.7877250098082912,8.073715653110448e-08,1.098016167264757,8.073715653110448e-08,1.095033158337385,  ,  ,  ,  
8.073796826931518e-08,0,8.073796826931518e-08,1.100092216437282,8.073796826931518e-08,0.7992850678954188,8.073796826931518e-08,1.098402809758998,8.073796826931518e-08,1.09521158181673,  ,  ,  ,  
8.073880092759994e-08,0,8.073880092759994e-08,1.100113291981337,8.073880092759994e-08,0.8113791169350721,8.073880092759994e-08,1.098816798088592,8.073880092759994e-08,1.09541563667045,  ,  ,  ,  
8.07396073806284e-08,0,8.07396073806284e-08,1.100133116745174,8.07396073806284e-08,0.8234878291469687,8.07396073806284e-08,1.099226876506358,8.07396073806284e-08,1.09563214918167,  ,  ,  ,  
8.074022504828042e-08,0,8.074022504828042e-08,1.100146024725886,8.074022504828042e-08,0.833044828274221,8.074022504828042e-08,1.099540905903687,8.074022504828042e-08,1.095806889285741,  ,  ,  ,  
8.074071574084945e-08,0,8.074071574084945e-08,1.10015361357429,8.074071574084945e-08,0.8407867414450406,8.074071574084945e-08,1.099785783298983,8.074071574084945e-08,1.095948338404067,  ,  ,  ,  
8.07412399025619e-08,0,8.07412399025619e-08,1.100158238037866,8.07412399025619e-08,0.8491545188110856,8.07412399025619e-08,1.100037961224474,8.07412399025619e-08,1.096099227280001,  ,  ,  ,  
8.074192557856549e-08,0,8.074192557856549e-08,1.100158210507411,8.074192557856549e-08,0.8601561118661851,8.074192557856549e-08,1.100345055441585,8.074192557856549e-08,1.096292363753286,  ,  ,  ,  
8.074288624006867e-08,0,8.074288624006867e-08,1.10014624509431,8.074288624006867e-08,0.8754578651477908,8.074288624006867e-08,1.100721439642923,8.074288624006867e-08,1.096545783619525,  ,  ,  ,  
8.074379503057155e-08,0,8.074379503057155e-08,1.100121827665802,8.074379503057155e-08,0.8896091429151398,8.074379503057155e-08,1.10103023840057,8.074379503057155e-08,1.096753580501496,  ,  ,  ,  
8.074451052968742e-08,0,8.074451052968742e-08,1.10009442241833,8.074451052968742e-08,0.9004282164619307,8.074451052968742e-08,1.101248873545116,8.074451052968742e-08,1.096889602836147,  ,  ,  ,  
8.074522275824269e-08,0,8.074522275824269e-08,1.100062053651739,8.074522275824269e-08,0.910854948967235,8.074522275824269e-08,1.10144469768613,8.074522275824269e-08,1.097000981809855,  ,  ,  ,  
8.074593404129761e-08,0,8.074593404129761e-08,1.100026475510816,8.074593404129761e-08,0.9208960190741047,8.074593404129761e-08,1.101617691797053,8.074593404129761e-08,1.097090010282893,  ,  ,  ,  
8.074673043253296e-08,0,8.074673043253296e-08,1.099984862872623,8.074673043253296e-08,0.9316861890751255,8.074673043253296e-08,1.101783841475729,8.074673043253296e-08,1.097166532854171,  ,  ,  ,  
8.074769090188715e-08,0,8.074769090188715e-08,1.099934977377242,8.074769090188715e-08,0.9440789845177758,8.074769090188715e-08,1.101945570430748,8.074769090188715e-08,1.097232479315964,  ,  ,  ,  
8.074880210207194e-08,0,8.074880210207194e-08,1.099880928277008,8.074880210207194e-08,0.9576216492762923,8.074880210207194e-08,1.102082673696343,8.074880210207194e-08,1.097282994501788,  ,  ,  ,  
8.075000128550981e-08,0,8.075000128550981e-08,1.099829753249287,8.075000128550981e-08,0.9713551395905299,8.075000128550981e-08,1.10217704347441,8.075000128550981e-08,1.09731922958742,  ,  ,  ,  
8.075124529052136e-08,0,8.075124529052136e-08,1.099785598907253,8.075124529052136e-08,0.9847014517712159,8.075124529052136e-08,1.102225845392913,8.075124529052136e-08,1.097348482851952,  ,  ,  ,  
8.075226505350321e-08,0,8.075226505350321e-08,1.099755865042376,8.075226505350321e-08,0.9949804725424328,8.075226505350321e-08,1.102235806508209,8.075226505350321e-08,1.097371571319343,  ,  ,  ,  
8.075315947675391e-08,0,8.075315947675391e-08,1.099733903925094,8.075315947675391e-08,1.00350665531239,8.075315947675391e-08,1.102227225809703,8.075315947675391e-08,1.097393548873192,  ,  ,  ,  
8.075401949285856e-08,0,8.075401949285856e-08,1.099715103391707,8.075401949285856e-08,1.011266296361248,8.075401949285856e-08,1.102207361815472,8.075401949285856e-08,1.097417316501819,  ,  ,  ,  
8.075487968069912e-08,0,8.075487968069912e-08,1.099699480612945,8.075487968069912e-08,1.01858823389985,8.075487968069912e-08,1.102178890008185,8.075487968069912e-08,1.097443999383007,  ,  ,  ,  
8.075577411901215e-08,0,8.075577411901215e-08,1.099685439482896,8.075577411901215e-08,1.02572828803986,8.075577411901215e-08,1.102142521565703,8.075577411901215e-08,1.097475138193766,  ,  ,  ,  
8.075679942569807e-08,0,8.075679942569807e-08,1.099672228754062,8.075679942569807e-08,1.03331698983204,8.075679942569807e-08,1.102095175910007,8.075679942569807e-08,1.097516155282491,  ,  ,  ,  
8.075741789637912e-08,0,8.075741789637912e-08,1.099666347084595,8.075741789637912e-08,1.037589914500532,8.075741789637912e-08,1.102065187399496,8.075741789637912e-08,1.097545271164031,  ,  ,  ,  
8.075801383033326e-08,0,8.075801383033326e-08,1.099662458696076,8.075801383033326e-08,1.04149454286393,8.075801383033326e-08,1.102036445359088,8.075801383033326e-08,1.097577645460302,  ,  ,  ,  
8.07586279283016e-08,0,8.07586279283016e-08,1.099660282849894,8.07586279283016e-08,1.045304910460246,8.07586279283016e-08,1.102007787596749,8.07586279283016e-08,1.09761620240079,  ,  ,  ,  
8.075923879078687e-08,0,8.075923879078687e-08,1.099659871057795,8.075923879078687e-08,1.048886347757542,8.075923879078687e-08,1.101980700120851,8.075923879078687e-08,1.097660372562366,  ,  ,  ,  
8.075987621472395e-08,0,8.075987621472395e-08,1.099661112781131,8.075987621472395e-08,1.052409104001248,8.075987621472395e-08,1.101954020850457,8.075987621472395e-08,1.097713109604393,  ,  ,  ,  
8.076053320412514e-08,0,8.076053320412514e-08,1.09966382786125,8.076053320412514e-08,1.055819990509621,8.076053320412514e-08,1.101927834809174,8.076053320412514e-08,1.097774583269729,  ,  ,  ,  
8.076122217472305e-08,0,8.076122217472305e-08,1.099667776024585,8.076122217472305e-08,1.059167392368699,8.076122217472305e-08,1.101901118680341,8.076122217472305e-08,1.097846103859025,  ,  ,  ,  
8.076205345965908e-08,0,8.076205345965908e-08,1.099673505523701,8.076205345965908e-08,1.062908331931692,8.076205345965908e-08,1.101869071630537,8.076205345965908e-08,1.097940068552965,  ,  ,  ,  
8.076294035691529e-08,0,8.076294035691529e-08,1.099680183391535,8.076294035691529e-08,1.066557443956162,8.076294035691529e-08,1.1018345726721,8.076294035691529e-08,1.098046367618003,  ,  ,  ,  
8.07638194186006e-08,0,8.07638194186006e-08,1.099687532391463,8.07638194186006e-08,1.069844085094048,8.07638194186006e-08,1.101800728975204,8.07638194186006e-08,1.098155496003508,  ,  ,  ,  
8.076470259756442e-08,0,8.076470259756442e-08,1.099695130183746,8.076470259756442e-08,1.072833627889617,8.076470259756442e-08,1.101767372069157,8.076470259756442e-08,1.09826593528005,  ,  ,  ,  
8.076565377644569e-08,0,8.076565377644569e-08,1.099703016907195,8.076565377644569e-08,1.075725555407005,8.076565377644569e-08,1.101732510789369,8.076565377644569e-08,1.098382807528215,  ,  ,  ,  
8.076671057287742e-08,0,8.076671057287742e-08,1.099710941665928,8.076671057287742e-08,1.078570554083597,8.076671057287742e-08,1.101695452103931,8.076671057287742e-08,1.098507375299386,  ,  ,  ,  
8.07678976881724e-08,0,8.07678976881724e-08,1.099718310669942,8.07678976881724e-08,1.081347484893677,8.07678976881724e-08,1.10165590957729,8.07678976881724e-08,1.098638060436021,  ,  ,  ,  
8.076924224875369e-08,0,8.076924224875369e-08,1.099724679878915,8.076924224875369e-08,1.084019867540108,8.076924224875369e-08,1.101613553197665,8.076924224875369e-08,1.098772862537727,  ,  ,  ,  
8.07707782604947e-08,0,8.07707782604947e-08,1.099730076379106,8.07707782604947e-08,1.086548348797109,8.07707782604947e-08,1.10156780772187,8.07707782604947e-08,1.098910716197951,  ,  ,  ,  
8.077246301428137e-08,0,8.077246301428137e-08,1.09973496157499,8.077246301428137e-08,1.088792186460092,8.077246301428137e-08,1.101519996882149,8.077246301428137e-08,1.099046333119228,  ,  ,  ,  
8.077402935765665e-08,0,8.077402935765665e-08,1.099739885635937,8.077402935765665e-08,1.090475861798067,8.077402935765665e-08,1.101477502439585,8.077402935765665e-08,1.099163003568023,  ,  ,  ,  
8.077566760897629e-08,0,8.077566760897629e-08,1.099746317683665,8.077566760897629e-08,1.09191106901805,8.077566760897629e-08,1.101435514314506,8.077566760897629e-08,1.099279913376847,  ,  ,  ,  
8.077725114593759e-08,0,8.077725114593759e-08,1.099753650573347,8.077725114593759e-08,1.093048319752584,8.077725114593759e-08,1.101398027358015,8.077725114593759e-08,1.099390174765871,  ,  ,  ,  
8.077856149852589e-08,0,8.077856149852589e-08,1.099759842906448,8.077856149852589e-08,1.093838320124181,8.077856149852589e-08,1.101369737244006,8.077856149852589e-08,1.099479032284158,  ,  ,  ,  
8.077984182440686e-08,0,8.077984182440686e-08,1.099764885741847,8.077984182440686e-08,1.094501713214804,8.077984182440686e-08,1.10134449619381,8.077984182440686e-08,1.09956200058896,  ,  ,  ,  
8.078118576277826e-08,0,8.078118576277826e-08,1.09976758902796,8.078118576277826e-08,1.095100611316952,8.078118576277826e-08,1.10132018588935,8.078118576277826e-08,1.099641789751215,  ,  ,  ,  
8.07826782543454e-08,0,8.07826782543454e-08,1.099765360578394,8.07826782543454e-08,1.095664864585127,8.07826782543454e-08,1.101294914844958,8.07826782543454e-08,1.099716321448742,  ,  ,  ,  
8.07844528234493e-08,0,8.07844528234493e-08,1.099752467852338,8.07844528234493e-08,1.096215736826933,8.07844528234493e-08,1.101265265333709,8.07844528234493e-08,1.09977641080657,  ,  ,  ,  
8.078660210963978e-08,0,8.078660210963978e-08,1.099718741142373,8.078660210963978e-08,1.096731929418404,8.078660210963978e-08,1.101226217295901,8.078660210963978e-08,1.099793421017246,  ,  ,  ,  
8.078867143835295e-08,0,8.078867143835295e-08,1.099667005666977,8.078867143835295e-08,1.097093481185901,8.078867143835295e-08,1.101181662503279,8.078867143835295e-08,1.09974109420294,  ,  ,  ,  
8.079074760624763e-08,0,8.079074760624763e-08,1.099600437415008,8.079074760624763e-08,1.097343524807542,8.079074760624763e-08,1.101128693248806,8.079074760624763e-08,1.099618839193752,  ,  ,  ,  
8.079268720391581e-08,0,8.079268720391581e-08,1.099532386826384,8.079268720391581e-08,1.097493195394264,8.079268720391581e-08,1.101072808075025,8.079268720391581e-08,1.099449888148748,  ,  ,  ,  
8.079448068736637e-08,0,8.079448068736637e-08,1.099468859811972,8.079448068736637e-08,1.097577421100009,8.079448068736637e-08,1.101016759334074,8.079448068736637e-08,1.099255754933483,  ,  ,  ,  
8.079637207297285e-08,0,8.079637207297285e-08,1.099404557958936,8.079637207297285e-08,1.097627818282511,8.079637207297285e-08,1.100954090137338,8.079637207297285e-08,1.099021724492588,  ,  ,  ,  
8.079857245138123e-08,0,8.079857245138123e-08,1.099336906089438,8.079857245138123e-08,1.097656416855435,8.079857245138123e-08,1.100878700697103,8.079857245138123e-08,1.098725016512833,  ,  ,  ,  
8.08011588528852e-08,0,8.08011588528852e-08,1.099266172182946,8.08011588528852e-08,1.097671201659845,8.08011588528852e-08,1.10078976228572,8.08011588528852e-08,1.098358415897965,  ,  ,  ,  
8.08036992588871e-08,0,8.08036992588871e-08,1.099203298450102,8.08036992588871e-08,1.097687902929029,8.08036992588871e-08,1.100706828077348,8.08036992588871e-08,1.098001542079656,  ,  ,  ,  
8.080596740287541e-08,0,8.080596740287541e-08,1.099144879727971,8.080596740287541e-08,1.097723928200164,8.080596740287541e-08,1.100642789602118,8.080596740287541e-08,1.097699511674503,  ,  ,  ,  
8.08080210861511e-08,0,8.08080210861511e-08,1.099086755614615,8.08080210861511e-08,1.097787532988704,8.08080210861511e-08,1.10059710521594,8.08080210861511e-08,1.097467676608676,  ,  ,  ,  
8.080955628706564e-08,0,8.080955628706564e-08,1.099043223701443,8.080955628706564e-08,1.097859645988481,8.080955628706564e-08,1.100571700849579,8.080955628706564e-08,1.097330894632209,  ,  ,  ,  
8.081094087582916e-08,0,8.081094087582916e-08,1.099007771657182,8.081094087582916e-08,1.097945425460381,8.081094087582916e-08,1.100554763829984,8.081094087582916e-08,1.097243092763943,  ,  ,  ,  
8.081236836865246e-08,0,8.081236836865246e-08,1.09897896376343,8.081236836865246e-08,1.098056156568201,8.081236836865246e-08,1.100542491084928,8.081236836865246e-08,1.097195459599732,  ,  ,  ,  
8.081394717184221e-08,0,8.081394717184221e-08,1.098960072502282,8.081394717184221e-08,1.098205362708534,8.081394717184221e-08,1.100534399699687,8.081394717184221e-08,1.097199544719478,  ,  ,  ,  
8.081555190615327e-08,0,8.081555190615327e-08,1.098957533448989,8.081555190615327e-08,1.098382965226329,8.081555190615327e-08,1.100532061854395,8.081555190615327e-08,1.097267488893694,  ,  ,  ,  
8.081725297823939e-08,0,8.081725297823939e-08,1.098975353925695,8.081725297823939e-08,1.098595376796118,8.081725297823939e-08,1.100536221529182,8.081725297823939e-08,1.097409937558099,  ,  ,  ,  
8.081879267121935e-08,0,8.081879267121935e-08,1.099006040213314,8.081879267121935e-08,1.098803033054258,8.081879267121935e-08,1.100546334902262,8.081879267121935e-08,1.097594324872479,  ,  ,  ,  
8.082008513525109e-08,0,8.082008513525109e-08,1.099036965926222,8.082008513525109e-08,1.098981752748969,8.082008513525109e-08,1.100559036689291,8.082008513525109e-08,1.097780175280369,  ,  ,  ,  
8.08214333430926e-08,0,8.08214333430926e-08,1.099066136312487,8.08214333430926e-08,1.09916379179266,8.08214333430926e-08,1.100575196768257,8.08214333430926e-08,1.097989999108088,  ,  ,  ,  
8.082286536496356e-08,0,8.082286536496356e-08,1.099083509795848,8.082286536496356e-08,1.099341441248799,8.082286536496356e-08,1.100591154993267,8.082286536496356e-08,1.098211110830206,  ,  ,  ,  
8.082417507095748e-08,0,8.082417507095748e-08,1.099077510691355,8.082417507095748e-08,1.099478963764913,8.082417507095748e-08,1.100597424609128,8.082417507095748e-08,1.098390910969938,  ,  ,  ,  
8.082527601612501e-08,0,8.082527601612501e-08,1.099049879914365,8.082527601612501e-08,1.099566562304342,8.082527601612501e-08,1.100588780477631,8.082527601612501e-08,1.098507920871824,  ,  ,  ,  
8.08262704266283e-08,0,8.08262704266283e-08,1.099005134577272,8.08262704266283e-08,1.099616201429695,8.08262704266283e-08,1.100563286081773,8.08262704266283e-08,1.098573705962728,  ,  ,  ,  
8.08272540228923e-08,0,8.08272540228923e-08,1.098944672785925,8.08272540228923e-08,1.09963352041891,8.08272540228923e-08,1.100516994881374,8.08272540228923e-08,1.098592185338251,  ,  ,  ,  
8.082817019109326e-08,0,8.082817019109326e-08,1.098879889883912,8.082817019109326e-08,1.099622682596263,8.082817019109326e-08,1.10045488876496,8.082817019109326e-08,1.098570001721399,  ,  ,  ,  
8.082909276790834e-08,0,8.082909276790834e-08,1.098810889332985,8.082909276790834e-08,1.099589004110209,8.082909276790834e-08,1.100376299940463,8.082909276790834e-08,1.098511206543263,  ,  ,  ,  
8.082999179545518e-08,0,8.082999179545518e-08,1.098742118179152,8.082999179545518e-08,1.09954194143437,8.082999179545518e-08,1.100288778908494,8.082999179545518e-08,1.098425100205213,  ,  ,  ,  
8.083127493472855e-08,0,8.083127493472855e-08,1.098643827062764,8.083127493472855e-08,1.099458581214527,8.083127493472855e-08,1.10014860978889,8.083127493472855e-08,1.098262772240412,  ,  ,  ,  
8.083242958901338e-08,0,8.083242958901338e-08,1.098557073264352,8.083242958901338e-08,1.099371916805148,8.083242958901338e-08,1.100004498366467,8.083242958901338e-08,1.098084385652625,  ,  ,  ,  
8.08334788768251e-08,0,8.08334788768251e-08,1.098480451766679,8.08334788768251e-08,1.099287699902983,8.08334788768251e-08,1.099855523943296,8.08334788768251e-08,1.097901747348694,  ,  ,  ,  
8.083451882153252e-08,0,8.083451882153252e-08,1.098406110971502,8.083451882153252e-08,1.099203612910052,8.083451882153252e-08,1.099692510454227,8.083451882153252e-08,1.097707194545218,  ,  ,  ,  
8.083559774864338e-08,0,8.083559774864338e-08,1.098325235524716,8.083559774864338e-08,1.099126456700611,8.083559774864338e-08,1.099523049380281,8.083559774864338e-08,1.097500365239819,  ,  ,  ,  
8.083666546927469e-08,0,8.083666546927469e-08,1.098237905175934,8.083666546927469e-08,1.099071169270144,8.083666546927469e-08,1.09938782558636,8.083666546927469e-08,1.097302689487914,  ,  ,  ,  
8.083762704891729e-08,0,8.083762704891729e-08,1.098157816478718,8.083762704891729e-08,1.099048674153472,8.083762704891729e-08,1.099328600406642,8.083762704891729e-08,1.097142304758583,  ,  ,  ,  
8.08383803384547e-08,0,8.08383803384547e-08,1.098100350328192,8.08383803384547e-08,1.099055594653833,8.08383803384547e-08,1.099345381420587,8.08383803384547e-08,1.09704344348531,  ,  ,  ,  
8.083908979601789e-08,0,8.083908979601789e-08,1.098055902827282,8.083908979601789e-08,1.099085582952779,8.083908979601789e-08,1.099423472025921,8.083908979601789e-08,1.096980079585905,  ,  ,  ,  
8.083988778950517e-08,0,8.083988778950517e-08,1.098021090584295,8.083988778950517e-08,1.099147363197971,8.083988778950517e-08,1.099585896019401,8.083988778950517e-08,1.096949067017261,  ,  ,  ,  
8.084083018360733e-08,0,8.084083018360733e-08,1.09800204681866,8.084083018360733e-08,1.099255756062669,8.084083018360733e-08,1.099868962471876,8.084083018360733e-08,1.096972268389708,  ,  ,  ,  
8.084175031902045e-08,0,8.084175031902045e-08,1.09800423637558,8.084175031902045e-08,1.099393950575691,8.084175031902045e-08,1.100227967640184,8.084175031902045e-08,1.097058938492924,  ,  ,  ,  
8.084263986921939e-08,0,8.084263986921939e-08,1.098020099317144,8.084263986921939e-08,1.099550758701539,8.084263986921939e-08,1.10065050370309,8.084263986921939e-08,1.097198307271715,  ,  ,  ,  
8.084343015002187e-08,0,8.084343015002187e-08,1.098039896202192,8.084343015002187e-08,1.09970352697983,8.084343015002187e-08,1.101098516240143,8.084343015002187e-08,1.097361557697476,  ,  ,  ,  
8.084417737114994e-08,0,8.084417737114994e-08,1.098059325929888,8.084417737114994e-08,1.099854902748108,8.084417737114994e-08,1.101600276126583,8.084417737114994e-08,1.097543800320429,  ,  ,  ,  
8.0844982284963e-08,0,8.0844982284963e-08,1.09807992768984,8.0844982284963e-08,1.100020739265191,8.0844982284963e-08,1.102241003197552,8.0844982284963e-08,1.097765041436761,  ,  ,  ,  
8.084581107076259e-08,0,8.084581107076259e-08,1.098101577351337,8.084581107076259e-08,1.100190055003092,8.084581107076259e-08,1.103012447205975,8.084581107076259e-08,1.098016536954639,  ,  ,  ,  
8.084668737807133e-08,0,8.084668737807133e-08,1.098125987397052,8.084668737807133e-08,1.100362233049341,8.084668737807133e-08,1.103930298253958,8.084668737807133e-08,1.098305112147619,  ,  ,  ,  
8.084749825969202e-08,0,8.084749825969202e-08,1.098151060228003,8.084749825969202e-08,1.100511442556507,8.084749825969202e-08,1.10484971612075,8.084749825969202e-08,1.098590301561325,  ,  ,  ,  
8.084843696428002e-08,0,8.084843696428002e-08,1.098184855958307,8.084843696428002e-08,1.100667595304815,8.084843696428002e-08,1.105960954590459,8.084843696428002e-08,1.098939299828161,  ,  ,  ,  
8.084949252775158e-08,0,8.084949252775158e-08,1.098225948349877,8.084949252775158e-08,1.10081497409508,8.084949252775158e-08,1.107198446547842,8.084949252775158e-08,1.099347388006951,  ,  ,  ,  
8.085024256990344e-08,0,8.085024256990344e-08,1.098252184180019,8.085024256990344e-08,1.100888190081402,8.085024256990344e-08,1.108015075843453,8.085024256990344e-08,1.099637872956661,  ,  ,  ,  
8.085087878512125e-08,0,8.085087878512125e-08,1.098268743923283,8.085087878512125e-08,1.100936178809582,8.085087878512125e-08,1.108622724362897,8.085087878512125e-08,1.099879752561329,  ,  ,  ,  
8.085159299630538e-08,0,8.085159299630538e-08,1.098277912708171,8.085159299630538e-08,1.100962119180361,8.085159299630538e-08,1.109153057732106,8.085159299630538e-08,1.100137114382225,  ,  ,  ,  
8.085247805499502e-08,0,8.085247805499502e-08,1.098272480549259,8.085247805499502e-08,1.100943589457611,8.085247805499502e-08,1.109480959661695,8.085247805499502e-08,1.100420463672585,  ,  ,  ,  
8.085344144366036e-08,0,8.085344144366036e-08,1.098245710091733,8.085344144366036e-08,1.100847422427121,8.085344144366036e-08,1.109265992867099,8.085344144366036e-08,1.100664243155447,  ,  ,  ,  
8.085441556165628e-08,0,8.085441556165628e-08,1.098199398414177,8.085441556165628e-08,1.100655898103033,8.085441556165628e-08,1.108247050889957,8.085441556165628e-08,1.100818567773173,  ,  ,  ,  
8.085536977620583e-08,0,8.085536977620583e-08,1.098138434687412,8.085536977620583e-08,1.100359774368915,8.085536977620583e-08,1.106228690565746,8.085536977620583e-08,1.100851899758275,  ,  ,  ,  
8.085622890347472e-08,0,8.085622890347472e-08,1.098072117765682,8.085622890347472e-08,1.09998743982124,8.085622890347472e-08,1.103333477192294,8.085622890347472e-08,1.100757275678421,  ,  ,  ,  
8.085730611775097e-08,0,8.085730611775097e-08,1.097986382503153,8.085730611775097e-08,1.099363376031974,8.085730611775097e-08,1.097944868308008,8.085730611775097e-08,1.100426506198226,  ,  ,  ,  
8.08581287160866e-08,0,8.08581287160866e-08,1.097926099345608,8.08581287160866e-08,1.098761955506332,8.08581287160866e-08,1.0924079717474,8.08581287160866e-08,1.099991870994465,  ,  ,  ,  
8.08587471186255e-08,0,8.08587471186255e-08,1.097887440713181,8.08587471186255e-08,1.098254949442687,8.08587471186255e-08,1.087430989610635,8.08587471186255e-08,1.099552437229122,  ,  ,  ,  
8.085932969112197e-08,0,8.085932969112197e-08,1.097855410244391,8.085932969112197e-08,1.097744187453791,8.085932969112197e-08,1.082131136592851,8.085932969112197e-08,1.09904656831015,  ,  ,  ,  
8.086021709579596e-08,0,8.086021709579596e-08,1.09781443992799,8.086021709579596e-08,1.09692488869119,8.086021709579596e-08,1.073009611120525,8.086021709579596e-08,1.09809779372736,  ,  ,  ,  
8.086108993840814e-08,0,8.086108993840814e-08,1.097784681904057,8.086108993840814e-08,1.096090463834656,8.086108993840814e-08,1.0629138704736,8.086108993840814e-08,1.096951324447501,  ,  ,  ,  
8.086221945576257e-08,0,8.086221945576257e-08,1.097762357419151,8.086221945576257e-08,1.095003150904769,8.086221945576257e-08,1.048419516045948,8.086221945576257e-08,1.095154188573977,  ,  ,  ,  
8.086368456036596e-08,0,8.086368456036596e-08,1.097758557840843,8.086368456036596e-08,1.093635583581799,8.086368456036596e-08,1.027672624019103,8.086368456036596e-08,1.092311390679552,  ,  ,  ,  
8.086521638433002e-08,0,8.086521638433002e-08,1.097780762432261,8.086521638433002e-08,1.092312956687039,8.086521638433002e-08,1.004208539916096,8.086521638433002e-08,1.08875890048254,  ,  ,  ,  
8.08667558387505e-08,0,8.08667558387505e-08,1.097824930844189,8.08667558387505e-08,1.091139871149451,8.08667558387505e-08,0.9794195194787668,8.08667558387505e-08,1.084648410964479,  ,  ,  ,  
8.086824752466928e-08,0,8.086824752466928e-08,1.097884657204192,8.086824752466928e-08,1.090184482515107,8.086824752466928e-08,0.9548250213119096,8.086824752466928e-08,1.080216797955614,  ,  ,  ,  
8.086964911402254e-08,0,8.086964911402254e-08,1.09795495992265,8.086964911402254e-08,1.089470557636782,8.086964911402254e-08,0.9316935422845212,8.086964911402254e-08,1.075717750800311,  ,  ,  ,  
8.087099776905581e-08,0,8.087099776905581e-08,1.09803700945635,8.087099776905581e-08,1.088967006520214,8.087099776905581e-08,0.9098611138382466,8.087099776905581e-08,1.071148286821382,  ,  ,  ,  
8.087226157808648e-08,0,8.087226157808648e-08,1.098127132019421,8.087226157808648e-08,1.088666539097597,8.087226157808648e-08,0.8901359473695371,8.087226157808648e-08,1.06670698252128,  ,  ,  ,  
8.087355650258047e-08,0,8.087355650258047e-08,1.098230664195872,8.087355650258047e-08,1.088530235405246,8.087355650258047e-08,0.8709580284215126,8.087355650258047e-08,1.062045599753357,  ,  ,  ,  
8.087451269255619e-08,0,8.087451269255619e-08,1.098312046832809,8.087451269255619e-08,1.088536667871249,8.087451269255619e-08,0.8575826951159573,8.087451269255619e-08,1.058552487276925,  ,  ,  ,  
8.087537336429196e-08,0,8.087537336429196e-08,1.098387357178799,8.087537336429196e-08,1.088614851262193,8.087537336429196e-08,0.8461730012435006,8.087537336429196e-08,1.055383578534122,  ,  ,  ,  
8.087630400072898e-08,0,8.087630400072898e-08,1.098469468718455,8.087630400072898e-08,1.088769921682336,8.087630400072898e-08,0.8345489982304428,8.087630400072898e-08,1.051941222280712,  ,  ,  ,  
8.087735153627572e-08,0,8.087735153627572e-08,1.098561846123854,8.087735153627572e-08,1.089024768656216,8.087735153627572e-08,0.8223941012344049,8.087735153627572e-08,1.048057997423248,  ,  ,  ,  
8.087857316569918e-08,0,8.087857316569918e-08,1.098669108216188,8.087857316569918e-08,1.089421733056748,8.087857316569918e-08,0.8095255677407711,8.087857316569918e-08,1.043532890364151,  ,  ,  ,  
8.087999238039946e-08,0,8.087999238039946e-08,1.098793636642925,8.087999238039946e-08,1.090009304869345,8.087999238039946e-08,0.7964293850137916,8.087999238039946e-08,1.038301508780695,  ,  ,  ,  
8.088146836402996e-08,0,8.088146836402996e-08,1.098921756519406,8.088146836402996e-08,1.090749928638236,8.088146836402996e-08,0.7849727442478267,8.088146836402996e-08,1.032909717197352,  ,  ,  ,  
8.088265753985942e-08,0,8.088265753985942e-08,1.09902163674639,8.088265753985942e-08,1.091424224231729,8.088265753985942e-08,0.7773149007437561,8.088265753985942e-08,1.028610198428529,  ,  ,  ,  
8.088371848413613e-08,0,8.088371848413613e-08,1.099106239404873,8.088371848413613e-08,1.092066128439051,8.088371848413613e-08,0.7716012419778254,8.088371848413613e-08,1.024811570285128,  ,  ,  ,  
8.088475944942722e-08,0,8.088475944942722e-08,1.099183723726251,8.088475944942722e-08,1.092714989850831,8.088475944942722e-08,0.766932737390226,8.088475944942722e-08,1.021120409567895,  ,  ,  ,  
8.088588924378778e-08,0,8.088588924378778e-08,1.099260797195202,8.088588924378778e-08,1.09342116551376,8.088588924378778e-08,0.7627964379844433,8.088588924378778e-08,1.017155783463173,  ,  ,  ,  
8.088723228511583e-08,0,8.088723228511583e-08,1.099342235630151,8.088723228511583e-08,1.094238138182598,8.088723228511583e-08,0.758949763799314,8.088723228511583e-08,1.012499684032737,  ,  ,  ,  
8.088905136740854e-08,0,8.088905136740854e-08,1.099435915316701,8.088905136740854e-08,1.095267230512293,8.088905136740854e-08,0.7552077387633588,8.088905136740854e-08,1.006292515022023,  ,  ,  ,  
8.089102955749978e-08,0,8.089102955749978e-08,1.099518209581343,8.089102955749978e-08,1.096251599483912,8.089102955749978e-08,0.7525762427515639,8.089102955749978e-08,0.9996740183837495,  ,  ,  ,  
8.08929067567598e-08,0,8.08929067567598e-08,1.099580246276768,8.08929067567598e-08,1.097041832106434,8.08929067567598e-08,0.7510701045098884,8.08929067567598e-08,0.9935217960658255,  ,  ,  ,  
8.089467565752663e-08,0,8.089467565752663e-08,1.099627136565752,8.089467565752663e-08,1.097658403606924,8.089467565752663e-08,0.7502586692674476,8.089467565752663e-08,0.987841278569567,  ,  ,  ,  
8.08963861917465e-08,0,8.08963861917465e-08,1.099664131737147,8.08963861917465e-08,1.09814541255842,8.08963861917465e-08,0.7498516951421923,8.08963861917465e-08,0.982457896625488,  ,  ,  ,  
8.089815326463265e-08,0,8.089815326463265e-08,1.099695693515949,8.089815326463265e-08,1.098549928047619,8.089815326463265e-08,0.7496889698799827,8.089815326463265e-08,0.9770115526390188,  ,  ,  ,  
8.090008016086928e-08,0,8.090008016086928e-08,1.099724167779747,8.090008016086928e-08,1.098895428988068,8.090008016086928e-08,0.7497049367583056,8.090008016086928e-08,0.9712070032322456,  ,  ,  ,  
8.090225953755231e-08,0,8.090225953755231e-08,1.099750655248096,8.090225953755231e-08,1.099190584569192,8.090225953755231e-08,0.7498754711138578,8.090225953755231e-08,0.9648114076307575,  ,  ,  ,  
8.090477416273243e-08,0,8.090477416273243e-08,1.099775497357103,8.090477416273243e-08,1.099435576734612,8.090477416273243e-08,0.750191181624339,8.090477416273243e-08,0.9576545687378994,  ,  ,  ,  
8.090771743252007e-08,0,8.090771743252007e-08,1.099798786680387,8.090771743252007e-08,1.099629450504806,8.090771743252007e-08,0.7506468391664256,8.090771743252007e-08,0.9495775755173576,  ,  ,  ,  
8.091119780012599e-08,0,8.091119780012599e-08,1.099820542469127,8.091119780012599e-08,1.099772771420715,8.091119780012599e-08,0.7512373738025014,8.091119780012599e-08,0.9404368905098544,  ,  ,  ,  
8.091536653255538e-08,0,8.091536653255538e-08,1.099840927561765,8.091536653255538e-08,1.09986982138212,8.091536653255538e-08,0.7519588832519617,8.091536653255538e-08,0.9300573036997704,  ,  ,  ,  
8.092050239103729e-08,0,8.092050239103729e-08,1.099860475910108,8.092050239103729e-08,1.099928835463234,8.092050239103729e-08,0.7528199981275695,8.092050239103729e-08,0.9180884742391247,  ,  ,  ,  
8.092696024701618e-08,0,8.092696024701618e-08,1.099879604599374,8.092696024701618e-08,1.099959052718512,8.092696024701618e-08,0.7538248997854132,8.092696024701618e-08,0.9042502336897825,  ,  ,  ,  
8.09352344430071e-08,0,8.09352344430071e-08,1.099898701214965,8.09352344430071e-08,1.099971158618684,8.09352344430071e-08,0.7549728077796665,8.09352344430071e-08,0.8883369178586334,  ,  ,  ,  
8.094594639387239e-08,0,8.094594639387239e-08,1.099917782260099,8.094594639387239e-08,1.09997519220822,8.094594639387239e-08,0.7562441267934669,8.094594639387239e-08,0.8704391321725417,  ,  ,  ,  
8.096091288389846e-08,0,8.096091288389846e-08,1.099937622013275,8.096091288389846e-08,1.099978351670485,8.096091288389846e-08,0.7576853416282004,8.096091288389846e-08,0.8497489470059714,  ,  ,  ,  
8.098215237365453e-08,0,8.098215237365453e-08,1.099957011500003,8.098215237365453e-08,1.099983367660217,8.098215237365453e-08,0.7592276373872201,8.098215237365453e-08,0.8271654389820513,  ,  ,  ,  
8.100465179042351e-08,0,8.100465179042351e-08,1.099970305691296,8.100465179042351e-08,1.099988185716571,8.100465179042351e-08,0.7603944954546867,8.100465179042351e-08,0.809811675418238,  ,  ,  ,  
8.1028818012297e-08,0,8.1028818012297e-08,1.099979546965999,8.1028818012297e-08,1.099992043868859,8.1028818012297e-08,0.7612765146335015,8.1028818012297e-08,0.796564592661582,  ,  ,  ,  
8.105529730590856e-08,0,8.105529730590856e-08,1.099986127921951,8.105529730590856e-08,1.099994908076745,8.105529730590856e-08,0.7619450626335776,8.105529730590856e-08,0.7864582957902597,  ,  ,  ,  
8.108477004459883e-08,0,8.108477004459883e-08,1.099990863681213,8.108477004459883e-08,1.099997000040087,8.108477004459883e-08,0.7624470412205404,8.108477004459883e-08,0.7788354007401944,  ,  ,  ,  
8.111861615165096e-08,0,8.111861615165096e-08,1.099994285999528,8.111861615165096e-08,1.099998545954872,8.111861615165096e-08,0.7628215579409814,8.111861615165096e-08,0.7731305615651761,  ,  ,  ,  
8.11581690269724e-08,0,8.11581690269724e-08,1.099996680292177,8.11581690269724e-08,1.099999656425181,8.11581690269724e-08,0.7630901901632924,8.11581690269724e-08,0.7690292164170518,  ,  ,  ,  
8.120502290177599e-08,0,8.120502290177599e-08,1.09999825377654,8.120502290177599e-08,1.10000041272422,8.120502290177599e-08,0.7632705008393872,8.120502290177599e-08,0.7662723424438805,  ,  ,  ,  
8.126137289206311e-08,0,8.126137289206311e-08,1.099999204712736,8.126137289206311e-08,1.100000884740221,8.126137289206311e-08,0.7633801451365848,8.126137289206311e-08,0.7645944241560194,  ,  ,  ,  
8.133036185677005e-08,0,8.133036185677005e-08,1.099999700854818,8.133036185677005e-08,1.100001139356593,8.133036185677005e-08,0.7634372019531934,8.133036185677005e-08,0.7637207414163365,  ,  ,  ,  
8.141714385339204e-08,0,8.141714385339204e-08,1.0999998996879,8.141714385339204e-08,1.100001251146966,8.141714385339204e-08,0.7634595186411955,8.141714385339204e-08,0.7633786563600374,  ,  ,  ,  
8.15307945408913e-08,0,8.15307945408913e-08,1.099999936608339,8.15307945408913e-08,1.100001279672249,8.15307945408913e-08,0.763462813672287,8.15307945408913e-08,0.7633279607942847,  ,  ,  ,  
8.16890615892527e-08,0,8.16890615892527e-08,1.099999913300842,8.16890615892527e-08,1.10000127534821,8.16890615892527e-08,0.7634590198944662,8.16890615892527e-08,0.7633863637643011,  ,  ,  ,  
8.191215066047525e-08,0,8.191215066047525e-08,1.099999890302603,8.191215066047525e-08,1.100001268159491,8.191215066047525e-08,0.7634554426564319,8.191215066047525e-08,0.7634411050789416,  ,  ,  ,  
8.218598518507218e-08,0,8.218598518507218e-08,1.099999886376494,8.218598518507218e-08,1.100001268625887,8.218598518507218e-08,0.7634543111703407,8.218598518507218e-08,0.7634584178883437,  ,  ,  ,  
8.252280587218069e-08,0,8.252280587218069e-08,1.09999989078077,8.252280587218069e-08,1.100001272830825,8.252280587218069e-08,0.7634543194836985,8.252280587218069e-08,0.7634582783825874,  ,  ,  ,  
8.293949044389289e-08,0,8.293949044389289e-08,1.099999895378003,8.293949044389289e-08,1.100001276915801,8.293949044389289e-08,0.7634544659124515,8.293949044389289e-08,0.763456030350499,  ,  ,  ,  
8.345766003016541e-08,0,8.345766003016541e-08,1.099999898419306,8.345766003016541e-08,1.100001279905161,8.345766003016541e-08,0.7634545170174371,8.345766003016541e-08,0.7634553003773229,  ,  ,  ,  
8.410658387710893e-08,0,8.410658387710893e-08,1.099999900506323,8.410658387710893e-08,1.100001282124261,8.410658387710893e-08,0.7634545199140691,8.410658387710893e-08,0.7634553026274932,  ,  ,  ,  
8.492158896249315e-08,0,8.492158896249315e-08,1.099999902132135,8.492158896249315e-08,1.100001283865417,8.492158896249315e-08,0.763454520766555,8.492158896249315e-08,0.7634553607887388,  ,  ,  ,  
8.594607631206014e-08,0,8.594607631206014e-08,1.099999903435777,8.594607631206014e-08,1.100001285263559,8.594607631206014e-08,0.7634545264313543,8.594607631206014e-08,0.7634553791171926,  ,  ,  ,  
8.709607631206013e-08,0,8.709607631206013e-08,1.099999904385604,8.709607631206013e-08,1.100001286272792,8.709607631206013e-08,0.7634545334117626,8.709607631206013e-08,0.7634553871895841,  ,  ,  ,  
8.824607631206013e-08,0,8.824607631206013e-08,1.099999905026793,8.824607631206013e-08,1.100001286962061,8.824607631206013e-08,0.763454542156324,8.824607631206013e-08,0.7634553915626058,  ,  ,  ,  
8.912303815603006e-08,0,8.912303815603006e-08,1.099999905392761,8.912303815603006e-08,1.100001287357971,8.912303815603006e-08,0.7634545482294254,8.912303815603006e-08,0.7634553995526729,  ,  ,  ,  
9e-08,0,9e-08,1.099999905682243,9e-08,1.100001287674528,9e-08,0.7634545541301014,9e-08,0.7634554062126065,  ,  ,  ,  
9.001354016982484e-08,0,9.001354016982484e-08,1.099999905685281,9.001354016982484e-08,1.100001287677655,9.001354016982484e-08,0.7634545542410224,9.001354016982484e-08,0.7634554061526896,  ,  ,  ,  
9.00271811070173e-08,0,9.00271811070173e-08,1.099999899526972,9.00271811070173e-08,1.10000129464417,9.00271811070173e-08,0.763454685924368,9.00271811070173e-08,0.7634557560643228,  ,  ,  ,  
9.005446298140223e-08,0,9.005446298140223e-08,1.099999904781422,9.005446298140223e-08,1.100001289865488,9.005446298140223e-08,0.7634547611045667,9.005446298140223e-08,0.7634558796988211,  ,  ,  ,  
9.007087179096706e-08,0,9.007087179096706e-08,1.099999905935587,9.007087179096706e-08,1.100001287451488,9.007087179096706e-08,0.7634547617087784,9.007087179096706e-08,0.763455830494804,  ,  ,  ,  
9.007868892397595e-08,0,9.007868892397595e-08,1.099999905890072,9.007868892397595e-08,1.100001287273526,9.007868892397595e-08,0.7634547599639885,9.007868892397595e-08,0.7634558044121099,  ,  ,  ,  
9.008816436414266e-08,0,9.008816436414266e-08,1.099999905744218,9.008816436414266e-08,1.100001287450073,9.008816436414266e-08,0.7634547595660207,9.008816436414266e-08,0.7634557803374163,  ,  ,  ,  
9.009170230782128e-08,0,9.009170230782128e-08,1.099999905702568,9.009170230782128e-08,1.100001287548654,9.009170230782128e-08,0.7634547598080577,9.009170230782128e-08,0.7634557731212229,  ,  ,  ,  
9.009554150172261e-08,0,9.009554150172261e-08,1.0999999056748,9.009554150172261e-08,1.10000128762917,9.009554150172261e-08,0.7634547601805708,9.009554150172261e-08,0.7634557659585434,  ,  ,  ,  
9.00987417659647e-08,0,9.00987417659647e-08,1.09999990566266,9.00987417659647e-08,1.100001287672556,9.00987417659647e-08,0.7634547605369358,9.00987417659647e-08,0.7634557603773883,  ,  ,  ,  
9.010106854604347e-08,0,9.010106854604347e-08,1.099999905657558,9.010106854604347e-08,1.100001287691466,9.010106854604347e-08,0.7634547608161519,9.010106854604347e-08,0.7634557565206201,  ,  ,  ,  
9.010331660766742e-08,0,9.010331660766742e-08,1.099999905653907,9.010331660766742e-08,1.100001287702655,9.010331660766742e-08,0.7634547610811917,9.010331660766742e-08,0.7634557528957083,  ,  ,  ,  
9.010611939056841e-08,0,9.010611939056841e-08,1.099999905649145,9.010611939056841e-08,1.100001287711295,9.010611939056841e-08,0.7634547613937001,9.010611939056841e-08,0.7634557484804482,  ,  ,  ,  
9.010888704883802e-08,0,9.010888704883802e-08,1.099999905646944,9.010888704883802e-08,1.100001287716461,9.010888704883802e-08,0.7634547616805789,9.010888704883802e-08,0.763455744231116,  ,  ,  ,  
9.011160249739467e-08,0,9.011160249739467e-08,1.099999905646619,9.011160249739467e-08,1.100001287722514,9.011160249739467e-08,0.7634547619529574,9.011160249739467e-08,0.7634557401895462,  ,  ,  ,  
9.011412529856814e-08,0,9.011412529856814e-08,1.099999905649208,9.011412529856814e-08,1.100001287729424,9.011412529856814e-08,0.7634547622039038,9.011412529856814e-08,0.7634557365602407,  ,  ,  ,  
9.011623751702642e-08,0,9.011623751702642e-08,1.099999905652244,9.011623751702642e-08,1.100001287734944,9.011623751702642e-08,0.7634547624138496,9.011623751702642e-08,0.7634557336151846,  ,  ,  ,  
9.011638142926866e-08,0,9.011638142926866e-08,1.100195380267937,9.011638142926866e-08,1.100326199316295,9.011638142926866e-08,0.7636097458592941,9.011638142926866e-08,0.7637147491533016,  ,  ,  ,  
9.011650061534675e-08,0,9.011650061534675e-08,1.100257604702891,9.011650061534675e-08,1.100462819110686,9.011650061534675e-08,0.7636436975930643,9.011650061534675e-08,0.7638140154676792,  ,  ,  ,  
9.011661126487503e-08,0,9.011661126487503e-08,1.100281529090828,9.011661126487503e-08,1.100540800373982,9.011661126487503e-08,0.7636555254082191,9.011661126487503e-08,0.7638757962792224,  ,  ,  ,  
9.01166900603881e-08,0,9.01166900603881e-08,1.100291231710198,9.01166900603881e-08,1.100580916948573,9.01166900603881e-08,0.7636597775429568,9.01166900603881e-08,0.7639124654815808,  ,  ,  ,  
9.011678079498532e-08,0,9.011678079498532e-08,1.100300490206303,9.011678079498532e-08,1.10061937263918,9.011678079498532e-08,0.7636633440474672,9.011678079498532e-08,0.763951819408638,  ,  ,  ,  
9.011687929980906e-08,0,9.011687929980906e-08,1.100309567043254,9.011687929980906e-08,1.100655612939242,9.011687929980906e-08,0.7636665480717737,9.011687929980906e-08,0.7639926797202364,  ,  ,  ,  
9.01170024698474e-08,0,9.01170024698474e-08,1.100319827222745,9.01170024698474e-08,1.100695609635335,9.01170024698474e-08,0.7636700621474728,9.01170024698474e-08,0.7640418525091489,  ,  ,  ,  
9.011716700000929e-08,0,9.011716700000929e-08,1.100331815855067,9.011716700000929e-08,1.100742590192864,9.011716700000929e-08,0.7636742963691304,9.011716700000929e-08,0.7641047856356774,  ,  ,  ,  
9.011736725286441e-08,0,9.011736725286441e-08,1.100344037281082,9.011736725286441e-08,1.100792625861405,9.011736725286441e-08,0.7636790496371932,9.011736725286441e-08,0.7641777059699736,  ,  ,  ,  
9.011761942070698e-08,0,9.011761942070698e-08,1.100356252483842,9.011761942070698e-08,1.10084752460973,9.011761942070698e-08,0.763684637924358,9.011761942070698e-08,0.7642646026293343,  ,  ,  ,  
9.011795366487652e-08,0,9.011795366487652e-08,1.100368048733907,9.011795366487652e-08,1.100910002352618,9.011795366487652e-08,0.7636915335126286,9.011795366487652e-08,0.7643727099751082,  ,  ,  ,  
9.011842237577237e-08,0,9.011842237577237e-08,1.100378463382899,9.011842237577237e-08,1.10098327273045,9.011842237577237e-08,0.7637004905254074,9.011842237577237e-08,0.7645136108009303,  ,  ,  ,  
9.011898182018518e-08,0,9.011898182018518e-08,1.100385600532576,9.011898182018518e-08,1.101056318915828,9.011898182018518e-08,0.7637117438156549,9.011898182018518e-08,0.7646702130627627,  ,  ,  ,  
9.011956189431708e-08,0,9.011956189431708e-08,1.100390590695678,9.011956189431708e-08,1.101123175234141,9.011956189431708e-08,0.7637259639258019,9.011956189431708e-08,0.7648242301413333,  ,  ,  ,  
9.012010017595628e-08,0,9.012010017595628e-08,1.100393269276615,9.012010017595628e-08,1.101177645122506,9.012010017595628e-08,0.7637410007876756,9.012010017595628e-08,0.7649599849863304,  ,  ,  ,  
9.012077003556452e-08,0,9.012077003556452e-08,1.100393533342327,9.012077003556452e-08,1.101233416703944,9.012077003556452e-08,0.7637617704516579,9.012077003556452e-08,0.7651174621277061,  ,  ,  ,  
9.012150892470949e-08,0,9.012150892470949e-08,1.100389507652713,9.012150892470949e-08,1.101279038189392,9.012150892470949e-08,0.7637886820329546,9.012150892470949e-08,0.7652722547285757,  ,  ,  ,  
9.0122074900474e-08,0,9.0122074900474e-08,1.100381174834436,9.0122074900474e-08,1.101299988821999,9.0122074900474e-08,0.7638104785093426,9.0122074900474e-08,0.7653717445907803,  ,  ,  ,  
9.012272902817917e-08,0,9.012272902817917e-08,1.10036388881239,9.012272902817917e-08,1.101307417394945,9.012272902817917e-08,0.7638337090519564,9.012272902817917e-08,0.7654594025521211,  ,  ,  ,  
9.012324455157993e-08,0,9.012324455157993e-08,1.100344913629082,9.012324455157993e-08,1.101299975592521,9.012324455157993e-08,0.763849469639484,9.012324455157993e-08,0.7655063934713848,  ,  ,  ,  
9.012377470982267e-08,0,9.012377470982267e-08,1.10032451449506,9.012377470982267e-08,1.101285465663993,9.012377470982267e-08,0.7638656987412812,9.012377470982267e-08,0.7655392055072251,  ,  ,  ,  
9.012475107223112e-08,0,9.012475107223112e-08,1.100285462839556,9.012475107223112e-08,1.101240409691343,9.012475107223112e-08,0.7638935963392609,9.012475107223112e-08,0.7655622814891849,  ,  ,  ,  
9.012549429462878e-08,0,9.012549429462878e-08,1.100253998831792,9.012549429462878e-08,1.101188877127417,9.012549429462878e-08,0.7639115975072498,9.012549429462878e-08,0.7655484708768374,  ,  ,  ,  
9.012623751702642e-08,0,9.012623751702642e-08,1.100221727341665,9.012623751702642e-08,1.10112368141141,9.012623751702642e-08,0.7639267242222698,9.012623751702642e-08,0.7655098603657864,  ,  ,  ,  
9.012628216324431e-08,0,9.012628216324431e-08,1.100100365510811,9.012628216324431e-08,1.100942342511508,9.012628216324431e-08,0.7638201858161636,9.012628216324431e-08,0.7653565046987379,  ,  ,  ,  
9.01263279151088e-08,0,9.01263279151088e-08,1.100027552230546,9.01263279151088e-08,1.100826517147963,9.01263279151088e-08,0.7637750977390806,9.01263279151088e-08,0.7652705691439639,  ,  ,  ,  
9.012637898020986e-08,0,9.012637898020986e-08,1.099984461348663,9.012637898020986e-08,1.100739000457811,9.012637898020986e-08,0.7637521897124857,9.012637898020986e-08,0.765210922076984,  ,  ,  ,  
9.012641527938504e-08,0,9.012641527938504e-08,1.099966012204404,9.012641527938504e-08,1.100692312785766,9.012641527938504e-08,0.7637430861891623,9.012641527938504e-08,0.7651793051687372,  ,  ,  ,  
9.012645996300456e-08,0,9.012645996300456e-08,1.099950415762067,9.012645996300456e-08,1.100645069199801,9.012645996300456e-08,0.7637351623402615,9.012645996300456e-08,0.765145928850241,  ,  ,  ,  
9.012651763575981e-08,0,9.012651763575981e-08,1.099934603903399,9.012651763575981e-08,1.100594207821456,9.012651763575981e-08,0.7637275277858659,9.012651763575981e-08,0.7651076943881376,  ,  ,  ,  
9.012657752350475e-08,0,9.012657752350475e-08,1.099921056833751,9.012657752350475e-08,1.100549182238376,9.012657752350475e-08,0.7637213720315783,9.012657752350475e-08,0.7650714718626022,  ,  ,  ,  
9.012664559142333e-08,0,9.012664559142333e-08,1.099907703979784,9.012664559142333e-08,1.100504299343077,9.012664559142333e-08,0.7637156483864713,9.012664559142333e-08,0.7650328977090103,  ,  ,  ,  
9.012672928587978e-08,0,9.012672928587978e-08,1.099893155437047,9.012672928587978e-08,1.100455305031666,9.012672928587978e-08,0.7637096993501671,9.012672928587978e-08,0.7649878664858382,  ,  ,  ,  
9.012683775510403e-08,0,9.012683775510403e-08,1.099876377595974,9.012683775510403e-08,1.100398734296659,9.012683775510403e-08,0.7637030000267983,9.012683775510403e-08,0.7649321730113148,  ,  ,  ,  
9.012697864792807e-08,0,9.012697864792807e-08,1.099857137690738,9.012697864792807e-08,1.100333149068786,9.012697864792807e-08,0.7636952182995033,9.012697864792807e-08,0.7648631276407934,  ,  ,  ,  
9.012714807684678e-08,0,9.012714807684678e-08,1.099837043989099,9.012714807684678e-08,1.1002623636813,9.012714807684678e-08,0.7636866341178854,9.012714807684678e-08,0.7647840351722398,  ,  ,  ,  
9.01273514867224e-08,0,9.01273514867224e-08,1.099816616157674,9.01273514867224e-08,1.100185586994532,9.01273514867224e-08,0.7636770618864667,9.01273514867224e-08,0.7646938787000643,  ,  ,  ,  
9.01276072507131e-08,0,9.01276072507131e-08,1.099795795154248,9.01276072507131e-08,1.100098427907976,9.01276072507131e-08,0.763665968325277,9.01276072507131e-08,0.7645869670973954,  ,  ,  ,  
9.012794766777068e-08,0,9.012794766777068e-08,1.099774981110537,9.012794766777068e-08,1.099994989076963,9.012794766777068e-08,0.7636527438615699,9.012794766777068e-08,0.7644543285875679,  ,  ,  ,  
9.012843391800986e-08,0,9.012843391800986e-08,1.099755833295021,9.012843391800986e-08,1.099866836296483,9.012843391800986e-08,0.7636369521490984,9.012843391800986e-08,0.7642813207038972,  ,  ,  ,  
9.012918343971552e-08,0,9.012918343971552e-08,1.099744067786421,9.012918343971552e-08,1.099705619090545,9.012918343971552e-08,0.763620505405786,9.012918343971552e-08,0.7640475939824261,  ,  ,  ,  
9.013024751059357e-08,0,9.013024751059357e-08,1.099752437688563,9.013024751059357e-08,1.099540651654791,9.013024751059357e-08,0.7636156146086017,9.013024751059357e-08,0.7637813236842734,  ,  ,  ,  
9.013096740066476e-08,0,9.013096740066476e-08,1.099770248523495,9.013096740066476e-08,1.099468587244672,9.013096740066476e-08,0.7636243110628994,9.013096740066476e-08,0.7636429059104575,  ,  ,  ,  
9.013168220136868e-08,0,9.013168220136868e-08,1.099792448871764,9.013168220136868e-08,1.099434519232127,9.013168220136868e-08,0.7636412887710243,9.013168220136868e-08,0.7635422505090583,  ,  ,  ,  
9.013227422773435e-08,0,9.013227422773435e-08,1.09981686097599,9.013227422773435e-08,1.099434257190347,9.013227422773435e-08,0.7636598183730094,9.013227422773435e-08,0.7634880384260431,  ,  ,  ,  
9.013282498369376e-08,0,9.013282498369376e-08,1.099840907600045,9.013282498369376e-08,1.099456395654611,9.013282498369376e-08,0.7636787881190462,9.013282498369376e-08,0.7634616023907335,  ,  ,  ,  
9.013341333214226e-08,0,9.013341333214226e-08,1.099866917796502,9.013341333214226e-08,1.09950296278992,9.013341333214226e-08,0.763699333949617,9.013341333214226e-08,0.7634584799721295,  ,  ,  ,  
9.013430463895305e-08,0,9.013430463895305e-08,1.099904331821763,9.013430463895305e-08,1.099608440786335,9.013430463895305e-08,0.7637280501443061,9.013430463895305e-08,0.7634976127226986,  ,  ,  ,  
9.013505716035101e-08,0,9.013505716035101e-08,1.099932016567514,9.013505716035101e-08,1.0997174119521,9.013505716035101e-08,0.7637480963527209,9.013505716035101e-08,0.7635647441033452,  ,  ,  ,  
9.013590094027492e-08,0,9.013590094027492e-08,1.099959142138037,9.013590094027492e-08,1.099853745737387,9.013590094027492e-08,0.7637668422539309,9.013590094027492e-08,0.7636701390541705,  ,  ,  ,  
9.01367694986202e-08,0,9.01367694986202e-08,1.0999820728045,9.01367694986202e-08,1.099999278231597,9.01367694986202e-08,0.7637821103813931,9.01367694986202e-08,0.763802470859632,  ,  ,  ,  
9.013751323511441e-08,0,9.013751323511441e-08,1.099997516133904,9.013751323511441e-08,1.100121806944617,9.013751323511441e-08,0.763792135754647,9.013751323511441e-08,0.7639286031806342,  ,  ,  ,  
9.013849007295725e-08,0,9.013849007295725e-08,1.100012331563868,9.013849007295725e-08,1.10027180519123,9.013849007295725e-08,0.7638018058908375,9.013849007295725e-08,0.7641029198663438,  ,  ,  ,  
9.013955974008747e-08,0,9.013955974008747e-08,1.100022366221623,9.013955974008747e-08,1.100415056070237,9.013955974008747e-08,0.7638090464958283,9.013955974008747e-08,0.76429548751798,  ,  ,  ,  
9.014066559247968e-08,0,9.014066559247968e-08,1.100027198147908,9.014066559247968e-08,1.100534809253007,9.014066559247968e-08,0.7638149171550465,9.014066559247968e-08,0.7644872215294226,  ,  ,  ,  
9.014158681621984e-08,0,9.014158681621984e-08,1.100027653043906,9.014158681621984e-08,1.100609969923636,9.014158681621984e-08,0.763819928927402,9.014158681621984e-08,0.7646360819079888,  ,  ,  ,  
9.01424713674736e-08,0,9.01424713674736e-08,1.100023777519247,9.01424713674736e-08,1.100660224111925,9.01424713674736e-08,0.763825239391551,9.01424713674736e-08,0.7647634805917853,  ,  ,  ,  
9.01435895711393e-08,0,9.01435895711393e-08,1.100019894186071,9.01435895711393e-08,1.100697037220721,9.01435895711393e-08,0.7638345695918748,9.01435895711393e-08,0.7649113738020729,  ,  ,  ,  
9.014448616064576e-08,0,9.014448616064576e-08,1.100015058016414,9.014448616064576e-08,1.100706030631187,9.014448616064576e-08,0.7638435086057725,9.014448616064576e-08,0.7650157811465207,  ,  ,  ,  
9.0145436184891e-08,0,9.0145436184891e-08,1.100006747042798,9.0145436184891e-08,1.100696150193836,9.0145436184891e-08,0.7638522091654975,9.0145436184891e-08,0.7651098714400708,  ,  ,  ,  
9.014634306243316e-08,0,9.014634306243316e-08,1.099994540067408,9.014634306243316e-08,1.100667162390699,9.014634306243316e-08,0.7638568679173635,9.014634306243316e-08,0.7651805396811935,  ,  ,  ,  
9.01470882379053e-08,0,9.01470882379053e-08,1.099981562849968,9.01470882379053e-08,1.10062825060352,9.01470882379053e-08,0.7638573175633762,9.01470882379053e-08,0.7652229536128428,  ,  ,  ,  
9.014782060842651e-08,0,9.014782060842651e-08,1.099967140452405,9.014782060842651e-08,1.100577095394119,9.014782060842651e-08,0.7638550518230449,9.014782060842651e-08,0.765250757476015,  ,  ,  ,  
9.014858711950603e-08,0,9.014858711950603e-08,1.099951521776629,9.014858711950603e-08,1.100511877774664,9.014858711950603e-08,0.7638504879046384,9.014858711950603e-08,0.7652665748376812,  ,  ,  ,  
9.014950073478933e-08,0,9.014950073478933e-08,1.099932908298673,9.014950073478933e-08,1.100421993212317,9.014950073478933e-08,0.7638422359421209,9.014950073478933e-08,0.7652692160916087,  ,  ,  ,  
9.01505472775704e-08,0,9.01505472775704e-08,1.099912728319662,9.01505472775704e-08,1.100308091860281,9.01505472775704e-08,0.7638297205696798,9.01505472775704e-08,0.7652536340769603,  ,  ,  ,  
9.015177016097506e-08,0,9.015177016097506e-08,1.099892068361859,9.015177016097506e-08,1.10016800535231,9.015177016097506e-08,0.7638124022512938,9.015177016097506e-08,0.7652154122621857,  ,  ,  ,  
9.01531506960023e-08,0,9.01531506960023e-08,1.099873895218775,9.01531506960023e-08,1.10001138835698,9.01531506960023e-08,0.7637918305672738,9.01531506960023e-08,0.7651540084948061,  ,  ,  ,  
9.015456421214301e-08,0,9.015456421214301e-08,1.099863067879872,9.015456421214301e-08,1.099865727327531,9.015456421214301e-08,0.7637745608923988,9.015456421214301e-08,0.7650818423119464,  ,  ,  ,  
9.015568289074293e-08,0,9.015568289074293e-08,1.099862706287838,9.015568289074293e-08,1.099771472296475,9.015568289074293e-08,0.7637698021019301,9.015568289074293e-08,0.7650280966981136,  ,  ,  ,  
9.015659239726889e-08,0,9.015659239726889e-08,1.099866998725041,9.015659239726889e-08,1.099710908218823,9.015659239726889e-08,0.7637734768945178,9.015659239726889e-08,0.7649901343408004,  ,  ,  ,  
9.015764875320461e-08,0,9.015764875320461e-08,1.099875294690996,9.015764875320461e-08,1.099658869327533,9.015764875320461e-08,0.7637862691572727,9.015764875320461e-08,0.7649554759996333,  ,  ,  ,  
9.015845650428869e-08,0,9.015845650428869e-08,1.099882325878266,9.015845650428869e-08,1.099631216091384,9.015845650428869e-08,0.7638005499432025,9.015845650428869e-08,0.7649364873296005,  ,  ,  ,  
9.015909171467202e-08,0,9.015909171467202e-08,1.099887777834849,9.015909171467202e-08,1.099616318978557,9.015909171467202e-08,0.7638129566178847,9.015909171467202e-08,0.7649261486529102,  ,  ,  ,  
9.015969868556648e-08,0,9.015969868556648e-08,1.099892034737302,9.015969868556648e-08,1.099607656542374,9.015969868556648e-08,0.7638247670390395,9.015969868556648e-08,0.7649202718547772,  ,  ,  ,  
9.016043245489194e-08,0,9.016043245489194e-08,1.099896280878211,9.016043245489194e-08,1.099604168387621,9.016043245489194e-08,0.7638379974057146,9.016043245489194e-08,0.7649182343426453,  ,  ,  ,  
9.016121587419778e-08,0,9.016121587419778e-08,1.099899406973812,9.016121587419778e-08,1.099607532980568,9.016121587419778e-08,0.7638499536593508,9.016121587419778e-08,0.7649213480880557,  ,  ,  ,  
9.016206068184579e-08,0,9.016206068184579e-08,1.099901077391731,9.016206068184579e-08,1.099617263188665,9.016206068184579e-08,0.7638596387956192,9.016206068184579e-08,0.7649294729401808,  ,  ,  ,  
9.0162995323746e-08,0,9.0162995323746e-08,1.099901575025477,9.0162995323746e-08,1.099632996359727,9.0162995323746e-08,0.7638669206759622,9.0162995323746e-08,0.764942850213135,  ,  ,  ,  
9.016385969885857e-08,0,9.016385969885857e-08,1.09990097133779,9.016385969885857e-08,1.099649584305612,9.016385969885857e-08,0.7638707698811571,9.016385969885857e-08,0.7649575594899833,  ,  ,  ,  
9.016469494065817e-08,0,9.016469494065817e-08,1.099899492517104,9.016469494065817e-08,1.099665113129322,9.016469494065817e-08,0.7638720092312445,9.016469494065817e-08,0.7649723777913883,  ,  ,  ,  
9.016555195015519e-08,0,9.016555195015519e-08,1.099897347231825,9.016555195015519e-08,1.099679897202165,9.016555195015519e-08,0.763871102351523,9.016555195015519e-08,0.764987063200449,  ,  ,  ,  
9.016651887242692e-08,0,9.016651887242692e-08,1.099894538527974,9.016651887242692e-08,1.099693902889385,9.016651887242692e-08,0.7638680000456348,9.016651887242692e-08,0.765002002682058,  ,  ,  ,  
9.016765170164793e-08,0,9.016765170164793e-08,1.099891283705946,9.016765170164793e-08,1.099706338777992,9.016765170164793e-08,0.7638625997758016,9.016765170164793e-08,0.765016394850168,  ,  ,  ,  
9.016864575562277e-08,0,9.016864575562277e-08,1.099888459724654,9.016864575562277e-08,1.099713074222019,9.016864575562277e-08,0.7638567473132281,9.016864575562277e-08,0.7650254464075654,  ,  ,  ,  
9.016938460224215e-08,0,9.016938460224215e-08,1.099886208733142,9.016938460224215e-08,1.099715562222012,9.016938460224215e-08,0.7638515863015117,9.016938460224215e-08,0.7650296131796194,  ,  ,  ,  
9.016995659529278e-08,0,9.016995659529278e-08,1.099884353526277,9.016995659529278e-08,1.099716274196765,9.016995659529278e-08,0.7638470390348636,9.016995659529278e-08,0.7650312360786258,  ,  ,  ,  
9.017045474585704e-08,0,9.017045474585704e-08,1.099882532809157,9.017045474585704e-08,1.099715965918165,9.017045474585704e-08,0.763842541943561,9.017045474585704e-08,0.7650312779020185,  ,  ,  ,  
9.017093943393204e-08,0,9.017093943393204e-08,1.099880432042597,9.017093943393204e-08,1.099714497804559,9.017093943393204e-08,0.7638375309537214,9.017093943393204e-08,0.7650298111017964,  ,  ,  ,  
9.017142922968827e-08,0,9.017142922968827e-08,1.099877995138676,9.017142922968827e-08,1.099711669122263,9.017142922968827e-08,0.7638318128938234,9.017142922968827e-08,0.7650267275108154,  ,  ,  ,  
9.017193543956503e-08,0,9.017193543956503e-08,1.099875285321539,9.017193543956503e-08,1.099707365914197,9.017193543956503e-08,0.763825293662724,9.017193543956503e-08,0.7650219323873975,  ,  ,  ,  
9.017251102037524e-08,0,9.017251102037524e-08,1.099872169352808,9.017251102037524e-08,1.099700862183766,9.017251102037524e-08,0.7638172594641462,9.017251102037524e-08,0.7650146864116555,  ,  ,  ,  
9.017311481202568e-08,0,9.017311481202568e-08,1.099869081269076,9.017311481202568e-08,1.099692229279823,9.017311481202568e-08,0.7638083073532302,9.017311481202568e-08,0.7650052987286901,  ,  ,  ,  
9.017358955807056e-08,0,9.017358955807056e-08,1.099867107552888,9.017358955807056e-08,1.099684144412019,9.017358955807056e-08,0.7638013042344806,9.017358955807056e-08,0.7649969982453999,  ,  ,  ,  
9.017395920114585e-08,0,9.017395920114585e-08,1.099865423292074,9.017395920114585e-08,1.099676302454545,9.017395920114585e-08,0.7637961271764238,9.017395920114585e-08,0.7649901601138802,  ,  ,  ,  
9.017428636990771e-08,0,9.017428636990771e-08,1.099864559397781,9.017428636990771e-08,1.099668832885148,9.017428636990771e-08,0.7637915365772838,9.017428636990771e-08,0.7649836679684541,  ,  ,  ,  
9.017465085144374e-08,0,9.017465085144374e-08,1.099863566937459,9.017465085144374e-08,1.099659173981965,9.017465085144374e-08,0.7637861633907408,9.017465085144374e-08,0.7649758229068024,  ,  ,  ,  
9.017499862656493e-08,0,9.017499862656493e-08,1.099862623900769,9.017499862656493e-08,1.099648699257275,9.017499862656493e-08,0.7637807934608477,9.017499862656493e-08,0.7649678775555552,  ,  ,  ,  
9.017533905903237e-08,0,9.017533905903237e-08,1.09986181968907,9.017533905903237e-08,1.099637791455531,9.017533905903237e-08,0.7637753194814768,9.017533905903237e-08,0.7649598749214824,  ,  ,  ,  
9.017571380273689e-08,0,9.017571380273689e-08,1.099861204739653,9.017571380273689e-08,1.099625773289827,9.017571380273689e-08,0.7637690364313051,9.017571380273689e-08,0.7649510054610754,  ,  ,  ,  
9.017606724492221e-08,0,9.017606724492221e-08,1.09986092920376,9.017606724492221e-08,1.099614946753095,9.017606724492221e-08,0.763762847492699,9.017606724492221e-08,0.7649426432626034,  ,  ,  ,  
9.017644934341991e-08,0,9.017644934341991e-08,1.099860971452598,9.017644934341991e-08,1.09960418931607,9.017644934341991e-08,0.7637558901405265,9.017644934341991e-08,0.7649335931386988,  ,  ,  ,  
9.017682412582582e-08,0,9.017682412582582e-08,1.099861309689055,9.017682412582582e-08,1.099594755973601,9.017682412582582e-08,0.7637488187799378,9.017682412582582e-08,0.7649245593735315,  ,  ,  ,  
9.017718191853541e-08,0,9.017718191853541e-08,1.099861853733903,9.017718191853541e-08,1.09958674928561,9.017718191853541e-08,0.7637418946551445,9.017718191853541e-08,0.7649158064123599,  ,  ,  ,  
9.017758561389002e-08,0,9.017758561389002e-08,1.099862695716702,9.017758561389002e-08,1.09957874475646,9.017758561389002e-08,0.7637339727343825,9.017758561389002e-08,0.7649057033615136,  ,  ,  ,  
9.017801948711514e-08,0,9.017801948711514e-08,1.099863855850102,9.017801948711514e-08,1.099571155329482,9.017801948711514e-08,0.7637254584524298,9.017801948711514e-08,0.7648945559276645,  ,  ,  ,  
9.017845789121283e-08,0,9.017845789121283e-08,1.099865304519099,9.017845789121283e-08,1.099564405640138,9.017845789121283e-08,0.7637169846242133,9.017845789121283e-08,0.7648830398414127,  ,  ,  ,  
9.017892744592933e-08,0,9.017892744592933e-08,1.099867184514134,9.017892744592933e-08,1.099558129073705,9.017892744592933e-08,0.7637081739675156,9.017892744592933e-08,0.7648705384653582,  ,  ,  ,  
9.017945273867169e-08,0,9.017945273867169e-08,1.099869716058254,9.017945273867169e-08,1.099552306705686,9.017945273867169e-08,0.7636987577144501,9.017945273867169e-08,0.7648565380129292,  ,  ,  ,  
9.018006659226881e-08,0,9.018006659226881e-08,1.099873259356235,9.018006659226881e-08,1.099547251101025,9.018006659226881e-08,0.763688453183218,9.018006659226881e-08,0.7648404412639365,  ,  ,  ,  
9.01808198903456e-08,0,9.01808198903456e-08,1.099878423126706,9.01808198903456e-08,1.099543885052983,9.01808198903456e-08,0.7636769421957744,9.01808198903456e-08,0.7648214878808786,  ,  ,  ,  
9.018179521494498e-08,0,9.018179521494498e-08,1.099886215956727,9.018179521494498e-08,1.099544404505384,9.018179521494498e-08,0.7636639571211176,9.018179521494498e-08,0.7647988062869856,  ,  ,  ,  
9.018314612920541e-08,0,9.018314612920541e-08,1.099898319375887,9.018314612920541e-08,1.099553831665889,9.018314612920541e-08,0.763649401040938,9.018314612920541e-08,0.7647713759059275,  ,  ,  ,  
9.018464629366661e-08,0,9.018464629366661e-08,1.099912381577993,9.018464629366661e-08,1.099574349931194,9.018464629366661e-08,0.7636373763352695,9.018464629366661e-08,0.7647461460265845,  ,  ,  ,  
9.018618588735916e-08,0,9.018618588735916e-08,1.099926337036151,9.018618588735916e-08,1.099603480775131,9.018618588735916e-08,0.7636287271502229,9.018618588735916e-08,0.7647250031350976,  ,  ,  ,  
9.01878197135942e-08,0,9.01878197135942e-08,1.099939693096028,9.01878197135942e-08,1.099639598524503,9.01878197135942e-08,0.7636225892567589,9.01878197135942e-08,0.7647062753500118,  ,  ,  ,  
9.018960346959589e-08,0,9.018960346959589e-08,1.099952055149569,9.018960346959589e-08,1.099681078383089,9.018960346959589e-08,0.7636183503679594,9.018960346959589e-08,0.7646883562237778,  ,  ,  ,  
9.019161786464503e-08,0,9.019161786464503e-08,1.099963228232434,9.019161786464503e-08,1.099726565334757,9.019161786464503e-08,0.7636155615707255,9.019161786464503e-08,0.7646694643724878,  ,  ,  ,  
9.019396989077935e-08,0,9.019396989077935e-08,1.099973071823268,9.019396989077935e-08,1.099774544916845,9.019396989077935e-08,0.7636139434540398,9.019396989077935e-08,0.7646476280387376,  ,  ,  ,  
9.019674737178598e-08,0,9.019674737178598e-08,1.099981318748679,9.019674737178598e-08,1.09982223013794,9.019674737178598e-08,0.7636133604465695,9.019674737178598e-08,0.7646211690413366,  ,  ,  ,  
9.019837368589299e-08,0,9.019837368589299e-08,1.099984806584214,9.019837368589299e-08,1.099845591740025,9.019837368589299e-08,0.7636134772031843,9.019837368589299e-08,0.7646052540055662,  ,  ,  ,  
9.02e-08,0,9.02e-08,1.099987566842256,9.02e-08,1.099865776339447,9.02e-08,0.7636138153608359,9.02e-08,0.764589030352528,  ,  ,  ,  
9.020098232687179e-08,0,9.020098232687179e-08,1.099988844747005,9.020098232687179e-08,1.099876043335371,9.020098232687179e-08,0.7636140990676705,9.020098232687179e-08,0.7645791151161125,  ,  ,  ,  
9.020181433917055e-08,0,9.020181433917055e-08,1.099989852363713,9.020181433917055e-08,1.099884307349264,9.020181433917055e-08,0.763614349769041,9.020181433917055e-08,0.7645706847083126,  ,  ,  ,  
9.020264339472281e-08,0,9.020264339472281e-08,1.099990777571676,9.020264339472281e-08,1.099891980903012,9.020264339472281e-08,0.7636146603312804,9.020264339472281e-08,0.7645622888819064,  ,  ,  ,  
9.020430150582734e-08,0,9.020430150582734e-08,1.099992351601026,9.020430150582734e-08,1.099905764536487,9.020430150582734e-08,0.763615299076053,9.020430150582734e-08,0.7645454964768549,  ,  ,  ,  
9.020621496642649e-08,0,9.020621496642649e-08,1.099993820838722,9.020621496642649e-08,1.099919379926897,9.020621496642649e-08,0.7636161134942254,9.020621496642649e-08,0.7645262116707963,  ,  ,  ,  
9.020919829335909e-08,0,9.020919829335909e-08,1.099995538270636,9.020919829335909e-08,1.099936634167501,9.020919829335909e-08,0.7636175100081923,9.020919829335909e-08,0.7644965393023889,  ,  ,  ,  
9.021409326254231e-08,0,9.021409326254231e-08,1.099997339923396,9.021409326254231e-08,1.09995728042092,9.021409326254231e-08,0.7636199804739866,9.021409326254231e-08,0.7644493671404359,  ,  ,  ,  
9.022264539640354e-08,0,9.022264539640354e-08,1.099998883640758,9.022264539640354e-08,1.099979200017341,9.022264539640354e-08,0.7636244172144243,9.022264539640354e-08,0.7643723841480762,  ,  ,  ,  
9.023362294710972e-08,0,9.023362294710972e-08,1.099999560869789,9.023362294710972e-08,1.099992847554318,9.023362294710972e-08,0.7636298727384295,9.023362294710972e-08,0.7642839484993187,  ,  ,  ,  
9.024826684437094e-08,0,9.024826684437094e-08,1.099999760803816,9.024826684437094e-08,1.09999972463535,9.024826684437094e-08,0.763636356007613,9.024826684437094e-08,0.7641826606556379,  ,  ,  ,  
9.026864990095321e-08,0,9.026864990095321e-08,1.09999978952582,9.026864990095321e-08,1.100001842951959,9.026864990095321e-08,0.7636437999317286,9.026864990095321e-08,0.7640683005565388,  ,  ,  ,  
9.02973559832982e-08,0,9.02973559832982e-08,1.099999806030216,9.02973559832982e-08,1.100001462413261,9.02973559832982e-08,0.7636516884121056,9.02973559832982e-08,0.7639478040001906,  ,  ,  ,  
9.034153867093597e-08,0,9.034153867093597e-08,1.099999850377651,9.034153867093597e-08,1.100000544887834,9.034153867093597e-08,0.7636596662688043,9.034153867093597e-08,0.7638260316602545,  ,  ,  ,  
9.04186278747569e-08,0,9.04186278747569e-08,1.099999906998242,9.04186278747569e-08,1.100000037346815,9.04186278747569e-08,0.7636667827933903,9.04186278747569e-08,0.7637173479322451,  ,  ,  ,  
9.052286971166027e-08,0,9.052286971166027e-08,1.099999936449032,9.052286971166027e-08,1.099999977738433,9.052286971166027e-08,0.7636700514521804,9.052286971166027e-08,0.7636674250223845,  ,  ,  ,  
9.066547456912751e-08,0,9.066547456912751e-08,1.099999942438676,9.066547456912751e-08,1.099999997899159,9.066547456912751e-08,0.7636706728319309,9.066547456912751e-08,0.7636579624096637,  ,  ,  ,  
9.086695668141894e-08,0,9.086695668141894e-08,1.099999938795467,9.086695668141894e-08,1.100000006157883,9.086695668141894e-08,0.763670241410893,9.086695668141894e-08,0.7636645855707199,  ,  ,  ,  
9.117476463757739e-08,0,9.117476463757739e-08,1.099999935368028,9.117476463757739e-08,1.100000016970328,9.117476463757739e-08,0.7636698279320553,9.117476463757739e-08,0.7636709436616556,  ,  ,  ,  
9.173344146926417e-08,0,9.173344146926417e-08,1.09999993451382,9.173344146926417e-08,1.100000018885936,9.173344146926417e-08,0.763669718670084,9.173344146926417e-08,0.7636726993366924,  ,  ,  ,  
9.285079513263772e-08,0,9.285079513263772e-08,1.099999934996342,9.285079513263772e-08,1.100000018668381,9.285079513263772e-08,0.7636697548525512,9.285079513263772e-08,0.7636722629311767,  ,  ,  ,  
9.400000000000001e-08,0,9.400000000000001e-08,1.09999993532026,9.400000000000001e-08,1.100000018657674,9.400000000000001e-08,0.763669778529402,9.400000000000001e-08,0.7636720556598613,  ,  ,  ,  
9.401540067917462e-08,0.08470373546033978,9.401540067917462e-08,1.099999960208804,9.401540067917462e-08,1.100000043475649,9.401540067917462e-08,0.7636698055969872,9.401540067917462e-08,0.7636732525461764,  ,  ,  ,  
9.403026418932963e-08,0.1664530413129684,9.403026418932963e-08,1.099999907716128,9.403026418932963e-08,1.099999996359883,9.403026418932963e-08,0.7636697936673511,9.403026418932963e-08,0.7636724417217315,  ,  ,  ,  
9.405999120963965e-08,0.3299516530180799,9.405999120963965e-08,1.099999904178236,9.405999120963965e-08,1.0999999831794,9.405999120963965e-08,0.7636697670918071,9.405999120963965e-08,0.7636703611578955,  ,  ,  ,  
9.406863274171784e-08,0.3774800794480523,9.406863274171784e-08,1.099999733134779,9.406863274171784e-08,1.099999828008852,9.406863274171784e-08,0.7636696553743242,9.406863274171784e-08,0.763665329396383,  ,  ,  ,  
9.40780031911082e-08,0.4290175510950762,9.40780031911082e-08,1.099999276943633,9.40780031911082e-08,1.099999391994321,9.40780031911082e-08,0.7636693305782145,9.40780031911082e-08,0.7636497640552754,  ,  ,  ,  
9.408239078565499e-08,0.453149321102354,9.408239078565499e-08,1.099998791455569,9.408239078565499e-08,1.09999894128945,9.408239078565499e-08,0.7636690132673187,9.408239078565499e-08,0.7636347576199202,  ,  ,  ,  
9.408696230008345e-08,0.4782926504589836,9.408696230008345e-08,1.099997984321319,9.408696230008345e-08,1.099998182014949,9.408696230008345e-08,0.7636684813680863,9.408696230008345e-08,0.7636091228351144,  ,  ,  ,  
9.409095864897115e-08,0.5002725693413302,9.409095864897115e-08,1.099996907052688,9.409095864897115e-08,1.099997156881825,9.409095864897115e-08,0.7636677504030405,9.409095864897115e-08,0.7635737148909609,  ,  ,  ,  
9.409428330314766e-08,0.5185581673120963,9.409428330314766e-08,1.099995818191703,9.409428330314766e-08,1.099996081351204,9.409428330314766e-08,0.7636669421337647,9.409428330314766e-08,0.7635329357298074,  ,  ,  ,  
9.409766449641349e-08,0.5371547302741203,9.409766449641349e-08,1.09999478414382,9.409766449641349e-08,1.099994969151152,9.409766449641349e-08,0.7636659877616678,9.409766449641349e-08,0.7634816821916388,  ,  ,  ,  
9.41022479651773e-08,0.5623638084750797,9.41022479651773e-08,1.099993465881376,9.41022479651773e-08,1.09999347231195,9.41022479651773e-08,0.7636644075032666,9.41022479651773e-08,0.7633976936964343,  ,  ,  ,  
9.410549966076727e-08,0.5802481342199795,9.410549966076727e-08,1.099993486531276,9.410549966076727e-08,1.099993143843211,9.410549966076727e-08,0.7636634295982518,9.410549966076727e-08,0.7633386251745996,  ,  ,  ,  
9.410979134369362e-08,0.6038523903149055,9.410979134369362e-08,1.100004029071287,9.410979134369362e-08,1.100001171894245,9.410979134369362e-08,0.7636661111554943,9.410979134369362e-08,0.7633914778172404,  ,  ,  ,  
9.411307207900611e-08,0.6218964345336067,9.411307207900611e-08,1.100036569299643,9.411307207900611e-08,1.100027403921833,9.411307207900611e-08,0.7636781545916311,9.411307207900611e-08,0.7637875453372659,  ,  ,  ,  
9.411650949209075e-08,0.6408022064990608,9.411650949209075e-08,1.100110883894979,9.411650949209075e-08,1.100089960713891,9.411650949209075e-08,0.7637084333016677,9.411650949209075e-08,0.7649678975342042,  ,  ,  ,  
9.411943927698089e-08,0.6569160233948717,9.411943927698089e-08,1.100208162923366,9.411943927698089e-08,1.100176248591875,9.411943927698089e-08,0.76375188966222,9.411943927698089e-08,0.7669015823696835,  ,  ,  ,  
9.41221692008116e-08,0.6719306044637102,9.41221692008116e-08,1.100310496196279,9.41221692008116e-08,1.100274359434208,9.41221692008116e-08,0.7638041081011501,9.41221692008116e-08,0.7695744358971047,  ,  ,  ,  
9.412461724908948e-08,0.6853948699921582,9.412461724908948e-08,1.100395405136532,9.412461724908948e-08,1.100366279697212,9.412461724908948e-08,0.7638580445957053,9.412461724908948e-08,0.7726452513733374,  ,  ,  ,  
9.412637045422539e-08,0.6950374982396151,9.412637045422539e-08,1.100451211680516,9.412637045422539e-08,1.100430415762665,9.412637045422539e-08,0.7639004369668956,9.412637045422539e-08,0.7751865987300541,  ,  ,  ,  
9.412813789823577e-08,0.7047584402967433,9.412813789823577e-08,1.100497329975366,9.412813789823577e-08,1.1004895734472,9.412813789823577e-08,0.7639455677767661,9.412813789823577e-08,0.7779695545445316,  ,  ,  ,  
9.412986355718149e-08,0.7142495644981948,9.412986355718149e-08,1.10052958033264,9.412986355718149e-08,1.100538697369174,9.412986355718149e-08,0.763991390444034,9.412986355718149e-08,0.7808217403549934,  ,  ,  ,  
9.41316210739827e-08,0.7239159069048622,9.41316210739827e-08,1.100547256872595,9.41316210739827e-08,1.100577316665392,9.41316210739827e-08,0.7640398547480436,9.41316210739827e-08,0.7837691567600571,  ,  ,  ,  
9.413382694652302e-08,0.736048205876605,9.413382694652302e-08,1.100545155998534,9.413382694652302e-08,1.100606458318704,9.413382694652302e-08,0.7641045614906796,9.413382694652302e-08,0.787352670750927,  ,  ,  ,  
9.413556325530226e-08,0.7455979041624305,9.413556325530226e-08,1.100520353676782,9.413556325530226e-08,1.100611483186165,9.413556325530226e-08,0.764160284165791,9.413556325530226e-08,0.7899314866448516,  ,  ,  ,  
9.413687535627386e-08,0.7528144595061728,9.413687535627386e-08,1.100488616193975,9.413687535627386e-08,1.100604027898946,9.413687535627386e-08,0.7642041938695223,9.413687535627386e-08,0.7916775636705318,  ,  ,  ,  
9.413829818507493e-08,0.7606400179120175,9.413829818507493e-08,1.100448122888939,9.413829818507493e-08,1.100587384849847,9.413829818507493e-08,0.7642516093817509,9.413829818507493e-08,0.793365555144534,  ,  ,  ,  
9.413933883249646e-08,0.7663635787305281,9.413933883249646e-08,1.100417612253827,9.413933883249646e-08,1.100571420699861,9.413933883249646e-08,0.7642859710407223,9.413933883249646e-08,0.7944715937095832,  ,  ,  ,  
9.414099814606549e-08,0.7754898033600963,9.414099814606549e-08,1.100370530003492,9.414099814606549e-08,1.100542990407408,9.414099814606549e-08,0.7643411498244079,9.414099814606549e-08,0.7960208096724831,  ,  ,  ,  
9.414284903722124e-08,0.7856697047167461,9.414284903722124e-08,1.100319686067676,9.414284903722124e-08,1.100509581394302,9.414284903722124e-08,0.7644035741694093,9.414284903722124e-08,0.7974351812394075,  ,  ,  ,  
9.414598111968133e-08,0.8028961582472554,9.414598111968133e-08,1.100226986281532,9.414598111968133e-08,1.100451651735045,9.414598111968133e-08,0.7645117313855325,9.414598111968133e-08,0.7989244981886765,  ,  ,  ,  
9.414833948612038e-08,0.815867173662066,9.414833948612038e-08,1.100142394072749,9.414833948612038e-08,1.100405840983965,9.414833948612038e-08,0.7645940855578462,9.414833948612038e-08,0.7991047361779027,  ,  ,  ,  
9.415107788026388e-08,0.8309283414512858,9.415107788026388e-08,1.1000147541063,9.415107788026388e-08,1.100346471891775,9.415107788026388e-08,0.7646882583525609,9.415107788026388e-08,0.7979216221728725,  ,  ,  ,  
9.415328686332252e-08,0.8430777482738366,9.415328686332252e-08,1.099887781321377,9.415328686332252e-08,1.100290743660897,9.415328686332252e-08,0.7647593878552106,9.415328686332252e-08,0.7956111816614144,  ,  ,  ,  
9.415572393773924e-08,0.8564816575657646,9.415572393773924e-08,1.099719144277807,9.415572393773924e-08,1.100219472536762,9.415572393773924e-08,0.7648281152330401,9.415572393773924e-08,0.7913685319811969,  ,  ,  ,  
9.415811981847203e-08,0.8696590015961321,9.415811981847203e-08,1.09953429565772,9.415811981847203e-08,1.100139336785855,9.415811981847203e-08,0.7648804985101058,9.415811981847203e-08,0.7852479295537041,  ,  ,  ,  
9.416066753096789e-08,0.8836714203232894,9.416066753096789e-08,1.099342006366905,9.416066753096789e-08,1.100046332250002,9.416066753096789e-08,0.764914502730109,9.416066753096789e-08,0.7764386758279113,  ,  ,  ,  
9.416347022988345e-08,0.8990862643589677,9.416347022988345e-08,1.099140303531663,9.416347022988345e-08,1.0999395125338,9.416347022988345e-08,0.7649197052814778,9.416347022988345e-08,0.763884196651073,  ,  ,  ,  
9.416627293196697e-08,0.9145011258182592,9.416627293196697e-08,1.098931134524849,9.416627293196697e-08,1.099831737970884,9.416627293196697e-08,0.7648846173567921,9.416627293196697e-08,0.7482541107178717,  ,  ,  ,  
9.416943479625465e-08,0.9318913794004728,9.416943479625465e-08,1.098641564361732,9.416943479625465e-08,1.099713022015612,9.416943479625465e-08,0.7647956057375144,9.416943479625465e-08,0.7269437956745898,  ,  ,  ,  
9.417237560600728e-08,0.9480658330400065,9.417237560600728e-08,1.098262511068578,9.417237560600728e-08,1.099607934600656,9.417237560600728e-08,0.7646641120879104,9.417237560600728e-08,0.703663533860264,  ,  ,  ,  
9.417518536292305e-08,0.963519496076691,9.417518536292305e-08,1.09782314115323,9.417518536292305e-08,1.099514910555702,9.417518536292305e-08,0.7644957280760148,9.417518536292305e-08,0.6783838803226369,  ,  ,  ,  
9.417797591816442e-08,0.9788675499042936,9.417797591816442e-08,1.097502471340272,9.417797591816442e-08,1.099437427834851,9.417797591816442e-08,0.7642953442750853,9.417797591816442e-08,0.6504826303255825,  ,  ,  ,  
9.418054934709451e-08,0.9930214090197838,9.418054934709451e-08,1.09744214386878,9.418054934709451e-08,1.099388452855409,9.418054934709451e-08,0.7640987190477351,9.418054934709451e-08,0.6224238371868762,  ,  ,  ,  
9.418289329375701e-08,1.005913115663535,9.418289329375701e-08,1.097536932728179,9.418289329375701e-08,1.099366719938718,9.418289329375701e-08,0.7639367268430817,9.418289329375701e-08,0.5949541520242814,  ,  ,  ,  
9.418468577277958e-08,1.015771750287604,9.418468577277958e-08,1.09768246715277,9.418468577277958e-08,1.09936864987367,9.418468577277958e-08,0.7638506029346873,9.418468577277958e-08,0.572659391634986,  ,  ,  ,  
9.418613966529811e-08,1.023768159139576,9.418613966529811e-08,1.097862435846372,9.418613966529811e-08,1.099385262360953,9.418613966529811e-08,0.7638242906607914,9.418613966529811e-08,0.5536853903460249,  ,  ,  ,  
9.418745787976211e-08,1.031018338691544,9.418745787976211e-08,1.098081597527108,9.418745787976211e-08,1.099412568468714,9.418745787976211e-08,0.7638441637648403,9.418745787976211e-08,0.5357406230170927,  ,  ,  ,  
9.41888892520259e-08,1.038890886142352,9.41888892520259e-08,1.098369731289142,9.41888892520259e-08,1.099451998588369,9.41888892520259e-08,0.7639088789905938,9.41888892520259e-08,0.5154714374034911,  ,  ,  ,  
9.419009783561352e-08,1.045538095874352,9.419009783561352e-08,1.09863860028208,9.419009783561352e-08,1.099490176497691,9.419009783561352e-08,0.7639873417445847,9.419009783561352e-08,0.4978327074530294,  ,  ,  ,  
9.419130634536093e-08,1.05218489948509,9.419130634536093e-08,1.098919000671938,9.419130634536093e-08,1.099530588357691,9.419130634536093e-08,0.7640722377565226,9.419130634536093e-08,0.4798795480233285,  ,  ,  ,  
9.419275698807501e-08,1.06016343441257,9.419275698807501e-08,1.099263644487088,9.419275698807501e-08,1.09957932934666,9.419275698807501e-08,0.7641696596596783,9.419275698807501e-08,0.4581538053485659,  ,  ,  ,  
9.419432578273608e-08,1.068791805048377,9.419432578273608e-08,1.099646895637464,9.419432578273608e-08,1.099629757158531,9.419432578273608e-08,0.7642771858820575,9.419432578273608e-08,0.4347024740973414,  ,  ,  ,  
9.419596989964519e-08,1.077834448048482,9.419596989964519e-08,1.100078702917555,9.419596989964519e-08,1.099678742185131,9.419596989964519e-08,0.7643918402411203,9.419596989964519e-08,0.410479151155938,  ,  ,  ,  
9.419756619987449e-08,1.086614099309698,9.419756619987449e-08,1.100549794937943,9.419756619987449e-08,1.099721687772256,9.419756619987449e-08,0.764497336952733,9.419756619987449e-08,0.3876204483227718,  ,  ,  ,  
9.419900482817382e-08,1.094526554955938,9.419900482817382e-08,1.101025130544228,9.419900482817382e-08,1.099754212229855,9.419900482817382e-08,0.7645805996030313,9.419900482817382e-08,0.36779410948547,  ,  ,  ,  
9.420000000000001e-08,1.1,9.420000000000001e-08,1.101381396066629,9.420000000000001e-08,1.099770472061417,9.420000000000001e-08,0.7646266881342866,9.420000000000001e-08,0.3545709307611216,  ,  ,  ,  
9.420060563021911e-08,1.1,9.420060563021911e-08,1.101610245905307,9.420060563021911e-08,1.099776447097021,9.420060563021911e-08,0.7646496556787641,9.420060563021911e-08,0.3467108078719771,  ,  ,  ,  
9.420123963818177e-08,1.1,9.420123963818177e-08,1.101856119327125,9.420123963818177e-08,1.099780258621247,9.420123963818177e-08,0.7646687617043353,9.420123963818177e-08,0.3386577019059714,  ,  ,  ,  
9.420187237164526e-08,1.1,9.420187237164526e-08,1.1021089257551,9.420187237164526e-08,1.099780928727693,9.420187237164526e-08,0.7646831576655694,9.420187237164526e-08,0.3308035906154708,  ,  ,  ,  
9.420256667724301e-08,1.1,9.420256667724301e-08,1.102394319894305,9.420256667724301e-08,1.09977810474575,9.420256667724301e-08,0.7646933932524249,9.420256667724301e-08,0.3223815212903379,  ,  ,  ,  
9.420370410341448e-08,1.1,9.420370410341448e-08,1.102879010333414,9.420370410341448e-08,1.09976688274406,9.420370410341448e-08,0.7646984434015388,9.420370410341448e-08,0.3090078047566522,  ,  ,  ,  
9.420515727213133e-08,1.1,9.420515727213133e-08,1.103529098529088,9.420515727213133e-08,1.099746389959661,9.420515727213133e-08,0.764689064837992,9.420515727213133e-08,0.2926580661231021,  ,  ,  ,  
9.420661492931029e-08,1.1,9.420661492931029e-08,1.104215773903119,9.420661492931029e-08,1.099726368669115,9.420661492931029e-08,0.7646693497825542,9.420661492931029e-08,0.2770476975325752,  ,  ,  ,  
9.420803050161001e-08,1.1,9.420803050161001e-08,1.104914970724578,9.420803050161001e-08,1.099712722285177,9.420803050161001e-08,0.764645809698034,9.420803050161001e-08,0.2626073458312953,  ,  ,  ,  
9.420931463780425e-08,1.1,9.420931463780425e-08,1.105576542611838,9.420931463780425e-08,1.099707151020545,9.420931463780425e-08,0.764624501437994,9.420931463780425e-08,0.2500913527131756,  ,  ,  ,  
9.421058439623535e-08,1.1,9.421058439623535e-08,1.106255143132768,9.421058439623535e-08,1.099708755512776,9.421058439623535e-08,0.7646045220828919,9.421058439623535e-08,0.2382344864105012,  ,  ,  ,  
9.421159629496579e-08,1.1,9.421159629496579e-08,1.106813424454238,9.421159629496579e-08,1.099714637313193,9.421159629496579e-08,0.7645898911552907,9.421159629496579e-08,0.2291365540842521,  ,  ,  ,  
9.421296382138009e-08,1.1,9.421296382138009e-08,1.107593891130078,9.421296382138009e-08,1.099727188194813,9.421296382138009e-08,0.7645718790814633,9.421296382138009e-08,0.2173162366966536,  ,  ,  ,  
9.421461486133853e-08,1.1,9.421461486133853e-08,1.108581078117869,9.421461486133853e-08,1.099746564414015,9.421461486133853e-08,0.7645523804811658,9.421461486133853e-08,0.2037441239087009,  ,  ,  ,  
9.42161964987808e-08,1.1,9.42161964987808e-08,1.109581422135644,9.42161964987808e-08,1.099768004000123,9.42161964987808e-08,0.7645358190697812,9.42161964987808e-08,0.1914285533207001,  ,  ,  ,  
9.421830478745433e-08,1.1,9.421830478745433e-08,1.111021289624063,9.421830478745433e-08,1.099799085028069,9.421830478745433e-08,0.7645164947790599,9.421830478745433e-08,0.1760236221005221,  ,  ,  ,  
9.422025625636377e-08,1.1,9.422025625636377e-08,1.112492027299577,9.422025625636377e-08,1.099829936319018,9.422025625636377e-08,0.7645012321283996,9.422025625636377e-08,0.1627634392437513,  ,  ,  ,  
9.422284407755787e-08,1.1,9.422284407755787e-08,1.114710472016837,9.422284407755787e-08,1.099872943266086,9.422284407755787e-08,0.764484136642031,9.422284407755787e-08,0.1466109286883818,  ,  ,  ,  
9.422415393035691e-08,1.1,9.422415393035691e-08,1.115961864908488,9.422415393035691e-08,1.099895332052055,9.422415393035691e-08,0.7644766613363221,9.422415393035691e-08,0.1390315132066485,  ,  ,  ,  
9.422540745928043e-08,1.1,9.422540745928043e-08,1.117238415300774,9.422540745928043e-08,1.099916863671416,9.422540745928043e-08,0.7644703558470374,9.422540745928043e-08,0.132138608435611,  ,  ,  ,  
9.422690043343533e-08,1.1,9.422690043343533e-08,1.118823274871862,9.422690043343533e-08,1.099940901605019,9.422690043343533e-08,0.7644634065093406,9.422690043343533e-08,0.1243667276507545,  ,  ,  ,  
9.422842289139713e-08,1.1,9.422842289139713e-08,1.120414569639097,9.422842289139713e-08,1.099962157964404,9.422842289139713e-08,0.7644567243720636,9.422842289139713e-08,0.1169047258234151,  ,  ,  ,  
9.422999848438221e-08,1.1,9.422999848438221e-08,1.121847204945514,9.422999848438221e-08,1.099980218347169,9.422999848438221e-08,0.764450393132575,9.422999848438221e-08,0.1096475510544527,  ,  ,  ,  
9.423198266350802e-08,1.1,9.423198266350802e-08,1.122801992002174,9.423198266350802e-08,1.099997620551207,9.423198266350802e-08,0.7644438063614516,9.423198266350802e-08,0.1011405427256621,  ,  ,  ,  
9.423462865371015e-08,1.1,9.423462865371015e-08,1.120339178041725,9.423462865371015e-08,1.100012910724452,9.423462865371015e-08,0.7644392229804898,9.423462865371015e-08,0.0908100901064787,  ,  ,  ,  
9.423706954421141e-08,1.1,9.423706954421141e-08,1.109831013951136,9.423706954421141e-08,1.100019879088126,9.423706954421141e-08,0.7644413314011153,9.423706954421141e-08,0.08222362910951465,  ,  ,  ,  
9.423901199763137e-08,1.1,9.423901199763137e-08,1.091321336937086,9.423901199763137e-08,1.100020358917003,9.423901199763137e-08,0.7644474116881749,9.423901199763137e-08,0.07598291449306796,  ,  ,  ,  
9.424067130891931e-08,1.1,9.424067130891931e-08,1.064358956434562,9.424067130891931e-08,1.10001631860156,9.424067130891931e-08,0.7644538115705534,9.424067130891931e-08,0.07103207657998797,  ,  ,  ,  
9.424214276192787e-08,1.1,9.424214276192787e-08,1.02925499967406,9.424214276192787e-08,1.100009775257834,9.424214276192787e-08,0.7644597220581182,9.424214276192787e-08,0.06691942360657314,  ,  ,  ,  
9.424362806360433e-08,1.1,9.424362806360433e-08,0.9832213236948728,9.424362806360433e-08,1.10000033925612,9.424362806360433e-08,0.7644643199421953,9.424362806360433e-08,0.06301037476288987,  ,  ,  ,  
9.424507475406565e-08,1.1,9.424507475406565e-08,0.9292571159115953,9.424507475406565e-08,1.099989477615139,9.424507475406565e-08,0.7644669874295563,9.424507475406565e-08,0.0594229844899813,  ,  ,  ,  
9.424688409227871e-08,1.1,9.424688409227871e-08,0.8510741127366106,9.424688409227871e-08,1.099975372499418,9.424688409227871e-08,0.7644677940174803,9.424688409227871e-08,0.05522817025206863,  ,  ,  ,  
9.424870569594993e-08,1.1,9.424870569594993e-08,0.7629613001278452,9.424870569594993e-08,1.099962276049947,9.424870569594993e-08,0.7644662740083378,9.424870569594993e-08,0.05131942287164911,  ,  ,  ,  
9.42504200383723e-08,1.1,9.42504200383723e-08,0.6746797024943888,9.42504200383723e-08,1.099953376499443,9.42504200383723e-08,0.7644645568882507,9.42504200383723e-08,0.04792154841760232,  ,  ,  ,  
9.425197423441404e-08,1.1,9.425197423441404e-08,0.5925440832564739,9.425197423441404e-08,1.099948582156888,9.425197423441404e-08,0.7644632994995116,9.425197423441404e-08,0.04506751907412298,  ,  ,  ,  
9.425278051042822e-08,1.1,9.425278051042822e-08,0.5495214887612397,9.425278051042822e-08,1.099946877697378,9.425278051042822e-08,0.7644624739996135,9.425278051042822e-08,0.04366806477649075,  ,  ,  ,  
9.425358441513415e-08,1.1,9.425358441513415e-08,0.5066910465765487,9.425358441513415e-08,1.099946056206991,9.425358441513415e-08,0.7644618177910248,9.425358441513415e-08,0.04232618745926695,  ,  ,  ,  
9.425425993799192e-08,1.1,9.425425993799192e-08,0.4707907557057555,9.425425993799192e-08,1.099945493120244,9.425425993799192e-08,0.7644609583707713,9.425425993799192e-08,0.04123744083338449,  ,  ,  ,  
9.425478776774084e-08,1.1,9.425478776774084e-08,0.442684763834152,9.425478776774084e-08,1.09994461864666,9.425478776774084e-08,0.7644596482469631,9.425478776774084e-08,0.0404093061095643,  ,  ,  ,  
9.425528347751643e-08,1.1,9.425528347751643e-08,0.4164499788839345,9.425528347751643e-08,1.099944656771804,9.425528347751643e-08,0.7644589561699959,9.425528347751643e-08,0.03965152951417964,  ,  ,  ,  
9.425607285035774e-08,1.1,9.425607285035774e-08,0.3753407805777158,9.425607285035774e-08,1.099945653291649,9.425607285035774e-08,0.7644582261116216,9.425607285035774e-08,0.03848340908367435,  ,  ,  ,  
9.425676500553139e-08,1.1,9.425676500553139e-08,0.3401172859094951,9.425676500553139e-08,1.099947005755845,9.425676500553139e-08,0.764457532933866,9.425676500553139e-08,0.03749631822798585,  ,  ,  ,  
9.425752661457163e-08,1.1,9.425752661457163e-08,0.3023730493926731,9.425752661457163e-08,1.099948700386919,9.425752661457163e-08,0.7644563776999109,9.425752661457163e-08,0.03644808482407999,  ,  ,  ,  
9.425830655844892e-08,1.1,9.425830655844892e-08,0.2649473917335054,9.425830655844892e-08,1.099950357087842,9.425830655844892e-08,0.7644543504343932,9.425830655844892e-08,0.03541309024125849,  ,  ,  ,  
9.425902872887608e-08,1.1,9.425902872887608e-08,0.2316196419627553,9.425902872887608e-08,1.099951793484255,9.425902872887608e-08,0.764451460855245,9.425902872887608e-08,0.03448746218080217,  ,  ,  ,  
9.425965345134766e-08,1.1,9.425965345134766e-08,0.2042183968129316,9.425965345134766e-08,1.099953685832662,9.425965345134766e-08,0.7644486535056976,9.425965345134766e-08,0.03371275438310246,  ,  ,  ,  
9.426014711476394e-08,1.1,9.426014711476394e-08,0.1838420104766105,9.426014711476394e-08,1.099956198856281,9.426014711476394e-08,0.7644466915113534,9.426014711476394e-08,0.03311910142689233,  ,  ,  ,  
9.426056208790082e-08,1.1,9.426056208790082e-08,0.1675158147871318,9.426056208790082e-08,1.099957721236844,9.426056208790082e-08,0.7644439960902341,9.426056208790082e-08,0.03263025653123226,  ,  ,  ,  
9.426103770669114e-08,1.1,9.426103770669114e-08,0.1494200633562641,9.426103770669114e-08,1.099957850071948,9.426103770669114e-08,0.7644386450170402,9.426103770669114e-08,0.03207831266445481,  ,  ,  ,  
9.426165699728457e-08,1.1,9.426165699728457e-08,0.1266201634077146,9.426165699728457e-08,1.099956138753351,9.426165699728457e-08,0.7644280952205088,9.426165699728457e-08,0.03137256444133463,  ,  ,  ,  
9.426236250652879e-08,1.1,9.426236250652879e-08,0.1020329697706194,9.426236250652879e-08,1.099953482922443,9.426236250652879e-08,0.7644120729807907,9.426236250652879e-08,0.03059026190891707,  ,  ,  ,  
9.426295734837007e-08,1.1,9.426295734837007e-08,0.08303628996483148,9.426295734837007e-08,1.099952250803748,9.426295734837007e-08,0.7643966037432207,9.426295734837007e-08,0.02995340186531899,  ,  ,  ,  
9.426361808232203e-08,1.1,9.426361808232203e-08,0.06455695412551314,9.426361808232203e-08,1.099953190668676,9.426361808232203e-08,0.7643791083100175,9.426361808232203e-08,0.02927527742650753,  ,  ,  ,  
9.426421652661208e-08,1.1,9.426421652661208e-08,0.05058682941204574,9.426421652661208e-08,1.099956376920599,9.426421652661208e-08,0.7643642685654739,9.426421652661208e-08,0.02868956413190751,  ,  ,  ,  
9.426479373928809e-08,1.1,9.426479373928809e-08,0.039684815978458,9.426479373928809e-08,1.099961358184255,9.426479373928809e-08,0.7643516964844885,9.426479373928809e-08,0.02815010085537682,  ,  ,  ,  
9.426540559699208e-08,1.1,9.426540559699208e-08,0.03070125304158242,9.426540559699208e-08,1.099968133547775,9.426540559699208e-08,0.7643406705122356,9.426540559699208e-08,0.02760361353965356,  ,  ,  ,  
9.426608493675897e-08,1.1,9.426608493675897e-08,0.023362750295361,9.426608493675897e-08,1.099976672710123,9.426608493675897e-08,0.7643312131662503,9.426608493675897e-08,0.02702368216859524,  ,  ,  ,  
9.4266877581875e-08,1.1,9.4266877581875e-08,0.01750143846281463,9.4266877581875e-08,1.099986972103132,9.4266877581875e-08,0.7643233612348901,9.4266877581875e-08,0.02637672216261739,  ,  ,  ,  
9.42678355951467e-08,1.1,9.42678355951467e-08,0.01308547846761566,9.42678355951467e-08,1.099998710367892,9.42678355951467e-08,0.764317206450374,9.42678355951467e-08,0.02562860280637784,  ,  ,  ,  
9.426890262735866e-08,1.1,9.426890262735866e-08,0.01028110527387454,9.426890262735866e-08,1.10000992509117,9.426890262735866e-08,0.7643129882352957,9.426890262735866e-08,0.02482909941024055,  ,  ,  ,  
9.426994427191461e-08,1.1,9.426994427191461e-08,0.008749219181444823,9.426994427191461e-08,1.100018592452161,9.426994427191461e-08,0.7643102175084833,9.426994427191461e-08,0.02407556068697414,  ,  ,  ,  
9.427104607161638e-08,1.1,9.427104607161638e-08,0.007762658634806353,9.427104607161638e-08,1.100025322111025,9.427104607161638e-08,0.7643077286815143,9.427104607161638e-08,0.02330182996298532,  ,  ,  ,  
9.427228427308188e-08,1.1,9.427228427308188e-08,0.006990061908463206,9.427228427308188e-08,1.10003026379581,9.427228427308188e-08,0.7643048245576769,9.427228427308188e-08,0.02245649843513588,  ,  ,  ,  
9.427378719798812e-08,1.1,9.427378719798812e-08,0.00623888549586631,9.427378719798812e-08,1.100033303334931,9.427378719798812e-08,0.7643008462197132,9.427378719798812e-08,0.02146077781274398,  ,  ,  ,  
9.427580994293032e-08,1.1,9.427580994293032e-08,0.005360573101040212,9.427580994293032e-08,1.100033737692973,9.427580994293032e-08,0.7642948134556681,9.427580994293032e-08,0.02016837225854937,  ,  ,  ,  
9.427897477945452e-08,1.1,9.427897477945452e-08,0.004170721515090959,9.427897477945452e-08,1.100029381280387,9.427897477945452e-08,0.7642846837151609,9.427897477945452e-08,0.01824860802441781,  ,  ,  ,  
9.428434830512131e-08,1.1,9.428434830512131e-08,0.002592588361424125,9.428434830512131e-08,1.100016531286031,9.428434830512131e-08,0.7642681804598198,9.428434830512131e-08,0.015270420247958,  ,  ,  ,  
9.428978071612754e-08,1.1,9.428978071612754e-08,0.00150301455415176,9.428978071612754e-08,1.100003339319723,9.428978071612754e-08,0.7642544150626835,9.428978071612754e-08,0.01263153266442839,  ,  ,  ,  
9.429416486013889e-08,1.1,9.429416486013889e-08,0.0009349947292003151,9.429416486013889e-08,1.099994890940974,9.429416486013889e-08,0.764245917443125,9.429416486013889e-08,0.0107826335191918,  ,  ,  ,  
9.429837087576857e-08,1.1,9.429837087576857e-08,0.0005847635985288757,9.429837087576857e-08,1.09998923865719,9.429837087576857e-08,0.764239740941686,9.429837087576857e-08,0.009241693288630814,  ,  ,  ,  
9.430268052814994e-08,1.1,9.430268052814994e-08,0.0003609071803549223,9.430268052814994e-08,1.099985639418561,9.430268052814994e-08,0.7642349728474426,9.430268052814994e-08,0.007885377224975464,  ,  ,  ,  
9.430733477952959e-08,1.1,9.430733477952959e-08,0.000216230897550686,9.430733477952959e-08,1.099983517426612,9.430733477952959e-08,0.7642310985540895,9.430733477952959e-08,0.006646819099045824,  ,  ,  ,  
9.431265745240884e-08,1.1,9.431265745240884e-08,0.0001234313656042302,9.431265745240884e-08,1.099982462036283,9.431265745240884e-08,0.7642278029971972,9.431265745240884e-08,0.005476137745332726,  ,  ,  ,  
9.431895019712995e-08,1.1,9.431895019712995e-08,6.75187295784827e-05,9.431895019712995e-08,1.099982191091902,9.431895019712995e-08,0.7642249713153155,9.431895019712995e-08,0.004367473197183728,  ,  ,  ,  
9.432662983921496e-08,1.1,9.432662983921496e-08,3.690079170830812e-05,9.432662983921496e-08,1.09998243369824,9.432662983921496e-08,0.7642225616008642,9.432662983921496e-08,0.003326703205735516,  ,  ,  ,  
9.433634509698003e-08,1.1,9.433634509698003e-08,2.22585447806823e-05,9.433634509698003e-08,1.099982852755008,9.433634509698003e-08,0.7642206140279827,9.433634509698003e-08,0.002367205704932484,  ,  ,  ,  
9.434924390821091e-08,1.1,9.434924390821091e-08,1.625570064840612e-05,9.434924390821091e-08,1.099982776185393,9.434924390821091e-08,0.7642193010368913,9.434924390821091e-08,0.001507797719846983,  ,  ,  ,  
9.43655230324908e-08,1.1,9.43655230324908e-08,1.401185838771675e-05,9.43655230324908e-08,1.099981310080379,9.43655230324908e-08,0.7642189620942184,9.43655230324908e-08,0.0008456426708048752,  ,  ,  ,  
9.438641359842604e-08,1.1,9.438641359842604e-08,1.372622557331299e-05,9.438641359842604e-08,1.099977085526175,9.438641359842604e-08,0.7642200314961201,9.438641359842604e-08,0.0003880634609311043,  ,  ,  ,  
9.440178050623791e-08,1.1,9.440178050623791e-08,1.505324812152696e-05,9.440178050623791e-08,1.09997167300933,9.440178050623791e-08,0.7642216761216966,9.440178050623791e-08,0.0002226650464116398,  ,  ,  ,  
9.44136539298729e-08,1.1,9.44136539298729e-08,1.672063506784112e-05,9.44136539298729e-08,1.09996602423902,9.44136539298729e-08,0.7642231865477878,9.44136539298729e-08,0.0001523725749450572,  ,  ,  ,  
9.442470295355274e-08,1.1,9.442470295355274e-08,1.847688912997039e-05,9.442470295355274e-08,1.099960210030932,9.442470295355274e-08,0.7642245587175116,9.442470295355274e-08,0.0001122074854223447,  ,  ,  ,  
9.443498798387302e-08,1.1,9.443498798387302e-08,2.013761172984344e-05,9.443498798387302e-08,1.099955463551463,9.443498798387302e-08,0.7642257491656522,9.443498798387302e-08,8.815116961412981e-05,  ,  ,  ,  
9.44403422323182e-08,1.1,9.44403422323182e-08,2.119850872198629e-05,9.44403422323182e-08,1.099954247144848,9.44403422323182e-08,0.7642264964401525,9.44403422323182e-08,7.997329645656653e-05,  ,  ,  ,  
9.444363516328234e-08,1.1,9.444363516328234e-08,2.117658780936301e-05,9.444363516328234e-08,1.099953221086984,9.444363516328234e-08,0.7642265387430852,9.444363516328234e-08,7.518624528841494e-05,  ,  ,  ,  
9.4446990068367e-08,1.1,9.4446990068367e-08,2.080021011684209e-05,9.4446990068367e-08,1.099952350610233,9.4446990068367e-08,0.7642263101075257,9.4446990068367e-08,7.033553666396359e-05,  ,  ,  ,  
9.444977106683443e-08,1.1,9.444977106683443e-08,2.060489187814918e-05,9.444977106683443e-08,1.099952028077175,9.444977106683443e-08,0.7642262241512348,9.444977106683443e-08,6.671884473819733e-05,  ,  ,  ,  
9.445276878326071e-08,1.1,9.445276878326071e-08,2.063368903549222e-05,9.445276878326071e-08,1.099951850325548,9.445276878326071e-08,0.7642262979202021,9.445276878326071e-08,6.330187724184821e-05,  ,  ,  ,  
9.445558933625748e-08,1.1,9.445558933625748e-08,2.07132244609148e-05,9.445558933625748e-08,1.099951551017205,9.445558933625748e-08,0.7642263764247055,9.445558933625748e-08,6.035413801928122e-05,  ,  ,  ,  
9.445892565287582e-08,1.1,9.445892565287582e-08,2.078468161989185e-05,9.445892565287582e-08,1.099951003296417,9.445892565287582e-08,0.7642264318174076,9.445892565287582e-08,5.714166139451742e-05,  ,  ,  ,  
9.446337593716807e-08,1.1,9.446337593716807e-08,2.083054932024849e-05,9.446337593716807e-08,1.099950121187456,9.446337593716807e-08,0.7642264617241745,9.446337593716807e-08,5.33309297302193e-05,  ,  ,  ,  
9.446880689349513e-08,1.1,9.446880689349513e-08,2.080142304365941e-05,9.446880689349513e-08,1.099949043364374,9.446880689349513e-08,0.7642264403110398,9.446880689349513e-08,4.935506011492921e-05,  ,  ,  ,  
9.447463894923215e-08,1.1,9.447463894923215e-08,2.061124742282401e-05,9.447463894923215e-08,1.099948142392619,9.447463894923215e-08,0.7642263217080779,9.447463894923215e-08,4.578961526651861e-05,  ,  ,  ,  
9.447837855297022e-08,1.1,9.447837855297022e-08,2.024252458846747e-05,9.447837855297022e-08,1.0999478511291,9.447837855297022e-08,0.7642260911102831,9.447837855297022e-08,4.37242301370417e-05,  ,  ,  ,  
9.448090435574736e-08,1.1,9.448090435574736e-08,1.980892441649068e-05,9.448090435574736e-08,1.099947294159327,9.448090435574736e-08,0.7642258236773748,9.448090435574736e-08,4.194528616706514e-05,  ,  ,  ,  
9.448333707249329e-08,1.1,9.448333707249329e-08,1.946345590442793e-05,9.448333707249329e-08,1.099946156494947,9.448333707249329e-08,0.7642256223607181,9.448333707249329e-08,3.987328509973416e-05,  ,  ,  ,  
9.448578897211682e-08,1.1,9.448578897211682e-08,1.922060516420538e-05,9.448578897211682e-08,1.099944805325776,9.448578897211682e-08,0.7642254618617003,9.448578897211682e-08,3.797218024776587e-05,  ,  ,  ,  
9.44889933330534e-08,1.1,9.44889933330534e-08,1.8993184047572e-05,9.44889933330534e-08,1.099942947825594,9.44889933330534e-08,0.7642252919786435,9.44889933330534e-08,3.615428502169157e-05,  ,  ,  ,  
9.449213722924734e-08,1.1,9.449213722924734e-08,1.882877607413547e-05,9.449213722924734e-08,1.099940886186949,9.449213722924734e-08,0.7642251674155766,9.449213722924734e-08,3.50431050256528e-05,  ,  ,  ,  
9.449583278537721e-08,1.1,9.449583278537721e-08,1.867556256179448e-05,9.449583278537721e-08,1.099937916766944,9.449583278537721e-08,0.7642250495765781,9.449583278537721e-08,3.424918858223964e-05,  ,  ,  ,  
9.450091750356012e-08,1.1,9.450091750356012e-08,1.852274551760322e-05,9.450091750356012e-08,1.099933117699276,9.450091750356012e-08,0.7642249103124807,9.450091750356012e-08,3.349929561440288e-05,  ,  ,  ,  
9.450740682125286e-08,1.1,9.450740682125286e-08,1.84273181163565e-05,9.450740682125286e-08,1.099927358944048,9.450740682125286e-08,0.7642247634282503,9.450740682125286e-08,3.256073421412767e-05,  ,  ,  ,  
9.451329200282816e-08,1.1,9.451329200282816e-08,1.843024839245551e-05,9.451329200282816e-08,1.099923558195134,9.451329200282816e-08,0.7642246542002558,9.451329200282816e-08,3.151080144281819e-05,  ,  ,  ,  
9.451874638258074e-08,1.1,9.451874638258074e-08,1.848811603408725e-05,9.451874638258074e-08,1.099921265884181,9.451874638258074e-08,0.7642245528373913,9.451874638258074e-08,3.032710324053099e-05,  ,  ,  ,  
9.452438940464032e-08,1.1,9.452438940464032e-08,1.858657046485387e-05,9.452438940464032e-08,1.09991944748053,9.452438940464032e-08,0.7642244259227893,9.452438940464032e-08,2.895557850743331e-05,  ,  ,  ,  
9.453043105832378e-08,1.1,9.453043105832378e-08,1.871798637007465e-05,9.453043105832378e-08,1.099917045642644,9.453043105832378e-08,0.7642242417313072,9.453043105832378e-08,2.740876489661816e-05,  ,  ,  ,  
9.453719761328721e-08,1.1,9.453719761328721e-08,1.88417431012051e-05,9.453719761328721e-08,1.099913833216804,9.453719761328721e-08,0.7642239370672402,9.453719761328721e-08,2.546220216054085e-05,  ,  ,  ,  
9.454480190278921e-08,1.1,9.454480190278921e-08,1.888646674362377e-05,9.454480190278921e-08,1.099911541707362,9.454480190278921e-08,0.7642234568420619,9.454480190278921e-08,2.281729787265424e-05,  ,  ,  ,  
9.455315982081734e-08,1.1,9.455315982081734e-08,1.892806074700896e-05,9.455315982081734e-08,1.099910183939456,9.455315982081734e-08,0.7642228594014634,9.455315982081734e-08,2.011802804297282e-05,  ,  ,  ,  
9.456260322000016e-08,1.1,9.456260322000016e-08,1.899482745350234e-05,9.456260322000016e-08,1.099907220779536,9.456260322000016e-08,0.7642221113731335,9.456260322000016e-08,1.779900680803163e-05,  ,  ,  ,  
9.457521121784424e-08,1.1,9.457521121784424e-08,1.917967622398233e-05,9.457521121784424e-08,1.09989862276433,9.457521121784424e-08,0.7642210252757223,9.457521121784424e-08,1.559352729932494e-05,  ,  ,  ,  
9.458942955421401e-08,1.1,9.458942955421401e-08,2.121393310722961e-05,9.458942955421401e-08,1.099916649187772,9.458942955421401e-08,0.764221114673,9.458942955421401e-08,1.776608998723257e-05,  ,  ,  ,  
9.460217992465748e-08,1.1,9.460217992465748e-08,3.052511486882404e-05,9.460217992465748e-08,1.100179110863497,9.460217992465748e-08,0.7642283129260213,9.460217992465748e-08,4.254392605245899e-05,  ,  ,  ,  
9.46125392596174e-08,1.1,9.46125392596174e-08,4.600319629927313e-05,9.46125392596174e-08,1.100845742041597,9.46125392596174e-08,0.7642436398261785,9.46125392596174e-08,9.571297456475317e-05,  ,  ,  ,  
9.462030163730045e-08,1.1,9.462030163730045e-08,6.044300358964479e-05,9.462030163730045e-08,1.10168451030187,9.462030163730045e-08,0.7642604386435242,9.462030163730045e-08,0.0001555326814679658,  ,  ,  ,  
9.462778831528184e-08,1.1,9.462778831528184e-08,7.425194003232424e-05,9.462778831528184e-08,1.102712605321322,9.462778831528184e-08,0.7642791946670934,9.462778831528184e-08,0.0002223940375303679,  ,  ,  ,  
9.463588149952889e-08,1.1,9.463588149952889e-08,8.728508674874729e-05,9.463588149952889e-08,1.103977415705121,9.463588149952889e-08,0.7643005463605171,9.463588149952889e-08,0.0002950425577006751,  ,  ,  ,  
9.464438095800938e-08,1.1,9.464438095800938e-08,9.823617997353267e-05,9.464438095800938e-08,1.105444380006585,9.464438095800938e-08,0.764323335760653,9.464438095800938e-08,0.0003640164824453432,  ,  ,  ,  
9.46546975926941e-08,1.1,9.46546975926941e-08,0.0001083134088685669,9.46546975926941e-08,1.107457121415897,9.46546975926941e-08,0.7643512713044213,9.46546975926941e-08,0.0004320872501320739,  ,  ,  ,  
9.466402913453225e-08,1.1,9.466402913453225e-08,0.0001170828857524336,9.466402913453225e-08,1.109289442570585,9.466402913453225e-08,0.7643770497439382,9.466402913453225e-08,0.0004777998246007233,  ,  ,  ,  
9.466959177410412e-08,1.1,9.466959177410412e-08,0.0001247742740357638,9.466959177410412e-08,1.109892061755967,9.466959177410412e-08,0.764392346621675,9.466959177410412e-08,0.0004963647218866977,  ,  ,  ,  
9.467485607709358e-08,1.1,9.467485607709358e-08,0.0001360778877650094,9.467485607709358e-08,1.109286778099919,9.467485607709358e-08,0.764405526871421,9.467485607709358e-08,0.0005058376541903725,  ,  ,  ,  
9.468001154005362e-08,1.1,9.468001154005362e-08,0.0001528305006970382,9.468001154005362e-08,1.106168780825084,9.468001154005362e-08,0.764414633206861,9.468001154005362e-08,0.000503615936703442,  ,  ,  ,  
9.468447664504793e-08,1.1,9.468447664504793e-08,0.0001726361922424186,9.468447664504793e-08,1.0997069011965,9.468447664504793e-08,0.7644156662115987,9.468447664504793e-08,0.0004863882640054267,  ,  ,  ,  
9.468857878977881e-08,1.1,9.468857878977881e-08,0.0001941457706554667,9.468857878977881e-08,1.088720921685798,9.468857878977881e-08,0.7644059733747068,9.468857878977881e-08,0.0004498348259662178,  ,  ,  ,  
9.469303124807415e-08,1.1,9.469303124807415e-08,0.0002192396883858334,9.469303124807415e-08,1.068848002158456,9.469303124807415e-08,0.7643791346391617,9.469303124807415e-08,0.0003800541072339577,  ,  ,  ,  
9.469733232657807e-08,1.1,9.469733232657807e-08,0.0002421349033814618,9.469733232657807e-08,1.039565942603051,9.469733232657807e-08,0.764333813874993,9.469733232657807e-08,0.0002786388197512666,  ,  ,  ,  
9.470091111633953e-08,1.1,9.470091111633953e-08,0.0002602246637325917,9.470091111633953e-08,1.006967956251136,9.470091111633953e-08,0.7642846774425933,9.470091111633953e-08,0.0001732300409591839,  ,  ,  ,  
9.470417045933686e-08,1.1,9.470417045933686e-08,0.0002764391210090744,9.470417045933686e-08,0.9708728594182676,9.470417045933686e-08,0.7642350543331562,9.470417045933686e-08,6.73917071791136e-05,  ,  ,  ,  
9.470746154113489e-08,1.1,9.470746154113489e-08,0.0002923042090020625,9.470746154113489e-08,0.92860661475491,9.470746154113489e-08,0.7641830274099063,9.470746154113489e-08,-4.26768872516816e-05,  ,  ,  ,  
9.471125101404217e-08,1.1,9.471125101404217e-08,0.0003093796505913859,9.471125101404217e-08,0.8734623120621591,9.471125101404217e-08,0.7641234032681207,9.471125101404217e-08,-0.00016646719666586,  ,  ,  ,  
9.471588409108447e-08,1.1,9.471588409108447e-08,0.0003277339777441334,9.471588409108447e-08,0.7980952203930698,9.471588409108447e-08,0.7640529782149352,9.471588409108447e-08,-0.0003063454749908012,  ,  ,  ,  
9.471992563872459e-08,1.1,9.471992563872459e-08,0.0003418681787690397,9.471992563872459e-08,0.7264612901386432,9.471992563872459e-08,0.7639959004229969,9.471992563872459e-08,-0.0004353780110581362,  ,  ,  ,  
9.472329973364012e-08,1.1,9.472329973364012e-08,0.0003581118123415225,9.472329973364012e-08,0.6633231765235681,9.472329973364012e-08,0.7639554256598857,9.472329973364012e-08,-0.0005028551246279839,  ,  ,  ,  
9.472623971396712e-08,1.1,9.472623971396712e-08,0.000379637529410479,9.472623971396712e-08,0.6064800421196254,9.472623971396712e-08,0.7639292359927566,9.472623971396712e-08,-0.0005400537909376859,  ,  ,  ,  
9.472910055569786e-08,1.1,9.472910055569786e-08,0.0004124537913707265,9.472910055569786e-08,0.5500083117683287,9.472910055569786e-08,0.7639156608221838,9.472910055569786e-08,-0.0005445115131321881,  ,  ,  ,  
9.473135176097978e-08,1.1,9.473135176097978e-08,0.0004476328199452761,9.473135176097978e-08,0.5049067454393001,9.473135176097978e-08,0.7639138226355,9.473135176097978e-08,-0.0005190936999978457,  ,  ,  ,  
9.473333169582092e-08,1.1,9.473333169582092e-08,0.0004846063024504721,9.473333169582092e-08,0.4647907885531088,9.473333169582092e-08,0.7639179989207578,9.473333169582092e-08,-0.0004724044448263198,  ,  ,  ,  
9.473528664085418e-08,1.1,9.473528664085418e-08,0.0005251404969270925,9.473528664085418e-08,0.4248057451324829,9.473528664085418e-08,0.7639269661090055,9.473528664085418e-08,-0.0004041702885132402,  ,  ,  ,  
9.473739414671385e-08,1.1,9.473739414671385e-08,0.0005719161793994522,9.473739414671385e-08,0.3814717420102076,9.473739414671385e-08,0.7639419663787498,9.473739414671385e-08,-0.0003071570606994943,  ,  ,  ,  
9.47396452984956e-08,1.1,9.47396452984956e-08,0.0006237215609568184,9.47396452984956e-08,0.3353505909898665,9.47396452984956e-08,0.7639644395575166,9.47396452984956e-08,-0.0001782955082292276,  ,  ,  ,  
9.474214551609864e-08,1.1,9.474214551609864e-08,0.000680902192441348,9.474214551609864e-08,0.2850249351447812,9.474214551609864e-08,0.7639974874134889,9.474214551609864e-08,-1.026034239518211e-05,  ,  ,  ,  
9.47437990872867e-08,1.1,9.47437990872867e-08,0.0007175753550774335,9.47437990872867e-08,0.2526127336381326,9.47437990872867e-08,0.7640239686736361,9.47437990872867e-08,0.0001123059919645682,  ,  ,  ,  
9.474499433340136e-08,1.1,9.474499433340136e-08,0.0007428224212504718,9.474499433340136e-08,0.2297785958108326,9.474499433340136e-08,0.7640452777467455,9.474499433340136e-08,0.0002046898618357246,  ,  ,  ,  
9.474628155028839e-08,1.1,9.474628155028839e-08,0.0007692394432605276,9.474628155028839e-08,0.2058926759519888,9.474628155028839e-08,0.7640699430382769,9.474628155028839e-08,0.0003067426825063535,  ,  ,  ,  
9.47472451789495e-08,1.1,9.47472451789495e-08,0.0007876133063723578,9.47472451789495e-08,0.188570250060807,9.47472451789495e-08,0.7640892615407586,9.47472451789495e-08,0.0003840094525762462,  ,  ,  ,  
9.474801281660734e-08,1.1,9.474801281660734e-08,0.0008009988031015783,9.474801281660734e-08,0.1751630034739818,9.474801281660734e-08,0.7641050094767814,9.474801281660734e-08,0.0004454846226490636,  ,  ,  ,  
9.474870320033271e-08,1.1,9.474870320033271e-08,0.0008118874283315158,9.474870320033271e-08,0.1634399927923609,9.474870320033271e-08,0.764119394215218,9.474870320033271e-08,0.000500261977585687,  ,  ,  ,  
9.474935924499331e-08,1.1,9.474935924499331e-08,0.0008211378199125042,9.474935924499331e-08,0.1526271778976776,9.474935924499331e-08,0.7641332867342422,9.474935924499331e-08,0.0005515288480771787,  ,  ,  ,  
9.475001935177579e-08,1.1,9.475001935177579e-08,0.0008293711272750991,9.475001935177579e-08,0.1421023286387927,9.475001935177579e-08,0.7641475596578221,9.475001935177579e-08,0.0006020756304400527,  ,  ,  ,  
9.475070260184431e-08,1.1,9.475070260184431e-08,0.0008369102474432086,9.475070260184431e-08,0.1316182680202389,9.475070260184431e-08,0.7641628355385457,9.475070260184431e-08,0.0006530193910195743,  ,  ,  ,  
9.47512284587369e-08,1.1,9.47512284587369e-08,0.0008424259131523231,9.47512284587369e-08,0.1238510582134937,9.47512284587369e-08,0.7641753595523613,9.47512284587369e-08,0.0006910609328224839,  ,  ,  ,  
9.47517382598225e-08,1.1,9.47517382598225e-08,0.0008480015084438066,9.47517382598225e-08,0.1165850926900387,9.47517382598225e-08,0.7641885493905577,9.47517382598225e-08,0.0007267217543329887,  ,  ,  ,  
9.47522427646609e-08,1.1,9.47522427646609e-08,0.0008541934206741637,9.47522427646609e-08,0.1096608128908881,9.47522427646609e-08,0.7642028875871156,9.47522427646609e-08,0.0007607989329779199,  ,  ,  ,  
9.475272275980921e-08,1.1,9.475272275980921e-08,0.0008611060581164752,9.475272275980921e-08,0.1033257011239794,9.475272275980921e-08,0.7642178359180021,9.475272275980921e-08,0.0007918973964004657,  ,  ,  ,  
9.475316620718395e-08,1.1,9.475316620718395e-08,0.0008686683364162359,9.475316620718395e-08,0.09769582603124861,9.475316620718395e-08,0.7642328221746426,9.475316620718395e-08,0.0008192204090681353,  ,  ,  ,  
9.475360823577299e-08,1.1,9.475360823577299e-08,0.0008774515102687332,9.475360823577299e-08,0.09229931951665982,9.475360823577299e-08,0.7642487591420503,9.475360823577299e-08,0.0008447606571100818,  ,  ,  ,  
9.475404872664986e-08,1.1,9.475404872664986e-08,0.0008872268054776151,9.475404872664986e-08,0.08713737346689378,9.475404872664986e-08,0.7642651764692889,9.475404872664986e-08,0.0008680859321016854,  ,  ,  ,  
9.47545103819511e-08,1.1,9.47545103819511e-08,0.0008981647313520859,9.47545103819511e-08,0.08196076058322299,9.47545103819511e-08,0.7642823631198287,9.47545103819511e-08,0.0008898619145903347,  ,  ,  ,  
9.475511448906192e-08,1.1,9.475511448906192e-08,0.0009126185085233142,9.475511448906192e-08,0.07555007724306989,9.475511448906192e-08,0.7643039187415047,9.475511448906192e-08,0.0009137200332498454,  ,  ,  ,  
9.475570844842057e-08,1.1,9.475570844842057e-08,0.0009260422877322894,9.475570844842057e-08,0.06964723607626669,9.475570844842057e-08,0.764323534812186,9.475570844842057e-08,0.000931756454813554,  ,  ,  ,  
9.47563028399048e-08,1.1,9.47563028399048e-08,0.0009383925131555131,9.47563028399048e-08,0.06413211805199907,9.47563028399048e-08,0.7643417585243416,9.47563028399048e-08,0.0009449225580709872,  ,  ,  ,  
9.475690240490353e-08,1.1,9.475690240490353e-08,0.0009495363649048252,9.475690240490353e-08,0.05895652000276108,9.475690240490353e-08,0.7643588733871683,9.475690240490353e-08,0.0009537460475711018,  ,  ,  ,  
9.475754890365264e-08,1.1,9.475754890365264e-08,0.0009601105733888021,9.475754890365264e-08,0.05379683090453478,9.475754890365264e-08,0.7643761412694683,9.475754890365264e-08,0.0009589607450665529,  ,  ,  ,  
9.475829081833153e-08,1.1,9.475829081833153e-08,0.0009706903739574423,9.475829081833153e-08,0.04838961897630299,9.475829081833153e-08,0.7643947026162252,9.475829081833153e-08,0.0009605244170595763,  ,  ,  ,  
9.475918554933339e-08,1.1,9.475918554933339e-08,0.0009815845713680353,9.475918554933339e-08,0.04255587645918756,9.475918554933339e-08,0.7644153871271223,9.475918554933339e-08,0.0009575829666229583,  ,  ,  ,  
9.476018807253384e-08,1.1,9.476018807253384e-08,0.0009915929701412721,9.476018807253384e-08,0.03684491970156736,9.476018807253384e-08,0.7644362421891558,9.476018807253384e-08,0.0009497770922580777,  ,  ,  ,  
9.476124840748428e-08,1.1,9.476124840748428e-08,0.0009997030576209692,9.476124840748428e-08,0.03166650418766247,9.476124840748428e-08,0.7644554645358902,9.476124840748428e-08,0.000938202006786586,  ,  ,  ,  
9.476242193934864e-08,1.1,9.476242193934864e-08,0.001006152524202956,9.476242193934864e-08,0.02685571706964058,9.476242193934864e-08,0.7644736903386511,9.476242193934864e-08,0.0009240972129372772,  ,  ,  ,  
9.476375609234009e-08,1.1,9.476375609234009e-08,0.001012851692403733,9.476375609234009e-08,0.02244035672807932,9.476375609234009e-08,0.7644930347532027,9.476375609234009e-08,0.0009123058886316175,  ,  ,  ,  
9.476503852756299e-08,1.1,9.476503852756299e-08,0.001021592515076476,9.476503852756299e-08,0.01918216618689067,9.476503852756299e-08,0.7645133017818294,9.476503852756299e-08,0.0009116517276943397,  ,  ,  ,  
9.476639468974016e-08,1.1,9.476639468974016e-08,0.001034914940529642,9.476639468974016e-08,0.01670635617930596,9.476639468974016e-08,0.7645384891433143,9.476639468974016e-08,0.0009275454780305813,  ,  ,  ,  
9.47677352732639e-08,1.1,9.47677352732639e-08,0.001052191980987739,9.47677352732639e-08,0.01511659064862914,9.47677352732639e-08,0.7645673744956608,9.47677352732639e-08,0.0009630089120714585,  ,  ,  ,  
9.476893369659106e-08,1.1,9.476893369659106e-08,0.00107131504313962,9.476893369659106e-08,0.01430069206695068,9.476893369659106e-08,0.7645966272898628,9.476893369659106e-08,0.00101471014968578,  ,  ,  ,  
9.476993757008891e-08,1.1,9.476993757008891e-08,0.001090910144420405,9.476993757008891e-08,0.0139740246203135,9.476993757008891e-08,0.7646240456680611,9.476993757008891e-08,0.001077202535839365,  ,  ,  ,  
9.477067265196368e-08,1.1,9.477067265196368e-08,0.001107881632387281,9.477067265196368e-08,0.01391109988856785,9.477067265196368e-08,0.7646464650069432,9.477067265196368e-08,0.00113642800239763,  ,  ,  ,  
9.477144161818077e-08,1.1,9.477144161818077e-08,0.001128054631549259,9.477144161818077e-08,0.01399917090294696,9.477144161818077e-08,0.7646727097996542,9.477144161818077e-08,0.001214554994080652,  ,  ,  ,  
9.477236578567768e-08,1.1,9.477236578567768e-08,0.001154046996857072,9.477236578567768e-08,0.0142990452465733,9.477236578567768e-08,0.764708023733762,9.477236578567768e-08,0.001329454878295361,  ,  ,  ,  
9.477282473379315e-08,1.1,9.477282473379315e-08,0.001166770566520961,9.477282473379315e-08,0.0145147862731775,9.477282473379315e-08,0.7647270120238107,9.477282473379315e-08,0.001393662917180211,  ,  ,  ,  
9.477324560908431e-08,1.1,9.477324560908431e-08,0.001177576645341173,9.477324560908431e-08,0.01473785486194417,9.477324560908431e-08,0.7647450217154934,9.477324560908431e-08,0.001455492742079868,  ,  ,  ,  
9.477378682874812e-08,1.1,9.477378682874812e-08,0.001189951218714194,9.477378682874812e-08,0.01503867202656184,9.477378682874812e-08,0.7647687481365972,9.477378682874812e-08,0.001537809160527954,  ,  ,  ,  
9.477454708748758e-08,1.1,9.477454708748758e-08,0.001204540777881638,9.477454708748758e-08,0.0154504521438608,9.477454708748758e-08,0.7648025614710854,9.477454708748758e-08,0.001656738250192264,  ,  ,  ,  
9.477536678325838e-08,1.1,9.477536678325838e-08,0.001217173236566,9.477536678325838e-08,0.01584696393328955,9.477536678325838e-08,0.7648390208906645,9.477536678325838e-08,0.001787390280471133,  ,  ,  ,  
9.477613187665004e-08,1.1,9.477613187665004e-08,0.001226662205867108,9.477613187665004e-08,0.01615352178102859,9.477613187665004e-08,0.7648726774986272,9.477613187665004e-08,0.001910152794422813,  ,  ,  ,  
9.477690002684501e-08,1.1,9.477690002684501e-08,0.00123454045506824,9.477690002684501e-08,0.01639771928379069,9.477690002684501e-08,0.7649058469584009,9.477690002684501e-08,0.002033220274880702,  ,  ,  ,  
9.47777159839598e-08,1.1,9.47777159839598e-08,0.001241525922949866,9.47777159839598e-08,0.01658575675193803,9.47777159839598e-08,0.7649401461000811,9.47777159839598e-08,0.002162679098250055,  ,  ,  ,  
9.477870092322021e-08,1.1,9.477870092322021e-08,0.001248404774160964,9.477870092322021e-08,0.01672609990278256,9.477870092322021e-08,0.7649800996546704,9.477870092322021e-08,0.002315615415317893,  ,  ,  ,  
9.478000551902114e-08,1.1,9.478000551902114e-08,0.001255091608956787,9.478000551902114e-08,0.01679252959506777,9.478000551902114e-08,0.7650302271659301,9.478000551902114e-08,0.002509036996658582,  ,  ,  ,  
9.47816376431313e-08,1.1,9.47816376431313e-08,0.001259137869595582,9.47816376431313e-08,0.01672767541133713,9.47816376431313e-08,0.765087311916532,9.47816376431313e-08,0.002728965064985569,  ,  ,  ,  
9.47832406688124e-08,1.1,9.47832406688124e-08,0.001256012541797714,9.47832406688124e-08,0.01654229483875833,9.47832406688124e-08,0.7651352630194204,9.47832406688124e-08,0.002901679672768127,  ,  ,  ,  
9.478468564769184e-08,1.1,9.478468564769184e-08,0.001246657545979567,9.478468564769184e-08,0.01629679977865971,9.478468564769184e-08,0.7651703771809466,9.478468564769184e-08,0.003011942442718193,  ,  ,  ,  
9.47859540476523e-08,1.1,9.47859540476523e-08,0.001235561748529769,9.47859540476523e-08,0.01603834897652929,9.47859540476523e-08,0.7651976717737057,9.47859540476523e-08,0.003102769978976667,  ,  ,  ,  
9.478726703878603e-08,1.1,9.478726703878603e-08,0.001220021369659552,9.478726703878603e-08,0.01574115420920119,9.478726703878603e-08,0.7652236212704897,9.478726703878603e-08,0.003170412210636474,  ,  ,  ,  
9.478858384886807e-08,1.1,9.478858384886807e-08,0.001201006884077415,9.478858384886807e-08,0.01541988880717506,9.478858384886807e-08,0.7652496771228837,9.478858384886807e-08,0.003211422115553459,  ,  ,  ,  
9.479024906524992e-08,1.1,9.479024906524992e-08,0.001172514216015894,9.479024906524992e-08,0.01498459998875044,9.479024906524992e-08,0.7652870075742416,9.479024906524992e-08,0.003225132054445443,  ,  ,  ,  
9.479200522898878e-08,1.1,9.479200522898878e-08,0.001136880627960362,9.479200522898878e-08,0.01448844913786738,9.479200522898878e-08,0.7653373245111794,9.479200522898878e-08,0.003190691773272685,  ,  ,  ,  
9.479346615475744e-08,1.1,9.479346615475744e-08,0.00110323988521507,9.479346615475744e-08,0.01404498932997515,9.479346615475744e-08,0.7653895271385531,9.479346615475744e-08,0.003121986601204922,  ,  ,  ,  
9.479483446325988e-08,1.1,9.479483446325988e-08,0.001070870942407967,9.479483446325988e-08,0.01361062350100359,9.479483446325988e-08,0.7654464727320784,9.479483446325988e-08,0.003026894597549206,  ,  ,  ,  
9.479624132696991e-08,1.1,9.479624132696991e-08,0.001041707968604609,9.479624132696991e-08,0.01316970536095292,9.479624132696991e-08,0.7655115856970811,9.479624132696991e-08,0.002906668072335646,  ,  ,  ,  
9.479763581334044e-08,1.1,9.479763581334044e-08,0.001022117136287092,9.479763581334044e-08,0.01278546809085064,9.479763581334044e-08,0.7655800829359466,9.479763581334044e-08,0.002778471113718596,  ,  ,  ,  
9.479865691893868e-08,1.1,9.479865691893868e-08,0.00101655341198732,9.479865691893868e-08,0.01257482606791409,9.479865691893868e-08,0.7656311206924064,9.479865691893868e-08,0.002688741459731837,  ,  ,  ,  
9.479952096753362e-08,1.1,9.479952096753362e-08,0.00101840614835755,9.479952096753362e-08,0.01246677841315859,9.479952096753362e-08,0.7656728233270528,9.479952096753362e-08,0.002621071308927198,  ,  ,  ,  
9.480035004196904e-08,1.1,9.480035004196904e-08,0.001025644746292577,9.480035004196904e-08,0.01243756865805848,9.480035004196904e-08,0.7657102280681063,9.480035004196904e-08,0.002567326979020251,  ,  ,  ,  
9.480120815437598e-08,1.1,9.480120815437598e-08,0.001037046394051735,9.480120815437598e-08,0.01248557095407385,9.480120815437598e-08,0.7657437101862427,9.480120815437598e-08,0.00252416144019655,  ,  ,  ,  
9.480205397413555e-08,1.1,9.480205397413555e-08,0.001049585027358599,9.480205397413555e-08,0.01259942028348773,9.480205397413555e-08,0.7657684083209929,9.480205397413555e-08,0.00249246742255452,  ,  ,  ,  
9.480295453211169e-08,1.1,9.480295453211169e-08,0.001061914673587,9.480295453211169e-08,0.012772033296273,9.480295453211169e-08,0.7657826339005209,9.480295453211169e-08,0.002467847314696884,  ,  ,  ,  
9.480384875420994e-08,1.1,9.480384875420994e-08,0.001071312671456093,9.480384875420994e-08,0.01297264047767569,9.480384875420994e-08,0.7657819374058779,9.480384875420994e-08,0.00244940917957293,  ,  ,  ,  
9.480450752862457e-08,1.1,9.480450752862457e-08,0.001075629452997359,9.480450752862457e-08,0.01312903931166796,9.480450752862457e-08,0.7657710424222834,9.480450752862457e-08,0.002437997935842347,  ,  ,  ,  
9.480505677406566e-08,1.1,9.480505677406566e-08,0.001077156444266644,9.480505677406566e-08,0.01325960446536595,9.480505677406566e-08,0.7657549959657503,9.480505677406566e-08,0.002428944670487954,  ,  ,  ,  
9.480565185553415e-08,1.1,9.480565185553415e-08,0.001076502348235721,9.480565185553415e-08,0.0133956086794838,9.480565185553415e-08,0.7657306629947948,9.480565185553415e-08,0.002418775793230318,  ,  ,  ,  
9.480627471551358e-08,1.1,9.480627471551358e-08,0.001073668809301644,9.480627471551358e-08,0.0135270326187177,9.480627471551358e-08,0.7656986737555479,9.480627471551358e-08,0.002407699110286282,  ,  ,  ,  
9.480684367560075e-08,1.1,9.480684367560075e-08,0.0010698683871979,9.480684367560075e-08,0.01363427755216471,9.480684367560075e-08,0.7656652720448673,9.480684367560075e-08,0.002397759103177887,  ,  ,  ,  
9.48074679509941e-08,1.1,9.48074679509941e-08,0.001065280146769839,9.48074679509941e-08,0.01373517159551918,9.48074679509941e-08,0.7656260813602916,9.48074679509941e-08,0.002387993146899561,  ,  ,  ,  
9.48081910236462e-08,1.1,9.48081910236462e-08,0.001060702213097778,9.48081910236462e-08,0.01382788174594548,9.48081910236462e-08,0.7655800662512207,9.48081910236462e-08,0.00237985387767837,  ,  ,  ,  
9.480897811032503e-08,1.1,9.480897811032503e-08,0.001058135872473022,9.480897811032503e-08,0.01389836002784852,9.480897811032503e-08,0.7655320339488019,9.480897811032503e-08,0.002377305572481951,  ,  ,  ,  
9.480976152255863e-08,1.1,9.480976152255863e-08,0.001059279061338513,9.480976152255863e-08,0.01393749740693301,9.480976152255863e-08,0.7654880648705282,9.480976152255863e-08,0.00238377996744578,  ,  ,  ,  
9.481055601694756e-08,1.1,9.481055601694756e-08,0.001064677410548694,9.481055601694756e-08,0.01394682081779386,9.481055601694756e-08,0.76544771089648,9.481055601694756e-08,0.002401355438541909,  ,  ,  ,  
9.481139812345639e-08,1.1,9.481139812345639e-08,0.001074362895990881,9.481139812345639e-08,0.01392439383002404,9.481139812345639e-08,0.7654078590346491,9.481139812345639e-08,0.002432353340211745,  ,  ,  ,  
9.481220706545593e-08,1.1,9.481220706545593e-08,0.001086304809069637,9.481220706545593e-08,0.01387226194826241,9.481220706545593e-08,0.7653689742148109,9.481220706545593e-08,0.002473189118871518,  ,  ,  ,  
9.481305165770734e-08,1.1,9.481305165770734e-08,0.001099950204315987,9.481305165770734e-08,0.01378721839005732,9.481305165770734e-08,0.7653247490373294,9.481305165770734e-08,0.00252513606512082,  ,  ,  ,  
9.481399365964943e-08,1.1,9.481399365964943e-08,0.001115166875738041,9.481399365964943e-08,0.01365936730526945,9.481399365964943e-08,0.7652661640957756,9.481399365964943e-08,0.0025918255280237,  ,  ,  ,  
9.481507627183061e-08,1.1,9.481507627183061e-08,0.001130893244169796,9.481507627183061e-08,0.01347479259854646,9.481507627183061e-08,0.765181807806909,9.481507627183061e-08,0.00267605613175521,  ,  ,  ,  
9.481608615517883e-08,1.1,9.481608615517883e-08,0.001142070270162441,9.481608615517883e-08,0.01327092361386202,9.481608615517883e-08,0.7650849079074182,9.481608615517883e-08,0.002758027943101244,  ,  ,  ,  
9.481708764648246e-08,1.1,9.481708764648246e-08,0.001148569816211097,9.481708764648246e-08,0.013042855998014,9.481708764648246e-08,0.7649763230476875,9.481708764648246e-08,0.002838939866449177,  ,  ,  ,  
9.481817797449148e-08,1.1,9.481817797449148e-08,0.001150652883404188,9.481817797449148e-08,0.01277107749569443,9.481817797449148e-08,0.7648666343109152,9.481817797449148e-08,0.002922495381274732,  ,  ,  ,  
9.481918226283973e-08,1.1,9.481918226283973e-08,0.001149179585181425,9.481918226283973e-08,0.01250049851414501,9.481918226283973e-08,0.7648120842520633,9.481918226283973e-08,0.002990250954785881,  ,  ,  ,  
9.48201193638355e-08,1.1,9.48201193638355e-08,0.001146537460187364,9.48201193638355e-08,0.0122257163608301,9.48201193638355e-08,0.7648485064632367,9.48201193638355e-08,0.003040216661050825,  ,  ,  ,  
9.482105405497159e-08,1.1,9.482105405497159e-08,0.001144256732637708,9.482105405497159e-08,0.01192200231587587,9.482105405497159e-08,0.7650171996920517,9.482105405497159e-08,0.003072288911820252,  ,  ,  ,  
9.482197603244053e-08,1.1,9.482197603244053e-08,0.001142542343435885,9.482197603244053e-08,0.01158483170175897,9.482197603244053e-08,0.76534595209678,9.482197603244053e-08,0.003081661672115673,  ,  ,  ,  
9.482287647011566e-08,1.1,9.482287647011566e-08,0.001140045104727298,9.482287647011566e-08,0.01121449569992264,9.482287647011566e-08,0.7658352033318285,9.482287647011566e-08,0.003065944813828121,  ,  ,  ,  
9.482371672904779e-08,1.1,9.482371672904779e-08,0.001136188058837966,9.482371672904779e-08,0.01083478493914354,9.482371672904779e-08,0.7664413600049932,9.482371672904779e-08,0.003028844114229481,  ,  ,  ,  
9.482463313092482e-08,1.1,9.482463313092482e-08,0.001130397344239369,9.482463313092482e-08,0.01039350835332798,9.482463313092482e-08,0.7672560873425416,9.482463313092482e-08,0.002966151126432426,  ,  ,  ,  
9.482554803126e-08,1.1,9.482554803126e-08,0.001122825665368197,9.482554803126e-08,0.009938625367110585,9.482554803126e-08,0.7682028112485615,9.482554803126e-08,0.002883892806681004,  ,  ,  ,  
9.482635935260044e-08,1.1,9.482635935260044e-08,0.001113847069599822,9.482635935260044e-08,0.009532428290082853,9.482635935260044e-08,0.7691235910402415,9.482635935260044e-08,0.002796706401494699,  ,  ,  ,  
9.482715845613121e-08,1.1,9.482715845613121e-08,0.00110138281468889,9.482715845613121e-08,0.009131976278520911,9.482715845613121e-08,0.7700670360121638,9.482715845613121e-08,0.002697821848645132,  ,  ,  ,  
9.482793021575355e-08,1.1,9.482793021575355e-08,0.001084724086131156,9.482793021575355e-08,0.008745116805652866,9.482793021575355e-08,0.7709810551360728,9.482793021575355e-08,0.002590488690538757,  ,  ,  ,  
9.48285342141362e-08,1.1,9.48285342141362e-08,0.001068734024531997,9.48285342141362e-08,0.00844419703396293,9.48285342141362e-08,0.7716915983118029,9.48285342141362e-08,0.002499904374753039,  ,  ,  ,  
9.482914787883038e-08,1.1,9.482914787883038e-08,0.001050251638585149,9.482914787883038e-08,0.00814086077377704,9.482914787883038e-08,0.7724046792078975,9.482914787883038e-08,0.002403168753370337,  ,  ,  ,  
9.482986365552789e-08,1.1,9.482986365552789e-08,0.001026926656043567,9.482986365552789e-08,0.007792545221682787,9.482986365552789e-08,0.7732210146300933,9.482986365552789e-08,0.002286785939755507,  ,  ,  ,  
9.483098063280317e-08,1.1,9.483098063280317e-08,0.0009882594677843141,9.483098063280317e-08,0.007262103147764092,9.483098063280317e-08,0.7744481640808482,9.483098063280317e-08,0.002101060022995388,  ,  ,  ,  
9.483207879958516e-08,1.1,9.483207879958516e-08,0.000951827363259268,9.483207879958516e-08,0.006763785984478981,9.483207879958516e-08,0.7756080339041292,9.483207879958516e-08,0.001920777940771352,  ,  ,  ,  
9.483313761648128e-08,1.1,9.483313761648128e-08,0.000925157919056353,9.483313761648128e-08,0.00631623604399542,9.483313761648128e-08,0.7767331672369939,9.483313761648128e-08,0.001757790515890339,  ,  ,  ,  
9.483421326999528e-08,1.1,9.483421326999528e-08,0.0009180049615188071,9.483421326999528e-08,0.005914717678050564,9.483421326999528e-08,0.7780195471955469,9.483421326999528e-08,0.001615201729897513,  ,  ,  ,  
9.483522674853789e-08,1.1,9.483522674853789e-08,0.0009471270158378902,9.483522674853789e-08,0.005621204029594131,9.483522674853789e-08,0.7796195886929415,9.483522674853789e-08,0.00152024324873825,  ,  ,  ,  
9.48361085482435e-08,1.1,9.48361085482435e-08,0.001015417216148758,9.48361085482435e-08,0.005463150454793152,9.48361085482435e-08,0.7815959550189444,9.48361085482435e-08,0.001482038644642771,  ,  ,  ,  
9.483708228712817e-08,1.1,9.483708228712817e-08,0.00115064897400163,9.483708228712817e-08,0.005429007155579564,9.483708228712817e-08,0.7848119478758624,9.483708228712817e-08,0.001499474075763182,  ,  ,  ,  
9.483781078361405e-08,1.1,9.483781078361405e-08,0.001296003473171201,9.483781078361405e-08,0.005516672902455708,9.483781078361405e-08,0.7881518254046115,9.483781078361405e-08,0.001557307222252059,  ,  ,  ,  
9.483859318262983e-08,1.1,9.483859318262983e-08,0.001491707865084976,9.483859318262983e-08,0.005729422462549347,9.483859318262983e-08,0.7928422636465506,9.483859318262983e-08,0.001663164451116599,  ,  ,  ,  
9.483935512572167e-08,1.1,9.483935512572167e-08,0.001711449581437511,9.483935512572167e-08,0.006048002459893787,9.483935512572167e-08,0.7985913581050048,9.483935512572167e-08,0.001804976314851237,  ,  ,  ,  
9.484011176009056e-08,1.1,9.484011176009056e-08,0.001941551692247035,9.484011176009056e-08,0.006452601945625345,9.484011176009056e-08,0.8054391384261335,9.484011176009056e-08,0.001973146370223015,  ,  ,  ,  
9.484090345271084e-08,1.1,9.484090345271084e-08,0.002178746576473012,9.484090345271084e-08,0.006944487583979512,9.484090345271084e-08,0.8137575120117297,9.484090345271084e-08,0.0021704661018909,  ,  ,  ,  
9.4841697565779e-08,1.1,9.4841697565779e-08,0.00239894440519196,9.4841697565779e-08,0.007474610065315014,9.4841697565779e-08,0.8231579098185147,9.4841697565779e-08,0.002380225249564216,  ,  ,  ,  
9.484236001830564e-08,1.1,9.484236001830564e-08,0.002562117779892143,9.484236001830564e-08,0.007922980347534405,9.484236001830564e-08,0.8317009487470807,9.484236001830564e-08,0.002557726410782364,  ,  ,  ,  
9.48430342074794e-08,1.1,9.48430342074794e-08,0.002705456559263237,9.48430342074794e-08,0.008367787210395173,9.48430342074794e-08,0.8409460434628535,9.48430342074794e-08,0.002735879508739777,  ,  ,  ,  
9.484381407662779e-08,1.1,9.484381407662779e-08,0.002841752800014989,9.484381407662779e-08,0.00885079650945271,9.484381407662779e-08,0.8521997385664838,9.484381407662779e-08,0.00293433766089174,  ,  ,  ,  
9.484472755617882e-08,1.1,9.484472755617882e-08,0.00296307156749519,9.484472755617882e-08,0.009356573668638738,9.484472755617882e-08,0.8659600936472794,9.484472755617882e-08,0.00315192984877771,  ,  ,  ,  
9.484582281037736e-08,1.1,9.484582281037736e-08,0.00306001235730258,9.484582281037736e-08,0.009861977103981361,9.484582281037736e-08,0.8830133620576042,9.484582281037736e-08,0.003387167897479843,  ,  ,  ,  
9.484694816306361e-08,1.1,9.484694816306361e-08,0.003112882974819551,9.484694816306361e-08,0.01025941746087345,9.484694816306361e-08,0.9008908577303096,9.484694816306361e-08,0.003596896051284143,  ,  ,  ,  
9.484812133261229e-08,1.1,9.484812133261229e-08,0.0031272211731748,9.484812133261229e-08,0.01054360176434515,9.484812133261229e-08,0.9196426019600621,9.484812133261229e-08,0.003779748267887224,  ,  ,  ,  
9.484920323005137e-08,1.1,9.484920323005137e-08,0.003109396309463228,9.484920323005137e-08,0.01069377624968507,9.484920323005137e-08,0.9368433936643221,9.484920323005137e-08,0.003889711847796916,  ,  ,  ,  
9.485023367401991e-08,1.1,9.485023367401991e-08,0.003074159398367528,9.485023367401991e-08,0.01074958242827473,9.485023367401991e-08,0.9530028574712837,9.485023367401991e-08,0.003992087242041262,  ,  ,  ,  
9.485113622362445e-08,1.1,9.485113622362445e-08,0.003029054818489297,9.485113622362445e-08,0.01073422699700432,9.485113622362445e-08,0.966889286346503,9.485113622362445e-08,0.004059558298133497,  ,  ,  ,  
9.485197193062476e-08,1.1,9.485197193062476e-08,0.002977988943143941,9.485197193062476e-08,0.01067306149595595,9.485197193062476e-08,0.9794669318954565,9.485197193062476e-08,0.004104046928058627,  ,  ,  ,  
9.485309134019605e-08,1.1,9.485309134019605e-08,0.002895830982126726,9.485309134019605e-08,0.01052949305060114,9.485309134019605e-08,0.9958067623415053,9.485309134019605e-08,0.004139415053091827,  ,  ,  ,  
9.485442903580292e-08,1.1,9.485442903580292e-08,0.002780496467033543,9.485442903580292e-08,0.01027679804850683,9.485442903580292e-08,1.014453770559574,9.485442903580292e-08,0.004147006082201747,  ,  ,  ,  
9.485559158468058e-08,1.1,9.485559158468058e-08,0.002666637635225223,9.485559158468058e-08,0.009993485374961277,9.485559158468058e-08,1.029796531882732,9.485559158468058e-08,0.00412465089936784,  ,  ,  ,  
9.485677030014493e-08,1.1,9.485677030014493e-08,0.0025403808382056,9.485677030014493e-08,0.009654241706270139,9.485677030014493e-08,1.044461022299754,9.485677030014493e-08,0.004076845287042462,  ,  ,  ,  
9.485810677392446e-08,1.1,9.485810677392446e-08,0.002387452815039309,9.485810677392446e-08,0.009218591289972511,9.485810677392446e-08,1.059932895808833,9.485810677392446e-08,0.003995597343175831,  ,  ,  ,  
9.485976216558819e-08,1.1,9.485976216558819e-08,0.002189339465823289,9.485976216558819e-08,0.008624187956904322,9.485976216558819e-08,1.077320040662351,9.485976216558819e-08,0.003861496687332754,  ,  ,  ,  
9.486210745252756e-08,1.1,9.486210745252756e-08,0.00190437413554946,9.486210745252756e-08,0.007724199809625371,9.486210745252756e-08,1.098514425679136,9.486210745252756e-08,0.003624170039783377,  ,  ,  ,  
9.486467187480437e-08,1.1,9.486467187480437e-08,0.001603935590589067,9.486467187480437e-08,0.006732616404386786,9.486467187480437e-08,1.117178030061871,9.486467187480437e-08,0.003327136233867028,  ,  ,  ,  
9.486688698699037e-08,1.1,9.486688698699037e-08,0.001367397941406991,9.486688698699037e-08,0.00592321967455138,9.486688698699037e-08,1.129781832181813,9.486688698699037e-08,0.003061199984450887,  ,  ,  ,  
9.486898639805469e-08,1.1,9.486898639805469e-08,0.001169416255234871,9.486898639805469e-08,0.005229699729014109,9.486898639805469e-08,1.139047119830062,9.486898639805469e-08,0.002815740300008485,  ,  ,  ,  
9.487109579518414e-08,1.1,9.487109579518414e-08,0.0009978864076751702,9.487109579518414e-08,0.004621900733039002,9.487109579518414e-08,1.146109119951334,9.487109579518414e-08,0.002586433823716346,  ,  ,  ,  
9.48729611238774e-08,1.1,9.48729611238774e-08,0.0008676918144658509,9.48729611238774e-08,0.004163032929663558,9.48729611238774e-08,1.150770762823206,9.48729611238774e-08,0.002404849951697445,  ,  ,  ,  
9.487462989349188e-08,1.1,9.487462989349188e-08,0.0007658368134074266,9.487462989349188e-08,0.003811946452263611,9.487462989349188e-08,1.153893128284926,9.487462989349188e-08,0.002262274095436653,  ,  ,  ,  
9.487638750199571e-08,1.1,9.487638750199571e-08,0.0006705533702489726,9.487638750199571e-08,0.003487789199507478,9.487638750199571e-08,1.156309710592781,9.487638750199571e-08,0.002131225423314965,  ,  ,  ,  
9.487780977942202e-08,1.1,9.487780977942202e-08,0.000601192077124097,9.487780977942202e-08,0.003247511017921265,9.487780977942202e-08,1.157719539790361,9.487780977942202e-08,0.002036705508914767,  ,  ,  ,  
9.487908571865423e-08,1.1,9.487908571865423e-08,0.000544444325509159,9.487908571865423e-08,0.003041521631511767,9.487908571865423e-08,1.158639711037972,9.487908571865423e-08,0.001958021649584686,  ,  ,  ,  
9.48805410521489e-08,1.1,9.48805410521489e-08,0.0004859104577004333,9.48805410521489e-08,0.002813201206546263,9.48805410521489e-08,1.159363176598033,9.48805410521489e-08,0.001872355774043076,  ,  ,  ,  
9.488240137453743e-08,1.1,9.488240137453743e-08,0.0004205708509270838,9.488240137453743e-08,0.002532188289279746,9.488240137453743e-08,1.15988160808193,9.488240137453743e-08,0.001765541993668857,  ,  ,  ,  
9.488428619874541e-08,1.1,9.488428619874541e-08,0.0003649196490461119,9.488428619874541e-08,0.002265200058291412,9.488428619874541e-08,1.16003566894726,9.488428619874541e-08,0.001658159338811921,  ,  ,  ,  
9.488628112409675e-08,1.1,9.488628112409675e-08,0.0003168908402459373,9.488628112409675e-08,0.002009995122889213,9.488628112409675e-08,1.159884483494745,9.488628112409675e-08,0.001543627244262843,  ,  ,  ,  
9.488850730607346e-08,1.1,9.488850730607346e-08,0.0002751701215846296,9.488850730607346e-08,0.001764440326283805,9.488850730607346e-08,1.159430099759746,9.488850730607346e-08,0.001411506280246012,  ,  ,  ,  
9.489067612511564e-08,1.1,9.489067612511564e-08,0.0002451316692310651,9.489067612511564e-08,0.001566581133529788,9.489067612511564e-08,1.158770562549883,9.489067612511564e-08,0.001272337418099949,  ,  ,  ,  
9.489264541167942e-08,1.1,9.489264541167942e-08,0.0002256738800205888,9.489264541167942e-08,0.00142125185182847,9.489264541167942e-08,1.158032308780374,9.489264541167942e-08,0.001129853705097447,  ,  ,  ,  
9.489457940192188e-08,1.1,9.489457940192188e-08,0.0002123083480684075,9.489457940192188e-08,0.001307149773559061,9.489457940192188e-08,1.157210732295455,9.489457940192188e-08,0.0009700194478883909,  ,  ,  ,  
9.48965193179433e-08,1.1,9.48965193179433e-08,0.0002032582209982483,9.48965193179433e-08,0.001216095725482352,9.48965193179433e-08,1.156315679043423,9.48965193179433e-08,0.0007890795944147746,  ,  ,  ,  
9.489822785290315e-08,1.1,9.489822785290315e-08,0.0001991770686830648,9.489822785290315e-08,0.00115100551171653,9.489822785290315e-08,1.155485767411853,9.489822785290315e-08,0.0006176540043673789,  ,  ,  ,  
9.489993701021536e-08,1.1,9.489993701021536e-08,0.0001976589912066553,9.489993701021536e-08,0.001099799143752163,9.489993701021536e-08,1.154629285780764,9.489993701021536e-08,0.0004397109305151255,  ,  ,  ,  
9.490191745890395e-08,1.1,9.490191745890395e-08,0.0001974809469055825,9.490191745890395e-08,0.001054838462485668,9.490191745890395e-08,1.153616442379287,9.490191745890395e-08,0.0002266379895585071,  ,  ,  ,  
9.490434779899356e-08,1.1,9.490434779899356e-08,0.0001986020664223418,9.490434779899356e-08,0.001015498740240278,9.490434779899356e-08,1.152361488386092,9.490434779899356e-08,-2.850981914300062e-05,  ,  ,  ,  
9.490695226867241e-08,1.1,9.490695226867241e-08,0.0002001021156497231,9.490695226867241e-08,0.0009849371182860374,9.490695226867241e-08,1.151016669789854,9.490695226867241e-08,-0.000284610535964953,  ,  ,  ,  
9.490942410080701e-08,1.1,9.490942410080701e-08,0.0002035718514237988,9.490942410080701e-08,0.0009676520525674885,9.490942410080701e-08,1.149753998758599,9.490942410080701e-08,-0.0005014782634346698,  ,  ,  ,  
9.491165145115329e-08,1.1,9.491165145115329e-08,0.0002131739183466412,9.491165145115329e-08,0.0009706399832551983,9.491165145115329e-08,1.148638672607402,9.491165145115329e-08,-0.0006612903765292531,  ,  ,  ,  
9.491374754174146e-08,1.1,9.491374754174146e-08,0.0002323920450933878,9.491374754174146e-08,0.0009981272659063435,9.491374754174146e-08,1.147615323721771,9.491374754174146e-08,-0.0007666053582127394,  ,  ,  ,  
9.491528633257708e-08,1.1,9.491528633257708e-08,0.0002536708711026657,9.491528633257708e-08,0.001036756629586467,9.491528633257708e-08,1.146881747135373,9.491528633257708e-08,-0.0008093005368437505,  ,  ,  ,  
9.491665806570456e-08,1.1,9.491665806570456e-08,0.000276677216668548,9.491665806570456e-08,0.001084435377903622,9.491665806570456e-08,1.146240367905598,9.491665806570456e-08,-0.0008189107825724794,  ,  ,  ,  
9.491807831475214e-08,1.1,9.491807831475214e-08,0.0003024600731294212,9.491807831475214e-08,0.00114659181585814,9.491807831475214e-08,1.145588131287535,9.491807831475214e-08,-0.0007984981227203298,  ,  ,  ,  
9.491965638098685e-08,1.1,9.491965638098685e-08,0.0003305149081057474,9.491965638098685e-08,0.001226917204193782,9.491965638098685e-08,1.144877003068345,9.491965638098685e-08,-0.0007398222172615713,  ,  ,  ,  
9.492126787341945e-08,1.1,9.492126787341945e-08,0.0003555046934508266,9.492126787341945e-08,0.001313227133046274,9.492126787341945e-08,1.144165579019968,9.492126787341945e-08,-0.0006434263358784573,  ,  ,  ,  
9.49230413189657e-08,1.1,9.49230413189657e-08,0.0003760666518655022,9.49230413189657e-08,0.001402837214402459,9.49230413189657e-08,1.143400444643176,9.49230413189657e-08,-0.0005003635250229445,  ,  ,  ,  
9.492455141972943e-08,1.1,9.492455141972943e-08,0.0003866168739552225,9.492455141972943e-08,0.001467240991067783,9.492455141972943e-08,1.142763991719282,9.492455141972943e-08,-0.0003548695085568098,  ,  ,  ,  
9.4925824269907e-08,1.1,9.4925824269907e-08,0.0003900857167935497,9.4925824269907e-08,0.001507594124729094,9.4925824269907e-08,1.142238055905904,9.4925824269907e-08,-0.0002220856296782158,  ,  ,  ,  
9.492717693256515e-08,1.1,9.492717693256515e-08,0.0003884603285029822,9.492717693256515e-08,0.001531155684546862,9.492717693256515e-08,1.141688112797927,9.492717693256515e-08,-7.974746069369915e-05,  ,  ,  ,  
9.492856871201068e-08,1.1,9.492856871201068e-08,0.0003817465959799352,9.492856871201068e-08,0.001529811614880985,9.492856871201068e-08,1.141127502897338,9.492856871201068e-08,5.749400172696906e-05,  ,  ,  ,  
9.492988219185049e-08,1.1,9.492988219185049e-08,0.0003705334793140494,9.492988219185049e-08,0.001498424070820771,9.492988219185049e-08,1.140595577860215,9.492988219185049e-08,0.0001661579931429455,  ,  ,  ,  
9.493099163396903e-08,1.1,9.493099163396903e-08,0.0003563770698723382,9.493099163396903e-08,0.0014423743528224,9.493099163396903e-08,1.140135946283275,9.493099163396903e-08,0.0002311353096607854,  ,  ,  ,  
9.493198923196113e-08,1.1,9.493198923196113e-08,0.0003394946950002241,9.493198923196113e-08,0.001363187766754378,9.493198923196113e-08,1.139707345043706,9.493198923196113e-08,0.0002607030564347045,  ,  ,  ,  
9.493294863641066e-08,1.1,9.493294863641066e-08,0.0003199655065790577,9.493294863641066e-08,0.001260051628233111,9.493294863641066e-08,1.139277093702044,9.493294863641066e-08,0.0002590728167734345,  ,  ,  ,  
9.493384232364067e-08,1.1,9.493384232364067e-08,0.0003000767351655802,9.493384232364067e-08,0.001142021315215989,9.493384232364067e-08,1.138860494029404,9.493384232364067e-08,0.000232835407138848,  ,  ,  ,  
9.493474123072657e-08,1.1,9.493474123072657e-08,0.0002798808639656233,9.493474123072657e-08,0.001008241391435337,9.493474123072657e-08,1.138429130552641,9.493474123072657e-08,0.0001850514296015522,  ,  ,  ,  
9.493566849709908e-08,1.1,9.493566849709908e-08,0.0002608085092091653,9.493566849709908e-08,0.000863169929121985,9.493566849709908e-08,1.137975671126852,9.493566849709908e-08,0.0001188066986033285,  ,  ,  ,  
9.49367918018379e-08,1.1,9.49367918018379e-08,0.0002405608250745593,9.49367918018379e-08,0.000684063283300558,9.49367918018379e-08,1.137416311420135,9.49367918018379e-08,2.027985893594721e-05,  ,  ,  ,  
9.49378553852353e-08,1.1,9.49378553852353e-08,0.0002237074959789561,9.49378553852353e-08,0.0005150216459203781,9.49378553852353e-08,1.136874982451626,9.49378553852353e-08,-8.749188520519818e-05,  ,  ,  ,  
9.493888623018881e-08,1.1,9.493888623018881e-08,0.0002087260723010818,9.493888623018881e-08,0.0003543252409616399,9.493888623018881e-08,1.136337709354011,9.493888623018881e-08,-0.0002018321415301055,  ,  ,  ,  
9.493997321445614e-08,1.1,9.493997321445614e-08,0.0001955508587757071,9.493997321445614e-08,0.0001948132200363175,9.493997321445614e-08,1.135761789006247,9.493997321445614e-08,-0.0003262281233764839,  ,  ,  ,  
9.494107102572456e-08,1.1,9.494107102572456e-08,0.0001895623643477565,9.494107102572456e-08,5.556163455277814e-05,9.494107102572456e-08,1.135187393881453,9.494107102572456e-08,-0.0004455446475119651,  ,  ,  ,  
9.494211490457851e-08,1.1,9.494211490457851e-08,0.0001954133634594949,9.494211490457851e-08,-4.721165617284365e-05,9.494211490457851e-08,1.134672869098515,9.494211490457851e-08,-0.0005440966528541085,  ,  ,  ,  
9.494315638710305e-08,1.1,9.494315638710305e-08,0.0002170005919847505,9.494315638710305e-08,-0.0001093035996288095,9.494315638710305e-08,1.134228408211283,9.494315638710305e-08,-0.0006177348741197573,  ,  ,  ,  
9.494393370412482e-08,1.1,9.494393370412482e-08,0.0002448123705257773,9.494393370412482e-08,-0.0001225589140469419,9.494393370412482e-08,1.133964615730783,9.494393370412482e-08,-0.0006500791553255982,  ,  ,  ,  
9.494464855452116e-08,1.1,9.494464855452116e-08,0.00027832230473732,9.494464855452116e-08,-0.0001069071159895342,9.494464855452116e-08,1.133786534229605,9.494464855452116e-08,-0.0006582286102021074,  ,  ,  ,  
9.494545824147589e-08,1.1,9.494545824147589e-08,0.0003225864977043588,9.494545824147589e-08,-5.536285517330929e-05,9.494545824147589e-08,1.133663829022469,9.494545824147589e-08,-0.0006411326389921193,  ,  ,  ,  
9.494638867437091e-08,1.1,9.494638867437091e-08,0.0003777279278980132,9.494638867437091e-08,4.464861062845317e-05,9.494638867437091e-08,1.13362157430489,9.494638867437091e-08,-0.0005866792326689043,  ,  ,  ,  
9.494731016508547e-08,1.1,9.494731016508547e-08,0.0004339977005426403,9.494731016508547e-08,0.0001797363719861922,9.494731016508547e-08,1.133680047881044,9.494731016508547e-08,-0.0004977097723875232,  ,  ,  ,  
9.494824797494939e-08,1.1,9.494824797494939e-08,0.0004909657955091919,9.494824797494939e-08,0.0003456170892783285,9.494824797494939e-08,1.133855428396653,9.494824797494939e-08,-0.0003758344656808013,  ,  ,  ,  
9.494908774463221e-08,1.1,9.494908774463221e-08,0.0005401661834777953,9.494908774463221e-08,0.0005102626673447872,9.494908774463221e-08,1.134129626635332,9.494908774463221e-08,-0.0002458163702455943,  ,  ,  ,  
9.494989411874663e-08,1.1,9.494989411874663e-08,0.0005840696851388437,9.494989411874663e-08,0.0006746323511156759,9.494989411874663e-08,1.134508142654296,9.494989411874663e-08,-0.000108856775367749,  ,  ,  ,  
9.495074198852045e-08,1.1,9.495074198852045e-08,0.0006237128796689451,9.495074198852045e-08,0.0008446866439858426,9.495074198852045e-08,1.135018516585778,9.495074198852045e-08,4.097050880683551e-05,  ,  ,  ,  
9.495150198031287e-08,1.1,9.495150198031287e-08,0.0006516959518306948,9.495150198031287e-08,0.0009881454442587773,9.495150198031287e-08,1.135553777297772,9.495150198031287e-08,0.000175584258595438,  ,  ,  ,  
9.495232241191394e-08,1.1,9.495232241191394e-08,0.0006731829703994657,9.495232241191394e-08,0.001128256501102996,9.495232241191394e-08,1.13619402588928,9.495232241191394e-08,0.0003172869451916887,  ,  ,  ,  
9.495330437604853e-08,1.1,9.495330437604853e-08,0.0006870924632773433,9.495330437604853e-08,0.001270848993693817,9.495330437604853e-08,1.137011823845371,9.495330437604853e-08,0.0004776580904918849,  ,  ,  ,  
9.495403691774014e-08,1.1,9.495403691774014e-08,0.0006889177366564857,9.495403691774014e-08,0.001357273184870742,9.495403691774014e-08,1.137635971018393,9.495403691774014e-08,0.0005880019290286599,  ,  ,  ,  
9.495472832638961e-08,1.1,9.495472832638961e-08,0.0006837313402926156,9.495472832638961e-08,0.001420882471007344,9.495472832638961e-08,1.138212362157044,9.495472832638961e-08,0.0006823161122504584,  ,  ,  ,  
9.495542549140366e-08,1.1,9.495542549140366e-08,0.0006714709372237172,9.495542549140366e-08,0.001464585048306296,9.495542549140366e-08,1.138750177528858,9.495542549140366e-08,0.0007644554554717517,  ,  ,  ,  
9.495616519519621e-08,1.1,9.495616519519621e-08,0.0006503450474566049,9.495616519519621e-08,0.001484490269288467,9.495616519519621e-08,1.139225004638167,9.495616519519621e-08,0.0008352633482287899,  ,  ,  ,  
9.495696602233788e-08,1.1,9.495696602233788e-08,0.0006170662606404437,9.495696602233788e-08,0.001468846598687745,9.495696602233788e-08,1.139548502833555,9.495696602233788e-08,0.0008889803619315596,  ,  ,  ,  
9.495778330098466e-08,1.1,9.495778330098466e-08,0.0005709859383777268,9.495778330098466e-08,0.001405063398836685,9.495778330098466e-08,1.139568204099634,9.495778330098466e-08,0.0009153056694555308,  ,  ,  ,  
9.495882541944035e-08,1.1,9.495882541944035e-08,0.000491973361355885,9.495882541944035e-08,0.001239045995792149,9.495882541944035e-08,1.138912907732347,9.495882541944035e-08,0.0009015418590265525,  ,  ,  ,  
9.495984336888798e-08,1.1,9.495984336888798e-08,0.0003879575074631429,9.495984336888798e-08,0.0009672223701343361,9.495984336888798e-08,1.137239402285138,9.495984336888798e-08,0.0008311668744815171,  ,  ,  ,  
9.496070090576225e-08,1.1,9.496070090576225e-08,0.0002763812106710646,9.496070090576225e-08,0.0006402694703775446,9.496070090576225e-08,1.134802864986977,9.496070090576225e-08,0.0007247713316206419,  ,  ,  ,  
9.49616888257515e-08,1.1,9.49616888257515e-08,0.0001208509925626319,9.49616888257515e-08,0.0001435647563002948,9.49616888257515e-08,1.130558378488645,9.49616888257515e-08,0.0005493919000448905,  ,  ,  ,  
9.49625729625692e-08,1.1,9.49625729625692e-08,-3.8371366958527e-05,9.49625729625692e-08,-0.0004065734702606347,9.49625729625692e-08,1.125312688882092,9.49625729625692e-08,0.000342554024961827,  ,  ,  ,  
9.496321198882703e-08,1.1,9.496321198882703e-08,-0.0001597936929127789,9.496321198882703e-08,-0.0008575283648916855,9.496321198882703e-08,1.120657686250574,9.496321198882703e-08,0.0001783808520670328,  ,  ,  ,  
9.496378598876229e-08,1.1,9.496378598876229e-08,-0.0002698001951541591,9.496378598876229e-08,-0.001291828478405167,9.496378598876229e-08,1.11587087801767,9.496378598876229e-08,2.003635594597964e-05,  ,  ,  ,  
9.496449938140534e-08,1.1,9.496449938140534e-08,-0.0004021411861605595,9.496449938140534e-08,-0.001853386737085057,9.496449938140534e-08,1.109172883424229,9.496449938140534e-08,-0.0001848927680097871,  ,  ,  ,  
9.496537092676261e-08,1.1,9.496537092676261e-08,-0.0005515568108070041,9.496537092676261e-08,-0.002550355935665142,9.496537092676261e-08,1.09997015512933,9.496537092676261e-08,-0.0004405908958819277,  ,  ,  ,  
9.496625757672023e-08,1.1,9.496625757672023e-08,-0.0006868878279634328,9.496625757672023e-08,-0.003250785473095042,9.496625757672023e-08,1.089584002677011,9.496625757672023e-08,-0.0007011004688932527,  ,  ,  ,  
9.496738627736571e-08,1.1,9.496738627736571e-08,-0.0008334237704572334,9.496738627736571e-08,-0.004101303547033392,9.496738627736571e-08,1.075110788083077,9.496738627736571e-08,-0.00102508313880893,  ,  ,  ,  
9.496887879883809e-08,1.1,9.496887879883809e-08,-0.0009845734213358237,9.496887879883809e-08,-0.00511553691536953,9.496887879883809e-08,1.054304315329804,9.496887879883809e-08,-0.001427706463356351,  ,  ,  ,  
9.497040740511789e-08,1.1,9.497040740511789e-08,-0.00109394244257888,9.497040740511789e-08,-0.005995164481228846,9.497040740511789e-08,1.03159380118147,9.497040740511789e-08,-0.001820073744799289,  ,  ,  ,  
9.497195078078619e-08,1.1,9.497195078078619e-08,-0.001159007425499512,9.497195078078619e-08,-0.006701708556563748,9.497195078078619e-08,1.007819583979053,9.497195078078619e-08,-0.002144499404888636,  ,  ,  ,  
9.497345885338471e-08,1.1,9.497345885338471e-08,-0.001183890423104406,9.497345885338471e-08,-0.007211245100228614,9.497345885338471e-08,0.9843203952284501,9.497345885338471e-08,-0.002403385006569118,  ,  ,  ,  
9.497489598559464e-08,1.1,9.497489598559464e-08,-0.001173367737633774,9.497489598559464e-08,-0.007529063249133872,9.497489598559464e-08,0.962157231209132,9.497489598559464e-08,-0.00259043478760038,  ,  ,  ,  
9.497627865633562e-08,1.1,9.497627865633562e-08,-0.001131733133464942,9.497627865633562e-08,-0.007679489102495544,9.497627865633562e-08,0.9414751793285372,9.497627865633562e-08,-0.002708849978900979,  ,  ,  ,  
9.497758726297137e-08,1.1,9.497758726297137e-08,-0.001064212093487583,9.497758726297137e-08,-0.0076813123068265,9.497758726297137e-08,0.9228464667207519,9.497758726297137e-08,-0.002760687738600623,  ,  ,  ,  
9.497887699195927e-08,1.1,9.497887699195927e-08,-0.0009743790837152048,9.497887699195927e-08,-0.007554763110030402,9.497887699195927e-08,0.9056779335158605,9.497887699195927e-08,-0.002753952563175541,  ,  ,  ,  
9.497991954348979e-08,1.1,9.497991954348979e-08,-0.0008890850408847681,9.497991954348979e-08,-0.007367486853176091,9.497991954348979e-08,0.8927972155353739,9.497991954348979e-08,-0.002709270194394506,  ,  ,  ,  
9.498079956078153e-08,1.1,9.498079956078153e-08,-0.0008114565405971916,9.498079956078153e-08,-0.007157708248207338,9.498079956078153e-08,0.8826778941464438,9.498079956078153e-08,-0.002647372988805934,  ,  ,  ,  
9.498170848504186e-08,1.1,9.498170848504186e-08,-0.00072832069599966,9.498170848504186e-08,-0.006898941378100566,9.498170848504186e-08,0.8729889244451049,9.498170848504186e-08,-0.002563567803350735,  ,  ,  ,  
9.498274614774525e-08,1.1,9.498274614774525e-08,-0.0006315028274452974,9.498274614774525e-08,-0.006559559119118668,9.498274614774525e-08,0.8629095086862369,9.498274614774525e-08,-0.002447018021418639,  ,  ,  ,  
9.498392009144503e-08,1.1,9.498392009144503e-08,-0.0005208236576580262,9.498392009144503e-08,-0.006127981315282341,9.498392009144503e-08,0.8528013596845739,9.498392009144503e-08,-0.002292988046621974,  ,  ,  ,  
9.498526605459647e-08,1.1,9.498526605459647e-08,-0.0003939818081876208,9.498526605459647e-08,-0.005580915269760048,9.498526605459647e-08,0.8429308793450433,9.498526605459647e-08,-0.002093735015190515,  ,  ,  ,  
9.498660991999519e-08,1.1,9.498660991999519e-08,-0.000269532494660942,9.498660991999519e-08,-0.004989908676904631,9.498660991999519e-08,0.8348982667387722,9.498660991999519e-08,-0.001877245486415259,  ,  ,  ,  
9.498782619115335e-08,1.1,9.498782619115335e-08,-0.0001618982383976798,9.498782619115335e-08,-0.004429859967356308,9.498782619115335e-08,0.8291467868231646,9.498782619115335e-08,-0.001672696776947693,  ,  ,  ,  
9.49889761776929e-08,1.1,9.49889761776929e-08,-6.759969406973997e-05,9.49889761776929e-08,-0.003893424498459108,9.49889761776929e-08,0.8249511122347676,9.49889761776929e-08,-0.001477704244412041,  ,  ,  ,  
9.499008952336174e-08,1.1,9.499008952336174e-08,1.437531135054298e-05,9.499008952336174e-08,-0.003382502068211384,9.499008952336174e-08,0.8219345189961295,9.499008952336174e-08,-0.001292392041232467,  ,  ,  ,  
9.499124508292817e-08,1.1,9.499124508292817e-08,8.819542011301334e-05,9.499124508292817e-08,-0.002875753449416108,9.499124508292817e-08,0.8197620078863466,9.499124508292817e-08,-0.001107893032963983,  ,  ,  ,  
9.49925618371062e-08,1.1,9.49925618371062e-08,0.0001578222858802764,9.49925618371062e-08,-0.002342681036541038,9.49925618371062e-08,0.8182962407243517,9.49925618371062e-08,-0.0009112541854574022,  ,  ,  ,  
9.49942408036198e-08,1.1,9.49942408036198e-08,0.0002256035581953763,9.49942408036198e-08,-0.001747895587303645,9.49942408036198e-08,0.8176763577133853,9.49942408036198e-08,-0.0006859290984626446,  ,  ,  ,  
9.499626387679929e-08,1.1,9.499626387679929e-08,0.0002809001331533805,9.499626387679929e-08,-0.001166898622832216,9.499626387679929e-08,0.8183227291022049,9.499626387679929e-08,-0.0004537899188019249,  ,  ,  ,  
9.499815032913557e-08,1.1,9.499815032913557e-08,0.0003120172387458736,9.499815032913557e-08,-0.0007531569693849668,9.499815032913557e-08,0.8199174999182478,9.499815032913557e-08,-0.0002749532334008136,  ,  ,  ,  
9.499996001977153e-08,1.1,9.499996001977153e-08,0.0003287291841754654,9.499996001977153e-08,-0.0004583929079291025,9.499996001977153e-08,0.8220648335645683,9.499996001977153e-08,-0.0001311242430385708,  ,  ,  ,  
9.500174461194913e-08,1.1,9.500174461194913e-08,0.0003363668863269357,9.500174461194913e-08,-0.0002481972596722386,9.500174461194913e-08,0.8245762067140711,9.500174461194913e-08,-1.990223222074743e-05,  ,  ,  ,  
9.50035490089682e-08,1.1,9.50035490089682e-08,0.0003390694018398501,9.50035490089682e-08,-9.830766247248338e-05,9.50035490089682e-08,0.8273742894119712,9.50035490089682e-08,7.100938476768207e-05,  ,  ,  ,  
9.500549729428054e-08,1.1,9.500549729428054e-08,0.0003385915437741566,9.500549729428054e-08,1.146870455160183e-05,9.500549729428054e-08,0.8305786430158961,9.500549729428054e-08,0.0001491845163992931,  ,  ,  ,  
9.500767678153721e-08,1.1,9.500767678153721e-08,0.0003358574310579236,9.500767678153721e-08,9.051793785344005e-05,9.500767678153721e-08,0.8342970153567213,9.500767678153721e-08,0.0002168605477643746,  ,  ,  ,  
9.501017289403809e-08,1.1,9.501017289403809e-08,0.0003314510015779225,9.501017289403809e-08,0.0001441571889075613,9.501017289403809e-08,0.8386478736940046,9.501017289403809e-08,0.0002744207124134745,  ,  ,  ,  
9.501308118030831e-08,1.1,9.501308118030831e-08,0.0003257726890818831,9.501308118030831e-08,0.0001769952080348032,9.501308118030831e-08,0.8437672930971,9.501308118030831e-08,0.0003212862086995736,  ,  ,  ,  
9.50165073277394e-08,1.1,9.50165073277394e-08,0.0003191184733900825,9.50165073277394e-08,0.0001930419384879779,9.50165073277394e-08,0.8498005078557745,9.50165073277394e-08,0.0003564315119983253,  ,  ,  ,  
9.50206147802568e-08,1.1,9.50206147802568e-08,0.0003115553705493184,9.50206147802568e-08,0.0001973153515923477,9.50206147802568e-08,0.8569758876229364,9.50206147802568e-08,0.0003791103168521851,  ,  ,  ,  
9.502564905249163e-08,1.1,9.502564905249163e-08,0.0003029246733668266,9.502564905249163e-08,0.0001938699493761395,9.502564905249163e-08,0.8656311044773121,9.502564905249163e-08,0.0003887864280703166,  ,  ,  ,  
9.503196271138727e-08,1.1,9.503196271138727e-08,0.0002928352167886669,9.503196271138727e-08,0.0001856414649040085,9.503196271138727e-08,0.87622327374509,9.503196271138727e-08,0.0003850720278405633,  ,  ,  ,  
9.50400478062239e-08,1.1,9.50400478062239e-08,0.0002805415445041593,9.50400478062239e-08,0.0001744967146761447,9.50400478062239e-08,0.8893240514772293,9.50400478062239e-08,0.0003682884862914792,  ,  ,  ,  
9.505047722737384e-08,1.1,9.505047722737384e-08,0.0002650647032876976,9.505047722737384e-08,0.0001613766555331808,9.505047722737384e-08,0.9054286901321991,9.505047722737384e-08,0.0003401375555610067,  ,  ,  ,  
9.506483203727286e-08,1.1,9.506483203727286e-08,0.0002441147717131627,9.506483203727286e-08,0.0001456148506342301,9.506483203727286e-08,0.9261201658376074,9.506483203727286e-08,0.0003016014445049825,  ,  ,  ,  
9.508692725820693e-08,1.1,9.508692725820693e-08,0.0002127419593435754,9.508692725820693e-08,0.0001247377859431972,9.508692725820693e-08,0.9546875607478176,9.508692725820693e-08,0.0002503886806355032,  ,  ,  ,  
9.512938560559519e-08,1.1,9.512938560559519e-08,0.00015753956432197,9.512938560559519e-08,9.126721332873686e-05,9.512938560559519e-08,0.999215574980537,9.512938560559519e-08,0.00017806023231251,  ,  ,  ,  
9.518023085755418e-08,1.1,9.518023085755418e-08,0.0001038136019682984,9.518023085755418e-08,6.042599752828311e-05,9.518023085755418e-08,1.037213355315659,9.518023085755418e-08,0.000116669696468781,  ,  ,  ,  
9.522796432834204e-08,1.1,9.522796432834204e-08,6.698001954394247e-05,9.522796432834204e-08,3.966191604210807e-05,9.522796432834204e-08,1.060911502248294,9.522796432834204e-08,7.669967014304307e-05,  ,  ,  ,  
9.527406159877256e-08,1.1,9.527406159877256e-08,4.245365571749003e-05,9.527406159877256e-08,2.584397346765187e-05,9.527406159877256e-08,1.075781616190834,9.527406159877256e-08,4.983807068833972e-05,  ,  ,  ,  
9.532080891667968e-08,1.1,9.532080891667968e-08,2.610926412402826e-05,9.532080891667968e-08,1.654327853200934e-05,9.532080891667968e-08,1.08535052864604,9.532080891667968e-08,3.140329842729504e-05,  ,  ,  ,  
9.537020999134959e-08,1.1,9.537020999134959e-08,1.528414594874051e-05,9.537020999134959e-08,1.03196957306343e-05,9.537020999134959e-08,1.091543790313324,9.537020999134959e-08,1.887954297497907e-05,  ,  ,  ,  
9.542487357087724e-08,1.1,9.542487357087724e-08,8.226972763031378e-06,9.542487357087724e-08,6.202495798801371e-06,9.542487357087724e-08,1.095519260109558,9.542487357087724e-08,1.057523869078169e-05,  ,  ,  ,  
9.548758556234277e-08,1.1,9.548758556234277e-08,3.86201469654861e-06,9.548758556234277e-08,3.598346495427135e-06,9.548758556234277e-08,1.097952205516952,9.548758556234277e-08,5.391081907265314e-06,  ,  ,  ,  
9.556178452418634e-08,1.1,9.556178452418634e-08,1.41805045898128e-06,9.556178452418634e-08,2.075191589206425e-06,9.556178452418634e-08,1.099303041085833,9.556178452418634e-08,2.477101759540433e-06,  ,  ,  ,  
9.565239544444312e-08,1.1,9.565239544444312e-08,2.729180778255386e-07,9.565239544444312e-08,1.287458199093424e-06,9.565239544444312e-08,1.099929727988788,9.565239544444312e-08,1.110987850259563e-06,  ,  ,  ,  
9.576732265992623e-08,1.1,9.576732265992623e-08,-8.983503586238828e-08,9.576732265992623e-08,9.425889661181214e-07,9.576732265992623e-08,1.100123681012106,9.576732265992623e-08,6.756326468399467e-07,  ,  ,  ,  
9.592072319273622e-08,1.1,9.592072319273622e-08,-8.2594209885017e-08,9.592072319273622e-08,8.067306177500339e-07,9.592072319273622e-08,1.100109352260956,9.592072319273622e-08,6.796627328529638e-07,  ,  ,  ,  
9.614207909117705e-08,1.1,9.614207909117705e-08,2.358543616819901e-08,9.614207909117705e-08,7.278721496765187e-07,9.614207909117705e-08,1.100042024483467,9.614207909117705e-08,7.993796490718128e-07,  ,  ,  ,  
9.645921228377472e-08,1.1,9.645921228377472e-08,8.184370575213602e-08,9.645921228377472e-08,6.316501932272109e-07,9.645921228377472e-08,1.100001822325969,9.645921228377472e-08,8.632736107679467e-07,  ,  ,  ,  
9.684715689748929e-08,1.1,9.684715689748929e-08,8.265644307679833e-08,9.684715689748929e-08,5.322978340254149e-07,9.684715689748929e-08,1.099995302309299,9.684715689748929e-08,8.605019418895166e-07,  ,  ,  ,  
9.732298634112577e-08,1.1,9.732298634112577e-08,6.942950777185793e-08,9.732298634112577e-08,4.465144053284787e-07,9.732298634112577e-08,1.099997882558075,9.732298634112577e-08,8.420203395244436e-07,  ,  ,  ,  
9.791059995933093e-08,1.1,9.791059995933093e-08,5.964806152346417e-08,9.791059995933093e-08,3.786626890585186e-07,9.791059995933093e-08,1.099999506698051,9.791059995933093e-08,8.28207912707245e-07,  ,  ,  ,  
9.864059173702503e-08,1.1,9.864059173702503e-08,5.36742888422357e-08,9.864059173702503e-08,3.251823370984619e-07,9.864059173702503e-08,1.099999740545427,9.864059173702503e-08,8.193171615885147e-07,  ,  ,  ,  
9.932029586851252e-08,1.1,9.932029586851252e-08,5.026730905929214e-08,9.932029586851252e-08,2.915795286820519e-07,9.932029586851252e-08,1.09999967089283,9.932029586851252e-08,8.141395337318021e-07,  ,  ,  ,  
1e-07,1.1,1e-07,4.770051685805792e-08,1e-07,2.668431882637192e-07,1e-07,1.099999643302247,1e-07,8.102569733389598e-07,  ,  ,  ,  
1.000120134179092e-07,1.033926201499531,1.000120134179092e-07,1.263910475281689e-08,1.000120134179092e-07,2.247693573895365e-07,1.000120134179092e-07,1.099999625725436,1.000120134179092e-07,-1.101052712709658e-06,  ,  ,  ,  
1.000246086408293e-07,0.9646524754387206,1.000246086408293e-07,6.838102087322481e-08,1.000246086408293e-07,2.726219966047773e-07,1.000246086408293e-07,1.099999652754632,1.000246086408293e-07,7.17063621391892e-08,  ,  ,  ,  
1.000497990866696e-07,0.8261050233171006,1.000497990866696e-07,5.445497793083071e-08,1.000497990866696e-07,2.759306755300786e-07,1.000497990866696e-07,1.099999646825867,1.000497990866696e-07,9.395669179359675e-07,  ,  ,  ,  
1.000613824348309e-07,0.7623966084300471,1.000613824348309e-07,6.341070890188982e-08,1.000613824348309e-07,2.603918400178252e-07,1.000613824348309e-07,1.099999754387007,1.000613824348309e-07,1.46366782478893e-06,  ,  ,  ,  
1.000691854400469e-07,0.7194800797421291,1.000691854400469e-07,1.224581198274378e-07,1.000691854400469e-07,3.117744174382872e-07,1.000691854400469e-07,1.099999822105464,1.000691854400469e-07,3.576948831463945e-06,  ,  ,  ,  
1.000745975769888e-07,0.6897133265616839,1.000745975769888e-07,2.179587667782181e-07,1.000745975769888e-07,4.109025779527063e-07,1.000745975769888e-07,1.099999884209485,1.000745975769888e-07,7.253433782894492e-06,  ,  ,  ,  
1.000800900235121e-07,0.6595048706833428,1.000800900235121e-07,3.846757099278044e-07,1.000800900235121e-07,5.91906711650524e-07,1.000800900235121e-07,1.09999997732417,1.000800900235121e-07,1.441259825369647e-05,  ,  ,  ,  
1.000842787489841e-07,0.6364668805875351,1.000842787489841e-07,5.938859284966862e-07,1.000842787489841e-07,8.198083491416002e-07,1.000842787489841e-07,1.1000000879971,1.000842787489841e-07,2.361270781295974e-05,  ,  ,  ,  
1.000873685444595e-07,0.6194730054729238,1.000873685444595e-07,8.22186182130985e-07,1.000873685444595e-07,1.066957887792019e-06,1.000873685444595e-07,1.100000206037132,1.000873685444595e-07,3.355490744193659e-05,  ,  ,  ,  
1.000898128619676e-07,0.6060292591783656,1.000898128619676e-07,1.065151238662252e-06,1.000898128619676e-07,1.329290226855453e-06,1.000898128619676e-07,1.100000330120645,1.000898128619676e-07,4.408381108740025e-05,  ,  ,  ,  
1.000920894119638e-07,0.5935082341994192,1.000920894119638e-07,1.355952746574319e-06,1.000920894119638e-07,1.64343188546024e-06,1.000920894119638e-07,1.100000477516904,1.000920894119638e-07,5.670920090515913e-05,  ,  ,  ,  
1.000956669029202e-07,0.5738320339386632,1.000956669029202e-07,1.977762374401727e-06,1.000956669029202e-07,2.318733964869614e-06,1.000956669029202e-07,1.100000790827796,1.000956669029202e-07,8.417707480777531e-05,  ,  ,  ,  
1.000991804868404e-07,0.554507322377857,1.000991804868404e-07,2.894654462934839e-06,1.000991804868404e-07,3.310519695160851e-06,1.000991804868404e-07,1.100001250479418,1.000991804868404e-07,0.0001242538606638027,  ,  ,  ,  
1.001021374681565e-07,0.5382439251391584,1.001021374681565e-07,4.006765887994809e-06,1.001021374681565e-07,4.509168397756387e-06,1.001021374681565e-07,1.100001805424632,1.001021374681565e-07,0.0001723329656039006,  ,  ,  ,  
1.001049578894239e-07,0.5227316081684497,1.001049578894239e-07,5.312653365073337e-06,1.001049578894239e-07,5.948557314171986e-06,1.001049578894239e-07,1.100002455850272,1.001049578894239e-07,0.0002328686788836074,  ,  ,  ,  
1.001076430689903e-07,0.507963120553225,1.001076430689903e-07,6.582211893212888e-06,1.001076430689903e-07,7.427745993606789e-06,1.001076430689903e-07,1.100003093399925,1.001076430689903e-07,0.0003025096590121491,  ,  ,  ,  
1.001101698791051e-07,0.4940656649220666,1.001101698791051e-07,7.651680315558152e-06,1.001101698791051e-07,8.768148250285696e-06,1.001101698791051e-07,1.100003642954866,1.001101698791051e-07,0.0003754553160789388,  ,  ,  ,  
1.00112499802601e-07,0.481251085694254,1.00112499802601e-07,8.504752290553992e-06,1.00112499802601e-07,9.902992494728788e-06,1.00112499802601e-07,1.100004095342634,1.00112499802601e-07,0.0004462436302374873,  ,  ,  ,  
1.001145297877603e-07,0.4700861673182508,1.001145297877603e-07,9.075841577365905e-06,1.001145297877603e-07,1.073120646843335e-05,1.001145297877603e-07,1.100004409062571,1.001145297877603e-07,0.0005078633586303675,  ,  ,  ,  
1.001161405870958e-07,0.4612267709729647,1.001161405870958e-07,9.2371828800255e-06,1.001161405870958e-07,1.112104214405523e-05,1.001161405870958e-07,1.100004514000197,1.001161405870958e-07,0.0005531946114701499,  ,  ,  ,  
1.001175298969708e-07,0.4535855666606334,1.001175298969708e-07,8.940462935593933e-06,1.001175298969708e-07,1.106435416388504e-05,1.001175298969708e-07,1.100004390323456,1.001175298969708e-07,0.000585372200430139,  ,  ,  ,  
1.001190447744846e-07,0.4452537403346717,1.001190447744846e-07,7.846762902978145e-06,1.001190447744846e-07,1.029743076817141e-05,1.001190447744846e-07,1.100003883968891,1.001190447744846e-07,0.0006057598570819686,  ,  ,  ,  
1.001205357513634e-07,0.4370533675010431,1.001205357513634e-07,5.554693478284474e-06,1.001205357513634e-07,8.408626628824896e-06,1.001205357513634e-07,1.100002798786397,1.001205357513634e-07,0.0006000298414755984,  ,  ,  ,  
1.001221111539208e-07,0.4283886534355967,1.001221111539208e-07,1.038478427296417e-06,1.001221111539208e-07,4.440006911284414e-06,1.001221111539208e-07,1.100000636654205,1.001221111539208e-07,0.0005468995298733574,  ,  ,  ,  
1.001235206179215e-07,0.420636601431854,1.001235206179215e-07,-5.933517800705888e-06,1.001235206179215e-07,-1.865521143793991e-06,1.001235206179215e-07,1.099997273684279,1.001235206179215e-07,0.0004332320712203774,  ,  ,  ,  
1.001249831614913e-07,0.4125926117976745,1.001249831614913e-07,-1.778394743472367e-05,1.001249831614913e-07,-1.275372798271947e-05,1.001249831614913e-07,1.099991542785823,1.001249831614913e-07,0.0002087090174799742,  ,  ,  ,  
1.001266625542696e-07,0.4033559515171029,1.001266625542696e-07,-4.002610107459037e-05,1.001266625542696e-07,-3.35186178868068e-05,1.001266625542696e-07,1.09998079205838,1.001266625542696e-07,-0.0002636563316710957,  ,  ,  ,  
1.001287825179494e-07,0.3916961512783642,1.001287825179494e-07,-8.620620264286602e-05,1.001287825179494e-07,-7.743059132131457e-05,1.001287825179494e-07,1.099958522196166,1.001287825179494e-07,-0.001378061052810575,  ,  ,  ,  
1.001309344858646e-07,0.3798603277448531,1.001309344858646e-07,-0.000154864599772972,1.001309344858646e-07,-0.0001451929323371484,1.001309344858646e-07,1.099925461791993,1.001309344858646e-07,-0.003300734314484018,  ,  ,  ,  
1.001339066335737e-07,0.3635135153446186,1.001339066335737e-07,-0.0002803363112395422,1.001339066335737e-07,-0.000275885254544473,1.001339066335737e-07,1.099864602787499,1.001339066335737e-07,-0.00758752405602093,  ,  ,  ,  
1.001358795489138e-07,0.3526624809743629,1.001358795489138e-07,-0.0003723722021317811,1.001358795489138e-07,-0.0003779166371045186,1.001358795489138e-07,1.099819540378913,1.001358795489138e-07,-0.01147503587867202,  ,  ,  ,  
1.001377465560427e-07,0.3423939417650298,1.001377465560427e-07,-0.0004586322753475333,1.001377465560427e-07,-0.0004791236595241116,1.001377465560427e-07,1.099776624703087,1.001377465560427e-07,-0.01584977614723785,  ,  ,  ,  
1.001397553039738e-07,0.3313458281441082,1.001397553039738e-07,-0.0005463711164560866,1.001397553039738e-07,-0.0005879106684398894,1.001397553039738e-07,1.099731910269177,1.001397553039738e-07,-0.021198819980978,  ,  ,  ,  
1.001421340805648e-07,0.3182625568936936,1.001421340805648e-07,-0.0006394022582288769,1.001421340805648e-07,-0.0007101146358450709,1.001421340805648e-07,1.099683155195192,1.001421340805648e-07,-0.02819420740572581,  ,  ,  ,  
1.001445136201153e-07,0.3051750893658783,1.001445136201153e-07,-0.0007167864094097453,1.001445136201153e-07,-0.0008189224973473749,1.001445136201153e-07,1.099641203628765,1.001445136201153e-07,-0.03567384212612347,  ,  ,  ,  
1.001467910464392e-07,0.2926492445845045,1.001467910464392e-07,-0.0007732910641519368,1.001467910464392e-07,-0.0009058322089331324,1.001467910464392e-07,1.099609147729131,1.001467910464392e-07,-0.04306161819542438,  ,  ,  ,  
1.00149226609374e-07,0.279253648442923,1.00149226609374e-07,-0.0008135782304882705,1.00149226609374e-07,-0.000976843547835808,1.00149226609374e-07,1.099584459212933,1.00149226609374e-07,-0.05098404068375238,  ,  ,  ,  
1.001523995716988e-07,0.2618023556565738,1.001523995716988e-07,-0.0008383595722779097,1.001523995716988e-07,-0.001035587528818712,1.001523995716988e-07,1.09956592885491,1.001523995716988e-07,-0.06106835164363127,  ,  ,  ,  
1.00155780303596e-07,0.243208330222155,1.00155780303596e-07,-0.0008394523118465106,1.00155780303596e-07,-0.001063192134141334,1.00155780303596e-07,1.099559185012194,1.00155780303596e-07,-0.07143165395946907,  ,  ,  ,  
1.001582853246894e-07,0.2294307142085756,1.001582853246894e-07,-0.0008280412511046932,1.001582853246894e-07,-0.001065218319845475,1.001582853246894e-07,1.099560665339361,1.001582853246894e-07,-0.0789224222607116,  ,  ,  ,  
1.001607004243494e-07,0.216147666078487,1.001607004243494e-07,-0.0008088478279081204,1.001607004243494e-07,-0.001055282191359666,1.001607004243494e-07,1.099566060469624,1.001607004243494e-07,-0.08611118990504051,  ,  ,  ,  
1.001632757638819e-07,0.2019832986497803,1.001632757638819e-07,-0.0007783619543153872,1.001632757638819e-07,-0.001032640952751055,1.001632757638819e-07,1.099575564880659,1.001632757638819e-07,-0.09391809651573338,  ,  ,  ,  
1.001662294298167e-07,0.1857381360080523,1.001662294298167e-07,-0.000725637910172346,1.001662294298167e-07,-0.0009890277073209127,1.001662294298167e-07,1.099591503514479,1.001662294298167e-07,-0.1033335236454388,  ,  ,  ,  
1.00169519919832e-07,0.167640440924013,1.00169519919832e-07,-0.0006340298326038492,1.00169519919832e-07,-0.0009127102119829186,1.00169519919832e-07,1.099616481553937,1.00169519919832e-07,-0.1148349558400062,  ,  ,  ,  
1.001721239950318e-07,0.1533180273248597,1.001721239950318e-07,-0.0005285344603932991,1.001721239950318e-07,-0.0008286983917641838,1.001721239950318e-07,1.099642024504917,1.001721239950318e-07,-0.1250601718189579,  ,  ,  ,  
1.001742734635426e-07,0.1414959505159089,1.001742734635426e-07,-0.0004148380866497191,1.001742734635426e-07,-0.0007424869389827285,1.001742734635426e-07,1.099666645913528,1.001742734635426e-07,-0.1345232375712363,  ,  ,  ,  
1.001761711614222e-07,0.1310586121779469,1.001761711614222e-07,-0.0003000748204514826,1.001761711614222e-07,-0.0006551051320495375,1.001761711614222e-07,1.09969130119518,1.001761711614222e-07,-0.1438354727932395,  ,  ,  ,  
1.001781277595912e-07,0.1202973222485687,1.001781277595912e-07,-0.0001838954159932189,1.001781277595912e-07,-0.0005559003860613316,1.001781277595912e-07,1.099719940821371,1.001781277595912e-07,-0.1545055572866416,  ,  ,  ,  
1.001802918968891e-07,0.108394567110184,1.001802918968891e-07,-6.244782891958763e-05,1.001802918968891e-07,-0.0004357675116767109,1.001802918968891e-07,1.099754140285712,1.001802918968891e-07,-0.1675326515432419,  ,  ,  ,  
1.001821607226344e-07,0.09811602551080534,1.001821607226344e-07,3.695030194096317e-05,1.001821607226344e-07,-0.0003235860636423312,1.001821607226344e-07,1.099783455434345,1.001821607226344e-07,-0.179541837752929,  ,  ,  ,  
1.001836097819214e-07,0.09014619943244484,1.001836097819214e-07,0.0001039570669387183,1.001836097819214e-07,-0.000231887709000476,1.001836097819214e-07,1.09980467460315,1.001836097819214e-07,-0.189058050972701,  ,  ,  ,  
1.00185001418852e-07,0.08249219631387006,1.00185001418852e-07,0.0001408600703688915,1.00185001418852e-07,-0.0001409424138058021,1.00185001418852e-07,1.099824123147583,1.00185001418852e-07,-0.1981392401819609,  ,  ,  ,  
1.001866892440714e-07,0.07320915760735813,1.001866892440714e-07,8.917815645878948e-05,1.001866892440714e-07,-2.90470691695979e-05,1.001866892440714e-07,1.099847419223173,1.001866892440714e-07,-0.2088518952674617,  ,  ,  ,  
1.001882991614333e-07,0.0643546121167935,1.001882991614333e-07,-0.0001803302299980561,1.001882991614333e-07,7.72389593439702e-05,1.001882991614333e-07,1.09987030773846,1.001882991614333e-07,-0.218621152149319,  ,  ,  ,  
1.001894636131316e-07,0.05795012777625708,1.001894636131316e-07,-0.0005894121889367744,1.001894636131316e-07,0.000153628078745871,1.001894636131316e-07,1.099888005542504,1.001894636131316e-07,-0.2253735287389602,  ,  ,  ,  
1.00190516269937e-07,0.05216051534630739,1.00190516269937e-07,-0.001134993824160493,1.00190516269937e-07,0.0002228204704353361,1.00190516269937e-07,1.09990499727426,1.00190516269937e-07,-0.2312388908111385,  ,  ,  ,  
1.001920775756706e-07,0.0435733338119324,1.001920775756706e-07,-0.002140541956295487,1.001920775756706e-07,0.0003261257346146563,1.001920775756706e-07,1.099930914298903,1.001920775756706e-07,-0.2395103502938847,  ,  ,  ,  
1.001932095807527e-07,0.03734730586040813,1.001932095807527e-07,-0.002924537093431559,1.001932095807527e-07,0.0004011796736871897,1.001932095807527e-07,1.099949139243143,1.001932095807527e-07,-0.2451730294335785,  ,  ,  ,  
1.001941865421513e-07,0.03197401816759116,1.001941865421513e-07,-0.003581860632863821,1.001941865421513e-07,0.0004653800185118954,1.001941865421513e-07,1.09996363285226,1.001941865421513e-07,-0.2498252860282889,  ,  ,  ,  
1.001952908389405e-07,0.0259003858272342,1.001952908389405e-07,-0.004261140296604423,1.001952908389405e-07,0.0005351737227064564,1.001952908389405e-07,1.099978852638289,1.001952908389405e-07,-0.2548207616103184,  ,  ,  ,  
1.001965823253163e-07,0.01879721076023011,1.001965823253163e-07,-0.004943704500642334,1.001965823253163e-07,0.0006118456552995934,1.001965823253163e-07,1.09999410989351,1.001965823253163e-07,-0.260322491948941,  ,  ,  ,  
1.001979871541674e-07,0.01107065207930003,1.001979871541674e-07,-0.005535912636213454,1.001979871541674e-07,0.000688273148841574,1.001979871541674e-07,1.100007270513084,1.001979871541674e-07,-0.2659179259069047,  ,  ,  ,  
1.001989935770837e-07,0.005535326039681543,1.001989935770837e-07,-0.005859944588846756,1.001989935770837e-07,0.0007388487685080949,1.001989935770837e-07,1.100014660579139,1.001989935770837e-07,-0.2696912933704346,  ,  ,  ,  
1.002e-07,6.306066779870889e-14,1.002e-07,-0.006097924601231873,1.002e-07,0.0007867733419849255,1.002e-07,1.10002065234805,1.002e-07,-0.2732767580531837,  ,  ,  ,  
1.002006187139783e-07,0,1.002006187139783e-07,-0.006181124337171701,1.002006187139783e-07,0.0008146395679734749,1.002006187139783e-07,1.100023624967227,1.002006187139783e-07,-0.2753558272707226,  ,  ,  ,  
1.002012273101172e-07,0,1.002012273101172e-07,-0.006243212934906053,1.002012273101172e-07,0.0008422191736648036,1.002012273101172e-07,1.100026560626448,1.002012273101172e-07,-0.2773552973997825,  ,  ,  ,  
1.002018566136455e-07,0,1.002018566136455e-07,-0.006280770985729339,1.002018566136455e-07,0.0008705251524075373,1.002018566136455e-07,1.100029355981234,1.002018566136455e-07,-0.2793608707034703,  ,  ,  ,  
1.002026894826872e-07,0,1.002026894826872e-07,-0.006286543301603738,1.002026894826872e-07,0.0009074780655347606,1.002026894826872e-07,1.100032925666009,1.002026894826872e-07,-0.2819114101892349,  ,  ,  ,  
1.002040273116033e-07,0,1.002040273116033e-07,-0.006198178335451343,1.002040273116033e-07,0.0009654872611357386,1.002040273116033e-07,1.100039112362245,1.002040273116033e-07,-0.2857603054673369,  ,  ,  ,  
1.002054670272166e-07,0,1.002054670272166e-07,-0.005986624047363667,1.002054670272166e-07,0.001025159455613463,1.002054670272166e-07,1.100047253026241,1.002054670272166e-07,-0.2895739097462928,  ,  ,  ,  
1.002069634025148e-07,0,1.002069634025148e-07,-0.005663670961524723,1.002069634025148e-07,0.001083537266473898,1.002069634025148e-07,1.100057860753658,1.002069634025148e-07,-0.2931996844651357,  ,  ,  ,  
1.002085105933021e-07,0,1.002085105933021e-07,-0.00524772244031243,1.002085105933021e-07,0.001140434883418168,1.002085105933021e-07,1.100071070058968,1.002085105933021e-07,-0.2966137316509274,  ,  ,  ,  
1.002102133064056e-07,0,1.002102133064056e-07,-0.004726470941830689,1.002102133064056e-07,0.001199566942261403,1.002102133064056e-07,1.100087318497513,1.002102133064056e-07,-0.3000110788205868,  ,  ,  ,  
1.00211853027892e-07,0,1.00211853027892e-07,-0.004189723103260159,1.00211853027892e-07,0.001252928744817617,1.00211853027892e-07,1.100103187567742,1.00211853027892e-07,-0.3029587579443137,  ,  ,  ,  
1.002133990093236e-07,0,1.002133990093236e-07,-0.003671160604966505,1.002133990093236e-07,0.001299785259065603,1.002133990093236e-07,1.100117110278526,1.002133990093236e-07,-0.3054733407067549,  ,  ,  ,  
1.002149719849825e-07,0,1.002149719849825e-07,-0.003146003676985135,1.002149719849825e-07,0.001343882012657643,1.002149719849825e-07,1.100129238182209,1.002149719849825e-07,-0.3077909925960237,  ,  ,  ,  
1.002166517703113e-07,0,1.002166517703113e-07,-0.002600094851226362,1.002166517703113e-07,0.001387669786726928,1.002166517703113e-07,1.100139153973313,1.002166517703113e-07,-0.3100151701102895,  ,  ,  ,  
1.002175028671917e-07,0,1.002175028671917e-07,-0.002331428413015013,1.002175028671917e-07,0.001410006390204433,1.002175028671917e-07,1.100143002375549,1.002175028671917e-07,-0.3110400567398339,  ,  ,  ,  
1.002183476820152e-07,0,1.002183476820152e-07,-0.002072364369707546,1.002183476820152e-07,0.001431858886682421,1.002183476820152e-07,1.100145424761166,1.002183476820152e-07,-0.3119865051393605,  ,  ,  ,  
1.002190584547308e-07,0,1.002190584547308e-07,-0.001862441702912843,1.002190584547308e-07,0.001449674817366671,1.002190584547308e-07,1.100145849923341,1.002190584547308e-07,-0.3127420384201449,  ,  ,  ,  
1.002196793526089e-07,0,1.002196793526089e-07,-0.001684778236917189,1.002196793526089e-07,0.001462601406056582,1.002196793526089e-07,1.100145680697064,1.002196793526089e-07,-0.3133767229174449,  ,  ,  ,  
1.002201999848484e-07,0,1.002201999848484e-07,-0.001539294555018799,1.002201999848484e-07,0.001471660509207083,1.002201999848484e-07,1.100145526224061,1.002201999848484e-07,-0.3138899557974458,  ,  ,  ,  
1.002208893585305e-07,0,1.002208893585305e-07,-0.001351092207900419,1.002208893585305e-07,0.00148215669593651,1.002208893585305e-07,1.100145346152433,1.002208893585305e-07,-0.314539577164602,  ,  ,  ,  
1.002219578355578e-07,0,1.002219578355578e-07,-0.001069462337266795,1.002219578355578e-07,0.001496215148558709,1.002219578355578e-07,1.100144882248323,1.002219578355578e-07,-0.3154706613990741,  ,  ,  ,  
1.002233790751036e-07,0,1.002233790751036e-07,-0.0007132792338962235,1.002233790751036e-07,0.001514794699387628,1.002233790751036e-07,1.100144950358225,1.002233790751036e-07,-0.316544179977268,  ,  ,  ,  
1.002247736763999e-07,0,1.002247736763999e-07,-0.0003866080583700796,1.002247736763999e-07,0.001533639221396571,1.002247736763999e-07,1.100145141059893,1.002247736763999e-07,-0.3173978287975193,  ,  ,  ,  
1.002257154806497e-07,0,1.002257154806497e-07,-0.0001808469706660856,1.002257154806497e-07,0.001545639165312432,1.002257154806497e-07,1.100144498342985,1.002257154806497e-07,-0.3178600532391597,  ,  ,  ,  
1.002266784066922e-07,0,1.002266784066922e-07,1.537245408420869e-05,1.002266784066922e-07,0.001555427459051109,1.002266784066922e-07,1.100142733011553,1.002266784066922e-07,-0.3182452680025856,  ,  ,  ,  
1.002274009112406e-07,0,1.002274009112406e-07,0.0001528981815487609,1.002274009112406e-07,0.001561830709862323,1.002274009112406e-07,1.100140683066374,1.002274009112406e-07,-0.318479969223904,  ,  ,  ,  
1.002283120771711e-07,0,1.002283120771711e-07,0.0003140718544617308,1.002283120771711e-07,0.001569880457128778,1.002283120771711e-07,1.100136852549636,1.002283120771711e-07,-0.3187100967011762,  ,  ,  ,  
1.00229189941513e-07,0,1.00229189941513e-07,0.0004562105230937836,1.00229189941513e-07,0.001577950461845708,1.00229189941513e-07,1.10013156400597,1.00229189941513e-07,-0.3188601206824968,  ,  ,  ,  
1.0023019304043e-07,0,1.0023019304043e-07,0.0006021790433376924,1.0023019304043e-07,0.001587391593999464,1.0023019304043e-07,1.100122834707824,1.0023019304043e-07,-0.3189385733932474,  ,  ,  ,  
1.002312825541164e-07,0,1.002312825541164e-07,0.0007397735510459006,1.002312825541164e-07,0.001597251922592577,1.002312825541164e-07,1.100109745433837,1.002312825541164e-07,-0.3189046031125642,  ,  ,  ,  
1.002319766049901e-07,0,1.002319766049901e-07,0.0008162349456078081,1.002319766049901e-07,0.001602510996272618,1.002319766049901e-07,1.100100303957374,1.002319766049901e-07,-0.318820326050635,  ,  ,  ,  
1.002326567740834e-07,0,1.002326567740834e-07,0.0008832602270181804,1.002326567740834e-07,0.00160571445891705,1.002326567740834e-07,1.10009111728105,1.002326567740834e-07,-0.3186977769269571,  ,  ,  ,  
1.002333566521877e-07,0,1.002333566521877e-07,0.0009449539507317948,1.002333566521877e-07,0.001605711547185864,1.002333566521877e-07,1.100082318257537,1.002333566521877e-07,-0.3185416152252565,  ,  ,  ,  
1.002341478790237e-07,0,1.002341478790237e-07,0.001007701745215028,1.002341478790237e-07,0.00160046275262071,1.002341478790237e-07,1.100073327822219,1.002341478790237e-07,-0.3183438480294861,  ,  ,  ,  
1.002352083712285e-07,0,1.002352083712285e-07,0.001083512916750948,1.002352083712285e-07,0.00158396579860423,1.002352083712285e-07,1.100062398961724,1.002352083712285e-07,-0.3180688612448123,  ,  ,  ,  
1.002363327955266e-07,0,1.002363327955266e-07,0.001156968286645927,1.002363327955266e-07,0.001556095393033742,1.002363327955266e-07,1.10005140755092,1.002363327955266e-07,-0.3177872388559485,  ,  ,  ,  
1.002374465916211e-07,0,1.002374465916211e-07,0.001225546479710101,1.002374465916211e-07,0.001519781582751018,1.002374465916211e-07,1.100040729341102,1.002374465916211e-07,-0.3175317478837178,  ,  ,  ,  
1.00238621876564e-07,0,1.00238621876564e-07,0.001295431056483701,1.00238621876564e-07,0.001474980384077517,1.00238621876564e-07,1.100029260642946,1.00238621876564e-07,-0.3172945517797429,  ,  ,  ,  
1.00239942034513e-07,0,1.00239942034513e-07,0.001372256814286417,1.00239942034513e-07,0.001420331205016994,1.00239942034513e-07,1.100016162529513,1.00239942034513e-07,-0.3170695413290926,  ,  ,  ,  
1.002416490537819e-07,0,1.002416490537819e-07,0.001469457644688021,1.002416490537819e-07,0.001347842260340956,1.002416490537819e-07,1.099999217281181,1.002416490537819e-07,-0.3168383926157502,  ,  ,  ,  
1.002440303523344e-07,0,1.002440303523344e-07,0.001599741809579961,1.002440303523344e-07,0.001250207729522806,1.002440303523344e-07,1.099976382556131,1.002440303523344e-07,-0.3166103050950207,  ,  ,  ,  
1.002465972732454e-07,0,1.002465972732454e-07,0.001730759773513923,1.002465972732454e-07,0.001154665259811138,1.002465972732454e-07,1.09995351094951,1.002465972732454e-07,-0.3164606733501835,  ,  ,  ,  
1.002493665179517e-07,0,1.002493665179517e-07,0.00185874178434508,1.002493665179517e-07,0.001065112739964109,1.002493665179517e-07,1.099931357480534,1.002493665179517e-07,-0.3163777228488399,  ,  ,  ,  
1.002524366754252e-07,0,1.002524366754252e-07,0.001982670320590683,1.002524366754252e-07,0.0009819995281417921,1.002524366754252e-07,1.099909900236952,1.002524366754252e-07,-0.316342448035294,  ,  ,  ,  
1.002559146062002e-07,0,1.002559146062002e-07,0.002100350821249944,1.002559146062002e-07,0.0009059567565229016,1.002559146062002e-07,1.09988932321502,1.002559146062002e-07,-0.316335996754409,  ,  ,  ,  
1.002599789430039e-07,0,1.002599789430039e-07,0.002212794089471817,1.002599789430039e-07,0.000836842916387193,1.002599789430039e-07,1.099868897229545,1.002599789430039e-07,-0.3163607435363208,  ,  ,  ,  
1.002629397496484e-07,0,1.002629397496484e-07,0.002282843288601862,1.002629397496484e-07,0.000796922032700623,1.002629397496484e-07,1.099853610393465,1.002629397496484e-07,-0.3164255289409306,  ,  ,  ,  
1.002653835198797e-07,0,1.002653835198797e-07,0.002336591271068875,1.002653835198797e-07,0.0007681582275353109,1.002653835198797e-07,1.099836966068267,1.002653835198797e-07,-0.316534316664187,  ,  ,  ,  
1.002677386458737e-07,0,1.002677386458737e-07,0.002386140556301763,1.002677386458737e-07,0.0007412273689649566,1.002677386458737e-07,1.099812629745266,1.002677386458737e-07,-0.3167156531058791,  ,  ,  ,  
1.002697748529781e-07,0,1.002697748529781e-07,0.002427212350207248,1.002697748529781e-07,0.0007158051706940234,1.002697748529781e-07,1.099780055972184,1.002697748529781e-07,-0.3169591898288227,  ,  ,  ,  
1.002715556725671e-07,0,1.002715556725671e-07,0.002462321165029924,1.002715556725671e-07,0.0006912930006721199,1.002715556725671e-07,1.099740458008375,1.002715556725671e-07,-0.3172533404524523,  ,  ,  ,  
1.002733692918466e-07,0,1.002733692918466e-07,0.002499048320954176,1.002733692918466e-07,0.0006665200827103831,1.002733692918466e-07,1.099691320089572,1.002733692918466e-07,-0.3176331797025095,  ,  ,  ,  
1.002757098450645e-07,0,1.002757098450645e-07,0.002547126857303797,1.002757098450645e-07,0.000636959991059142,1.002757098450645e-07,1.099615542484624,1.002757098450645e-07,-0.3182394419095375,  ,  ,  ,  
1.002783932097399e-07,0,1.002783932097399e-07,0.002600602272120163,1.002783932097399e-07,0.0006073798947107285,1.002783932097399e-07,1.099513011345468,1.002783932097399e-07,-0.3190782369264064,  ,  ,  ,  
1.002810920874584e-07,0,1.002810920874584e-07,0.002649253244710856,1.002810920874584e-07,0.0005829635048259204,1.002810920874584e-07,1.099393803605218,1.002810920874584e-07,-0.3200396462737765,  ,  ,  ,  
1.002836628395853e-07,0,1.002836628395853e-07,0.002685716097889044,1.002836628395853e-07,0.0005670844234838078,1.002836628395853e-07,1.099200362921287,1.002836628395853e-07,-0.3207050692270654,  ,  ,  ,  
1.002858305255771e-07,0,1.002858305255771e-07,0.002698113139066777,1.002858305255771e-07,0.0005642831350850459,1.002858305255771e-07,1.098797990272308,1.002858305255771e-07,-0.3198165934060926,  ,  ,  ,  
1.00287725836009e-07,0,1.00287725836009e-07,0.002669321885384902,1.00287725836009e-07,0.0005715506704189577,1.00287725836009e-07,1.098172132169275,1.00287725836009e-07,-0.316742017404525,  ,  ,  ,  
1.002895133905307e-07,0,1.002895133905307e-07,0.00257627328110855,1.002895133905307e-07,0.0005866789242457541,1.002895133905307e-07,1.097337009780424,1.002895133905307e-07,-0.3113161126412028,  ,  ,  ,  
1.002908648496298e-07,0,1.002908648496298e-07,0.002450493879567972,1.002908648496298e-07,0.0006038587595777973,1.002908648496298e-07,1.096570024389528,1.002908648496298e-07,-0.30551307905431,  ,  ,  ,  
1.002919400392796e-07,0,1.002919400392796e-07,0.002313433736108349,1.002919400392796e-07,0.0006213266531883035,1.002919400392796e-07,1.095898371639121,1.002919400392796e-07,-0.299889004154489,  ,  ,  ,  
1.002929341243284e-07,0,1.002929341243284e-07,0.002158665019160488,1.002929341243284e-07,0.0006406608219975429,1.002929341243284e-07,1.095248710756307,1.002929341243284e-07,-0.293975114919917,  ,  ,  ,  
1.002939925398872e-07,0,1.002939925398872e-07,0.00196960846674129,1.002939925398872e-07,0.0006634674089807368,1.002939925398872e-07,1.094545618101724,1.002939925398872e-07,-0.2870501059738015,  ,  ,  ,  
1.002947357431363e-07,0,1.002947357431363e-07,0.001825967552443493,1.002947357431363e-07,0.0006796846391044854,1.002947357431363e-07,1.094051623009729,1.002947357431363e-07,-0.2818633847567581,  ,  ,  ,  
1.002954484144909e-07,0,1.002954484144909e-07,0.001682723104810971,1.002954484144909e-07,0.0006943513993036898,1.002954484144909e-07,1.0935815353947,1.002954484144909e-07,-0.2766893476934211,  ,  ,  ,  
1.00296331532621e-07,0,1.00296331532621e-07,0.001503365042823312,1.00296331532621e-07,0.0007099652758156485,1.00296331532621e-07,1.093007059151381,1.00296331532621e-07,-0.2700673240993119,  ,  ,  ,  
1.00297488094063e-07,0,1.00297488094063e-07,0.001275258896090053,1.00297488094063e-07,0.000724894227650142,1.00297488094063e-07,1.092270274923937,1.00297488094063e-07,-0.2611198808791592,  ,  ,  ,  
1.002986797223372e-07,0,1.002986797223372e-07,0.001059157473889031,1.002986797223372e-07,0.0007336455911175734,1.002986797223372e-07,1.091529887900448,1.002986797223372e-07,-0.2516226709986932,  ,  ,  ,  
1.002999041765746e-07,0,1.002999041765746e-07,0.0008676963103826262,1.002999041765746e-07,0.0007366002629119867,1.002999041765746e-07,1.090788047079442,1.002999041765746e-07,-0.2415832580532053,  ,  ,  ,  
1.003011194439131e-07,0,1.003011194439131e-07,0.0007175537062142283,1.003011194439131e-07,0.0007350232208704607,1.003011194439131e-07,1.090069502209169,1.003011194439131e-07,-0.2313213590608957,  ,  ,  ,  
1.003024109187088e-07,0,1.003024109187088e-07,0.0006114834450891509,1.003024109187088e-07,0.0007302993136852511,1.003024109187088e-07,1.089323808076426,1.003024109187088e-07,-0.2200527698169822,  ,  ,  ,  
1.003038903973216e-07,0,1.003038903973216e-07,0.0005732219923303878,1.003038903973216e-07,0.0007231758745848911,1.003038903973216e-07,1.0884906345313,1.003038903973216e-07,-0.2066335828623221,  ,  ,  ,  
1.003057065275784e-07,0,1.003057065275784e-07,0.0006860402798935804,1.003057065275784e-07,0.0007142647508020481,1.003057065275784e-07,1.087496501076762,1.003057065275784e-07,-0.1894056848086939,  ,  ,  ,  
1.003081199064481e-07,0,1.003081199064481e-07,0.001252435204027396,1.003081199064481e-07,0.0007042929118844913,1.003081199064481e-07,1.086220883187452,1.003081199064481e-07,-0.1654993522857507,  ,  ,  ,  
1.003106206903438e-07,0,1.003106206903438e-07,0.002693671396229443,1.003106206903438e-07,0.0006964846786228168,1.003106206903438e-07,1.084950085853982,1.003106206903438e-07,-0.1401169591137054,  ,  ,  ,  
1.003132505407843e-07,0,1.003132505407843e-07,0.005919436359900225,1.003132505407843e-07,0.0006907265985527119,1.003132505407843e-07,1.083666233029152,1.003132505407843e-07,-0.1132945370490388,  ,  ,  ,  
1.003169888875032e-07,0,1.003169888875032e-07,0.01678913939195063,1.003169888875032e-07,0.0006874085583931617,1.003169888875032e-07,1.081928459657033,1.003169888875032e-07,-0.07539201813155995,  ,  ,  ,  
1.003200775294993e-07,0,1.003200775294993e-07,0.03631611674172217,1.003200775294993e-07,0.0006895779669378213,1.003200775294993e-07,1.080565488291089,1.003200775294993e-07,-0.0444168581698349,  ,  ,  ,  
1.003224897328816e-07,0,1.003224897328816e-07,0.06282311544916669,1.003224897328816e-07,0.0006944258352863615,1.003224897328816e-07,1.079543947020027,1.003224897328816e-07,-0.02047071987038776,  ,  ,  ,  
1.003245700309378e-07,0,1.003245700309378e-07,0.096082537890273,1.003245700309378e-07,0.000700491611890638,1.003245700309378e-07,1.078693015041916,1.003245700309378e-07,-2.640756612515711e-05,  ,  ,  ,  
1.003267482686363e-07,0,1.003267482686363e-07,0.1414832602120352,1.003267482686363e-07,0.0007080620737422245,1.003267482686363e-07,1.077831253783234,1.003267482686363e-07,0.021181574973812,  ,  ,  ,  
1.003289238669128e-07,0,1.003289238669128e-07,0.1971227861141645,1.003289238669128e-07,0.0007161850310080589,1.003289238669128e-07,1.077000304758768,1.003289238669128e-07,0.04233021867810782,  ,  ,  ,  
1.003310823168544e-07,0,1.003310823168544e-07,0.2617461893430869,1.003310823168544e-07,0.0007229632866005156,1.003310823168544e-07,1.076203820856272,1.003310823168544e-07,0.06315777373769399,  ,  ,  ,  
1.003338548352756e-07,0,1.003338548352756e-07,0.3560319738354615,1.003338548352756e-07,0.0007276943669970029,1.003338548352756e-07,1.075219185627283,1.003338548352756e-07,0.08964486448003896,  ,  ,  ,  
1.003351554405696e-07,0,1.003351554405696e-07,0.4037353819846053,1.003351554405696e-07,0.0007276264968598823,1.003351554405696e-07,1.074771571742725,1.003351554405696e-07,0.1019607877789272,  ,  ,  ,  
1.003366924749309e-07,0,1.003366924749309e-07,0.4620478162440197,1.003366924749309e-07,0.0007257814233064722,1.003366924749309e-07,1.074254272762147,1.003366924749309e-07,0.1164227978351071,  ,  ,  ,  
1.003374890524219e-07,0,1.003374890524219e-07,0.4928859469897053,1.003374890524219e-07,0.0007241833858764718,1.003374890524219e-07,1.073990985579218,1.003374890524219e-07,0.123877640613282,  ,  ,  ,  
1.00338286218195e-07,0,1.00338286218195e-07,0.5238383000123198,1.00338286218195e-07,0.0007213762134056531,1.00338286218195e-07,1.073730519838905,1.00338286218195e-07,0.1313085788731378,  ,  ,  ,  
1.003389810482658e-07,0,1.003389810482658e-07,0.551036947843103,1.003389810482658e-07,0.0007192335995776143,1.003389810482658e-07,1.073506734725247,1.003389810482658e-07,0.1377646458330991,  ,  ,  ,  
1.003395478360097e-07,0,1.003395478360097e-07,0.5734555010648597,1.003395478360097e-07,0.0007176792509324601,1.003395478360097e-07,1.073326272148539,1.003395478360097e-07,0.143017423433176,  ,  ,  ,  
1.003401019281201e-07,0,1.003401019281201e-07,0.5953053518874734,1.003401019281201e-07,0.0007150000839682232,1.003401019281201e-07,1.073150703469706,1.003401019281201e-07,0.1481375119890925,  ,  ,  ,  
1.003412101123407e-07,0,1.003412101123407e-07,0.6383197642236741,1.003412101123407e-07,0.0007081848703447317,1.003412101123407e-07,1.072803892976381,1.003412101123407e-07,0.1583337336926856,  ,  ,  ,  
1.003421393071124e-07,0,1.003421393071124e-07,0.6736672765417766,1.003421393071124e-07,0.0007019492288191041,1.003421393071124e-07,1.072518085515989,1.003421393071124e-07,0.1668408930872781,  ,  ,  ,  
1.003430087628406e-07,0,1.003430087628406e-07,0.7063293896209453,1.003430087628406e-07,0.0006964578330705834,1.003430087628406e-07,1.072255097854268,1.003430087628406e-07,0.1747703474235236,  ,  ,  ,  
1.003438201914014e-07,0,1.003438201914014e-07,0.7366502004209352,1.003438201914014e-07,0.0006919938656427454,1.003438201914014e-07,1.072013604345697,1.003438201914014e-07,0.1821473845943989,  ,  ,  ,  
1.003445044188153e-07,0,1.003445044188153e-07,0.7620954390110922,1.003445044188153e-07,0.000688463571068025,1.003445044188153e-07,1.071812665657753,1.003445044188153e-07,0.188351708462953,  ,  ,  ,  
1.003450444101966e-07,0,1.003450444101966e-07,0.7818408560382369,1.003450444101966e-07,0.0006848846422749115,1.003450444101966e-07,1.071655187068281,1.003450444101966e-07,0.1932356007792806,  ,  ,  ,  
1.003454497563465e-07,0,1.003454497563465e-07,0.7963967570840507,1.003454497563465e-07,0.000682033550635481,1.003454497563465e-07,1.071537895101526,1.003454497563465e-07,0.1968947729383,  ,  ,  ,  
1.003458156458587e-07,0,1.003458156458587e-07,0.8096215812258105,1.003458156458587e-07,0.0006811422082042281,1.003458156458587e-07,1.071433994456949,1.003458156458587e-07,0.2001973054784872,  ,  ,  ,  
1.003462674323446e-07,0,1.003462674323446e-07,0.8265232877152915,1.003462674323446e-07,0.0006824941792564493,1.003462674323446e-07,1.071308139480761,1.003462674323446e-07,0.2042787599392959,  ,  ,  ,  
1.00346749097948e-07,0,1.00346749097948e-07,0.8454416608850435,1.00346749097948e-07,0.000685589286119557,1.00346749097948e-07,1.07117576208167,1.00346749097948e-07,0.2086346931182207,  ,  ,  ,  
1.003472681424163e-07,0,1.003472681424163e-07,0.8665995240112299,1.003472681424163e-07,0.0006887288271520161,1.003472681424163e-07,1.071033791653784,1.003472681424163e-07,0.2133294679938572,  ,  ,  ,  
1.003478011257534e-07,0,1.003478011257534e-07,0.8885419710802493,1.003478011257534e-07,0.0006901985406922628,1.003478011257534e-07,1.070888026784157,1.003478011257534e-07,0.2181446758345206,  ,  ,  ,  
1.003482438924221e-07,0,1.003482438924221e-07,0.9064853019166271,1.003482438924221e-07,0.0006896231588736654,1.003482438924221e-07,1.070766919323777,1.003482438924221e-07,0.2221364384862918,  ,  ,  ,  
1.003486776193575e-07,0,1.003486776193575e-07,0.9234742728681553,1.003486776193575e-07,0.0006874672081992597,1.003486776193575e-07,1.070648464384845,1.003486776193575e-07,0.2260366225937966,  ,  ,  ,  
1.003491439442708e-07,0,1.003491439442708e-07,0.9408346203300169,1.003491439442708e-07,0.0006835848037834315,1.003491439442708e-07,1.070521551474748,1.003491439442708e-07,0.2302169635776225,  ,  ,  ,  
1.003496794598731e-07,0,1.003496794598731e-07,0.9594087397243338,1.003496794598731e-07,0.0006774264829914772,1.003496794598731e-07,1.070376609807386,1.003496794598731e-07,0.2349996119750907,  ,  ,  ,  
1.003503423969743e-07,0,1.003503423969743e-07,0.980219534833508,1.003503423969743e-07,0.000667762195035961,1.003503423969743e-07,1.070198609278962,1.003503423969743e-07,0.2408927297689664,  ,  ,  ,  
1.003512193585809e-07,0,1.003512193585809e-07,1.003972175129493,1.003512193585809e-07,0.0006524075346912121,1.003512193585809e-07,1.06996588121949,1.003512193585809e-07,0.2486418790166205,  ,  ,  ,  
1.003524813823954e-07,0,1.003524813823954e-07,1.031022127402762,1.003524813823954e-07,0.0006273222043243564,1.003524813823954e-07,1.069637008331096,1.003524813823954e-07,0.2597063569877633,  ,  ,  ,  
1.00354491980201e-07,0,1.00354491980201e-07,1.059833263040177,1.00354491980201e-07,0.0005860981331289368,1.00354491980201e-07,1.069129042375047,1.00354491980201e-07,0.277154585550256,  ,  ,  ,  
1.003561031258061e-07,0,1.003561031258061e-07,1.073428238316265,1.003561031258061e-07,0.0005555078820639497,1.003561031258061e-07,1.068736875613049,1.003561031258061e-07,0.291007134795354,  ,  ,  ,  
1.003575611387848e-07,0,1.003575611387848e-07,1.080906798950648,1.003575611387848e-07,0.000531449228685335,1.003575611387848e-07,1.068393554357489,1.003575611387848e-07,0.3034660297662334,  ,  ,  ,  
1.003590678234757e-07,0,1.003590678234757e-07,1.085726110813396,1.003590678234757e-07,0.0005106411210304642,1.003590678234757e-07,1.068050093233862,1.003590678234757e-07,0.3162787728020535,  ,  ,  ,  
1.003606854914691e-07,0,1.003606854914691e-07,1.089027479396384,1.003606854914691e-07,0.0004925293153974857,1.003606854914691e-07,1.067693766110891,1.003606854914691e-07,0.3299725025932628,  ,  ,  ,  
1.003625580767669e-07,0,1.003625580767669e-07,1.091552653793986,1.003625580767669e-07,0.0004762410310571692,1.003625580767669e-07,1.067296789840294,1.003625580767669e-07,0.3457434037778309,  ,  ,  ,  
1.003648221047052e-07,0,1.003648221047052e-07,1.093641523207769,1.003648221047052e-07,0.0004577516887323487,1.003648221047052e-07,1.066838209555485,1.003648221047052e-07,0.3646867034594214,  ,  ,  ,  
1.003666812745625e-07,0,1.003666812745625e-07,1.094885893791413,1.003666812745625e-07,0.0004444243966156503,1.003666812745625e-07,1.066479067209073,1.003666812745625e-07,0.3801318763746985,  ,  ,  ,  
1.003682767991951e-07,0,1.003682767991951e-07,1.095737270867092,1.003682767991951e-07,0.0004337993260189104,1.003682767991951e-07,1.066182857613613,1.003682767991951e-07,0.393300518614838,  ,  ,  ,  
1.003703118703584e-07,0,1.003703118703584e-07,1.096624120867671,1.003703118703584e-07,0.0004210257431798223,1.003703118703584e-07,1.065820739360212,1.003703118703584e-07,0.4099725630004981,  ,  ,  ,  
1.003740534013342e-07,0,1.003740534013342e-07,1.097837172198438,1.003740534013342e-07,0.0003993998987158801,1.003740534013342e-07,1.065199311344667,1.003740534013342e-07,0.4402335500457476,  ,  ,  ,  
1.003781646170426e-07,0,1.003781646170426e-07,1.098717843390442,1.003781646170426e-07,0.0003781864288390071,1.003781646170426e-07,1.064580583756432,1.003781646170426e-07,0.4728663645379842,  ,  ,  ,  
1.003825071390971e-07,0,1.003825071390971e-07,1.099304078324613,1.003825071390971e-07,0.0003583652343246658,1.003825071390971e-07,1.063997293942988,1.003825071390971e-07,0.5065959322159458,  ,  ,  ,  
1.003870840954893e-07,0,1.003870840954893e-07,1.099682577123273,1.003870840954893e-07,0.000339671536827599,1.003870840954893e-07,1.063457914683917,1.003870840954893e-07,0.5412861942804318,  ,  ,  ,  
1.003897367027295e-07,0,1.003897367027295e-07,1.099822324550377,1.003897367027295e-07,0.0003296496940928118,1.003897367027295e-07,1.063179868865943,1.003897367027295e-07,0.5609738204141723,  ,  ,  ,  
1.003925058877441e-07,0,1.003925058877441e-07,1.099928621473626,1.003925058877441e-07,0.0003209870846555193,1.003925058877441e-07,1.062916231016338,1.003925058877441e-07,0.5811879036016464,  ,  ,  ,  
1.003948267801359e-07,0,1.003948267801359e-07,1.099995036724664,1.003948267801359e-07,0.0003148771831801408,1.003948267801359e-07,1.062716040246979,1.003948267801359e-07,0.5978541144412497,  ,  ,  ,  
1.003987023317308e-07,0,1.003987023317308e-07,1.10007407009411,1.003987023317308e-07,0.0003057519181960119,1.003987023317308e-07,1.062423215091869,1.003987023317308e-07,0.6250977503023744,  ,  ,  ,  
1.004017884130395e-07,0,1.004017884130395e-07,1.100114344704072,1.004017884130395e-07,0.0002992211354958918,1.004017884130395e-07,1.062226863889683,1.004017884130395e-07,0.6462448155131094,  ,  ,  ,  
1.004053035278274e-07,0,1.004053035278274e-07,1.100142324018019,1.004053035278274e-07,0.0002926331541864178,1.004053035278274e-07,1.062042787715035,1.004053035278274e-07,0.6697100878669279,  ,  ,  ,  
1.00410703655141e-07,0,1.00410703655141e-07,1.100161971594448,1.00410703655141e-07,0.0002839246461858797,1.00410703655141e-07,1.061842341154447,1.00410703655141e-07,0.7043853259929738,  ,  ,  ,  
1.004180431466988e-07,0,1.004180431466988e-07,1.100164271477356,1.004180431466988e-07,0.0002731653869958163,1.004180431466988e-07,1.061731417805276,1.004180431466988e-07,0.7486358948277536,  ,  ,  ,  
1.004247286414213e-07,0,1.004247286414213e-07,1.100154347525911,1.004247286414213e-07,0.0002632189331425696,1.004247286414213e-07,1.061794145310841,1.004247286414213e-07,0.7858502013547164,  ,  ,  ,  
1.004310869018428e-07,0,1.004310869018428e-07,1.10014100518837,1.004310869018428e-07,0.0002530238804755247,1.004310869018428e-07,1.061998963590619,1.004310869018428e-07,0.8183475280066823,  ,  ,  ,  
1.004379311673661e-07,0,1.004379311673661e-07,1.10012592244558,1.004379311673661e-07,0.0002410983633567568,1.004379311673661e-07,1.062374606368541,1.004379311673661e-07,0.8500703163257995,  ,  ,  ,  
1.004452620332315e-07,0,1.004452620332315e-07,1.100110291156385,1.004452620332315e-07,0.0002274905066608811,1.004452620332315e-07,1.062946581860636,1.004452620332315e-07,0.8803126847895711,  ,  ,  ,  
1.004530589773242e-07,0,1.004530589773242e-07,1.100094665186026,1.004530589773242e-07,0.000212355083803677,1.004530589773242e-07,1.06373055333961,1.004530589773242e-07,0.9084210659806661,  ,  ,  ,  
1.004614837895017e-07,0,1.004614837895017e-07,1.100078984205433,1.004614837895017e-07,0.0001962755666084714,1.004614837895017e-07,1.064754581455987,1.004614837895017e-07,0.9344884843237792,  ,  ,  ,  
1.004709365504515e-07,0,1.004709365504515e-07,1.100062819658672,1.004709365504515e-07,0.0001800022778877978,1.004709365504515e-07,1.06608147611023,1.004709365504515e-07,0.959073449320357,  ,  ,  ,  
1.004819467283576e-07,0,1.004819467283576e-07,1.100046148272179,1.004819467283576e-07,0.0001643850215540207,1.004819467283576e-07,1.067802478002436,1.004819467283576e-07,0.9825053250251138,  ,  ,  ,  
1.004950264897869e-07,0,1.004950264897869e-07,1.100029279559638,1.004950264897869e-07,0.0001504880204605212,1.004950264897869e-07,1.070000875353907,1.004950264897869e-07,1.004536945308446,  ,  ,  ,  
1.005107644573867e-07,0,1.005107644573867e-07,1.100013491073233,1.005107644573867e-07,0.0001395576536082388,1.005107644573867e-07,1.072737678975309,1.005107644573867e-07,1.024720486955487,  ,  ,  ,  
1.005277052337907e-07,0,1.005277052337907e-07,1.100001584419194,1.005277052337907e-07,0.0001331630421788249,1.005277052337907e-07,1.075662618465738,1.005277052337907e-07,1.040804393249197,  ,  ,  ,  
1.005461919195551e-07,0,1.005461919195551e-07,1.099993092772885,1.005461919195551e-07,0.0001216486198650856,1.005461919195551e-07,1.078708010988969,1.005461919195551e-07,1.053651787294553,  ,  ,  ,  
1.005575518331912e-07,0,1.005575518331912e-07,1.099989075137711,1.005575518331912e-07,9.422293240427095e-05,1.005575518331912e-07,1.080470958458885,1.005575518331912e-07,1.059691076931432,  ,  ,  ,  
1.00568345676182e-07,0,1.00568345676182e-07,1.099984795238572,1.00568345676182e-07,2.581374610332949e-05,1.00568345676182e-07,1.082051882117659,1.00568345676182e-07,1.064455562297823,  ,  ,  ,  
1.005781660378698e-07,0,1.005781660378698e-07,1.099979373562856,1.005781660378698e-07,-0.0001035139253342646,1.005781660378698e-07,1.083403234313941,1.005781660378698e-07,1.06813165572689,  ,  ,  ,  
1.005867848218631e-07,0,1.005867848218631e-07,1.099972854770489,1.005867848218631e-07,-0.0002905306115587811,1.005867848218631e-07,1.084518359482594,1.005867848218631e-07,1.070925340677863,  ,  ,  ,  
1.005961813136787e-07,0,1.005961813136787e-07,1.099964058959146,1.005961813136787e-07,-0.0005790489398487667,1.005961813136787e-07,1.085657941461946,1.005961813136787e-07,1.073582979813867,  ,  ,  ,  
1.006057703199824e-07,0,1.006057703199824e-07,1.099954428880881,1.006057703199824e-07,-0.0009449200070223296,1.006057703199824e-07,1.086740416552528,1.006057703199824e-07,1.075941847209082,  ,  ,  ,  
1.006132503488798e-07,0,1.006132503488798e-07,1.099947123120686,1.006132503488798e-07,-0.001269861090088002,1.006132503488798e-07,1.087529903617237,1.006132503488798e-07,1.077568996876967,  ,  ,  ,  
1.006203495142148e-07,0,1.006203495142148e-07,1.099940644419127,1.006203495142148e-07,-0.001612807556774968,1.006203495142148e-07,1.088236163578262,1.006203495142148e-07,1.078964841531269,  ,  ,  ,  
1.006286976551595e-07,0,1.006286976551595e-07,1.099933722293134,1.006286976551595e-07,-0.002078235835054857,1.006286976551595e-07,1.089015433303657,1.006286976551595e-07,1.080448221246268,  ,  ,  ,  
1.00639251715979e-07,0,1.00639251715979e-07,1.09992616763602,1.00639251715979e-07,-0.002822121500796635,1.00639251715979e-07,1.089925806932991,1.00639251715979e-07,1.082115271995917,  ,  ,  ,  
1.006514444612397e-07,0,1.006514444612397e-07,1.099919584075864,1.006514444612397e-07,-0.003880975250365371,1.006514444612397e-07,1.090882637053662,1.006514444612397e-07,1.083801810536587,  ,  ,  ,  
1.006563616177595e-07,0,1.006563616177595e-07,1.099918992451575,1.006563616177595e-07,-0.004155695481884411,1.006563616177595e-07,1.09124376817426,1.006563616177595e-07,1.084422088983736,  ,  ,  ,  
1.006628104153691e-07,0,1.006628104153691e-07,1.099921522456501,1.006628104153691e-07,-0.00356060228419319,1.006628104153691e-07,1.091702843941811,1.006628104153691e-07,1.08520510116022,  ,  ,  ,  
1.006676454418642e-07,0,1.006676454418642e-07,1.099927297309377,1.006676454418642e-07,-0.001408434610264231,1.006676454418642e-07,1.092041306228314,1.006676454418642e-07,1.085784063907787,  ,  ,  ,  
1.006712151436296e-07,0,1.006712151436296e-07,1.099934604892367,1.006712151436296e-07,0.001934006750065355,1.006712151436296e-07,1.092290923297371,1.006712151436296e-07,1.086216193207667,  ,  ,  ,  
1.006745379165435e-07,0,1.006745379165435e-07,1.099944302851473,1.006745379165435e-07,0.007215437186632123,1.006745379165435e-07,1.092524930757431,1.006745379165435e-07,1.086629152180243,  ,  ,  ,  
1.00677805384644e-07,0,1.00677805384644e-07,1.099956972574268,1.00677805384644e-07,0.01534475946349539,1.00677805384644e-07,1.092757892768344,1.00677805384644e-07,1.087051927360322,  ,  ,  ,  
1.00681273611923e-07,0,1.00681273611923e-07,1.099974076911019,1.00681273611923e-07,0.02829790514582564,1.00681273611923e-07,1.09300921199411,1.00681273611923e-07,1.087525310006486,  ,  ,  ,  
1.006835386608924e-07,0,1.006835386608924e-07,1.099987306953409,1.006835386608924e-07,0.03967483597276469,1.006835386608924e-07,1.093176017606965,1.006835386608924e-07,1.08785071442679,  ,  ,  ,  
1.006859223074052e-07,0,1.006859223074052e-07,1.100002690329229,1.006859223074052e-07,0.05455061910018245,1.006859223074052e-07,1.093353972175355,1.006859223074052e-07,1.08820865565692,  ,  ,  ,  
1.006879034956725e-07,0,1.006879034956725e-07,1.100016105644516,1.006879034956725e-07,0.06930178944789753,1.006879034956725e-07,1.093503046490389,1.006879034956725e-07,1.088517891565965,  ,  ,  ,  
1.006898159476518e-07,0,1.006898159476518e-07,1.100029045673152,1.006898159476518e-07,0.08560041116466224,1.006898159476518e-07,1.093647127115115,1.006898159476518e-07,1.088825266300942,  ,  ,  ,  
1.006919149823277e-07,0,1.006919149823277e-07,1.100042940839072,1.006919149823277e-07,0.1057706892552547,1.006919149823277e-07,1.093804555214465,1.006919149823277e-07,1.089171161342879,  ,  ,  ,  
1.006946516169115e-07,0,1.006946516169115e-07,1.100060201714494,1.006946516169115e-07,0.1355259239605502,1.006946516169115e-07,1.094007355559913,1.006946516169115e-07,1.089632254316989,  ,  ,  ,  
1.006968981197136e-07,0,1.006968981197136e-07,1.100073531612652,1.006968981197136e-07,0.1627561890374053,1.006968981197136e-07,1.094171037068108,1.006968981197136e-07,1.090016600126858,  ,  ,  ,  
1.006987550101882e-07,0,1.006987550101882e-07,1.10008387226842,1.006987550101882e-07,0.1870794534027041,1.006987550101882e-07,1.09430400911611,1.006987550101882e-07,1.090336276219309,  ,  ,  ,  
1.007007358926205e-07,0,1.007007358926205e-07,1.100094183538346,1.007007358926205e-07,0.2147300921337711,1.007007358926205e-07,1.094443355380224,1.007007358926205e-07,1.090677453878553,  ,  ,  ,  
1.00703195899374e-07,0,1.00703195899374e-07,1.10010576760147,1.00703195899374e-07,0.2513168386845753,1.00703195899374e-07,1.094612732199407,1.00703195899374e-07,1.09109926695836,  ,  ,  ,  
1.007065198805173e-07,0,1.007065198805173e-07,1.100117774822327,1.007065198805173e-07,0.3041010834204101,1.007065198805173e-07,1.094834365360776,1.007065198805173e-07,1.091659556236465,  ,  ,  ,  
1.007091108807582e-07,0,1.007091108807582e-07,1.100122341562556,1.007091108807582e-07,0.347320895081954,1.007091108807582e-07,1.095000044195556,1.007091108807582e-07,1.092080762553678,  ,  ,  ,  
1.007114697359881e-07,0,1.007114697359881e-07,1.100121638592081,1.007114697359881e-07,0.387766480544548,1.007114697359881e-07,1.095144557854741,1.007114697359881e-07,1.092444876462696,  ,  ,  ,  
1.007135137176975e-07,0,1.007135137176975e-07,1.100116304748727,1.007135137176975e-07,0.4233246039740544,1.007135137176975e-07,1.095264231848483,1.007135137176975e-07,1.092738509504597,  ,  ,  ,  
1.007151900811001e-07,0,1.007151900811001e-07,1.100107945788751,1.007151900811001e-07,0.4526277020899138,1.007151900811001e-07,1.095358023840868,1.007151900811001e-07,1.092958796508901,  ,  ,  ,  
1.007166639029042e-07,0,1.007166639029042e-07,1.100097193405589,1.007166639029042e-07,0.4783434355659023,1.007166639029042e-07,1.09543675928415,1.007166639029042e-07,1.09313312164443,  ,  ,  ,  
1.007180360376491e-07,0,1.007180360376491e-07,1.100084300751503,1.007180360376491e-07,0.502137260012919,1.007180360376491e-07,1.095506615969435,1.007180360376491e-07,1.09327653540218,  ,  ,  ,  
1.007193963498818e-07,0,1.007193963498818e-07,1.100068953795582,1.007193963498818e-07,0.5254924952713838,1.007193963498818e-07,1.095572309034951,1.007193963498818e-07,1.093398933970772,  ,  ,  ,  
1.007209081924999e-07,0,1.007209081924999e-07,1.100049388326665,1.007209081924999e-07,0.5510923153306739,1.007209081924999e-07,1.095641078309901,1.007209081924999e-07,1.093510575149467,  ,  ,  ,  
1.007219140601111e-07,0,1.007219140601111e-07,1.100035156213295,1.007219140601111e-07,0.5678837183522709,1.007219140601111e-07,1.095684330269345,1.007219140601111e-07,1.093569806680063,  ,  ,  ,  
1.00722939635859e-07,0,1.00722939635859e-07,1.100019648828436,1.00722939635859e-07,0.5848051719078857,1.00722939635859e-07,1.095726592602555,1.00722939635859e-07,1.093618021534063,  ,  ,  ,  
1.007238987360104e-07,0,1.007238987360104e-07,1.100003009268997,1.007238987360104e-07,0.6004292582546304,1.007238987360104e-07,1.095764339921457,1.007238987360104e-07,1.093651605795887,  ,  ,  ,  
1.007247561611355e-07,0,1.007247561611355e-07,1.099988548427719,1.007247561611355e-07,0.6142164621636763,1.007247561611355e-07,1.095796412839023,1.007247561611355e-07,1.093672190749777,  ,  ,  ,  
1.007255766653682e-07,0,1.007255766653682e-07,1.099973978827073,1.007255766653682e-07,0.6272440696471061,1.007255766653682e-07,1.095825934878468,1.007255766653682e-07,1.093684005166671,  ,  ,  ,  
1.007264805585711e-07,0,1.007264805585711e-07,1.099957936117394,1.007264805585711e-07,0.6414148437490473,1.007264805585711e-07,1.095858377586703,1.007264805585711e-07,1.093689965623105,  ,  ,  ,  
1.007280485105392e-07,0,1.007280485105392e-07,1.09993354158478,1.007280485105392e-07,0.6655910543526562,1.007280485105392e-07,1.095924085975873,1.007280485105392e-07,1.093691870902474,  ,  ,  ,  
1.007291879886734e-07,0,1.007291879886734e-07,1.099921897386846,1.007291879886734e-07,0.6828499917632318,1.007291879886734e-07,1.095992749160473,1.007291879886734e-07,1.09369576994751,  ,  ,  ,  
1.007301811102607e-07,0,1.007301811102607e-07,1.099917996555718,1.007301811102607e-07,0.6976752440649422,1.007301811102607e-07,1.096079704925789,1.007301811102607e-07,1.093708317210534,  ,  ,  ,  
1.007312662343524e-07,0,1.007312662343524e-07,1.099921939547796,1.007312662343524e-07,0.713664581001037,1.007312662343524e-07,1.096219696364019,1.007312662343524e-07,1.093740963791004,  ,  ,  ,  
1.007322833907145e-07,0,1.007322833907145e-07,1.099934205789233,1.007322833907145e-07,0.7284635364521593,1.007322833907145e-07,1.096408920626027,1.007322833907145e-07,1.093797661470583,  ,  ,  ,  
1.007331230543397e-07,0,1.007331230543397e-07,1.099951079364557,1.007331230543397e-07,0.7405397148416959,1.007331230543397e-07,1.096619275659217,1.007331230543397e-07,1.093869110913863,  ,  ,  ,  
1.007340852149173e-07,0,1.007340852149173e-07,1.099974776980026,1.007340852149173e-07,0.7542182707230339,1.007340852149173e-07,1.09692229254318,1.007340852149173e-07,1.093978543855965,  ,  ,  ,  
1.007347978548706e-07,0,1.007347978548706e-07,1.099992797279681,1.007347978548706e-07,0.764241466966352,1.007347978548706e-07,1.097181546629958,1.007347978548706e-07,1.094076223225842,  ,  ,  ,  
1.007356469773452e-07,0,1.007356469773452e-07,1.100014801268368,1.007356469773452e-07,0.7760490955007781,1.007356469773452e-07,1.097523847603874,1.007356469773452e-07,1.09421207591823,  ,  ,  ,  
1.007363185514249e-07,0,1.007363185514249e-07,1.100032307394633,1.007363185514249e-07,0.7852735352434904,1.007363185514249e-07,1.097816626579936,1.007363185514249e-07,1.094334671455475,  ,  ,  ,  
1.007371450401559e-07,0,1.007371450401559e-07,1.100053783068436,1.007371450401559e-07,0.7965835699390135,1.007371450401559e-07,1.09819813856766,1.007371450401559e-07,1.094504349326231,  ,  ,  ,  
1.007380728462874e-07,0,1.007380728462874e-07,1.100078223026694,1.007380728462874e-07,0.8095004465531401,1.007380728462874e-07,1.098646171117843,1.007380728462874e-07,1.094721483210024,  ,  ,  ,  
1.0073884038527e-07,0,1.0073884038527e-07,1.100097430216952,1.0073884038527e-07,0.82053352091012,1.0073884038527e-07,1.099025244552757,1.0073884038527e-07,1.094920557456951,  ,  ,  ,  
1.007394995421106e-07,0,1.007394995421106e-07,1.100111583667169,1.007394995421106e-07,0.8302954850965316,1.007394995421106e-07,1.099350675498381,1.007394995421106e-07,1.095102011053672,  ,  ,  ,  
1.00740010878563e-07,0,1.00740010878563e-07,1.100119626337511,1.00740010878563e-07,0.8380262704307978,1.00740010878563e-07,1.099598340237959,1.00740010878563e-07,1.09524615110997,  ,  ,  ,  
1.00740524812422e-07,0,1.00740524812422e-07,1.100124292484189,1.00740524812422e-07,0.8458897453336034,1.00740524812422e-07,1.099838453052303,1.00740524812422e-07,1.095391244849839,  ,  ,  ,  
1.007411773838626e-07,0,1.007411773838626e-07,1.100124743464208,1.007411773838626e-07,0.8559235816674015,1.007411773838626e-07,1.100123582597801,1.007411773838626e-07,1.095572274699232,  ,  ,  ,  
1.007421334349875e-07,0,1.007421334349875e-07,1.100114302645762,1.007421334349875e-07,0.8705176932942825,1.007421334349875e-07,1.100490426131279,1.007421334349875e-07,1.095823167725207,  ,  ,  ,  
1.007430563850746e-07,0,1.007430563850746e-07,1.100091622225318,1.007430563850746e-07,0.8842866863178631,1.007430563850746e-07,1.100795945517923,1.007430563850746e-07,1.096036742616613,  ,  ,  ,  
1.00743808103037e-07,0,1.00743808103037e-07,1.100064680687142,1.00743808103037e-07,0.8951630177437796,1.00743808103037e-07,1.101020132324169,1.00743808103037e-07,1.096183133775415,  ,  ,  ,  
1.007444882130199e-07,0,1.007444882130199e-07,1.100035614482875,1.007444882130199e-07,0.9046906227646259,1.007444882130199e-07,1.101204536702371,1.007444882130199e-07,1.096294400156767,  ,  ,  ,  
1.007452681193083e-07,0,1.007452681193083e-07,1.099999079408874,1.007452681193083e-07,0.9152222613127792,1.007452681193083e-07,1.101393722327303,1.007452681193083e-07,1.096399933961755,  ,  ,  ,  
1.007460307862409e-07,0,1.007460307862409e-07,1.099962081972448,1.007460307862409e-07,0.9251135909295451,1.007460307862409e-07,1.101555236460716,1.007460307862409e-07,1.096484149241051,  ,  ,  ,  
1.007470079202796e-07,0,1.007470079202796e-07,1.09991593372467,1.007470079202796e-07,0.9372319091010735,1.007470079202796e-07,1.101728265501798,1.007470079202796e-07,1.096572676877379,  ,  ,  ,  
1.007480946131194e-07,0,1.007480946131194e-07,1.099869472738796,1.007480946131194e-07,0.9500534915662641,1.007480946131194e-07,1.101878019879214,1.007480946131194e-07,1.096657151733157,  ,  ,  ,  
1.007493104571174e-07,0,1.007493104571174e-07,1.099826359618497,1.007493104571174e-07,0.9636899983339641,1.007493104571174e-07,1.101997716494559,1.007493104571174e-07,1.096748875038962,  ,  ,  ,  
1.007505674251208e-07,0,1.007505674251208e-07,1.09979284897966,1.007505674251208e-07,0.977102811008153,1.007505674251208e-07,1.10207660660464,1.007505674251208e-07,1.096853758035777,  ,  ,  ,  
1.007517626137046e-07,0,1.007517626137046e-07,1.099770319434181,1.007517626137046e-07,0.9892575855625488,1.007517626137046e-07,1.102117792057892,1.007517626137046e-07,1.09696892153838,  ,  ,  ,  
1.007527274733724e-07,0,1.007527274733724e-07,1.099757188956206,1.007527274733724e-07,0.9986446787537704,1.007527274733724e-07,1.102132142922667,1.007527274733724e-07,1.097073176104129,  ,  ,  ,  
1.007536289352656e-07,0,1.007536289352656e-07,1.09974778289171,1.007536289352656e-07,1.00705593312825,1.007536289352656e-07,1.102133903128352,1.007536289352656e-07,1.097178711548388,  ,  ,  ,  
1.007545286554712e-07,0,1.007545286554712e-07,1.099740247613746,1.007545286554712e-07,1.015082124250507,1.007545286554712e-07,1.102127165888165,1.007545286554712e-07,1.097290361597373,  ,  ,  ,  
1.007554300569346e-07,0,1.007554300569346e-07,1.099733991976063,1.007554300569346e-07,1.022729968236301,1.007554300569346e-07,1.102113908595493,1.007554300569346e-07,1.097406926132448,  ,  ,  ,  
1.007564357955926e-07,0,1.007564357955926e-07,1.099728132147678,1.007564357955926e-07,1.030772026980789,1.007564357955926e-07,1.102093350150525,1.007564357955926e-07,1.097540538502994,  ,  ,  ,  
1.007574454346459e-07,0,1.007574454346459e-07,1.099723330011642,1.007574454346459e-07,1.038304576486076,1.007574454346459e-07,1.102068238417274,1.007574454346459e-07,1.097676718440397,  ,  ,  ,  
1.007581545670892e-07,0,1.007581545670892e-07,1.099720694237738,1.007581545670892e-07,1.043265728395028,1.007581545670892e-07,1.102048609800114,1.007581545670892e-07,1.097772981572612,  ,  ,  ,  
1.007587976712758e-07,0,1.007587976712758e-07,1.099718844882323,1.007587976712758e-07,1.047528072560475,1.007587976712758e-07,1.102029626623172,1.007587976712758e-07,1.097860124294519,  ,  ,  ,  
1.007594498811417e-07,0,1.007594498811417e-07,1.099717527586809,1.007594498811417e-07,1.051620697505267,1.007594498811417e-07,1.102009324870304,1.007594498811417e-07,1.097947733021823,  ,  ,  ,  
1.007601522845938e-07,0,1.007601522845938e-07,1.099716885695804,1.007601522845938e-07,1.055771161237024,1.007601522845938e-07,1.101986516457451,1.007601522845938e-07,1.098040768831281,  ,  ,  ,  
1.00760909682234e-07,0,1.00760909682234e-07,1.099717293405214,1.00760909682234e-07,1.0599527160827,1.00760909682234e-07,1.101961275726276,1.00760909682234e-07,1.098139417999142,  ,  ,  ,  
1.007617380761823e-07,0,1.007617380761823e-07,1.099719076665264,1.007617380761823e-07,1.064186477158603,1.007617380761823e-07,1.101933441196109,1.007617380761823e-07,1.098245379880932,  ,  ,  ,  
1.007627924261995e-07,0,1.007627924261995e-07,1.099723293139935,1.007627924261995e-07,1.069083621401108,1.007627924261995e-07,1.101898754572745,1.007627924261995e-07,1.098377908199413,  ,  ,  ,  
1.007637058448294e-07,0,1.007637058448294e-07,1.099728112820172,1.007637058448294e-07,1.072901300241282,1.007637058448294e-07,1.101869829858861,1.007637058448294e-07,1.098490428009896,  ,  ,  ,  
1.007644874985394e-07,0,1.007644874985394e-07,1.099732311592527,1.007644874985394e-07,1.075870158902237,1.007644874985394e-07,1.101845913888723,1.007644874985394e-07,1.098584281730046,  ,  ,  ,  
1.007652053110827e-07,0,1.007652053110827e-07,1.099736030607697,1.007652053110827e-07,1.078365593056041,1.007652053110827e-07,1.101824703678414,1.007652053110827e-07,1.098667981697529,  ,  ,  ,  
1.00765896076864e-07,0,1.00765896076864e-07,1.099739063150369,1.00765896076864e-07,1.080568416291537,1.00765896076864e-07,1.101804821818875,1.00765896076864e-07,1.09874561969809,  ,  ,  ,  
1.007666141274889e-07,0,1.007666141274889e-07,1.099741372049278,1.007666141274889e-07,1.082662381742391,1.007666141274889e-07,1.101784528194156,1.007666141274889e-07,1.098822670608587,  ,  ,  ,  
1.007674457517659e-07,0,1.007674457517659e-07,1.099742738278731,1.007674457517659e-07,1.084852440831612,1.007674457517659e-07,1.101761302243927,1.007674457517659e-07,1.098906197617043,  ,  ,  ,  
1.007679452703141e-07,0,1.007679452703141e-07,1.099742716559972,1.007679452703141e-07,1.086051287928044,1.007679452703141e-07,1.101747656466083,1.007679452703141e-07,1.09895262650452,  ,  ,  ,  
1.007684655080345e-07,0,1.007684655080345e-07,1.099741874022645,1.007684655080345e-07,1.087211677914,1.007684655080345e-07,1.101733791090113,1.007684655080345e-07,1.098997424649882,  ,  ,  ,  
1.007689894952686e-07,0,1.007689894952686e-07,1.099740085332622,1.007689894952686e-07,1.088294334959997,1.007689894952686e-07,1.101720181853638,1.007689894952686e-07,1.099038603907118,  ,  ,  ,  
1.007694940629073e-07,0,1.007694940629073e-07,1.099737413350839,1.007694940629073e-07,1.089259630063991,1.007694940629073e-07,1.101707529935709,1.007694940629073e-07,1.099074323122886,  ,  ,  ,  
1.007699627144879e-07,0,1.007699627144879e-07,1.099734029912442,1.007699627144879e-07,1.090091964363347,1.007699627144879e-07,1.101696195450557,1.007699627144879e-07,1.099103892273122,  ,  ,  ,  
1.007704315789092e-07,0,1.007704315789092e-07,1.099729782164546,1.007704315789092e-07,1.090866164314106,1.007704315789092e-07,1.101685034709602,1.007704315789092e-07,1.09913003646566,  ,  ,  ,  
1.007709720979647e-07,0,1.007709720979647e-07,1.099723964176379,1.007709720979647e-07,1.091690340402498,1.007709720979647e-07,1.101671800572388,1.007709720979647e-07,1.099156195617252,  ,  ,  ,  
1.007715859031483e-07,0,1.007715859031483e-07,1.09971688085752,1.007715859031483e-07,1.092542998368881,1.007715859031483e-07,1.101655935509773,1.007715859031483e-07,1.099181786454658,  ,  ,  ,  
1.007722216771235e-07,0,1.007722216771235e-07,1.099709613675979,1.007722216771235e-07,1.093338578538685,1.007722216771235e-07,1.101638309686307,1.007722216771235e-07,1.099204669494926,  ,  ,  ,  
1.007728287771147e-07,0,1.007728287771147e-07,1.099703299234235,1.007728287771147e-07,1.094020513939079,1.007728287771147e-07,1.101620517309888,1.007728287771147e-07,1.099224035579851,  ,  ,  ,  
1.007734621124803e-07,0,1.007734621124803e-07,1.099697757714639,1.007734621124803e-07,1.094656710173871,1.007734621124803e-07,1.101601265105711,1.007734621124803e-07,1.099242447336885,  ,  ,  ,  
1.007741693707509e-07,0,1.007741693707509e-07,1.099693010451087,1.007741693707509e-07,1.09528395467604,1.007741693707509e-07,1.101579311671783,1.007741693707509e-07,1.099261581662546,  ,  ,  ,  
1.007750043928415e-07,0,1.007750043928415e-07,1.09968935497736,1.007750043928415e-07,1.095922489849652,1.007750043928415e-07,1.101553198738936,1.007750043928415e-07,1.099282933412899,  ,  ,  ,  
1.007760413201651e-07,0,1.007760413201651e-07,1.099687483028744,1.007760413201651e-07,1.09658020077915,1.007760413201651e-07,1.101520958502284,1.007760413201651e-07,1.099308284030258,  ,  ,  ,  
1.007773680950745e-07,0,1.007773680950745e-07,1.099688845038524,1.007773680950745e-07,1.09723871683264,1.007773680950745e-07,1.101480849427416,1.007773680950745e-07,1.09933993287326,  ,  ,  ,  
1.007787428822897e-07,0,1.007787428822897e-07,1.099693842038707,1.007787428822897e-07,1.097743662493958,1.007787428822897e-07,1.101441294220886,1.007787428822897e-07,1.099372299439525,  ,  ,  ,  
1.007801537104825e-07,0,1.007801537104825e-07,1.099701748089633,1.007801537104825e-07,1.0981135705131,1.007801537104825e-07,1.101403308765338,1.007801537104825e-07,1.099405021868229,  ,  ,  ,  
1.007817052941045e-07,0,1.007817052941045e-07,1.099712432858802,1.007817052941045e-07,1.098389139685727,1.007817052941045e-07,1.101364840471021,1.007817052941045e-07,1.099439809619938,  ,  ,  ,  
1.007834898620046e-07,0,1.007834898620046e-07,1.099725815429504,1.007834898620046e-07,1.098584335772771,1.007834898620046e-07,1.101324937496288,1.007834898620046e-07,1.099477229197992,  ,  ,  ,  
1.007852447133861e-07,0,1.007852447133861e-07,1.099739476313766,1.007852447133861e-07,1.09869017781822,1.007852447133861e-07,1.101290763145124,1.007852447133861e-07,1.099511913600224,  ,  ,  ,  
1.007869140907994e-07,0,1.007869140907994e-07,1.099753556684293,1.007869140907994e-07,1.098742384983511,1.007869140907994e-07,1.101264080335745,1.007869140907994e-07,1.099546301764583,  ,  ,  ,  
1.007885522935644e-07,0,1.007885522935644e-07,1.099770454712234,1.007885522935644e-07,1.098770508211026,1.007885522935644e-07,1.101244984022941,1.007885522935644e-07,1.099587924992318,  ,  ,  ,  
1.007903371310792e-07,0,1.007903371310792e-07,1.099796075991164,1.007903371310792e-07,1.098797165046889,1.007903371310792e-07,1.101234455668012,1.007903371310792e-07,1.099654375559827,  ,  ,  ,  
1.007920788939041e-07,0,1.007920788939041e-07,1.099829890513442,1.007920788939041e-07,1.098836978959392,1.007920788939041e-07,1.101235192831938,1.007920788939041e-07,1.099750780479737,  ,  ,  ,  
1.007937513932327e-07,0,1.007937513932327e-07,1.099868600100317,1.007937513932327e-07,1.098900462403809,1.007937513932327e-07,1.101244420006712,1.007937513932327e-07,1.099876143847411,  ,  ,  ,  
1.007955513080336e-07,0,1.007955513080336e-07,1.099911909059806,1.007955513080336e-07,1.09900185367431,1.007955513080336e-07,1.101260156255814,1.007955513080336e-07,1.100041848914963,  ,  ,  ,  
1.00797272053935e-07,0,1.00797272053935e-07,1.099950505983449,1.00797272053935e-07,1.099125462204426,1.00797272053935e-07,1.101277607524999,1.00797272053935e-07,1.100220196316759,  ,  ,  ,  
1.007991720209714e-07,0,1.007991720209714e-07,1.099987305908528,1.007991720209714e-07,1.099278846799484,1.007991720209714e-07,1.101296817031756,1.007991720209714e-07,1.100427353327215,  ,  ,  ,  
1.008009854365196e-07,0,1.008009854365196e-07,1.100015598034543,1.008009854365196e-07,1.099428876142995,1.008009854365196e-07,1.101313623627044,1.008009854365196e-07,1.100625246981781,  ,  ,  ,  
1.008028277736962e-07,0,1.008028277736962e-07,1.100037329935155,1.008028277736962e-07,1.099573510260329,1.008028277736962e-07,1.101328520497994,1.008028277736962e-07,1.100818616662186,  ,  ,  ,  
1.008049223472473e-07,0,1.008049223472473e-07,1.100053984753695,1.008049223472473e-07,1.099718393635524,1.008049223472473e-07,1.101343121248677,1.008049223472473e-07,1.101022387748596,  ,  ,  ,  
1.008071546230815e-07,0,1.008071546230815e-07,1.100062484046647,1.008071546230815e-07,1.09984387074404,1.008071546230815e-07,1.10135815176977,1.008071546230815e-07,1.101215528179375,  ,  ,  ,  
1.008094411092376e-07,0,1.008094411092376e-07,1.100060762231691,1.008094411092376e-07,1.099940050247385,1.008094411092376e-07,1.101376920715341,1.008094411092376e-07,1.101383914299107,  ,  ,  ,  
1.008118606884774e-07,0,1.008118606884774e-07,1.100045639868571,1.008118606884774e-07,1.100008032902454,1.008118606884774e-07,1.10140639663807,1.008118606884774e-07,1.101525571636489,  ,  ,  ,  
1.008138771200984e-07,0,1.008138771200984e-07,1.100020744763088,1.008138771200984e-07,1.100038893815949,1.008138771200984e-07,1.101442754944741,1.008138771200984e-07,1.101610219316326,  ,  ,  ,  
1.008155166007171e-07,0,1.008155166007171e-07,1.099992870713112,1.008155166007171e-07,1.100047365959474,1.008155166007171e-07,1.101480887656711,1.008155166007171e-07,1.101654446890721,  ,  ,  ,  
1.008170651434349e-07,0,1.008170651434349e-07,1.099962541147805,1.008170651434349e-07,1.10004256563301,1.008170651434349e-07,1.101522402353059,1.008170651434349e-07,1.101675893715126,  ,  ,  ,  
1.008186946287382e-07,0,1.008186946287382e-07,1.099929331261165,1.008186946287382e-07,1.100025632480504,1.008186946287382e-07,1.101569100808863,1.008186946287382e-07,1.101678653520095,  ,  ,  ,  
1.008204614409195e-07,0,1.008204614409195e-07,1.099893991612326,1.008204614409195e-07,1.099997255848985,1.008204614409195e-07,1.101620822945257,1.008204614409195e-07,1.101662688031662,  ,  ,  ,  
1.00822755016592e-07,0,1.00822755016592e-07,1.099851110645288,1.00822755016592e-07,1.099951090095129,1.00822755016592e-07,1.101685879109985,1.00822755016592e-07,1.10162020347583,  ,  ,  ,  
1.008250128349713e-07,0,1.008250128349713e-07,1.099813376172066,1.008250128349713e-07,1.099900726665183,1.008250128349713e-07,1.101743583774195,1.008250128349713e-07,1.101560751815861,  ,  ,  ,  
1.008271255270661e-07,0,1.008271255270661e-07,1.09978027307521,1.008271255270661e-07,1.099853588414747,1.008271255270661e-07,1.10179264751535,1.008271255270661e-07,1.101493862324693,  ,  ,  ,  
1.008290454505855e-07,0,1.008290454505855e-07,1.099745170708654,1.008290454505855e-07,1.099819625836195,1.008290454505855e-07,1.101843544851727,1.008290454505855e-07,1.101430834804849,  ,  ,  ,  
1.008306181809166e-07,0,1.008306181809166e-07,1.099707451874885,1.008306181809166e-07,1.099807957769132,1.008306181809166e-07,1.101901541593903,1.008306181809166e-07,1.101388077851366,  ,  ,  ,  
1.008319265606424e-07,0,1.008319265606424e-07,1.099669332275691,1.008319265606424e-07,1.099816282143368,1.008319265606424e-07,1.101967057183266,1.008319265606424e-07,1.10136925861883,  ,  ,  ,  
1.00832962026718e-07,0,1.00832962026718e-07,1.099636147134234,1.00832962026718e-07,1.099837610826657,1.00832962026718e-07,1.102031309488439,1.00832962026718e-07,1.101371968676751,  ,  ,  ,  
1.008339217763456e-07,0,1.008339217763456e-07,1.099605003945072,1.008339217763456e-07,1.099870243405756,1.008339217763456e-07,1.102099560299547,1.008339217763456e-07,1.101392961492102,  ,  ,  ,  
1.008349793874907e-07,0,1.008349793874907e-07,1.099572249989206,1.008349793874907e-07,1.099919575636384,1.008349793874907e-07,1.102180745041897,1.008349793874907e-07,1.101438815923683,  ,  ,  ,  
1.008360301416039e-07,0,1.008360301416039e-07,1.099542569107424,1.008360301416039e-07,1.099979426879093,1.008360301416039e-07,1.102263292921854,1.008360301416039e-07,1.101507019111147,  ,  ,  ,  
1.008371395520483e-07,0,1.008371395520483e-07,1.099516952080918,1.008371395520483e-07,1.100050506614635,1.008371395520483e-07,1.102345734246035,1.008371395520483e-07,1.101602077773448,  ,  ,  ,  
1.008384065319161e-07,0,1.008384065319161e-07,1.099495474894645,1.008384065319161e-07,1.100135689325309,1.008384065319161e-07,1.102426805356164,1.008384065319161e-07,1.101733587711806,  ,  ,  ,  
1.008396465749696e-07,0,1.008396465749696e-07,1.099481791379143,1.008396465749696e-07,1.100217350932009,1.008396465749696e-07,1.102489141688243,1.008396465749696e-07,1.101878381993653,  ,  ,  ,  
1.00840795590456e-07,0,1.00840795590456e-07,1.099473057963619,1.00840795590456e-07,1.1002868965535,1.00840795590456e-07,1.102532119410939,1.00840795590456e-07,1.102018514396008,  ,  ,  ,  
1.008418861546173e-07,0,1.008418861546173e-07,1.099464943811302,1.008418861546173e-07,1.100343745439528,1.008418861546173e-07,1.10256048847565,1.008418861546173e-07,1.102148855006391,  ,  ,  ,  
1.008430258450615e-07,0,1.008430258450615e-07,1.099451351471961,1.008430258450615e-07,1.100388649429123,1.008430258450615e-07,1.102577175651767,1.008430258450615e-07,1.102271409058184,  ,  ,  ,  
1.008439955372425e-07,0,1.008439955372425e-07,1.099433232670129,1.008439955372425e-07,1.100410879134304,1.008439955372425e-07,1.10257869726991,1.008439955372425e-07,1.102356783675943,  ,  ,  ,  
1.00844895777748e-07,0,1.00844895777748e-07,1.099409752314152,1.00844895777748e-07,1.100411967305669,1.00844895777748e-07,1.102565215035081,1.00844895777748e-07,1.1024160902341,  ,  ,  ,  
1.008458350587559e-07,0,1.008458350587559e-07,1.09938439921521,1.008458350587559e-07,1.100400438660332,1.008458350587559e-07,1.102531740615005,1.008458350587559e-07,1.102455413422482,  ,  ,  ,  
1.008469916133459e-07,0,1.008469916133459e-07,1.099347485962069,1.008469916133459e-07,1.100362735427672,1.008469916133459e-07,1.102456070646161,1.008469916133459e-07,1.102469967468274,  ,  ,  ,  
1.00848026310414e-07,0,1.00848026310414e-07,1.09931203182216,1.00848026310414e-07,1.100306364652148,1.00848026310414e-07,1.102347056175737,1.00848026310414e-07,1.102451182983749,  ,  ,  ,  
1.008490368159814e-07,0,1.008490368159814e-07,1.099279818545323,1.008490368159814e-07,1.10023270286653,1.008490368159814e-07,1.102197501259103,1.008490368159814e-07,1.102405917564272,  ,  ,  ,  
1.008499207796281e-07,0,1.008499207796281e-07,1.099255767356014,1.008499207796281e-07,1.10015781857968,1.008499207796281e-07,1.102035994004895,1.008499207796281e-07,1.102347513361952,  ,  ,  ,  
1.008509245209649e-07,0,1.008509245209649e-07,1.099234502596258,1.008509245209649e-07,1.100066677419725,1.008509245209649e-07,1.101825495565838,1.008509245209649e-07,1.102263992514028,  ,  ,  ,  
1.008521336714791e-07,0,1.008521336714791e-07,1.099218425011891,1.008521336714791e-07,1.09995488950567,1.008521336714791e-07,1.101538316244873,1.008521336714791e-07,1.102145355738866,  ,  ,  ,  
1.008533803693637e-07,0,1.008533803693637e-07,1.099211336845048,1.008533803693637e-07,1.09984302627202,1.008533803693637e-07,1.101207475109981,1.008533803693637e-07,1.102008143564451,  ,  ,  ,  
1.008546193253609e-07,0,1.008546193253609e-07,1.099209226953705,1.008546193253609e-07,1.099742420049205,1.008546193253609e-07,1.100857877246782,1.008546193253609e-07,1.101862288158889,  ,  ,  ,  
1.008557510016257e-07,0,1.008557510016257e-07,1.099206693942271,1.008557510016257e-07,1.099666409936174,1.008557510016257e-07,1.100553734239625,1.008557510016257e-07,1.101729686422845,  ,  ,  ,  
1.008570126915391e-07,0,1.008570126915391e-07,1.099197939478923,1.008570126915391e-07,1.099605827600137,1.008570126915391e-07,1.100302444267644,1.008570126915391e-07,1.101592691098019,  ,  ,  ,  
1.008581976254014e-07,0,1.008581976254014e-07,1.099179537764912,1.008581976254014e-07,1.099588078405592,1.008581976254014e-07,1.100229328157315,1.008581976254014e-07,1.101487216238138,  ,  ,  ,  
1.008593276255466e-07,0,1.008593276255466e-07,1.09914894278427,1.008593276255466e-07,1.09961342745873,1.008593276255466e-07,1.1003762934674,1.008593276255466e-07,1.101419159769103,  ,  ,  ,  
1.008605240610184e-07,0,1.008605240610184e-07,1.09909960674141,1.008605240610184e-07,1.099693588493835,1.008605240610184e-07,1.100833814054109,1.008605240610184e-07,1.101390782717829,  ,  ,  ,  
1.008615804017171e-07,0,1.008615804017171e-07,1.099038636137367,1.008615804017171e-07,1.099822901606133,1.008615804017171e-07,1.101588811590363,1.008615804017171e-07,1.101411008184201,  ,  ,  ,  
1.008627048425416e-07,0,1.008627048425416e-07,1.098953565125583,1.008627048425416e-07,1.100036813139922,1.008627048425416e-07,1.102879925171557,1.008627048425416e-07,1.101488640531408,  ,  ,  ,  
1.008639157177194e-07,0,1.008639157177194e-07,1.098841534732863,1.008639157177194e-07,1.100362647243673,1.008639157177194e-07,1.104946033194649,1.008639157177194e-07,1.10165382668048,  ,  ,  ,  
1.008652787135019e-07,0,1.008652787135019e-07,1.098702751010781,1.008652787135019e-07,1.100831453079105,1.008652787135019e-07,1.108135955647825,1.008652787135019e-07,1.101961612970961,  ,  ,  ,  
1.008666798416274e-07,0,1.008666798416274e-07,1.09856467226632,1.008666798416274e-07,1.101369993186474,1.008666798416274e-07,1.11223882017113,1.008666798416274e-07,1.102430819784957,  ,  ,  ,  
1.008679022441759e-07,0,1.008679022441759e-07,1.09845743343697,1.008679022441759e-07,1.101866685940269,1.008679022441759e-07,1.116363889583109,1.008679022441759e-07,1.102975056101353,  ,  ,  ,  
1.00869235452619e-07,0,1.00869235452619e-07,1.098361039669859,1.00869235452619e-07,1.102396311021333,1.00869235452619e-07,1.121286149932308,1.00869235452619e-07,1.103716612413361,  ,  ,  ,  
1.008706577111432e-07,0,1.008706577111432e-07,1.09828469662577,1.008706577111432e-07,1.102918138175899,1.008706577111432e-07,1.126854025073668,1.008706577111432e-07,1.104677756678879,  ,  ,  ,  
1.008721461228997e-07,0,1.008721461228997e-07,1.098233029117129,1.008721461228997e-07,1.103395662116329,1.008721461228997e-07,1.13286331411933,1.008721461228997e-07,1.105865265178509,  ,  ,  ,  
1.008738015173536e-07,0,1.008738015173536e-07,1.098204943909328,1.008738015173536e-07,1.103828417647764,1.008738015173536e-07,1.13959405169249,1.008738015173536e-07,1.107392054455595,  ,  ,  ,  
1.008754183315431e-07,0,1.008754183315431e-07,1.09820187332108,1.008754183315431e-07,1.104149935411995,1.008754183315431e-07,1.146090343781232,1.008754183315431e-07,1.109077505643742,  ,  ,  ,  
1.008770528406607e-07,0,1.008770528406607e-07,1.098217888420051,1.008770528406607e-07,1.104378740096048,1.008770528406607e-07,1.152489563639535,1.008770528406607e-07,1.110958502586027,  ,  ,  ,  
1.00878781859263e-07,0,1.00878781859263e-07,1.098250838262439,1.00878781859263e-07,1.104528945606052,1.00878781859263e-07,1.159009678356226,1.00878781859263e-07,1.11312090241302,  ,  ,  ,  
1.008806790113399e-07,0,1.008806790113399e-07,1.098301386094712,1.008806790113399e-07,1.104601159478457,1.008806790113399e-07,1.165818885254009,1.008806790113399e-07,1.115671039643775,  ,  ,  ,  
1.008828454993297e-07,0,1.008828454993297e-07,1.098373666105075,1.008828454993297e-07,1.104586684872516,1.008828454993297e-07,1.17310578306518,1.008828454993297e-07,1.118773733032866,  ,  ,  ,  
1.008854023406377e-07,0,1.008854023406377e-07,1.098475674005314,1.008854023406377e-07,1.104463830196478,1.008854023406377e-07,1.180976311672309,1.008854023406377e-07,1.122640678195578,  ,  ,  ,  
1.008884522786682e-07,0,1.008884522786682e-07,1.098617913641012,1.008884522786682e-07,1.104201067163407,1.008884522786682e-07,1.189252376842037,1.008884522786682e-07,1.127454572237861,  ,  ,  ,  
1.00891974905423e-07,0,1.00891974905423e-07,1.09880669942373,1.00891974905423e-07,1.10377700723198,1.00891974905423e-07,1.197202621098505,1.00891974905423e-07,1.133154033749985,  ,  ,  ,  
1.008956731521476e-07,0,1.008956731521476e-07,1.099024828828291,1.008956731521476e-07,1.103234185416696,1.008956731521476e-07,1.203649209077818,1.008956731521476e-07,1.139144928388324,  ,  ,  ,  
1.008996429693037e-07,0,1.008996429693037e-07,1.099262205223587,1.008996429693037e-07,1.10260267567351,1.008996429693037e-07,1.208545279155309,1.008996429693037e-07,1.145419059461181,  ,  ,  ,  
1.009029489285421e-07,0,1.009029489285421e-07,1.099444524343718,1.009029489285421e-07,1.102086767587814,1.009029489285421e-07,1.211256679687461,1.009029489285421e-07,1.150427913540182,  ,  ,  ,  
1.009060642278106e-07,0,1.009060642278106e-07,1.099596568424141,1.009060642278106e-07,1.101642747893407,1.009060642278106e-07,1.212920246374631,1.009060642278106e-07,1.154911628856246,  ,  ,  ,  
1.009092496020524e-07,0,1.009092496020524e-07,1.099723802095415,1.009092496020524e-07,1.101251451084147,1.009092496020524e-07,1.213964512562376,1.009092496020524e-07,1.159226299736449,  ,  ,  ,  
1.009126555968014e-07,0,1.009126555968014e-07,1.099828816330567,1.009126555968014e-07,1.100910957449783,1.009126555968014e-07,1.214574462582324,1.009126555968014e-07,1.163522718448549,  ,  ,  ,  
1.00916137798751e-07,0,1.00916137798751e-07,1.099907088493803,1.00916137798751e-07,1.100642404780925,1.00916137798751e-07,1.214843491572528,1.00916137798751e-07,1.167577930124341,  ,  ,  ,  
1.009198038284784e-07,0,1.009198038284784e-07,1.099963912173811,1.009198038284784e-07,1.100434620641271,1.009198038284784e-07,1.214890136360722,1.009198038284784e-07,1.171493130393453,  ,  ,  ,  
1.009237862235494e-07,0,1.009237862235494e-07,1.100003533980323,1.009237862235494e-07,1.100277651884705,1.009237862235494e-07,1.214786345276364,1.009237862235494e-07,1.175361330138498,  ,  ,  ,  
1.009282270700341e-07,0,1.009282270700341e-07,1.100029072474461,1.009282270700341e-07,1.100163888585292,1.009282270700341e-07,1.214576448888109,1.009282270700341e-07,1.17924246850001,  ,  ,  ,  
1.009333111142247e-07,0,1.009333111142247e-07,1.100043033514241,1.009333111142247e-07,1.100086181894228,1.009333111142247e-07,1.214289157309121,1.009333111142247e-07,1.183183866857932,  ,  ,  ,  
1.009392920286537e-07,0,1.009392920286537e-07,1.1000478195435,1.009392920286537e-07,1.100037658851797,1.009392920286537e-07,1.21394487603825,1.009392920286537e-07,1.1872185967522,  ,  ,  ,  
1.009465164475849e-07,0,1.009465164475849e-07,1.100045728581005,1.009465164475849e-07,1.100011596740322,1.009465164475849e-07,1.213559619905168,1.009465164475849e-07,1.191348669067062,  ,  ,  ,  
1.009555641992968e-07,0,1.009555641992968e-07,1.10003891792581,1.009555641992968e-07,1.100000313159007,1.009555641992968e-07,1.213146109263919,1.009555641992968e-07,1.195570000959918,  ,  ,  ,  
1.009673968991892e-07,0,1.009673968991892e-07,1.1000293974027,1.009673968991892e-07,1.09999748647192,1.009673968991892e-07,1.212718684907716,1.009673968991892e-07,1.199830125501654,  ,  ,  ,  
1.009839375490586e-07,0,1.009839375490586e-07,1.100018878889155,1.009839375490586e-07,1.099997961899036,1.009839375490586e-07,1.212292926771514,1.009839375490586e-07,1.204033092249838,  ,  ,  ,  
1.010091025743399e-07,0,1.010091025743399e-07,1.100008981716832,1.010091025743399e-07,1.099998578252233,1.010091025743399e-07,1.211900150354035,1.010091025743399e-07,1.207901166987567,  ,  ,  ,  
1.010380867886182e-07,0,1.010380867886182e-07,1.100003327746891,1.010380867886182e-07,1.099998560496877,1.010380867886182e-07,1.211673636657037,1.010380867886182e-07,1.210132253953903,  ,  ,  ,  
1.010717657639071e-07,0,1.010717657639071e-07,1.100000628928576,1.010717657639071e-07,1.099998481256662,1.010717657639071e-07,1.211563703091356,1.010717657639071e-07,1.211215835692663,  ,  ,  ,  
1.011124222859528e-07,0,1.011124222859528e-07,1.099999644250147,1.011124222859528e-07,1.099998595376191,1.011124222859528e-07,1.211522798995744,1.011124222859528e-07,1.211618819013282,  ,  ,  ,  
1.011638401998678e-07,0,1.011638401998678e-07,1.099999515220232,1.011638401998678e-07,1.099998836965878,1.011638401998678e-07,1.211516822705161,1.011638401998678e-07,1.211677314086149,  ,  ,  ,  
1.012338915616165e-07,0,1.012338915616165e-07,1.099999689734281,1.012338915616165e-07,1.099999073916064,1.012338915616165e-07,1.211523298732628,1.012338915616165e-07,1.211613525535988,  ,  ,  ,  
1.013322828471024e-07,0,1.013322828471024e-07,1.099999858178492,1.013322828471024e-07,1.099999219225614,1.013322828471024e-07,1.2115296491642,1.013322828471024e-07,1.211550612799135,  ,  ,  ,  
1.014569999379701e-07,0,1.014569999379701e-07,1.099999922387398,1.014569999379701e-07,1.099999263984996,1.014569999379701e-07,1.211531837579503,1.014569999379701e-07,1.211528717863529,  ,  ,  ,  
1.015889680669524e-07,0,1.015889680669524e-07,1.099999929334959,1.015889680669524e-07,1.099999261134986,1.015889680669524e-07,1.211531824990714,1.015889680669524e-07,1.211528521898118,  ,  ,  ,  
1.017447375154838e-07,0,1.017447375154838e-07,1.099999928385316,1.017447375154838e-07,1.099999252385033,1.017447375154838e-07,1.211531541836742,1.017447375154838e-07,1.211530943152739,  ,  ,  ,  
1.019354715236711e-07,0,1.019354715236711e-07,1.099999930215818,1.019354715236711e-07,1.09999924830359,1.019354715236711e-07,1.211531401000546,1.019354715236711e-07,1.211531896820401,  ,  ,  ,  
1.021657805483699e-07,0,1.021657805483699e-07,1.099999933558407,1.021657805483699e-07,1.099999248522029,1.021657805483699e-07,1.211531345297601,1.021657805483699e-07,1.211531917249235,  ,  ,  ,  
1.024444741074281e-07,0,1.024444741074281e-07,1.099999936614521,1.024444741074281e-07,1.099999250194017,1.024444741074281e-07,1.211531294963746,1.024444741074281e-07,1.211531788641871,  ,  ,  ,  
1.027830412569735e-07,0,1.027830412569735e-07,1.099999939067164,1.027830412569735e-07,1.099999251753006,1.027830412569735e-07,1.211531227437026,1.027830412569735e-07,1.21153169540204,  ,  ,  ,  
1.031942440148123e-07,0,1.031942440148123e-07,1.099999941052084,1.031942440148123e-07,1.099999252891927,1.031942440148123e-07,1.211531143042527,1.031942440148123e-07,1.211531610672588,  ,  ,  ,  
1.036936793179402e-07,0,1.036936793179402e-07,1.099999942696533,1.036936793179402e-07,1.099999253755014,1.036936793179402e-07,1.211531040780476,1.036936793179402e-07,1.211531509938372,  ,  ,  ,  
1.043006483969293e-07,0,1.043006483969293e-07,1.099999944070424,1.043006483969293e-07,1.099999254464971,1.043006483969293e-07,1.211530917112101,1.043006483969293e-07,1.211531386355282,  ,  ,  ,  
1.050386313626915e-07,0,1.050386313626915e-07,1.09999994522227,1.050386313626915e-07,1.099999255062065,1.050386313626915e-07,1.211530767558984,1.050386313626915e-07,1.211531235860605,  ,  ,  ,  
1.059362437782392e-07,0,1.059362437782392e-07,1.099999946193152,1.059362437782392e-07,1.099999255566103,1.059362437782392e-07,1.211530586327083,1.059362437782392e-07,1.211531053789927,  ,  ,  ,  
1.070284423591572e-07,0,1.070284423591572e-07,1.099999947011971,1.070284423591572e-07,1.099999255990869,1.070284423591572e-07,1.211530365982617,1.070284423591572e-07,1.211530833565254,  ,  ,  ,  
1.081784423591572e-07,0,1.081784423591572e-07,1.09999994762932,1.081784423591572e-07,1.099999256308935,1.081784423591572e-07,1.211530134071044,1.081784423591572e-07,1.211530601824766,  ,  ,  ,  
1.090892211795786e-07,0,1.090892211795786e-07,1.099999947998583,1.090892211795786e-07,1.099999256501166,1.090892211795786e-07,1.211529950355775,1.090892211795786e-07,1.21153041842777,  ,  ,  ,  
1.1e-07,0,1.1e-07,1.099999948297731,1.1e-07,1.099999256657672,1.1e-07,1.211529766616361,1.1e-07,1.211530234804937,  ,  ,  ,  
1.100137849404051e-07,0,1.100137849404051e-07,1.099999948301158,1.100137849404051e-07,1.099999256659721,1.100137849404051e-07,1.211529763830847,1.100137849404051e-07,1.211530232046971,  ,  ,  ,  
1.10027589781024e-07,0,1.10027589781024e-07,1.099999949525797,1.10027589781024e-07,1.099999665238053,1.10027589781024e-07,1.211529762695019,1.10027589781024e-07,1.211530237798375,  ,  ,  ,  
1.100551994622617e-07,0,1.100551994622617e-07,1.099999947889387,1.100551994622617e-07,1.099999911094109,1.100551994622617e-07,1.21152975660044,1.100551994622617e-07,1.211530228512948,  ,  ,  ,  
1.10070598712611e-07,0,1.10070598712611e-07,1.099999948091139,1.10070598712611e-07,1.09999990761143,1.10070598712611e-07,1.211529753419992,1.10070598712611e-07,1.21153022372011,  ,  ,  ,  
1.100787085316792e-07,0,1.100787085316792e-07,1.09999994824362,1.100787085316792e-07,1.099999898686116,1.100787085316792e-07,1.211529751839677,1.100787085316792e-07,1.211530221797379,  ,  ,  ,  
1.100852287962508e-07,0,1.100852287962508e-07,1.099999948297991,1.100852287962508e-07,1.099999894246115,1.100852287962508e-07,1.211529750573449,1.100852287962508e-07,1.211530220358731,  ,  ,  ,  
1.100918105583937e-07,0,1.100918105583937e-07,1.099999948312447,1.100918105583937e-07,1.099999892208783,1.100918105583937e-07,1.211529749280357,1.100918105583937e-07,1.211530218887926,  ,  ,  ,  
1.100947773736769e-07,0,1.100947773736769e-07,1.099999948313815,1.100947773736769e-07,1.099999891860117,1.100947773736769e-07,1.211529748694844,1.100947773736769e-07,1.211530218222993,  ,  ,  ,  
1.100978042418434e-07,0,1.100978042418434e-07,1.099999948315039,1.100978042418434e-07,1.099999891675883,1.100978042418434e-07,1.211529748096268,1.100978042418434e-07,1.2115302175438,  ,  ,  ,  
1.101003314463173e-07,0,1.101003314463173e-07,1.099999948315763,1.101003314463173e-07,1.099999891591026,1.101003314463173e-07,1.211529747594247,1.101003314463173e-07,1.211530216974126,  ,  ,  ,  
1.101025176692218e-07,0,1.101025176692218e-07,1.099999948317369,1.101025176692218e-07,1.099999891538205,1.101025176692218e-07,1.211529747159204,1.101025176692218e-07,1.211530216480089,  ,  ,  ,  
1.101054372138495e-07,0,1.101054372138495e-07,1.099999948317032,1.101054372138495e-07,1.099999891480895,1.101054372138495e-07,1.211529746576021,1.101054372138495e-07,1.211530215819178,  ,  ,  ,  
1.101084176065126e-07,0,1.101084176065126e-07,1.099999948316006,1.101084176065126e-07,1.099999891441558,1.101084176065126e-07,1.211529745979649,1.101084176065126e-07,1.211530215146303,  ,  ,  ,  
1.10111089099322e-07,0,1.10111089099322e-07,1.099999948315549,1.10111089099322e-07,1.099999891423271,1.10111089099322e-07,1.211529745444999,1.10111089099322e-07,1.211530214547366,  ,  ,  ,  
1.101139116227258e-07,0,1.101139116227258e-07,1.099999948317569,1.101139116227258e-07,1.099999891418894,1.101139116227258e-07,1.211529744880983,1.101139116227258e-07,1.211530213921764,  ,  ,  ,  
1.101162438634529e-07,0,1.101162438634529e-07,1.09999994832104,1.101162438634529e-07,1.099999891422294,1.101162438634529e-07,1.211529744415747,1.101162438634529e-07,1.211530213412268,  ,  ,  ,  
1.101164854507875e-07,0,1.101164854507875e-07,1.100111286787201,1.101164854507875e-07,1.100181277322095,1.101164854507875e-07,1.211610698941492,1.101164854507875e-07,1.211684969486588,  ,  ,  ,  
1.101166924292938e-07,0,1.101166924292938e-07,1.100139151153815,1.101166924292938e-07,1.100246493857303,1.101166924292938e-07,1.211623292184083,1.101166924292938e-07,1.2117437161242,  ,  ,  ,  
1.10116862482219e-07,0,1.10116862482219e-07,1.100148231570118,1.10116862482219e-07,1.100278475810285,1.10116862482219e-07,1.211627081836293,1.10116862482219e-07,1.211779023209528,  ,  ,  ,  
1.101170024039257e-07,0,1.101170024039257e-07,1.100153975121677,1.101170024039257e-07,1.100300266415987,1.101170024039257e-07,1.211629608336185,1.101170024039257e-07,1.211805555559744,  ,  ,  ,  
1.101171493522839e-07,0,1.101171493522839e-07,1.1001596206197,1.101171493522839e-07,1.100321747269648,1.101171493522839e-07,1.211632198073063,1.101171493522839e-07,1.21183229769832,  ,  ,  ,  
1.101173555178115e-07,0,1.101173555178115e-07,1.100166560373336,1.101173555178115e-07,1.100349951116501,1.101173555178115e-07,1.211635609204849,1.101173555178115e-07,1.211868006421115,  ,  ,  ,  
1.10117729099618e-07,0,1.10117729099618e-07,1.100176034862655,1.10117729099618e-07,1.100395239084387,1.10117729099618e-07,1.211641129232225,1.10117729099618e-07,1.2119274547576,  ,  ,  ,  
1.101182761401481e-07,0,1.101182761401481e-07,1.100184551437413,1.101182761401481e-07,1.100450538818063,1.101182761401481e-07,1.211648337740939,1.101182761401481e-07,1.212004382374805,  ,  ,  ,  
1.101190183722977e-07,0,1.101190183722977e-07,1.100190645141303,1.101190183722977e-07,1.100512131605379,1.101190183722977e-07,1.211658290483202,1.101190183722977e-07,1.212095467075912,  ,  ,  ,  
1.101197230781435e-07,0,1.101197230781435e-07,1.100195059194874,1.101197230781435e-07,1.100564230972681,1.101197230781435e-07,1.211670591826502,1.101197230781435e-07,1.212173874826034,  ,  ,  ,  
1.101203171190122e-07,0,1.101203171190122e-07,1.100198047263967,1.101203171190122e-07,1.100603642679918,1.101203171190122e-07,1.211682823744346,1.101203171190122e-07,1.212234459869781,  ,  ,  ,  
1.101209992520195e-07,0,1.101209992520195e-07,1.100200556491311,1.101209992520195e-07,1.100642592396424,1.101209992520195e-07,1.211698907062115,1.101209992520195e-07,1.212296836281833,  ,  ,  ,  
1.101217086692082e-07,0,1.101217086692082e-07,1.10020172671384,1.101217086692082e-07,1.100674181303626,1.101217086692082e-07,1.211718197531293,1.101217086692082e-07,1.212351077042702,  ,  ,  ,  
1.10122390717643e-07,0,1.10122390717643e-07,1.100198471077051,1.10122390717643e-07,1.100690410008055,1.10122390717643e-07,1.211736338072341,1.10122390717643e-07,1.212386984735929,  ,  ,  ,  
1.101229840274969e-07,0,1.101229840274969e-07,1.100190369338979,1.101229840274969e-07,1.100689559476617,1.101229840274969e-07,1.211749317812374,1.101229840274969e-07,1.212401321824086,  ,  ,  ,  
1.101235037315057e-07,0,1.101235037315057e-07,1.100181150233835,1.101235037315057e-07,1.100679821294789,1.101235037315057e-07,1.211759495927178,1.101235037315057e-07,1.212402965445189,  ,  ,  ,  
1.101243374049179e-07,0,1.101243374049179e-07,1.100166128744567,1.101243374049179e-07,1.100653852567304,1.101243374049179e-07,1.211775442697708,1.101243374049179e-07,1.212390892272297,  ,  ,  ,  
1.101252906341854e-07,0,1.101252906341854e-07,1.10014769992732,1.101252906341854e-07,1.100608806688049,1.101252906341854e-07,1.211790962876128,1.101252906341854e-07,1.21235658410743,  ,  ,  ,  
1.101262438634529e-07,0,1.101262438634529e-07,1.1001281355201,1.101262438634529e-07,1.100548989654679,1.101262438634529e-07,1.211802923117404,1.101262438634529e-07,1.212302982317686,  ,  ,  ,  
1.101263077523236e-07,0,1.101263077523236e-07,1.100058371008428,1.101263077523236e-07,1.100446655442157,1.101263077523236e-07,1.211746923354497,1.101263077523236e-07,1.212214326341087,  ,  ,  ,  
1.101263748320646e-07,0,1.101263748320646e-07,1.100018423737156,1.101263748320646e-07,1.100380917863785,1.101263748320646e-07,1.211723791971955,1.101263748320646e-07,1.212162194648747,  ,  ,  ,  
1.10126456116879e-07,0,1.10126456116879e-07,1.099995908471202,1.10126456116879e-07,1.100331499735287,1.10126456116879e-07,1.211712851819784,1.10126456116879e-07,1.212122866279545,  ,  ,  ,  
1.101265202256533e-07,0,1.101265202256533e-07,1.099986543180357,1.101265202256533e-07,1.100304351737055,1.101265202256533e-07,1.211708563798973,1.101265202256533e-07,1.212099333776716,  ,  ,  ,  
1.101265939046782e-07,0,1.101265939046782e-07,1.099978204191893,1.101265939046782e-07,1.100278291299423,1.101265939046782e-07,1.211704611473997,1.101265939046782e-07,1.212075012410021,  ,  ,  ,  
1.101266661955216e-07,0,1.101266661955216e-07,1.099970820287496,1.101266661955216e-07,1.100254968101219,1.101266661955216e-07,1.211701047964674,1.101266661955216e-07,1.212052526554635,  ,  ,  ,  
1.101267527842455e-07,0,1.101267527842455e-07,1.099962559076538,1.101267527842455e-07,1.100228652468523,1.101267527842455e-07,1.211696980038978,1.101267527842455e-07,1.21202658873666,  ,  ,  ,  
1.101268796142509e-07,0,1.101268796142509e-07,1.099951574308172,1.101268796142509e-07,1.100192609869683,1.101268796142509e-07,1.211691489790363,1.101268796142509e-07,1.211990222534343,  ,  ,  ,  
1.101270821613111e-07,0,1.101270821613111e-07,1.09993652365971,1.101270821613111e-07,1.100139828031232,1.101270821613111e-07,1.211683632385168,1.101270821613111e-07,1.211935529486821,  ,  ,  ,  
1.101273924664074e-07,0,1.101273924664074e-07,1.099918259116528,1.101273924664074e-07,1.100067636136074,1.101273924664074e-07,1.211673069761184,1.101273924664074e-07,1.21185855205474,  ,  ,  ,  
1.101278150802028e-07,0,1.101278150802028e-07,1.099900577610666,1.101278150802028e-07,1.099982392445005,1.101278150802028e-07,1.211660755072924,1.101278150802028e-07,1.211764915496887,  ,  ,  ,  
1.101283695104073e-07,0,1.101283695104073e-07,1.099886638776181,1.101283695104073e-07,1.099888571772748,1.101283695104073e-07,1.211647584148381,1.101283695104073e-07,1.211658452663273,  ,  ,  ,  
1.101291871048907e-07,0,1.101291871048907e-07,1.099880016055264,1.101291871048907e-07,1.099780925343278,1.101291871048907e-07,1.211634798856815,1.101291871048907e-07,1.211530945953124,  ,  ,  ,  
1.101303714262551e-07,0,1.101303714262551e-07,1.099891749983208,1.101303714262551e-07,1.099682681622915,1.101303714262551e-07,1.211632234669333,1.101303714262551e-07,1.211404007632553,  ,  ,  ,  
1.101310442698199e-07,0,1.101310442698199e-07,1.099906945796603,1.101310442698199e-07,1.099656109464164,1.101310442698199e-07,1.211638659085074,1.101310442698199e-07,1.21136112368275,  ,  ,  ,  
1.101317324670726e-07,0,1.101317324670726e-07,1.099927061302261,1.101317324670726e-07,1.099651604293894,1.101317324670726e-07,1.211650153135034,1.101317324670726e-07,1.211339236386121,  ,  ,  ,  
1.101323700518459e-07,0,1.101323700518459e-07,1.099947694483975,1.101323700518459e-07,1.099668337372394,1.101323700518459e-07,1.211663607019651,1.101323700518459e-07,1.211336330804406,  ,  ,  ,  
1.101330100918814e-07,0,1.101330100918814e-07,1.099970974645678,1.101330100918814e-07,1.099705258285214,1.101330100918814e-07,1.211678512300863,1.101330100918814e-07,1.211354242920808,  ,  ,  ,  
1.101337779484238e-07,0,1.101337779484238e-07,1.099998808074773,1.101337779484238e-07,1.099771727810953,1.101337779484238e-07,1.211695823427928,1.101337779484238e-07,1.211397974777138,  ,  ,  ,  
1.101346328147332e-07,0,1.101346328147332e-07,1.100026639773293,1.101346328147332e-07,1.099863114540263,1.101346328147332e-07,1.211712324691196,1.101346328147332e-07,1.211467414869606,  ,  ,  ,  
1.101354380493327e-07,0,1.101354380493327e-07,1.100048914470481,1.101354380493327e-07,1.099954620175733,1.101354380493327e-07,1.211724833234222,1.101354380493327e-07,1.211547168074627,  ,  ,  ,  
1.101364840737231e-07,0,1.101364840737231e-07,1.100072394854283,1.101364840737231e-07,1.100080327555262,1.101364840737231e-07,1.211738004008654,1.101364840737231e-07,1.211663407633631,  ,  ,  ,  
1.101373077589279e-07,0,1.101373077589279e-07,1.100084875946809,1.101373077589279e-07,1.100175846711456,1.101373077589279e-07,1.211745823428799,1.101373077589279e-07,1.211758882541202,  ,  ,  ,  
1.101383341400925e-07,0,1.101383341400925e-07,1.100096909428051,1.101383341400925e-07,1.100285304504237,1.101383341400925e-07,1.211753223940135,1.101383341400925e-07,1.211876358838951,  ,  ,  ,  
1.101394054351862e-07,0,1.101394054351862e-07,1.100104065820312,1.101394054351862e-07,1.100383457126261,1.101394054351862e-07,1.211758991346509,1.101394054351862e-07,1.211992235677908,  ,  ,  ,  
1.101404994698524e-07,0,1.101404994698524e-07,1.100106893261446,1.101404994698524e-07,1.100463333292941,1.101404994698524e-07,1.211764152935324,1.101404994698524e-07,1.212099201056893,  ,  ,  ,  
1.101414714154533e-07,0,1.101414714154533e-07,1.100106599641549,1.101414714154533e-07,1.100515295844283,1.101414714154533e-07,1.211769139721006,1.101414714154533e-07,1.212182255381493,  ,  ,  ,  
1.101423773941737e-07,0,1.101423773941737e-07,1.100104777956413,1.101423773941737e-07,1.100547444022845,1.101423773941737e-07,1.211774480481818,1.101423773941737e-07,1.212248905889006,  ,  ,  ,  
1.101435087781979e-07,0,1.101435087781979e-07,1.100101481388738,1.101435087781979e-07,1.100567165562454,1.101435087781979e-07,1.211782887715986,1.101435087781979e-07,1.212318328348387,  ,  ,  ,  
1.101444234424461e-07,0,1.101444234424461e-07,1.100098209995882,1.101444234424461e-07,1.100567427289683,1.101444234424461e-07,1.211790800149358,1.101444234424461e-07,1.212363515179348,  ,  ,  ,  
1.10145444655788e-07,0,1.10145444655788e-07,1.100092616089314,1.10145444655788e-07,1.100550544319341,1.10145444655788e-07,1.211798669078537,1.10145444655788e-07,1.21240087212579,  ,  ,  ,  
1.101464072562543e-07,0,1.101464072562543e-07,1.100083891181687,1.101464072562543e-07,1.100515982074459,1.101464072562543e-07,1.211802644079436,1.101464072562543e-07,1.212420816328541,  ,  ,  ,  
1.101471703321773e-07,0,1.101471703321773e-07,1.100074510238013,1.101471703321773e-07,1.100474854854303,1.101471703321773e-07,1.211802959936419,1.101471703321773e-07,1.212425126534624,  ,  ,  ,  
1.101479045635091e-07,0,1.101479045635091e-07,1.100064227310795,1.101479045635091e-07,1.100424726598981,1.101479045635091e-07,1.211801330087992,1.101479045635091e-07,1.212420436125807,  ,  ,  ,  
1.101487118888342e-07,0,1.101487118888342e-07,1.100052388724889,1.101487118888342e-07,1.100360226589779,1.101487118888342e-07,1.211797845517208,1.101487118888342e-07,1.212406855649854,  ,  ,  ,  
1.101496671478647e-07,0,1.101496671478647e-07,1.100038103555594,1.101496671478647e-07,1.100274753611573,1.101496671478647e-07,1.211791529276087,1.101496671478647e-07,1.212381035768581,  ,  ,  ,  
1.101507903497698e-07,0,1.101507903497698e-07,1.100021851986255,1.101507903497698e-07,1.100167016570967,1.101507903497698e-07,1.211781783000459,1.101507903497698e-07,1.212340291595248,  ,  ,  ,  
1.10152124895393e-07,0,1.10152124895393e-07,1.100004548301525,1.10152124895393e-07,1.100036958967996,1.10152124895393e-07,1.211768373441087,1.10152124895393e-07,1.212282372468984,  ,  ,  ,  
1.101535156531243e-07,0,1.101535156531243e-07,1.099990202189048,1.101535156531243e-07,1.099908269949291,1.101535156531243e-07,1.211754460662905,1.101535156531243e-07,1.212217247865076,  ,  ,  ,  
1.101549275392675e-07,0,1.101549275392675e-07,1.099982453110894,1.101549275392675e-07,1.099796148849793,1.101549275392675e-07,1.211745284412057,1.101549275392675e-07,1.212155495959079,  ,  ,  ,  
1.101560033441818e-07,0,1.101560033441818e-07,1.099983529418976,1.101560033441818e-07,1.099730353966424,1.101560033441818e-07,1.21174579891395,1.101560033441818e-07,1.212118261425805,  ,  ,  ,  
1.10156972891127e-07,0,1.10156972891127e-07,1.099988461018726,1.10156972891127e-07,1.099685239214537,1.10156972891127e-07,1.211752124769533,1.10156972891127e-07,1.212093514989368,  ,  ,  ,  
1.101576805605294e-07,0,1.101576805605294e-07,1.099994330564532,1.101576805605294e-07,1.099659823718515,1.101576805605294e-07,1.211759835960119,1.101576805605294e-07,1.212080972801993,  ,  ,  ,  
1.101583887695266e-07,0,1.101583887695266e-07,1.100000984024766,1.101583887695266e-07,1.099639552520515,1.101583887695266e-07,1.21176924306947,1.101583887695266e-07,1.212072978844409,  ,  ,  ,  
1.101590216053487e-07,0,1.101590216053487e-07,1.100006831477776,1.101590216053487e-07,1.099624707461142,1.101590216053487e-07,1.211778033914516,1.101590216053487e-07,1.212069200475639,  ,  ,  ,  
1.101597236385252e-07,0,1.101597236385252e-07,1.10001272946836,1.101597236385252e-07,1.0996111221408,1.101597236385252e-07,1.211787315135027,1.101597236385252e-07,1.212068237377279,  ,  ,  ,  
1.101606267539532e-07,0,1.101606267539532e-07,1.100018950003647,1.101606267539532e-07,1.099597206202806,1.101606267539532e-07,1.211797584254388,1.101606267539532e-07,1.212070978266737,  ,  ,  ,  
1.101614546163223e-07,0,1.101614546163223e-07,1.100022981141086,1.101614546163223e-07,1.099586919424561,1.101614546163223e-07,1.211804741594279,1.101614546163223e-07,1.212076213852659,  ,  ,  ,  
1.101623331970576e-07,0,1.101623331970576e-07,1.100025364739698,1.101623331970576e-07,1.099577486449605,1.101623331970576e-07,1.211809625557612,1.101623331970576e-07,1.212083271817497,  ,  ,  ,  
1.101633080545956e-07,0,1.101633080545956e-07,1.100026573585615,1.101633080545956e-07,1.099568671996504,1.101633080545956e-07,1.211812865938117,1.101633080545956e-07,1.212092193629427,  ,  ,  ,  
1.101641658165381e-07,0,1.101641658165381e-07,1.100026262542389,1.101641658165381e-07,1.099561590656422,1.101641658165381e-07,1.211813789007145,1.101641658165381e-07,1.212099756823658,  ,  ,  ,  
1.101650120110629e-07,0,1.101650120110629e-07,1.100024530621058,1.101650120110629e-07,1.099554774336957,1.101650120110629e-07,1.211813177526634,1.101650120110629e-07,1.212106257406929,  ,  ,  ,  
1.101659697729385e-07,0,1.101659697729385e-07,1.100022234269073,1.101659697729385e-07,1.099547166221595,1.101659697729385e-07,1.211811043722888,1.101659697729385e-07,1.212111908547175,  ,  ,  ,  
1.101670866145089e-07,0,1.101670866145089e-07,1.100018834611056,1.101670866145089e-07,1.099538798521589,1.101670866145089e-07,1.21180732942729,1.101670866145089e-07,1.212115955301389,  ,  ,  ,  
1.101682055724508e-07,0,1.101682055724508e-07,1.100015095361457,1.101682055724508e-07,1.09953080323906,1.101682055724508e-07,1.211802962903062,1.101682055724508e-07,1.212117124381827,  ,  ,  ,  
1.101690686267119e-07,0,1.101690686267119e-07,1.100011884667856,1.101690686267119e-07,1.099524710125891,1.101690686267119e-07,1.211798986423591,1.101690686267119e-07,1.212115748768351,  ,  ,  ,  
1.10169693378419e-07,0,1.10169693378419e-07,1.10000935914195,1.10169693378419e-07,1.099520418994846,1.10169693378419e-07,1.211795669748126,1.10169693378419e-07,1.212113435734838,  ,  ,  ,  
1.101702113049039e-07,0,1.101702113049039e-07,1.100007104054767,1.101702113049039e-07,1.099516829443751,1.101702113049039e-07,1.211792568720724,1.101702113049039e-07,1.212110572199563,  ,  ,  ,  
1.101706931898161e-07,0,1.101706931898161e-07,1.100004729677752,1.101706931898161e-07,1.099513043224694,1.101706931898161e-07,1.211789239424523,1.101706931898161e-07,1.212106888041378,  ,  ,  ,  
1.101711931724759e-07,0,1.101711931724759e-07,1.100001933777376,1.101711931724759e-07,1.099508343756153,1.101711931724759e-07,1.211785253995052,1.101711931724759e-07,1.212101873186687,  ,  ,  ,  
1.101717919910595e-07,0,1.101717919910595e-07,1.099998293172419,1.101717919910595e-07,1.099501651700449,1.101717919910595e-07,1.211779869673616,1.101717919910595e-07,1.212094386799315,  ,  ,  ,  
1.10172460788824e-07,0,1.10172460788824e-07,1.09999408217199,1.10172460788824e-07,1.099493061426146,1.10172460788824e-07,1.211773247540141,1.10172460788824e-07,1.212084443230629,  ,  ,  ,  
1.101730944465103e-07,0,1.101730944465103e-07,1.099990142668338,1.101730944465103e-07,1.099484113171474,1.101730944465103e-07,1.211766571297138,1.101730944465103e-07,1.212073825687423,  ,  ,  ,  
1.101735769569813e-07,0,1.101735769569813e-07,1.099987145667573,1.101735769569813e-07,1.099476887311678,1.101735769569813e-07,1.211761620007532,1.101735769569813e-07,1.212065350430922,  ,  ,  ,  
1.101739492215163e-07,0,1.101739492215163e-07,1.099985447310829,1.101739492215163e-07,1.099471045375233,1.101739492215163e-07,1.211758152235724,1.101739492215163e-07,1.212058797206012,  ,  ,  ,  
1.101742741194001e-07,0,1.101742741194001e-07,1.099983966288467,1.101742741194001e-07,1.099465561756886,1.101742741194001e-07,1.211755101214874,1.101742741194001e-07,1.212052862791672,  ,  ,  ,  
1.101746321833212e-07,0,1.101746321833212e-07,1.099982120562885,1.101746321833212e-07,1.099459006773094,1.101746321833212e-07,1.211751422839247,1.101746321833212e-07,1.212045958838056,  ,  ,  ,  
1.10175026524053e-07,0,1.10175026524053e-07,1.099979928748162,1.10175026524053e-07,1.099451447273807,1.10175026524053e-07,1.211746974749427,1.10175026524053e-07,1.21203808085084,  ,  ,  ,  
1.101754438833893e-07,0,1.101754438833893e-07,1.099977608645464,1.101754438833893e-07,1.099443752481883,1.101754438833893e-07,1.211741921178999,1.101754438833893e-07,1.212029682109283,  ,  ,  ,  
1.101758079231471e-07,0,1.101758079231471e-07,1.099975673580369,1.101758079231471e-07,1.099437894120783,1.101758079231471e-07,1.211737301715534,1.101758079231471e-07,1.21202242339213,  ,  ,  ,  
1.10176154572467e-07,0,1.10176154572467e-07,1.099973937645043,1.10176154572467e-07,1.099433442903258,1.10176154572467e-07,1.211732768204499,1.10176154572467e-07,1.212015528355839,  ,  ,  ,  
1.101765532899465e-07,0,1.101765532899465e-07,1.099972050513946,1.101765532899465e-07,1.099429805408365,1.101765532899465e-07,1.211727468385289,1.101765532899465e-07,1.212007684508594,  ,  ,  ,  
1.10176977738886e-07,0,1.10176977738886e-07,1.099970172776293,1.10176977738886e-07,1.099427567208596,1.10176977738886e-07,1.211721778010979,1.10176977738886e-07,1.211999338224589,  ,  ,  ,  
1.101774074320737e-07,0,1.101774074320737e-07,1.099968405505294,1.101774074320737e-07,1.099426790324291,1.101774074320737e-07,1.211716045239034,1.101774074320737e-07,1.211990843768133,  ,  ,  ,  
1.101778679622875e-07,0,1.101778679622875e-07,1.099966673152271,1.101778679622875e-07,1.099427370447043,1.101778679622875e-07,1.211710006501103,1.101778679622875e-07,1.211981686384317,  ,  ,  ,  
1.10178382849591e-07,0,1.10178382849591e-07,1.099965011225106,1.10178382849591e-07,1.099429492362052,1.10178382849591e-07,1.211703503249101,1.10178382849591e-07,1.211971511721651,  ,  ,  ,  
1.101789842790231e-07,0,1.101789842790231e-07,1.099963485616972,1.101789842790231e-07,1.099433887798417,1.101789842790231e-07,1.211696323892524,1.101789842790231e-07,1.211959892456628,  ,  ,  ,  
1.101797215854217e-07,0,1.101797215854217e-07,1.099962298982888,1.101797215854217e-07,1.099442057334157,1.101797215854217e-07,1.211688259978501,1.101797215854217e-07,1.211946379860973,  ,  ,  ,  
1.101806743394737e-07,0,1.101806743394737e-07,1.099961884824202,1.101806743394737e-07,1.099457097105232,1.101806743394737e-07,1.211679163376156,1.101806743394737e-07,1.211930619282214,  ,  ,  ,  
1.101819891480352e-07,0,1.101819891480352e-07,1.099963085559005,1.101819891480352e-07,1.099485429642502,1.101819891480352e-07,1.21166907096782,1.101819891480352e-07,1.211912553475719,  ,  ,  ,  
1.101834424781822e-07,0,1.101834424781822e-07,1.099966125393885,1.101834424781822e-07,1.099524817888132,1.101834424781822e-07,1.211660955937286,1.101834424781822e-07,1.211897464155746,  ,  ,  ,  
1.101849399492655e-07,0,1.101849399492655e-07,1.099970261836366,1.101849399492655e-07,1.099570994858163,1.101849399492655e-07,1.211655345118523,1.101849399492655e-07,1.211886402235193,  ,  ,  ,  
1.101865349711293e-07,0,1.101865349711293e-07,1.099974934169208,1.101865349711293e-07,1.099622492333236,1.101865349711293e-07,1.211651655232153,1.101865349711293e-07,1.211878196341358,  ,  ,  ,  
1.101882820718912e-07,0,1.101882820718912e-07,1.099979676015759,1.101882820718912e-07,1.099677558066223,1.101882820718912e-07,1.211649425864957,1.101882820718912e-07,1.211871680240469,  ,  ,  ,  
1.101902619985443e-07,0,1.101902619985443e-07,1.099984199630801,1.101902619985443e-07,1.099734652123973,1.101902619985443e-07,1.211648312578321,1.101902619985443e-07,1.21186567105807,  ,  ,  ,  
1.101925816941808e-07,0,1.101925816941808e-07,1.099988305834162,1.101925816941808e-07,1.099791939691229,1.101925816941808e-07,1.211648070981239,1.101925816941808e-07,1.211858959593466,  ,  ,  ,  
1.101953808430226e-07,0,1.101953808430226e-07,1.099991858680484,1.101953808430226e-07,1.099846902039049,1.101953808430226e-07,1.211648533824166,1.101953808430226e-07,1.211850330680184,  ,  ,  ,  
1.101976904215113e-07,0,1.101976904215113e-07,1.099993909413512,1.101976904215113e-07,1.099881670311574,1.101976904215113e-07,1.211649222941372,1.101976904215113e-07,1.211842628123947,  ,  ,  ,  
1.102e-07,0,1.102e-07,1.099995396082888,1.102e-07,1.099908463350131,1.102e-07,1.21165002104044,1.102e-07,1.211834516337568,  ,  ,  ,  
1.102011116479538e-07,0,1.102011116479538e-07,1.09999590515425,1.102011116479538e-07,1.099918165102615,1.102011116479538e-07,1.211650426410271,1.102011116479538e-07,1.211830492312119,  ,  ,  ,  
1.102020706564055e-07,0,1.102020706564055e-07,1.099996309066817,1.102020706564055e-07,1.099925925606939,1.102020706564055e-07,1.211650765078027,1.102020706564055e-07,1.211826990657199,  ,  ,  ,  
1.102030574492842e-07,0,1.102030574492842e-07,1.099996690611248,1.102030574492842e-07,1.099933168276383,1.102030574492842e-07,1.211651131197578,1.102030574492842e-07,1.211823428326809,  ,  ,  ,  
1.102050310350415e-07,0,1.102050310350415e-07,1.099997322812435,1.102050310350415e-07,1.099945507599379,1.102050310350415e-07,1.211651830818833,1.102050310350415e-07,1.211816370682988,  ,  ,  ,  
1.102077690475202e-07,0,1.102077690475202e-07,1.09999799279781,1.102077690475202e-07,1.099958782487058,1.102077690475202e-07,1.211652767568672,1.102077690475202e-07,1.211806837923884,  ,  ,  ,  
1.102114343964346e-07,0,1.102114343964346e-07,1.099998612249141,1.102114343964346e-07,1.099971433358957,1.102114343964346e-07,1.211653956560165,1.102114343964346e-07,1.21179471686432,  ,  ,  ,  
1.102177774288086e-07,0,1.102177774288086e-07,1.099999232214327,1.102177774288086e-07,1.099984835306729,1.102177774288086e-07,1.21165582127292,1.102177774288086e-07,1.21177574742817,  ,  ,  ,  
1.10230084753679e-07,0,1.10230084753679e-07,1.099999721847234,1.10230084753679e-07,1.099996455354614,1.10230084753679e-07,1.21165877739899,1.10230084753679e-07,1.211745877950594,  ,  ,  ,  
1.102477198741556e-07,0,1.102477198741556e-07,1.099999891920342,1.102477198741556e-07,1.100000900830511,1.102477198741556e-07,1.211661779065001,1.102477198741556e-07,1.211715829315869,  ,  ,  ,  
1.102751339056622e-07,0,1.102751339056622e-07,1.099999931266417,1.102751339056622e-07,1.100001324212278,1.102751339056622e-07,1.211664530977569,1.102751339056622e-07,1.211688512441026,  ,  ,  ,  
1.10315164717594e-07,0,1.10315164717594e-07,1.099999942740203,1.10315164717594e-07,1.100000505604988,1.10315164717594e-07,1.21166631192737,1.10315164717594e-07,1.211670906533054,  ,  ,  ,  
1.103798939192932e-07,0,1.103798939192932e-07,1.099999950285727,1.103798939192932e-07,1.099999971867005,1.103798939192932e-07,1.211667064314722,1.103798939192932e-07,1.211663398633096,  ,  ,  ,  
1.105069121931263e-07,0,1.105069121931263e-07,1.099999948813787,1.105069121931263e-07,1.099999881170519,1.105069121931263e-07,1.21166702010948,1.105069121931263e-07,1.211663563911888,  ,  ,  ,  
1.107609487407926e-07,0,1.107609487407926e-07,1.09999994353733,1.107609487407926e-07,1.099999927461375,1.107609487407926e-07,1.211666716635927,1.107609487407926e-07,1.211665988628456,  ,  ,  ,  
1.112190638995978e-07,0,1.112190638995978e-07,1.099999942067365,1.112190638995978e-07,1.099999938115535,1.112190638995978e-07,1.21166654958428,1.112190638995978e-07,1.211666628450772,  ,  ,  ,  
1.11972513400062e-07,0,1.11972513400062e-07,1.099999942480828,1.11972513400062e-07,1.099999936081086,1.11972513400062e-07,1.211666408409498,1.11972513400062e-07,1.211666383355291,  ,  ,  ,  
1.13122513400062e-07,0,1.13122513400062e-07,1.099999942820514,1.13122513400062e-07,1.099999935908789,1.13122513400062e-07,1.211666183950467,1.13122513400062e-07,1.211666107679527,  ,  ,  ,  
1.14e-07,0,1.14e-07,1.099999942971271,1.14e-07,1.099999936142456,1.14e-07,1.211666007468894,1.14e-07,1.211665929958797,  ,  ,  ,  
1.140135440018486e-07,0.07449201016725994,1.140135440018486e-07,1.099999972563055,1.140135440018486e-07,1.099999965277138,1.140135440018486e-07,1.211666048060365,1.140135440018486e-07,1.211666735256817,  ,  ,  ,  
1.140271875126144e-07,0.1495313193792064,1.140271875126144e-07,1.099999911725113,1.140271875126144e-07,1.099999911629251,1.140271875126144e-07,1.211666030751396,1.140271875126144e-07,1.211665997589731,  ,  ,  ,  
1.14054474534146e-07,0.2996099378029539,1.14054474534146e-07,1.099999926279994,1.14054474534146e-07,1.099999915038585,1.14054474534146e-07,1.211666004759567,1.14054474534146e-07,1.211665304254208,  ,  ,  ,  
1.140618241830314e-07,0.3400330066726268,1.140618241830314e-07,1.099999850469731,1.140618241830314e-07,1.099999848806484,1.140618241830314e-07,1.211665936414308,1.140618241830314e-07,1.211663938192628,  ,  ,  ,  
1.140732562788127e-07,0.4029095334699904,1.140732562788127e-07,1.099999570195159,1.140732562788127e-07,1.099999578646295,1.140732562788127e-07,1.211665619580965,1.140732562788127e-07,1.211657319938706,  ,  ,  ,  
1.140782358115545e-07,0.4302969635494789,1.140782358115545e-07,1.099999237311156,1.140782358115545e-07,1.09999926866276,1.140782358115545e-07,1.211665290524564,1.140782358115545e-07,1.2116504107661,  ,  ,  ,  
1.140836001476538e-07,0.4598008120961449,1.140836001476538e-07,1.099998623333129,1.140836001476538e-07,1.099998687928132,1.140836001476538e-07,1.211664672402471,1.140836001476538e-07,1.211637157958323,  ,  ,  ,  
1.140883124672793e-07,0.4857185700363599,1.140883124672793e-07,1.099997706604259,1.140883124672793e-07,1.099997815483204,1.140883124672793e-07,1.21166373572876,1.140883124672793e-07,1.211617017468805,  ,  ,  ,  
1.140920047364016e-07,0.5060260502088537,1.140920047364016e-07,1.099996615520405,1.140920047364016e-07,1.099996774452129,1.140920047364016e-07,1.211662606602714,1.140920047364016e-07,1.211592754647905,  ,  ,  ,  
1.14095300979682e-07,0.5241553882510592,1.14095300979682e-07,1.099995544501196,1.14095300979682e-07,1.099995695945587,1.14095300979682e-07,1.211661303895347,1.14095300979682e-07,1.211564548200814,  ,  ,  ,  
1.140988637521983e-07,0.5437506370906344,1.140988637521983e-07,1.099994480541993,1.140988637521983e-07,1.099994533143306,1.140988637521983e-07,1.211659588169378,1.140988637521983e-07,1.21152853887231,  ,  ,  ,  
1.141042501637297e-07,0.5733759005133916,1.141042501637297e-07,1.099993206355684,1.141042501637297e-07,1.099993013045519,1.141042501637297e-07,1.211656379996751,1.141042501637297e-07,1.211467982077404,  ,  ,  ,  
1.141074203385972e-07,0.5908118622846501,1.141074203385972e-07,1.099995617546314,1.141074203385972e-07,1.099994602904205,1.141074203385972e-07,1.211655480086716,1.141074203385972e-07,1.211456853244907,  ,  ,  ,  
1.141108298975859e-07,0.6095644367225248,1.141108298975859e-07,1.100010964722992,1.141108298975859e-07,1.100006599904966,1.141108298975859e-07,1.211660204508644,1.141108298975859e-07,1.211575006823102,  ,  ,  ,  
1.141140365086231e-07,0.6272007974272142,1.141140365086231e-07,1.100052444876049,1.141140365086231e-07,1.100040634623145,1.141140365086231e-07,1.211678315204496,1.141140365086231e-07,1.212015856504786,  ,  ,  ,  
1.141172188813465e-07,0.6447038474056431,1.141172188813465e-07,1.100130780448107,1.141172188813465e-07,1.100107894246846,1.141172188813465e-07,1.211718551866354,1.141172188813465e-07,1.213031579880093,  ,  ,  ,  
1.141200281583281e-07,0.6601548708045829,1.141200281583281e-07,1.100228304784258,1.141200281583281e-07,1.100196226935678,1.141200281583281e-07,1.211777033919533,1.141200281583281e-07,1.214558612071046,  ,  ,  ,  
1.141227957501469e-07,0.6753766258079941,1.141227957501469e-07,1.100330706777802,1.141227957501469e-07,1.100297149794647,1.141227957501469e-07,1.211853836768996,1.141227957501469e-07,1.216628629088107,  ,  ,  ,  
1.141248881775811e-07,0.6868849766961197,1.141248881775811e-07,1.100401263862866,1.141248881775811e-07,1.100375520659907,1.141248881775811e-07,1.211923994832084,1.141248881775811e-07,1.218512087152671,  ,  ,  ,  
1.141266072081841e-07,0.6963396450126088,1.141266072081841e-07,1.100454650189205,1.141266072081841e-07,1.100437459062563,1.141266072081841e-07,1.211989174328288,1.141266072081841e-07,1.220213349772396,  ,  ,  ,  
1.141284024512715e-07,0.7062134819932608,1.141284024512715e-07,1.100499743620914,1.141284024512715e-07,1.100495768332928,1.141284024512715e-07,1.212063629865073,1.141284024512715e-07,1.222075266726709,  ,  ,  ,  
1.141301063691699e-07,0.7155850304342095,1.141301063691699e-07,1.100529761664284,1.141301063691699e-07,1.100542019379219,1.141301063691699e-07,1.212139553328872,1.141301063691699e-07,1.223859886081895,  ,  ,  ,  
1.14131919672718e-07,0.7255581999489737,1.14131919672718e-07,1.10054582112912,1.14131919672718e-07,1.100578833197556,1.14131919672718e-07,1.212225490614114,1.14131919672718e-07,1.225700289996521,  ,  ,  ,  
1.141340394555014e-07,0.7372170052574788,1.141340394555014e-07,1.100541047787913,1.141340394555014e-07,1.100602781260548,1.141340394555014e-07,1.212332911761239,1.141340394555014e-07,1.227652828434438,  ,  ,  ,  
1.141356719042477e-07,0.746195473362531,1.141356719042477e-07,1.100516423725866,1.141356719042477e-07,1.100604657472688,1.141356719042477e-07,1.212421098512386,1.141356719042477e-07,1.228914850750773,  ,  ,  ,  
1.141370035954105e-07,0.7535197747579422,1.141370035954105e-07,1.100484369721269,1.141370035954105e-07,1.100595175106409,1.141370035954105e-07,1.212494600584134,1.141370035954105e-07,1.229756858627581,  ,  ,  ,  
1.141382373157303e-07,0.7603052365165991,1.141382373157303e-07,1.100449931854854,1.141382373157303e-07,1.100579506410068,1.141382373157303e-07,1.212562265234907,1.141382373157303e-07,1.230393447339041,  ,  ,  ,  
1.141392911724542e-07,0.7661014484981163,1.141392911724542e-07,1.100419797473342,1.141392911724542e-07,1.100562722537024,1.141392911724542e-07,1.212619465542215,1.141392911724542e-07,1.230838759844649,  ,  ,  ,  
1.141411006130421e-07,0.7760533717316621,1.141411006130421e-07,1.100369496755601,1.141411006130421e-07,1.1005307226885,1.141411006130421e-07,1.21271702222113,1.141411006130421e-07,1.231411888054005,  ,  ,  ,  
1.141429889679904e-07,0.7864393239470349,1.141429889679904e-07,1.100318224005171,1.141429889679904e-07,1.100495843411098,1.141429889679904e-07,1.212817726470605,1.141429889679904e-07,1.231758456436848,  ,  ,  ,  
1.141461633903241e-07,0.8038986467825157,1.141461633903241e-07,1.100223712336249,1.141461633903241e-07,1.10043656204838,1.141461633903241e-07,1.21298295067961,1.141461633903241e-07,1.231655051121411,  ,  ,  ,  
1.141484489724654e-07,0.8164693485597583,1.141484489724654e-07,1.100140520467116,1.141484489724654e-07,1.100392274068491,1.141484489724654e-07,1.213095897164919,1.141484489724654e-07,1.230918998563675,  ,  ,  ,  
1.141511676488659e-07,0.8314220687622289,1.141511676488659e-07,1.100013446476386,1.141511676488659e-07,1.100333974839178,1.141511676488659e-07,1.213217905607293,1.141511676488659e-07,1.229064381356932,  ,  ,  ,  
1.14153363675578e-07,0.8435002156788284,1.14153363675578e-07,1.09988585963426,1.14153363675578e-07,1.100279485393393,1.14153363675578e-07,1.213300371605382,1.14153363675578e-07,1.226620403076538,  ,  ,  ,  
1.141557971190525e-07,0.8568841547889432,1.141557971190525e-07,1.099712227679677,1.141557971190525e-07,1.100209804426991,1.141557971190525e-07,1.213366610813056,1.141557971190525e-07,1.222755228103744,  ,  ,  ,  
1.14158193979704e-07,0.870066888371899,1.14158193979704e-07,1.099526376816606,1.14158193979704e-07,1.100131616577793,1.14158193979704e-07,1.213396950971086,1.14158193979704e-07,1.217649552685283,  ,  ,  ,  
1.141607253808012e-07,0.8839895944066543,1.141607253808012e-07,1.099333347121665,1.141607253808012e-07,1.100042059199945,1.141607253808012e-07,1.21338126891784,1.141607253808012e-07,1.210803367824046,  ,  ,  ,  
1.141633949767661e-07,0.8986723722133738,1.141633949767661e-07,1.099139139389324,1.141633949767661e-07,1.099944082610024,1.141633949767661e-07,1.213300965324913,1.141633949767661e-07,1.201951552670756,  ,  ,  ,  
1.141662849616817e-07,0.9145672892491117,1.141662849616817e-07,1.098923379180209,1.141662849616817e-07,1.099838113255212,1.141662849616817e-07,1.213130428254328,1.141662849616817e-07,1.190527738605071,  ,  ,  ,  
1.141694911660512e-07,0.9322014132816447,1.141694911660512e-07,1.098633636618519,1.141694911660512e-07,1.099724394040437,1.141694911660512e-07,1.212827166130357,1.141694911660512e-07,1.175708441594995,  ,  ,  ,  
1.141724432522658e-07,0.9484378874619522,1.141724432522658e-07,1.098263304931543,1.141724432522658e-07,1.09962579887406,1.141724432522658e-07,1.212433439825028,1.141724432522658e-07,1.160162270601316,  ,  ,  ,  
1.141752635202714e-07,0.9639493614927754,1.141752635202714e-07,1.097840166255815,1.141752635202714e-07,1.099539509596255,1.141752635202714e-07,1.21194916207675,1.141752635202714e-07,1.143696239506616,  ,  ,  ,  
1.141780551680233e-07,0.9793034241281662,1.141780551680233e-07,1.097541374807993,1.141780551680233e-07,1.099469398592051,1.141780551680233e-07,1.211367975151821,1.141780551680233e-07,1.125947534742882,  ,  ,  ,  
1.14180596413133e-07,0.993280272231308,1.14180596413133e-07,1.097495530767708,1.14180596413133e-07,1.099427853986056,1.14180596413133e-07,1.210761600610789,1.14180596413133e-07,1.10861774241157,  ,  ,  ,  
1.141829195138142e-07,1.006057325977785,1.141829195138142e-07,1.097589431829954,1.141829195138142e-07,1.099412849161757,1.141829195138142e-07,1.210159413292033,1.141829195138142e-07,1.091823613932927,  ,  ,  ,  
1.141846886322625e-07,1.015787477444043,1.141846886322625e-07,1.097723967181125,1.141846886322625e-07,1.099420030900427,1.141846886322625e-07,1.209687880395364,1.141846886322625e-07,1.078405827881146,  ,  ,  ,  
1.141861298255821e-07,1.023714040701476,1.141861298255821e-07,1.097885101958076,1.141861298255821e-07,1.099441352383673,1.141861298255821e-07,1.209310689797139,1.141861298255821e-07,1.067027403362209,  ,  ,  ,  
1.141874440384885e-07,1.030942211686632,1.141874440384885e-07,1.09807346167184,1.141874440384885e-07,1.099472967660656,1.141874440384885e-07,1.208985456051008,1.141874440384885e-07,1.056205911706788,  ,  ,  ,  
1.141889032387303e-07,1.038967813016332,1.141889032387303e-07,1.098304924334605,1.141889032387303e-07,1.099516973080598,1.141889032387303e-07,1.208660399117465,1.141889032387303e-07,1.043485676392258,  ,  ,  ,  
1.141900977341493e-07,1.045537537821267,1.141900977341493e-07,1.098485410351211,1.141900977341493e-07,1.099555865809184,1.141900977341493e-07,1.208436318082372,1.141900977341493e-07,1.032336402375425,  ,  ,  ,  
1.141912879557495e-07,1.052083756622399,1.141912879557495e-07,1.098634394497186,1.141912879557495e-07,1.099593852328488,1.141912879557495e-07,1.20826560149778,1.141912879557495e-07,1.02034902853184,  ,  ,  ,  
1.141927430691039e-07,1.060086880071489,1.141927430691039e-07,1.098754656472123,1.141927430691039e-07,1.099635354688293,1.141927430691039e-07,1.208154067608657,1.141927430691039e-07,1.004106164768971,  ,  ,  ,  
1.14194299149034e-07,1.068645319686812,1.14194299149034e-07,1.098802361769186,1.14194299149034e-07,1.099670991770894,1.14194299149034e-07,1.208180025936345,1.14194299149034e-07,0.984251010575919,  ,  ,  ,  
1.14195935237319e-07,1.077643805254632,1.14195935237319e-07,1.098781019222356,1.14195935237319e-07,1.099698976516311,1.14195935237319e-07,1.208341085205912,1.14195935237319e-07,0.9603949183403958,  ,  ,  ,  
1.141972685595987e-07,1.084977077793106,1.141972685595987e-07,1.098738471411063,1.141972685595987e-07,1.099716808828579,1.141972685595987e-07,1.208492198069295,1.141972685595987e-07,0.9391731575865724,  ,  ,  ,  
1.141982697673358e-07,1.090483720347074,1.141982697673358e-07,1.098702496660502,1.141982697673358e-07,1.099727498069308,1.141982697673358e-07,1.208582336094983,1.141982697673358e-07,0.9224331012845838,  ,  ,  ,  
1.141991348836679e-07,1.095241860173487,1.141991348836679e-07,1.098670137054772,1.141991348836679e-07,1.09973329054384,1.141991348836679e-07,1.208645552077356,1.141991348836679e-07,0.9074829278529521,  ,  ,  ,  
1.142e-07,1.1,1.142e-07,1.098635685648644,1.142e-07,1.099733961976502,1.142e-07,1.208701190829781,1.142e-07,0.8920836647985297,  ,  ,  ,  
1.142005601488348e-07,1.1,1.142005601488348e-07,1.098612842818155,1.142005601488348e-07,1.099730890700165,1.142005601488348e-07,1.208731154689227,1.142005601488348e-07,0.8818092188631633,  ,  ,  ,  
1.142011222725262e-07,1.1,1.142011222725262e-07,1.098588097321939,1.142011222725262e-07,1.099725364007831,1.142011222725262e-07,1.208755919535379,1.142011222725262e-07,0.8713320548964756,  ,  ,  ,  
1.142017035705258e-07,1.1,1.142017035705258e-07,1.098560798728991,1.142017035705258e-07,1.099716520851184,1.142017035705258e-07,1.208776512099307,1.142017035705258e-07,0.8602841866557125,  ,  ,  ,  
1.14202617149833e-07,1.1,1.14202617149833e-07,1.098515203027029,1.14202617149833e-07,1.099696446935039,1.14202617149833e-07,1.208798228963936,1.14202617149833e-07,0.8424492423116784,  ,  ,  ,  
1.142037704575949e-07,1.1,1.142037704575949e-07,1.098454912631513,1.142037704575949e-07,1.099662684559882,1.142037704575949e-07,1.208809178518075,1.142037704575949e-07,0.8190872638516539,  ,  ,  ,  
1.142051832457826e-07,1.1,1.142051832457826e-07,1.098381522419078,1.142051832457826e-07,1.099614987975394,1.142051832457826e-07,1.208804078900653,1.142051832457826e-07,0.7891937444567524,  ,  ,  ,  
1.142065938916249e-07,1.1,1.142065938916249e-07,1.098313590913924,1.142065938916249e-07,1.099567831489371,1.142065938916249e-07,1.208786371157884,1.142065938916249e-07,0.758017261188896,  ,  ,  ,  
1.142079599598526e-07,1.1,1.142079599598526e-07,1.098256069218554,1.142079599598526e-07,1.099527804763933,1.142079599598526e-07,1.208762742953262,1.142079599598526e-07,0.7266757564015572,  ,  ,  ,  
1.142092238531823e-07,1.1,1.142092238531823e-07,1.098211846705438,1.142092238531823e-07,1.099497975163138,1.142092238531823e-07,1.208739312410351,1.142092238531823e-07,0.6967927607514284,  ,  ,  ,  
1.142104874461011e-07,1.1,1.142104874461011e-07,1.098176434549595,1.142104874461011e-07,1.099476092057777,1.142104874461011e-07,1.208715702583123,1.142104874461011e-07,0.6662027357165843,  ,  ,  ,  
1.142115043071289e-07,1.1,1.142115043071289e-07,1.098155271394452,1.142115043071289e-07,1.099464066653823,1.142115043071289e-07,1.208697274418144,1.142115043071289e-07,0.6411748410805247,  ,  ,  ,  
1.142129135991469e-07,1.1,1.142129135991469e-07,1.098140669873512,1.142129135991469e-07,1.099454126895563,1.142129135991469e-07,1.208672795770553,1.142129135991469e-07,0.6060953920618475,  ,  ,  ,  
1.142145807961766e-07,1.1,1.142145807961766e-07,1.098162320933167,1.142145807961766e-07,1.099450805557472,1.142145807961766e-07,1.20864531052077,1.142145807961766e-07,0.564448998054754,  ,  ,  ,  
1.142162019719793e-07,1.1,1.142162019719793e-07,1.098256486434502,1.142162019719793e-07,1.099456551797084,1.142162019719793e-07,1.208620088070668,1.142162019719793e-07,0.5244647897168427,  ,  ,  ,  
1.142182828347817e-07,1.1,1.142182828347817e-07,1.098545362630774,1.142182828347817e-07,1.099477943683536,1.142182828347817e-07,1.208590117170983,1.142182828347817e-07,0.4752445226853758,  ,  ,  ,  
1.142202243444721e-07,1.1,1.142202243444721e-07,1.099026627572769,1.142202243444721e-07,1.099512885622941,1.142202243444721e-07,1.208565255190544,1.142202243444721e-07,0.432740180648756,  ,  ,  ,  
1.142225870994802e-07,1.1,1.142225870994802e-07,1.099877013824765,1.142225870994802e-07,1.09957010876539,1.142225870994802e-07,1.208539989964461,1.142225870994802e-07,0.3863044354369142,  ,  ,  ,  
1.142242687443692e-07,1.1,1.142242687443692e-07,1.10064313435748,1.142242687443692e-07,1.099616132592954,1.142242687443692e-07,1.208525315209701,1.142242687443692e-07,0.3565733968927917,  ,  ,  ,  
1.142255846039024e-07,1.1,1.142255846039024e-07,1.101316013156222,1.142255846039024e-07,1.099652524056479,1.142255846039024e-07,1.208515495432079,1.142255846039024e-07,0.3349930032514261,  ,  ,  ,  
1.142272370110392e-07,1.1,1.142272370110392e-07,1.10222857695354,1.142272370110392e-07,1.099695126243245,1.142272370110392e-07,1.208503789785315,1.142272370110392e-07,0.3097564787247747,  ,  ,  ,  
1.142287701236485e-07,1.1,1.142287701236485e-07,1.10312621390075,1.142287701236485e-07,1.099730019451398,1.142287701236485e-07,1.208492965298074,1.142287701236485e-07,0.2880055931169316,  ,  ,  ,  
1.142304246828119e-07,1.1,1.142304246828119e-07,1.104136059505577,1.142304246828119e-07,1.099762603190221,1.142304246828119e-07,1.208481195801779,1.142304246828119e-07,0.2661539740962907,  ,  ,  ,  
1.142324564004205e-07,1.1,1.142324564004205e-07,1.105421008134203,1.142324564004205e-07,1.099796614056127,1.142324564004205e-07,1.208466733960953,1.142324564004205e-07,0.2414284244737146,  ,  ,  ,  
1.142345685420302e-07,1.1,1.142345685420302e-07,1.106802450616617,1.142345685420302e-07,1.099826604865338,1.142345685420302e-07,1.208452020341181,1.142345685420302e-07,0.2179791413373678,  ,  ,  ,  
1.142370133382381e-07,1.1,1.142370133382381e-07,1.108465811197183,1.142370133382381e-07,1.099856716786741,1.142370133382381e-07,1.208435852273608,1.142370133382381e-07,0.1934684083439574,  ,  ,  ,  
1.142398249099635e-07,1.1,1.142398249099635e-07,1.110498120264523,1.142398249099635e-07,1.099887597119076,1.142398249099635e-07,1.208418930073288,1.142398249099635e-07,0.1684730939365346,  ,  ,  ,  
1.142433460668481e-07,1.1,1.142433460668481e-07,1.113348246983221,1.142433460668481e-07,1.099922890821611,1.142433460668481e-07,1.208400706129086,1.142433460668481e-07,0.1415012956450993,  ,  ,  ,  
1.142468034396976e-07,1.1,1.142468034396976e-07,1.116701192163765,1.142468034396976e-07,1.099954692116285,1.142468034396976e-07,1.208386183117669,1.142468034396976e-07,0.1191713054803499,  ,  ,  ,  
1.142501333194747e-07,1.1,1.142501333194747e-07,1.120564883501987,1.142501333194747e-07,1.099982474735457,1.142501333194747e-07,1.208375730732886,1.142501333194747e-07,0.1010644124309736,  ,  ,  ,  
1.142535493392058e-07,1.1,1.142535493392058e-07,1.124190371853584,1.142535493392058e-07,1.100006940046356,1.142535493392058e-07,1.208370579321785,1.142535493392058e-07,0.08547107134510133,  ,  ,  ,  
1.142563116812983e-07,1.1,1.142563116812983e-07,1.124468312137882,1.142563116812983e-07,1.100022706210674,1.142563116812983e-07,1.208372529705187,1.142563116812983e-07,0.07477330581247041,  ,  ,  ,  
1.142587030879602e-07,1.1,1.142587030879602e-07,1.118818664332699,1.142587030879602e-07,1.100032472204937,1.142587030879602e-07,1.208380180212012,1.142587030879602e-07,0.06670633398374873,  ,  ,  ,  
1.142608214541603e-07,1.1,1.142608214541603e-07,1.104065019193031,1.142608214541603e-07,1.100036780347294,1.142608214541603e-07,1.208392361937695,1.142608214541603e-07,0.06036740428027159,  ,  ,  ,  
1.142625183490307e-07,1.1,1.142625183490307e-07,1.081259176834058,1.142625183490307e-07,1.100035604348886,1.142625183490307e-07,1.208404143689169,1.142625183490307e-07,0.05577106728418453,  ,  ,  ,  
1.142639845470419e-07,1.1,1.142639845470419e-07,1.050152511302312,1.142639845470419e-07,1.100030767780438,1.142639845470419e-07,1.20841434212219,1.142639845470419e-07,0.05211143677195154,  ,  ,  ,  
1.142653377400615e-07,1.1,1.142653377400615e-07,1.010883368362475,1.142653377400615e-07,1.100023164287831,1.142653377400615e-07,1.208422640686931,1.142653377400615e-07,0.04896695496223642,  ,  ,  ,  
1.1426681697203e-07,1.1,1.1426681697203e-07,0.9574519277393233,1.1426681697203e-07,1.100011942837929,1.1426681697203e-07,1.208429268632325,1.1426681697203e-07,0.04575883249103632,  ,  ,  ,  
1.142682767194749e-07,1.1,1.142682767194749e-07,0.8953738661089501,1.142682767194749e-07,1.099999342499001,1.142682767194749e-07,1.208433174897313,1.142682767194749e-07,0.04281250733474741,  ,  ,  ,  
1.14269986024265e-07,1.1,1.14269986024265e-07,0.8130811150919505,1.14269986024265e-07,1.099984377047474,1.14269986024265e-07,1.208434728113368,1.14269986024265e-07,0.03962288621539939,  ,  ,  ,  
1.14271671492516e-07,1.1,1.14271671492516e-07,0.7246410738482272,1.14271671492516e-07,1.099971526908708,1.14271671492516e-07,1.208434400176419,1.14271671492516e-07,0.0367398391492067,  ,  ,  ,  
1.142732279348076e-07,1.1,1.142732279348076e-07,0.6395514828323394,1.142732279348076e-07,1.099963348220627,1.142732279348076e-07,1.208434258002563,1.142732279348076e-07,0.03430071811539066,  ,  ,  ,  
1.142741433828308e-07,1.1,1.142741433828308e-07,0.5887026287855541,1.142741433828308e-07,1.09995991370973,1.142741433828308e-07,1.208434092017335,1.142741433828308e-07,0.03296164052950825,  ,  ,  ,  
1.142751016412765e-07,1.1,1.142751016412765e-07,0.5353419666235808,1.142751016412765e-07,1.099957233439999,1.142751016412765e-07,1.208433752143704,1.142751016412765e-07,0.03163136221034853,  ,  ,  ,  
1.142758741223037e-07,1.1,1.142758741223037e-07,0.4925032569430463,1.142758741223037e-07,1.099955891626281,1.142758741223037e-07,1.208433592874889,1.142758741223037e-07,0.03061033632083314,  ,  ,  ,  
1.142764805160621e-07,1.1,1.142764805160621e-07,0.4589044558544317,1.142764805160621e-07,1.09995455343931,1.142764805160621e-07,1.208432815541775,1.142764805160621e-07,0.02983782870979873,  ,  ,  ,  
1.14276973094499e-07,1.1,1.14276973094499e-07,0.4316133232592387,1.14276973094499e-07,1.099953401211437,1.14276973094499e-07,1.208431875224882,1.14276973094499e-07,0.02922835543887899,  ,  ,  ,  
1.142775090686969e-07,1.1,1.142775090686969e-07,0.402210797371628,1.142775090686969e-07,1.09995328202554,1.142775090686969e-07,1.208431561887702,1.142775090686969e-07,0.02858555583557689,  ,  ,  ,  
1.142781357590143e-07,1.1,1.142781357590143e-07,0.3684159181632064,1.142781357590143e-07,1.099953766378776,1.142781357590143e-07,1.208431362367597,1.142781357590143e-07,0.02785963107512182,  ,  ,  ,  
1.142788227074484e-07,1.1,1.142788227074484e-07,0.3322279919471494,1.142788227074484e-07,1.099954705264236,1.142788227074484e-07,1.208431019289208,1.142788227074484e-07,0.02709362667248726,  ,  ,  ,  
1.142795930490759e-07,1.1,1.142795930490759e-07,0.2928608653834208,1.142795930490759e-07,1.099956026930304,1.142795930490759e-07,1.208430187892847,1.142795930490759e-07,0.02626942786726081,  ,  ,  ,  
1.142803451733302e-07,1.1,1.142803451733302e-07,0.2558268700392982,1.142803451733302e-07,1.099957276532928,1.142803451733302e-07,1.208428454606157,1.142803451733302e-07,0.0254974830773394,  ,  ,  ,  
1.14281040960542e-07,1.1,1.14281040960542e-07,0.2230564499599905,1.14281040960542e-07,1.09995842599974,1.14281040960542e-07,1.208425834454589,1.14281040960542e-07,0.02481036460020133,  ,  ,  ,  
1.142816358195648e-07,1.1,1.142816358195648e-07,0.1965919788486683,1.142816358195648e-07,1.099960259510615,1.142816358195648e-07,1.208423438572661,1.142816358195648e-07,0.02424469399032432,  ,  ,  ,  
1.142821034233146e-07,1.1,1.142821034233146e-07,0.1770770813773402,1.142821034233146e-07,1.099962634455173,1.142821034233146e-07,1.208421731563049,1.142821034233146e-07,0.02381530897418262,  ,  ,  ,  
1.142825096516317e-07,1.1,1.142825096516317e-07,0.1609382699709824,1.142825096516317e-07,1.099963935655594,1.142825096516317e-07,1.208418998775747,1.142825096516317e-07,0.02345042917926531,  ,  ,  ,  
1.142829973357585e-07,1.1,1.142829973357585e-07,0.1422776893410376,1.142829973357585e-07,1.099963862215261,1.142829973357585e-07,1.208413224190999,1.142829973357585e-07,0.02301951061348027,  ,  ,  ,  
1.142836161510978e-07,1.1,1.142836161510978e-07,0.1195518955424613,1.142836161510978e-07,1.099962029657402,1.142836161510978e-07,1.208402140455145,1.142836161510978e-07,0.02248415147953394,  ,  ,  ,  
1.142843366557586e-07,1.1,1.142843366557586e-07,0.09486076338666626,1.142843366557586e-07,1.099959543790791,1.142843366557586e-07,1.208385266568726,1.142843366557586e-07,0.0218814272968802,  ,  ,  ,  
1.142849294616296e-07,1.1,1.142849294616296e-07,0.07655617476939883,1.142849294616296e-07,1.099958802872489,1.142849294616296e-07,1.208369819918575,1.142849294616296e-07,0.02140697919300897,  ,  ,  ,  
1.142855622947242e-07,1.1,1.142855622947242e-07,0.05965246447298203,1.142855622947242e-07,1.099960358757404,1.142855622947242e-07,1.208353591308041,1.142855622947242e-07,0.02092597613641939,  ,  ,  ,  
1.142861473224917e-07,1.1,1.142861473224917e-07,0.04673229587986874,1.142861473224917e-07,1.09996401698933,1.142861473224917e-07,1.208340006817817,1.142861473224917e-07,0.02050612932249984,  ,  ,  ,  
1.142867193123074e-07,1.1,1.142867193123074e-07,0.03661624978885177,1.142867193123074e-07,1.09996944000149,1.142867193123074e-07,1.208328795142317,1.142867193123074e-07,0.02011791817580548,  ,  ,  ,  
1.142873291389286e-07,1.1,1.142873291389286e-07,0.028323441628334,1.142873291389286e-07,1.09997660439008,1.142873291389286e-07,1.208319365661694,1.142873291389286e-07,0.01972593638825988,  ,  ,  ,  
1.142880098361227e-07,1.1,1.142880098361227e-07,0.02159189536530216,1.142880098361227e-07,1.099985449974857,1.142880098361227e-07,1.208311757171845,1.142880098361227e-07,0.0193112137352274,  ,  ,  ,  
1.142888052000774e-07,1.1,1.142888052000774e-07,0.01627168542311114,1.142888052000774e-07,1.099995895490647,1.142888052000774e-07,1.208306061807302,1.142888052000774e-07,0.01885087419106205,  ,  ,  ,  
1.142897656470245e-07,1.1,1.142897656470245e-07,0.01230671878650502,1.142897656470245e-07,1.100007507546206,1.142897656470245e-07,1.208302359744069,1.142897656470245e-07,0.01832108305435309,  ,  ,  ,  
1.142907869088348e-07,1.1,1.142907869088348e-07,0.009892219028262665,1.142907869088348e-07,1.100017868856325,1.142907869088348e-07,1.208300655540909,1.142907869088348e-07,0.01778062898053541,  ,  ,  ,  
1.142918137101962e-07,1.1,1.142918137101962e-07,0.008495060722517897,1.142918137101962e-07,1.100025922054998,1.142918137101962e-07,1.208299984220081,1.142918137101962e-07,0.01725457181256242,  ,  ,  ,  
1.14292917141179e-07,1.1,1.14292917141179e-07,0.00755158194596239,1.14292917141179e-07,1.1000320281368,1.14292917141179e-07,1.208299486378098,1.14292917141179e-07,0.01670375562397552,  ,  ,  ,  
1.142941766320494e-07,1.1,1.142941766320494e-07,0.00677879919802615,1.142941766320494e-07,1.100036235352124,1.142941766320494e-07,1.208298616987131,1.142941766320494e-07,0.01608965781788275,  ,  ,  ,  
1.142957344659468e-07,1.1,1.142957344659468e-07,0.006000530523639191,1.142957344659468e-07,1.100038287880465,1.142957344659468e-07,1.208296871709709,1.142957344659468e-07,0.0153484397617437,  ,  ,  ,  
1.14297869030341e-07,1.1,1.14297869030341e-07,0.005074394307743585,1.14297869030341e-07,1.10003722647914,1.14297869030341e-07,1.208293521914794,1.14297869030341e-07,0.01436260879948281,  ,  ,  ,  
1.143013373350499e-07,1.1,1.143013373350499e-07,0.00379669245740187,1.143013373350499e-07,1.100030313782116,1.143013373350499e-07,1.20828697822139,1.143013373350499e-07,0.01283252527820411,  ,  ,  ,  
1.143067912595276e-07,1.1,1.143067912595276e-07,0.002278594233974265,1.143067912595276e-07,1.100015452826359,1.143067912595276e-07,1.208276849998632,1.143067912595276e-07,0.01062286732517927,  ,  ,  ,  
1.143116253560935e-07,1.1,1.143116253560935e-07,0.001373716755413699,1.143116253560935e-07,1.100003244810157,1.143116253560935e-07,1.208269602811551,1.143116253560935e-07,0.008890155652963491,  ,  ,  ,  
1.143158136473945e-07,1.1,1.143158136473945e-07,0.0008610441055596008,1.143158136473945e-07,1.099995221567589,1.143158136473945e-07,1.208264960730249,1.143158136473945e-07,0.00757584454934314,  ,  ,  ,  
1.143199660693532e-07,1.1,1.143199660693532e-07,0.000534189408031776,1.143199660693532e-07,1.099989850823075,1.143199660693532e-07,1.208261627665343,1.143199660693532e-07,0.0064469848007795,  ,  ,  ,  
1.143242590503715e-07,1.1,1.143242590503715e-07,0.0003242558254644919,1.143242590503715e-07,1.099986470240443,1.143242590503715e-07,1.208259143586696,1.143242590503715e-07,0.00545179027349146,  ,  ,  ,  
1.143289726631936e-07,1.1,1.143289726631936e-07,0.0001879424270741929,1.143289726631936e-07,1.099984512480925,1.143289726631936e-07,1.208257193809838,1.143289726631936e-07,0.004539431640482042,  ,  ,  ,  
1.143343848250511e-07,1.1,1.143343848250511e-07,0.0001021251141143681,1.143343848250511e-07,1.099983541063239,1.143343848250511e-07,1.208255609640486,1.143343848250511e-07,0.00368836509475905,  ,  ,  ,  
1.143408038724485e-07,1.1,1.143408038724485e-07,5.214844702544608e-05,1.143408038724485e-07,1.099983138000905,1.143408038724485e-07,1.20825432827285,1.143408038724485e-07,0.002896481328699167,  ,  ,  ,  
1.143486643849868e-07,1.1,1.143486643849868e-07,2.654442263514859e-05,1.143486643849868e-07,1.099982827566795,1.143486643849868e-07,1.208253333498724,1.143486643849868e-07,0.002168558454845087,  ,  ,  ,  
1.143586566947867e-07,1.1,1.143586566947867e-07,1.58581055811153e-05,1.143586566947867e-07,1.099982140173945,1.143586566947867e-07,1.208252671495959,1.143586566947867e-07,0.00151293844689087,  ,  ,  ,  
1.143720009698685e-07,1.1,1.143720009698685e-07,1.304458934317226e-05,1.143720009698685e-07,1.099980460959606,1.143720009698685e-07,1.208252549046548,1.143720009698685e-07,0.000941136757063395,  ,  ,  ,  
1.143897204528798e-07,1.1,1.143897204528798e-07,1.368426947522689e-05,1.143897204528798e-07,1.099976242954578,1.143897204528798e-07,1.208253459929177,1.143897204528798e-07,0.000498565914085442,  ,  ,  ,  
1.144031381271005e-07,1.1,1.144031381271005e-07,1.540106300155505e-05,1.144031381271005e-07,1.099971047292748,1.144031381271005e-07,1.208254757655253,1.144031381271005e-07,0.0003144910703852067,  ,  ,  ,  
1.144145678267197e-07,1.1,1.144145678267197e-07,1.713782825225394e-05,1.144145678267197e-07,1.099965347702539,1.144145678267197e-07,1.208256034725559,1.144145678267197e-07,0.000219172688780452,  ,  ,  ,  
1.144256160816672e-07,1.1,1.144256160816672e-07,1.885963918023352e-05,1.144256160816672e-07,1.099959455031934,1.144256160816672e-07,1.208257230513434,1.144256160816672e-07,0.0001591240873730691,  ,  ,  ,  
1.144358652418881e-07,1.1,1.144358652418881e-07,2.044921215066193e-05,1.144358652418881e-07,1.099954862864249,1.144358652418881e-07,1.20825828244695,1.144358652418881e-07,0.0001218279772375846,  ,  ,  ,  
1.1444074758497e-07,1.1,1.1444074758497e-07,2.136819544082003e-05,1.1444074758497e-07,1.099953878581653,1.1444074758497e-07,1.208258898371963,1.1444074758497e-07,0.0001094120767495577,  ,  ,  ,  
1.144439220758308e-07,1.1,1.144439220758308e-07,2.132255194725588e-05,1.144439220758308e-07,1.099952866842916,1.144439220758308e-07,1.20825883733006,1.144439220758308e-07,0.0001017978561476895,  ,  ,  ,  
1.144470902072389e-07,1.1,1.144470902072389e-07,2.095861892019195e-05,1.144470902072389e-07,1.099952118486808,1.144470902072389e-07,1.208258593672245,1.144470902072389e-07,9.458192001581163e-05,  ,  ,  ,  
1.144498948104489e-07,1.1,1.144498948104489e-07,2.077633430612288e-05,1.144498948104489e-07,1.099951857453545,1.144498948104489e-07,1.208258515112738,1.144498948104489e-07,8.885200829082448e-05,  ,  ,  ,  
1.144535815073504e-07,1.1,1.144535815073504e-07,2.079883300082898e-05,1.144535815073504e-07,1.099951629306442,1.144535815073504e-07,1.20825858326202,1.144535815073504e-07,8.218687501023371e-05,  ,  ,  ,  
1.144565260726925e-07,1.1,1.144565260726925e-07,2.087210421408157e-05,1.144565260726925e-07,1.099951272493441,1.144565260726925e-07,1.208258646725393,1.144565260726925e-07,7.737842508906646e-05,  ,  ,  ,  
1.144599436202252e-07,1.1,1.144599436202252e-07,2.092386069774835e-05,1.144599436202252e-07,1.099950670190692,1.144599436202252e-07,1.208258677727481,1.144599436202252e-07,7.228621150966032e-05,  ,  ,  ,  
1.144646325352247e-07,1.1,1.144646325352247e-07,2.093735421888891e-05,1.144646325352247e-07,1.099949734497812,1.144646325352247e-07,1.20825867547538,1.144646325352247e-07,6.612871418016355e-05,  ,  ,  ,  
1.144702598424229e-07,1.1,1.144702598424229e-07,2.085775387926857e-05,1.144702598424229e-07,1.099948680500484,1.144702598424229e-07,1.208258614740623,1.144702598424229e-07,5.986220186396674e-05,  ,  ,  ,  
1.144760852076216e-07,1.1,1.144760852076216e-07,2.057486620323801e-05,1.144760852076216e-07,1.099947957142946,1.144760852076216e-07,1.208258441148394,1.144760852076216e-07,5.446002517483699e-05,  ,  ,  ,  
1.144790980807279e-07,1.1,1.144790980807279e-07,2.016673288086905e-05,1.144790980807279e-07,1.099947732073147,1.144790980807279e-07,1.208258188480483,1.144790980807279e-07,5.182346265184248e-05,  ,  ,  ,  
1.144823020985361e-07,1.1,1.144823020985361e-07,1.963566308613666e-05,1.144823020985361e-07,1.099946724506447,1.144823020985361e-07,1.208257876606167,1.144823020985361e-07,4.847940833490969e-05,  ,  ,  ,  
1.144847225306703e-07,1.1,1.144847225306703e-07,1.93549377450063e-05,1.144847225306703e-07,1.099945451401171,1.144847225306703e-07,1.208257712762368,1.144847225306703e-07,4.589036535989884e-05,  ,  ,  ,  
1.144883442732075e-07,1.1,1.144883442732075e-07,1.906441496007175e-05,1.144883442732075e-07,1.099943387891231,1.144883442732075e-07,1.208257509557173,1.144883442732075e-07,4.280460548567027e-05,  ,  ,  ,  
1.144915018444114e-07,1.1,1.144915018444114e-07,1.889391342387557e-05,1.144915018444114e-07,1.099941390743257,1.144915018444114e-07,1.208257382501307,1.144915018444114e-07,4.096683402054684e-05,  ,  ,  ,  
1.144948682374319e-07,1.1,1.144948682374319e-07,1.874986951507834e-05,1.144948682374319e-07,1.099938806748284,1.144948682374319e-07,1.20825727555113,1.144948682374319e-07,3.959473050961011e-05,  ,  ,  ,  
1.144995445374648e-07,1.1,1.144995445374648e-07,1.859610705883983e-05,1.144995445374648e-07,1.099934476332274,1.144995445374648e-07,1.208257145585741,1.144995445374648e-07,3.814867155128779e-05,  ,  ,  ,  
1.145061550862158e-07,1.1,1.145061550862158e-07,1.847894961676338e-05,1.145061550862158e-07,1.09992838060451,1.145061550862158e-07,1.208256987682055,1.145061550862158e-07,3.635119708477764e-05,  ,  ,  ,  
1.145122477594498e-07,1.1,1.145122477594498e-07,1.847187907311838e-05,1.145122477594498e-07,1.09992411799795,1.145122477594498e-07,1.208256866427772,1.145122477594498e-07,3.465766879230762e-05,  ,  ,  ,  
1.145176892319836e-07,1.1,1.145176892319836e-07,1.852617233083567e-05,1.145176892319836e-07,1.099921605406423,1.145176892319836e-07,1.208256758391785,1.145176892319836e-07,3.302767268348999e-05,  ,  ,  ,  
1.145232768729562e-07,1.1,1.145232768729562e-07,1.862253685167376e-05,1.145232768729562e-07,1.099919722423248,1.145232768729562e-07,1.208256624956937,1.145232768729562e-07,3.127182328686157e-05,  ,  ,  ,  
1.145292245288927e-07,1.1,1.145292245288927e-07,1.875523638386674e-05,1.145292245288927e-07,1.099917484533728,1.145292245288927e-07,1.208256435331658,1.145292245288927e-07,2.939350631325482e-05,  ,  ,  ,  
1.145358393966373e-07,1.1,1.145358393966373e-07,1.889508647521706e-05,1.145358393966373e-07,1.099914113092702,1.145358393966373e-07,1.208256131280349,1.145358393966373e-07,2.722051256764681e-05,  ,  ,  ,  
1.145433238086453e-07,1.1,1.145433238086453e-07,1.896088790052509e-05,1.145433238086453e-07,1.099911608222599,1.145433238086453e-07,1.208255646939057,1.145433238086453e-07,2.437804149717292e-05,  ,  ,  ,  
1.145514938982055e-07,1.1,1.145514938982055e-07,1.900410711751812e-05,1.145514938982055e-07,1.099910301054897,1.145514938982055e-07,1.208255037908852,1.145514938982055e-07,2.140584508114674e-05,  ,  ,  ,  
1.14560525874852e-07,1.1,1.14560525874852e-07,1.90742056598666e-05,1.14560525874852e-07,1.099907932697912,1.14560525874852e-07,1.208254304383254,1.14560525874852e-07,1.88679719345018e-05,  ,  ,  ,  
1.145725871833512e-07,1.1,1.145725871833512e-07,1.922512966092032e-05,1.145725871833512e-07,1.099900437495619,1.145725871833512e-07,1.208253222057545,1.145725871833512e-07,1.641245735598105e-05,  ,  ,  ,  
1.145867298608113e-07,1.1,1.145867298608113e-07,2.055834468867514e-05,1.145867298608113e-07,1.099904155619549,1.145867298608113e-07,1.208252687513876,1.145867298608113e-07,1.665137111120848e-05,  ,  ,  ,  
1.145999888525017e-07,1.1,1.145999888525017e-07,2.810918129910412e-05,1.145999888525017e-07,1.100103773942856,1.145999888525017e-07,1.208258198275497,1.145999888525017e-07,3.582239134331238e-05,  ,  ,  ,  
1.146108712361893e-07,1.1,1.146108712361893e-07,4.229737403696404e-05,1.146108712361893e-07,1.100715999727699,1.146108712361893e-07,1.20827264971312,1.146108712361893e-07,8.479402352602346e-05,  ,  ,  ,  
1.14618859439641e-07,1.1,1.14618859439641e-07,5.579723960510062e-05,1.14618859439641e-07,1.101527088561728,1.14618859439641e-07,1.208289338321497,1.14618859439641e-07,0.0001424168818484842,  ,  ,  ,  
1.146262858818585e-07,1.1,1.146262858818585e-07,6.832895250155179e-05,1.146262858818585e-07,1.102517032145121,1.146262858818585e-07,1.208307872105036,1.146262858818585e-07,0.0002064534232885202,  ,  ,  ,  
1.146345745905624e-07,1.1,1.146345745905624e-07,8.043250789709522e-05,1.146345745905624e-07,1.103791121189694,1.146345745905624e-07,1.208329949826354,1.146345745905624e-07,0.0002795056016278071,  ,  ,  ,  
1.146428387223232e-07,1.1,1.146428387223232e-07,8.988239627670515e-05,1.146428387223232e-07,1.105196403340809,1.146428387223232e-07,1.208352368899604,1.146428387223232e-07,0.0003460798550479379,  ,  ,  ,  
1.146534829665046e-07,1.1,1.146534829665046e-07,9.870637620325414e-05,1.146534829665046e-07,1.107240113765135,1.146534829665046e-07,1.208381368119071,1.146534829665046e-07,0.0004157956925440081,  ,  ,  ,  
1.146629311760426e-07,1.1,1.146629311760426e-07,0.000105714285331675,1.146629311760426e-07,1.109136746555513,1.146629311760426e-07,1.208407302063925,1.146629311760426e-07,0.0004614643095307118,  ,  ,  ,  
1.146686619810645e-07,1.1,1.146686619810645e-07,0.0001120872245026438,1.146686619810645e-07,1.109881578240153,1.146686619810645e-07,1.208422692320759,1.146686619810645e-07,0.0004808266196072381,  ,  ,  ,  
1.146741265754827e-07,1.1,1.146741265754827e-07,0.0001220781535816036,1.146741265754827e-07,1.10947490222153,1.146741265754827e-07,1.208435626416338,1.146741265754827e-07,0.0004917342594496691,  ,  ,  ,  
1.146793124176028e-07,1.1,1.146793124176028e-07,0.0001370500965662397,1.146793124176028e-07,1.10670970523466,1.146793124176028e-07,1.208443453120933,1.146793124176028e-07,0.0004922025569082502,  ,  ,  ,  
1.146838128390923e-07,1.1,1.146838128390923e-07,0.0001554051075774954,1.146838128390923e-07,1.100707692236273,1.146838128390923e-07,1.208442652227179,1.146838128390923e-07,0.0004797519161020485,  ,  ,  ,  
1.146878470450628e-07,1.1,1.146878470450628e-07,0.0001756179391949724,1.146878470450628e-07,1.090577818874413,1.146878470450628e-07,1.208430864396587,1.146878470450628e-07,0.0004515237987214546,  ,  ,  ,  
1.146922997297294e-07,1.1,1.146922997297294e-07,0.0002008102321417523,1.146922997297294e-07,1.071621298974235,1.146922997297294e-07,1.208400344107452,1.146922997297294e-07,0.0003942513718891046,  ,  ,  ,  
1.146965461343028e-07,1.1,1.146965461343028e-07,0.0002250931701194531,1.146965461343028e-07,1.043550619890325,1.146965461343028e-07,1.20835011980876,1.146965461343028e-07,0.0003092254165886274,  ,  ,  ,  
1.147002641809528e-07,1.1,1.147002641809528e-07,0.0002465504938126131,1.147002641809528e-07,1.009972777497233,1.147002641809528e-07,1.20829184371043,1.147002641809528e-07,0.0002138571382950815,  ,  ,  ,  
1.147035654234877e-07,1.1,1.147035654234877e-07,0.0002662056516258905,1.147035654234877e-07,0.9731087521691147,1.147035654234877e-07,1.208233469423486,1.147035654234877e-07,0.0001189975940127516,  ,  ,  ,  
1.147067864484135e-07,1.1,1.147067864484135e-07,0.0002854305503978423,1.147067864484135e-07,0.9310341845915497,1.147067864484135e-07,1.2081735017192,1.147067864484135e-07,2.251813567107221e-05,  ,  ,  ,  
1.147103729510823e-07,1.1,1.147103729510823e-07,0.0003061764751466436,1.147103729510823e-07,0.8776960198005932,1.147103729510823e-07,1.208106152126726,1.147103729510823e-07,-8.382133958229713e-05,  ,  ,  ,  
1.147145641613529e-07,1.1,1.147145641613529e-07,0.0003286087507460189,1.147145641613529e-07,0.8078170334368693,1.147145641613529e-07,1.208029541197454,1.147145641613529e-07,-0.0002009827596630478,  ,  ,  ,  
1.147185947462889e-07,1.1,1.147185947462889e-07,0.000348858718718096,1.147185947462889e-07,0.7341774427365845,1.147185947462889e-07,1.207960605336444,1.147185947462889e-07,-0.0003016982554413873,  ,  ,  ,  
1.147219713244841e-07,1.1,1.147219713244841e-07,0.0003677085360412517,1.147219713244841e-07,0.6686018650277744,1.147219713244841e-07,1.207909937788612,1.147219713244841e-07,-0.0003933997378179548,  ,  ,  ,  
1.147248584613611e-07,1.1,1.147248584613611e-07,0.0003925488266979921,1.147248584613611e-07,0.6104263995738767,1.147248584613611e-07,1.207876490508368,1.147248584613611e-07,-0.0004040944170457516,  ,  ,  ,  
1.147276036737359e-07,1.1,1.147276036737359e-07,0.0004239060182161636,1.147276036737359e-07,0.553811765493227,1.147276036737359e-07,1.20785407392399,1.147276036737359e-07,-0.000418654187867545,  ,  ,  ,  
1.147298548052102e-07,1.1,1.147298548052102e-07,0.000459401963386901,1.147298548052102e-07,0.5066711968091335,1.147298548052102e-07,1.207844719150947,1.147298548052102e-07,-0.000404089858504154,  ,  ,  ,  
1.14731807841276e-07,1.1,1.14731807841276e-07,0.0004968819999120087,1.14731807841276e-07,0.4653649295121267,1.14731807841276e-07,1.207842870185166,1.14731807841276e-07,-0.0003689061796555523,  ,  ,  ,  
1.147337046753037e-07,1.1,1.147337046753037e-07,0.0005381503370199971,1.147337046753037e-07,0.4249987235462908,1.147337046753037e-07,1.207846475509667,1.147337046753037e-07,-0.0003132625738775948,  ,  ,  ,  
1.147357138558795e-07,1.1,1.147357138558795e-07,0.0005856296017147829,1.147357138558795e-07,0.3822128379417079,1.147357138558795e-07,1.207856265733256,1.147357138558795e-07,-0.0002304569978512668,  ,  ,  ,  
1.147377708227803e-07,1.1,1.147377708227803e-07,0.0006364536948159417,1.147377708227803e-07,0.3388243888309327,1.147377708227803e-07,1.207873386875094,1.147377708227803e-07,-0.0001206876139389491,  ,  ,  ,  
1.14740169659716e-07,1.1,1.14740169659716e-07,0.0006957523196399777,1.14740169659716e-07,0.2894960124513267,1.14740169659716e-07,1.207903102552137,1.14740169659716e-07,3.426295226839194e-05,  ,  ,  ,  
1.147425283642366e-07,1.1,1.147425283642366e-07,0.0007519433846182268,1.147425283642366e-07,0.2430709037703507,1.147425283642366e-07,1.207942206752672,1.147425283642366e-07,0.0002020507451917993,  ,  ,  ,  
1.147450394974448e-07,1.1,1.147450394974448e-07,0.0008080144038006766,1.147450394974448e-07,0.1967964155780978,1.147450394974448e-07,1.207994163200981,1.147450394974448e-07,0.0003964552844769907,  ,  ,  ,  
1.147472466010128e-07,1.1,1.147472466010128e-07,0.0008523455188841096,1.147472466010128e-07,0.1596116227158875,1.147472466010128e-07,1.208048200165034,1.147472466010128e-07,0.0005937629617996661,  ,  ,  ,  
1.147489399615335e-07,1.1,1.147489399615335e-07,0.000880528441624429,1.147489399615335e-07,0.1337954792079745,1.147489399615335e-07,1.208094265185967,1.147489399615335e-07,0.0007439363622189569,  ,  ,  ,  
1.147502340170301e-07,1.1,1.147502340170301e-07,0.0008979475106438916,1.147502340170301e-07,0.1158951158322199,1.147502340170301e-07,1.208131749917536,1.147502340170301e-07,0.0008532166891658915,  ,  ,  ,  
1.147514780264495e-07,1.1,1.147514780264495e-07,0.0009110679586446128,1.147514780264495e-07,0.1003142165799892,1.147514780264495e-07,1.208169117759295,1.147514780264495e-07,0.000948957919889122,  ,  ,  ,  
1.147527289774208e-07,1.1,1.147527289774208e-07,0.0009211687853318371,1.147527289774208e-07,0.08628446056875752,1.147527289774208e-07,1.20820742929581,1.147527289774208e-07,0.001030685034690334,  ,  ,  ,  
1.14753913108477e-07,1.1,1.14753913108477e-07,0.0009287878544655522,1.14753913108477e-07,0.07447159270189178,1.14753913108477e-07,1.208243613102966,1.14753913108477e-07,0.0010897188991601,  ,  ,  ,  
1.147551004068416e-07,1.1,1.147551004068416e-07,0.0009347648049426984,1.147551004068416e-07,0.06396652767066711,1.147551004068416e-07,1.208277976721807,1.147551004068416e-07,0.001126311359061402,  ,  ,  ,  
1.147563316386158e-07,1.1,1.147563316386158e-07,0.0009400397981189073,1.147563316386158e-07,0.05436810947716163,1.147563316386158e-07,1.208310109764925,1.147563316386158e-07,0.001139046093345478,  ,  ,  ,  
1.147573841848773e-07,1.1,1.147573841848773e-07,0.0009443713493978617,1.147573841848773e-07,0.04711875358807229,1.147573841848773e-07,1.208334027955174,1.147573841848773e-07,0.001131301522862662,  ,  ,  ,  
1.147583148501163e-07,1.1,1.147583148501163e-07,0.0009479555195118613,1.147583148501163e-07,0.04137948140083142,1.147583148501163e-07,1.208351972790185,1.147583148501163e-07,0.00111192678141962,  ,  ,  ,  
1.147592914893505e-07,1.1,1.147592914893505e-07,0.0009511244087282586,1.147592914893505e-07,0.03597463545148664,1.147592914893505e-07,1.208367424712073,1.147592914893505e-07,0.001081200443222405,  ,  ,  ,  
1.147604062630817e-07,1.1,1.147604062630817e-07,0.0009536731567029562,1.147604062630817e-07,0.03051068507710486,1.147604062630817e-07,1.208381157067244,1.147604062630817e-07,0.001036531624888395,  ,  ,  ,  
1.147617497506635e-07,1.1,1.147617497506635e-07,0.0009564753382534077,1.147617497506635e-07,0.02484900015095442,1.147617497506635e-07,1.20839446200373,1.147617497506635e-07,0.0009766708708065809,  ,  ,  ,  
1.147630490807845e-07,1.1,1.147630490807845e-07,0.0009614896288332843,1.147630490807845e-07,0.02030887181473128,1.147630490807845e-07,1.208407644345841,1.147630490807845e-07,0.0009220847586789549,  ,  ,  ,  
1.147643836082292e-07,1.1,1.147643836082292e-07,0.0009706713926004761,1.147643836082292e-07,0.01659978591305786,1.147643836082292e-07,1.208424549073895,1.147643836082292e-07,0.0008784508347103274,  ,  ,  ,  
1.147657678656213e-07,1.1,1.147657678656213e-07,0.0009846926412904328,1.147657678656213e-07,0.0137355072455249,1.147657678656213e-07,1.208446968427401,1.147657678656213e-07,0.000853678125039111,  ,  ,  ,  
1.14766871762044e-07,1.1,1.14766871762044e-07,0.0009984697140266727,1.14766871762044e-07,0.01211288764221833,1.14766871762044e-07,1.20846794283782,1.14766871762044e-07,0.0008517604551966106,  ,  ,  ,  
1.147676966104783e-07,1.1,1.147676966104783e-07,0.001010078467099321,1.147676966104783e-07,0.01124271313072158,1.147676966104783e-07,1.208484907090165,1.147676966104783e-07,0.0008615700344641337,  ,  ,  ,  
1.147684257167857e-07,1.1,1.147684257167857e-07,0.00102117777020453,1.147684257167857e-07,0.01068819100703707,1.147684257167857e-07,1.208500545366451,1.147684257167857e-07,0.0008810284285525592,  ,  ,  ,  
1.147691406086088e-07,1.1,1.147691406086088e-07,0.001032703804518095,1.147691406086088e-07,0.01032614962150413,1.147691406086088e-07,1.208516441275547,1.147691406086088e-07,0.0009102500038677373,  ,  ,  ,  
1.147699057726707e-07,1.1,1.147699057726707e-07,0.001045282024969656,1.147699057726707e-07,0.01014145053611926,1.147699057726707e-07,1.208533841278672,1.147699057726707e-07,0.0009537194870098668,  ,  ,  ,  
1.147705530452704e-07,1.1,1.147705530452704e-07,0.00105521047604321,1.147705530452704e-07,0.01014948752692315,1.147705530452704e-07,1.208548607814832,1.147705530452704e-07,0.001000003128003565,  ,  ,  ,  
1.147712056572479e-07,1.1,1.147712056572479e-07,0.001063039096937646,1.147712056572479e-07,0.01029275638906119,1.147712056572479e-07,1.208563154147548,1.147712056572479e-07,0.001053234111710481,  ,  ,  ,  
1.147716976931572e-07,1.1,1.147716976931572e-07,0.001066865911660086,1.147716976931572e-07,0.01047205295141604,1.147716976931572e-07,1.208573789522314,1.147716976931572e-07,0.001096144798112151,  ,  ,  ,  
1.147721749939749e-07,1.1,1.147721749939749e-07,0.001068838344479706,1.147721749939749e-07,0.01068549622686321,1.147721749939749e-07,1.208583886963741,1.147721749939749e-07,0.001139103328991304,  ,  ,  ,  
1.147726769828105e-07,1.1,1.147726769828105e-07,0.001069383194066,1.147726769828105e-07,0.0109346188449324,1.147726769828105e-07,1.208594306473922,1.147726769828105e-07,0.001185129826321094,  ,  ,  ,  
1.147731931936719e-07,1.1,1.147731931936719e-07,0.001068757015694551,1.147731931936719e-07,0.01120375883762624,1.147731931936719e-07,1.208604806404858,1.147731931936719e-07,0.001232979999853132,  ,  ,  ,  
1.147737628285895e-07,1.1,1.147737628285895e-07,0.001067292813496668,1.147737628285895e-07,0.01150495739528741,1.147737628285895e-07,1.208616226202864,1.147737628285895e-07,0.001286286466662155,  ,  ,  ,  
1.147743532951393e-07,1.1,1.147743532951393e-07,0.001065338062957954,1.147743532951393e-07,0.01181414646514269,1.147743532951393e-07,1.208627855909499,1.147743532951393e-07,0.001341996736884846,  ,  ,  ,  
1.147749821292029e-07,1.1,1.147749821292029e-07,0.001062778158030178,1.147749821292029e-07,0.01213499483299434,1.147749821292029e-07,1.208639745840395,1.147749821292029e-07,0.001401342039384202,  ,  ,  ,  
1.147758081617763e-07,1.1,1.147758081617763e-07,0.001058136929388088,1.147758081617763e-07,0.01253351331203537,1.147758081617763e-07,1.208653947165239,1.147758081617763e-07,0.001477790427893364,  ,  ,  ,  
1.147766615990057e-07,1.1,1.147766615990057e-07,0.001051251083696675,1.147766615990057e-07,0.0129047102915257,1.147766615990057e-07,1.20866655151523,1.147766615990057e-07,0.001553017211694049,  ,  ,  ,  
1.147774206773363e-07,1.1,1.147774206773363e-07,0.001043285778437629,1.147774206773363e-07,0.01319262010016107,1.147774206773363e-07,1.208675995030735,1.147774206773363e-07,0.001615525851321669,  ,  ,  ,  
1.147781946464868e-07,1.1,1.147781946464868e-07,0.001033567417963498,1.147781946464868e-07,0.01343975410908358,1.147781946464868e-07,1.208684029994489,1.147781946464868e-07,0.001674090722793861,  ,  ,  ,  
1.147790306757336e-07,1.1,1.147790306757336e-07,0.001021557340580528,1.147790306757336e-07,0.0136502770534711,1.147790306757336e-07,1.208691007023398,1.147790306757336e-07,0.001730642795539505,  ,  ,  ,  
1.147799496367399e-07,1.1,1.147799496367399e-07,0.001006880050067978,1.147799496367399e-07,0.01381217260849313,1.147799496367399e-07,1.208696681918974,1.147799496367399e-07,0.001783961066638017,  ,  ,  ,  
1.147809870576677e-07,1.1,1.147809870576677e-07,0.0009888751659099481,1.147809870576677e-07,0.01390898779830376,1.147809870576677e-07,1.208700691311128,1.147809870576677e-07,0.00183239824796355,  ,  ,  ,  
1.147821826269618e-07,1.1,1.147821826269618e-07,0.0009655583091174897,1.147821826269618e-07,0.01391369926942485,1.147821826269618e-07,1.208701441845402,1.147821826269618e-07,0.001871282101427288,  ,  ,  ,  
1.147833643046373e-07,1.1,1.147833643046373e-07,0.0009423676170890741,1.147833643046373e-07,0.01382303167358716,1.147833643046373e-07,1.208700150583041,1.147833643046373e-07,0.001895128472326835,  ,  ,  ,  
1.147850017605668e-07,1.1,1.147850017605668e-07,0.0009097784571473626,1.147850017605668e-07,0.01357463687195628,1.147850017605668e-07,1.208694948974601,1.147850017605668e-07,0.001906311987571714,  ,  ,  ,  
1.147865872167008e-07,1.1,1.147865872167008e-07,0.0008772317809111594,1.147865872167008e-07,0.01322993550798081,1.147865872167008e-07,1.208686087954431,1.147865872167008e-07,0.001895180080165565,  ,  ,  ,  
1.147883554599259e-07,1.1,1.147883554599259e-07,0.0008395037389803084,1.147883554599259e-07,0.01275959295000464,1.147883554599259e-07,1.208671698551674,1.147883554599259e-07,0.001860615713678689,  ,  ,  ,  
1.147903432951701e-07,1.1,1.147903432951701e-07,0.0007956160106798646,1.147903432951701e-07,0.0121598787139672,1.147903432951701e-07,1.20864938547249,1.147903432951701e-07,0.001798320019136904,  ,  ,  ,  
1.147923067315657e-07,1.1,1.147923067315657e-07,0.0007552329401647272,1.147923067315657e-07,0.01153968387475861,1.147923067315657e-07,1.208622088495543,1.147923067315657e-07,0.001721689086921592,  ,  ,  ,  
1.147941362207866e-07,1.1,1.147941362207866e-07,0.0007314075243019187,1.147941362207866e-07,0.01102703801352574,1.147941362207866e-07,1.208596391966917,1.147941362207866e-07,0.001657348234768896,  ,  ,  ,  
1.147954596108759e-07,1.1,1.147954596108759e-07,0.0007268061126263123,1.147954596108759e-07,0.01077207126224767,1.147954596108759e-07,1.208578145147543,1.147954596108759e-07,0.001613809140479329,  ,  ,  ,  
1.147964206813219e-07,1.1,1.147964206813219e-07,0.0007327282645212163,1.147964206813219e-07,0.01069094981354333,1.147964206813219e-07,1.208565317092905,1.147964206813219e-07,0.001610215347144109,  ,  ,  ,  
1.147972661536773e-07,1.1,1.147972661536773e-07,0.0007433084721667866,1.147972661536773e-07,0.01071396340296193,1.147972661536773e-07,1.208552357998825,1.147972661536773e-07,0.001620358529897182,  ,  ,  ,  
1.147980904360622e-07,1.1,1.147980904360622e-07,0.0007571015142557897,1.147980904360622e-07,0.01082864338185097,1.147980904360622e-07,1.208536881959833,1.147980904360622e-07,0.00164204711657059,  ,  ,  ,  
1.147989927709942e-07,1.1,1.147989927709942e-07,0.0007735792610850139,1.147989927709942e-07,0.01104842205003394,1.147989927709942e-07,1.208514203172294,1.147989927709942e-07,0.001677303921524708,  ,  ,  ,  
1.14800225425563e-07,1.1,1.14800225425563e-07,0.0007934648798555956,1.14800225425563e-07,0.01145669956841917,1.14800225425563e-07,1.208467966759018,1.14800225425563e-07,0.001736826966032543,  ,  ,  ,  
1.14800883257747e-07,1.1,1.14800883257747e-07,0.0008015569147242159,1.14800883257747e-07,0.01170570390731894,1.14800883257747e-07,1.208434351031431,1.14800883257747e-07,0.001770872384378816,  ,  ,  ,  
1.148015466366546e-07,1.1,1.148015466366546e-07,0.0008073846878412217,1.148015466366546e-07,0.01196531534502092,1.148015466366546e-07,1.20839289608281,1.148015466366546e-07,0.001804871832071858,  ,  ,  ,  
1.148021283591939e-07,1.1,1.148021283591939e-07,0.0008100477404337572,1.148021283591939e-07,0.0121925811001616,1.148021283591939e-07,1.208349254294359,1.148021283591939e-07,0.001832920533270104,  ,  ,  ,  
1.148026803347148e-07,1.1,1.148026803347148e-07,0.0008099155407939089,1.148026803347148e-07,0.01240229025877924,1.148026803347148e-07,1.208300612637885,1.148026803347148e-07,0.001856660340206417,  ,  ,  ,  
1.148033329677793e-07,1.1,1.148033329677793e-07,0.0008060864531852403,1.148033329677793e-07,0.01263719775105318,1.148033329677793e-07,1.208233165550062,1.148033329677793e-07,0.001879814298374855,  ,  ,  ,  
1.148040544298318e-07,1.1,1.148040544298318e-07,0.0007976045622777089,1.148040544298318e-07,0.0128745652103429,1.148040544298318e-07,1.208145834620296,1.148040544298318e-07,0.001898639840692317,  ,  ,  ,  
1.148048979642222e-07,1.1,1.148048979642222e-07,0.0007835085386226848,1.148048979642222e-07,0.01311579882667826,1.148048979642222e-07,1.208027700772388,1.148048979642222e-07,0.001912142058314973,  ,  ,  ,  
1.148058865911952e-07,1.1,1.148058865911952e-07,0.000763263843485444,1.148058865911952e-07,0.01334005596915163,1.148058865911952e-07,1.207869474863445,1.148058865911952e-07,0.001917141179163242,  ,  ,  ,  
1.148067306052575e-07,1.1,1.148067306052575e-07,0.000743977120488048,1.148067306052575e-07,0.01347621696131114,1.148067306052575e-07,1.207719239670563,1.148067306052575e-07,0.001912510461276165,  ,  ,  ,  
1.14807511201033e-07,1.1,1.14807511201033e-07,0.000725096530943798,1.14807511201033e-07,0.01355405013059698,1.14807511201033e-07,1.20756891120916,1.14807511201033e-07,0.001900832349176393,  ,  ,  ,  
1.148083134722044e-07,1.1,1.148083134722044e-07,0.0007049355949404606,1.148083134722044e-07,0.0135846220935418,1.148083134722044e-07,1.207403820159326,1.148083134722044e-07,0.001881166122976005,  ,  ,  ,  
1.148091883151594e-07,1.1,1.148091883151594e-07,0.0006825352227363739,1.148091883151594e-07,0.01356085723300677,1.148091883151594e-07,1.207212503184331,1.148091883151594e-07,0.001850672516528848,  ,  ,  ,  
1.148102120416161e-07,1.1,1.148102120416161e-07,0.0006562929568803039,1.148102120416161e-07,0.01346080793264294,1.148102120416161e-07,1.206974904862139,1.148102120416161e-07,0.001803146683069713,  ,  ,  ,  
1.148114738098096e-07,1.1,1.148114738098096e-07,0.0006244838398138819,1.148114738098096e-07,0.01324422342820178,1.148114738098096e-07,1.20666334310752,1.148114738098096e-07,0.001728202580250456,  ,  ,  ,  
1.148130887780119e-07,1.1,1.148130887780119e-07,0.0005847163607032222,1.148130887780119e-07,0.01284817399769357,1.148130887780119e-07,1.206231794975585,1.148130887780119e-07,0.001609524120585412,  ,  ,  ,  
1.148146172805601e-07,1.1,1.148146172805601e-07,0.0005459993521012106,1.148146172805601e-07,0.01238389954234088,1.148146172805601e-07,1.205749333175183,1.148146172805601e-07,0.001478238657932898,  ,  ,  ,  
1.148159154897181e-07,1.1,1.148159154897181e-07,0.0005090398672325341,1.148159154897181e-07,0.01194272029463468,1.148159154897181e-07,1.205222189492738,1.148159154897181e-07,0.001354543724465325,  ,  ,  ,  
1.148171789729237e-07,1.1,1.148171789729237e-07,0.0004676341657595145,1.148171789729237e-07,0.01148114519531585,1.148171789729237e-07,1.204564434324926,1.148171789729237e-07,0.001224239097974903,  ,  ,  ,  
1.148184831594377e-07,1.1,1.148184831594377e-07,0.0004191257404862674,1.148184831594377e-07,0.01096906195194316,1.148184831594377e-07,1.203704225403229,1.148184831594377e-07,0.001080776361005378,  ,  ,  ,  
1.148198991418112e-07,1.1,1.148198991418112e-07,0.0003611273315566006,1.148198991418112e-07,0.01036399611929533,1.148198991418112e-07,1.20254374600432,1.148198991418112e-07,0.0009164123205834476,  ,  ,  ,  
1.148215085783157e-07,1.1,1.148215085783157e-07,0.0002955901172354991,1.148215085783157e-07,0.00961213926617591,1.148215085783157e-07,1.200979758884793,1.148215085783157e-07,0.0007280036743921383,  ,  ,  ,  
1.148230535620488e-07,1.1,1.148230535620488e-07,0.0002416827556086074,1.148230535620488e-07,0.008855862195157436,1.148230535620488e-07,1.199314245645377,1.148230535620488e-07,0.0005589290923974412,  ,  ,  ,  
1.148243612039634e-07,1.1,1.148243612039634e-07,0.0002081384174666252,1.148243612039634e-07,0.008233150283213779,1.148243612039634e-07,1.197846388807591,1.148243612039634e-07,0.0004365832494704669,  ,  ,  ,  
1.148255013400416e-07,1.1,1.148255013400416e-07,0.0001890400676992262,1.148255013400416e-07,0.007732896909901304,1.148255013400416e-07,1.196567004648009,1.148255013400416e-07,0.0003496140317729947,  ,  ,  ,  
1.148268019001963e-07,1.1,1.148268019001963e-07,0.0001768324510769232,1.148268019001963e-07,0.007226909745519139,1.148268019001963e-07,1.19514527465008,1.148268019001963e-07,0.0002774908818786289,  ,  ,  ,  
1.148277128009253e-07,1.1,1.148277128009253e-07,0.0001722916962351962,1.148277128009253e-07,0.00691187658524435,1.148277128009253e-07,1.19418152120632,1.148277128009253e-07,0.0002421645547653434,  ,  ,  ,  
1.148285334793012e-07,1.1,1.148285334793012e-07,0.0001695346999834924,1.148285334793012e-07,0.006651559685335389,1.148285334793012e-07,1.193337825452267,1.148285334793012e-07,0.0002200509522445002,  ,  ,  ,  
1.148294965027797e-07,1.1,1.148294965027797e-07,0.0001669094002775942,1.148294965027797e-07,0.006367446194822633,1.148294965027797e-07,1.1923761720001,1.148294965027797e-07,0.0002028310705444205,  ,  ,  ,  
1.148308632279557e-07,1.1,1.148308632279557e-07,0.0001631435692852667,1.148308632279557e-07,0.005991349777354466,1.148308632279557e-07,1.191056585148782,1.148308632279557e-07,0.0001907611945446418,  ,  ,  ,  
1.148322888093435e-07,1.1,1.148322888093435e-07,0.0001586320109759437,1.148322888093435e-07,0.005622462837609328,1.148322888093435e-07,1.189726265196147,1.148322888093435e-07,0.000190068189952706,  ,  ,  ,  
1.148337607579478e-07,1.1,1.148337607579478e-07,0.000153228500803,1.148337607579478e-07,0.005260045911641045,1.148337607579478e-07,1.188391624333673,1.148337607579478e-07,0.0001994096541943719,  ,  ,  ,  
1.148352112462699e-07,1.1,1.148352112462699e-07,0.0001472418761206751,1.148352112462699e-07,0.004918868217286971,1.148352112462699e-07,1.187107443833003,1.148352112462699e-07,0.0002171291031744352,  ,  ,  ,  
1.148366779146849e-07,1.1,1.148366779146849e-07,0.00014053737529641,1.148366779146849e-07,0.004589888535162128,1.148366779146849e-07,1.185835124824544,1.148366779146849e-07,0.0002423964105681284,  ,  ,  ,  
1.148382881739997e-07,1.1,1.148382881739997e-07,0.0001324138296825556,1.148382881739997e-07,0.004247656094812834,1.148382881739997e-07,1.184465252449421,1.148382881739997e-07,0.0002764697170087477,  ,  ,  ,  
1.148398857968743e-07,1.1,1.148398857968743e-07,0.0001234662871514775,1.148398857968743e-07,0.003926633715173697,1.148398857968743e-07,1.1831333315636,1.148398857968743e-07,0.0003127055226360447,  ,  ,  ,  
1.148414755446839e-07,1.1,1.148414755446839e-07,0.0001136660407262727,1.148414755446839e-07,0.003622083280383181,1.148414755446839e-07,1.181835293915234,1.148414755446839e-07,0.0003449552488605986,  ,  ,  ,  
1.148430378836607e-07,1.1,1.148430378836607e-07,0.0001026999819622079,1.148430378836607e-07,0.003331107313677845,1.148430378836607e-07,1.180586103474772,1.148430378836607e-07,0.0003639654006982017,  ,  ,  ,  
1.148442515336348e-07,1.1,1.148442515336348e-07,9.23134028031836e-05,1.148442515336348e-07,0.003104377015514934,1.148442515336348e-07,1.179632091431124,1.148442515336348e-07,0.0003625940117273958,  ,  ,  ,  
1.148452613135698e-07,1.1,1.148452613135698e-07,8.172115254246205e-05,1.148452613135698e-07,0.00291063739234054,1.148452613135698e-07,1.178846599367099,1.148452613135698e-07,0.0003457428814010952,  ,  ,  ,  
1.148462138978771e-07,1.1,1.148462138978771e-07,6.991605679427684e-05,1.148462138978771e-07,0.002721110474018366,1.148462138978771e-07,1.178109913636841,1.148462138978771e-07,0.0003141961224172396,  ,  ,  ,  
1.148472245022108e-07,1.1,1.148472245022108e-07,5.612589139447997e-05,1.148472245022108e-07,0.002513881625317371,1.148472245022108e-07,1.177331043673596,1.148472245022108e-07,0.0002646018685051641,  ,  ,  ,  
1.148482421476498e-07,1.1,1.148482421476498e-07,4.223014531753244e-05,1.148482421476498e-07,0.002303133994341826,1.148482421476498e-07,1.176549710147383,1.148482421476498e-07,0.0002011585391827673,  ,  ,  ,  
1.148492755864922e-07,1.1,1.148492755864922e-07,2.87612777462227e-05,1.148492755864922e-07,0.0020913014681871,1.148492755864922e-07,1.175759340264749,1.148492755864922e-07,0.0001261870482492435,  ,  ,  ,  
1.148503812787304e-07,1.1,1.148503812787304e-07,1.591901327403057e-05,1.148503812787304e-07,0.001872918353662912,1.148503812787304e-07,1.174918794349324,1.148503812787304e-07,3.914084158495306e-05,  ,  ,  ,  
1.148516376796102e-07,1.1,1.148516376796102e-07,3.206384347922556e-06,1.148516376796102e-07,0.00163894642607834,1.148516376796102e-07,1.173968950019148,1.148516376796102e-07,-6.390805713094746e-05,  ,  ,  ,  
1.14852870483048e-07,1.1,1.14852870483048e-07,-6.637825525284105e-06,1.14852870483048e-07,0.001428659548201942,1.14852870483048e-07,1.173043023101284,1.14852870483048e-07,-0.0001639928281667694,  ,  ,  ,  
1.148539860352143e-07,1.1,1.148539860352143e-07,-1.179967008907331e-05,1.148539860352143e-07,0.001258803068996317,1.148539860352143e-07,1.172214388942465,1.148539860352143e-07,-0.000248750510074897,  ,  ,  ,  
1.148550815924076e-07,1.1,1.148550815924076e-07,-1.107431384123959e-05,1.148550815924076e-07,0.00111551466644808,1.148550815924076e-07,1.171417956697522,1.148550815924076e-07,-0.0003210491811140326,  ,  ,  ,  
1.148561167836573e-07,1.1,1.148561167836573e-07,-2.263720393387647e-06,1.148561167836573e-07,0.001008197938498735,1.148561167836573e-07,1.170694196840454,1.148561167836573e-07,-0.0003723660388096866,  ,  ,  ,  
1.148569861045002e-07,1.1,1.148569861045002e-07,1.213455880554252e-05,1.148569861045002e-07,0.0009429604675203968,1.148569861045002e-07,1.17011776298513,1.148569861045002e-07,-0.0003987671224292394,  ,  ,  ,  
1.148578631101183e-07,1.1,1.148578631101183e-07,3.260517791414113e-05,1.148578631101183e-07,0.0009025587612988795,1.148578631101183e-07,1.169575165309584,1.148578631101183e-07,-0.0004077566095324111,  ,  ,  ,  
1.148587955421912e-07,1.1,1.148587955421912e-07,5.983005771057704e-05,1.148587955421912e-07,0.0008890754255034169,1.148587955421912e-07,1.16904904736983,1.148587955421912e-07,-0.0003958850074961437,  ,  ,  ,  
1.148596994011953e-07,1.1,1.148596994011953e-07,8.968808931649966e-05,1.148596994011953e-07,0.0009039234445576744,1.148596994011953e-07,1.168590885418628,1.148596994011953e-07,-0.0003626604650997633,  ,  ,  ,  
1.148606893858425e-07,1.1,1.148606893858425e-07,0.0001219884800383447,1.148606893858425e-07,0.0009448722394164132,1.148606893858425e-07,1.168139900894173,1.148606893858425e-07,-0.0003049069749316992,  ,  ,  ,  
1.148615230370225e-07,1.1,1.148615230370225e-07,0.0001458792006679369,1.148615230370225e-07,0.0009917345987827742,1.148615230370225e-07,1.167790033936443,1.148615230370225e-07,-0.000242901295143131,  ,  ,  ,  
1.148622844734588e-07,1.1,1.148622844734588e-07,0.0001634943393017339,1.148622844734588e-07,0.001038459805385074,1.148622844734588e-07,1.167486250451688,1.148622844734588e-07,-0.0001790574248262767,  ,  ,  ,  
1.148631982325363e-07,1.1,1.148631982325363e-07,0.0001784800587953167,1.148631982325363e-07,0.001092423884584231,1.148631982325363e-07,1.167132179566815,1.148631982325363e-07,-9.790954788225709e-05,  ,  ,  ,  
1.148641601703878e-07,1.1,1.148641601703878e-07,0.0001869332706942052,1.148641601703878e-07,0.001140589137928487,1.148641601703878e-07,1.16676415236685,1.148641601703878e-07,-1.205224221348452e-05,  ,  ,  ,  
1.148649945632783e-07,1.1,1.148649945632783e-07,0.0001886980078935362,1.148649945632783e-07,0.001171806630974134,1.148649945632783e-07,1.166445328381809,1.148649945632783e-07,5.943770695696182e-05,  ,  ,  ,  
1.148658737650398e-07,1.1,1.148658737650398e-07,0.0001859587750108448,1.148658737650398e-07,0.001191793475763763,1.148658737650398e-07,1.166106400305686,1.148658737650398e-07,0.0001289054329728045,  ,  ,  ,  
1.148669541404661e-07,1.1,1.148669541404661e-07,0.0001779965430263,1.148669541404661e-07,0.001197559803965035,1.148669541404661e-07,1.165680838998694,1.148669541404661e-07,0.0002033141437844046,  ,  ,  ,  
1.14868018989494e-07,1.1,1.14868018989494e-07,0.0001668173041017352,1.14868018989494e-07,0.001184015316116271,1.14868018989494e-07,1.165242983198251,1.14868018989494e-07,0.0002633390337512268,  ,  ,  ,  
1.148691216637434e-07,1.1,1.148691216637434e-07,0.0001523026584552936,1.148691216637434e-07,0.001150283151587038,1.148691216637434e-07,1.164747934574784,1.148691216637434e-07,0.0003098452040074312,  ,  ,  ,  
1.148703211736936e-07,1.1,1.148703211736936e-07,0.0001319698534881253,1.148703211736936e-07,0.001087612187887451,1.148703211736936e-07,1.164108294731649,1.148703211736936e-07,0.0003389469889400009,  ,  ,  ,  
1.148714477118035e-07,1.1,1.148714477118035e-07,0.0001073252082763193,1.148714477118035e-07,0.0009991311173780089,1.148714477118035e-07,1.16334639056943,1.148714477118035e-07,0.0003429592338374646,  ,  ,  ,  
1.148726728711838e-07,1.1,1.148726728711838e-07,7.393122401719677e-05,1.148726728711838e-07,0.0008648824937605271,1.148726728711838e-07,1.162257881938993,1.148726728711838e-07,0.0003203248860602562,  ,  ,  ,  
1.148737990054991e-07,1.1,1.148737990054991e-07,3.770594274730152e-05,1.148737990054991e-07,0.0007028516764793662,1.148737990054991e-07,1.16095164963462,1.148737990054991e-07,0.0002758586171824873,  ,  ,  ,  
1.148748326253483e-07,1.1,1.148748326253483e-07,8.912382603962913e-08,1.148748326253483e-07,0.0005176249445879192,1.148748326253483e-07,1.15943479073169,1.148748326253483e-07,0.0002165812890486035,  ,  ,  ,  
1.148760946328844e-07,1.1,1.148760946328844e-07,-5.141127566619569e-05,1.148760946328844e-07,0.0002386529739833577,1.148760946328844e-07,1.15707779742242,1.148760946328844e-07,0.0001225415619934058,  ,  ,  ,  
1.148776256388341e-07,1.1,1.148776256388341e-07,-0.0001210493656054672,1.148776256388341e-07,-0.0001771781272872466,1.148776256388341e-07,1.153360564051834,1.148776256388341e-07,-1.88326556256612e-05,  ,  ,  ,  
1.148788121911888e-07,1.1,1.148788121911888e-07,-0.0001779163006206566,1.148788121911888e-07,-0.0005480138069271892,1.148788121911888e-07,1.149810660404194,1.148788121911888e-07,-0.0001441346872142438,  ,  ,  ,  
1.148797725662299e-07,1.1,1.148797725662299e-07,-0.0002220350341343902,1.148797725662299e-07,-0.0008636945165540888,1.148797725662299e-07,1.146540887376322,1.148797725662299e-07,-0.0002501508160379255,  ,  ,  ,  
1.148808512220072e-07,1.1,1.148808512220072e-07,-0.0002662523418366712,1.148808512220072e-07,-0.001219343722717307,1.148808512220072e-07,1.142497825300864,1.148808512220072e-07,-0.0003695947309542811,  ,  ,  ,  
1.148820503211166e-07,1.1,1.148820503211166e-07,-0.000307559410717024,1.148820503211166e-07,-0.001601722670998606,1.148820503211166e-07,1.137611866229404,1.148820503211166e-07,-0.0004991069768924891,  ,  ,  ,  
1.148837038626743e-07,1.1,1.148837038626743e-07,-0.0003514382298493899,1.148837038626743e-07,-0.002085806747817442,1.148837038626743e-07,1.130349967072795,1.148837038626743e-07,-0.0006663889217355777,  ,  ,  ,  
1.148854386097363e-07,1.1,1.148854386097363e-07,-0.0003825186869641449,1.148854386097363e-07,-0.002523843719466145,1.148854386097363e-07,1.122267963959836,1.148854386097363e-07,-0.0008225920234292535,  ,  ,  ,  
1.148872046271654e-07,1.1,1.148872046271654e-07,-0.0003999163760691734,1.148872046271654e-07,-0.002887249420971813,1.148872046271654e-07,1.113757102229746,1.148872046271654e-07,-0.0009570381861789115,  ,  ,  ,  
1.148889882747312e-07,1.1,1.148889882747312e-07,-0.0004041308491223729,1.148889882747312e-07,-0.003166261265058942,1.148889882747312e-07,1.105074208820076,1.148889882747312e-07,-0.001064187710541326,  ,  ,  ,  
1.148907257395493e-07,1.1,1.148907257395493e-07,-0.0003963585198223723,1.148907257395493e-07,-0.003353249781930052,1.148907257395493e-07,1.096710637436652,1.148907257395493e-07,-0.001138234233460232,  ,  ,  ,  
1.148924315615636e-07,1.1,1.148924315615636e-07,-0.0003779533393864724,1.148924315615636e-07,-0.003456748365531202,1.148924315615636e-07,1.088750849833089,1.148924315615636e-07,-0.001179147808940583,  ,  ,  ,  
1.148940732359779e-07,1.1,1.148940732359779e-07,-0.0003505728614726596,1.148940732359779e-07,-0.003483293441046527,1.148940732359779e-07,1.081469330475515,1.148940732359779e-07,-0.001186814893289022,  ,  ,  ,  
1.14895682055444e-07,1.1,1.14895682055444e-07,-0.0003166636746416334,1.14895682055444e-07,-0.003444552478348815,1.14895682055444e-07,1.07480194416022,1.14895682055444e-07,-0.001165576858599396,  ,  ,  ,  
1.148971390575569e-07,1.1,1.148971390575569e-07,-0.0002822976818255798,1.148971390575569e-07,-0.003360241663846393,1.148971390575569e-07,1.069226476337401,1.148971390575569e-07,-0.001125393892783698,  ,  ,  ,  
1.148984166723687e-07,1.1,1.148984166723687e-07,-0.0002508083563572533,1.148984166723687e-07,-0.003252807979339297,1.148984166723687e-07,1.06473082056219,1.148984166723687e-07,-0.001077130709907568,  ,  ,  ,  
1.148997808085978e-07,1.1,1.148997808085978e-07,-0.0002166860752465445,1.148997808085978e-07,-0.003108120573547069,1.148997808085978e-07,1.060360323646431,1.148997808085978e-07,-0.001015450022757904,  ,  ,  ,  
1.149015462453262e-07,1.1,1.149015462453262e-07,-0.0001711650914277313,1.149015462453262e-07,-0.002876177875463553,1.149015462453262e-07,1.055415270364264,1.149015462453262e-07,-0.0009231984005480784,  ,  ,  ,  
1.149033074121581e-07,1.1,1.149033074121581e-07,-0.0001226939685718204,1.149033074121581e-07,-0.002591004363456651,1.149033074121581e-07,1.051359848034583,1.149033074121581e-07,-0.0008185797151793648,  ,  ,  ,  
1.149050823831673e-07,1.1,1.149050823831673e-07,-7.176970204445665e-05,1.149050823831673e-07,-0.002253194761087857,1.149050823831673e-07,1.048213306193875,1.149050823831673e-07,-0.0007035011730987467,  ,  ,  ,  
1.14906738268702e-07,1.1,1.14906738268702e-07,-2.589071538987261e-05,1.14906738268702e-07,-0.001908359139173558,1.14906738268702e-07,1.046113492362849,1.14906738268702e-07,-0.0005925000089393468,  ,  ,  ,  
1.149080276839062e-07,1.1,1.149080276839062e-07,6.282667269199766e-06,1.149080276839062e-07,-0.001633960868908781,1.149080276839062e-07,1.044993859710892,1.149080276839062e-07,-0.0005071949143713471,  ,  ,  ,  
1.149092905409319e-07,1.1,1.149092905409319e-07,3.325776988328898e-05,1.149092905409319e-07,-0.001372685931185869,1.149092905409319e-07,1.044279246960251,1.149092905409319e-07,-0.0004273234776911049,  ,  ,  ,  
1.149107665228207e-07,1.1,1.149107665228207e-07,5.843847695309015e-05,1.149107665228207e-07,-0.001089837984959787,1.149107665228207e-07,1.043839611260256,1.149107665228207e-07,-0.0003409521707202762,  ,  ,  ,  
1.149127583972341e-07,1.1,1.149127583972341e-07,8.230412413710343e-05,1.149127583972341e-07,-0.0007612787957907295,1.149127583972341e-07,1.043758450243874,1.149127583972341e-07,-0.0002386477221635045,  ,  ,  ,  
1.149149297345158e-07,1.1,1.149149297345158e-07,9.738003238887621e-05,1.149149297345158e-07,-0.0004791553204429804,1.149149297345158e-07,1.044140719343245,1.149149297345158e-07,-0.0001465274430621524,  ,  ,  ,  
1.14917139635562e-07,1.1,1.14917139635562e-07,0.0001041560240373926,1.14917139635562e-07,-0.0002692691921720664,1.14917139635562e-07,1.044851663416875,1.14917139635562e-07,-7.237543440293632e-05,  ,  ,  ,  
1.149193463917007e-07,1.1,1.149193463917007e-07,0.0001054047147428965,1.149193463917007e-07,-0.000125453938672139,1.149193463917007e-07,1.045748624062084,1.149193463917007e-07,-1.552850231012523e-05,  ,  ,  ,  
1.149214991371547e-07,1.1,1.149214991371547e-07,0.0001037064265348712,1.149214991371547e-07,-3.399958487195735e-05,1.149214991371547e-07,1.046717347160487,1.149214991371547e-07,2.630631699627069e-05,  ,  ,  ,  
1.149237365167871e-07,1.1,1.149237365167871e-07,0.000100597093313373,1.149237365167871e-07,2.48447623984284e-05,1.149237365167871e-07,1.047766006049409,1.149237365167871e-07,5.856349361864227e-05,  ,  ,  ,  
1.149262266911081e-07,1.1,1.149262266911081e-07,9.672149991424097e-05,1.149262266911081e-07,6.183843852184317e-05,1.149262266911081e-07,1.048944932614335,1.149262266911081e-07,8.427700491890154e-05,  ,  ,  ,  
1.149290918448299e-07,1.1,1.149290918448299e-07,9.244241472242915e-05,1.149290918448299e-07,8.279716110354584e-05,1.149290918448299e-07,1.050290683823978,1.149290918448299e-07,0.0001041507838577766,  ,  ,  ,  
1.149325164840714e-07,1.1,1.149325164840714e-07,8.791262721666053e-05,1.149325164840714e-07,9.200529526591772e-05,1.149325164840714e-07,1.051867035564979,1.149325164840714e-07,0.0001183833679130424,  ,  ,  ,  
1.149367008873839e-07,1.1,1.149367008873839e-07,8.323076142124142e-05,1.149367008873839e-07,9.282118842363509e-05,1.149367008873839e-07,1.053735949201011,1.149367008873839e-07,0.000126557191645715,  ,  ,  ,  
1.149419116956024e-07,1.1,1.149419116956024e-07,7.836047328640183e-05,1.149419116956024e-07,8.822226461744717e-05,1.149419116956024e-07,1.055971769891652,1.149419116956024e-07,0.0001282446791340732,  ,  ,  ,  
1.149485999435018e-07,1.1,1.149485999435018e-07,7.309300540630262e-05,1.149485999435018e-07,8.033605940654324e-05,1.149485999435018e-07,1.058695750676194,1.149485999435018e-07,0.0001232771921125698,  ,  ,  ,  
1.149568919877831e-07,1.1,1.149568919877831e-07,6.744839704569993e-05,1.149568919877831e-07,7.145625386934533e-05,1.149568919877831e-07,1.061855717502943,1.149568919877831e-07,0.0001126046184127947,  ,  ,  ,  
1.149675323612062e-07,1.1,1.149675323612062e-07,6.103364153529448e-05,1.149675323612062e-07,6.226944084710533e-05,1.149675323612062e-07,1.065580221725407,1.149675323612062e-07,9.761135599748203e-05,  ,  ,  ,  
1.149821431051811e-07,1.1,1.149821431051811e-07,5.323343627633119e-05,1.149821431051811e-07,5.254323330854898e-05,1.149821431051811e-07,1.070141878368863,1.149821431051811e-07,7.937105302512701e-05,  ,  ,  ,  
1.15e-07,1.1,1.15e-07,4.496693227440685e-05,1.15e-07,4.358286816826677e-05,1.15e-07,1.074945018364888,1.15e-07,6.214264221017737e-05,  ,  ,  ,  
