delay (mcparamset=1) X,delay (mcparamset=1) Y,delay (mcparamset=2) X,delay (mcparamset=2) Y,delay (mcparamset=3) X,delay (mcparamset=3) Y,delay (mcparamset=4) X,delay (mcparamset=4) Y,delay (mcparamset=5) X,delay (mcparamset=5) Y,delay (mcparamset=6) X,delay (mcparamset=6) Y,delay (mcparamset=7) X,delay (mcparamset=7) Y,delay (mcparamset=8) X,delay (mcparamset=8) Y,delay (mcparamset=9) X,delay (mcparamset=9) Y,delay (mcparamset=10) X,delay (mcparamset=10) Y,delay (mcparamset=11) X,delay (mcparamset=11) Y,delay (mcparamset=12) X,delay (mcparamset=12) Y,delay (mcparamset=13) X,delay (mcparamset=13) Y,delay (mcparamset=14) X,delay (mcparamset=14) Y,delay (mcparamset=15) X,delay (mcparamset=15) Y,delay (mcparamset=16) X,delay (mcparamset=16) Y,delay (mcparamset=17) X,delay (mcparamset=17) Y,delay (mcparamset=18) X,delay (mcparamset=18) Y,delay (mcparamset=19) X,delay (mcparamset=19) Y,delay (mcparamset=20) X,delay (mcparamset=20) Y,delay (mcparamset=21) X,delay (mcparamset=21) Y,delay (mcparamset=22) X,delay (mcparamset=22) Y,delay (mcparamset=23) X,delay (mcparamset=23) Y,delay (mcparamset=24) X,delay (mcparamset=24) Y,delay (mcparamset=25) X,delay (mcparamset=25) Y,delay (mcparamset=26) X,delay (mcparamset=26) Y,delay (mcparamset=27) X,delay (mcparamset=27) Y,delay (mcparamset=28) X,delay (mcparamset=28) Y,delay (mcparamset=29) X,delay (mcparamset=29) Y,delay (mcparamset=30) X,delay (mcparamset=30) Y,delay (mcparamset=31) X,delay (mcparamset=31) Y,delay (mcparamset=32) X,delay (mcparamset=32) Y,delay (mcparamset=33) X,delay (mcparamset=33) Y,delay (mcparamset=34) X,delay (mcparamset=34) Y,delay (mcparamset=35) X,delay (mcparamset=35) Y,delay (mcparamset=36) X,delay (mcparamset=36) Y,delay (mcparamset=37) X,delay (mcparamset=37) Y,delay (mcparamset=38) X,delay (mcparamset=38) Y,delay (mcparamset=39) X,delay (mcparamset=39) Y,delay (mcparamset=40) X,delay (mcparamset=40) Y,delay (mcparamset=41) X,delay (mcparamset=41) Y,delay (mcparamset=42) X,delay (mcparamset=42) Y,delay (mcparamset=43) X,delay (mcparamset=43) Y,delay (mcparamset=44) X,delay (mcparamset=44) Y,delay (mcparamset=45) X,delay (mcparamset=45) Y,delay (mcparamset=46) X,delay (mcparamset=46) Y,delay (mcparamset=47) X,delay (mcparamset=47) Y,delay (mcparamset=48) X,delay (mcparamset=48) Y,delay (mcparamset=49) X,delay (mcparamset=49) Y,delay (mcparamset=50) X,delay (mcparamset=50) Y,delay (mcparamset=51) X,delay (mcparamset=51) Y,delay (mcparamset=52) X,delay (mcparamset=52) Y,delay (mcparamset=53) X,delay (mcparamset=53) Y,delay (mcparamset=54) X,delay (mcparamset=54) Y,delay (mcparamset=55) X,delay (mcparamset=55) Y,delay (mcparamset=56) X,delay (mcparamset=56) Y,delay (mcparamset=57) X,delay (mcparamset=57) Y,delay (mcparamset=58) X,delay (mcparamset=58) Y,delay (mcparamset=59) X,delay (mcparamset=59) Y,delay (mcparamset=60) X,delay (mcparamset=60) Y,delay (mcparamset=61) X,delay (mcparamset=61) Y,delay (mcparamset=62) X,delay (mcparamset=62) Y,delay (mcparamset=63) X,delay (mcparamset=63) Y,delay (mcparamset=64) X,delay (mcparamset=64) Y,delay (mcparamset=65) X,delay (mcparamset=65) Y,delay (mcparamset=66) X,delay (mcparamset=66) Y,delay (mcparamset=67) X,delay (mcparamset=67) Y,delay (mcparamset=68) X,delay (mcparamset=68) Y,delay (mcparamset=69) X,delay (mcparamset=69) Y,delay (mcparamset=70) X,delay (mcparamset=70) Y,delay (mcparamset=71) X,delay (mcparamset=71) Y,delay (mcparamset=72) X,delay (mcparamset=72) Y,delay (mcparamset=73) X,delay (mcparamset=73) Y,delay (mcparamset=74) X,delay (mcparamset=74) Y,delay (mcparamset=75) X,delay (mcparamset=75) Y,delay (mcparamset=76) X,delay (mcparamset=76) Y,delay (mcparamset=77) X,delay (mcparamset=77) Y,delay (mcparamset=78) X,delay (mcparamset=78) Y,delay (mcparamset=79) X,delay (mcparamset=79) Y,delay (mcparamset=80) X,delay (mcparamset=80) Y,delay (mcparamset=81) X,delay (mcparamset=81) Y,delay (mcparamset=82) X,delay (mcparamset=82) Y,delay (mcparamset=83) X,delay (mcparamset=83) Y,delay (mcparamset=84) X,delay (mcparamset=84) Y,delay (mcparamset=85) X,delay (mcparamset=85) Y,delay (mcparamset=86) X,delay (mcparamset=86) Y,delay (mcparamset=87) X,delay (mcparamset=87) Y,delay (mcparamset=88) X,delay (mcparamset=88) Y,delay (mcparamset=89) X,delay (mcparamset=89) Y,delay (mcparamset=90) X,delay (mcparamset=90) Y,delay (mcparamset=91) X,delay (mcparamset=91) Y,delay (mcparamset=92) X,delay (mcparamset=92) Y,delay (mcparamset=93) X,delay (mcparamset=93) Y,delay (mcparamset=94) X,delay (mcparamset=94) Y,delay (mcparamset=95) X,delay (mcparamset=95) Y,delay (mcparamset=96) X,delay (mcparamset=96) Y,delay (mcparamset=97) X,delay (mcparamset=97) Y,delay (mcparamset=98) X,delay (mcparamset=98) Y,delay (mcparamset=99) X,delay (mcparamset=99) Y,delay (mcparamset=100) X,delay (mcparamset=100) Y
4e-08,1.469720275185986e-09,4e-08,1.46195495911133e-09,4e-08,1.470462977979742e-09,4e-08,1.479494929477432e-09,4e-08,1.372160122879055e-09,4e-08,1.413852665637124e-09,4e-08,1.47849532935741e-09,4e-08,1.44622970897538e-09,4e-08,1.420244519631142e-09,4e-08,1.415125618077956e-09,4e-08,1.488737386872584e-09,4e-08,1.441282482566677e-09,4e-08,1.445084618921182e-09,4e-08,1.457659596004085e-09,4e-08,1.483235845780913e-09,4e-08,1.443334414522535e-09,4e-08,1.449574513013154e-09,4e-08,1.448975248611625e-09,4e-08,1.462099558072897e-09,4e-08,1.471248805842463e-09,4e-08,1.421497161245843e-09,4e-08,1.455499248080292e-09,4e-08,1.418903188210681e-09,4e-08,1.408264749429824e-09,4e-08,1.438052510564527e-09,4e-08,1.45344102151087e-09,4e-08,1.449842476024177e-09,4e-08,1.473076445538623e-09,4e-08,1.42840106594715e-09,4e-08,1.421670878095523e-09,4e-08,1.470177963234783e-09,4e-08,1.418604533216373e-09,4e-08,1.447117403537356e-09,4e-08,1.437771045765222e-09,4e-08,1.443704040163762e-09,4e-08,1.435876510430386e-09,4e-08,1.447760388148855e-09,4e-08,1.517571361927424e-09,4e-08,1.434179034372391e-09,4e-08,1.436208001617516e-09,4e-08,1.411529454700943e-09,4e-08,1.425167203456492e-09,4e-08,1.452993869794868e-09,4e-08,1.454854192633452e-09,4e-08,1.441206122127962e-09,4e-08,1.446123714962777e-09,4e-08,1.456532920327443e-09,4e-08,1.428585711122033e-09,4e-08,1.449130718642238e-09,4e-08,1.443589713356558e-09,4e-08,1.461831354373895e-09,4e-08,1.430561433064689e-09,4e-08,1.495051223522989e-09,4e-08,1.451427259642781e-09,4e-08,1.401331972240858e-09,4e-08,1.418316470283904e-09,4e-08,1.484096288517143e-09,4e-08,1.449909492399083e-09,4e-08,1.439398622622571e-09,4e-08,1.419111127182639e-09,4e-08,1.394548500744334e-09,4e-08,1.486960687568644e-09,4e-08,1.454932818781533e-09,4e-08,1.446475564504202e-09,4e-08,1.408130492242447e-09,4e-08,1.487590573394793e-09,4e-08,1.480463413942245e-09,4e-08,1.470672819218644e-09,4e-08,1.398077652583364e-09,4e-08,1.415492023372049e-09,4e-08,1.461921126276937e-09,4e-08,1.461249730083041e-09,4e-08,1.371713482142395e-09,4e-08,1.469737135727902e-09,4e-08,1.468019678541398e-09,4e-08,1.415129774836684e-09,4e-08,1.468195243870834e-09,4e-08,1.485389254316148e-09,4e-08,1.420440383236494e-09,4e-08,1.427255357824677e-09,4e-08,1.418848554471273e-09,4e-08,1.443667894237285e-09,4e-08,1.503523024207019e-09,4e-08,1.428994522864846e-09,4e-08,1.479524402913798e-09,4e-08,1.447117727568943e-09,4e-08,1.424996686338647e-09,4e-08,1.448741831710712e-09,4e-08,1.45086648123952e-09,4e-08,1.442033726009946e-09,4e-08,1.426419484807553e-09,4e-08,1.406695889740798e-09,4e-08,1.487784793901943e-09,4e-08,1.43946338257713e-09,4e-08,1.489792118136627e-09,4e-08,1.430236838620371e-09,4e-08,1.431266271852697e-09,4e-08,1.454859929642119e-09,4e-08,1.494456418080653e-09,4e-08,1.454193664053455e-09
6.000000000000001e-08,1.50999372095688e-09,6.000000000000001e-08,1.5032352343868e-09,6.000000000000001e-08,1.511166528295361e-09,6.000000000000001e-08,1.521317659185708e-09,6.000000000000001e-08,1.411330187856068e-09,6.000000000000001e-08,1.454029708346588e-09,6.000000000000001e-08,1.520124534152431e-09,6.000000000000001e-08,1.486590778133993e-09,6.000000000000001e-08,1.460617808126677e-09,6.000000000000001e-08,1.454896168033629e-09,6.000000000000001e-08,1.52986109142119e-09,6.000000000000001e-08,1.482231159312576e-09,6.000000000000001e-08,1.485628708655598e-09,6.000000000000001e-08,1.4996755669844e-09,6.000000000000001e-08,1.523360513332403e-09,6.000000000000001e-08,1.483631190548124e-09,6.000000000000001e-08,1.4909173077253e-09,6.000000000000001e-08,1.490334474906553e-09,6.000000000000001e-08,1.503105352758146e-09,6.000000000000001e-08,1.511973282492966e-09,6.000000000000001e-08,1.461595222789507e-09,6.000000000000001e-08,1.496778320233652e-09,6.000000000000001e-08,1.459264602077215e-09,6.000000000000001e-08,1.448454683004795e-09,6.000000000000001e-08,1.478191664273529e-09,6.000000000000001e-08,1.494510624198924e-09,6.000000000000001e-08,1.49076925427095e-09,6.000000000000001e-08,1.514032710554061e-09,6.000000000000001e-08,1.468804111186292e-09,6.000000000000001e-08,1.46258385234503e-09,6.000000000000001e-08,1.511006131410205e-09,6.000000000000001e-08,1.459437578975356e-09,6.000000000000001e-08,1.487948058882051e-09,6.000000000000001e-08,1.47780477535613e-09,6.000000000000001e-08,1.485124481782246e-09,6.000000000000001e-08,1.476972388317538e-09,6.000000000000001e-08,1.488476816587698e-09,6.000000000000001e-08,1.559387801037398e-09,6.000000000000001e-08,1.474974243526706e-09,6.000000000000001e-08,1.476111139450491e-09,6.000000000000001e-08,1.451911351500123e-09,6.000000000000001e-08,1.465975952957368e-09,6.000000000000001e-08,1.494246436248899e-09,6.000000000000001e-08,1.496279991886182e-09,6.000000000000001e-08,1.481705860008156e-09,6.000000000000001e-08,1.485851011432011e-09,6.000000000000001e-08,1.498412162316096e-09,6.000000000000001e-08,1.46920376117859e-09,6.000000000000001e-08,1.489695143295366e-09,6.000000000000001e-08,1.484281876935481e-09,6.000000000000001e-08,1.503501353674107e-09,6.000000000000001e-08,1.471107982754563e-09,6.000000000000001e-08,1.536059435952366e-09,6.000000000000001e-08,1.492374174149169e-09,6.000000000000001e-08,1.440953041837552e-09,6.000000000000001e-08,1.457932243443304e-09,6.000000000000001e-08,1.524788273246415e-09,6.000000000000001e-08,1.490666739173453e-09,6.000000000000001e-08,1.480493572523152e-09,6.000000000000001e-08,1.459000521637182e-09,6.000000000000001e-08,1.434186621565707e-09,6.000000000000001e-08,1.52830001299657e-09,6.000000000000001e-08,1.495280816702875e-09,6.000000000000001e-08,1.487773554968978e-09,6.000000000000001e-08,1.447717003407016e-09,6.000000000000001e-08,1.528440557377763e-09,6.000000000000001e-08,1.521991122769778e-09,6.000000000000001e-08,1.511469289959437e-09,6.000000000000001e-08,1.437504311035504e-09,6.000000000000001e-08,1.455765064692822e-09,6.000000000000001e-08,1.503416560130618e-09,6.000000000000001e-08,1.501424757145839e-09,6.000000000000001e-08,1.41145677120268e-09,6.000000000000001e-08,1.51059375081806e-09,6.000000000000001e-08,1.509341796362698e-09,6.000000000000001e-08,1.455964376734416e-09,6.000000000000001e-08,1.50930668167783e-09,6.000000000000001e-08,1.527518281508343e-09,6.000000000000001e-08,1.460632236094147e-09,6.000000000000001e-08,1.467087358788649e-09,6.000000000000001e-08,1.45999479120416e-09,6.000000000000001e-08,1.485047291152878e-09,6.000000000000001e-08,1.545310440627968e-09,6.000000000000001e-08,1.469031257483131e-09,6.000000000000001e-08,1.520399103777986e-09,6.000000000000001e-08,1.487263343498889e-09,6.000000000000001e-08,1.465448073041697e-09,6.000000000000001e-08,1.489085869872919e-09,6.000000000000001e-08,1.490667178928421e-09,6.000000000000001e-08,1.48346773108676e-09,6.000000000000001e-08,1.466803076850929e-09,6.000000000000001e-08,1.44639217947888e-09,6.000000000000001e-08,1.528810071476111e-09,6.000000000000001e-08,1.4795427204084e-09,6.000000000000001e-08,1.531684746017997e-09,6.000000000000001e-08,1.470654068750531e-09,6.000000000000001e-08,1.470795590618298e-09,6.000000000000001e-08,1.495620312235535e-09,6.000000000000001e-08,1.535112576955284e-09,6.000000000000001e-08,1.495223425400239e-09
8e-08,1.550938606729788e-09,8e-08,1.54540609987167e-09,8e-08,1.552492905905361e-09,8e-08,1.563098454336121e-09,8e-08,1.451363641492002e-09,8e-08,1.494048587281849e-09,8e-08,1.560458066504395e-09,8e-08,1.527878736051571e-09,8e-08,1.502065155919387e-09,8e-08,1.495378065245307e-09,8e-08,1.571670558556343e-09,8e-08,1.523589918816473e-09,8e-08,1.526955550519414e-09,8e-08,1.542208151614999e-09,8e-08,1.563428885149804e-09,8e-08,1.524226686279458e-09,8e-08,1.532467081282545e-09,8e-08,1.532105117901074e-09,8e-08,1.544605444254284e-09,8e-08,1.552719365632707e-09,8e-08,1.501769195502724e-09,8e-08,1.538947473880826e-09,8e-08,1.49996825259221e-09,8e-08,1.489251229534719e-09,8e-08,1.519551503511763e-09,8e-08,1.535775667450875e-09,8e-08,1.532702320261942e-09,8e-08,1.555639638678174e-09,8e-08,1.510179663927216e-09,8e-08,1.503779272635329e-09,8e-08,1.552478402181818e-09,8e-08,1.500239283151944e-09,8e-08,1.529201648667003e-09,8e-08,1.518480552491325e-09,8e-08,1.526692796565131e-09,8e-08,1.517745864119283e-09,8e-08,1.529516282846139e-09,8e-08,1.601970259465755e-09,8e-08,1.515806966819751e-09,8e-08,1.51687326132817e-09,8e-08,1.493168966107417e-09,8e-08,1.50816060486398e-09,8e-08,1.53548666593516e-09,8e-08,1.53852598311876e-09,8e-08,1.522228838025466e-09,8e-08,1.526249779219017e-09,8e-08,1.540506171873346e-09,8e-08,1.510446869010534e-09,8e-08,1.530371841027637e-09,8e-08,1.525818231251815e-09,8e-08,1.545024356777533e-09,8e-08,1.511787474275451e-09,8e-08,1.577355490921154e-09,8e-08,1.533286555627548e-09,8e-08,1.481947477765037e-09,8e-08,1.49869508766659e-09,8e-08,1.567976364478875e-09,8e-08,1.531992941651391e-09,8e-08,1.522087593824002e-09,8e-08,1.499720407979946e-09,8e-08,1.475514193054118e-09,8e-08,1.570288956845291e-09,8e-08,1.536045689760781e-09,8e-08,1.529208914199056e-09,8e-08,1.488273539966206e-09,8e-08,1.569988866952927e-09,8e-08,1.564533075868241e-09,8e-08,1.55344874438473e-09,8e-08,1.477598699008411e-09,8e-08,1.497080072426469e-09,8e-08,1.545197259854945e-09,8e-08,1.542984576214283e-09,8e-08,1.450885661808558e-09,8e-08,1.552149952437218e-09,8e-08,1.551008294519448e-09,8e-08,1.496753941434671e-09,8e-08,1.549986538923841e-09,8e-08,1.56964892744692e-09,8e-08,1.501490130926764e-09,8e-08,1.507693139144262e-09,8e-08,1.501692155753384e-09,8e-08,1.526805187131935e-09,8e-08,1.586884939103512e-09,8e-08,1.509894319445826e-09,8e-08,1.561289032284921e-09,8e-08,1.528701376241323e-09,8e-08,1.507295787961602e-09,8e-08,1.529029970111771e-09,8e-08,1.531918920763508e-09,8e-08,1.524116442751984e-09,8e-08,1.508212487679128e-09,8e-08,1.486742156628821e-09,8e-08,1.570255829922904e-09,8e-08,1.520119643477842e-09,8e-08,1.574103372450073e-09,8e-08,1.511983028304298e-09,8e-08,1.511136885505995e-09,8e-08,1.536930139646375e-09,8e-08,1.578054010654904e-09,8e-08,1.53679155224786e-09
1e-07,1.592623351922471e-09,1e-07,1.586149625225214e-09,1e-07,1.59436659114939e-09,1e-07,1.605305234934106e-09,1e-07,1.491672245518383e-09,1e-07,1.535756265018239e-09,1e-07,1.603445753162166e-09,1e-07,1.570099492158644e-09,1e-07,1.543213283668212e-09,1e-07,1.535048608357951e-09,1e-07,1.613708138992626e-09,1e-07,1.564040218439391e-09,1e-07,1.568299024517372e-09,1e-07,1.58471006506375e-09,1e-07,1.605569821097973e-09,1e-07,1.565636952292549e-09,1e-07,1.575000059309885e-09,1e-07,1.572427867129416e-09,1e-07,1.58609863039939e-09,1e-07,1.594160082563298e-09,1e-07,1.543077204329441e-09,1e-07,1.5809057734103e-09,1e-07,1.54125097237497e-09,1e-07,1.530952425946904e-09,1e-07,1.560120815857152e-09,1e-07,1.577513787458991e-09,1e-07,1.574086224385228e-09,1e-07,1.59681320507892e-09,1e-07,1.550882574864462e-09,1e-07,1.545090656308041e-09,1e-07,1.594368425795314e-09,1e-07,1.541927077585406e-09,1e-07,1.570313883522372e-09,1e-07,1.558965400271566e-09,1e-07,1.568517877386937e-09,1e-07,1.558633414556937e-09,1e-07,1.570619153167798e-09,1e-07,1.644243010663668e-09,1e-07,1.55751176739745e-09,1e-07,1.557743670072826e-09,1e-07,1.534982776188274e-09,1e-07,1.549690903481586e-09,1e-07,1.577201234022526e-09,1e-07,1.580514665325429e-09,1e-07,1.56292162380085e-09,1e-07,1.567235112904798e-09,1e-07,1.582336572937049e-09,1e-07,1.551722397071574e-09,1e-07,1.571748567985566e-09,1e-07,1.567231623796653e-09,1e-07,1.586175688998662e-09,1e-07,1.553674074768321e-09,1e-07,1.61855356026634e-09,1e-07,1.573854841373043e-09,1e-07,1.522820611347315e-09,1e-07,1.53824628701428e-09,1e-07,1.610264742063571e-09,1e-07,1.57376468399007e-09,1e-07,1.563815508643812e-09,1e-07,1.540781564314307e-09,1e-07,1.515493349067635e-09,1e-07,1.612427269033299e-09,1e-07,1.576768402900483e-09,1e-07,1.571149149171059e-09,1e-07,1.529010735239124e-09,1e-07,1.611302275824049e-09,1e-07,1.60697521544412e-09,1e-07,1.594715000444679e-09,1e-07,1.518089878519468e-09,1e-07,1.538486568981018e-09,1e-07,1.586898114995364e-09,1e-07,1.584776095612123e-09,1e-07,1.489104985758489e-09,1e-07,1.59295706407278e-09,1e-07,1.592569114220462e-09,1e-07,1.537107395606008e-09,1e-07,1.592710715698173e-09,1e-07,1.611811191475464e-09,1e-07,1.54235390154385e-09,1e-07,1.546958855367378e-09,1e-07,1.544077974274701e-09,1e-07,1.568534590447421e-09,1e-07,1.62904415442391e-09,1e-07,1.550515057939186e-09,1e-07,1.602743272470099e-09,1e-07,1.5693891395646e-09,1e-07,1.548684343523113e-09,1e-07,1.571790211757942e-09,1e-07,1.573356529697816e-09,1e-07,1.567007062032073e-09,1e-07,1.549674780537157e-09,1e-07,1.526606354881448e-09,1e-07,1.611148890298753e-09,1e-07,1.561597127301476e-09,1e-07,1.617464773661188e-09,1e-07,1.553959950640066e-09,1e-07,1.550705816058757e-09,1e-07,1.578918149685915e-09,1e-07,1.61822184493537e-09,1e-07,1.577812431410899e-09
1.2e-07,1.633569279089364e-09,1.2e-07,1.62812087647694e-09,1.2e-07,1.635371448006455e-09,1.2e-07,1.6471294888482e-09,1.2e-07,1.532117493512946e-09,1.2e-07,1.576057676128674e-09,1.2e-07,1.645384761876204e-09,1.2e-07,1.611264182281846e-09,1.2e-07,1.584298349034889e-09,1.2e-07,1.5754098350311e-09,1.2e-07,1.655487713527703e-09,1.2e-07,1.605221123692552e-09,1.2e-07,1.609428628214208e-09,1.2e-07,1.626964769640606e-09,1.2e-07,1.646647665340282e-09,1.2e-07,1.606758226137397e-09,1.2e-07,1.616566165021301e-09,1.2e-07,1.614943780031973e-09,1.2e-07,1.627186083610995e-09,1.2e-07,1.634422536574099e-09,1.2e-07,1.584243686875294e-09,1.2e-07,1.622694223982769e-09,1.2e-07,1.582749588151746e-09,1.2e-07,1.570855563633216e-09,1.2e-07,1.601392666275954e-09,1.2e-07,1.618919023633412e-09,1.2e-07,1.61624013902552e-09,1.2e-07,1.638162337826707e-09,1.2e-07,1.591971459749388e-09,1.2e-07,1.586486814315896e-09,1.2e-07,1.635500069540049e-09,1.2e-07,1.583691529093901e-09,1.2e-07,1.610723075966692e-09,1.2e-07,1.598975534248416e-09,1.2e-07,1.609726360112005e-09,1.2e-07,1.599866743464853e-09,1.2e-07,1.611778716081223e-09,1.2e-07,1.6868700868183e-09,1.2e-07,1.598710313795418e-09,1.2e-07,1.598335218488832e-09,1.2e-07,1.575842522754011e-09,1.2e-07,1.591715736759696e-09,1.2e-07,1.618828443080232e-09,1.2e-07,1.622036300363029e-09,1.2e-07,1.60329640383334e-09,1.2e-07,1.608001767367689e-09,1.2e-07,1.623946972212256e-09,1.2e-07,1.593116870791774e-09,1.2e-07,1.612512236248629e-09,1.2e-07,1.608733856932056e-09,1.2e-07,1.627777819932363e-09,1.2e-07,1.594376210224596e-09,1.2e-07,1.659466434000824e-09,1.2e-07,1.615014650024777e-09,1.2e-07,1.564074701502063e-09,1.2e-07,1.57867284657183e-09,1.2e-07,1.6523675616275e-09,1.2e-07,1.614970863501897e-09,1.2e-07,1.605340750865501e-09,1.2e-07,1.580822645272981e-09,1.2e-07,1.55592544501435e-09,1.2e-07,1.655194505815414e-09,1.2e-07,1.616961998865771e-09,1.2e-07,1.612883601841691e-09,1.2e-07,1.570014436422652e-09,1.2e-07,1.653053694557234e-09,1.2e-07,1.649347103813617e-09,1.2e-07,1.636504089318179e-09,1.2e-07,1.558151150372011e-09,1.2e-07,1.57979638800597e-09,1.2e-07,1.628703622093753e-09,1.2e-07,1.625731554929164e-09,1.2e-07,1.529961314263228e-09,1.2e-07,1.634269887258771e-09,1.2e-07,1.634127932356397e-09,1.2e-07,1.578192930140634e-09,1.2e-07,1.632354936525577e-09,1.2e-07,1.654141580489745e-09,1.2e-07,1.583544803796796e-09,1.2e-07,1.587762702583083e-09,1.2e-07,1.585979975891372e-09,1.2e-07,1.61022486056821e-09,1.2e-07,1.670663936506183e-09,1.2e-07,1.591269747650826e-09,1.2e-07,1.644258915211627e-09,1.2e-07,1.610989014670629e-09,1.2e-07,1.589785579445354e-09,1.2e-07,1.613176223025763e-09,1.2e-07,1.615187987196916e-09,1.2e-07,1.608261132600731e-09,1.2e-07,1.590294023500713e-09,1.2e-07,1.565730106781751e-09,1.2e-07,1.653115194322087e-09,1.2e-07,1.602667215167727e-09,1.2e-07,1.659679298011942e-09,1.2e-07,1.59505102565405e-09,1.2e-07,1.590339045727265e-09,1.2e-07,1.620310621248346e-09,1.2e-07,1.660826146096632e-09,1.2e-07,1.619385875050733e-09
1.4e-07,1.674338148300373e-09,1.4e-07,1.669752349433123e-09,1.4e-07,1.677208449046951e-09,1.4e-07,1.689313057229787e-09,1.4e-07,1.571769486700801e-09,1.4e-07,1.616831250431691e-09,1.4e-07,1.68733586370354e-09,1.4e-07,1.65214810017807e-09,1.4e-07,1.625012967663699e-09,1.4e-07,1.615826656279094e-09,1.4e-07,1.697537629363367e-09,1.4e-07,1.646783770863495e-09,1.4e-07,1.650125512564919e-09,1.4e-07,1.669168981479858e-09,1.4e-07,1.687327012011972e-09,1.4e-07,1.64760448278e-09,1.4e-07,1.658542375176445e-09,1.4e-07,1.656708096602688e-09,1.4e-07,1.668976859469878e-09,1.4e-07,1.676605952188511e-09,1.4e-07,1.624371450429048e-09,1.4e-07,1.663584609798259e-09,1.4e-07,1.623547291653057e-09,1.4e-07,1.611702706770003e-09,1.4e-07,1.641113686663979e-09,1.4e-07,1.66026997505749e-09,1.4e-07,1.657505910792324e-09,1.4e-07,1.6798535685608e-09,1.4e-07,1.633401846742001e-09,1.4e-07,1.627647548641582e-09,1.4e-07,1.676915344854967e-09,1.4e-07,1.624146755351669e-09,1.4e-07,1.65276293961011e-09,1.4e-07,1.640244618720007e-09,1.4e-07,1.651245092967813e-09,1.4e-07,1.64102477884162e-09,1.4e-07,1.65297432125118e-09,1.4e-07,1.729034997576294e-09,1.4e-07,1.639501963690949e-09,1.4e-07,1.639330983021445e-09,1.4e-07,1.617334815010314e-09,1.4e-07,1.632682823741058e-09,1.4e-07,1.660299356527534e-09,1.4e-07,1.664858007185031e-09,1.4e-07,1.644435739042764e-09,1.4e-07,1.647430121949131e-09,1.4e-07,1.66658702837761e-09,1.4e-07,1.633966974781643e-09,1.4e-07,1.653332657048631e-09,1.4e-07,1.649975416429324e-09,1.4e-07,1.669099696655276e-09,1.4e-07,1.635816456524075e-09,1.4e-07,1.701457043387389e-09,1.4e-07,1.656571230083738e-09,1.4e-07,1.604673005780018e-09,1.4e-07,1.618430203874222e-09,1.4e-07,1.693669296816384e-09,1.4e-07,1.656532284592162e-09,1.4e-07,1.647156379962218e-09,1.4e-07,1.622309427149529e-09,1.4e-07,1.59709821505181e-09,1.4e-07,1.697186966872769e-09,1.4e-07,1.658208012660873e-09,1.4e-07,1.654477189110426e-09,1.4e-07,1.610815153449446e-09,1.4e-07,1.694511845771658e-09,1.4e-07,1.69179803464455e-09,1.4e-07,1.677941225368265e-09,1.4e-07,1.598099308402114e-09,1.4e-07,1.620688936720491e-09,1.4e-07,1.670621918580889e-09,1.4e-07,1.667303558541839e-09,1.4e-07,1.569560948884848e-09,1.4e-07,1.676267345937889e-09,1.4e-07,1.675468771618234e-09,1.4e-07,1.61954444993525e-09,1.4e-07,1.674697587535814e-09,1.4e-07,1.696117842853705e-09,1.4e-07,1.624106712530214e-09,1.4e-07,1.628636703176535e-09,1.4e-07,1.627925554305253e-09,1.4e-07,1.652327822499991e-09,1.4e-07,1.713055484780254e-09,1.4e-07,1.632091731009873e-09,1.4e-07,1.685435016177399e-09,1.4e-07,1.651702171002467e-09,1.4e-07,1.631200058478161e-09,1.4e-07,1.65406856323096e-09,1.4e-07,1.656317170230486e-09,1.4e-07,1.650249081281337e-09,1.4e-07,1.631654717368719e-09,1.4e-07,1.607321449055613e-09,1.4e-07,1.694213735555442e-09,1.4e-07,1.644109142533411e-09,1.4e-07,1.702096169585558e-09,1.4e-07,1.636494165144572e-09,1.4e-07,1.630193633152094e-09,1.4e-07,1.661063054295683e-09,1.4e-07,1.703218338746091e-09,1.4e-07,1.660910096013972e-09
1.6e-07,1.715286637519411e-09,1.6e-07,1.711386804636789e-09,1.6e-07,1.719028444322154e-09,1.6e-07,1.731853465206567e-09,1.6e-07,1.611713828135233e-09,1.6e-07,1.657484561227478e-09,1.6e-07,1.728748988109444e-09,1.6e-07,1.692952596517949e-09,1.6e-07,1.66627751609792e-09,1.6e-07,1.656045236098951e-09,1.6e-07,1.738514179053808e-09,1.6e-07,1.688277749185457e-09,1.6e-07,1.69174933228681e-09,1.6e-07,1.712002100662232e-09,1.6e-07,1.728835916635184e-09,1.6e-07,1.688414651786699e-09,1.6e-07,1.699931062684624e-09,1.6e-07,1.69842471107458e-09,1.6e-07,1.710912798659188e-09,1.6e-07,1.717573566486636e-09,1.6e-07,1.665840636105398e-09,1.6e-07,1.706513261055253e-09,1.6e-07,1.663469790363199e-09,1.6e-07,1.653093211793032e-09,1.6e-07,1.683453703126107e-09,1.6e-07,1.701919246987451e-09,1.6e-07,1.699372341680245e-09,1.6e-07,1.721420135038811e-09,1.6e-07,1.674912913643676e-09,1.6e-07,1.668979453347177e-09,1.6e-07,1.71798654992951e-09,1.6e-07,1.66535241437841e-09,1.6e-07,1.693922758654991e-09,1.6e-07,1.680600786873315e-09,1.6e-07,1.693168196739156e-09,1.6e-07,1.682505365701475e-09,1.6e-07,1.694252296103941e-09,1.6e-07,1.7717946761433e-09,1.6e-07,1.681100696509922e-09,1.6e-07,1.679462284300623e-09,1.6e-07,1.658329705119581e-09,1.6e-07,1.674788418851755e-09,1.6e-07,1.701615666614388e-09,1.6e-07,1.707458360107439e-09,1.6e-07,1.684695430501545e-09,1.6e-07,1.688915720458736e-09,1.6e-07,1.70853311589771e-09,1.6e-07,1.675337109754765e-09,1.6e-07,1.693630126683373e-09,1.6e-07,1.691487467805512e-09,1.6e-07,1.711220031674699e-09,1.6e-07,1.676604408709737e-09,1.6e-07,1.742910451608514e-09,1.6e-07,1.697299514928676e-09,1.6e-07,1.644949151501136e-09,1.6e-07,1.659206245527172e-09,1.6e-07,1.735984301418772e-09,1.6e-07,1.69756082306836e-09,1.6e-07,1.688914096706859e-09,1.6e-07,1.662728380608545e-09,1.6e-07,1.637540270619381e-09,1.6e-07,1.739128404660272e-09,1.6e-07,1.699342749864491e-09,1.6e-07,1.69572940305855e-09,1.6e-07,1.650678028020874e-09,1.6e-07,1.73547698594075e-09,1.6e-07,1.733873336792021e-09,1.6e-07,1.719940891662316e-09,1.6e-07,1.637988186604427e-09,1.6e-07,1.66141974748375e-09,1.6e-07,1.712531972554533e-09,1.6e-07,1.708298281482856e-09,1.6e-07,1.609348424797527e-09,1.6e-07,1.71724978515256e-09,1.6e-07,1.717235367198796e-09,1.6e-07,1.660154636211855e-09,1.6e-07,1.716622195404013e-09,1.6e-07,1.738584397381308e-09,1.6e-07,1.664619064127494e-09,1.6e-07,1.669147742922627e-09,1.6e-07,1.669360745732877e-09,1.6e-07,1.693781033735548e-09,1.6e-07,1.75516594947689e-09,1.6e-07,1.672540808345513e-09,1.6e-07,1.727018224475329e-09,1.6e-07,1.692839548654428e-09,1.6e-07,1.672740274924662e-09,1.6e-07,1.695070710254938e-09,1.6e-07,1.697049520379282e-09,1.6e-07,1.691689321363827e-09,1.6e-07,1.673119761141233e-09,1.6e-07,1.647084506573193e-09,1.6e-07,1.735409741065851e-09,1.6e-07,1.684811081684096e-09,1.6e-07,1.743830142028483e-09,1.6e-07,1.677573404928606e-09,1.6e-07,1.671164409231893e-09,1.6e-07,1.702882104675877e-09,1.6e-07,1.744321329139502e-09,1.6e-07,1.70216304830054e-09
1.8e-07,1.756655735182481e-09,1.8e-07,1.753664786439034e-09,1.8e-07,1.760525700221167e-09,1.8e-07,1.774496856907353e-09,1.8e-07,1.651610788746827e-09,1.8e-07,1.698110001839249e-09,1.8e-07,1.771009454611599e-09,1.8e-07,1.734104245055675e-09,1.8e-07,1.707626404869567e-09,1.8e-07,1.696722470824478e-09,1.8e-07,1.780275327194657e-09,1.8e-07,1.729295199626254e-09,1.8e-07,1.733399113948749e-09,1.8e-07,1.754319717383994e-09,1.8e-07,1.768914912570745e-09,1.8e-07,1.728498937023971e-09,1.8e-07,1.741397926084523e-09,1.8e-07,1.738966157453419e-09,1.8e-07,1.752740829261659e-09,1.8e-07,1.758590056314219e-09,1.8e-07,1.706615861398992e-09,1.8e-07,1.748082623302527e-09,1.8e-07,1.705259569389453e-09,1.8e-07,1.694349871900468e-09,1.8e-07,1.724069270235806e-09,1.8e-07,1.743287651510176e-09,1.8e-07,1.740174535148941e-09,1.8e-07,1.761077049725187e-09,1.8e-07,1.716161263151184e-09,1.8e-07,1.711086044070167e-09,1.8e-07,1.759482891875034e-09,1.8e-07,1.707137476713007e-09,1.8e-07,1.735142490540998e-09,1.8e-07,1.721052055241891e-09,1.8e-07,1.734461409924402e-09,1.8e-07,1.724391735621749e-09,1.8e-07,1.734375284308058e-09,1.8e-07,1.813678237069795e-09,1.8e-07,1.722966800208111e-09,1.8e-07,1.719942531542288e-09,1.8e-07,1.699416971732059e-09,1.8e-07,1.717852401834922e-09,1.8e-07,1.742389804687111e-09,1.8e-07,1.749117674401834e-09,1.8e-07,1.725353101156253e-09,1.8e-07,1.729589078663187e-09,1.8e-07,1.750284852498723e-09,1.8e-07,1.716337783617237e-09,1.8e-07,1.734396277396748e-09,1.8e-07,1.731887350469477e-09,1.8e-07,1.753071202687124e-09,1.8e-07,1.7183188278613e-09,1.8e-07,1.784329303277888e-09,1.8e-07,1.738687366128011e-09,1.8e-07,1.686872047099415e-09,1.8e-07,1.701264772820534e-09,1.8e-07,1.777877114606322e-09,1.8e-07,1.739101591025928e-09,1.8e-07,1.730291985533631e-09,1.8e-07,1.703158183462329e-09,1.8e-07,1.678457437792663e-09,1.8e-07,1.782049164313779e-09,1.8e-07,1.739000700555819e-09,1.8e-07,1.737508216043855e-09,1.8e-07,1.691732134088196e-09,1.8e-07,1.777733795278045e-09,1.8e-07,1.77589847215112e-09,1.8e-07,1.760991239813074e-09,1.8e-07,1.677999542935027e-09,1.8e-07,1.703030022126056e-09,1.8e-07,1.75453406804261e-09,1.8e-07,1.750805752660597e-09,1.8e-07,1.648965451771113e-09,1.8e-07,1.758971287193389e-09,1.8e-07,1.758693824038723e-09,1.8e-07,1.701576522385942e-09,1.8e-07,1.757929663651958e-09,1.8e-07,1.779313495897004e-09,1.8e-07,1.706557937782119e-09,1.8e-07,1.709250037686266e-09,1.8e-07,1.712208966157717e-09,1.8e-07,1.735663768417908e-09,1.8e-07,1.797629143285019e-09,1.8e-07,1.712441965878967e-09,1.8e-07,1.768160821653562e-09,1.8e-07,1.734753447345488e-09,1.8e-07,1.713587842415442e-09,1.8e-07,1.737932325865144e-09,1.8e-07,1.738360529363802e-09,1.8e-07,1.73325441468543e-09,1.8e-07,1.713865762565663e-09,1.8e-07,1.68673223992576e-09,1.8e-07,1.776769625109251e-09,1.8e-07,1.72577875281841e-09,1.8e-07,1.787654018887629e-09,1.8e-07,1.718954885424146e-09,1.8e-07,1.71134084130533e-09,1.8e-07,1.74290837144993e-09,1.8e-07,1.78571267668723e-09,1.8e-07,1.744667035217201e-09
2e-07,1.796962557639629e-09,2e-07,1.795472303002622e-09,2e-07,1.802262024374129e-09,2e-07,1.816763024752211e-09,2e-07,1.691498040925233e-09,2e-07,1.738872295651174e-09,2e-07,1.813365357211401e-09,2e-07,1.775576987285349e-09,2e-07,1.748972747527924e-09,2e-07,1.7369112122682e-09,2e-07,1.822263307051573e-09,2e-07,1.769927364898913e-09,2e-07,1.77416654001063e-09,2e-07,1.797446373771915e-09,2e-07,1.811141062282955e-09,2e-07,1.768680388083268e-09,2e-07,1.781816762921446e-09,2e-07,1.780440433048476e-09,2e-07,1.794345211506317e-09,2e-07,1.799370397549105e-09,2e-07,1.74750063335615e-09,2e-07,1.789878552052918e-09,2e-07,1.746503637975086e-09,2e-07,1.73501342707921e-09,2e-07,1.764630544350024e-09,2e-07,1.784482085748229e-09,2e-07,1.782294685766482e-09,2e-07,1.802812232188207e-09,2e-07,1.758014827866944e-09,2e-07,1.752266883846447e-09,2e-07,1.800655224950425e-09,2e-07,1.747339471260661e-09,2e-07,1.775467178626701e-09,2e-07,1.761317829075686e-09,2e-07,1.776288319854178e-09,2e-07,1.765811722390508e-09,2e-07,1.776199083396337e-09,2e-07,1.855914998312077e-09,2e-07,1.764720548128055e-09,2e-07,1.759619850459391e-09,2e-07,1.740901433924992e-09,2e-07,1.759572562741163e-09,2e-07,1.783385355850854e-09,2e-07,1.791323850476914e-09,2e-07,1.765941194144017e-09,2e-07,1.77037828800325e-09,2e-07,1.792950609416252e-09,2e-07,1.757544899843355e-09,2e-07,1.7750651784868e-09,2e-07,1.773373962268245e-09,2e-07,1.794240180957834e-09,2e-07,1.758828044897323e-09,2e-07,1.826314541291941e-09,2e-07,1.779925754009781e-09,2e-07,1.727937238618897e-09,2e-07,1.74080313876971e-09,2e-07,1.819421377822895e-09,2e-07,1.780326401394675e-09,2e-07,1.772141839144357e-09,2e-07,1.744052690009088e-09,2e-07,1.718869999110205e-09,2e-07,1.824255204226943e-09,2e-07,1.779596534393491e-09,2e-07,1.778871930146445e-09,2e-07,1.73362651379215e-09,2e-07,1.819514185411433e-09,2e-07,1.816875506128697e-09,2e-07,1.80300867040549e-09,2e-07,1.718043629575276e-09,2e-07,1.743786314147379e-09,2e-07,1.796430925822831e-09,2e-07,1.79141650443582e-09,2e-07,1.688484472639629e-09,2e-07,1.800384156624667e-09,2e-07,1.800421562479944e-09,2e-07,1.742651647008634e-09,2e-07,1.798968419010198e-09,2e-07,1.822232784832934e-09,2e-07,1.746452971140416e-09,2e-07,1.749112681960699e-09,2e-07,1.753767028282038e-09,2e-07,1.777399499990267e-09,2e-07,1.839240638189366e-09,2e-07,1.75329568537159e-09,2e-07,1.80933204171873e-09,2e-07,1.776450116307969e-09,2e-07,1.754632802358327e-09,2e-07,1.779176496190848e-09,2e-07,1.779359521853806e-09,2e-07,1.774188117706501e-09,2e-07,1.755267863317604e-09,2e-07,1.727525378535554e-09,2e-07,1.818360726684623e-09,2e-07,1.76732064770012e-09,2e-07,1.829490578712716e-09,2e-07,1.76084278281314e-09,2e-07,1.751085973172123e-09,2e-07,1.78407831928351e-09,2e-07,1.827417038940713e-09,2e-07,1.786346875176502e-09
2.2e-07,1.838267992561265e-09,2.2e-07,1.837145712056107e-09,2.2e-07,1.843596853441637e-09,2.2e-07,1.859240019190321e-09,2.2e-07,1.731249517892821e-09,2.2e-07,1.779098003759126e-09,2.2e-07,1.854499051527093e-09,2.2e-07,1.816972867977508e-09,2.2e-07,1.789840335753106e-09,2.2e-07,1.777012828421671e-09,2.2e-07,1.863438142500641e-09,2.2e-07,1.81204003141359e-09,2.2e-07,1.814918448500025e-09,2.2e-07,1.840144564743015e-09,2.2e-07,1.8512451980669e-09,2.2e-07,1.810294928678277e-09,2.2e-07,1.824398424501057e-09,2.2e-07,1.821116112999616e-09,2.2e-07,1.835741937305691e-09,2.2e-07,1.840213848011176e-09,2.2e-07,1.788181200421511e-09,2.2e-07,1.832354515404043e-09,2.2e-07,1.787557458982078e-09,2.2e-07,1.775607404576039e-09,2.2e-07,1.805032958466028e-09,2.2e-07,1.82450219127982e-09,2.2e-07,1.823968711432694e-09,2.2e-07,1.845153211713048e-09,2.2e-07,1.798735984307017e-09,2.2e-07,1.793896938154868e-09,2.2e-07,1.842371341084709e-09,2.2e-07,1.787929856105859e-09,2.2e-07,1.817375421708018e-09,2.2e-07,1.802091218582808e-09,2.2e-07,1.818440065019731e-09,2.2e-07,1.807489848015619e-09,2.2e-07,1.817257495881746e-09,2.2e-07,1.898925258929456e-09,2.2e-07,1.805438418104467e-09,2.2e-07,1.801823639228184e-09,2.2e-07,1.78110624619207e-09,2.2e-07,1.801448114599071e-09,2.2e-07,1.825061365923011e-09,2.2e-07,1.832927196318714e-09,2.2e-07,1.807061256783942e-09,2.2e-07,1.810977225619319e-09,2.2e-07,1.835318261154781e-09,2.2e-07,1.799340843045954e-09,2.2e-07,1.81612556167524e-09,2.2e-07,1.815155819673203e-09,2.2e-07,1.836495232685219e-09,2.2e-07,1.800440630685642e-09,2.2e-07,1.867937775555803e-09,2.2e-07,1.821054237278869e-09,2.2e-07,1.768022286568169e-09,2.2e-07,1.782695455085363e-09,2.2e-07,1.862285697075787e-09,2.2e-07,1.821892960179747e-09,2.2e-07,1.812985645214419e-09,2.2e-07,1.783570016752412e-09,2.2e-07,1.759861918829166e-09,2.2e-07,1.866546015427193e-09,2.2e-07,1.820461890547048e-09,2.2e-07,1.820513219451834e-09,2.2e-07,1.773833145744748e-09,2.2e-07,1.861726117090846e-09,2.2e-07,1.860150702301519e-09,2.2e-07,1.844673466310254e-09,2.2e-07,1.758562193442173e-09,2.2e-07,1.785292217703129e-09,2.2e-07,1.837819066171117e-09,2.2e-07,1.833315698262509e-09,2.2e-07,1.727883796143975e-09,2.2e-07,1.84170634813273e-09,2.2e-07,1.84171996358147e-09,2.2e-07,1.784040761133244e-09,2.2e-07,1.841147508601312e-09,2.2e-07,1.86385090574964e-09,2.2e-07,1.787737072142884e-09,2.2e-07,1.790255392684491e-09,2.2e-07,1.796265825672008e-09,2.2e-07,1.818880214742357e-09,2.2e-07,1.881728470641002e-09,2.2e-07,1.794004216677833e-09,2.2e-07,1.850746029499772e-09,2.2e-07,1.817085243975288e-09,2.2e-07,1.796510383429662e-09,2.2e-07,1.819378450479638e-09,2.2e-07,1.820417322475452e-09,2.2e-07,1.815927691225624e-09,2.2e-07,1.796056106482794e-09,2.2e-07,1.768187668419951e-09,2.2e-07,1.859736907977261e-09,2.2e-07,1.80796171221284e-09,2.2e-07,1.87109635099361e-09,2.2e-07,1.801183656187202e-09,2.2e-07,1.791740173693003e-09,2.2e-07,1.825637682709609e-09,2.2e-07,1.868808511734724e-09,2.2e-07,1.827057161633135e-09
2.4e-07,1.879621379961224e-09,2.4e-07,1.878828256579094e-09,2.4e-07,1.885094445107647e-09,2.4e-07,1.900889466937145e-09,2.4e-07,1.771623734383689e-09,2.4e-07,1.819500857148025e-09,2.4e-07,1.897031370206835e-09,2.4e-07,1.857801307689368e-09,2.4e-07,1.831570177629865e-09,2.4e-07,1.817033691129193e-09,2.4e-07,1.904953842434701e-09,2.4e-07,1.852806799619093e-09,2.4e-07,1.856957006367241e-09,2.4e-07,1.882299452723527e-09,2.4e-07,1.892690059865484e-09,2.4e-07,1.849813394115305e-09,2.4e-07,1.865936161119437e-09,2.4e-07,1.862990704229284e-09,2.4e-07,1.877597918328763e-09,2.4e-07,1.881512940331844e-09,2.4e-07,1.828491050339608e-09,2.4e-07,1.873792913493272e-09,2.4e-07,1.828744547330075e-09,2.4e-07,1.816826179506174e-09,2.4e-07,1.847081915624804e-09,2.4e-07,1.866905757521701e-09,2.4e-07,1.865552138472922e-09,2.4e-07,1.886799609527803e-09,2.4e-07,1.840839456789669e-09,2.4e-07,1.833470871543418e-09,2.4e-07,1.882922839630281e-09,2.4e-07,1.831002021891489e-09,2.4e-07,1.85863961065036e-09,2.4e-07,1.842541212869555e-09,2.4e-07,1.859663282950393e-09,2.4e-07,1.8481868842905e-09,2.4e-07,1.858752544438199e-09,2.4e-07,1.941440776265001e-09,2.4e-07,1.845342732776798e-09,2.4e-07,1.842440072730147e-09,2.4e-07,1.822196080295376e-09,2.4e-07,1.843121071114448e-09,2.4e-07,1.867199120909488e-09,2.4e-07,1.876503430734408e-09,2.4e-07,1.847579588450919e-09,2.4e-07,1.85116379333982e-09,2.4e-07,1.876496709550686e-09,2.4e-07,1.83983607560912e-09,2.4e-07,1.856698028198948e-09,2.4e-07,1.8567371678055e-09,2.4e-07,1.877894447220418e-09,2.4e-07,1.841462178665803e-09,2.4e-07,1.909453719608278e-09,2.4e-07,1.86206595016443e-09,2.4e-07,1.809649628161277e-09,2.4e-07,1.822847052689602e-09,2.4e-07,1.904220506197855e-09,2.4e-07,1.862465584547571e-09,2.4e-07,1.853732351601763e-09,2.4e-07,1.824990844792769e-09,2.4e-07,1.799487966535317e-09,2.4e-07,1.907817907412785e-09,2.4e-07,1.860289851959857e-09,2.4e-07,1.8618911849485e-09,2.4e-07,1.814284542184341e-09,2.4e-07,1.902381461981664e-09,2.4e-07,1.902510963438428e-09,2.4e-07,1.885826963101187e-09,2.4e-07,1.798695037683823e-09,2.4e-07,1.826267508701047e-09,2.4e-07,1.879823200056424e-09,2.4e-07,1.874450950114661e-09,2.4e-07,1.767952175633971e-09,2.4e-07,1.883859965597675e-09,2.4e-07,1.883724555461315e-09,2.4e-07,1.825625704234425e-09,2.4e-07,1.88158147150398e-09,2.4e-07,1.906032065230554e-09,2.4e-07,1.829088065890655e-09,2.4e-07,1.830829374273453e-09,2.4e-07,1.838008024045806e-09,2.4e-07,1.860439318832173e-09,2.4e-07,1.923293836136555e-09,2.4e-07,1.834747896719836e-09,2.4e-07,1.892369606315222e-09,2.4e-07,1.858549651752434e-09,2.4e-07,1.837729445045142e-09,2.4e-07,1.861114234970693e-09,2.4e-07,1.862171593123536e-09,2.4e-07,1.858082771255009e-09,2.4e-07,1.83646087082137e-09,2.4e-07,1.808058911278007e-09,2.4e-07,1.901200631804306e-09,2.4e-07,1.848798494791676e-09,2.4e-07,1.914872688679151e-09,2.4e-07,1.841662085739781e-09,2.4e-07,1.831948478729483e-09,2.4e-07,1.867442683106058e-09,2.4e-07,1.911009483268458e-09,2.4e-07,1.868873584162142e-09
2.6e-07,1.920797026080933e-09,2.6e-07,1.919984553887878e-09,2.6e-07,1.926420227549118e-09,2.6e-07,1.942957472619107e-09,2.6e-07,1.811253244653445e-09,2.6e-07,1.861701748497702e-09,2.6e-07,1.938490202525212e-09,2.6e-07,1.900478560621106e-09,2.6e-07,1.8720769325287e-09,2.6e-07,1.857430658604682e-09,2.6e-07,1.94790368937468e-09,2.6e-07,1.89395344631905e-09,2.6e-07,1.897719249667258e-09,2.6e-07,1.92533950527479e-09,2.6e-07,1.934123902450024e-09,2.6e-07,1.891307187002431e-09,2.6e-07,1.908794163856653e-09,2.6e-07,1.905535047748787e-09,2.6e-07,1.918766286719612e-09,2.6e-07,1.921976672970032e-09,2.6e-07,1.869903151535795e-09,2.6e-07,1.915796946151085e-09,2.6e-07,1.869615085000289e-09,2.6e-07,1.857813637532569e-09,2.6e-07,1.888191478679379e-09,2.6e-07,1.908284951083852e-09,2.6e-07,1.907463026225526e-09,2.6e-07,1.92683719401267e-09,2.6e-07,1.881794340124741e-09,2.6e-07,1.876137436832042e-09,2.6e-07,1.925559587614759e-09,2.6e-07,1.871872061390922e-09,2.6e-07,1.899608637155445e-09,2.6e-07,1.883018826094568e-09,2.6e-07,1.90107139342545e-09,2.6e-07,1.888775096203676e-09,2.6e-07,1.899433101674891e-09,2.6e-07,1.98301507477124e-09,2.6e-07,1.888194820787224e-09,2.6e-07,1.883377578713532e-09,2.6e-07,1.864821571403759e-09,2.6e-07,1.885032088473334e-09,2.6e-07,1.908835215774594e-09,2.6e-07,1.917964685905878e-09,2.6e-07,1.88725474550297e-09,2.6e-07,1.891960270287606e-09,2.6e-07,1.918977701128003e-09,2.6e-07,1.881385483545002e-09,2.6e-07,1.898657972044797e-09,2.6e-07,1.896973018025169e-09,2.6e-07,1.919071860992851e-09,2.6e-07,1.883308744267519e-09,2.6e-07,1.948771206028921e-09,2.6e-07,1.903374689134014e-09,2.6e-07,1.850141011484268e-09,2.6e-07,1.862049124469497e-09,2.6e-07,1.945567269556967e-09,2.6e-07,1.904681391025447e-09,2.6e-07,1.896438716138163e-09,2.6e-07,1.865966955206783e-09,2.6e-07,1.83922230672844e-09,2.6e-07,1.950244360831368e-09,2.6e-07,1.902166884977207e-09,2.6e-07,1.903967717502098e-09,2.6e-07,1.855076659247385e-09,2.6e-07,1.944193080419784e-09,2.6e-07,1.945364920122299e-09,2.6e-07,1.927220511003972e-09,2.6e-07,1.837968313660436e-09,2.6e-07,1.867975955783294e-09,2.6e-07,1.92133249163789e-09,2.6e-07,1.915331705663137e-09,2.6e-07,1.807304537850706e-09,2.6e-07,1.923531332618374e-09,2.6e-07,1.924321053435194e-09,2.6e-07,1.865912407317293e-09,2.6e-07,1.923335068756783e-09,2.6e-07,1.947391574281034e-09,2.6e-07,1.869583539722925e-09,2.6e-07,1.868902970038206e-09,2.6e-07,1.879785327381863e-09,2.6e-07,1.902231989578271e-09,2.6e-07,1.965073571603104e-09,2.6e-07,1.875425640900937e-09,2.6e-07,1.933278632258452e-09,2.6e-07,1.899221030760702e-09,2.6e-07,1.87892098081479e-09,2.6e-07,1.903108481511184e-09,2.6e-07,1.903559521460714e-09,2.6e-07,1.899118996991937e-09,2.6e-07,1.878935525016021e-09,2.6e-07,1.84795946009501e-09,2.6e-07,1.941563893362323e-09,2.6e-07,1.890064091710452e-09,2.6e-07,1.957694441631644e-09,2.6e-07,1.885083139169559e-09,2.6e-07,1.871673644212044e-09,2.6e-07,1.908858936237976e-09,2.6e-07,1.95251209648195e-09,2.6e-07,1.910307142213993e-09
2.8e-07,1.961907420647278e-09,2.8e-07,1.960843842898026e-09,2.8e-07,1.968523157999128e-09,2.8e-07,1.985165888356158e-09,2.8e-07,1.852193093640209e-09,2.8e-07,1.901661053717315e-09,2.8e-07,1.980495533150053e-09,2.8e-07,1.940942512371082e-09,2.8e-07,1.913435694861255e-09,2.8e-07,1.896837803461678e-09,2.8e-07,1.989421836877339e-09,2.8e-07,1.935065773457295e-09,2.8e-07,1.939669452539639e-09,2.8e-07,1.967423389976881e-09,2.8e-07,1.975587647444046e-09,2.8e-07,1.93333910440138e-09,2.8e-07,1.950580936659991e-09,2.8e-07,1.947106475218752e-09,2.8e-07,1.960180166884573e-09,2.8e-07,1.96436961707462e-09,2.8e-07,1.910072676703932e-09,2.8e-07,1.956090689317818e-09,2.8e-07,1.911108198349571e-09,2.8e-07,1.899034747854031e-09,2.8e-07,1.92905470642036e-09,2.8e-07,1.949561379739577e-09,2.8e-07,1.949157841180099e-09,2.8e-07,1.967494756300661e-09,2.8e-07,1.923201494154512e-09,2.8e-07,1.917046091344122e-09,2.8e-07,1.966150252901958e-09,2.8e-07,1.914091951246749e-09,2.8e-07,1.940667412299612e-09,2.8e-07,1.923700824283218e-09,2.8e-07,1.942461682665091e-09,2.8e-07,1.929925873728298e-09,2.8e-07,1.941126882547313e-09,2.8e-07,2.026279439968596e-09,2.8e-07,1.929853409530132e-09,2.8e-07,1.92321767565429e-09,2.8e-07,1.906339007054391e-09,2.8e-07,1.925541245347978e-09,2.8e-07,1.949898253047146e-09,2.8e-07,1.960301229197305e-09,2.8e-07,1.927698682076733e-09,2.8e-07,1.933217934427254e-09,2.8e-07,1.961141788229057e-09,2.8e-07,1.922283756358203e-09,2.8e-07,1.939439948832316e-09,2.8e-07,1.939801711783255e-09,2.8e-07,1.96074425111639e-09,2.8e-07,1.922716003605571e-09,2.8e-07,1.990134535533987e-09,2.8e-07,1.944308853216498e-09,2.8e-07,1.891405763652825e-09,2.8e-07,1.903105516957152e-09,2.8e-07,1.987127357463046e-09,2.8e-07,1.946687057271476e-09,2.8e-07,1.938223379323654e-09,2.8e-07,1.905221277215427e-09,2.8e-07,1.880386001682676e-09,2.8e-07,1.99342094394459e-09,2.8e-07,1.943370969608471e-09,2.8e-07,1.945514808065562e-09,2.8e-07,1.896101377828958e-09,2.8e-07,1.985751029840637e-09,2.8e-07,1.988190739351768e-09,2.8e-07,1.969736001814956e-09,2.8e-07,1.879479389552141e-09,2.8e-07,1.908891840716539e-09,2.8e-07,1.96335292988873e-09,2.8e-07,1.957708274496646e-09,2.8e-07,1.845955813038813e-09,2.8e-07,1.965349559038198e-09,2.8e-07,1.966257425967502e-09,2.8e-07,1.906915641673839e-09,2.8e-07,1.964811319029794e-09,2.8e-07,1.989973324820624e-09,2.8e-07,1.910480171011089e-09,2.8e-07,1.91053904185423e-09,2.8e-07,1.922250083717309e-09,2.8e-07,1.944485349017226e-09,2.8e-07,2.00790033143452e-09,2.8e-07,1.914430027311555e-09,2.8e-07,1.974887062927274e-09,2.8e-07,1.940401291002758e-09,2.8e-07,1.920353699917778e-09,2.8e-07,1.943470892671599e-09,2.8e-07,1.944687190083714e-09,2.8e-07,1.941543921291178e-09,2.8e-07,1.91948768565923e-09,2.8e-07,1.888894033090519e-09,2.8e-07,1.983752147824765e-09,2.8e-07,1.931081366100376e-09,2.8e-07,2.000742651155439e-09,2.8e-07,1.924890780227526e-09,2.8e-07,1.91186415779548e-09,2.8e-07,1.950700167654953e-09,2.8e-07,1.993660564862995e-09,2.8e-07,1.951913188549847e-09
3e-07,2.003194964486389e-09,3e-07,2.004220908054224e-09,3e-07,2.009775385582425e-09,3e-07,2.027418162699323e-09,3e-07,1.892323303397301e-09,3e-07,1.942249958169167e-09,3e-07,2.022919020239783e-09,3e-07,1.982277215406043e-09,3e-07,1.954953580924666e-09,3e-07,1.938171055501948e-09,3e-07,2.031659117851021e-09,3e-07,1.97603315273361e-09,3e-07,1.980744293520349e-09,3e-07,2.009813153261914e-09,3e-07,2.016312847085682e-09,3e-07,1.974579493586298e-09,3e-07,1.992110935002516e-09,3e-07,1.987505195070114e-09,3e-07,2.002452213995466e-09,3e-07,2.005696408663333e-09,3e-07,1.951099551007402e-09,3e-07,1.999433124625304e-09,3e-07,1.951727096848332e-09,3e-07,1.939600455467297e-09,3e-07,1.970309793381326e-09,3e-07,1.99163946785339e-09,3e-07,1.990811431165308e-09,3e-07,2.011048170259472e-09,3e-07,1.963792858881563e-09,3e-07,1.959290852341966e-09,3e-07,2.007675920763464e-09,3e-07,1.953216116645979e-09,3e-07,1.982301411279131e-09,3e-07,1.964793958838229e-09,3e-07,1.984781574436286e-09,3e-07,1.971891857336908e-09,3e-07,1.982054990323203e-09,3e-07,2.06919239411502e-09,3e-07,1.970614093543807e-09,3e-07,1.964030861406263e-09,3e-07,1.94693654544368e-09,3e-07,1.968440567536346e-09,3e-07,1.991975588894585e-09,3e-07,2.002951196398662e-09,3e-07,1.969437489870692e-09,3e-07,1.973261954482464e-09,3e-07,2.003359244581372e-09,3e-07,1.963184128963897e-09,3e-07,1.98058662717291e-09,3e-07,1.980814905035766e-09,3e-07,2.002784635832576e-09,3e-07,1.965330450506906e-09,3e-07,2.033690621490542e-09,3e-07,1.985436232477497e-09,3e-07,1.931719598239422e-09,3e-07,1.943872546442765e-09,3e-07,2.030722613573276e-09,3e-07,1.987460237719376e-09,3e-07,1.980448358149553e-09,3e-07,1.94775368336651e-09,3e-07,1.921742413877257e-09,3e-07,2.035573732468523e-09,3e-07,1.98309442688684e-09,3e-07,1.987511838706156e-09,3e-07,1.936365298141778e-09,3e-07,2.027644085699532e-09,3e-07,2.030455775530543e-09,3e-07,2.011274396420218e-09,3e-07,1.918799641194717e-09,3e-07,1.948587783051165e-09,3e-07,2.005856092869668e-09,3e-07,1.998982346782008e-09,3e-07,1.886633740439943e-09,3e-07,2.007792635035407e-09,3e-07,2.008453355894693e-09,3e-07,1.948237587995951e-09,3e-07,2.007378141686267e-09,3e-07,2.032583400017628e-09,3e-07,1.950125771674366e-09,3e-07,1.950406965212732e-09,3e-07,1.963789765771426e-09,3e-07,1.986282598386508e-09,3e-07,2.049865588784897e-09,3e-07,1.955927859447629e-09,3e-07,2.016572972774932e-09,3e-07,1.98058628102484e-09,3e-07,1.961887146958951e-09,3e-07,1.985112016932379e-09,3e-07,1.985757109904784e-09,3e-07,1.983747510427896e-09,3e-07,1.960753695453201e-09,3e-07,1.928778814085221e-09,3e-07,2.025608345848373e-09,3e-07,1.972424375803109e-09,3e-07,2.043363777098837e-09,3e-07,1.967079145055675e-09,3e-07,1.951330070562797e-09,3e-07,1.99064332724083e-09,3e-07,2.036834254008578e-09,3e-07,1.993896431850102e-09
3.2e-07,2.044068182600723e-09,3.2e-07,2.046305132807553e-09,3.2e-07,2.051506344273233e-09,3.2e-07,2.070264781082759e-09,3.2e-07,1.932506334260559e-09,3.2e-07,1.982676493234999e-09,3.2e-07,2.064825073564382e-09,3.2e-07,2.024042516482154e-09,3.2e-07,1.996168501724212e-09,3.2e-07,1.978429811059536e-09,3.2e-07,2.073108702370991e-09,3.2e-07,2.018757321271791e-09,3.2e-07,2.022264951888863e-09,3.2e-07,2.05283836900401e-09,3.2e-07,2.057566648350603e-09,3.2e-07,2.015526429780571e-09,3.2e-07,2.034132329564394e-09,3.2e-07,2.030610763409031e-09,3.2e-07,2.043882545061036e-09,3.2e-07,2.046938696198103e-09,3.2e-07,1.992360913273314e-09,3.2e-07,2.041946330276163e-09,3.2e-07,1.992752208151067e-09,3.2e-07,1.978880177737108e-09,3.2e-07,2.010962592759965e-09,3.2e-07,2.032990957489855e-09,3.2e-07,2.0325888280605e-09,3.2e-07,2.052564641999476e-09,3.2e-07,2.005732127652902e-09,3.2e-07,1.99877272306467e-09,3.2e-07,2.048900542700691e-09,3.2e-07,1.996423002038217e-09,3.2e-07,2.023785604165808e-09,3.2e-07,2.005200051341641e-09,3.2e-07,2.025759881468139e-09,3.2e-07,2.012918969083214e-09,3.2e-07,2.023943699076215e-09,3.2e-07,2.111819758509371e-09,3.2e-07,2.012131486163936e-09,3.2e-07,2.005647985035922e-09,3.2e-07,1.988453752522214e-09,3.2e-07,2.010515643173258e-09,3.2e-07,2.033847246936235e-09,3.2e-07,2.045103542278995e-09,3.2e-07,2.010220889572687e-09,3.2e-07,2.01429170915529e-09,3.2e-07,2.045620591106039e-09,3.2e-07,2.004866897151265e-09,3.2e-07,2.021509549368334e-09,3.2e-07,2.022342888475339e-09,3.2e-07,2.044848391747785e-09,3.2e-07,2.005860691198792e-09,3.2e-07,2.075229790207118e-09,3.2e-07,2.026602939168795e-09,3.2e-07,1.97141254888783e-09,3.2e-07,1.984328126223261e-09,3.2e-07,2.072087073133016e-09,3.2e-07,2.029334224880322e-09,3.2e-07,2.02179903473052e-09,3.2e-07,1.988306471586599e-09,3.2e-07,1.962132513794035e-09,3.2e-07,2.077707334185936e-09,3.2e-07,2.025025748340804e-09,3.2e-07,2.029153456135473e-09,3.2e-07,1.977871724490076e-09,3.2e-07,2.069682720048991e-09,3.2e-07,2.072251155541909e-09,3.2e-07,2.053250483546221e-09,3.2e-07,1.958680275469067e-09,3.2e-07,1.990638315024019e-09,3.2e-07,2.047377050937006e-09,3.2e-07,2.040369491626431e-09,3.2e-07,1.926693595990299e-09,3.2e-07,2.048705806559316e-09,3.2e-07,2.049997845413842e-09,3.2e-07,1.98816438086972e-09,3.2e-07,2.048591907708997e-09,3.2e-07,2.075216728439652e-09,3.2e-07,1.992774774566342e-09,3.2e-07,1.992024919037769e-09,3.2e-07,2.005539087776319e-09,3.2e-07,2.0286675347487e-09,3.2e-07,2.091712499787606e-09,3.2e-07,1.997831149769223e-09,3.2e-07,2.058043862011633e-09,3.2e-07,2.021782576627061e-09,3.2e-07,2.003419222740337e-09,3.2e-07,2.025900003033078e-09,3.2e-07,2.027360971778868e-09,3.2e-07,2.02503135498798e-09,3.2e-07,2.002899638680267e-09,3.2e-07,1.969470585075168e-09,3.2e-07,2.067498241407872e-09,3.2e-07,2.012595880677829e-09,3.2e-07,2.085729544256181e-09,3.2e-07,2.008673185591048e-09,3.2e-07,1.992523341943474e-09,3.2e-07,2.03331384976861e-09,3.2e-07,2.078463787005909e-09,3.2e-07,2.034721999796299e-09
3.4e-07,2.084870851717253e-09,3.4e-07,2.088320470032037e-09,3.4e-07,2.091453161956163e-09,3.4e-07,2.112385035150792e-09,3.4e-07,1.972403872772098e-09,3.4e-07,2.024848853069801e-09,3.4e-07,2.108629158529596e-09,3.4e-07,2.066627785506555e-09,3.4e-07,2.036520907764112e-09,3.4e-07,2.018507819810835e-09,3.4e-07,2.116208307309012e-09,3.4e-07,2.058318156072943e-09,3.4e-07,2.063822519061979e-09,3.4e-07,2.093429569946047e-09,3.4e-07,2.099115184197802e-09,3.4e-07,2.055213923944765e-09,3.4e-07,2.077591952600692e-09,3.4e-07,2.070337396227442e-09,3.4e-07,2.085620152152715e-09,3.4e-07,2.088108558521418e-09,3.4e-07,2.032863871736783e-09,3.4e-07,2.08463609968279e-09,3.4e-07,2.034280205928174e-09,3.4e-07,2.023021574885494e-09,3.4e-07,2.051238886596121e-09,3.4e-07,2.074722282740217e-09,3.4e-07,2.074324445048441e-09,3.4e-07,2.094025639279429e-09,3.4e-07,2.048033318656899e-09,3.4e-07,2.041877034820335e-09,3.4e-07,2.090545531625637e-09,3.4e-07,2.036334128876149e-09,3.4e-07,2.065504945127586e-09,3.4e-07,2.047769628927514e-09,3.4e-07,2.067885318678817e-09,3.4e-07,2.056304870802588e-09,3.4e-07,2.065183065353875e-09,3.4e-07,2.153408795244891e-09,3.4e-07,2.05348706136586e-09,3.4e-07,2.047610826176056e-09,3.4e-07,2.028945895523154e-09,3.4e-07,2.051817730933224e-09,3.4e-07,2.076341499045325e-09,3.4e-07,2.087734829571075e-09,3.4e-07,2.049065602887705e-09,3.4e-07,2.055207547806469e-09,3.4e-07,2.088117743930123e-09,3.4e-07,2.046279500632398e-09,3.4e-07,2.061049190383766e-09,3.4e-07,2.065233275489262e-09,3.4e-07,2.085864977054858e-09,3.4e-07,2.04766138814228e-09,3.4e-07,2.116666260313717e-09,3.4e-07,2.068017676778653e-09,3.4e-07,2.014104313014528e-09,3.4e-07,2.023564981492647e-09,3.4e-07,2.115126857332358e-09,3.4e-07,2.070318046736139e-09,3.4e-07,2.064407264146476e-09,3.4e-07,2.02811456338777e-09,3.4e-07,2.002926009539548e-09,3.4e-07,2.121410392757401e-09,3.4e-07,2.066246602372464e-09,3.4e-07,2.071570235690816e-09,3.4e-07,2.018401673196835e-09,3.4e-07,2.109817893285282e-09,3.4e-07,2.116135633678376e-09,3.4e-07,2.094454228007896e-09,3.4e-07,1.99819454724489e-09,3.4e-07,2.033281899606545e-09,3.4e-07,2.090291981843484e-09,3.4e-07,2.081186912332522e-09,3.4e-07,1.966768080785161e-09,3.4e-07,2.092395204743399e-09,3.4e-07,2.089762445903547e-09,3.4e-07,2.028969670877242e-09,3.4e-07,2.090768844738321e-09,3.4e-07,2.116495735973744e-09,3.4e-07,2.034073315618932e-09,3.4e-07,2.032084807746813e-09,3.4e-07,2.048546748354215e-09,3.4e-07,2.068619317848643e-09,3.4e-07,2.133462112384936e-09,3.4e-07,2.037868841840482e-09,3.4e-07,2.099395287646669e-09,3.4e-07,2.065363367450496e-09,3.4e-07,2.045496370884659e-09,3.4e-07,2.068256173444278e-09,3.4e-07,2.069776669659053e-09,3.4e-07,2.067857162620816e-09,3.4e-07,2.042700151164211e-09,3.4e-07,2.009432766793115e-09,3.4e-07,2.110064349607583e-09,3.4e-07,2.054941534336803e-09,3.4e-07,2.128654853024774e-09,3.4e-07,2.051763684934704e-09,3.4e-07,2.031682553136767e-09,3.4e-07,2.073146019419303e-09,3.4e-07,2.120556663455867e-09,3.4e-07,2.075855441717226e-09
3.6e-07,2.1258201161769e-09,3.6e-07,2.129926326685004e-09,3.6e-07,2.133669475473461e-09,3.6e-07,2.154771613728094e-09,3.6e-07,2.012502853459163e-09,3.6e-07,2.065081347790388e-09,3.6e-07,2.150570716016104e-09,3.6e-07,2.107972956518021e-09,3.6e-07,2.077870152003797e-09,3.6e-07,2.058242914808658e-09,3.6e-07,2.158236139879421e-09,3.6e-07,2.101865122186318e-09,3.6e-07,2.104873956511239e-09,3.6e-07,2.135735760964267e-09,3.6e-07,2.140667239083719e-09,3.6e-07,2.096016365435749e-09,3.6e-07,2.119316177266024e-09,3.6e-07,2.111722692197557e-09,3.6e-07,2.126373651073143e-09,3.6e-07,2.128962671523869e-09,3.6e-07,2.074242337909341e-09,3.6e-07,2.126551413650415e-09,3.6e-07,2.075389245944638e-09,3.6e-07,2.063791102739018e-09,3.6e-07,2.09218008478102e-09,3.6e-07,2.11581630594719e-09,3.6e-07,2.116176356315185e-09,3.6e-07,2.135432704927949e-09,3.6e-07,2.089768899487861e-09,3.6e-07,2.083177741272053e-09,3.6e-07,2.13152733398112e-09,3.6e-07,2.077198001959873e-09,3.6e-07,2.106555350363059e-09,3.6e-07,2.088404431927576e-09,3.6e-07,2.109270428391832e-09,3.6e-07,2.097519342928233e-09,3.6e-07,2.106423531299904e-09,3.6e-07,2.196223971269249e-09,3.6e-07,2.094726192289584e-09,3.6e-07,2.087892806633622e-09,3.6e-07,2.070015135348266e-09,3.6e-07,2.094852806939728e-09,3.6e-07,2.117651478966068e-09,3.6e-07,2.130082289919308e-09,3.6e-07,2.089561131416104e-09,3.6e-07,2.094952027336653e-09,3.6e-07,2.13033661791622e-09,3.6e-07,2.087113200036363e-09,3.6e-07,2.10162662616284e-09,3.6e-07,2.105995194121383e-09,3.6e-07,2.127347144643514e-09,3.6e-07,2.088751211712951e-09,3.6e-07,2.15823610301382e-09,3.6e-07,2.109169003611532e-09,3.6e-07,2.055203157956012e-09,3.6e-07,2.064032996208891e-09,3.6e-07,2.156940886929381e-09,3.6e-07,2.111712499919579e-09,3.6e-07,2.106040217931705e-09,3.6e-07,2.069339904984502e-09,3.6e-07,2.042780193661318e-09,3.6e-07,2.163950933910842e-09,3.6e-07,2.106011257118282e-09,3.6e-07,2.113356338813129e-09,3.6e-07,2.059202656759038e-09,3.6e-07,2.151956217905307e-09,3.6e-07,2.158158287154102e-09,3.6e-07,2.13708836382299e-09,3.6e-07,2.037979928084506e-09,3.6e-07,2.074297841484192e-09,3.6e-07,2.132404983458025e-09,3.6e-07,2.122924520612636e-09,3.6e-07,2.006479737768313e-09,3.6e-07,2.133951764290244e-09,3.6e-07,2.132674116677248e-09,3.6e-07,2.070542038067921e-09,3.6e-07,2.132251473258298e-09,3.6e-07,2.158995325411977e-09,3.6e-07,2.075014414779935e-09,3.6e-07,2.072818345256364e-09,3.6e-07,2.0903323866395e-09,3.6e-07,2.110552819622217e-09,3.6e-07,2.17675028438866e-09,3.6e-07,2.078582534587245e-09,3.6e-07,2.140661798365139e-09,3.6e-07,2.107021726548354e-09,3.6e-07,2.086576310093823e-09,3.6e-07,2.109581058049108e-09,3.6e-07,2.111259510586355e-09,3.6e-07,2.108733462905769e-09,3.6e-07,2.084284615041408e-09,3.6e-07,2.049942991619042e-09,3.6e-07,2.151756045397773e-09,3.6e-07,2.096155946679325e-09,3.6e-07,2.171254377176874e-09,3.6e-07,2.093322506293669e-09,3.6e-07,2.072021091298593e-09,3.6e-07,2.114587005167674e-09,3.6e-07,2.162051198673516e-09,3.6e-07,2.116997185871175e-09
3.8e-07,2.166284169257162e-09,3.8e-07,2.172293181379905e-09,3.8e-07,2.175029883981563e-09,3.8e-07,2.197367482433464e-09,3.8e-07,2.052253948132746e-09,3.8e-07,2.105999984739008e-09,3.8e-07,2.192567055744284e-09,3.8e-07,2.149015554786937e-09,3.8e-07,2.119165552666544e-09,3.8e-07,2.099341438464719e-09,3.8e-07,2.200011247058069e-09,3.8e-07,2.143052427141688e-09,3.8e-07,2.146136570014489e-09,3.8e-07,2.178681622076399e-09,3.8e-07,2.180704406736267e-09,3.8e-07,2.137084305091043e-09,3.8e-07,2.161401937121569e-09,3.8e-07,2.153521863599617e-09,3.8e-07,2.168963865421831e-09,3.8e-07,2.170325573764931e-09,3.8e-07,2.115053285690443e-09,3.8e-07,2.168613215274203e-09,3.8e-07,2.116289590372818e-09,3.8e-07,2.104826620355098e-09,3.8e-07,2.132916872348956e-09,3.8e-07,2.157722419249416e-09,3.8e-07,2.157472472563768e-09,3.8e-07,2.177245194065902e-09,3.8e-07,2.130869613078736e-09,3.8e-07,2.123910168290769e-09,3.8e-07,2.1732571740672e-09,3.8e-07,2.118224780885166e-09,3.8e-07,2.147998275753572e-09,3.8e-07,2.129269801036283e-09,3.8e-07,2.151964096449013e-09,3.8e-07,2.138945997515316e-09,3.8e-07,2.147769227751379e-09,3.8e-07,2.238739032410999e-09,3.8e-07,2.136257957701636e-09,3.8e-07,2.129552981592297e-09,3.8e-07,2.110959041127024e-09,3.8e-07,2.136440110540031e-09,3.8e-07,2.159423113683592e-09,3.8e-07,2.17212403237277e-09,3.8e-07,2.130738865195823e-09,3.8e-07,2.136743787860319e-09,3.8e-07,2.17257216617235e-09,3.8e-07,2.127975334645702e-09,3.8e-07,2.143011347383733e-09,3.8e-07,2.147948575855577e-09,3.8e-07,2.169558912759166e-09,3.8e-07,2.129091783729752e-09,3.8e-07,2.200083344615134e-09,3.8e-07,2.15052868943953e-09,3.8e-07,2.096010903855802e-09,3.8e-07,2.104544631924394e-09,3.8e-07,2.198966946699892e-09,3.8e-07,2.152618682242605e-09,3.8e-07,2.148124260442475e-09,3.8e-07,2.110773124075372e-09,3.8e-07,2.084610667993334e-09,3.8e-07,2.205877451195021e-09,3.8e-07,2.148014402701821e-09,3.8e-07,2.155127440314872e-09,3.8e-07,2.099631440192715e-09,3.8e-07,2.193388777649773e-09,3.8e-07,2.20056064201074e-09,3.8e-07,2.178624969579342e-09,3.8e-07,2.078434346106211e-09,3.8e-07,2.115488894823225e-09,3.8e-07,2.174404580787204e-09,3.8e-07,2.163827446693178e-09,3.8e-07,2.046049437995755e-09,3.8e-07,2.175349426694863e-09,3.8e-07,2.174163275792068e-09,3.8e-07,2.111995809429908e-09,3.8e-07,2.174250850471229e-09,3.8e-07,2.200748000844396e-09,3.8e-07,2.115874047174923e-09,3.8e-07,2.113117202673273e-09,3.8e-07,2.132224961481437e-09,3.8e-07,2.152522918196366e-09,3.8e-07,2.21915988266299e-09,3.8e-07,2.11940571484497e-09,3.8e-07,2.182039535753339e-09,3.8e-07,2.147664697256723e-09,3.8e-07,2.128684793414847e-09,3.8e-07,2.150660367030689e-09,3.8e-07,2.152434202842277e-09,3.8e-07,2.151345354003301e-09,3.8e-07,2.125360544941463e-09,3.8e-07,2.090271174889453e-09,3.8e-07,2.192720033658729e-09,3.8e-07,2.137378882041104e-09,3.8e-07,2.213486563573452e-09,3.8e-07,2.134861660831954e-09,3.8e-07,2.11193352658747e-09,3.8e-07,2.155875708081871e-09,3.8e-07,2.204795069761646e-09,3.8e-07,2.158821420308058e-09
4e-07,2.207512265301046e-09,4e-07,2.213747470873344e-09,4e-07,2.216150452176821e-09,4e-07,2.239227833679362e-09,4e-07,2.092363410732196e-09,4e-07,2.1466503097411e-09,4e-07,2.23455724956258e-09,4e-07,2.190081819892718e-09,4e-07,2.160523614401276e-09,4e-07,2.139745691417197e-09,4e-07,2.241973931994277e-09,4e-07,2.184686159190462e-09,4e-07,2.18764189143462e-09,4e-07,2.221353563888541e-09,4e-07,2.222573975528829e-09,4e-07,2.177917327416018e-09,4e-07,2.202950163322178e-09,4e-07,2.195611215928652e-09,4e-07,2.210576110034789e-09,4e-07,2.211624764498498e-09,4e-07,2.155984929309252e-09,4e-07,2.21030594304736e-09,4e-07,2.156831690241282e-09,4e-07,2.145314402783391e-09,4e-07,2.173751551583193e-09,4e-07,2.199090508041274e-09,4e-07,2.199769494294435e-09,4e-07,2.218967417132547e-09,4e-07,2.172478060488269e-09,4e-07,2.166226837256058e-09,4e-07,2.213566613714627e-09,4e-07,2.159887493675534e-09,4e-07,2.189162869433637e-09,4e-07,2.170016351568998e-09,4e-07,2.19336327205844e-09,4e-07,2.180138025458536e-09,4e-07,2.187202932244491e-09,4e-07,2.281359860191218e-09,4e-07,2.17706265752759e-09,4e-07,2.170164118872752e-09,4e-07,2.150665188129721e-09,4e-07,2.178645053786115e-09,4e-07,2.201334081469785e-09,4e-07,2.214655835775847e-09,4e-07,2.171233371903893e-09,4e-07,2.177163502234878e-09,4e-07,2.215058989162295e-09,4e-07,2.169612604180144e-09,4e-07,2.183473264561162e-09,4e-07,2.189971094865757e-09,4e-07,2.209942029073172e-09,4e-07,2.170769938769571e-09,4e-07,2.241677081339147e-09,4e-07,2.191485349333911e-09,4e-07,2.136811158307895e-09,4e-07,2.145202773571216e-09,4e-07,2.241054298656144e-09,4e-07,2.194618431582211e-09,4e-07,2.189685687342522e-09,4e-07,2.151148741764257e-09,4e-07,2.124817015215666e-09,4e-07,2.248402226222933e-09,4e-07,2.188249791868727e-09,4e-07,2.196767851200953e-09,4e-07,2.140178688980791e-09,4e-07,2.235163006746529e-09,4e-07,2.242419692819368e-09,4e-07,2.2206909955646e-09,4e-07,2.118593464872149e-09,4e-07,2.156533363234998e-09,4e-07,2.21547107652978e-09,4e-07,2.205474204973696e-09,4e-07,2.085760299725642e-09,4e-07,2.217181088089271e-09,4e-07,2.215887024723028e-09,4e-07,2.152937553338474e-09,4e-07,2.215677035252479e-09,4e-07,2.243250184897952e-09,4e-07,2.156856721476233e-09,4e-07,2.151716787013506e-09,4e-07,2.174364733656053e-09,4e-07,2.194339493334737e-09,4e-07,2.261100509247063e-09,4e-07,2.159735240280895e-09,4e-07,2.223803051470442e-09,4e-07,2.188920888038197e-09,4e-07,2.17008924691008e-09,4e-07,2.191887118772905e-09,4e-07,2.19362898839825e-09,4e-07,2.192592539557144e-09,4e-07,2.166608364504096e-09,4e-07,2.130702712684696e-09,4e-07,2.234075482494703e-09,4e-07,2.178350562644953e-09,4e-07,2.256189478038361e-09,4e-07,2.176213918162693e-09,4e-07,2.152634064094669e-09,4e-07,2.195556197432849e-09,4e-07,2.24591201128809e-09,4e-07,2.200473599466989e-09
4.2e-07,2.249375654191889e-09,4.2e-07,2.255972598024486e-09,4.2e-07,2.25845451298997e-09,4.2e-07,2.281690439887668e-09,4.2e-07,2.13289243668787e-09,4.2e-07,2.188287156823088e-09,4.2e-07,2.276051825917172e-09,4.2e-07,2.232178585928399e-09,4.2e-07,2.201302955100542e-09,4.2e-07,2.179413073272699e-09,4.2e-07,2.28383829895175e-09,4.2e-07,2.225204166434562e-09,4.2e-07,2.229129288442204e-09,4.2e-07,2.263664680730111e-09,4.2e-07,2.263617101160299e-09,4.2e-07,2.219358682095893e-09,4.2e-07,2.245772865384688e-09,4.2e-07,2.237165146417819e-09,4.2e-07,2.251791001509727e-09,4.2e-07,2.253124033121355e-09,4.2e-07,2.196950982045794e-09,4.2e-07,2.252644240654852e-09,4.2e-07,2.197625042593602e-09,4.2e-07,2.18715957059259e-09,4.2e-07,2.215335048045615e-09,4.2e-07,2.240627117277852e-09,4.2e-07,2.241019895358918e-09,4.2e-07,2.260099761112178e-09,4.2e-07,2.213220062394526e-09,4.2e-07,2.207346314010712e-09,4.2e-07,2.256590033166472e-09,4.2e-07,2.201331459069367e-09,4.2e-07,2.230672403718138e-09,4.2e-07,2.210547458890603e-09,4.2e-07,2.23448476120695e-09,4.2e-07,2.2211882724571e-09,4.2e-07,2.230104121554789e-09,4.2e-07,2.32373012294796e-09,4.2e-07,2.218549714336933e-09,4.2e-07,2.210995333459955e-09,4.2e-07,2.194499383612772e-09,4.2e-07,2.220257409692893e-09,4.2e-07,2.242718397209409e-09,4.2e-07,2.256618965107724e-09,4.2e-07,2.211848744623536e-09,4.2e-07,2.217666108621355e-09,4.2e-07,2.256616520678931e-09,4.2e-07,2.211549991181808e-09,4.2e-07,2.225167187096671e-09,4.2e-07,2.231275588699008e-09,4.2e-07,2.252341459619507e-09,4.2e-07,2.212539354977187e-09,4.2e-07,2.28231046890514e-09,4.2e-07,2.232719342649476e-09,4.2e-07,2.178354914127868e-09,4.2e-07,2.184200764298904e-09,4.2e-07,2.283218447825265e-09,4.2e-07,2.236164966473993e-09,4.2e-07,2.23089573481232e-09,4.2e-07,2.192169367157846e-09,4.2e-07,2.165188896166779e-09,4.2e-07,2.290336257535487e-09,4.2e-07,2.229826790848061e-09,4.2e-07,2.238730249179194e-09,4.2e-07,2.181603866868884e-09,4.2e-07,2.276578278282657e-09,4.2e-07,2.285292386616756e-09,4.2e-07,2.262102963265033e-09,4.2e-07,2.158992198040908e-09,4.2e-07,2.198492704034488e-09,4.2e-07,2.258189161339357e-09,4.2e-07,2.246367364510655e-09,4.2e-07,2.124635497442715e-09,4.2e-07,2.257944987695737e-09,4.2e-07,2.257764419358647e-09,4.2e-07,2.193345736880783e-09,4.2e-07,2.25757254885858e-09,4.2e-07,2.285512665220712e-09,4.2e-07,2.197560808578527e-09,4.2e-07,2.193649799899561e-09,4.2e-07,2.216581856835088e-09,4.2e-07,2.236071999239573e-09,4.2e-07,2.303344142463435e-09,4.2e-07,2.200956393493726e-09,4.2e-07,2.264901700151316e-09,4.2e-07,2.229634605400983e-09,4.2e-07,2.210558303633117e-09,4.2e-07,2.234022086929061e-09,4.2e-07,2.23513299336315e-09,4.2e-07,2.234826907110748e-09,4.2e-07,2.208442994134307e-09,4.2e-07,2.170700949351035e-09,4.2e-07,2.276281777279174e-09,4.2e-07,2.219581181844885e-09,4.2e-07,2.298951620976883e-09,4.2e-07,2.218081216202591e-09,4.2e-07,2.191920160914758e-09,4.2e-07,2.239286015501487e-09,4.2e-07,2.287380642192404e-09,4.2e-07,2.241738825905448e-09
4.4e-07,2.289684374755519e-09,4.4e-07,2.297375814969415e-09,4.4e-07,2.300251180223584e-09,4.4e-07,2.32314642408189e-09,4.4e-07,2.173278267026734e-09,4.4e-07,2.229034839013325e-09,4.4e-07,2.317525482466914e-09,4.4e-07,2.273380283131538e-09,4.4e-07,2.242893766722432e-09,4.4e-07,2.219812811921382e-09,4.4e-07,2.325270000596989e-09,4.4e-07,2.26671899552532e-09,4.4e-07,2.270089198642729e-09,4.4e-07,2.306324156373859e-09,4.4e-07,2.305002621498779e-09,4.4e-07,2.260105182134659e-09,4.4e-07,2.287028376738319e-09,4.4e-07,2.278890628077706e-09,4.4e-07,2.293400943394906e-09,4.4e-07,2.293246905627961e-09,4.4e-07,2.237874281471349e-09,4.4e-07,2.294469363951117e-09,4.4e-07,2.239746717164865e-09,4.4e-07,2.2278922560404e-09,4.4e-07,2.255775300754193e-09,4.4e-07,2.281613086216263e-09,4.4e-07,2.282311274484187e-09,4.4e-07,2.30052650474007e-09,4.4e-07,2.254941270472438e-09,4.4e-07,2.248800034010256e-09,4.4e-07,2.297825877371551e-09,4.4e-07,2.24319256418324e-09,4.4e-07,2.271752664234448e-09,4.4e-07,2.251089365363269e-09,4.4e-07,2.276090664120948e-09,4.4e-07,2.26254203368087e-09,4.4e-07,2.271147515919636e-09,4.4e-07,2.366727587681668e-09,4.4e-07,2.259838133635297e-09,4.4e-07,2.251797269934465e-09,4.4e-07,2.235765146965572e-09,4.4e-07,2.262515111323576e-09,4.4e-07,2.284530920393112e-09,4.4e-07,2.298605214019553e-09,4.4e-07,2.252226226277892e-09,4.4e-07,2.258699008675387e-09,4.4e-07,2.29828519918082e-09,4.4e-07,2.252674528009307e-09,4.4e-07,2.265952865781882e-09,4.4e-07,2.273123246171396e-09,4.4e-07,2.293963912781509e-09,4.4e-07,2.253470136908027e-09,4.4e-07,2.324022922073249e-09,4.4e-07,2.273405405860968e-09,4.4e-07,2.219388000091609e-09,4.4e-07,2.225261604157962e-09,4.4e-07,2.325133569338875e-09,4.4e-07,2.277459752561352e-09,4.4e-07,2.273114303363301e-09,4.4e-07,2.232210948972626e-09,4.4e-07,2.205420606789954e-09,4.4e-07,2.332766060515802e-09,4.4e-07,2.270476105401925e-09,4.4e-07,2.279939877788655e-09,4.4e-07,2.222081088873799e-09,4.4e-07,2.317799669872371e-09,4.4e-07,2.328037692643649e-09,4.4e-07,2.303232441745556e-09,4.4e-07,2.199124033899344e-09,4.4e-07,2.239172753299787e-09,4.4e-07,2.299661149982583e-09,4.4e-07,2.289098720928641e-09,4.4e-07,2.164938607638342e-09,4.4e-07,2.299565124265526e-09,4.4e-07,2.299210443260769e-09,4.4e-07,2.234315024642482e-09,4.4e-07,2.298629487907555e-09,4.4e-07,2.327955600665342e-09,4.4e-07,2.238703637742398e-09,4.4e-07,2.234428109151277e-09,4.4e-07,2.25867172028541e-09,4.4e-07,2.277990632790307e-09,4.4e-07,2.34474957063154e-09,4.4e-07,2.240774515553516e-09,4.4e-07,2.306399705622669e-09,4.4e-07,2.271252244712804e-09,4.4e-07,2.253013809382323e-09,4.4e-07,2.275025696074929e-09,4.4e-07,2.276528320717172e-09,4.4e-07,2.276475704617702e-09,4.4e-07,2.249744418586693e-09,4.4e-07,2.2110913065322e-09,4.4e-07,2.317917653043455e-09,4.4e-07,2.260671435649982e-09,4.4e-07,2.34206463386389e-09,4.4e-07,2.258634682585862e-09,4.4e-07,2.232068384157416e-09,4.4e-07,2.280826378110618e-09,4.4e-07,2.329440309698265e-09,4.4e-07,2.282938292987386e-09
4.6e-07,2.331099841386573e-09,4.6e-07,2.339505958842451e-09,4.6e-07,2.341467760114288e-09,4.6e-07,2.366027066380982e-09,4.6e-07,2.212453997684773e-09,4.6e-07,2.269693246943597e-09,4.6e-07,2.359412771574681e-09,4.6e-07,2.314863785455409e-09,4.6e-07,2.283226084894841e-09,4.6e-07,2.260427255875922e-09,4.6e-07,2.367866076682018e-09,4.6e-07,2.308412554246821e-09,4.6e-07,2.311741622248696e-09,4.6e-07,2.349175191363398e-09,4.6e-07,2.345370134378344e-09,4.6e-07,2.301245155897047e-09,4.6e-07,2.329246777122899e-09,4.6e-07,2.320055342727038e-09,4.6e-07,2.33486233295023e-09,4.6e-07,2.335713448481264e-09,4.6e-07,2.277325073695061e-09,4.6e-07,2.336146962093516e-09,4.6e-07,2.280612973550378e-09,4.6e-07,2.268852709508124e-09,4.6e-07,2.297420660863427e-09,4.6e-07,2.323056431297301e-09,4.6e-07,2.324331319502809e-09,4.6e-07,2.343006033811867e-09,4.6e-07,2.29568881889966e-09,4.6e-07,2.289764877828257e-09,4.6e-07,2.339407415422299e-09,4.6e-07,2.28362304386065e-09,4.6e-07,2.313045751505838e-09,4.6e-07,2.291932193643109e-09,4.6e-07,2.318837664792375e-09,4.6e-07,2.303879147783206e-09,4.6e-07,2.31223959888566e-09,4.6e-07,2.408458390526386e-09,4.6e-07,2.301367299981417e-09,4.6e-07,2.292203404305741e-09,4.6e-07,2.276552551365514e-09,4.6e-07,2.302906282871206e-09,4.6e-07,2.326026565068155e-09,4.6e-07,2.340896114806884e-09,4.6e-07,2.293572002352448e-09,4.6e-07,2.299454154090191e-09,4.6e-07,2.34142917495604e-09,4.6e-07,2.293903319696789e-09,4.6e-07,2.307249899088183e-09,4.6e-07,2.314461921670446e-09,4.6e-07,2.336472760731946e-09,4.6e-07,2.294861228751411e-09,4.6e-07,2.365814385759553e-09,4.6e-07,2.314661591255329e-09,4.6e-07,2.259704437021505e-09,4.6e-07,2.265790177803107e-09,4.6e-07,2.366492655583261e-09,4.6e-07,2.319276600244488e-09,4.6e-07,2.314868402601364e-09,4.6e-07,2.272910518378809e-09,4.6e-07,2.246885930448302e-09,4.6e-07,2.37464090450915e-09,4.6e-07,2.311681726773569e-09,4.6e-07,2.322173167902148e-09,4.6e-07,2.263000841395349e-09,4.6e-07,2.360111114140709e-09,4.6e-07,2.370473736473936e-09,4.6e-07,2.34520359572872e-09,4.6e-07,2.23821264511739e-09,4.6e-07,2.279932768712275e-09,4.6e-07,2.341956777069067e-09,4.6e-07,2.329826556688689e-09,4.6e-07,2.205211246118419e-09,4.6e-07,2.341214013677347e-09,4.6e-07,2.340351081045261e-09,4.6e-07,2.276478573976386e-09,4.6e-07,2.340157984769485e-09,4.6e-07,2.36986971338943e-09,4.6e-07,2.279481081012637e-09,4.6e-07,2.274347603653488e-09,4.6e-07,2.300746109736221e-09,4.6e-07,2.320144325438392e-09,4.6e-07,2.387532989889014e-09,4.6e-07,2.282200910547954e-09,4.6e-07,2.34784127684657e-09,4.6e-07,2.312340928733448e-09,4.6e-07,2.294711842873926e-09,4.6e-07,2.316058653720581e-09,4.6e-07,2.317397513375795e-09,4.6e-07,2.318449411547479e-09,4.6e-07,2.290399719027062e-09,4.6e-07,2.251211024152226e-09,4.6e-07,2.359463528345361e-09,4.6e-07,2.301822489467011e-09,4.6e-07,2.384621104811632e-09,4.6e-07,2.300740219902815e-09,4.6e-07,2.272216899735634e-09,4.6e-07,2.321554626639363e-09,4.6e-07,2.372180513311771e-09,4.6e-07,2.324664612647528e-09
4.800000000000001e-07,2.37225305507025e-09,4.800000000000001e-07,2.381338570883957e-09,4.800000000000001e-07,2.383445200165172e-09,4.800000000000001e-07,2.408583849559164e-09,4.800000000000001e-07,2.253144438161537e-09,4.800000000000001e-07,2.310268255024129e-09,4.800000000000001e-07,2.401847232022056e-09,4.800000000000001e-07,2.356228322164604e-09,4.800000000000001e-07,2.324897155230388e-09,4.800000000000001e-07,2.300163091068108e-09,4.800000000000001e-07,2.409199123629969e-09,4.800000000000001e-07,2.350054192497525e-09,4.800000000000001e-07,2.352921758903685e-09,4.800000000000001e-07,2.39150917139359e-09,4.800000000000001e-07,2.385818231950719e-09,4.800000000000001e-07,2.342045362047685e-09,4.800000000000001e-07,2.370759782859452e-09,4.800000000000001e-07,2.362292322024728e-09,4.800000000000001e-07,2.376459153400438e-09,4.800000000000001e-07,2.376375843417734e-09,4.800000000000001e-07,2.319504091169934e-09,4.800000000000001e-07,2.378123038541374e-09,4.800000000000001e-07,2.321908226862761e-09,4.800000000000001e-07,2.308600421563179e-09,4.800000000000001e-07,2.338474314273034e-09,4.800000000000001e-07,2.365210286028444e-09,4.800000000000001e-07,2.366401501821947e-09,4.800000000000001e-07,2.384823607858362e-09,4.800000000000001e-07,2.337443714397107e-09,4.800000000000001e-07,2.331614383561535e-09,4.800000000000001e-07,2.380713670283156e-09,4.800000000000001e-07,2.325569869707708e-09,4.800000000000001e-07,2.354429663440195e-09,4.800000000000001e-07,2.332713639655254e-09,4.800000000000001e-07,2.359494435446303e-09,4.800000000000001e-07,2.345049047601724e-09,4.800000000000001e-07,2.354038062286405e-09,4.800000000000001e-07,2.451630258795477e-09,4.800000000000001e-07,2.342785924065088e-09,4.800000000000001e-07,2.333494402406114e-09,4.800000000000001e-07,2.318050526990312e-09,4.800000000000001e-07,2.346143582008307e-09,4.800000000000001e-07,2.367729759820821e-09,4.800000000000001e-07,2.382728282430536e-09,4.800000000000001e-07,2.333984071614048e-09,4.800000000000001e-07,2.339814813469315e-09,4.800000000000001e-07,2.381685167712621e-09,4.800000000000001e-07,2.334777589161411e-09,4.800000000000001e-07,2.34785581586527e-09,4.800000000000001e-07,2.355988380509316e-09,4.800000000000001e-07,2.377657769966489e-09,4.800000000000001e-07,2.336050471621644e-09,4.800000000000001e-07,2.407539603752941e-09,4.800000000000001e-07,2.354105080423131e-09,4.800000000000001e-07,2.301358851007311e-09,4.800000000000001e-07,2.30609523047988e-09,4.800000000000001e-07,2.409226769232657e-09,4.800000000000001e-07,2.360948138671319e-09,4.800000000000001e-07,2.356825589623497e-09,4.800000000000001e-07,2.31458261087499e-09,4.800000000000001e-07,2.287418440652423e-09,4.800000000000001e-07,2.417352826418874e-09,4.800000000000001e-07,2.352055382374193e-09,4.800000000000001e-07,2.36378198127947e-09,4.800000000000001e-07,2.30294060371275e-09,4.800000000000001e-07,2.401838747968088e-09,4.800000000000001e-07,2.412639316289733e-09,4.800000000000001e-07,2.387686111591905e-09,4.800000000000001e-07,2.279459190097163e-09,4.800000000000001e-07,2.32152524603777e-09,4.800000000000001e-07,2.38403849655189e-09,4.800000000000001e-07,2.370834061757398e-09,4.800000000000001e-07,2.243417778654136e-09,4.800000000000001e-07,2.382776556667222e-09,4.800000000000001e-07,2.382389565141611e-09,4.800000000000001e-07,2.316604735797202e-09,4.800000000000001e-07,2.382170587881714e-09,4.800000000000001e-07,2.412458402173781e-09,4.800000000000001e-07,2.320483474422193e-09,4.800000000000001e-07,2.31524535884472e-09,4.800000000000001e-07,2.342742617074126e-09,4.800000000000001e-07,2.36179862922248e-09,4.800000000000001e-07,2.429791470261648e-09,4.800000000000001e-07,2.323339448466127e-09,4.800000000000001e-07,2.389450621470421e-09,4.800000000000001e-07,2.354064815850913e-09,4.800000000000001e-07,2.334950513853096e-09,4.800000000000001e-07,2.357564673680217e-09,4.800000000000001e-07,2.358694928106082e-09,4.800000000000001e-07,2.359830539119981e-09,4.800000000000001e-07,2.332065041149468e-09,4.800000000000001e-07,2.29190779512992e-09,4.800000000000001e-07,2.400033038293407e-09,4.800000000000001e-07,2.342541713978999e-09,4.800000000000001e-07,2.427264480069423e-09,4.800000000000001e-07,2.342914990557466e-09,4.800000000000001e-07,2.312728985756077e-09,4.800000000000001e-07,2.363238876134954e-09,4.800000000000001e-07,2.413346485010754e-09,4.800000000000001e-07,2.366407364747535e-09
5e-07,2.412998221181564e-09,5e-07,2.422932271439165e-09,5e-07,2.42475029089288e-09,5e-07,2.451220920340995e-09,5e-07,2.293326819668358e-09,5e-07,2.351489237392483e-09,5e-07,2.444622373734044e-09,5e-07,2.397348205106329e-09,5e-07,2.366301066613823e-09,5e-07,2.341010552996828e-09,5e-07,2.450720154394758e-09,5e-07,2.390610046460471e-09,5e-07,2.394120013739485e-09,5e-07,2.434382773634707e-09,5e-07,2.428554187244891e-09,5e-07,2.382121186072684e-09,5e-07,2.412197425975009e-09,5e-07,2.403105600497216e-09,5e-07,2.419620901904914e-09,5e-07,2.41801093468068e-09,5e-07,2.358715254995518e-09,5e-07,2.420286852855959e-09,5e-07,2.363148327713693e-09,5e-07,2.350855277121487e-09,5e-07,2.379808282681377e-09,5e-07,2.40641671242773e-09,5e-07,2.407991724410579e-09,5e-07,2.425747625876899e-09,5e-07,2.379208542168586e-09,5e-07,2.37325078749914e-09,5e-07,2.42233393035969e-09,5e-07,2.366905399449013e-09,5e-07,2.395666481883027e-09,5e-07,2.372064269318732e-09,5e-07,2.401663318165209e-09,5e-07,2.38570631364492e-09,5e-07,2.394891684782966e-09,5e-07,2.493692997515804e-09,5e-07,2.385745112184556e-09,5e-07,2.372994810488158e-09,5e-07,2.359246730444778e-09,5e-07,2.388931824749731e-09,5e-07,2.408454906221119e-09,5e-07,2.424203841777454e-09,5e-07,2.374658672802353e-09,5e-07,2.381362504676676e-09,5e-07,2.425424012703109e-09,5e-07,2.376668818814754e-09,5e-07,2.387549800624412e-09,5e-07,2.396323963780299e-09,5e-07,2.41961464961475e-09,5e-07,2.377821464026942e-09,5e-07,2.449217139836941e-09,5e-07,2.397439238527105e-09,5e-07,2.34264922732328e-09,5e-07,2.348719535467148e-09,5e-07,2.452052860075742e-09,5e-07,2.4015856963398e-09,5e-07,2.39800806423958e-09,5e-07,2.355351667777232e-09,5e-07,2.327963325835819e-09,5e-07,2.460136654453374e-09,5e-07,2.39238451824566e-09,5e-07,2.405254984880199e-09,5e-07,2.345317941129438e-09,5e-07,2.444368019289774e-09,5e-07,2.454979721228416e-09,5e-07,2.428929836088259e-09,5e-07,2.319893119696934e-09,5e-07,2.3630938705011e-09,5e-07,2.424510895999608e-09,5e-07,2.413757093609554e-09,5e-07,2.284148099009964e-09,5e-07,2.42473326040347e-09,5e-07,2.424353853598688e-09,5e-07,2.358120014992982e-09,5e-07,2.423199391355062e-09,5e-07,2.453738024454122e-09,5e-07,2.362113246092182e-09,5e-07,2.355675898027823e-09,5e-07,2.385366918133205e-09,5e-07,2.403383551974659e-09,5e-07,2.47174846815958e-09,5e-07,2.363272333393044e-09,5e-07,2.430545327366262e-09,5e-07,2.39427845876712e-09,5e-07,2.376548479190597e-09,5e-07,2.400074853260745e-09,5e-07,2.399863061394668e-09,5e-07,2.401329795377613e-09,5e-07,2.372859453680148e-09,5e-07,2.331680657073743e-09,5e-07,2.4418135282084e-09,5e-07,2.384203334564318e-09,5e-07,2.470283510822693e-09,5e-07,2.384206360060651e-09,5e-07,2.352227915242175e-09,5e-07,2.403538703133276e-09,5e-07,2.454009063745917e-09,5e-07,2.409149124714472e-09
5.200000000000001e-07,2.454611234399154e-09,5.200000000000001e-07,2.464518556271151e-09,5.200000000000001e-07,2.466391983884927e-09,5.200000000000001e-07,2.493185400124716e-09,5.200000000000001e-07,2.333394583190524e-09,5.200000000000001e-07,2.391483973284721e-09,5.200000000000001e-07,2.486325689743511e-09,5.200000000000001e-07,2.438727699512458e-09,5.200000000000001e-07,2.407816906287875e-09,5.200000000000001e-07,2.380872620997304e-09,5.200000000000001e-07,2.492964418356802e-09,5.200000000000001e-07,2.43242380606198e-09,5.200000000000001e-07,2.435051686678055e-09,5.200000000000001e-07,2.477282586647374e-09,5.200000000000001e-07,2.469569425591113e-09,5.200000000000001e-07,2.422897749142868e-09,5.200000000000001e-07,2.453408028437409e-09,5.200000000000001e-07,2.44416635018276e-09,5.200000000000001e-07,2.460471005400303e-09,5.200000000000001e-07,2.458948320011157e-09,5.200000000000001e-07,2.401159481548199e-09,5.200000000000001e-07,2.462408846366298e-09,5.200000000000001e-07,2.404075140242697e-09,5.200000000000001e-07,2.39184374029237e-09,5.200000000000001e-07,2.420202101108493e-09,5.200000000000001e-07,2.447665904222297e-09,5.200000000000001e-07,2.449782591183207e-09,5.200000000000001e-07,2.467409779521738e-09,5.200000000000001e-07,2.42083748392291e-09,5.200000000000001e-07,2.415086852631658e-09,5.200000000000001e-07,2.463579694017273e-09,5.200000000000001e-07,2.408093989854639e-09,5.200000000000001e-07,2.436738142088114e-09,5.200000000000001e-07,2.413581504243206e-09,5.200000000000001e-07,2.443080101030203e-09,5.200000000000001e-07,2.428284478870487e-09,5.200000000000001e-07,2.436001018721289e-09,5.200000000000001e-07,2.535939264245554e-09,5.200000000000001e-07,2.4264247699772e-09,5.200000000000001e-07,2.414459762794744e-09,5.200000000000001e-07,2.400452254435028e-09,5.200000000000001e-07,2.431089266181834e-09,5.200000000000001e-07,2.45004546536933e-09,5.200000000000001e-07,2.468424941672907e-09,5.200000000000001e-07,2.414708073506419e-09,5.200000000000001e-07,2.421704523354196e-09,5.200000000000001e-07,2.467463397211477e-09,5.200000000000001e-07,2.417954734629808e-09,5.200000000000001e-07,2.429536966089963e-09,5.200000000000001e-07,2.438464849859047e-09,5.200000000000001e-07,2.460900658192678e-09,5.200000000000001e-07,2.418479908696387e-09,5.200000000000001e-07,2.490496995745664e-09,5.200000000000001e-07,2.438526219631309e-09,5.200000000000001e-07,2.382985043620634e-09,5.200000000000001e-07,2.389051678734361e-09,5.200000000000001e-07,2.494006962828041e-09,5.200000000000001e-07,2.442803619926063e-09,5.200000000000001e-07,2.439675903744575e-09,5.200000000000001e-07,2.395547336667007e-09,5.200000000000001e-07,2.368975146803765e-09,5.200000000000001e-07,2.502668660709196e-09,5.200000000000001e-07,2.433009614667688e-09,5.200000000000001e-07,2.446801059223965e-09,5.200000000000001e-07,2.385679257812686e-09,5.200000000000001e-07,2.485520575223211e-09,5.200000000000001e-07,2.497387311491345e-09,5.200000000000001e-07,2.470991418148738e-09,5.200000000000001e-07,2.360259187140904e-09,5.200000000000001e-07,2.404357310255579e-09,5.200000000000001e-07,2.46801977250211e-09,5.200000000000001e-07,2.454419372677083e-09,5.200000000000001e-07,2.323929573549251e-09,5.200000000000001e-07,2.465716705789812e-09,5.200000000000001e-07,2.465596825879042e-09,5.200000000000001e-07,2.399450923552907e-09,5.200000000000001e-07,2.464529919815057e-09,5.200000000000001e-07,2.495549567209251e-09,5.200000000000001e-07,2.403150829812348e-09,5.200000000000001e-07,2.396034948602857e-09,5.200000000000001e-07,2.427247776798408e-09,5.200000000000001e-07,2.445287624700593e-09,5.200000000000001e-07,2.513863587121196e-09,5.200000000000001e-07,2.402994100103952e-09,5.200000000000001e-07,2.472542431459056e-09,5.200000000000001e-07,2.437261985917992e-09,5.200000000000001e-07,2.417964569785729e-09,5.200000000000001e-07,2.441231765389841e-09,5.200000000000001e-07,2.441252594377725e-09,5.200000000000001e-07,2.442835522121842e-09,5.200000000000001e-07,2.413889192485505e-09,5.200000000000001e-07,2.371738161258663e-09,5.200000000000001e-07,2.483329192115456e-09,5.200000000000001e-07,2.424729635350921e-09,5.200000000000001e-07,2.512753231138632e-09,5.200000000000001e-07,2.425121848353088e-09,5.200000000000001e-07,2.393538574811206e-09,5.200000000000001e-07,2.44541558762e-09,5.200000000000001e-07,2.495857872294419e-09,5.200000000000001e-07,2.450252284282585e-09
5.4e-07,2.495656732151364e-09,5.4e-07,2.50654578307005e-09,5.4e-07,2.507185423067393e-09,5.4e-07,2.535771734114787e-09,5.4e-07,2.373414231910867e-09,5.4e-07,2.432447303980921e-09,5.4e-07,2.528397405183517e-09,5.4e-07,2.480211470824799e-09,5.4e-07,2.449053274799034e-09,5.4e-07,2.421690833003044e-09,5.4e-07,2.535149498184914e-09,5.4e-07,2.47403726446324e-09,5.4e-07,2.47717476249319e-09,5.4e-07,2.519149906524655e-09,5.4e-07,2.510472188533949e-09,5.4e-07,2.463427645766708e-09,5.4e-07,2.495634173851044e-09,5.4e-07,2.486664105101202e-09,5.4e-07,2.502316810698548e-09,5.4e-07,2.500339036359137e-09,5.4e-07,2.441867802468472e-09,5.4e-07,2.503800176886304e-09,5.4e-07,2.445087370174437e-09,5.4e-07,2.432708094734041e-09,5.4e-07,2.461246126324939e-09,5.4e-07,2.489617272104147e-09,5.4e-07,2.491703310691986e-09,5.4e-07,2.508942640566624e-09,5.4e-07,2.462360203380017e-09,5.4e-07,2.456571418442871e-09,5.4e-07,2.504947265740517e-09,5.4e-07,2.449465562971196e-09,5.4e-07,2.478461241003961e-09,5.4e-07,2.454610672289466e-09,5.4e-07,2.485767127375623e-09,5.4e-07,2.469961157269523e-09,5.4e-07,2.477527849635959e-09,5.4e-07,2.578980490990811e-09,5.4e-07,2.467274752430421e-09,5.4e-07,2.455471273225492e-09,5.4e-07,2.441075546560686e-09,5.4e-07,2.472719571097328e-09,5.4e-07,2.491746709704057e-09,5.4e-07,2.509895777937005e-09,5.4e-07,2.456532917648107e-09,5.4e-07,2.462431887926506e-09,5.4e-07,2.50964727299507e-09,5.4e-07,2.459284160811327e-09,5.4e-07,2.470244922443652e-09,5.4e-07,2.479935039916871e-09,5.4e-07,2.503433825039218e-09,5.4e-07,2.458983285973889e-09,5.4e-07,2.532247885912625e-09,5.4e-07,2.479948399733071e-09,5.4e-07,2.424042027352046e-09,5.4e-07,2.42933790268901e-09,5.4e-07,2.536219210134471e-09,5.4e-07,2.484375723763409e-09,5.4e-07,2.48152708416621e-09,5.4e-07,2.436283734719357e-09,5.4e-07,2.409798668691432e-09,5.4e-07,2.544700821503053e-09,5.4e-07,2.474082119399663e-09,5.4e-07,2.48783514644935e-09,5.4e-07,2.426690678449798e-09,5.4e-07,2.527428084951734e-09,5.4e-07,2.539758097311291e-09,5.4e-07,2.511789258814585e-09,5.4e-07,2.398477317963052e-09,5.4e-07,2.445671977417358e-09,5.4e-07,2.509804826560126e-09,5.4e-07,2.496332823633526e-09,5.4e-07,2.362133157324595e-09,5.4e-07,2.507765425095487e-09,5.4e-07,2.507850609490342e-09,5.4e-07,2.439850802766503e-09,5.4e-07,2.50635117681059e-09,5.4e-07,2.538315731029673e-09,5.4e-07,2.443647265556615e-09,5.4e-07,2.436514214548207e-09,5.4e-07,2.468706076505217e-09,5.4e-07,2.487295222127088e-09,5.4e-07,2.555986275758827e-09,5.4e-07,2.444221414542693e-09,5.4e-07,2.513954118489063e-09,5.4e-07,2.477947344031183e-09,5.4e-07,2.459795868666034e-09,5.4e-07,2.481970690482211e-09,5.4e-07,2.482417721270056e-09,5.4e-07,2.484866706185203e-09,5.4e-07,2.455519777579396e-09,5.4e-07,2.411486132419219e-09,5.4e-07,2.525202531994425e-09,5.4e-07,2.46581888463877e-09,5.4e-07,2.554092245483954e-09,5.4e-07,2.466556661727599e-09,5.4e-07,2.433366041797299e-09,5.4e-07,2.486604322096758e-09,5.4e-07,2.538108734372267e-09,5.4e-07,2.491402431881413e-09
5.6e-07,2.536893670644129e-09,5.6e-07,2.54856297824848e-09,5.6e-07,2.549945399735925e-09,5.6e-07,2.577876599623039e-09,5.6e-07,2.413608401048321e-09,5.6e-07,2.4732101159105e-09,5.6e-07,2.570460342384981e-09,5.6e-07,2.521275976266769e-09,5.6e-07,2.490426429632195e-09,5.6e-07,2.461709717302192e-09,5.6e-07,2.576612129646831e-09,5.6e-07,2.513907635065647e-09,5.6e-07,2.518185902277778e-09,5.6e-07,2.562116824951396e-09,5.6e-07,2.552095635871064e-09,5.6e-07,2.505384584176979e-09,5.6e-07,2.537369967731153e-09,5.6e-07,2.528121118658111e-09,5.6e-07,2.54414896794274e-09,5.6e-07,2.541480684200945e-09,5.6e-07,2.483207539785504e-09,5.6e-07,2.546491641228454e-09,5.6e-07,2.48689624315288e-09,5.6e-07,2.473863164290357e-09,5.6e-07,2.502591073260002e-09,5.6e-07,2.531118238302511e-09,5.6e-07,2.533340340137803e-09,5.6e-07,2.550465295963985e-09,5.6e-07,2.503181773536079e-09,5.6e-07,2.498150927035994e-09,5.6e-07,2.546609335577448e-09,5.6e-07,2.490873244651183e-09,5.6e-07,2.518655494751173e-09,5.6e-07,2.4949449013932e-09,5.6e-07,2.527250919645291e-09,5.6e-07,2.511237258008611e-09,5.6e-07,2.519186234595284e-09,5.6e-07,2.621604017075785e-09,5.6e-07,2.508863425168991e-09,5.6e-07,2.496442862756484e-09,5.6e-07,2.48157791021356e-09,5.6e-07,2.51480121959024e-09,5.6e-07,2.53395228265309e-09,5.6e-07,2.552757508695129e-09,5.6e-07,2.497080753133476e-09,5.6e-07,2.503083409146319e-09,5.6e-07,2.550830904688855e-09,5.6e-07,2.500496485621518e-09,5.6e-07,2.510494886097819e-09,5.6e-07,2.520271316647117e-09,5.6e-07,2.543939101165935e-09,5.6e-07,2.500973617151799e-09,5.6e-07,2.573966365151026e-09,5.6e-07,2.521270856372821e-09,5.6e-07,2.464912639482395e-09,5.6e-07,2.470422663866116e-09,5.6e-07,2.578262599530178e-09,5.6e-07,2.526547613188999e-09,5.6e-07,2.523606863795782e-09,5.6e-07,2.477205667889812e-09,5.6e-07,2.450365944355466e-09,5.6e-07,2.587326189052371e-09,5.6e-07,2.514217835256453e-09,5.6e-07,2.530463131948685e-09,5.6e-07,2.466989319682128e-09,5.6e-07,2.569071274882753e-09,5.6e-07,2.582137269579757e-09,5.6e-07,2.554699512333312e-09,5.6e-07,2.440209128120523e-09,5.6e-07,2.486808895032434e-09,5.6e-07,2.552091202519175e-09,5.6e-07,2.537280000757425e-09,5.6e-07,2.401938140992053e-09,5.6e-07,2.549092280740524e-09,5.6e-07,2.549113406980582e-09,5.6e-07,2.482179518566892e-09,5.6e-07,2.547548133223944e-09,5.6e-07,2.58066558504338e-09,5.6e-07,2.484227098355785e-09,5.6e-07,2.477214448917514e-09,5.6e-07,2.511183645041548e-09,5.6e-07,2.529540619940758e-09,5.6e-07,2.598368723789163e-09,5.6e-07,2.485609042133828e-09,5.6e-07,2.555445311364437e-09,5.6e-07,2.520226671614833e-09,5.6e-07,2.501202218853455e-09,5.6e-07,2.52374766644697e-09,5.6e-07,2.523916677818546e-09,5.6e-07,2.526740051787415e-09,5.6e-07,2.49673303828661e-09,5.6e-07,2.452982848493136e-09,5.6e-07,2.56672162273955e-09,5.6e-07,2.507657037305673e-09,5.6e-07,2.597722161985604e-09,5.6e-07,2.508239128612826e-09,5.6e-07,2.474042307135908e-09,5.6e-07,2.528362462110266e-09,5.6e-07,2.580458191349398e-09,5.6e-07,2.533406190109853e-09
5.800000000000001e-07,2.577581590303695e-09,5.800000000000001e-07,2.589865685716814e-09,5.800000000000001e-07,2.591731088297725e-09,5.800000000000001e-07,2.620157932629945e-09,5.800000000000001e-07,2.453970452156358e-09,5.800000000000001e-07,2.514564541250379e-09,5.800000000000001e-07,2.612208534157137e-09,5.800000000000001e-07,2.563284453491495e-09,5.800000000000001e-07,2.531310495767145e-09,5.800000000000001e-07,2.502573785433753e-09,5.800000000000001e-07,2.618749703224517e-09,5.800000000000001e-07,2.555902856104448e-09,5.800000000000001e-07,2.559376680589846e-09,5.800000000000001e-07,2.605164430019633e-09,5.800000000000001e-07,2.592984973082151e-09,5.800000000000001e-07,2.546612257375408e-09,5.800000000000001e-07,2.579784861822573e-09,5.800000000000001e-07,2.569631730899757e-09,5.800000000000001e-07,2.585731296713981e-09,5.800000000000001e-07,2.582890231942839e-09,5.800000000000001e-07,2.523650899274441e-09,5.800000000000001e-07,2.588103611536336e-09,5.800000000000001e-07,2.52754089224909e-09,5.800000000000001e-07,2.515201669901063e-09,5.800000000000001e-07,2.543602746938647e-09,5.800000000000001e-07,2.572745283648814e-09,5.800000000000001e-07,2.575078100304689e-09,5.800000000000001e-07,2.591529865582671e-09,5.800000000000001e-07,2.544144031542396e-09,5.800000000000001e-07,2.539367645903701e-09,5.800000000000001e-07,2.588165056448839e-09,5.800000000000001e-07,2.532491827086693e-09,5.800000000000001e-07,2.559368702005593e-09,5.800000000000001e-07,2.53557792146853e-09,5.800000000000001e-07,2.567376457617573e-09,5.800000000000001e-07,2.552307660275003e-09,5.800000000000001e-07,2.560103842665891e-09,5.800000000000001e-07,2.664291640461852e-09,5.800000000000001e-07,2.550439925287003e-09,5.800000000000001e-07,2.537289861166824e-09,5.800000000000001e-07,2.524076795184743e-09,5.800000000000001e-07,2.55595259662829e-09,5.800000000000001e-07,2.575500341183056e-09,5.800000000000001e-07,2.595130037681603e-09,5.800000000000001e-07,2.538042769666914e-09,5.800000000000001e-07,2.543845744139903e-09,5.800000000000001e-07,2.593588998413794e-09,5.800000000000001e-07,2.541779852824589e-09,5.800000000000001e-07,2.552657971384878e-09,5.800000000000001e-07,2.562837652631613e-09,5.800000000000001e-07,2.586129185623516e-09,5.800000000000001e-07,2.542717878470693e-09,5.800000000000001e-07,2.61479188013133e-09,5.800000000000001e-07,2.561521702298607e-09,5.800000000000001e-07,2.50699637339906e-09,5.800000000000001e-07,2.509837041016199e-09,5.800000000000001e-07,2.620654869535314e-09,5.800000000000001e-07,2.568290424523033e-09,5.800000000000001e-07,2.564887426915037e-09,5.800000000000001e-07,2.518169379824325e-09,5.800000000000001e-07,2.490583039038121e-09,5.800000000000001e-07,2.629518623928427e-09,5.800000000000001e-07,2.555935525328592e-09,5.800000000000001e-07,2.572507218186428e-09,5.800000000000001e-07,2.508223062403348e-09,5.800000000000001e-07,2.610231822875035e-09,5.800000000000001e-07,2.62512157787264e-09,5.800000000000001e-07,2.595776588250872e-09,5.800000000000001e-07,2.480652309903802e-09,5.800000000000001e-07,2.528041992770455e-09,5.800000000000001e-07,2.593717937235848e-09,5.800000000000001e-07,2.579840690001711e-09,5.800000000000001e-07,2.442822140122334e-09,5.800000000000001e-07,2.590172257619122e-09,5.800000000000001e-07,2.5910313849035e-09,5.800000000000001e-07,2.52240534954572e-09,5.800000000000001e-07,2.589862120582804e-09,5.800000000000001e-07,2.623168109267388e-09,5.800000000000001e-07,2.52472435689273e-09,5.800000000000001e-07,2.515963115507779e-09,5.800000000000001e-07,2.553695684543522e-09,5.800000000000001e-07,2.570963371591411e-09,5.800000000000001e-07,2.640375344442387e-09,5.800000000000001e-07,2.526750723512716e-09,5.800000000000001e-07,2.596704164630659e-09,5.800000000000001e-07,2.560325701273457e-09,5.800000000000001e-07,2.54278583132879e-09,5.800000000000001e-07,2.565120924764265e-09,5.800000000000001e-07,2.565371774643069e-09,5.800000000000001e-07,2.567298043919379e-09,5.800000000000001e-07,2.538331739087613e-09,5.800000000000001e-07,2.492984228873492e-09,5.800000000000001e-07,2.608137436574919e-09,5.800000000000001e-07,2.548703961049652e-09,5.800000000000001e-07,2.639890984507882e-09,5.800000000000001e-07,2.55019031054005e-09,5.800000000000001e-07,2.51344610103661e-09,5.800000000000001e-07,2.56943221952068e-09,5.800000000000001e-07,2.621794240276162e-09,5.800000000000001e-07,2.574819636858878e-09
6.000000000000001e-07,2.619511108196329e-09,6.000000000000001e-07,2.631847591055511e-09,6.000000000000001e-07,2.633629362376902e-09,6.000000000000001e-07,2.662153186643293e-09,6.000000000000001e-07,2.492996725720619e-09,6.000000000000001e-07,2.555054141598498e-09,6.000000000000001e-07,2.654407974546313e-09,6.000000000000001e-07,2.605127933445679e-09,6.000000000000001e-07,2.572777031078083e-09,6.000000000000001e-07,2.542660537628854e-09,6.000000000000001e-07,2.660013671490136e-09,6.000000000000001e-07,2.597516870337834e-09,6.000000000000001e-07,2.600807070873549e-09,6.000000000000001e-07,2.647572482318843e-09,6.000000000000001e-07,2.634364354645173e-09,6.000000000000001e-07,2.58773804949245e-09,6.000000000000001e-07,2.621388963023491e-09,6.000000000000001e-07,2.611526252509117e-09,6.000000000000001e-07,2.62726911006878e-09,6.000000000000001e-07,2.623983717851043e-09,6.000000000000001e-07,2.564977816233484e-09,6.000000000000001e-07,2.630443938463665e-09,6.000000000000001e-07,2.568893895703317e-09,6.000000000000001e-07,2.555677862633675e-09,6.000000000000001e-07,2.585097255769736e-09,6.000000000000001e-07,2.614071291972289e-09,6.000000000000001e-07,2.616956959596934e-09,6.000000000000001e-07,2.632121747726174e-09,6.000000000000001e-07,2.586508105336262e-09,6.000000000000001e-07,2.580268724823548e-09,6.000000000000001e-07,2.629937139751195e-09,6.000000000000001e-07,2.573907138363377e-09,6.000000000000001e-07,2.601909530888462e-09,6.000000000000001e-07,2.576292224558609e-09,6.000000000000001e-07,2.610521102643464e-09,6.000000000000001e-07,2.593414188148155e-09,6.000000000000001e-07,2.601207237594157e-09,6.000000000000001e-07,2.70697848659581e-09,6.000000000000001e-07,2.591836369338667e-09,6.000000000000001e-07,2.577910574816311e-09,6.000000000000001e-07,2.566257943635908e-09,6.000000000000001e-07,2.598782063651141e-09,6.000000000000001e-07,2.61720114149171e-09,6.000000000000001e-07,2.635994928333308e-09,6.000000000000001e-07,2.577460238890667e-09,6.000000000000001e-07,2.584702240976758e-09,6.000000000000001e-07,2.635731272674804e-09,6.000000000000001e-07,2.582968935051713e-09,6.000000000000001e-07,2.593864257910353e-09,6.000000000000001e-07,2.604719444085804e-09,6.000000000000001e-07,2.627974024675758e-09,6.000000000000001e-07,2.583763283210925e-09,6.000000000000001e-07,2.65544061586868e-09,6.000000000000001e-07,2.603322666226003e-09,6.000000000000001e-07,2.547422797056187e-09,6.000000000000001e-07,2.550890553613558e-09,6.000000000000001e-07,2.66305969686931e-09,6.000000000000001e-07,2.610182323229239e-09,6.000000000000001e-07,2.606771618537406e-09,6.000000000000001e-07,2.559118366067689e-09,6.000000000000001e-07,2.531308476450258e-09,6.000000000000001e-07,2.671684264975591e-09,6.000000000000001e-07,2.59689728036794e-09,6.000000000000001e-07,2.61429298498302e-09,6.000000000000001e-07,2.549475727658397e-09,6.000000000000001e-07,2.651750997924236e-09,6.000000000000001e-07,2.667653373634177e-09,6.000000000000001e-07,2.637774597365006e-09,6.000000000000001e-07,2.521034126844724e-09,6.000000000000001e-07,2.569621466037738e-09,6.000000000000001e-07,2.63572833215584e-09,6.000000000000001e-07,2.621367090239847e-09,6.000000000000001e-07,2.483105915277174e-09,6.000000000000001e-07,2.630448323593166e-09,6.000000000000001e-07,2.632575635719547e-09,6.000000000000001e-07,2.563551467354056e-09,6.000000000000001e-07,2.630903922975936e-09,6.000000000000001e-07,2.66532758091726e-09,6.000000000000001e-07,2.566627830956346e-09,6.000000000000001e-07,2.557876915717546e-09,6.000000000000001e-07,2.595740199964076e-09,6.000000000000001e-07,2.613360946953031e-09,6.000000000000001e-07,2.682700784542352e-09,6.000000000000001e-07,2.567014810123399e-09,6.000000000000001e-07,2.6366081847697e-09,6.000000000000001e-07,2.601957773003175e-09,6.000000000000001e-07,2.584183639557846e-09,6.000000000000001e-07,2.606893035828309e-09,6.000000000000001e-07,2.606308237884832e-09,6.000000000000001e-07,2.610155406625458e-09,6.000000000000001e-07,2.579902274803659e-09,6.000000000000001e-07,2.532994729581919e-09,6.000000000000001e-07,2.649727587482249e-09,6.000000000000001e-07,2.589815569506809e-09,6.000000000000001e-07,2.683631814666747e-09,6.000000000000001e-07,2.591310239853417e-09,6.000000000000001e-07,2.553572980546527e-09,6.000000000000001e-07,2.610841505486943e-09,6.000000000000001e-07,2.663225110504694e-09,6.000000000000001e-07,2.616546855781035e-09
6.200000000000001e-07,2.660644043765823e-09,6.200000000000001e-07,2.674186978856325e-09,6.200000000000001e-07,2.675032401229542e-09,6.200000000000001e-07,2.70493611905483e-09,6.200000000000001e-07,2.534464503112254e-09,6.200000000000001e-07,2.5959697114339e-09,6.200000000000001e-07,2.695786070175372e-09,6.200000000000001e-07,2.646054701173137e-09,6.200000000000001e-07,2.614106138704947e-09,6.200000000000001e-07,2.583440568054934e-09,6.200000000000001e-07,2.702153781948701e-09,6.200000000000001e-07,2.639247411951468e-09,6.200000000000001e-07,2.642190979634718e-09,6.200000000000001e-07,2.690448790218844e-09,6.200000000000001e-07,2.675226041883394e-09,6.200000000000001e-07,2.628728055674336e-09,6.200000000000001e-07,2.663810070894608e-09,6.200000000000001e-07,2.653331444153179e-09,6.200000000000001e-07,2.668685603584721e-09,6.200000000000001e-07,2.665126878460038e-09,6.200000000000001e-07,2.605570127063709e-09,6.200000000000001e-07,2.67259779036911e-09,6.200000000000001e-07,2.610131933743202e-09,6.200000000000001e-07,2.59664646117134e-09,6.200000000000001e-07,2.626106078834911e-09,6.200000000000001e-07,2.655963005590323e-09,6.200000000000001e-07,2.658670428596117e-09,6.200000000000001e-07,2.675107446572782e-09,6.200000000000001e-07,2.627483159467056e-09,6.200000000000001e-07,2.622336438079071e-09,6.200000000000001e-07,2.671289652456016e-09,6.200000000000001e-07,2.615142983051117e-09,6.200000000000001e-07,2.643224362052747e-09,6.200000000000001e-07,2.61663315110303e-09,6.200000000000001e-07,2.65178029126557e-09,6.200000000000001e-07,2.635065135324908e-09,6.200000000000001e-07,2.642466040949646e-09,6.200000000000001e-07,2.749259860742473e-09,6.200000000000001e-07,2.632813504807044e-09,6.200000000000001e-07,2.619039488196734e-09,6.200000000000001e-07,2.607265883215996e-09,6.200000000000001e-07,2.640283449681633e-09,6.200000000000001e-07,2.658782210321215e-09,6.200000000000001e-07,2.679895930574929e-09,6.200000000000001e-07,2.619772123423689e-09,6.200000000000001e-07,2.625178294455387e-09,6.200000000000001e-07,2.678592270716058e-09,6.200000000000001e-07,2.624189210105061e-09,6.200000000000001e-07,2.633170637480834e-09,6.200000000000001e-07,2.64634719713387e-09,6.200000000000001e-07,2.669606758300279e-09,6.200000000000001e-07,2.624934749051139e-09,6.200000000000001e-07,2.697174822707722e-09,6.200000000000001e-07,2.644692499327812e-09,6.200000000000001e-07,2.58800918731595e-09,6.200000000000001e-07,2.59140832163287e-09,6.200000000000001e-07,2.704575601350996e-09,6.200000000000001e-07,2.651637877267714e-09,6.200000000000001e-07,2.648645256364595e-09,6.200000000000001e-07,2.600380065500875e-09,6.200000000000001e-07,2.571847447989582e-09,6.200000000000001e-07,2.713973428272001e-09,6.200000000000001e-07,2.637993876450387e-09,6.200000000000001e-07,2.656027637874376e-09,6.200000000000001e-07,2.589915247623962e-09,6.200000000000001e-07,2.693697185095148e-09,6.200000000000001e-07,2.709966153897743e-09,6.200000000000001e-07,2.67946916473582e-09,6.200000000000001e-07,2.561141863542772e-09,6.200000000000001e-07,2.610820186809121e-09,6.200000000000001e-07,2.677637891010512e-09,6.200000000000001e-07,2.662644332092035e-09,6.200000000000001e-07,2.522487393398091e-09,6.200000000000001e-07,2.673495393854372e-09,6.200000000000001e-07,2.674268122204816e-09,6.200000000000001e-07,2.605241846572909e-09,6.200000000000001e-07,2.672960549573482e-09,6.200000000000001e-07,2.707408057293937e-09,6.200000000000001e-07,2.608000288644062e-09,6.200000000000001e-07,2.598557905286792e-09,6.200000000000001e-07,2.638059251351797e-09,6.200000000000001e-07,2.655527008902062e-09,6.200000000000001e-07,2.7249972539165e-09,6.200000000000001e-07,2.608445249712883e-09,6.200000000000001e-07,2.679051722144273e-09,6.200000000000001e-07,2.64264848508757e-09,6.200000000000001e-07,2.625990416535664e-09,6.200000000000001e-07,2.648048879878893e-09,6.200000000000001e-07,2.647642547408639e-09,6.200000000000001e-07,2.652476086964185e-09,6.200000000000001e-07,2.620931530483351e-09,6.200000000000001e-07,2.574189018714274e-09,6.200000000000001e-07,2.691232004620607e-09,6.200000000000001e-07,2.631220068979536e-09,6.200000000000001e-07,2.726081847160161e-09,6.200000000000001e-07,2.63270757626927e-09,6.200000000000001e-07,2.593960391222089e-09,6.200000000000001e-07,2.652612609169561e-09,6.200000000000001e-07,2.705923773290393e-09,6.200000000000001e-07,2.657860328164213e-09
6.4e-07,2.701386551570303e-09,6.4e-07,2.71594839241691e-09,6.4e-07,2.716179508693351e-09,6.4e-07,2.747193269936851e-09,6.4e-07,2.57458524663632e-09,6.4e-07,2.635505239701856e-09,6.4e-07,2.738570794309629e-09,6.4e-07,2.687547979367931e-09,6.4e-07,2.655524485361182e-09,6.4e-07,2.623172808425741e-09,6.4e-07,2.744639935111283e-09,6.4e-07,2.680030840410529e-09,6.4e-07,2.683829955209085e-09,6.4e-07,2.732765890003119e-09,6.4e-07,2.716586374612413e-09,6.4e-07,2.66988364254663e-09,6.4e-07,2.703688034838586e-09,6.4e-07,2.695054677630695e-09,6.4e-07,2.710798804180522e-09,6.4e-07,2.706856344586753e-09,6.4e-07,2.646775096578177e-09,6.4e-07,2.714590460711207e-09,6.4e-07,2.651189889528138e-09,6.4e-07,2.637814922882199e-09,6.4e-07,2.666898073673251e-09,6.4e-07,2.697314322785808e-09,6.4e-07,2.700583581329824e-09,6.4e-07,2.716841733373747e-09,6.4e-07,2.669033511147723e-09,6.4e-07,2.663663396932352e-09,6.4e-07,2.712828201125966e-09,6.4e-07,2.656563229148365e-09,6.4e-07,2.684188790740656e-09,6.4e-07,2.657949269365916e-09,6.4e-07,2.694532899510538e-09,6.4e-07,2.676206354703676e-09,6.4e-07,2.684392543577082e-09,6.4e-07,2.792201306800135e-09,6.4e-07,2.674211202213496e-09,6.4e-07,2.659737358581842e-09,6.4e-07,2.648554256231e-09,6.4e-07,2.682032340253243e-09,6.4e-07,2.700653083681253e-09,6.4e-07,2.722205281414703e-09,6.4e-07,2.660496450166858e-09,6.4e-07,2.66563996651904e-09,6.4e-07,2.720613224936365e-09,6.4e-07,2.66601322792545e-09,6.4e-07,2.674487442985119e-09,6.4e-07,2.68773414633994e-09,6.4e-07,2.712036058248246e-09,6.4e-07,2.665049097906898e-09,6.4e-07,2.740035611590133e-09,6.4e-07,2.686178291236126e-09,6.4e-07,2.629243704734737e-09,6.4e-07,2.631856119127398e-09,6.4e-07,2.746930347153252e-09,6.4e-07,2.692482054939852e-09,6.4e-07,2.690579642747696e-09,6.4e-07,2.64109498846528e-09,6.4e-07,2.612890957015778e-09,6.4e-07,2.756580905346485e-09,6.4e-07,2.67862731957443e-09,6.4e-07,2.696368849202555e-09,6.4e-07,2.630314433589107e-09,6.4e-07,2.735565264915996e-09,6.4e-07,2.752300670251752e-09,6.4e-07,2.721600766649776e-09,6.4e-07,2.601479408730584e-09,6.4e-07,2.652109612889291e-09,6.4e-07,2.720030507414059e-09,6.4e-07,2.703843108816654e-09,6.4e-07,2.560691193790336e-09,6.4e-07,2.715083695959947e-09,6.4e-07,2.715085645952859e-09,6.4e-07,2.646873222465695e-09,6.4e-07,2.714479872130975e-09,6.4e-07,2.749671925547732e-09,6.4e-07,2.647928484055599e-09,6.4e-07,2.639177086203155e-09,6.4e-07,2.679721979683471e-09,6.4e-07,2.69711436534148e-09,6.4e-07,2.767436508930565e-09,6.4e-07,2.648455508492317e-09,6.4e-07,2.719335312167688e-09,6.4e-07,2.684255317075446e-09,6.4e-07,2.667342425423974e-09,6.4e-07,2.689392553088605e-09,6.4e-07,2.689114352511056e-09,6.4e-07,2.694008894071357e-09,6.4e-07,2.662285869748432e-09,6.4e-07,2.614341833815058e-09,6.4e-07,2.733261147595082e-09,6.4e-07,2.672427282686748e-09,6.4e-07,2.769012672001765e-09,6.4e-07,2.674574482598692e-09,6.4e-07,2.634277766647718e-09,6.4e-07,2.694413686315398e-09,6.4e-07,2.747674519014526e-09,6.4e-07,2.69889374472651e-09
6.6e-07,2.739134033500581e-09,6.6e-07,2.758976472852939e-09,6.6e-07,2.758285244041601e-09,6.6e-07,2.788267585307338e-09,6.6e-07,2.615908212380832e-09,6.6e-07,2.677453694599233e-09,6.6e-07,2.779750574243585e-09,6.6e-07,2.728330045827845e-09,6.6e-07,2.698301625553981e-09,6.6e-07,2.663929956988847e-09,6.6e-07,2.787587970925842e-09,6.6e-07,2.723166344160872e-09,6.6e-07,2.723258290076859e-09,6.6e-07,2.776889572369604e-09,6.6e-07,2.757257732062068e-09,6.6e-07,2.710902027337529e-09,6.6e-07,2.747337518164581e-09,6.6e-07,2.739546673965251e-09,6.6e-07,2.752462201355915e-09,6.6e-07,2.746093680842947e-09,6.6e-07,2.689221408861194e-09,6.6e-07,2.757144214011302e-09,6.6e-07,2.691901603201253e-09,6.6e-07,2.678614358628458e-09,6.6e-07,2.708542861266063e-09,6.6e-07,2.737620081250663e-09,6.6e-07,2.744616884953906e-09,6.6e-07,2.759011668967691e-09,6.6e-07,2.708952078327936e-09,6.6e-07,2.702051931447142e-09,6.6e-07,2.755029799100866e-09,6.6e-07,2.697061708986494e-09,6.6e-07,2.726846105019676e-09,6.6e-07,2.698051005201883e-09,6.6e-07,2.738389991159343e-09,6.6e-07,2.717693911500165e-09,6.6e-07,2.725295353879987e-09,6.6e-07,2.835250376916952e-09,6.6e-07,2.714113801389714e-09,6.6e-07,2.701767282029377e-09,6.6e-07,2.689909874846129e-09,6.6e-07,2.724220575469203e-09,6.6e-07,2.739667043413096e-09,6.6e-07,2.763976647258198e-09,6.6e-07,2.701209543395286e-09,6.6e-07,2.706266693540601e-09,6.6e-07,2.765259244410095e-09,6.6e-07,2.705761180600338e-09,6.6e-07,2.718029215035802e-09,6.6e-07,2.729137456723769e-09,6.6e-07,2.755066539923129e-09,6.6e-07,2.705399644110453e-09,6.6e-07,2.782639374729167e-09,6.6e-07,2.728513725495884e-09,6.6e-07,2.668425173870474e-09,6.6e-07,2.67436058243343e-09,6.6e-07,2.788977870986679e-09,6.6e-07,2.735280479471917e-09,6.6e-07,2.730668102368342e-09,6.6e-07,2.680657460263872e-09,6.6e-07,2.651516597725616e-09,6.6e-07,2.797330561092713e-09,6.6e-07,2.721198557484063e-09,6.6e-07,2.740104697047059e-09,6.6e-07,2.671263100368745e-09,6.6e-07,2.777821342971968e-09,6.6e-07,2.793171650735801e-09,6.6e-07,2.76259377078031e-09,6.6e-07,2.642875539045364e-09,6.6e-07,2.691219068199114e-09,6.6e-07,2.762832991448142e-09,6.6e-07,2.745412354429352e-09,6.6e-07,2.603063245588139e-09,6.6e-07,2.75562173348443e-09,6.6e-07,2.757943352430759e-09,6.6e-07,2.689586908419114e-09,6.6e-07,2.755721459895333e-09,6.6e-07,2.788728267146634e-09,6.6e-07,2.688958185318205e-09,6.6e-07,2.681401012783218e-09,6.6e-07,2.720365833555611e-09,6.6e-07,2.739131983301548e-09,6.6e-07,2.808547925837005e-09,6.6e-07,2.690298532568238e-09,6.6e-07,2.763588807780262e-09,6.6e-07,2.724580577716717e-09,6.6e-07,2.710087931070598e-09,6.6e-07,2.730707048102633e-09,6.6e-07,2.727136336316058e-09,6.6e-07,2.735454758203786e-09,6.6e-07,2.704350811285459e-09,6.6e-07,2.654678520335612e-09,6.6e-07,2.776310526983453e-09,6.6e-07,2.715326703407862e-09,6.6e-07,2.810602598522563e-09,6.6e-07,2.713933640010902e-09,6.6e-07,2.673618638197502e-09,6.6e-07,2.735132491092337e-09,6.6e-07,2.790322393381708e-09,6.6e-07,2.742176843176523e-09
6.800000000000001e-07,2.780682879385804e-09,6.800000000000001e-07,2.800464816428376e-09,6.800000000000001e-07,2.799992230660729e-09,6.800000000000001e-07,2.831103561094497e-09,6.800000000000001e-07,2.656776749091999e-09,6.800000000000001e-07,2.718304297217939e-09,6.800000000000001e-07,2.82159047270758e-09,6.800000000000001e-07,2.769631326206072e-09,6.800000000000001e-07,2.739711046694041e-09,6.800000000000001e-07,2.704646925052668e-09,6.800000000000001e-07,2.829343632620941e-09,6.800000000000001e-07,2.764797673944716e-09,6.800000000000001e-07,2.764583785053459e-09,6.800000000000001e-07,2.819321548700251e-09,6.800000000000001e-07,2.799115305372349e-09,6.800000000000001e-07,2.75182909143392e-09,6.800000000000001e-07,2.789228224261907e-09,6.800000000000001e-07,2.779730258370272e-09,6.800000000000001e-07,2.794418080432527e-09,6.800000000000001e-07,2.787127646468023e-09,6.800000000000001e-07,2.729894615113341e-09,6.800000000000001e-07,2.799227128042786e-09,6.800000000000001e-07,2.733129493629047e-09,6.800000000000001e-07,2.720012294372933e-09,6.800000000000001e-07,2.749952411370419e-09,6.800000000000001e-07,2.778357898667405e-09,6.800000000000001e-07,2.786635438326282e-09,6.800000000000001e-07,2.800466761194533e-09,6.800000000000001e-07,2.750713699279836e-09,6.800000000000001e-07,2.743454648897279e-09,6.800000000000001e-07,2.796414951216583e-09,6.800000000000001e-07,2.73835156319421e-09,6.800000000000001e-07,2.768062101787162e-09,6.800000000000001e-07,2.739796410396932e-09,6.800000000000001e-07,2.779875768775449e-09,6.800000000000001e-07,2.759038121659442e-09,6.800000000000001e-07,2.766723683422995e-09,6.800000000000001e-07,2.878306695384947e-09,6.800000000000001e-07,2.755245435214737e-09,6.800000000000001e-07,2.742951927508592e-09,6.800000000000001e-07,2.730759428919611e-09,6.800000000000001e-07,2.766640246831262e-09,6.800000000000001e-07,2.781200168384262e-09,6.800000000000001e-07,2.806571379959643e-09,6.800000000000001e-07,2.742349768480093e-09,6.800000000000001e-07,2.746981281309622e-09,6.800000000000001e-07,2.807657019363238e-09,6.800000000000001e-07,2.747198564083702e-09,6.800000000000001e-07,2.759337742584338e-09,6.800000000000001e-07,2.770873540441539e-09,6.800000000000001e-07,2.797281482888216e-09,6.800000000000001e-07,2.746271737321676e-09,6.800000000000001e-07,2.824340104350151e-09,6.800000000000001e-07,2.769464197086674e-09,6.800000000000001e-07,2.707911264466589e-09,6.800000000000001e-07,2.714990061038177e-09,6.800000000000001e-07,2.831497686044382e-09,6.800000000000001e-07,2.776571389217498e-09,6.800000000000001e-07,2.772969933439186e-09,6.800000000000001e-07,2.721702325801481e-09,6.800000000000001e-07,2.693355543752848e-09,6.800000000000001e-07,2.840066437017254e-09,6.800000000000001e-07,2.761859453974257e-09,6.800000000000001e-07,2.781762938718445e-09,6.800000000000001e-07,2.71231133548704e-09,6.800000000000001e-07,2.819302705174643e-09,6.800000000000001e-07,2.835241443481463e-09,6.800000000000001e-07,2.804754873445463e-09,6.800000000000001e-07,2.683096236806736e-09,6.800000000000001e-07,2.73276252760928e-09,6.800000000000001e-07,2.805544017507082e-09,6.800000000000001e-07,2.787036222683656e-09,6.800000000000001e-07,2.642794261317548e-09,6.800000000000001e-07,2.797727086803943e-09,6.800000000000001e-07,2.799376606222652e-09,6.800000000000001e-07,2.730439103649899e-09,6.800000000000001e-07,2.798001058258025e-09,6.800000000000001e-07,2.831698591953102e-09,6.800000000000001e-07,2.730371914047198e-09,6.800000000000001e-07,2.722119334273073e-09,6.800000000000001e-07,2.762164506944444e-09,6.800000000000001e-07,2.78054512739404e-09,6.800000000000001e-07,2.850670660705156e-09,6.800000000000001e-07,2.73112248686274e-09,6.800000000000001e-07,2.805329215503662e-09,6.800000000000001e-07,2.766063289868453e-09,6.800000000000001e-07,2.751905799491578e-09,6.800000000000001e-07,2.772734252484452e-09,6.800000000000001e-07,2.768376165454454e-09,6.800000000000001e-07,2.777371881233624e-09,6.800000000000001e-07,2.745033673568379e-09,6.800000000000001e-07,2.694995178424171e-09,6.800000000000001e-07,2.816460567676494e-09,6.800000000000001e-07,2.756710717152883e-09,6.800000000000001e-07,2.853074407109978e-09,6.800000000000001e-07,2.755319711002533e-09,6.800000000000001e-07,2.714456862419695e-09,6.800000000000001e-07,2.77676683306114e-09,6.800000000000001e-07,2.832044273102882e-09,6.800000000000001e-07,2.784236874817572e-09
7.000000000000001e-07,2.821538628346221e-09,7.000000000000001e-07,2.842829794572072e-09,7.000000000000001e-07,2.841715131721951e-09,7.000000000000001e-07,2.873156293098404e-09,7.000000000000001e-07,2.696761127287221e-09,7.000000000000001e-07,2.759138181780056e-09,7.000000000000001e-07,2.863704188756045e-09,7.000000000000001e-07,2.811139554242414e-09,7.000000000000001e-07,2.780609896695007e-09,7.000000000000001e-07,2.745188808787178e-09,7.000000000000001e-07,2.871458907582344e-09,7.000000000000001e-07,2.806115126212685e-09,7.000000000000001e-07,2.805749209706861e-09,7.000000000000001e-07,2.862213035468434e-09,7.000000000000001e-07,2.839999271866728e-09,7.000000000000001e-07,2.792977467662346e-09,7.000000000000001e-07,2.83076625069803e-09,7.000000000000001e-07,2.823444546907704e-09,7.000000000000001e-07,2.836167751176019e-09,7.000000000000001e-07,2.827970099455201e-09,7.000000000000001e-07,2.770687689766018e-09,7.000000000000001e-07,2.840213508042319e-09,7.000000000000001e-07,2.773896697554873e-09,7.000000000000001e-07,2.760545353238365e-09,7.000000000000001e-07,2.790674988920561e-09,7.000000000000001e-07,2.820045181687549e-09,7.000000000000001e-07,2.828077427319499e-09,7.000000000000001e-07,2.842410882141045e-09,7.000000000000001e-07,2.791839632054257e-09,7.000000000000001e-07,2.784980085609505e-09,7.000000000000001e-07,2.83768675417791e-09,7.000000000000001e-07,2.77980977867863e-09,7.000000000000001e-07,2.808860345230777e-09,7.000000000000001e-07,2.780165692186776e-09,7.000000000000001e-07,2.822497029781113e-09,7.000000000000001e-07,2.799965895379135e-09,7.000000000000001e-07,2.807912751891486e-09,7.000000000000001e-07,2.920569619490041e-09,7.000000000000001e-07,2.796717014114418e-09,7.000000000000001e-07,2.78391517708036e-09,7.000000000000001e-07,2.772176549630422e-09,7.000000000000001e-07,2.808650778992485e-09,7.000000000000001e-07,2.822870747519615e-09,7.000000000000001e-07,2.847994750532522e-09,7.000000000000001e-07,2.783445664653557e-09,7.000000000000001e-07,2.787481504225046e-09,7.000000000000001e-07,2.849950196185878e-09,7.000000000000001e-07,2.788216997142727e-09,7.000000000000001e-07,2.80053484689972e-09,7.000000000000001e-07,2.812181923264878e-09,7.000000000000001e-07,2.838965709589495e-09,7.000000000000001e-07,2.787583584323845e-09,7.000000000000001e-07,2.866300302255762e-09,7.000000000000001e-07,2.810840601472192e-09,7.000000000000001e-07,2.749654033315674e-09,7.000000000000001e-07,2.755239473604252e-09,7.000000000000001e-07,2.873142698465609e-09,7.000000000000001e-07,2.818050126330432e-09,7.000000000000001e-07,2.814711846072411e-09,7.000000000000001e-07,2.762422109446883e-09,7.000000000000001e-07,2.734351144045202e-09,7.000000000000001e-07,2.882429964814928e-09,7.000000000000001e-07,2.802834298266411e-09,7.000000000000001e-07,2.823932214894426e-09,7.000000000000001e-07,2.75331612029732e-09,7.000000000000001e-07,2.861131992055941e-09,7.000000000000001e-07,2.877789565232456e-09,7.000000000000001e-07,2.846491503481423e-09,7.000000000000001e-07,2.722996952963058e-09,7.000000000000001e-07,2.77352646200339e-09,7.000000000000001e-07,2.847408283277909e-09,7.000000000000001e-07,2.828454889710818e-09,7.000000000000001e-07,2.682658954155284e-09,7.000000000000001e-07,2.839567462500806e-09,7.000000000000001e-07,2.84041601416005e-09,7.000000000000001e-07,2.7724321790432e-09,7.000000000000001e-07,2.83920124618791e-09,7.000000000000001e-07,2.873909727181985e-09,7.000000000000001e-07,2.771278562294135e-09,7.000000000000001e-07,2.762544056720145e-09,7.000000000000001e-07,2.804543107082003e-09,7.000000000000001e-07,2.822760968067079e-09,7.000000000000001e-07,2.892973783821284e-09,7.000000000000001e-07,2.771958915821819e-09,7.000000000000001e-07,2.846559503583145e-09,7.000000000000001e-07,2.807227267217528e-09,7.000000000000001e-07,2.793633013305674e-09,7.000000000000001e-07,2.813487191739995e-09,7.000000000000001e-07,2.809920919565003e-09,7.000000000000001e-07,2.819107156464557e-09,7.000000000000001e-07,2.78659175715004e-09,7.000000000000001e-07,2.735513156046553e-09,7.000000000000001e-07,2.859628495815279e-09,7.000000000000001e-07,2.797649227100925e-09,7.000000000000001e-07,2.894286547482824e-09,7.000000000000001e-07,2.796783933172738e-09,7.000000000000001e-07,2.753615664487783e-09,7.000000000000001e-07,2.817393446820715e-09,7.000000000000001e-07,2.8741673426914e-09,7.000000000000001e-07,2.825649135234652e-09
7.200000000000001e-07,2.86248555451773e-09,7.200000000000001e-07,2.884537249959267e-09,7.200000000000001e-07,2.882626440173324e-09,7.200000000000001e-07,2.915440955307543e-09,7.200000000000001e-07,2.737081655846186e-09,7.200000000000001e-07,2.799574955623048e-09,7.200000000000001e-07,2.905560406805506e-09,7.200000000000001e-07,2.852592878798191e-09,7.200000000000001e-07,2.82219550141678e-09,7.200000000000001e-07,2.785302051944255e-09,7.200000000000001e-07,2.913426308646724e-09,7.200000000000001e-07,2.847833992569945e-09,7.200000000000001e-07,2.847180324757107e-09,7.200000000000001e-07,2.904484804515263e-09,7.200000000000001e-07,2.881525824813075e-09,7.200000000000001e-07,2.833765717860517e-09,7.200000000000001e-07,2.872926714534859e-09,7.200000000000001e-07,2.864734794115224e-09,7.200000000000001e-07,2.876551362855566e-09,7.200000000000001e-07,2.869940695930705e-09,7.200000000000001e-07,2.811640040477884e-09,7.200000000000001e-07,2.883075199912248e-09,7.200000000000001e-07,2.815306648343931e-09,7.200000000000001e-07,2.801801994285673e-09,7.200000000000001e-07,2.832046058389352e-09,7.200000000000001e-07,2.862461676384615e-09,7.200000000000001e-07,2.870052843882003e-09,7.200000000000001e-07,2.883556403738329e-09,7.200000000000001e-07,2.833636864558234e-09,7.200000000000001e-07,2.82661215773177e-09,7.200000000000001e-07,2.879377898922518e-09,7.200000000000001e-07,2.821283443179414e-09,7.200000000000001e-07,2.850918218865989e-09,7.200000000000001e-07,2.821521510994661e-09,7.200000000000001e-07,2.863477208766834e-09,7.200000000000001e-07,2.8419054274857e-09,7.200000000000001e-07,2.849313641281413e-09,7.200000000000001e-07,2.963243721767219e-09,7.200000000000001e-07,2.837685181260164e-09,7.200000000000001e-07,2.824730240780696e-09,7.200000000000001e-07,2.81345468070868e-09,7.200000000000001e-07,2.85014918362734e-09,7.200000000000001e-07,2.864837453431788e-09,7.200000000000001e-07,2.890164568962678e-09,7.200000000000001e-07,2.824157330700015e-09,7.200000000000001e-07,2.828213451184715e-09,7.200000000000001e-07,2.891952911404e-09,7.200000000000001e-07,2.829017452378193e-09,7.200000000000001e-07,2.840993263631479e-09,7.200000000000001e-07,2.85362394490063e-09,7.200000000000001e-07,2.880887027725862e-09,7.200000000000001e-07,2.828378635959211e-09,7.200000000000001e-07,2.908138336382831e-09,7.200000000000001e-07,2.852150822530997e-09,7.200000000000001e-07,2.79092895812979e-09,7.200000000000001e-07,2.796409883574557e-09,7.200000000000001e-07,2.915785720262751e-09,7.200000000000001e-07,2.859614094304246e-09,7.200000000000001e-07,2.856312755432606e-09,7.200000000000001e-07,2.803173755797834e-09,7.200000000000001e-07,2.775146027904659e-09,7.200000000000001e-07,2.924822119877551e-09,7.200000000000001e-07,2.843717794036215e-09,7.200000000000001e-07,2.865330699784889e-09,7.200000000000001e-07,2.7941134211384e-09,7.200000000000001e-07,2.902992137009442e-09,7.200000000000001e-07,2.920504463391187e-09,7.200000000000001e-07,2.888624575103688e-09,7.200000000000001e-07,2.762939142415064e-09,7.200000000000001e-07,2.814618122871915e-09,7.200000000000001e-07,2.889436489549368e-09,7.200000000000001e-07,2.870344445743512e-09,7.200000000000001e-07,2.722429128746758e-09,7.200000000000001e-07,2.880402370961607e-09,7.200000000000001e-07,2.882948676317778e-09,7.200000000000001e-07,2.813541963054405e-09,7.200000000000001e-07,2.880101949715649e-09,7.200000000000001e-07,2.916333281258315e-09,7.200000000000001e-07,2.812084198050973e-09,7.200000000000001e-07,2.80295565672546e-09,7.200000000000001e-07,2.846825157364635e-09,7.200000000000001e-07,2.864494316036441e-09,7.200000000000001e-07,2.935264346467546e-09,7.200000000000001e-07,2.812739431130404e-09,7.200000000000001e-07,2.887973890145916e-09,7.200000000000001e-07,2.848195746994137e-09,7.200000000000001e-07,2.834790032822877e-09,7.200000000000001e-07,2.855086018914557e-09,7.200000000000001e-07,2.851334670649171e-09,7.200000000000001e-07,2.860525169606589e-09,7.200000000000001e-07,2.827822420394393e-09,7.200000000000001e-07,2.775993450907803e-09,7.200000000000001e-07,2.901396392824842e-09,7.200000000000001e-07,2.838643337065299e-09,7.200000000000001e-07,2.93823016097942e-09,7.200000000000001e-07,2.838076312506117e-09,7.200000000000001e-07,2.795324252372238e-09,7.200000000000001e-07,2.859199431795602e-09,7.200000000000001e-07,2.915938669530087e-09,7.200000000000001e-07,2.867019309093747e-09
7.4e-07,2.90418380242978e-09,7.4e-07,2.926158465588422e-09,7.4e-07,2.924964201179491e-09,7.4e-07,2.957798653421442e-09,7.4e-07,2.77748307393153e-09,7.4e-07,2.840571439882434e-09,7.4e-07,2.947151510313609e-09,7.4e-07,2.894500328842712e-09,7.4e-07,2.863311456492371e-09,7.4e-07,2.825783399315417e-09,7.4e-07,2.955407368839149e-09,7.4e-07,2.888116908130805e-09,7.4e-07,2.888914677352463e-09,7.4e-07,2.947041848720103e-09,7.4e-07,2.922465807643089e-09,7.4e-07,2.875099394461699e-09,7.4e-07,2.91499993846183e-09,7.4e-07,2.906494626855976e-09,7.4e-07,2.919473106030642e-09,7.4e-07,2.910923967493462e-09,7.4e-07,2.851141757752536e-09,7.4e-07,2.924793798911359e-09,7.4e-07,2.856613623316904e-09,7.4e-07,2.842662561357481e-09,7.4e-07,2.87321050199331e-09,7.4e-07,2.903895182835475e-09,7.4e-07,2.911807183192435e-09,7.4e-07,2.925421984026207e-09,7.4e-07,2.87455908511731e-09,7.4e-07,2.867564648461022e-09,7.4e-07,2.921546008676468e-09,7.4e-07,2.863024791964645e-09,7.4e-07,2.891591397653392e-09,7.4e-07,2.862007355204795e-09,7.4e-07,2.9059766283811e-09,7.4e-07,2.882322130530293e-09,7.4e-07,2.89031909668247e-09,7.4e-07,3.004963624563185e-09,7.4e-07,2.879351533902588e-09,7.4e-07,2.865684896108812e-09,7.4e-07,2.855286431922519e-09,7.4e-07,2.892928784210699e-09,7.4e-07,2.906330200747733e-09,7.4e-07,2.933054431996158e-09,7.4e-07,2.864630865206252e-09,7.4e-07,2.868871177167896e-09,7.4e-07,2.934215055998214e-09,7.4e-07,2.871140614645572e-09,7.4e-07,2.882485632644893e-09,7.4e-07,2.895853180910293e-09,7.4e-07,2.922211244923669e-09,7.4e-07,2.87055842143036e-09,7.4e-07,2.94927712331905e-09,7.4e-07,2.893283682645007e-09,7.4e-07,2.832767661247055e-09,7.4e-07,2.835761582352947e-09,7.4e-07,2.957437460678555e-09,7.4e-07,2.900978105206216e-09,7.4e-07,2.898269399181533e-09,7.4e-07,2.844773362256779e-09,7.4e-07,2.81548164583197e-09,7.4e-07,2.966666194352818e-09,7.4e-07,2.884651690996128e-09,7.4e-07,2.907330187809745e-09,7.4e-07,2.835022375075467e-09,7.4e-07,2.944503349037671e-09,7.4e-07,2.963580262973482e-09,7.4e-07,2.930174802247074e-09,7.4e-07,2.80219093434135e-09,7.4e-07,2.856818378452918e-09,7.4e-07,2.931313811668354e-09,7.4e-07,2.91201724567174e-09,7.4e-07,2.761527791507873e-09,7.4e-07,2.921933573238654e-09,7.4e-07,2.924264956193618e-09,7.4e-07,2.853823110361377e-09,7.4e-07,2.923321171932511e-09,7.4e-07,2.958472981432576e-09,7.4e-07,2.853456800951305e-09,7.4e-07,2.843478112249723e-09,7.4e-07,2.889286819462317e-09,7.4e-07,2.90682412734606e-09,7.4e-07,2.976400132460569e-09,7.4e-07,2.853628323165042e-09,7.4e-07,2.929903478669979e-09,7.4e-07,2.889578090792563e-09,7.4e-07,2.876256105084555e-09,7.4e-07,2.8967155216299e-09,7.4e-07,2.89248128396558e-09,7.4e-07,2.902915851450225e-09,7.4e-07,2.870186093586608e-09,7.4e-07,2.815944964377299e-09,7.4e-07,2.942904570758874e-09,7.4e-07,2.878865450020761e-09,7.4e-07,2.981440414981205e-09,7.4e-07,2.879187326626867e-09,7.4e-07,2.83406061657143e-09,7.4e-07,2.901421056356962e-09,7.4e-07,2.957813813296753e-09,7.4e-07,2.908945530624878e-09
7.6e-07,2.945577678426158e-09,7.6e-07,2.968222750101926e-09,7.6e-07,2.966621237269481e-09,7.6e-07,3.000183706878458e-09,7.6e-07,2.818151499050045e-09,7.6e-07,2.881582493487929e-09,7.6e-07,2.989543457462595e-09,7.6e-07,2.935986251470948e-09,7.6e-07,2.904729370416633e-09,7.6e-07,2.865469995364592e-09,7.6e-07,2.997755814641142e-09,7.6e-07,2.930036516033706e-09,7.6e-07,2.929927185368218e-09,7.6e-07,2.99001378870611e-09,7.6e-07,2.964005277949607e-09,7.6e-07,2.916229636177292e-09,7.6e-07,2.956578032536856e-09,7.6e-07,2.948241450453455e-09,7.6e-07,2.961194840788619e-09,7.6e-07,2.952155250592737e-09,7.6e-07,2.893583833517896e-09,7.6e-07,2.966359982404939e-09,7.6e-07,2.89814150112706e-09,7.6e-07,2.884228444052251e-09,7.6e-07,2.914516143800085e-09,7.6e-07,2.945371217335245e-09,7.6e-07,2.95293200457747e-09,7.6e-07,2.966435202110096e-09,7.6e-07,2.916313730175281e-09,7.6e-07,2.909312291944105e-09,7.6e-07,2.963088554174507e-09,7.6e-07,2.904560688480979e-09,7.6e-07,2.93321985722595e-09,7.6e-07,2.902484245010255e-09,7.6e-07,2.94748164624597e-09,7.6e-07,2.924049745979046e-09,7.6e-07,2.93095595895893e-09,7.6e-07,3.048475127441182e-09,7.6e-07,2.920956523913849e-09,7.6e-07,2.906730420457824e-09,7.6e-07,2.895771146360319e-09,7.6e-07,2.934215209231344e-09,7.6e-07,2.947505296991181e-09,7.6e-07,2.975496931358125e-09,7.6e-07,2.905527797657973e-09,7.6e-07,2.909747981792085e-09,7.6e-07,2.976371225615803e-09,7.6e-07,2.912344783307742e-09,7.6e-07,2.923586281209105e-09,7.6e-07,2.937595133092959e-09,7.6e-07,2.9640848606274e-09,7.6e-07,2.91109949486063e-09,7.6e-07,2.990917269428735e-09,7.6e-07,2.934484593822934e-09,7.6e-07,2.873446318227757e-09,7.6e-07,2.876851516749105e-09,7.6e-07,3.000190084678771e-09,7.6e-07,2.942878257699966e-09,7.6e-07,2.940103673866255e-09,7.6e-07,2.885266123787719e-09,7.6e-07,2.856174592686176e-09,7.6e-07,3.009221991869879e-09,7.6e-07,2.925372662645918e-09,7.6e-07,2.949337518709319e-09,7.6e-07,2.874608647784791e-09,7.6e-07,2.986365273489183e-09,7.6e-07,3.005913466967031e-09,7.6e-07,2.972119133853753e-09,7.6e-07,2.844185533171997e-09,7.6e-07,2.897863416531394e-09,7.6e-07,2.972795824716623e-09,7.6e-07,2.953482475575059e-09,7.6e-07,2.801704233260793e-09,7.6e-07,2.963282194696933e-09,7.6e-07,2.96588428431252e-09,7.6e-07,2.89505166040009e-09,7.6e-07,2.964514717047558e-09,7.6e-07,3.000598561132356e-09,7.6e-07,2.894151846332166e-09,7.6e-07,2.883840637977958e-09,7.6e-07,2.931253313393999e-09,7.6e-07,2.94856615826751e-09,7.6e-07,3.019358007078367e-09,7.6e-07,2.894026593628018e-09,7.6e-07,2.971069384801747e-09,7.6e-07,2.93049090670881e-09,7.6e-07,2.918067958725885e-09,7.6e-07,2.938436725295259e-09,7.6e-07,2.934203402143954e-09,7.6e-07,2.944437212355658e-09,7.6e-07,2.911206784587868e-09,7.6e-07,2.856317215312043e-09,7.6e-07,2.984654421996482e-09,7.6e-07,2.921131690006013e-09,7.6e-07,3.024367127862771e-09,7.6e-07,2.921786116699562e-09,7.6e-07,2.875400744616696e-09,7.6e-07,2.943247009079092e-09,7.6e-07,2.99915136507972e-09,7.6e-07,2.95048275836386e-09
7.8e-07,2.986531345102357e-09,7.8e-07,3.010223078789751e-09,7.8e-07,3.008306245806628e-09,7.8e-07,3.042713068716886e-09,7.8e-07,2.857644803531502e-09,7.8e-07,2.922399709621957e-09,7.8e-07,3.031741043119489e-09,7.8e-07,2.977169712064793e-09,7.8e-07,2.945907860702555e-09,7.8e-07,2.906399731306367e-09,7.8e-07,3.039492797800407e-09,7.8e-07,2.971361957634998e-09,7.8e-07,2.971290717195961e-09,7.8e-07,3.032752923664605e-09,7.8e-07,3.004958073100008e-09,7.8e-07,2.95757878297106e-09,7.8e-07,2.999276123908847e-09,7.8e-07,2.990142484517528e-09,7.8e-07,3.002852711029761e-09,7.8e-07,2.994189974597687e-09,7.8e-07,2.934406745875707e-09,7.8e-07,3.009064027152392e-09,7.8e-07,2.939188909979107e-09,7.8e-07,2.925031644225428e-09,7.8e-07,2.955658140532091e-09,7.8e-07,2.987317695284832e-09,7.8e-07,2.995432210719641e-09,7.8e-07,3.008274043440016e-09,7.8e-07,2.956881481558608e-09,7.8e-07,2.950752882286041e-09,7.8e-07,3.004604795893326e-09,7.8e-07,2.945693861811989e-09,7.8e-07,2.975088138729316e-09,7.8e-07,2.943385351711694e-09,7.8e-07,2.9896869394635e-09,7.8e-07,2.965505339049826e-09,7.8e-07,2.97345468078988e-09,7.8e-07,3.090917142675397e-09,7.8e-07,2.961901449671802e-09,7.8e-07,2.947352013067783e-09,7.8e-07,2.937868608518323e-09,7.8e-07,2.975342684466162e-09,7.8e-07,2.989862873131194e-09,7.8e-07,3.017792205178278e-09,7.8e-07,2.946407756826201e-09,7.8e-07,2.950591398104854e-09,7.8e-07,3.018911420447423e-09,7.8e-07,2.953274316400853e-09,7.8e-07,2.965047576972385e-09,7.8e-07,2.978942649832462e-09,7.8e-07,3.005950366509331e-09,7.8e-07,2.953254213449156e-09,7.8e-07,3.03237323062199e-09,7.8e-07,2.975743270033351e-09,7.8e-07,2.913822861017341e-09,7.8e-07,2.917613103179894e-09,7.8e-07,3.042552618378146e-09,7.8e-07,2.984650827624568e-09,7.8e-07,2.981388275186478e-09,7.8e-07,2.925827017252232e-09,7.8e-07,2.897291066457161e-09,7.8e-07,3.051601889159767e-09,7.8e-07,2.966597418284046e-09,7.8e-07,2.990735188803345e-09,7.8e-07,2.916690007101397e-09,7.8e-07,3.027836002030184e-09,7.8e-07,3.048414688068044e-09,7.8e-07,3.013492332840973e-09,7.8e-07,2.884121732253329e-09,7.8e-07,2.938720368426531e-09,7.8e-07,3.015083471906926e-09,7.8e-07,2.994834181891382e-09,7.8e-07,2.841074127635409e-09,7.8e-07,3.004645041554135e-09,7.8e-07,3.007683280429156e-09,7.8e-07,2.936580553829533e-09,7.8e-07,3.005902735271025e-09,7.8e-07,3.043184890244274e-09,7.8e-07,2.935547610628666e-09,7.8e-07,2.924146934152324e-09,7.8e-07,2.973427517311764e-09,7.8e-07,2.991013349049826e-09,7.8e-07,3.062192949628546e-09,7.8e-07,2.935250903950253e-09,7.8e-07,3.012771170607328e-09,7.8e-07,2.970647409942215e-09,7.8e-07,2.959681099182309e-09,7.8e-07,2.979700329557483e-09,7.8e-07,2.975830836565033e-09,7.8e-07,2.986657647036837e-09,7.8e-07,2.952597908028951e-09,7.8e-07,2.89662349771569e-09,7.8e-07,3.026386099571111e-09,7.8e-07,2.962437538173926e-09,7.8e-07,3.066765059718164e-09,7.8e-07,2.963005850474759e-09,7.8e-07,2.914995884212164e-09,7.8e-07,2.984476266980566e-09,7.8e-07,3.041815097730806e-09,7.8e-07,2.992465170287269e-09
8.000000000000001e-07,3.02676301916877e-09,8.000000000000001e-07,3.052375867733562e-09,8.000000000000001e-07,3.049774141391499e-09,8.000000000000001e-07,3.085367263945407e-09,8.000000000000001e-07,2.898103190612657e-09,8.000000000000001e-07,2.963167388564268e-09,8.000000000000001e-07,3.073377316907151e-09,8.000000000000001e-07,3.018900543309196e-09,8.000000000000001e-07,2.985757932360918e-09,8.000000000000001e-07,2.945883473036083e-09,8.000000000000001e-07,3.08142212362165e-09,8.000000000000001e-07,3.013316941294444e-09,8.000000000000001e-07,3.013082845542182e-09,8.000000000000001e-07,3.075632812868395e-09,8.000000000000001e-07,3.046475259382465e-09,8.000000000000001e-07,2.998278287482223e-09,8.000000000000001e-07,3.041025405570457e-09,8.000000000000001e-07,3.032000530752497e-09,8.000000000000001e-07,3.044313870619415e-09,8.000000000000001e-07,3.035062194030263e-09,8.000000000000001e-07,2.975190194233619e-09,8.000000000000001e-07,3.050682516848283e-09,8.000000000000001e-07,2.980594588220052e-09,8.000000000000001e-07,2.966087281273423e-09,8.000000000000001e-07,2.996525519054452e-09,8.000000000000001e-07,3.028842112128153e-09,8.000000000000001e-07,3.036970984651216e-09,8.000000000000001e-07,3.050547248072237e-09,8.000000000000001e-07,2.999039652249243e-09,8.000000000000001e-07,2.992435516085832e-09,8.000000000000001e-07,3.046227858430057e-09,8.000000000000001e-07,2.987158189563668e-09,8.000000000000001e-07,3.015997628912342e-09,8.000000000000001e-07,2.984238883812093e-09,8.000000000000001e-07,3.031701150433769e-09,8.000000000000001e-07,3.005910944679044e-09,8.000000000000001e-07,3.014421533012868e-09,8.000000000000001e-07,3.133851647535232e-09,8.000000000000001e-07,3.003385616938065e-09,8.000000000000001e-07,2.987083205479242e-09,8.000000000000001e-07,2.979404530104317e-09,8.000000000000001e-07,3.018878477797398e-09,8.000000000000001e-07,3.031596082501505e-09,8.000000000000001e-07,3.060060543926073e-09,8.000000000000001e-07,2.987503362294609e-09,8.000000000000001e-07,2.991598551720192e-09,8.000000000000001e-07,3.060948385810713e-09,8.000000000000001e-07,2.994961898510272e-09,8.000000000000001e-07,3.005424153432295e-09,8.000000000000001e-07,3.02046865417722e-09,8.000000000000001e-07,3.04796244686539e-09,8.000000000000001e-07,2.99417210871857e-09,8.000000000000001e-07,3.0741879064688e-09,8.000000000000001e-07,3.016648303022197e-09,8.000000000000001e-07,2.955179278594502e-09,8.000000000000001e-07,2.958127635308233e-09,8.000000000000001e-07,3.084418719459013e-09,8.000000000000001e-07,3.025728930876995e-09,8.000000000000001e-07,3.024060404557039e-09,8.000000000000001e-07,2.967308634039636e-09,8.000000000000001e-07,2.937689718477552e-09,8.000000000000001e-07,3.09409790636294e-09,8.000000000000001e-07,3.007419255883887e-09,8.000000000000001e-07,3.033398010092625e-09,8.000000000000001e-07,2.95676018697604e-09,8.000000000000001e-07,3.069702077055323e-09,8.000000000000001e-07,3.091045466445497e-09,8.000000000000001e-07,3.055761049400365e-09,8.000000000000001e-07,2.924676447707716e-09,8.000000000000001e-07,2.980404107120785e-09,8.000000000000001e-07,3.057136401128871e-09,8.000000000000001e-07,3.036581922890266e-09,8.000000000000001e-07,2.881389164748413e-09,8.000000000000001e-07,3.046776956578511e-09,8.000000000000001e-07,3.049354212397174e-09,8.000000000000001e-07,2.978149714441174e-09,8.000000000000001e-07,3.047129470535238e-09,8.000000000000001e-07,3.084956247441767e-09,8.000000000000001e-07,2.976420040342407e-09,8.000000000000001e-07,2.965152657854631e-09,8.000000000000001e-07,3.015318125323352e-09,8.000000000000001e-07,3.032801683930007e-09,8.000000000000001e-07,3.104006175945797e-09,8.000000000000001e-07,2.976000032143988e-09,8.000000000000001e-07,3.054331239219299e-09,8.000000000000001e-07,3.013374552655844e-09,8.000000000000001e-07,3.000734967552566e-09,8.000000000000001e-07,3.019570753131882e-09,8.000000000000001e-07,3.016684076059031e-09,8.000000000000001e-07,3.028483564527113e-09,8.000000000000001e-07,2.99345181813425e-09,8.000000000000001e-07,2.93749789902697e-09,8.000000000000001e-07,3.067658187906634e-09,8.000000000000001e-07,3.002660357949145e-09,8.000000000000001e-07,3.109302219573588e-09,8.000000000000001e-07,3.004812924851844e-09,8.000000000000001e-07,2.955194691707778e-09,8.000000000000001e-07,3.025973596533938e-09,8.000000000000001e-07,3.083819404985101e-09,8.000000000000001e-07,3.033586261654822e-09
8.200000000000001e-07,3.068945661860532e-09,8.200000000000001e-07,3.093556164077626e-09,8.200000000000001e-07,3.091970284032608e-09,8.200000000000001e-07,3.128364882443217e-09,8.200000000000001e-07,2.937585452011013e-09,8.200000000000001e-07,3.004252682571183e-09,8.200000000000001e-07,3.115947313488652e-09,8.200000000000001e-07,3.05983712386954e-09,8.200000000000001e-07,3.028938792637175e-09,8.200000000000001e-07,2.987723780789797e-09,8.200000000000001e-07,3.122991812372975e-09,8.200000000000001e-07,3.054429968897942e-09,8.200000000000001e-07,3.054700049368544e-09,8.200000000000001e-07,3.118181396346099e-09,8.200000000000001e-07,3.087892996201682e-09,8.200000000000001e-07,3.038291900617062e-09,8.200000000000001e-07,3.081981262071893e-09,8.200000000000001e-07,3.071771370784687e-09,8.200000000000001e-07,3.086638702085799e-09,8.200000000000001e-07,3.075810146231725e-09,8.200000000000001e-07,3.016594090443205e-09,8.200000000000001e-07,3.093649864246077e-09,8.200000000000001e-07,3.021811104981966e-09,8.200000000000001e-07,3.007357163333882e-09,8.200000000000001e-07,3.037378379247334e-09,8.200000000000001e-07,3.070122976339728e-09,8.200000000000001e-07,3.078941124270312e-09,8.200000000000001e-07,3.090966799881573e-09,8.200000000000001e-07,3.041056557075368e-09,8.200000000000001e-07,3.034467509037664e-09,8.200000000000001e-07,3.087592699336305e-09,8.200000000000001e-07,3.028452066847664e-09,8.200000000000001e-07,3.057086610667269e-09,8.200000000000001e-07,3.024901696654463e-09,8.200000000000001e-07,3.072927639313696e-09,8.200000000000001e-07,3.049064089888093e-09,8.200000000000001e-07,3.055757861804813e-09,8.200000000000001e-07,3.176156286828202e-09,8.200000000000001e-07,3.046145072716958e-09,8.200000000000001e-07,3.028580039801948e-09,8.200000000000001e-07,3.020618085160695e-09,8.200000000000001e-07,3.061591001419989e-09,8.200000000000001e-07,3.072642292880613e-09,8.200000000000001e-07,3.102475021960914e-09,8.200000000000001e-07,3.027701775497578e-09,8.200000000000001e-07,3.032489196476627e-09,8.200000000000001e-07,3.102985531648068e-09,8.200000000000001e-07,3.036577331420115e-09,8.200000000000001e-07,3.046613117591495e-09,8.200000000000001e-07,3.061541514021003e-09,8.200000000000001e-07,3.089934040399193e-09,8.200000000000001e-07,3.03590953262493e-09,8.200000000000001e-07,3.115819605927679e-09,8.200000000000001e-07,3.058069546631495e-09,8.200000000000001e-07,2.996998120768943e-09,8.200000000000001e-07,3.000407790863254e-09,8.200000000000001e-07,3.127131548740751e-09,8.200000000000001e-07,3.067936912647304e-09,8.200000000000001e-07,3.065459648722524e-09,8.200000000000001e-07,3.007389687572892e-09,8.200000000000001e-07,2.978874066643334e-09,8.200000000000001e-07,3.136820620892396e-09,8.200000000000001e-07,3.047886996363426e-09,8.200000000000001e-07,3.074082389867929e-09,8.200000000000001e-07,2.999020279026877e-09,8.200000000000001e-07,3.112071743137015e-09,8.200000000000001e-07,3.13245870591744e-09,8.200000000000001e-07,3.096984952748295e-09,8.200000000000001e-07,2.964853134837721e-09,8.200000000000001e-07,3.021891738130956e-09,8.200000000000001e-07,3.099363557903702e-09,8.200000000000001e-07,3.078784842475658e-09,8.200000000000001e-07,2.921299689843245e-09,8.200000000000001e-07,3.087926389242014e-09,8.200000000000001e-07,3.091172062993683e-09,8.200000000000001e-07,3.018849222018972e-09,8.200000000000001e-07,3.088630959184486e-09,8.200000000000001e-07,3.127139950221765e-09,8.200000000000001e-07,3.017479951023417e-09,8.200000000000001e-07,3.005357642815859e-09,8.200000000000001e-07,3.057971623714261e-09,8.200000000000001e-07,3.074514970764327e-09,8.200000000000001e-07,3.146364024573121e-09,8.200000000000001e-07,3.016290935481119e-09,8.200000000000001e-07,3.096284396688279e-09,8.200000000000001e-07,3.054891093363669e-09,8.200000000000001e-07,3.042116251398544e-09,8.200000000000001e-07,3.063415397252292e-09,8.200000000000001e-07,3.058345318039149e-09,8.200000000000001e-07,3.070045997351299e-09,8.200000000000001e-07,3.034841745659598e-09,8.200000000000001e-07,2.977228352366999e-09,8.200000000000001e-07,3.10852955354291e-09,8.200000000000001e-07,3.044541821482907e-09,8.200000000000001e-07,3.152849160028265e-09,8.200000000000001e-07,3.045966110868262e-09,8.200000000000001e-07,2.995902604179147e-09,8.200000000000001e-07,3.066954099626358e-09,8.200000000000001e-07,3.124777146241108e-09,8.200000000000001e-07,3.07615170282816e-09
8.4e-07,3.110176986016844e-09,8.4e-07,3.134290694057748e-09,8.4e-07,3.133962968076707e-09,8.4e-07,3.17044105368397e-09,8.4e-07,2.977966365382383e-09,8.4e-07,3.045189692837027e-09,8.4e-07,3.158341008009541e-09,8.4e-07,3.101712411411155e-09,8.4e-07,3.070080423912649e-09,8.4e-07,3.028123797828961e-09,8.4e-07,3.164843276315578e-09,8.4e-07,3.095534426388671e-09,8.4e-07,3.095740967121036e-09,8.4e-07,3.160915745660834e-09,8.4e-07,3.129176747332724e-09,8.4e-07,3.079303382259175e-09,8.4e-07,3.124111338383886e-09,8.4e-07,3.113701044214211e-09,8.4e-07,3.128186006381257e-09,8.4e-07,3.117907455550106e-09,8.4e-07,3.057521929375214e-09,8.4e-07,3.135592112090691e-09,8.4e-07,3.062902594116483e-09,8.4e-07,3.048307274883293e-09,8.4e-07,3.078474568734294e-09,8.4e-07,3.111416230051167e-09,8.4e-07,3.120578960527938e-09,8.4e-07,3.13277803467328e-09,8.4e-07,3.082786325150645e-09,8.4e-07,3.076119264062574e-09,8.4e-07,3.129125173163545e-09,8.4e-07,3.070255039099475e-09,8.4e-07,3.098364961195211e-09,8.4e-07,3.065676046119913e-09,8.4e-07,3.114619804537613e-09,8.4e-07,3.090376891036898e-09,8.4e-07,3.096921829351523e-09,8.4e-07,3.219129946620179e-09,8.4e-07,3.087490033049507e-09,8.4e-07,3.069221601704313e-09,8.4e-07,3.062033823995374e-09,8.4e-07,3.103685781541413e-09,8.4e-07,3.114439247029296e-09,8.4e-07,3.145035360997862e-09,8.4e-07,3.068772590134896e-09,8.4e-07,3.073383324175772e-09,8.4e-07,3.145018941440445e-09,8.4e-07,3.078092910363484e-09,8.4e-07,3.086851086378719e-09,8.4e-07,3.103202322765615e-09,8.4e-07,3.131746464949755e-09,8.4e-07,3.076707543539759e-09,8.4e-07,3.157452423932035e-09,8.4e-07,3.099524711796266e-09,8.4e-07,3.037820084863303e-09,8.4e-07,3.040512061675568e-09,8.4e-07,3.169123623344058e-09,8.4e-07,3.109375606488723e-09,8.4e-07,3.107302290230814e-09,8.4e-07,3.048188423913616e-09,8.4e-07,3.018881034825227e-09,8.4e-07,3.179679442059592e-09,8.4e-07,3.088273158785671e-09,8.4e-07,3.116050933503547e-09,8.4e-07,3.039148152967291e-09,8.4e-07,3.153851565775293e-09,8.4e-07,3.175647731444209e-09,8.4e-07,3.138822753033335e-09,8.4e-07,3.00502720387005e-09,8.4e-07,3.063333386602446e-09,8.4e-07,3.141579036866789e-09,8.4e-07,3.120418297341619e-09,8.4e-07,2.960599727658079e-09,8.4e-07,3.1296480837859e-09,8.4e-07,3.131199462550788e-09,8.4e-07,3.059831297808751e-09,8.4e-07,3.12961831097238e-09,8.4e-07,3.169333159089743e-09,8.4e-07,3.058933613319987e-09,8.4e-07,3.045741960150069e-09,8.4e-07,3.100033457800032e-09,8.4e-07,3.116201707645383e-09,8.4e-07,3.186597723760889e-09,8.4e-07,3.056391394164612e-09,8.4e-07,3.137559206823381e-09,8.4e-07,3.096340022462243e-09,8.4e-07,3.083539057232986e-09,8.4e-07,3.104611346482893e-09,8.4e-07,3.099503512705513e-09,8.4e-07,3.111606753203261e-09,8.4e-07,3.076192334379246e-09,8.4e-07,3.017821422986603e-09,8.4e-07,3.15039617802711e-09,8.4e-07,3.08567292051197e-09,8.4e-07,3.194522011422932e-09,8.4e-07,3.087630481507845e-09,8.4e-07,3.036467944162343e-09,8.4e-07,3.108354479302332e-09,8.4e-07,3.166023119920132e-09,8.4e-07,3.117737260928711e-09
8.6e-07,3.151291517990205e-09,8.6e-07,3.17775441418444e-09,8.6e-07,3.174737832915748e-09,8.6e-07,3.213108598690696e-09,8.6e-07,3.018319823231986e-09,8.6e-07,3.085633753989541e-09,8.6e-07,3.200527588645999e-09,8.6e-07,3.142666609710083e-09,8.6e-07,3.110999880531904e-09,8.6e-07,3.068848784793032e-09,8.6e-07,3.206599779752005e-09,8.6e-07,3.137729383972278e-09,8.6e-07,3.137077490256737e-09,8.6e-07,3.204034857620355e-09,8.6e-07,3.169495044187358e-09,8.6e-07,3.120601458373161e-09,8.6e-07,3.166733536798095e-09,8.6e-07,3.156272946559354e-09,8.6e-07,3.169790783351457e-09,8.6e-07,3.15882266889034e-09,8.6e-07,3.098435500195171e-09,8.6e-07,3.177447163568393e-09,8.6e-07,3.104074342899955e-09,8.6e-07,3.089251791941047e-09,8.6e-07,3.120401470703713e-09,8.6e-07,3.153438127172226e-09,8.6e-07,3.162553145076324e-09,8.6e-07,3.174571805802136e-09,8.6e-07,3.123928266367702e-09,8.6e-07,3.117658139853811e-09,8.6e-07,3.170728566674807e-09,8.6e-07,3.111171584486287e-09,8.6e-07,3.139931477583219e-09,8.6e-07,3.106571745538951e-09,8.6e-07,3.156951428809566e-09,8.6e-07,3.131831799338766e-09,8.6e-07,3.138568175239786e-09,8.6e-07,3.261685496215383e-09,8.6e-07,3.129018930718235e-09,8.6e-07,3.110149366086206e-09,8.6e-07,3.102894392817704e-09,8.6e-07,3.145440045398579e-09,8.6e-07,3.156149801206255e-09,8.6e-07,3.18743607222453e-09,8.6e-07,3.109948663135369e-09,8.6e-07,3.113960524533169e-09,8.6e-07,3.188021910624824e-09,8.6e-07,3.118957614662599e-09,8.6e-07,3.128626875038654e-09,8.6e-07,3.144012817302841e-09,8.6e-07,3.173375588879479e-09,8.6e-07,3.11828842584596e-09,8.6e-07,3.199400560205989e-09,8.6e-07,3.140846222252096e-09,8.6e-07,3.078616530251775e-09,8.6e-07,3.081142522840922e-09,8.6e-07,3.211154411729275e-09,8.6e-07,3.150788076667636e-09,8.6e-07,3.14874153540245e-09,8.6e-07,3.089586005309587e-09,8.6e-07,3.059527525422148e-09,8.6e-07,3.22198015027833e-09,8.6e-07,3.129518890326759e-09,8.6e-07,3.157913813541954e-09,8.6e-07,3.080796555834056e-09,8.6e-07,3.195407691774104e-09,8.6e-07,3.21771376656471e-09,8.6e-07,3.180977653141243e-09,8.6e-07,3.045356439345934e-09,8.6e-07,3.103912917217775e-09,8.6e-07,3.183497428813188e-09,8.6e-07,3.161806272740458e-09,8.6e-07,3.000814621394207e-09,8.6e-07,3.171874677319139e-09,8.6e-07,3.174264773257444e-09,8.6e-07,3.101657386542784e-09,8.6e-07,3.17250641882624e-09,8.6e-07,3.211384179771602e-09,8.6e-07,3.100057097314876e-09,8.6e-07,3.086298964081929e-09,8.6e-07,3.142101423521029e-09,8.6e-07,3.158949206128385e-09,8.6e-07,3.23048294391569e-09,8.6e-07,3.097622498879389e-09,8.6e-07,3.178649446640909e-09,8.6e-07,3.137597580852319e-09,8.6e-07,3.125364719544933e-09,8.6e-07,3.145938262689088e-09,8.6e-07,3.140517554429166e-09,8.6e-07,3.154078080514247e-09,8.6e-07,3.117264916639412e-09,8.6e-07,3.058040017786843e-09,8.6e-07,3.192126818688164e-09,8.6e-07,3.12711500173508e-09,8.6e-07,3.237285361777463e-09,8.6e-07,3.129067131464917e-09,8.6e-07,3.076303473042064e-09,8.6e-07,3.14961467656164e-09,8.6e-07,3.209326362410578e-09,8.6e-07,3.159704449852074e-09
8.8e-07,3.192002102687616e-09,8.8e-07,3.219881545127828e-09,8.8e-07,3.217133571391821e-09,8.8e-07,3.255247593849289e-09,8.8e-07,3.058516659785075e-09,8.8e-07,3.12636336860485e-09,8.8e-07,3.242666367765563e-09,8.8e-07,3.184319498035004e-09,8.8e-07,3.153013972458338e-09,8.8e-07,3.109058910441083e-09,8.8e-07,3.248604620041335e-09,8.8e-07,3.179290407957221e-09,8.8e-07,3.177664554348854e-09,8.8e-07,3.246184982191263e-09,8.8e-07,3.211039147553521e-09,8.8e-07,3.161501445372008e-09,8.8e-07,3.208130275663153e-09,8.8e-07,3.19797124276588e-09,8.8e-07,3.211353903037949e-09,8.8e-07,3.200398236508396e-09,8.8e-07,3.139577750184388e-09,8.8e-07,3.219016979518963e-09,8.8e-07,3.145317275472171e-09,8.8e-07,3.130167886828571e-09,8.8e-07,3.1610798628975e-09,8.8e-07,3.1948618000838e-09,8.8e-07,3.204480236563988e-09,8.8e-07,3.216152329857122e-09,8.8e-07,3.16579765891081e-09,8.8e-07,3.158933050503339e-09,8.8e-07,3.212025695776216e-09,8.8e-07,3.152463738134045e-09,8.8e-07,3.181422788516138e-09,8.8e-07,3.147398891890994e-09,8.8e-07,3.197707800129468e-09,8.8e-07,3.172978363645011e-09,8.8e-07,3.180172945261124e-09,8.8e-07,3.304133011175204e-09,8.8e-07,3.16948266940773e-09,8.8e-07,3.151368448642975e-09,8.8e-07,3.144257134211784e-09,8.8e-07,3.187640506767347e-09,8.8e-07,3.197900958850897e-09,8.8e-07,3.229656835731962e-09,8.8e-07,3.150580727518349e-09,8.8e-07,3.15468486247829e-09,8.8e-07,3.23030334156842e-09,8.8e-07,3.16062071349661e-09,8.8e-07,3.169353744255962e-09,8.8e-07,3.186661137049854e-09,8.8e-07,3.215373821925445e-09,8.8e-07,3.158142944141894e-09,8.8e-07,3.240922664911501e-09,8.8e-07,3.182255078835997e-09,8.8e-07,3.119730551298151e-09,8.8e-07,3.121975250857851e-09,8.8e-07,3.253553567644889e-09,8.8e-07,3.192584300332285e-09,8.8e-07,3.190933487915134e-09,8.8e-07,3.130040179868023e-09,8.8e-07,3.101342017727883e-09,8.8e-07,3.264571509991931e-09,8.8e-07,3.170645507435958e-09,8.8e-07,3.199892424407905e-09,8.8e-07,3.121551535383678e-09,8.8e-07,3.237391801068807e-09,8.8e-07,3.260486807202449e-09,8.8e-07,3.222994561825374e-09,8.8e-07,3.08516721971076e-09,8.8e-07,3.145544581165471e-09,8.8e-07,3.225642458384772e-09,8.8e-07,3.203252470490093e-09,8.8e-07,3.040831606006281e-09,8.8e-07,3.213994221273818e-09,8.8e-07,3.216872004022873e-09,8.8e-07,3.143466342452224e-09,8.8e-07,3.213903613222603e-09,8.8e-07,3.253510785578563e-09,8.8e-07,3.141216427200306e-09,8.8e-07,3.127426641046877e-09,8.8e-07,3.183383120073799e-09,8.8e-07,3.200803165387476e-09,8.8e-07,3.272804279302496e-09,8.8e-07,3.138975640934991e-09,8.8e-07,3.220521602831366e-09,8.8e-07,3.179656923677523e-09,8.8e-07,3.167009166722991e-09,8.8e-07,3.187557476841947e-09,8.8e-07,3.182170642473361e-09,8.8e-07,3.195430611391437e-09,8.8e-07,3.159067002713248e-09,8.8e-07,3.098912702605974e-09,8.8e-07,3.233893599103212e-09,8.8e-07,3.168169269234155e-09,8.8e-07,3.280062917421909e-09,8.8e-07,3.170507935912309e-09,8.8e-07,3.115932378116372e-09,8.8e-07,3.191096578196132e-09,8.8e-07,3.25087277882177e-09,8.8e-07,3.201538313442344e-09
9.000000000000001e-07,3.233203481377418e-09,9.000000000000001e-07,3.261323992570723e-09,9.000000000000001e-07,3.257675511511905e-09,9.000000000000001e-07,3.297434179557196e-09,9.000000000000001e-07,3.099084764458145e-09,9.000000000000001e-07,3.167924174040602e-09,9.000000000000001e-07,3.284552797909164e-09,9.000000000000001e-07,3.226414687928388e-09,9.000000000000001e-07,3.193929028660625e-09,9.000000000000001e-07,3.149053525936976e-09,9.000000000000001e-07,3.290780990822511e-09,9.000000000000001e-07,3.220294938007864e-09,9.000000000000001e-07,3.220060776203172e-09,9.000000000000001e-07,3.288885406074563e-09,9.000000000000001e-07,3.252521777445952e-09,9.000000000000001e-07,3.203022591234044e-09,9.000000000000001e-07,3.250414772279278e-09,9.000000000000001e-07,3.239373741028401e-09,9.000000000000001e-07,3.253890107141589e-09,9.000000000000001e-07,3.24196681251495e-09,9.000000000000001e-07,3.180380016361909e-09,9.000000000000001e-07,3.261835010543736e-09,9.000000000000001e-07,3.186234030962604e-09,9.000000000000001e-07,3.171774089746502e-09,9.000000000000001e-07,3.202146942203676e-09,9.000000000000001e-07,3.236375273130655e-09,9.000000000000001e-07,3.245986080385597e-09,9.000000000000001e-07,3.257863204964519e-09,9.000000000000001e-07,3.206741162902622e-09,9.000000000000001e-07,3.200540366082218e-09,9.000000000000001e-07,3.25378573541471e-09,9.000000000000001e-07,3.194525737025623e-09,9.000000000000001e-07,3.222830405844377e-09,9.000000000000001e-07,3.187947126150934e-09,9.000000000000001e-07,3.240466899418954e-09,9.000000000000001e-07,3.2140099203872e-09,9.000000000000001e-07,3.22070563062571e-09,9.000000000000001e-07,3.347012401143746e-09,9.000000000000001e-07,3.2115704660173e-09,9.000000000000001e-07,3.192380508914414e-09,9.000000000000001e-07,3.186340056366569e-09,9.000000000000001e-07,3.229525258866637e-09,9.000000000000001e-07,3.239324710265651e-09,9.000000000000001e-07,3.271945714539911e-09,9.000000000000001e-07,3.191393350399945e-09,9.000000000000001e-07,3.195579788206239e-09,9.000000000000001e-07,3.271731289966421e-09,9.000000000000001e-07,3.202010128789095e-09,9.000000000000001e-07,3.21062099259582e-09,9.000000000000001e-07,3.228112979048131e-09,9.000000000000001e-07,3.255909673262695e-09,9.000000000000001e-07,3.200927424979947e-09,9.000000000000001e-07,3.281917492378565e-09,9.000000000000001e-07,3.223274082211394e-09,9.000000000000001e-07,3.160981978512882e-09,9.000000000000001e-07,3.161775639461596e-09,9.000000000000001e-07,3.295848710929595e-09,9.000000000000001e-07,3.234189347977565e-09,9.000000000000001e-07,3.232409494465184e-09,9.000000000000001e-07,3.171293664241369e-09,9.000000000000001e-07,3.141587318646125e-09,9.000000000000001e-07,3.305698539001223e-09,9.000000000000001e-07,3.211815952707396e-09,9.000000000000001e-07,3.24169360732827e-09,9.000000000000001e-07,3.161765902842211e-09,9.000000000000001e-07,3.278668765430942e-09,9.000000000000001e-07,3.303471519492878e-09,9.000000000000001e-07,3.264143564233649e-09,9.000000000000001e-07,3.125735439981968e-09,9.000000000000001e-07,3.187476181163491e-09,9.000000000000001e-07,3.266826175593856e-09,9.000000000000001e-07,3.245207167939561e-09,9.000000000000001e-07,3.080220744126024e-09,9.000000000000001e-07,3.25425099010213e-09,9.000000000000001e-07,3.258360998514375e-09,9.000000000000001e-07,3.183982545578563e-09,9.000000000000001e-07,3.25575906543258e-09,9.000000000000001e-07,3.296356058493383e-09,9.000000000000001e-07,3.182351276634339e-09,9.000000000000001e-07,3.167055923737862e-09,9.000000000000001e-07,3.226793032557365e-09,9.000000000000001e-07,3.242610013459575e-09,9.000000000000001e-07,3.315171566254813e-09,9.000000000000001e-07,3.17975457844927e-09,9.000000000000001e-07,3.262024510962349e-09,9.000000000000001e-07,3.220506898920221e-09,9.000000000000001e-07,3.208344492396544e-09,9.000000000000001e-07,3.229391765062611e-09,9.000000000000001e-07,3.22334513135033e-09,9.000000000000001e-07,3.237592685817297e-09,9.000000000000001e-07,3.200982693223793e-09,9.000000000000001e-07,3.138851822181752e-09,9.000000000000001e-07,3.275364734970318e-09,9.000000000000001e-07,3.209918617651285e-09,9.000000000000001e-07,3.324044018302042e-09,9.000000000000001e-07,3.211379164384968e-09,9.000000000000001e-07,3.156770895775972e-09,9.000000000000001e-07,3.232253591590763e-09,9.000000000000001e-07,3.292357199794208e-09,9.000000000000001e-07,3.242361379356835e-09
9.200000000000001e-07,3.275461485924411e-09,9.200000000000001e-07,3.303147426604967e-09,9.200000000000001e-07,3.301019338920616e-09,9.200000000000001e-07,3.339669817334583e-09,9.200000000000001e-07,3.139082804024189e-09,9.200000000000001e-07,3.208893744730233e-09,9.200000000000001e-07,3.325862119825015e-09,9.200000000000001e-07,3.267891372209052e-09,9.200000000000001e-07,3.23537369138552e-09,9.200000000000001e-07,3.189617085210443e-09,9.200000000000001e-07,3.333170050190778e-09,9.200000000000001e-07,3.261394560729018e-09,9.200000000000001e-07,3.261598940952567e-09,9.200000000000001e-07,3.332114432642307e-09,9.200000000000001e-07,3.294002511284695e-09,9.200000000000001e-07,3.244099360145971e-09,9.200000000000001e-07,3.292009589478491e-09,9.200000000000001e-07,3.281652533063516e-09,9.200000000000001e-07,3.295636244237007e-09,9.200000000000001e-07,3.283089406977554e-09,9.200000000000001e-07,3.221387409447919e-09,9.200000000000001e-07,3.303875918785767e-09,9.200000000000001e-07,3.22769845579475e-09,9.200000000000001e-07,3.212715693026681e-09,9.200000000000001e-07,3.243521069527476e-09,9.200000000000001e-07,3.277288438838035e-09,9.200000000000001e-07,3.288136227858066e-09,9.200000000000001e-07,3.299016198813687e-09,9.200000000000001e-07,3.247967960313529e-09,9.200000000000001e-07,3.242218895187957e-09,9.200000000000001e-07,3.2949302609073e-09,9.200000000000001e-07,3.236232805195206e-09,9.200000000000001e-07,3.264213407611012e-09,9.200000000000001e-07,3.228928921232096e-09,9.200000000000001e-07,3.281584547258016e-09,9.200000000000001e-07,3.254949134826842e-09,9.200000000000001e-07,3.262433837119288e-09,9.200000000000001e-07,3.389507302588027e-09,9.200000000000001e-07,3.252947112781569e-09,9.200000000000001e-07,3.23321595349207e-09,9.200000000000001e-07,3.228092733319982e-09,9.200000000000001e-07,3.271675824653977e-09,9.200000000000001e-07,3.28125792801956e-09,9.200000000000001e-07,3.314542992855856e-09,9.200000000000001e-07,3.232194184130647e-09,9.200000000000001e-07,3.236644684670562e-09,9.200000000000001e-07,3.313749947453946e-09,9.200000000000001e-07,3.243510179322539e-09,9.200000000000001e-07,3.25187539325922e-09,9.200000000000001e-07,3.269366725682023e-09,9.200000000000001e-07,3.298105686343108e-09,9.200000000000001e-07,3.242220137773274e-09,9.200000000000001e-07,3.323671414901509e-09,9.200000000000001e-07,3.264512120216682e-09,9.200000000000001e-07,3.202383020424039e-09,9.200000000000001e-07,3.202586503498363e-09,9.200000000000001e-07,3.337471670352654e-09,9.200000000000001e-07,3.275513492934778e-09,9.200000000000001e-07,3.274443695007465e-09,9.200000000000001e-07,3.211902650699807e-09,9.200000000000001e-07,3.182247951093108e-09,9.200000000000001e-07,3.348982198611964e-09,9.200000000000001e-07,3.252087835797003e-09,9.200000000000001e-07,3.283573147933636e-09,9.200000000000001e-07,3.203121136449384e-09,9.200000000000001e-07,3.320146417603768e-09,9.200000000000001e-07,3.344746364493211e-09,9.200000000000001e-07,3.306609584797551e-09,9.200000000000001e-07,3.165632143850873e-09,9.200000000000001e-07,3.22869869856342e-09,9.200000000000001e-07,3.309402188551104e-09,9.200000000000001e-07,3.286980200873425e-09,9.200000000000001e-07,3.119902758574959e-09,9.200000000000001e-07,3.296041562355654e-09,9.200000000000001e-07,3.299750991368809e-09,9.200000000000001e-07,3.224545266530758e-09,9.200000000000001e-07,3.29753952546139e-09,9.200000000000001e-07,3.338737763130669e-09,9.200000000000001e-07,3.222895686556291e-09,9.200000000000001e-07,3.207772224581646e-09,9.200000000000001e-07,3.268977791545457e-09,9.200000000000001e-07,3.283332153611345e-09,9.200000000000001e-07,3.357431810180117e-09,9.200000000000001e-07,3.221027862101783e-09,9.200000000000001e-07,3.303551724614953e-09,9.200000000000001e-07,3.262049283773765e-09,9.200000000000001e-07,3.250279915428436e-09,9.200000000000001e-07,3.270860563141384e-09,9.200000000000001e-07,3.265064550158101e-09,9.200000000000001e-07,3.278603834876838e-09,9.200000000000001e-07,3.242534570220613e-09,9.200000000000001e-07,3.179244850059083e-09,9.200000000000001e-07,3.316809157715923e-09,9.200000000000001e-07,3.250574389072097e-09,9.200000000000001e-07,3.366314051356583e-09,9.200000000000001e-07,3.253632830168065e-09,9.200000000000001e-07,3.196878009802374e-09,9.200000000000001e-07,3.274773754305697e-09,9.200000000000001e-07,3.333767436805593e-09,9.200000000000001e-07,3.284359715919693e-09
9.400000000000001e-07,3.316549205420911e-09,9.400000000000001e-07,3.345369644489604e-09,9.400000000000001e-07,3.342286560285333e-09,9.400000000000001e-07,3.382272825393282e-09,9.400000000000001e-07,3.179737179489963e-09,9.400000000000001e-07,3.249169139931994e-09,9.400000000000001e-07,3.368488524362059e-09,9.400000000000001e-07,3.309063084363696e-09,9.400000000000001e-07,3.277035449830054e-09,9.400000000000001e-07,3.230305559207277e-09,9.400000000000001e-07,3.374802947543607e-09,9.400000000000001e-07,3.303416577627116e-09,9.400000000000001e-07,3.302970816503322e-09,9.400000000000001e-07,3.374433871167364e-09,9.400000000000001e-07,3.334515884751733e-09,9.400000000000001e-07,3.285210604846103e-09,9.400000000000001e-07,3.334312861193465e-09,9.400000000000001e-07,3.323638504219734e-09,9.400000000000001e-07,3.337120058205253e-09,9.400000000000001e-07,3.324707062818518e-09,9.400000000000001e-07,3.262397749258458e-09,9.400000000000001e-07,3.34535133308116e-09,9.400000000000001e-07,3.268360324533102e-09,9.400000000000001e-07,3.253628736003897e-09,9.400000000000001e-07,3.284479800657848e-09,9.400000000000001e-07,3.319644632100451e-09,9.400000000000001e-07,3.328529268238684e-09,9.400000000000001e-07,3.340724629264353e-09,9.400000000000001e-07,3.289406869299324e-09,9.400000000000001e-07,3.28355393917655e-09,9.400000000000001e-07,3.337184083881007e-09,9.400000000000001e-07,3.276949076338997e-09,9.400000000000001e-07,3.305740800750369e-09,9.400000000000001e-07,3.269231223012248e-09,9.400000000000001e-07,3.323884701656414e-09,9.400000000000001e-07,3.297235869683388e-09,9.400000000000001e-07,3.303876405544362e-09,9.400000000000001e-07,3.43211548503471e-09,9.400000000000001e-07,3.294292900427683e-09,9.400000000000001e-07,3.274354977258392e-09,9.400000000000001e-07,3.268418642067311e-09,9.400000000000001e-07,3.313391301543012e-09,9.400000000000001e-07,3.322857610271235e-09,9.400000000000001e-07,3.35673703009128e-09,9.400000000000001e-07,3.27318200406885e-09,9.400000000000001e-07,3.27659407154209e-09,9.400000000000001e-07,3.356714794955332e-09,9.400000000000001e-07,3.284276219832064e-09,9.400000000000001e-07,3.292184906510641e-09,9.400000000000001e-07,3.311119658992227e-09,9.400000000000001e-07,3.340614465461579e-09,9.400000000000001e-07,3.28296109358063e-09,9.400000000000001e-07,3.365530270383205e-09,9.400000000000001e-07,3.305254008798887e-09,9.400000000000001e-07,3.242547156771518e-09,9.400000000000001e-07,3.24298190069784e-09,9.400000000000001e-07,3.380277471208017e-09,9.400000000000001e-07,3.317172114673926e-09,9.400000000000001e-07,3.316054322961284e-09,9.400000000000001e-07,3.252714446694778e-09,9.400000000000001e-07,3.223313225855191e-09,9.400000000000001e-07,3.391057719578357e-09,9.400000000000001e-07,3.293810885693986e-09,9.400000000000001e-07,3.325387609581035e-09,9.400000000000001e-07,3.243479096876457e-09,9.400000000000001e-07,3.36222608598729e-09,9.400000000000001e-07,3.388433156686932e-09,9.400000000000001e-07,3.347811950078345e-09,9.400000000000001e-07,3.206751623125774e-09,9.400000000000001e-07,3.269712664365961e-09,9.400000000000001e-07,3.351640911465445e-09,9.400000000000001e-07,3.327953693191814e-09,9.400000000000001e-07,3.159676934164263e-09,9.400000000000001e-07,3.338088412643722e-09,9.400000000000001e-07,3.341919320668237e-09,9.400000000000001e-07,3.265355260893025e-09,9.400000000000001e-07,3.339220029691925e-09,9.400000000000001e-07,3.380969379326451e-09,9.400000000000001e-07,3.264499968688267e-09,9.400000000000001e-07,3.248684408576956e-09,9.400000000000001e-07,3.310295584462365e-09,9.400000000000001e-07,3.326196505498401e-09,9.400000000000001e-07,3.399610021123334e-09,9.400000000000001e-07,3.261599364674131e-09,9.400000000000001e-07,3.344499945152761e-09,9.400000000000001e-07,3.302937221159836e-09,9.400000000000001e-07,3.291677167488078e-09,9.400000000000001e-07,3.311856122465475e-09,9.400000000000001e-07,3.306297264089334e-09,9.400000000000001e-07,3.321426559479216e-09,9.400000000000001e-07,3.283457806123898e-09,9.400000000000001e-07,3.219501855690155e-09,9.400000000000001e-07,3.358794610442238e-09,9.400000000000001e-07,3.292320777127074e-09,9.400000000000001e-07,3.409228127327287e-09,9.400000000000001e-07,3.29613965860621e-09,9.400000000000001e-07,3.237304151133625e-09,9.400000000000001e-07,3.316358154842299e-09,9.400000000000001e-07,3.376785217883592e-09,9.400000000000001e-07,3.325694949929613e-09
9.599999999999999e-07,3.357376870119263e-09,9.599999999999999e-07,3.386964067325596e-09,9.599999999999999e-07,3.384237045875728e-09,9.599999999999999e-07,3.424440683906239e-09,9.599999999999999e-07,3.220127306658979e-09,9.599999999999999e-07,3.290353212920677e-09,9.599999999999999e-07,3.41067944205156e-09,9.599999999999999e-07,3.349766667411753e-09,9.599999999999999e-07,3.317990794398315e-09,9.599999999999999e-07,3.270465603923834e-09,9.599999999999999e-07,3.4165032747169e-09,9.599999999999999e-07,3.344705623000821e-09,9.599999999999999e-07,3.343854795117466e-09,9.599999999999999e-07,3.417668566986213e-09,9.599999999999999e-07,3.376031231972833e-09,9.599999999999999e-07,3.326065279677816e-09,9.599999999999999e-07,3.37580714498798e-09,9.599999999999999e-07,3.364697450844875e-09,9.599999999999999e-07,3.379033703249274e-09,9.599999999999999e-07,3.365505970931036e-09,9.599999999999999e-07,3.30248001755912e-09,9.599999999999999e-07,3.387539292530207e-09,9.599999999999999e-07,3.310189112141052e-09,9.599999999999999e-07,3.294489678809564e-09,9.599999999999999e-07,3.325552527275956e-09,9.599999999999999e-07,3.361182069923393e-09,9.599999999999999e-07,3.371369736902302e-09,9.599999999999999e-07,3.382591592897289e-09,9.599999999999999e-07,3.331185979357398e-09,9.599999999999999e-07,3.325247549033054e-09,9.599999999999999e-07,3.37859632534816e-09,9.599999999999999e-07,3.318172963287923e-09,9.599999999999999e-07,3.346562318362809e-09,9.599999999999999e-07,3.310489735076396e-09,9.599999999999999e-07,3.366184459637075e-09,9.599999999999999e-07,3.338141204119162e-09,9.599999999999999e-07,3.34540970299391e-09,9.599999999999999e-07,3.475163400822928e-09,9.599999999999999e-07,3.335600576316193e-09,9.599999999999999e-07,3.315185822680218e-09,9.599999999999999e-07,3.310533646707265e-09,9.599999999999999e-07,3.355187383139527e-09,9.599999999999999e-07,3.364605819440627e-09,9.599999999999999e-07,3.399146195723864e-09,9.599999999999999e-07,3.314003143776691e-09,9.599999999999999e-07,3.317978230925083e-09,9.599999999999999e-07,3.398731664639924e-09,9.599999999999999e-07,3.325551778767475e-09,9.599999999999999e-07,3.333570935171576e-09,9.599999999999999e-07,3.352895779838446e-09,9.599999999999999e-07,3.382503027685239e-09,9.599999999999999e-07,3.324527479289161e-09,9.599999999999999e-07,3.40730467981294e-09,9.599999999999999e-07,3.347045682500515e-09,9.599999999999999e-07,3.283340464730655e-09,9.599999999999999e-07,3.283113290011644e-09,9.599999999999999e-07,3.422269879862932e-09,9.599999999999999e-07,3.358501899270278e-09,9.599999999999999e-07,3.357779952588465e-09,9.599999999999999e-07,3.293796774352699e-09,9.599999999999999e-07,3.263308586295924e-09,9.599999999999999e-07,3.433593888208819e-09,9.599999999999999e-07,3.33477370435346e-09,9.599999999999999e-07,3.367456283536857e-09,9.599999999999999e-07,3.284761449227466e-09,9.599999999999999e-07,3.404423855816484e-09,9.599999999999999e-07,3.43073792445305e-09,9.599999999999999e-07,3.389991990732458e-09,9.599999999999999e-07,3.246833218224487e-09,9.599999999999999e-07,3.310765276487832e-09,9.599999999999999e-07,3.39370385102421e-09,9.599999999999999e-07,3.369939426302593e-09,9.599999999999999e-07,3.199384431644262e-09,9.599999999999999e-07,3.379412697016899e-09,9.599999999999999e-07,3.383356209942413e-09,9.599999999999999e-07,3.308091222375576e-09,9.599999999999999e-07,3.380636612248721e-09,9.599999999999999e-07,3.423395009280902e-09,9.599999999999999e-07,3.305352525488591e-09,9.599999999999999e-07,3.28900118611556e-09,9.599999999999999e-07,3.353286661519562e-09,9.599999999999999e-07,3.368548287691732e-09,9.599999999999999e-07,3.440698300482468e-09,9.599999999999999e-07,3.302463630433423e-09,9.599999999999999e-07,3.386683160691834e-09,9.599999999999999e-07,3.344603686065303e-09,9.599999999999999e-07,3.333325070672101e-09,9.599999999999999e-07,3.353388638201655e-09,9.599999999999999e-07,3.347562087102057e-09,9.599999999999999e-07,3.36294539611398e-09,9.599999999999999e-07,3.324558063188735e-09,9.599999999999999e-07,3.260805642843871e-09,9.599999999999999e-07,3.400195102456357e-09,9.599999999999999e-07,3.333516636365904e-09,9.599999999999999e-07,3.451943199009633e-09,9.599999999999999e-07,3.336869886421177e-09,9.599999999999999e-07,3.277623012807032e-09,9.599999999999999e-07,3.357287461534294e-09,9.599999999999999e-07,3.418367079346173e-09,9.599999999999999e-07,3.367301724173416e-09
9.799999999999999e-07,3.398212587097411e-09,9.799999999999999e-07,3.430128030605601e-09,9.799999999999999e-07,3.424275337388375e-09,9.799999999999999e-07,3.466913964797462e-09,9.799999999999999e-07,3.259457372343951e-09,9.799999999999999e-07,3.331804008777237e-09,9.799999999999999e-07,3.454370784285581e-09,9.799999999999999e-07,3.392768838223472e-09,9.799999999999999e-07,3.358578917001873e-09,9.799999999999999e-07,3.31083758906338e-09,9.799999999999999e-07,3.459594121716682e-09,9.799999999999999e-07,3.38610981608181e-09,9.799999999999999e-07,3.386212309134845e-09,9.799999999999999e-07,3.458166843941088e-09,9.799999999999999e-07,3.417864638532422e-09,9.799999999999999e-07,3.365497778113324e-09,9.799999999999999e-07,3.419644860860591e-09,9.799999999999999e-07,3.40511817117321e-09,9.799999999999999e-07,3.420528614862194e-09,9.799999999999999e-07,3.406826225939979e-09,9.799999999999999e-07,3.344257958998402e-09,9.799999999999999e-07,3.42877823567832e-09,9.799999999999999e-07,3.351273381530727e-09,9.799999999999999e-07,3.337037099264578e-09,9.799999999999999e-07,3.365457393421798e-09,9.799999999999999e-07,3.4028292704249e-09,9.799999999999999e-07,3.413576381792682e-09,9.799999999999999e-07,3.423617257680493e-09,9.799999999999999e-07,3.373531198204142e-09,9.799999999999999e-07,3.366252936708008e-09,9.799999999999999e-07,3.419834529806095e-09,9.799999999999999e-07,3.358465164365908e-09,9.799999999999999e-07,3.38850589187619e-09,9.799999999999999e-07,3.352294217545364e-09,9.799999999999999e-07,3.407492288336855e-09,9.799999999999999e-07,3.381797688633761e-09,9.799999999999999e-07,3.386843741874938e-09,9.799999999999999e-07,3.51638759562691e-09,9.799999999999999e-07,3.377449403913898e-09,9.799999999999999e-07,3.357684659938442e-09,9.799999999999999e-07,3.350914020430413e-09,9.799999999999999e-07,3.396772121091049e-09,9.799999999999999e-07,3.407415311231796e-09,9.799999999999999e-07,3.441130903313793e-09,9.799999999999999e-07,3.353075766287302e-09,9.799999999999999e-07,3.359413321258894e-09,9.799999999999999e-07,3.441761575430125e-09,9.799999999999999e-07,3.367113683787334e-09,9.799999999999999e-07,3.373644612826063e-09,9.799999999999999e-07,3.395591890501577e-09,9.799999999999999e-07,3.423222396835888e-09,9.799999999999999e-07,3.366454336640794e-09,9.799999999999999e-07,3.448985093006967e-09,9.799999999999999e-07,3.387900970117461e-09,9.799999999999999e-07,3.325600392858278e-09,9.799999999999999e-07,3.323517148092245e-09,9.799999999999999e-07,3.465024983031035e-09,9.799999999999999e-07,3.399715288191049e-09,9.799999999999999e-07,3.40063736994637e-09,9.799999999999999e-07,3.334044767859632e-09,9.799999999999999e-07,3.304294060581359e-09,9.799999999999999e-07,3.477150536227318e-09,9.799999999999999e-07,3.375602333712038e-09,9.799999999999999e-07,3.409349965183121e-09,9.799999999999999e-07,3.325757133360533e-09,9.799999999999999e-07,3.444957035592813e-09,9.799999999999999e-07,3.47385592989885e-09,9.799999999999999e-07,3.431755405061358e-09,9.799999999999999e-07,3.28500102008399e-09,9.799999999999999e-07,3.353231803436751e-09,9.799999999999999e-07,3.436621430242467e-09,9.799999999999999e-07,3.410326393431312e-09,9.799999999999999e-07,3.240071361224465e-09,9.799999999999999e-07,3.422631605466579e-09,9.799999999999999e-07,3.424773669862793e-09,9.799999999999999e-07,3.347487890164413e-09,9.799999999999999e-07,3.422586082035689e-09,9.799999999999999e-07,3.464497202123957e-09,9.799999999999999e-07,3.346175246985978e-09,9.799999999999999e-07,3.329193119415375e-09,9.799999999999999e-07,3.395210137160577e-09,9.799999999999999e-07,3.408727703516678e-09,9.799999999999999e-07,3.485119562761395e-09,9.799999999999999e-07,3.342087208846163e-09,9.799999999999999e-07,3.428365266220973e-09,9.799999999999999e-07,3.387122992767457e-09,9.799999999999999e-07,3.375316100273854e-09,9.799999999999999e-07,3.394996681194689e-09,9.799999999999999e-07,3.389764930461978e-09,9.799999999999999e-07,3.40589475014477e-09,9.799999999999999e-07,3.365052567011517e-09,9.799999999999999e-07,3.299785111661257e-09,9.799999999999999e-07,3.442865363139886e-09,9.799999999999999e-07,3.374531313736086e-09,9.799999999999999e-07,3.494815741130176e-09,9.799999999999999e-07,3.380184190446353e-09,9.799999999999999e-07,3.317368069492088e-09,9.799999999999999e-07,3.397690435654575e-09,9.799999999999999e-07,3.460389123408329e-09,9.799999999999999e-07,3.408707923720787e-09
1e-06,3.439334302418051e-09,1e-06,3.471799187288161e-09,1e-06,3.466769608247367e-09,1e-06,3.509535341844739e-09,1e-06,3.300106611682167e-09,1e-06,3.372733032503519e-09,1e-06,3.49620199433038e-09,1e-06,3.434020525016361e-09,1e-06,3.399995253452933e-09,1e-06,3.350859067563532e-09,1e-06,3.501335503406327e-09,1e-06,3.427957535628972e-09,1e-06,3.426753218488056e-09,1e-06,3.50086330687308e-09,1e-06,3.45943052293151e-09,1e-06,3.407064970073562e-09,1e-06,3.46166149293809e-09,1e-06,3.446962190631801e-09,1e-06,3.462295952222186e-09,1e-06,3.447489563502972e-09,1e-06,3.38373980282914e-09,1e-06,3.472496293693472e-09,1e-06,3.392293324908489e-09,1e-06,3.37799104840288e-09,1e-06,3.40711604328013e-09,1e-06,3.444283105188737e-09,1e-06,3.455607707037192e-09,1e-06,3.465584282644203e-09,1e-06,3.415390666924492e-09,1e-06,3.407653407651317e-09,1e-06,3.461122710687437e-09,1e-06,3.400084115759281e-09,1e-06,3.430111844068253e-09,1e-06,3.393328502009871e-09,1e-06,3.447815589430295e-09,1e-06,3.423016041906972e-09,1e-06,3.428340635907976e-09,1e-06,3.559487456933712e-09,1e-06,3.418451720157049e-09,1e-06,3.398346840389913e-09,1e-06,3.391421312754184e-09,1e-06,3.439710986500167e-09,1e-06,3.449289292182461e-09,1e-06,3.484596011219224e-09,1e-06,3.393546961261891e-09,1e-06,3.40015495984402e-09,1e-06,3.483988822341565e-09,1e-06,3.408571577649736e-09,1e-06,3.413981590555099e-09,1e-06,3.436794343078216e-09,1e-06,3.465717503089721e-09,1e-06,3.40724886195873e-09,1e-06,3.490322407052558e-09,1e-06,3.429246677729831e-09,1e-06,3.366674771968353e-09,1e-06,3.363494304412481e-09,1e-06,3.506976469794519e-09,1e-06,3.441548419724186e-09,1e-06,3.442510701327201e-09,1e-06,3.374725913242522e-09,1e-06,3.344748012206664e-09,1e-06,3.519965609896165e-09,1e-06,3.416572946641973e-09,1e-06,3.451303788463421e-09,1e-06,3.366722913008648e-09,1e-06,3.486552791533566e-09,1e-06,3.516481696196695e-09,1e-06,3.474000640678818e-09,1e-06,3.325951932818051e-09,1e-06,3.393787232938824e-09,1e-06,3.478486005124527e-09,1e-06,3.451930796680927e-09,1e-06,3.279796821694716e-09,1e-06,3.464672923575686e-09,1e-06,3.466614703095694e-09,1e-06,3.389093808484816e-09,1e-06,3.465135964527416e-09,1e-06,3.507337850138e-09,1e-06,3.387834327387304e-09,1e-06,3.369444347685031e-09,1e-06,3.437624791486392e-09,1e-06,3.450336678988034e-09,1e-06,3.527066822830835e-09,1e-06,3.38319396018546e-09,1e-06,3.469348009577701e-09,1e-06,3.428777523590593e-09,1e-06,3.41658159502478e-09,1e-06,3.4365770267478e-09,1e-06,3.432021412133629e-09,1e-06,3.44765214368479e-09,1e-06,3.406318024003389e-09,1e-06,3.339910084149502e-09,1e-06,3.484462645392718e-09,1e-06,3.416016851829111e-09,1e-06,3.537336544733283e-09,1e-06,3.421809333301879e-09,1e-06,3.357689333995462e-09,1e-06,3.439247080830517e-09,1e-06,3.502222704546491e-09,1e-06,3.450161198292416e-09
1.02e-06,3.480498619166497e-09,1.02e-06,3.513241028373686e-09,1.02e-06,3.508246304878819e-09,1.02e-06,3.552101481922497e-09,1.02e-06,3.340073925750605e-09,1.02e-06,3.413264275887108e-09,1.02e-06,3.538351868219257e-09,1.02e-06,3.475657616369732e-09,1.02e-06,3.441023509210332e-09,1.02e-06,3.391608098324837e-09,1.02e-06,3.543342430230757e-09,1.02e-06,3.469845300280805e-09,1.02e-06,3.468910664449762e-09,1.02e-06,3.543257443051701e-09,1.02e-06,3.50032900333449e-09,1.02e-06,3.447830298593696e-09,1.02e-06,3.503922688438251e-09,1.02e-06,3.488946899630723e-09,1.02e-06,3.504569662144595e-09,1.02e-06,3.489648109038702e-09,1.02e-06,3.426344829653167e-09,1.02e-06,3.514043457555613e-09,1.02e-06,3.433637537657222e-09,1.02e-06,3.418990257169332e-09,1.02e-06,3.448000803891633e-09,1.02e-06,3.485934331617239e-09,1.02e-06,3.497208645625374e-09,1.02e-06,3.50718830576353e-09,1.02e-06,3.456557750343621e-09,1.02e-06,3.449947315931481e-09,1.02e-06,3.502663418463031e-09,1.02e-06,3.44151781871496e-09,1.02e-06,3.471386978757797e-09,1.02e-06,3.434508632771346e-09,1.02e-06,3.491340310072585e-09,1.02e-06,3.464128571257007e-09,1.02e-06,3.470005874683641e-09,1.02e-06,3.601928432321602e-09,1.02e-06,3.459986606220051e-09,1.02e-06,3.439344800960668e-09,1.02e-06,3.433602307030145e-09,1.02e-06,3.481566158399679e-09,1.02e-06,3.49093961246826e-09,1.02e-06,3.527242617978613e-09,1.02e-06,3.434431821131432e-09,1.02e-06,3.440735789114259e-09,1.02e-06,3.526457334245128e-09,1.02e-06,3.449922803670271e-09,1.02e-06,3.455448363518487e-09,1.02e-06,3.478846320687822e-09,1.02e-06,3.507744528177343e-09,1.02e-06,3.449115168924781e-09,1.02e-06,3.532112211769974e-09,1.02e-06,3.470726318243228e-09,1.02e-06,3.407044118517765e-09,1.02e-06,3.404658516155983e-09,1.02e-06,3.549212956740873e-09,1.02e-06,3.482619926486348e-09,1.02e-06,3.4843625900663e-09,1.02e-06,3.415777679657965e-09,1.02e-06,3.385845380242732e-09,1.02e-06,3.562345587844624e-09,1.02e-06,3.457777620205446e-09,1.02e-06,3.492753283817632e-09,1.02e-06,3.407695488935225e-09,1.02e-06,3.528455458929962e-09,1.02e-06,3.558977812005687e-09,1.02e-06,3.515692163293473e-09,1.02e-06,3.365974830030721e-09,1.02e-06,3.435472613372721e-09,1.02e-06,3.520592577059986e-09,1.02e-06,3.493203006337266e-09,1.02e-06,3.319771248196637e-09,1.02e-06,3.505571965877355e-09,1.02e-06,3.508378895233523e-09,1.02e-06,3.430009414068903e-09,1.02e-06,3.506597426747187e-09,1.02e-06,3.549729369700076e-09,1.02e-06,3.428324129402522e-09,1.02e-06,3.410605100827101e-09,1.02e-06,3.479625850114153e-09,1.02e-06,3.492715261021805e-09,1.02e-06,3.568953504200577e-09,1.02e-06,3.424540660356907e-09,1.02e-06,3.510816068366843e-09,1.02e-06,3.469744829394709e-09,1.02e-06,3.458467832840459e-09,1.02e-06,3.477443113083297e-09,1.02e-06,3.472497921417609e-09,1.02e-06,3.489989397656216e-09,1.02e-06,3.448039330444478e-09,1.02e-06,3.381492571838912e-09,1.02e-06,3.526099873330312e-09,1.02e-06,3.457191780331365e-09,1.02e-06,3.58015541611793e-09,1.02e-06,3.463176106505e-09,1.02e-06,3.397879326484624e-09,1.02e-06,3.480038761604122e-09,1.02e-06,3.545273471577595e-09,1.02e-06,3.491270791236406e-09
1.04e-06,3.521234350824377e-09,1.04e-06,3.555803587425173e-09,1.04e-06,3.550102184989885e-09,1.04e-06,3.594251514853256e-09,1.04e-06,3.379591720033576e-09,1.04e-06,3.454327760667775e-09,1.04e-06,3.580618543474225e-09,1.04e-06,3.517218262851509e-09,1.04e-06,3.482744899990631e-09,1.04e-06,3.431761759161128e-09,1.04e-06,3.585719846257833e-09,1.04e-06,3.511435522797722e-09,1.04e-06,3.510430247378022e-09,1.04e-06,3.585845420115909e-09,1.04e-06,3.54134758013728e-09,1.04e-06,3.488938587944676e-09,1.04e-06,3.545121940616885e-09,1.04e-06,3.530620158528724e-09,1.04e-06,3.546045199486458e-09,1.04e-06,3.530658155279347e-09,1.04e-06,3.466778335306778e-09,1.04e-06,3.557156845908409e-09,1.04e-06,3.47503579649841e-09,1.04e-06,3.460143282887763e-09,1.04e-06,3.489351454811366e-09,1.04e-06,3.527526411207198e-09,1.04e-06,3.538348107508192e-09,1.04e-06,3.54899199403414e-09,1.04e-06,3.498310477883383e-09,1.04e-06,3.489908451731239e-09,1.04e-06,3.544738769188633e-09,1.04e-06,3.482952711509604e-09,1.04e-06,3.512973517920185e-09,1.04e-06,3.475336727389818e-09,1.04e-06,3.533037278687199e-09,1.04e-06,3.505931105255588e-09,1.04e-06,3.511430366415424e-09,1.04e-06,3.644930139527871e-09,1.04e-06,3.501416162167135e-09,1.04e-06,3.480234169727991e-09,1.04e-06,3.474950311905577e-09,1.04e-06,3.524088150920264e-09,1.04e-06,3.532808646566448e-09,1.04e-06,3.569393206170197e-09,1.04e-06,3.47506379067897e-09,1.04e-06,3.481422889050314e-09,1.04e-06,3.569332018434708e-09,1.04e-06,3.491313325325205e-09,1.04e-06,3.496937414030428e-09,1.04e-06,3.520381618117687e-09,1.04e-06,3.549540663167424e-09,1.04e-06,3.489608562519493e-09,1.04e-06,3.574148803648587e-09,1.04e-06,3.511329826934478e-09,1.04e-06,3.448179130659869e-09,1.04e-06,3.445431086124296e-09,1.04e-06,3.59036624895128e-09,1.04e-06,3.524462926031505e-09,1.04e-06,3.526683977988614e-09,1.04e-06,3.456649981492059e-09,1.04e-06,3.426737198946273e-09,1.04e-06,3.604983970660684e-09,1.04e-06,3.498515537132073e-09,1.04e-06,3.535169287528675e-09,1.04e-06,3.447957860796915e-09,1.04e-06,3.570648404993993e-09,1.04e-06,3.601422663126801e-09,1.04e-06,3.557131467566376e-09,1.04e-06,3.406302206001785e-09,1.04e-06,3.476999992281611e-09,1.04e-06,3.561982699968102e-09,1.04e-06,3.535001247910602e-09,1.04e-06,3.359278284011944e-09,1.04e-06,3.54780758207966e-09,1.04e-06,3.550298425878346e-09,1.04e-06,3.471944282009749e-09,1.04e-06,3.548202725166835e-09,1.04e-06,3.591575558442625e-09,1.04e-06,3.469647357402052e-09,1.04e-06,3.450982693466762e-09,1.04e-06,3.521848713442599e-09,1.04e-06,3.53466653283627e-09,1.04e-06,3.6110498677212e-09,1.04e-06,3.464873666742454e-09,1.04e-06,3.551934097505188e-09,1.04e-06,3.511149594550901e-09,1.04e-06,3.500066059326538e-09,1.04e-06,3.518996710010803e-09,1.04e-06,3.514489931728084e-09,1.04e-06,3.530976729608273e-09,1.04e-06,3.48843422876954e-09,1.04e-06,3.421116279847398e-09,1.04e-06,3.568353920440214e-09,1.04e-06,3.498724167935992e-09,1.04e-06,3.622956077147859e-09,1.04e-06,3.504952542995916e-09,1.04e-06,3.438047130842158e-09,1.04e-06,3.521821435252139e-09,1.04e-06,3.586682491492165e-09,1.04e-06,3.532789520933428e-09
1.06e-06,3.563489213110707e-09,1.06e-06,3.59706218811834e-09,1.06e-06,3.591880893732665e-09,1.06e-06,3.636535072227154e-09,1.06e-06,3.420891730844368e-09,1.06e-06,3.495692832936756e-09,1.06e-06,3.622007147500033e-09,1.06e-06,3.55946454674398e-09,1.06e-06,3.524573610213258e-09,1.06e-06,3.471645069530191e-09,1.06e-06,3.628234486499377e-09,1.06e-06,3.551580731410447e-09,1.06e-06,3.551626552736533e-09,1.06e-06,3.629011976789788e-09,1.06e-06,3.582567437653966e-09,1.06e-06,3.530525132889214e-09,1.06e-06,3.588130438209052e-09,1.06e-06,3.571890421679084e-09,1.06e-06,3.587432799484749e-09,1.06e-06,3.571959039900656e-09,1.06e-06,3.508314661612462e-09,1.06e-06,3.598458725425561e-09,1.06e-06,3.515632610684406e-09,1.06e-06,3.501358395727397e-09,1.06e-06,3.530639979231645e-09,1.06e-06,3.569021566278978e-09,1.06e-06,3.580914287556302e-09,1.06e-06,3.590849026896775e-09,1.06e-06,3.539378039683318e-09,1.06e-06,3.531729289803005e-09,1.06e-06,3.586339650646445e-09,1.06e-06,3.524865640121484e-09,1.06e-06,3.553916989159779e-09,1.06e-06,3.515321777650676e-09,1.06e-06,3.574285825333442e-09,1.06e-06,3.547221511933513e-09,1.06e-06,3.551742337632426e-09,1.06e-06,3.687714603886737e-09,1.06e-06,3.542957096325304e-09,1.06e-06,3.520575163012839e-09,1.06e-06,3.517597874626696e-09,1.06e-06,3.565677433916483e-09,1.06e-06,3.574049202492161e-09,1.06e-06,3.611049919349519e-09,1.06e-06,3.51626732486011e-09,1.06e-06,3.522875562940612e-09,1.06e-06,3.610913120520066e-09,1.06e-06,3.532331780721508e-09,1.06e-06,3.53855797316065e-09,1.06e-06,3.562269737743026e-09,1.06e-06,3.59111545253939e-09,1.06e-06,3.531852183233848e-09,1.06e-06,3.614978180961674e-09,1.06e-06,3.553271440749925e-09,1.06e-06,3.489959290511632e-09,1.06e-06,3.485022397192427e-09,1.06e-06,3.633976447288284e-09,1.06e-06,3.56595510942419e-09,1.06e-06,3.567392460148396e-09,1.06e-06,3.497667444592543e-09,1.06e-06,3.466960918047815e-09,1.06e-06,3.647043444987468e-09,1.06e-06,3.539631084380072e-09,1.06e-06,3.57744152164277e-09,1.06e-06,3.489815042924406e-09,1.06e-06,3.611672982911599e-09,1.06e-06,3.644629351478579e-09,1.06e-06,3.5995077636484e-09,1.06e-06,3.446327034774511e-09,1.06e-06,3.518489645697166e-09,1.06e-06,3.604081835747872e-09,1.06e-06,3.576576210266572e-09,1.06e-06,3.398411276288596e-09,1.06e-06,3.589287582395037e-09,1.06e-06,3.591805454533739e-09,1.06e-06,3.51226345562024e-09,1.06e-06,3.59055854461499e-09,1.06e-06,3.63444847609704e-09,1.06e-06,3.510924822688681e-09,1.06e-06,3.491513901583928e-09,1.06e-06,3.564033825509638e-09,1.06e-06,3.576903451238623e-09,1.06e-06,3.653203739013534e-09,1.06e-06,3.505999965122246e-09,1.06e-06,3.594485753927886e-09,1.06e-06,3.552129673786237e-09,1.06e-06,3.541635970241292e-09,1.06e-06,3.560628715906329e-09,1.06e-06,3.555758958779528e-09,1.06e-06,3.573074510511528e-09,1.06e-06,3.530557891408668e-09,1.06e-06,3.462271464665511e-09,1.06e-06,3.609381812473379e-09,1.06e-06,3.539620351160877e-09,1.06e-06,3.66605914141965e-09,1.06e-06,3.54624428524933e-09,1.06e-06,3.477820881650681e-09,1.06e-06,3.564494960215649e-09,1.06e-06,3.628659536075235e-09,1.06e-06,3.574436757283537e-09
1.08e-06,3.604449826972347e-09,1.08e-06,3.639184252965881e-09,1.08e-06,3.633069328441838e-09,1.08e-06,3.679170573396931e-09,1.08e-06,3.461068939543198e-09,1.08e-06,3.536930601415247e-09,1.08e-06,3.664022909577176e-09,1.08e-06,3.600534216851078e-09,1.08e-06,3.56529539378571e-09,1.08e-06,3.512248918201658e-09,1.08e-06,3.669822709216534e-09,1.08e-06,3.593353051413451e-09,1.08e-06,3.592984415695984e-09,1.08e-06,3.671365719511855e-09,1.08e-06,3.623867859529557e-09,1.08e-06,3.571901128371612e-09,1.08e-06,3.629962232438829e-09,1.08e-06,3.61326155008368e-09,1.08e-06,3.628822186547993e-09,1.08e-06,3.613972785394625e-09,1.08e-06,3.549391457479202e-09,1.08e-06,3.641038022546323e-09,1.08e-06,3.557311889758871e-09,1.08e-06,3.542772702212713e-09,1.08e-06,3.571787500032785e-09,1.08e-06,3.610963724137234e-09,1.08e-06,3.623026451729672e-09,1.08e-06,3.632563583656074e-09,1.08e-06,3.580952097206583e-09,1.08e-06,3.573721166802156e-09,1.08e-06,3.628307180901929e-09,1.08e-06,3.566570465508387e-09,1.08e-06,3.59558174556144e-09,1.08e-06,3.556167223318679e-09,1.08e-06,3.61645793877687e-09,1.08e-06,3.588808992179819e-09,1.08e-06,3.593921421184965e-09,1.08e-06,3.730252851039901e-09,1.08e-06,3.58431440739339e-09,1.08e-06,3.561929620855517e-09,1.08e-06,3.558299791883768e-09,1.08e-06,3.608054405438167e-09,1.08e-06,3.616124141749004e-09,1.08e-06,3.654192464835194e-09,1.08e-06,3.556676604968478e-09,1.08e-06,3.563452764430353e-09,1.08e-06,3.653260340351687e-09,1.08e-06,3.573973868105581e-09,1.08e-06,3.578909422805122e-09,1.08e-06,3.60383990846519e-09,1.08e-06,3.63207060959611e-09,1.08e-06,3.572321707827727e-09,1.08e-06,3.656168710312165e-09,1.08e-06,3.594001333764136e-09,1.08e-06,3.5310576179396e-09,1.08e-06,3.525509819406622e-09,1.08e-06,3.675920209607102e-09,1.08e-06,3.608165281680334e-09,1.08e-06,3.610012787014759e-09,1.08e-06,3.539228851575971e-09,1.08e-06,3.507735806060603e-09,1.08e-06,3.689713019293613e-09,1.08e-06,3.580386394102935e-09,1.08e-06,3.618816613890439e-09,1.08e-06,3.530263448107977e-09,1.08e-06,3.653500585142514e-09,1.08e-06,3.687413588149239e-09,1.08e-06,3.641134696749294e-09,1.08e-06,3.486984156875198e-09,1.08e-06,3.559568197195076e-09,1.08e-06,3.646927015930786e-09,1.08e-06,3.618815835351268e-09,1.08e-06,3.438853826228412e-09,1.08e-06,3.630696160413523e-09,1.08e-06,3.633577127038309e-09,1.08e-06,3.553085378285278e-09,1.08e-06,3.631856215623453e-09,1.08e-06,3.677052152123826e-09,1.08e-06,3.552084368461422e-09,1.08e-06,3.531784622804544e-09,1.08e-06,3.605985087469441e-09,1.08e-06,3.61902032240656e-09,1.08e-06,3.696165409729121e-09,1.08e-06,3.546755625252541e-09,1.08e-06,3.635712331376305e-09,1.08e-06,3.593484843434144e-09,1.08e-06,3.582943373124202e-09,1.08e-06,3.602408413367686e-09,1.08e-06,3.597452040657577e-09,1.08e-06,3.615108553492283e-09,1.08e-06,3.572590748157254e-09,1.08e-06,3.502423440435188e-09,1.08e-06,3.650726246081435e-09,1.08e-06,3.580491470236742e-09,1.08e-06,3.708766605282525e-09,1.08e-06,3.588370411169805e-09,1.08e-06,3.518043739220883e-09,1.08e-06,3.605798311945052e-09,1.08e-06,3.669654490202215e-09,1.08e-06,3.615817266025871e-09
1.1e-06,3.64493711923027e-09,1.1e-06,3.680926071645755e-09,1.1e-06,3.675096684916398e-09,1.1e-06,3.721462807092212e-09,1.1e-06,3.500896628616357e-09,1.1e-06,3.577505506288349e-09,1.1e-06,3.706137091883704e-09,1.1e-06,3.642378671049122e-09,1.1e-06,3.606150457892943e-09,1.1e-06,3.553107760009535e-09,1.1e-06,3.712103416976227e-09,1.1e-06,3.635340805423928e-09,1.1e-06,3.634624802027261e-09,1.1e-06,3.714202579693729e-09,1.1e-06,3.66480237516325e-09,1.1e-06,3.612562697720379e-09,1.1e-06,3.672200236373813e-09,1.1e-06,3.655562195553924e-09,1.1e-06,3.671514845941967e-09,1.1e-06,3.654756766052891e-09,1.1e-06,3.590278537008989e-09,1.1e-06,3.682768112381099e-09,1.1e-06,3.598422969617204e-09,1.1e-06,3.583285464295953e-09,1.1e-06,3.612453205689943e-09,1.1e-06,3.652504142856383e-09,1.1e-06,3.664495223504199e-09,1.1e-06,3.673507620822599e-09,1.1e-06,3.622485429023868e-09,1.1e-06,3.615436936936072e-09,1.1e-06,3.669739229700144e-09,1.1e-06,3.607562330676004e-09,1.1e-06,3.636476405208826e-09,1.1e-06,3.597047476394357e-09,1.1e-06,3.658604761238996e-09,1.1e-06,3.629549016457563e-09,1.1e-06,3.634963881837926e-09,1.1e-06,3.772883832756974e-09,1.1e-06,3.625554062681623e-09,1.1e-06,3.603147626034915e-09,1.1e-06,3.599678742035515e-09,1.1e-06,3.649774933978693e-09,1.1e-06,3.657838973297572e-09,1.1e-06,3.695728596443048e-09,1.1e-06,3.598094644998191e-09,1.1e-06,3.604320493423701e-09,1.1e-06,3.695440559119425e-09,1.1e-06,3.615388516826675e-09,1.1e-06,3.620639038786413e-09,1.1e-06,3.645714853412083e-09,1.1e-06,3.674861606113679e-09,1.1e-06,3.614711767182991e-09,1.1e-06,3.699323973741496e-09,1.1e-06,3.63567313910859e-09,1.1e-06,3.571608028424345e-09,1.1e-06,3.566309225821624e-09,1.1e-06,3.718207087241176e-09,1.1e-06,3.649178855918795e-09,1.1e-06,3.652072810021692e-09,1.1e-06,3.579979898323229e-09,1.1e-06,3.548863174643845e-09,1.1e-06,3.731820050886121e-09,1.1e-06,3.620298875905386e-09,1.1e-06,3.661134179266952e-09,1.1e-06,3.571114058933222e-09,1.1e-06,3.695585205801026e-09,1.1e-06,3.729739854077471e-09,1.1e-06,3.683577018105114e-09,1.1e-06,3.527334209975238e-09,1.1e-06,3.601095817892208e-09,1.1e-06,3.688535121466398e-09,1.1e-06,3.659769972563922e-09,1.1e-06,3.478755517011636e-09,1.1e-06,3.672821938641454e-09,1.1e-06,3.67509657741842e-09,1.1e-06,3.595399855036513e-09,1.1e-06,3.672997663315473e-09,1.1e-06,3.719408459590098e-09,1.1e-06,3.593220233196888e-09,1.1e-06,3.572710833629246e-09,1.1e-06,3.648745038243003e-09,1.1e-06,3.660966296772619e-09,1.1e-06,3.738547812127574e-09,1.1e-06,3.58794220576898e-09,1.1e-06,3.677350754490998e-09,1.1e-06,3.63511226157752e-09,1.1e-06,3.624603390525328e-09,1.1e-06,3.64358794572873e-09,1.1e-06,3.638260429623354e-09,1.1e-06,3.657452526493378e-09,1.1e-06,3.613572699122902e-09,1.1e-06,3.543577672604914e-09,1.1e-06,3.693405400329891e-09,1.1e-06,3.622172550262624e-09,1.1e-06,3.751161711361971e-09,1.1e-06,3.629338075036986e-09,1.1e-06,3.558573921244898e-09,1.1e-06,3.647216613129095e-09,1.1e-06,3.712769309635487e-09,1.1e-06,3.658008351732756e-09
1.12e-06,3.68623229366639e-09,1.12e-06,3.72332937106434e-09,1.12e-06,3.717165807804736e-09,1.12e-06,3.763961781626788e-09,1.12e-06,3.541725876617944e-09,1.12e-06,3.61837274359419e-09,1.12e-06,3.749175580599642e-09,1.12e-06,3.684059735792892e-09,1.12e-06,3.647852872984867e-09,1.12e-06,3.593632868047675e-09,1.12e-06,3.753864442727635e-09,1.12e-06,3.676819518591253e-09,1.12e-06,3.675632311139541e-09,1.12e-06,3.756913121051845e-09,1.12e-06,3.706249223399926e-09,1.12e-06,3.654055365742956e-09,1.12e-06,3.713813485843257e-09,1.12e-06,3.697582843001302e-09,1.12e-06,3.713397180862128e-09,1.12e-06,3.696424115393374e-09,1.12e-06,3.631199010476669e-09,1.12e-06,3.723881935173474e-09,1.12e-06,3.640031789716846e-09,1.12e-06,3.623900963722214e-09,1.12e-06,3.65421393814461e-09,1.12e-06,3.694426322575702e-09,1.12e-06,3.705999536276309e-09,1.12e-06,3.715869228830615e-09,1.12e-06,3.66425987709725e-09,1.12e-06,3.656724428926756e-09,1.12e-06,3.71034958977303e-09,1.12e-06,3.648818978459858e-09,1.12e-06,3.678545571384234e-09,1.12e-06,3.638328193728421e-09,1.12e-06,3.700460955866717e-09,1.12e-06,3.671047135014952e-09,1.12e-06,3.676943261680636e-09,1.12e-06,3.815732610865086e-09,1.12e-06,3.667155323198553e-09,1.12e-06,3.644189390594864e-09,1.12e-06,3.641432880720993e-09,1.12e-06,3.692131937000795e-09,1.12e-06,3.700122464402457e-09,1.12e-06,3.739465274855688e-09,1.12e-06,3.638827284018229e-09,1.12e-06,3.644752585782429e-09,1.12e-06,3.737764282814759e-09,1.12e-06,3.65654815954234e-09,1.12e-06,3.661719968630311e-09,1.12e-06,3.687067412688891e-09,1.12e-06,3.717529390091434e-09,1.12e-06,3.655153659955823e-09,1.12e-06,3.740703628913272e-09,1.12e-06,3.677233862620277e-09,1.12e-06,3.612560745166239e-09,1.12e-06,3.607371879602558e-09,1.12e-06,3.760626821488393e-09,1.12e-06,3.691324097825798e-09,1.12e-06,3.693022860900133e-09,1.12e-06,3.620510840914756e-09,1.12e-06,3.589746330630989e-09,1.12e-06,3.774093971042191e-09,1.12e-06,3.66302018822799e-09,1.12e-06,3.703229380994178e-09,1.12e-06,3.612066373786946e-09,1.12e-06,3.737545277398582e-09,1.12e-06,3.772274727688719e-09,1.12e-06,3.725125525078608e-09,1.12e-06,3.567389944935641e-09,1.12e-06,3.642365364232688e-09,1.12e-06,3.730861999737418e-09,1.12e-06,3.700800470070283e-09,1.12e-06,3.518615609507295e-09,1.12e-06,3.713898002595249e-09,1.12e-06,3.717172504573214e-09,1.12e-06,3.636590722155002e-09,1.12e-06,3.715596613187054e-09,1.12e-06,3.761528793195841e-09,1.12e-06,3.634117504191806e-09,1.12e-06,3.613484129917363e-09,1.12e-06,3.690876252581978e-09,1.12e-06,3.70287357491951e-09,1.12e-06,3.780105316955632e-09,1.12e-06,3.62923329020441e-09,1.12e-06,3.718014448008383e-09,1.12e-06,3.676273480308086e-09,1.12e-06,3.6666742010846e-09,1.12e-06,3.684820579007929e-09,1.12e-06,3.680229173552627e-09,1.12e-06,3.699363333359008e-09,1.12e-06,3.655523240906629e-09,1.12e-06,3.583774705318757e-09,1.12e-06,3.735119754056711e-09,1.12e-06,3.663240738113783e-09,1.12e-06,3.793715112537136e-09,1.12e-06,3.671665351635178e-09,1.12e-06,3.598807083201513e-09,1.12e-06,3.689418618200493e-09,1.12e-06,3.754645380553568e-09,1.12e-06,3.699923411146966e-09
1.14e-06,3.72784469778319e-09,1.14e-06,3.765185855316922e-09,1.14e-06,3.7589429549243e-09,1.14e-06,3.806567518578065e-09,1.14e-06,3.581804955477949e-09,1.14e-06,3.65895572672783e-09,1.14e-06,3.791428559565115e-09,1.14e-06,3.724945644117006e-09,1.14e-06,3.688920972375776e-09,1.14e-06,3.634422389364596e-09,1.14e-06,3.795175794435988e-09,1.14e-06,3.71726518089346e-09,1.14e-06,3.717551888073339e-09,1.14e-06,3.800471008409329e-09,1.14e-06,3.74809204044843e-09,1.14e-06,3.693861879513416e-09,1.14e-06,3.75545871485167e-09,1.14e-06,3.738658807990554e-09,1.14e-06,3.755259342108553e-09,1.14e-06,3.738274850852291e-09,1.14e-06,3.671263031948225e-09,1.14e-06,3.767364464264615e-09,1.14e-06,3.680538174891442e-09,1.14e-06,3.66596811999287e-09,1.14e-06,3.69517357898729e-09,1.14e-06,3.735833991962082e-09,1.14e-06,3.748321911815344e-09,1.14e-06,3.75634705214532e-09,1.14e-06,3.70655578915202e-09,1.14e-06,3.699178569383291e-09,1.14e-06,3.752583820451699e-09,1.14e-06,3.690694327568923e-09,1.14e-06,3.719892814848185e-09,1.14e-06,3.678826649329681e-09,1.14e-06,3.74191420838968e-09,1.14e-06,3.713303703236183e-09,1.14e-06,3.717533289310297e-09,1.14e-06,3.857994875712012e-09,1.14e-06,3.709798102816216e-09,1.14e-06,3.684635470105159e-09,1.14e-06,3.682436045859346e-09,1.14e-06,3.734556193893179e-09,1.14e-06,3.740404201047416e-09,1.14e-06,3.781090346084801e-09,1.14e-06,3.679507735949391e-09,1.14e-06,3.686040461927977e-09,1.14e-06,3.779428778900431e-09,1.14e-06,3.698547568865766e-09,1.14e-06,3.702265843328317e-09,1.14e-06,3.727430260293896e-09,1.14e-06,3.758898984082115e-09,1.14e-06,3.696088485594363e-09,1.14e-06,3.781772820061979e-09,1.14e-06,3.718478438275507e-09,1.14e-06,3.654490824266299e-09,1.14e-06,3.649011124313801e-09,1.14e-06,3.802425719683835e-09,1.14e-06,3.732860135922195e-09,1.14e-06,3.734814790417943e-09,1.14e-06,3.660575280483923e-09,1.14e-06,3.63069550242081e-09,1.14e-06,3.817055287395332e-09,1.14e-06,3.70299245318566e-09,1.14e-06,3.744488298601749e-09,1.14e-06,3.653756419354207e-09,1.14e-06,3.779342588660968e-09,1.14e-06,3.814392092950628e-09,1.14e-06,3.765518861706029e-09,1.14e-06,3.607664042320126e-09,1.14e-06,3.68393238874363e-09,1.14e-06,3.772934151850055e-09,1.14e-06,3.743651256469879e-09,1.14e-06,3.558656373239258e-09,1.14e-06,3.756363361183449e-09,1.14e-06,3.758172700296859e-09,1.14e-06,3.6779287767555e-09,1.14e-06,3.756111408246731e-09,1.14e-06,3.803116121831436e-09,1.14e-06,3.675893735616398e-09,1.14e-06,3.652728548115786e-09,1.14e-06,3.733229739874422e-09,1.14e-06,3.744440105970407e-09,1.14e-06,3.823136254949176e-09,1.14e-06,3.669296534785188e-09,1.14e-06,3.760778055475666e-09,1.14e-06,3.718583096931585e-09,1.14e-06,3.707474572099602e-09,1.14e-06,3.72759712864088e-09,1.14e-06,3.721132920256135e-09,1.14e-06,3.740450370012684e-09,1.14e-06,3.69668173825022e-09,1.14e-06,3.623769659261743e-09,1.14e-06,3.776253075332284e-09,1.14e-06,3.704220433887748e-09,1.14e-06,3.837598875242601e-09,1.14e-06,3.712943232487116e-09,1.14e-06,3.638179265914735e-09,1.14e-06,3.729211103803794e-09,1.14e-06,3.795607810005902e-09,1.14e-06,3.742647008902009e-09
1.16e-06,3.769093613185901e-09,1.16e-06,3.807055234860628e-09,1.16e-06,3.800518507524616e-09,1.16e-06,3.849404507606197e-09,1.16e-06,3.621959493560495e-09,1.16e-06,3.700373356858782e-09,1.16e-06,3.833491971003045e-09,1.16e-06,3.766519904451744e-09,1.16e-06,3.730545996088057e-09,1.16e-06,3.674666152909009e-09,1.16e-06,3.837065163515761e-09,1.16e-06,3.759172008109194e-09,1.16e-06,3.758942505952814e-09,1.16e-06,3.843184612880069e-09,1.16e-06,3.789826266535452e-09,1.16e-06,3.735228613356412e-09,1.16e-06,3.79725142184988e-09,1.16e-06,3.780357634177523e-09,1.16e-06,3.797379019516629e-09,1.16e-06,3.778141581385509e-09,1.16e-06,3.712862882401927e-09,1.16e-06,3.809596556321573e-09,1.16e-06,3.722015812962797e-09,1.16e-06,3.706794978343019e-09,1.16e-06,3.734934058362773e-09,1.16e-06,3.777281906631721e-09,1.16e-06,3.790388774855332e-09,1.16e-06,3.798151178568037e-09,1.16e-06,3.748410359607305e-09,1.16e-06,3.740861237054098e-09,1.16e-06,3.793653117677404e-09,1.16e-06,3.731830406184858e-09,1.16e-06,3.759997167345964e-09,1.16e-06,3.719765144451698e-09,1.16e-06,3.783567951547937e-09,1.16e-06,3.755138398863824e-09,1.16e-06,3.758751609112721e-09,1.16e-06,3.900458886399579e-09,1.16e-06,3.751008845720933e-09,1.16e-06,3.725665441141241e-09,1.16e-06,3.724012157339603e-09,1.16e-06,3.776493451530084e-09,1.16e-06,3.781939362722998e-09,1.16e-06,3.824043231197883e-09,1.16e-06,3.72040808503311e-09,1.16e-06,3.726847487586038e-09,1.16e-06,3.820600208228181e-09,1.16e-06,3.740150116598954e-09,1.16e-06,3.742413372104419e-09,1.16e-06,3.769333762493366e-09,1.16e-06,3.800027957015434e-09,1.16e-06,3.738362522506321e-09,1.16e-06,3.823859798196431e-09,1.16e-06,3.759791952797756e-09,1.16e-06,3.694942841011301e-09,1.16e-06,3.690558560145944e-09,1.16e-06,3.84540853058064e-09,1.16e-06,3.774241724174634e-09,1.16e-06,3.777322382491404e-09,1.16e-06,3.701890608071225e-09,1.16e-06,3.671234757652891e-09,1.16e-06,3.85973036747801e-09,1.16e-06,3.743152240378801e-09,1.16e-06,3.785842538890551e-09,1.16e-06,3.6947777359461e-09,1.16e-06,3.821548381541902e-09,1.16e-06,3.856054062765154e-09,1.16e-06,3.809092151948901e-09,1.16e-06,3.648422425714945e-09,1.16e-06,3.725780112349266e-09,1.16e-06,3.815023636689271e-09,1.16e-06,3.785542295864168e-09,1.16e-06,3.597761518801291e-09,1.16e-06,3.797785254939174e-09,1.16e-06,3.800710346497722e-09,1.16e-06,3.718983967159591e-09,1.16e-06,3.798053530350071e-09,1.16e-06,3.845092498534766e-09,1.16e-06,3.716916817359258e-09,1.16e-06,3.693593586311321e-09,1.16e-06,3.775409406908568e-09,1.16e-06,3.786572244942741e-09,1.16e-06,3.864510223136744e-09,1.16e-06,3.709431549399667e-09,1.16e-06,3.801912966941161e-09,1.16e-06,3.760123252738885e-09,1.16e-06,3.749132760492455e-09,1.16e-06,3.768898051352431e-09,1.16e-06,3.762595107360461e-09,1.16e-06,3.782364793185309e-09,1.16e-06,3.737957026660745e-09,1.16e-06,3.663960713770965e-09,1.16e-06,3.817570874956579e-09,1.16e-06,3.745191217673405e-09,1.16e-06,3.879841432779269e-09,1.16e-06,3.754226597238456e-09,1.16e-06,3.680080915709143e-09,1.16e-06,3.771277209965616e-09,1.16e-06,3.837182380752542e-09,1.16e-06,3.784005698091864e-09
1.18e-06,3.810637912487822e-09,1.18e-06,3.849210538470428e-09,1.18e-06,3.842119320105561e-09,1.18e-06,3.891626502931426e-09,1.18e-06,3.662108764006244e-09,1.18e-06,3.740914357986919e-09,1.18e-06,3.875399954042942e-09,1.18e-06,3.808093293928996e-09,1.18e-06,3.772174173768205e-09,1.18e-06,3.714916133194419e-09,1.18e-06,3.879059861405415e-09,1.18e-06,3.801578473352139e-09,1.18e-06,3.800828110773932e-09,1.18e-06,3.885149732487702e-09,1.18e-06,3.830616810236357e-09,1.18e-06,3.776356454204663e-09,1.18e-06,3.839550514372449e-09,1.18e-06,3.82238389675405e-09,1.18e-06,3.838726683596959e-09,1.18e-06,3.820474705828429e-09,1.18e-06,3.754335005518654e-09,1.18e-06,3.851379130770372e-09,1.18e-06,3.763497546226289e-09,1.18e-06,3.747402679325148e-09,1.18e-06,3.777285824821268e-09,1.18e-06,3.819146809146174e-09,1.18e-06,3.832005696621603e-09,1.18e-06,3.840710220678323e-09,1.18e-06,3.789171021263139e-09,1.18e-06,3.782393463618444e-09,1.18e-06,3.83589770080165e-09,1.18e-06,3.773472217327387e-09,1.18e-06,3.802726445143443e-09,1.18e-06,3.759469849343789e-09,1.18e-06,3.82646177879023e-09,1.18e-06,3.796144053427752e-09,1.18e-06,3.800290502054095e-09,1.18e-06,3.943412551108503e-09,1.18e-06,3.792763089767937e-09,1.18e-06,3.76631378350187e-09,1.18e-06,3.764028450344196e-09,1.18e-06,3.818613279004939e-09,1.18e-06,3.824128040595111e-09,1.18e-06,3.866339803965059e-09,1.18e-06,3.761817193354707e-09,1.18e-06,3.767308601571191e-09,1.18e-06,3.864990244751214e-09,1.18e-06,3.781180565895752e-09,1.18e-06,3.78347753023193e-09,1.18e-06,3.810517862381418e-09,1.18e-06,3.84222208057509e-09,1.18e-06,3.780270537412628e-09,1.18e-06,3.865746342916971e-09,1.18e-06,3.800913567210563e-09,1.18e-06,3.735576194063199e-09,1.18e-06,3.730097637247609e-09,1.18e-06,3.887375833504546e-09,1.18e-06,3.815825378882516e-09,1.18e-06,3.819128745059226e-09,1.18e-06,3.74297688457743e-09,1.18e-06,3.712736627955647e-09,1.18e-06,3.902061714108599e-09,1.18e-06,3.784356957712167e-09,1.18e-06,3.828345389493397e-09,1.18e-06,3.735207738210273e-09,1.18e-06,3.863452208731124e-09,1.18e-06,3.899239222334997e-09,1.18e-06,3.85092473109996e-09,1.18e-06,3.688569673728561e-09,1.18e-06,3.766583172276515e-09,1.18e-06,3.856431711870009e-09,1.18e-06,3.826180623399007e-09,1.18e-06,3.637865687844067e-09,1.18e-06,3.83934736294683e-09,1.18e-06,3.841613988452201e-09,1.18e-06,3.761058307675811e-09,1.18e-06,3.840130192511488e-09,1.18e-06,3.887438273290758e-09,1.18e-06,3.757949637599512e-09,1.18e-06,3.734945078366057e-09,1.18e-06,3.817421482995492e-09,1.18e-06,3.828928749935759e-09,1.18e-06,3.908076902453571e-09,1.18e-06,3.749864338807544e-09,1.18e-06,3.843883412888298e-09,1.18e-06,3.801510967408081e-09,1.18e-06,3.790951647104078e-09,1.18e-06,3.81001254693347e-09,1.18e-06,3.804003452813711e-09,1.18e-06,3.824508129453562e-09,1.18e-06,3.778997612392826e-09,1.18e-06,3.704509538825042e-09,1.18e-06,3.858286252223404e-09,1.18e-06,3.787029287516508e-09,1.18e-06,3.922702338188589e-09,1.18e-06,3.796143426944058e-09,1.18e-06,3.719950904137763e-09,1.18e-06,3.813067974178206e-09,1.18e-06,3.879525857324059e-09,1.18e-06,3.825807796810318e-09
1.2e-06,3.851421517030081e-09,1.2e-06,3.891316016476067e-09,1.2e-06,3.884145699277115e-09,1.2e-06,3.934382488923136e-09,1.2e-06,3.702065415206678e-09,1.2e-06,3.781512359104772e-09,1.2e-06,3.917274276765429e-09,1.2e-06,3.848691886613171e-09,1.2e-06,3.813467852633374e-09,1.2e-06,3.755939712128095e-09,1.2e-06,3.921225827539494e-09,1.2e-06,3.842849052587764e-09,1.2e-06,3.841890390818937e-09,1.2e-06,3.928244467079877e-09,1.2e-06,3.872294954614927e-09,1.2e-06,3.816826381274008e-09,1.2e-06,3.880954845837613e-09,1.2e-06,3.864420762430223e-09,1.2e-06,3.880564624931303e-09,1.2e-06,3.861986289155767e-09,1.2e-06,3.795344460709047e-09,1.2e-06,3.893739717782149e-09,1.2e-06,3.804482112530915e-09,1.2e-06,3.788779199982893e-09,1.2e-06,3.81854834270976e-09,1.2e-06,3.861078003238716e-09,1.2e-06,3.874079239331046e-09,1.2e-06,3.882110666208079e-09,1.2e-06,3.830823340566416e-09,1.2e-06,3.824090684518868e-09,1.2e-06,3.877415164773845e-09,1.2e-06,3.815275447787462e-09,1.2e-06,3.843450549136613e-09,1.2e-06,3.801133998642065e-09,1.2e-06,3.868502248634527e-09,1.2e-06,3.838177768776657e-09,1.2e-06,3.840920923553625e-09,1.2e-06,3.986386858592773e-09,1.2e-06,3.834593612837977e-09,1.2e-06,3.806856496094491e-09,1.2e-06,3.806224746078309e-09,1.2e-06,3.860061985910995e-09,1.2e-06,3.865138429960953e-09,1.2e-06,3.908437077226095e-09,1.2e-06,3.802609249715229e-09,1.2e-06,3.808526050819047e-09,1.2e-06,3.906954327662827e-09,1.2e-06,3.822289636318552e-09,1.2e-06,3.825441261734679e-09,1.2e-06,3.852987914265022e-09,1.2e-06,3.883991906200183e-09,1.2e-06,3.820824088699051e-09,1.2e-06,3.907752011854888e-09,1.2e-06,3.842593480902279e-09,1.2e-06,3.777682001190164e-09,1.2e-06,3.771781551050632e-09,1.2e-06,3.929268182750453e-09,1.2e-06,3.857387701738504e-09,1.2e-06,3.860789113912267e-09,1.2e-06,3.78412423275886e-09,1.2e-06,3.753074673628094e-09,1.2e-06,3.945064963121303e-09,1.2e-06,3.825771744484373e-09,1.2e-06,3.870093408724e-09,1.2e-06,3.776029827067189e-09,1.2e-06,3.905318119210474e-09,1.2e-06,3.94180397662989e-09,1.2e-06,3.892438179539051e-09,1.2e-06,3.728105851296319e-09,1.2e-06,3.808139414106944e-09,1.2e-06,3.899353134035886e-09,1.2e-06,3.868678697540526e-09,1.2e-06,3.677565291695871e-09,1.2e-06,3.881232380766754e-09,1.2e-06,3.884179138533218e-09,1.2e-06,3.802251520559199e-09,1.2e-06,3.882118873672039e-09,1.2e-06,3.930056556110767e-09,1.2e-06,3.799236578839558e-09,1.2e-06,3.775878013563109e-09,1.2e-06,3.859039532733686e-09,1.2e-06,3.869887004591569e-09,1.2e-06,3.949662388574171e-09,1.2e-06,3.791817935801688e-09,1.2e-06,3.885378352363968e-09,1.2e-06,3.842613287081603e-09,1.2e-06,3.832499036575682e-09,1.2e-06,3.851816081251188e-09,1.2e-06,3.845815633042805e-09,1.2e-06,3.866347568432033e-09,1.2e-06,3.819859844477336e-09,1.2e-06,3.745405281778937e-09,1.2e-06,3.900622834981041e-09,1.2e-06,3.828559131239387e-09,1.2e-06,3.965790273374564e-09,1.2e-06,3.837795801895859e-09,1.2e-06,3.76008673962696e-09,1.2e-06,3.854550943538656e-09,1.2e-06,3.921591472935053e-09,1.2e-06,3.866500964562138e-09
1.22e-06,3.893580696851573e-09,1.22e-06,3.932789023886827e-09,1.22e-06,3.926080845851153e-09,1.22e-06,3.976977494336795e-09,1.22e-06,3.742963893639264e-09,1.22e-06,3.822412615366138e-09,1.22e-06,3.959224807341445e-09,1.22e-06,3.891495518230451e-09,1.22e-06,3.854989722275833e-09,1.22e-06,3.796361066462964e-09,1.22e-06,3.963735250411657e-09,1.22e-06,3.883197204305185e-09,1.22e-06,3.883583115701746e-09,1.22e-06,3.971261806084304e-09,1.22e-06,3.913113311331402e-09,1.22e-06,3.858778173403775e-09,1.22e-06,3.92380348217317e-09,1.22e-06,3.906010808310078e-09,1.22e-06,3.921714641184435e-09,1.22e-06,3.903700038645066e-09,1.22e-06,3.836308032205865e-09,1.22e-06,3.93584166755431e-09,1.22e-06,3.845360309921242e-09,1.22e-06,3.830573680659163e-09,1.22e-06,3.860118629137518e-09,1.22e-06,3.901933690313044e-09,1.22e-06,3.915898198642203e-09,1.22e-06,3.923325040387855e-09,1.22e-06,3.871978451281306e-09,1.22e-06,3.865201907421519e-09,1.22e-06,3.919293021695781e-09,1.22e-06,3.856792730755628e-09,1.22e-06,3.885435710481077e-09,1.22e-06,3.840835976536734e-09,1.22e-06,3.909391089556895e-09,1.22e-06,3.879528068264753e-09,1.22e-06,3.883362239669674e-09,1.22e-06,4.028897442963675e-09,1.22e-06,3.875764165722068e-09,1.22e-06,3.848198336097498e-09,1.22e-06,3.8482709238716e-09,1.22e-06,3.902924240913422e-09,1.22e-06,3.907713060708146e-09,1.22e-06,3.950904309942582e-09,1.22e-06,3.842645370708067e-09,1.22e-06,3.848997341882607e-09,1.22e-06,3.949225531782915e-09,1.22e-06,3.864321011396618e-09,1.22e-06,3.866888660868346e-09,1.22e-06,3.894320757264968e-09,1.22e-06,3.925533793154449e-09,1.22e-06,3.862511890142725e-09,1.22e-06,3.948332501180217e-09,1.22e-06,3.884131472495607e-09,1.22e-06,3.817247029564527e-09,1.22e-06,3.81127346988041e-09,1.22e-06,3.972291186932503e-09,1.22e-06,3.899354197798361e-09,1.22e-06,3.901784924986515e-09,1.22e-06,3.825417508281718e-09,1.22e-06,3.79363804482285e-09,1.22e-06,3.987304795683229e-09,1.22e-06,3.866837803325142e-09,1.22e-06,3.912197483398597e-09,1.22e-06,3.817397627777886e-09,1.22e-06,3.94614467821474e-09,1.22e-06,3.984920078318564e-09,1.22e-06,3.934443676204433e-09,1.22e-06,3.769210472523897e-09,1.22e-06,3.84998134575946e-09,1.22e-06,3.939788459449655e-09,1.22e-06,3.910423272352983e-09,1.22e-06,3.71678831422304e-09,1.22e-06,3.922280740301606e-09,1.22e-06,3.926482594871784e-09,1.22e-06,3.842836418478241e-09,1.22e-06,3.923659623630856e-09,1.22e-06,3.972575608585859e-09,1.22e-06,3.840000370910093e-09,1.22e-06,3.815718084137262e-09,1.22e-06,3.901929025725873e-09,1.22e-06,3.911559977364339e-09,1.22e-06,3.992184271828415e-09,1.22e-06,3.832920136904933e-09,1.22e-06,3.927344172110699e-09,1.22e-06,3.883818859276374e-09,1.22e-06,3.873990001541068e-09,1.22e-06,3.89371905556053e-09,1.22e-06,3.886849897783077e-09,1.22e-06,3.908357012891094e-09,1.22e-06,3.862753444933716e-09,1.22e-06,3.78551202557477e-09,1.22e-06,3.942888022057661e-09,1.22e-06,3.869135216812768e-09,1.22e-06,4.009165467248069e-09,1.22e-06,3.880070738907727e-09,1.22e-06,3.799643883803227e-09,1.22e-06,3.89663110032562e-09,1.22e-06,3.96310299191825e-09,1.22e-06,3.908550580820364e-09
1.24e-06,3.934680820164539e-09,1.24e-06,3.974682727064906e-09,1.24e-06,3.967618452223553e-09,1.24e-06,4.018867596150471e-09,1.24e-06,3.783533249005626e-09,1.24e-06,3.864064410909237e-09,1.24e-06,4.001580166449263e-09,1.24e-06,3.933045814368131e-09,1.24e-06,3.896233280046963e-09,1.24e-06,3.836552925779391e-09,1.24e-06,4.005261901776454e-09,1.24e-06,3.92491621723078e-09,1.24e-06,3.925354481770398e-09,1.24e-06,4.014301417141197e-09,1.24e-06,3.95468058370215e-09,1.24e-06,3.899601159794719e-09,1.24e-06,3.965528891346979e-09,1.24e-06,3.948244529013175e-09,1.24e-06,3.964621949315687e-09,1.24e-06,3.944954993329446e-09,1.24e-06,3.877083280532256e-09,1.24e-06,3.977697591255686e-09,1.24e-06,3.887245592819896e-09,1.24e-06,3.871660077951055e-09,1.24e-06,3.900856992801637e-09,1.24e-06,3.943755071476786e-09,1.24e-06,3.957738844276521e-09,1.24e-06,3.964899227295345e-09,1.24e-06,3.913109454497832e-09,1.24e-06,3.906577081338857e-09,1.24e-06,3.959677308179905e-09,1.24e-06,3.898010423081572e-09,1.24e-06,3.925423580232854e-09,1.24e-06,3.881770998542085e-09,1.24e-06,3.951515273971819e-09,1.24e-06,3.920811165737047e-09,1.24e-06,3.923866567853414e-09,1.24e-06,4.071971159210434e-09,1.24e-06,3.916880606069078e-09,1.24e-06,3.888401794481936e-09,1.24e-06,3.890449706930516e-09,1.24e-06,3.944983279353187e-09,1.24e-06,3.948789791634995e-09,1.24e-06,3.993305261720273e-09,1.24e-06,3.882781677197482e-09,1.24e-06,3.890227125306044e-09,1.24e-06,3.991377103101506e-09,1.24e-06,3.905929158775e-09,1.24e-06,3.907390926388376e-09,1.24e-06,3.937221200373054e-09,1.24e-06,3.967886325269621e-09,1.24e-06,3.903225581715733e-09,1.24e-06,3.99056568586485e-09,1.24e-06,3.925213031495323e-09,1.24e-06,3.860411412213122e-09,1.24e-06,3.852406905548028e-09,1.24e-06,4.014892558623342e-09,1.24e-06,3.939646684654786e-09,1.24e-06,3.943889398062895e-09,1.24e-06,3.865944407496359e-09,1.24e-06,3.834194257552996e-09,1.24e-06,4.028806985349638e-09,1.24e-06,3.906676752447416e-09,1.24e-06,3.954127767223776e-09,1.24e-06,3.85831158253834e-09,1.24e-06,3.988419167579042e-09,1.24e-06,4.027617773573567e-09,1.24e-06,3.975897638681108e-09,1.24e-06,3.809082006657059e-09,1.24e-06,3.890647817322254e-09,1.24e-06,3.983164415835778e-09,1.24e-06,3.951962967798584e-09,1.24e-06,3.757530019833776e-09,1.24e-06,3.963776459611523e-09,1.24e-06,3.967856017108331e-09,1.24e-06,3.884335929499711e-09,1.24e-06,3.964869868142299e-09,1.24e-06,4.014682698681212e-09,1.24e-06,3.881408477827189e-09,1.24e-06,3.856521704787467e-09,1.24e-06,3.944881758177021e-09,1.24e-06,3.953964840817611e-09,1.24e-06,4.034372629497584e-09,1.24e-06,3.873916813240959e-09,1.24e-06,3.968659802150249e-09,1.24e-06,3.924694507940363e-09,1.24e-06,3.915703599090331e-09,1.24e-06,3.935403067726367e-09,1.24e-06,3.928965322801895e-09,1.24e-06,3.950209413677106e-09,1.24e-06,3.903681524688647e-09,1.24e-06,3.826250931531605e-09,1.24e-06,3.984630816743274e-09,1.24e-06,3.91036468588568e-09,1.24e-06,4.051660969961811e-09,1.24e-06,3.920947103578798e-09,1.24e-06,3.841114952538575e-09,1.24e-06,3.938108672178676e-09,1.24e-06,4.005044359451798e-09,1.24e-06,3.948621155034978e-09
1.26e-06,3.975473934458585e-09,1.26e-06,4.016829899802027e-09,1.26e-06,4.009504134192984e-09,1.26e-06,4.06131904706916e-09,1.26e-06,3.823433821949255e-09,1.26e-06,3.904479398013976e-09,1.26e-06,4.043789309420367e-09,1.26e-06,3.973533139596551e-09,1.26e-06,3.937536196197739e-09,1.26e-06,3.877357999348131e-09,1.26e-06,4.047979727713028e-09,1.26e-06,3.967009909373483e-09,1.26e-06,3.966660907871551e-09,1.26e-06,4.05657315054163e-09,1.26e-06,3.995096853116672e-09,1.26e-06,3.939751783188455e-09,1.26e-06,4.00629612937961e-09,1.26e-06,3.989546850384258e-09,1.26e-06,4.006484991704099e-09,1.26e-06,3.986590910854926e-09,1.26e-06,3.918215063177441e-09,1.26e-06,4.019261126003499e-09,1.26e-06,3.928508481826066e-09,1.26e-06,3.911509070816631e-09,1.26e-06,3.942224286413438e-09,1.26e-06,3.985547870466231e-09,1.26e-06,3.999577509392431e-09,1.26e-06,4.006700087812892e-09,1.26e-06,3.955160009971653e-09,1.26e-06,3.948490238896267e-09,1.26e-06,4.000629685705159e-09,1.26e-06,3.938919778783277e-09,1.26e-06,3.967125264267965e-09,1.26e-06,3.924005752267718e-09,1.26e-06,3.993268468900599e-09,1.26e-06,3.961788077787729e-09,1.26e-06,3.966537129007389e-09,1.26e-06,4.113839268919232e-09,1.26e-06,3.958186323220578e-09,1.26e-06,3.929640247514179e-09,1.26e-06,3.931339619176015e-09,1.26e-06,3.987302856669311e-09,1.26e-06,3.991563875361452e-09,1.26e-06,4.035961382740306e-09,1.26e-06,3.925267523269556e-09,1.26e-06,3.931002984865078e-09,1.26e-06,4.032721962857076e-09,1.26e-06,3.946370177605474e-09,1.26e-06,3.949086522580582e-09,1.26e-06,3.978378703233213e-09,1.26e-06,4.010301252220346e-09,1.26e-06,3.945222641988481e-09,1.26e-06,4.032137176158904e-09,1.26e-06,3.966478824614151e-09,1.26e-06,3.900155003208643e-09,1.26e-06,3.892649971506184e-09,1.26e-06,4.056836088722408e-09,1.26e-06,3.982692909707743e-09,1.26e-06,3.985865053553045e-09,1.26e-06,3.906538583765454e-09,1.26e-06,3.875821992037925e-09,1.26e-06,4.071757776166322e-09,1.26e-06,3.948591053814508e-09,1.26e-06,3.996008829908236e-09,1.26e-06,3.898416434747512e-09,1.26e-06,4.030600964785398e-09,1.26e-06,4.069874468244265e-09,1.26e-06,4.017882959760454e-09,1.26e-06,3.850140293044505e-09,1.26e-06,3.931709324867989e-09,1.26e-06,4.025374120213345e-09,1.26e-06,3.993462434466861e-09,1.26e-06,3.797634784789326e-09,1.26e-06,4.005917826874825e-09,1.26e-06,4.009361880952851e-09,1.26e-06,3.925979828610581e-09,1.26e-06,4.006591029636116e-09,1.26e-06,4.057181811475603e-09,1.26e-06,3.922218682366806e-09,1.26e-06,3.896897175198661e-09,1.26e-06,3.986688143224011e-09,1.26e-06,3.997088528215435e-09,1.26e-06,4.076845858183413e-09,1.26e-06,3.915090688044696e-09,1.26e-06,4.009924542882887e-09,1.26e-06,3.966355957050225e-09,1.26e-06,3.957127308613429e-09,1.26e-06,3.976551720589899e-09,1.26e-06,3.970056140470929e-09,1.26e-06,3.991058789107798e-09,1.26e-06,3.945132872029991e-09,1.26e-06,3.866604117887698e-09,1.26e-06,4.025218695337318e-09,1.26e-06,3.952226451874442e-09,1.26e-06,4.093903929356207e-09,1.26e-06,3.962276286781364e-09,1.26e-06,3.881031701703087e-09,1.26e-06,3.979376973485382e-09,1.26e-06,4.047637097196971e-09,1.26e-06,3.992301342022221e-09
1.28e-06,4.01685433633932e-09,1.28e-06,4.059275862131869e-09,1.28e-06,4.051472290876696e-09,1.28e-06,4.104325936098827e-09,1.28e-06,3.863672621507662e-09,1.28e-06,3.94474069041615e-09,1.28e-06,4.085704943971688e-09,1.28e-06,4.015999542683009e-09,1.28e-06,3.979115977190164e-09,1.28e-06,3.91780460126743e-09,1.28e-06,4.089564482077114e-09,1.28e-06,4.008674115571304e-09,1.28e-06,4.007591057510889e-09,1.28e-06,4.099810881338924e-09,1.28e-06,4.037392630316548e-09,1.28e-06,3.982014541458143e-09,1.28e-06,4.048610485278573e-09,1.28e-06,4.03165191783893e-09,1.28e-06,4.048308444470948e-09,1.28e-06,4.026871307789472e-09,1.28e-06,3.959370346489664e-09,1.28e-06,4.062342004525094e-09,1.28e-06,3.969122156426514e-09,1.28e-06,3.953294138027013e-09,1.28e-06,3.982501632888638e-09,1.28e-06,4.027730003781395e-09,1.28e-06,4.041532407717215e-09,1.28e-06,4.048537746993284e-09,1.28e-06,3.996387583897914e-09,1.28e-06,3.990269894077926e-09,1.28e-06,4.043382942233386e-09,1.28e-06,3.98068557878421e-09,1.28e-06,4.007887158647964e-09,1.28e-06,3.964829201685446e-09,1.28e-06,4.035565104003233e-09,1.28e-06,4.003652283978054e-09,1.28e-06,4.007797543279577e-09,1.28e-06,4.156798221851144e-09,1.28e-06,3.999166354328862e-09,1.28e-06,3.97145158438172e-09,1.28e-06,3.970663400016141e-09,1.28e-06,4.029667545058984e-09,1.28e-06,4.032137862322736e-09,1.28e-06,4.078226048518967e-09,1.28e-06,3.965240172398538e-09,1.28e-06,3.972057915524064e-09,1.28e-06,4.075923174785202e-09,1.28e-06,3.988002420967175e-09,1.28e-06,3.990557961213632e-09,1.28e-06,4.019970763683274e-09,1.28e-06,4.05170184424282e-09,1.28e-06,3.98600743844966e-09,1.28e-06,4.07397803405086e-09,1.28e-06,4.00763155999076e-09,1.28e-06,3.942095339004919e-09,1.28e-06,3.934061773831531e-09,1.28e-06,4.098936566979923e-09,1.28e-06,4.023874246661775e-09,1.28e-06,4.028371025056127e-09,1.28e-06,3.947376849220498e-09,1.28e-06,3.916348688946283e-09,1.28e-06,4.114351354108951e-09,1.28e-06,3.988754592089413e-09,1.28e-06,4.037953959885055e-09,1.28e-06,3.940092197270096e-09,1.28e-06,4.072241068754182e-09,1.28e-06,4.11236290364217e-09,1.28e-06,4.060283888669977e-09,1.28e-06,3.890155179176245e-09,1.28e-06,3.973308348326927e-09,1.28e-06,4.067377354650515e-09,1.28e-06,4.034863390280867e-09,1.28e-06,3.837468855478223e-09,1.28e-06,4.047605359700006e-09,1.28e-06,4.051255750179549e-09,1.28e-06,3.966987481959039e-09,1.28e-06,4.048988161242372e-09,1.28e-06,4.098640362207294e-09,1.28e-06,3.96303334376011e-09,1.28e-06,3.937852789386643e-09,1.28e-06,4.029023203224913e-09,1.28e-06,4.038294153351036e-09,1.28e-06,4.118983730265438e-09,1.28e-06,3.955665651275094e-09,1.28e-06,4.050772959470496e-09,1.28e-06,4.007744190323077e-09,1.28e-06,3.998968969149524e-09,1.28e-06,4.017692390872459e-09,1.28e-06,4.011318522537012e-09,1.28e-06,4.033626608209974e-09,1.28e-06,3.986725330455925e-09,1.28e-06,3.90621561153238e-09,1.28e-06,4.067949498891854e-09,1.28e-06,3.99344139411149e-09,1.28e-06,4.1359051831743e-09,1.28e-06,4.003178288891881e-09,1.28e-06,3.9212459309855e-09,1.28e-06,4.020913090936352e-09,1.28e-06,4.089756830241547e-09,1.28e-06,4.033357639623848e-09
1.3e-06,4.0573315121777e-09,1.3e-06,4.100754264925808e-09,1.3e-06,4.093500770472458e-09,1.3e-06,4.146523287824196e-09,1.3e-06,3.904155842542126e-09,1.3e-06,3.985747738157407e-09,1.3e-06,4.127920136982364e-09,1.3e-06,4.057924601705876e-09,1.3e-06,4.020655211138393e-09,1.3e-06,3.958032424120989e-09,1.3e-06,4.132186283583684e-09,1.3e-06,4.050252393374336e-09,1.3e-06,4.04934245102694e-09,1.3e-06,4.142565406681177e-09,1.3e-06,4.078780807298976e-09,1.3e-06,4.022916582762857e-09,1.3e-06,4.090924357458694e-09,1.3e-06,4.073512472928699e-09,1.3e-06,4.090044958126695e-09,1.3e-06,4.068958774676188e-09,1.3e-06,4.000271931911923e-09,1.3e-06,4.103884484099683e-09,1.3e-06,4.011444629479562e-09,1.3e-06,3.994408367825259e-09,1.3e-06,4.024693704393719e-09,1.3e-06,4.068931947554447e-09,1.3e-06,4.083510083628354e-09,1.3e-06,4.090649048498775e-09,1.3e-06,4.03755478794625e-09,1.3e-06,4.031337876699042e-09,1.3e-06,4.085539840896699e-09,1.3e-06,4.022460228295236e-09,1.3e-06,4.050944218098646e-09,1.3e-06,4.005944264185154e-09,1.3e-06,4.077378037781149e-09,1.3e-06,4.043079378256432e-09,1.3e-06,4.049175417361678e-09,1.3e-06,4.199599978898668e-09,1.3e-06,4.041217922813191e-09,1.3e-06,4.011468112596053e-09,1.3e-06,4.014473369712962e-09,1.3e-06,4.072316080956685e-09,1.3e-06,4.074826301740039e-09,1.3e-06,4.119421053859217e-09,1.3e-06,4.006728869828659e-09,1.3e-06,4.012282438378723e-09,1.3e-06,4.117699309863416e-09,1.3e-06,4.029854698249107e-09,1.3e-06,4.031299415854574e-09,1.3e-06,4.062619501198331e-09,1.3e-06,4.093696849635663e-09,1.3e-06,4.027874137801829e-09,1.3e-06,4.115887249909788e-09,1.3e-06,4.048673092936548e-09,1.3e-06,3.982808163441242e-09,1.3e-06,3.974154413586366e-09,1.3e-06,4.139681498457201e-09,1.3e-06,4.065792760890132e-09,1.3e-06,4.070066261632115e-09,1.3e-06,3.989092307399692e-09,1.3e-06,3.957073463147536e-09,1.3e-06,4.15692944520046e-09,1.3e-06,4.030946775020855e-09,1.3e-06,4.079267229761257e-09,1.3e-06,3.981123194556455e-09,1.3e-06,4.113234577189846e-09,1.3e-06,4.155037389862254e-09,1.3e-06,4.102268640802205e-09,1.3e-06,3.930421524407798e-09,1.3e-06,4.014258071744999e-09,1.3e-06,4.109819441294297e-09,1.3e-06,4.077426527441514e-09,1.3e-06,3.877207908437298e-09,1.3e-06,4.089533710269466e-09,1.3e-06,4.09281479454229e-09,1.3e-06,4.007627562323845e-09,1.3e-06,4.089739142849599e-09,1.3e-06,4.141819955198113e-09,1.3e-06,4.00432570462615e-09,1.3e-06,3.978757274277375e-09,1.3e-06,4.071335303931804e-09,1.3e-06,4.080755721256867e-09,1.3e-06,4.160085279551092e-09,1.3e-06,3.996132219704003e-09,1.3e-06,4.091080173177337e-09,1.3e-06,4.049336873720619e-09,1.3e-06,4.040479291477378e-09,1.3e-06,4.059240227889063e-09,1.3e-06,4.053563258155423e-09,1.3e-06,4.074936442761926e-09,1.3e-06,4.028237731741265e-09,1.3e-06,3.94742671284707e-09,1.3e-06,4.109772742621375e-09,1.3e-06,4.034559813325848e-09,1.3e-06,4.178655491658191e-09,1.3e-06,4.04627841535083e-09,1.3e-06,3.962177102248113e-09,1.3e-06,4.061815045509543e-09,1.3e-06,4.131730626086262e-09,1.3e-06,4.075039714903113e-09
1.32e-06,4.098698412154838e-09,1.32e-06,4.142998690204813e-09,1.32e-06,4.134129335739719e-09,1.32e-06,4.189151427181649e-09,1.32e-06,3.944171676736026e-09,1.32e-06,4.026173208058373e-09,1.32e-06,4.170060233062574e-09,1.32e-06,4.099146369806393e-09,1.32e-06,4.061599772352244e-09,1.32e-06,3.998810713533648e-09,1.32e-06,4.173669684982213e-09,1.32e-06,4.091427547725807e-09,1.32e-06,4.090910453153455e-09,1.32e-06,4.185387463919287e-09,1.32e-06,4.11991725205999e-09,1.32e-06,4.064609578542626e-09,1.32e-06,4.133360608611052e-09,1.32e-06,4.115212715477184e-09,1.32e-06,4.131732731614649e-09,1.32e-06,4.110329301806436e-09,1.32e-06,4.0398434445069e-09,1.32e-06,4.14623469237077e-09,1.32e-06,4.052184938877102e-09,1.32e-06,4.035811393653962e-09,1.32e-06,4.066126691430933e-09,1.32e-06,4.110251606901803e-09,1.32e-06,4.125425103858876e-09,1.32e-06,4.132307205878865e-09,1.32e-06,4.079601749520618e-09,1.32e-06,4.071990338427813e-09,1.32e-06,4.127529787359998e-09,1.32e-06,4.063721700841982e-09,1.32e-06,4.092464551548211e-09,1.32e-06,4.046504260886647e-09,1.32e-06,4.119158944667668e-09,1.32e-06,4.085765887800306e-09,1.32e-06,4.089861014315347e-09,1.32e-06,4.242194144187904e-09,1.32e-06,4.081424112169667e-09,1.32e-06,4.053112617205706e-09,1.32e-06,4.054221735057413e-09,1.32e-06,4.113781641466702e-09,1.32e-06,4.117030078332243e-09,1.32e-06,4.16271514651704e-09,1.32e-06,4.048158643308961e-09,1.32e-06,4.05316724458636e-09,1.32e-06,4.160803167980973e-09,1.32e-06,4.070938743851743e-09,1.32e-06,4.072220816876811e-09,1.32e-06,4.103172617103006e-09,1.32e-06,4.13446864737497e-09,1.32e-06,4.069185235458532e-09,1.32e-06,4.157366437941934e-09,1.32e-06,4.090634652655266e-09,1.32e-06,4.023547763091956e-09,1.32e-06,4.0153488616909e-09,1.32e-06,4.18335560009738e-09,1.32e-06,4.107799484079906e-09,1.32e-06,4.112310821936099e-09,1.32e-06,4.02948563747434e-09,1.32e-06,3.99820419824372e-09,1.32e-06,4.19942481614489e-09,1.32e-06,4.07233879193958e-09,1.32e-06,4.121896103215197e-09,1.32e-06,4.022096003786738e-09,1.32e-06,4.155958943425757e-09,1.32e-06,4.196803562539678e-09,1.32e-06,4.143978134263002e-09,1.32e-06,3.970835040095588e-09,1.32e-06,4.056442338421378e-09,1.32e-06,4.15124436595796e-09,1.32e-06,4.118436178668937e-09,1.32e-06,3.917130724710306e-09,1.32e-06,4.13140609769212e-09,1.32e-06,4.134283390889358e-09,1.32e-06,4.05005672397653e-09,1.32e-06,4.131994524135346e-09,1.32e-06,4.184969241420996e-09,1.32e-06,4.044681167901931e-09,1.32e-06,4.019283611992969e-09,1.32e-06,4.113414123814392e-09,1.32e-06,4.123430874505154e-09,1.32e-06,4.203561541211725e-09,1.32e-06,4.037474063623233e-09,1.32e-06,4.134320900111358e-09,1.32e-06,4.088992293369156e-09,1.32e-06,4.082238613639716e-09,1.32e-06,4.100597759803493e-09,1.32e-06,4.093738091041502e-09,1.32e-06,4.118426699020962e-09,1.32e-06,4.068723783565752e-09,1.32e-06,3.988161926790339e-09,1.32e-06,4.151323365722592e-09,1.32e-06,4.075781264917541e-09,1.32e-06,4.221439968502947e-09,1.32e-06,4.0874607411397e-09,1.32e-06,4.001359213688103e-09,1.32e-06,4.103799714329429e-09,1.32e-06,4.173732071157916e-09,1.32e-06,4.116962889552189e-09
1.34e-06,4.140260232647088e-09,1.34e-06,4.184766170524435e-09,1.34e-06,4.176617541060239e-09,1.34e-06,4.231122803175121e-09,1.34e-06,3.98443495693544e-09,1.34e-06,4.066614111200824e-09,1.34e-06,4.212294516530996e-09,1.34e-06,4.140534130983871e-09,1.34e-06,4.103430739967064e-09,1.34e-06,4.039114077504465e-09,1.34e-06,4.214620872103551e-09,1.34e-06,4.133381771853169e-09,1.34e-06,4.132431817757349e-09,1.34e-06,4.228149109323916e-09,1.34e-06,4.161338234385858e-09,1.34e-06,4.103453633239959e-09,1.34e-06,4.174591419654375e-09,1.34e-06,4.156385983032602e-09,1.34e-06,4.173814282465843e-09,1.34e-06,4.151303295459587e-09,1.34e-06,4.081647122658775e-09,1.34e-06,4.188268324084333e-09,1.34e-06,4.09363978500565e-09,1.34e-06,4.075311143871256e-09,1.34e-06,4.106969049728265e-09,1.34e-06,4.153018374858972e-09,1.34e-06,4.167588926433383e-09,1.34e-06,4.173720862822368e-09,1.34e-06,4.121895035994925e-09,1.34e-06,4.114963615497598e-09,1.34e-06,4.168998844742562e-09,1.34e-06,4.105537874920703e-09,1.34e-06,4.133364008464277e-09,1.34e-06,4.087371035902012e-09,1.34e-06,4.161839609073829e-09,1.34e-06,4.127960842921822e-09,1.34e-06,4.131814413068142e-09,1.34e-06,4.285483113595926e-09,1.34e-06,4.124105439995394e-09,1.34e-06,4.093744054114715e-09,1.34e-06,4.097067471039238e-09,1.34e-06,4.155950017878005e-09,1.34e-06,4.158563236472051e-09,1.34e-06,4.204763419869399e-09,1.34e-06,4.088627184012968e-09,1.34e-06,4.094060463217634e-09,1.34e-06,4.203180751016846e-09,1.34e-06,4.111650622022748e-09,1.34e-06,4.113629909729165e-09,1.34e-06,4.145774065798753e-09,1.34e-06,4.176522427661717e-09,1.34e-06,4.109840133396608e-09,1.34e-06,4.199108560796523e-09,1.34e-06,4.131899288630841e-09,1.34e-06,4.065151513679754e-09,1.34e-06,4.056344619367845e-09,1.34e-06,4.22564029343321e-09,1.34e-06,4.149209675804078e-09,1.34e-06,4.154900078346771e-09,1.34e-06,4.07043300956602e-09,1.34e-06,4.038809942194555e-09,1.34e-06,4.242182051699783e-09,1.34e-06,4.112408290062933e-09,1.34e-06,4.164015509548527e-09,1.34e-06,4.062508405960014e-09,1.34e-06,4.198118594216918e-09,1.34e-06,4.240167657993016e-09,1.34e-06,4.18669744048172e-09,1.34e-06,4.011037827678931e-09,1.34e-06,4.09768423880644e-09,1.34e-06,4.192947106016412e-09,1.34e-06,4.160340245913047e-09,1.34e-06,3.957187016308684e-09,1.34e-06,4.172537850068824e-09,1.34e-06,4.176666341431249e-09,1.34e-06,4.091355593253281e-09,1.34e-06,4.173928515809783e-09,1.34e-06,4.227011228324026e-09,1.34e-06,4.086650170495669e-09,1.34e-06,4.059985211114686e-09,1.34e-06,4.155657708466036e-09,1.34e-06,4.165277207703359e-09,1.34e-06,4.244808321351844e-09,1.34e-06,4.077928703890871e-09,1.34e-06,4.175963995806207e-09,1.34e-06,4.132083752649977e-09,1.34e-06,4.123918966546158e-09,1.34e-06,4.141749813316907e-09,1.34e-06,4.135202029521486e-09,1.34e-06,4.159858660451623e-09,1.34e-06,4.11074363753271e-09,1.34e-06,4.028860769626133e-09,1.34e-06,4.192878451469981e-09,1.34e-06,4.117323278312444e-09,1.34e-06,4.264978351059488e-09,1.34e-06,4.129672703395457e-09,1.34e-06,4.043165653628042e-09,1.34e-06,4.145535980866563e-09,1.34e-06,4.21590390330264e-09,1.34e-06,4.157196635712083e-09
1.36e-06,4.182183010365918e-09,1.36e-06,4.226884757564145e-09,1.36e-06,4.218209678018329e-09,1.36e-06,4.273290217078257e-09,1.36e-06,4.02498364391405e-09,1.36e-06,4.109226097116728e-09,1.36e-06,4.253973600093739e-09,1.36e-06,4.182392664709919e-09,1.36e-06,4.144521640851524e-09,1.36e-06,4.07937395794837e-09,1.36e-06,4.257897859959827e-09,1.36e-06,4.173601505186464e-09,1.36e-06,4.174038025181243e-09,1.36e-06,4.27103456898926e-09,1.36e-06,4.202257356035486e-09,1.36e-06,4.147005644450905e-09,1.36e-06,4.217603710092642e-09,1.36e-06,4.19887602971663e-09,1.36e-06,4.215669681518842e-09,1.36e-06,4.193510599873906e-09,1.36e-06,4.122876890047912e-09,1.36e-06,4.230043056572374e-09,1.36e-06,4.135246286754004e-09,1.36e-06,4.118348524080174e-09,1.36e-06,4.148167130577017e-09,1.36e-06,4.194301701593983e-09,1.36e-06,4.208897002506709e-09,1.36e-06,4.214896391906406e-09,1.36e-06,4.162454742785588e-09,1.36e-06,4.156544885446966e-09,1.36e-06,4.21158190544499e-09,1.36e-06,4.147315803299662e-09,1.36e-06,4.175015702677027e-09,1.36e-06,4.126923986030047e-09,1.36e-06,4.202824798728461e-09,1.36e-06,4.169238674520668e-09,1.36e-06,4.173339237337857e-09,1.36e-06,4.328444864439435e-09,1.36e-06,4.165873610468317e-09,1.36e-06,4.1354419705334e-09,1.36e-06,4.138843037682213e-09,1.36e-06,4.197058693619997e-09,1.36e-06,4.199845968134476e-09,1.36e-06,4.248163930427582e-09,1.36e-06,4.129539369666317e-09,1.36e-06,4.135284406282047e-09,1.36e-06,4.245025984162885e-09,1.36e-06,4.154056773113126e-09,1.36e-06,4.154550016425075e-09,1.36e-06,4.187565516152224e-09,1.36e-06,4.219499129049404e-09,1.36e-06,4.151294798333009e-09,1.36e-06,4.240893714379631e-09,1.36e-06,4.172948711176454e-09,1.36e-06,4.1068288827264e-09,1.36e-06,4.096005613440792e-09,1.36e-06,4.267140202997512e-09,1.36e-06,4.191111562946215e-09,1.36e-06,4.19635446506492e-09,1.36e-06,4.111490515613139e-09,1.36e-06,4.079053919216301e-09,1.36e-06,4.284074609673153e-09,1.36e-06,4.154005032651739e-09,1.36e-06,4.205494989681897e-09,1.36e-06,4.103921585265264e-09,1.36e-06,4.239494800788703e-09,1.36e-06,4.283110121306439e-09,1.36e-06,4.228105772090732e-09,1.36e-06,4.052111421952738e-09,1.36e-06,4.138991172991971e-09,1.36e-06,4.235893117920702e-09,1.36e-06,4.201979233315656e-09,1.36e-06,3.996590122020053e-09,1.36e-06,4.214244395493386e-09,1.36e-06,4.218030272311763e-09,1.36e-06,4.131904006580594e-09,1.36e-06,4.215551091797938e-09,1.36e-06,4.26871968081702e-09,1.36e-06,4.128074792561339e-09,1.36e-06,4.099714948077198e-09,1.36e-06,4.198348886975982e-09,1.36e-06,4.20713920729981e-09,1.36e-06,4.288142387146762e-09,1.36e-06,4.119222829345955e-09,1.36e-06,4.217185772443716e-09,1.36e-06,4.173313183602328e-09,1.36e-06,4.165439282746034e-09,1.36e-06,4.183777941562318e-09,1.36e-06,4.177135810417192e-09,1.36e-06,4.201937751748433e-09,1.36e-06,4.152925397684708e-09,1.36e-06,4.069095940018464e-09,1.36e-06,4.234826740124435e-09,1.36e-06,4.158593717099796e-09,1.36e-06,4.308687394019311e-09,1.36e-06,4.171600104092067e-09,1.36e-06,4.082429182457925e-09,1.36e-06,4.187884193124107e-09,1.36e-06,4.257494899749155e-09,1.36e-06,4.199477117720521e-09
1.38e-06,4.223201080979714e-09,1.38e-06,4.268635676430867e-09,1.38e-06,4.260699920509534e-09,1.38e-06,4.31668563458115e-09,1.38e-06,4.064002063296344e-09,1.38e-06,4.149298941525497e-09,1.38e-06,4.295937715738968e-09,1.38e-06,4.224274523148149e-09,1.38e-06,4.186075330873164e-09,1.38e-06,4.119082802813622e-09,1.38e-06,4.300079107836251e-09,1.38e-06,4.215405408676811e-09,1.38e-06,4.214524915549291e-09,1.38e-06,4.313497688044276e-09,1.38e-06,4.243538078214034e-09,1.38e-06,4.186683939160758e-09,1.38e-06,4.258935600036864e-09,1.38e-06,4.240593108318361e-09,1.38e-06,4.256835431687651e-09,1.38e-06,4.233787503526167e-09,1.38e-06,4.16437098087728e-09,1.38e-06,4.272789048664871e-09,1.38e-06,4.176280277619643e-09,1.38e-06,4.159080521888337e-09,1.38e-06,4.189027080668659e-09,1.38e-06,4.235875240920859e-09,1.38e-06,4.251194790836462e-09,1.38e-06,4.256864003137439e-09,1.38e-06,4.203780329241713e-09,1.38e-06,4.197838003645131e-09,1.38e-06,4.25303425889899e-09,1.38e-06,4.188762159455499e-09,1.38e-06,4.215361133066756e-09,1.38e-06,4.169366773916675e-09,1.38e-06,4.244747948147328e-09,1.38e-06,4.210245084341832e-09,1.38e-06,4.21451281390849e-09,1.38e-06,4.370569780383769e-09,1.38e-06,4.207187885215286e-09,1.38e-06,4.176506583492413e-09,1.38e-06,4.180350783445726e-09,1.38e-06,4.239392331469639e-09,1.38e-06,4.242235527626924e-09,1.38e-06,4.290673107934176e-09,1.38e-06,4.169420176459976e-09,1.38e-06,4.176155009961302e-09,1.38e-06,4.2871045678055e-09,1.38e-06,4.194175857552726e-09,1.38e-06,4.196230760001005e-09,1.38e-06,4.229213056566384e-09,1.38e-06,4.261046993892559e-09,1.38e-06,4.192765334956721e-09,1.38e-06,4.28226187117138e-09,1.38e-06,4.214117886115349e-09,1.38e-06,4.148180633040117e-09,1.38e-06,4.136560084552689e-09,1.38e-06,4.310834493872458e-09,1.38e-06,4.232921943792357e-09,1.38e-06,4.237520661415773e-09,1.38e-06,4.151923297156476e-09,1.38e-06,4.118927470619862e-09,1.38e-06,4.327236567668126e-09,1.38e-06,4.195230043274224e-09,1.38e-06,4.247771459978885e-09,1.38e-06,4.14505571466656e-09,1.38e-06,4.281315565661687e-09,1.38e-06,4.325915046266278e-09,1.38e-06,4.270046329178566e-09,1.38e-06,4.092468193085986e-09,1.38e-06,4.180731285586971e-09,1.38e-06,4.27734593381091e-09,1.38e-06,4.244024157572035e-09,1.38e-06,4.036904004342975e-09,1.38e-06,4.255862253624022e-09,1.38e-06,4.260057041599498e-09,1.38e-06,4.173356366622815e-09,1.38e-06,4.257830441808688e-09,1.38e-06,4.31216701403583e-09,1.38e-06,4.168697777362822e-09,1.38e-06,4.13970275087553e-09,1.38e-06,4.239702768360198e-09,1.38e-06,4.2493355269216e-09,1.38e-06,4.329776043883011e-09,1.38e-06,4.160030283255977e-09,1.38e-06,4.259507479319102e-09,1.38e-06,4.21487171271666e-09,1.38e-06,4.206363037061795e-09,1.38e-06,4.225346813064807e-09,1.38e-06,4.218899784001659e-09,1.38e-06,4.243354141805107e-09,1.38e-06,4.193760891463529e-09,1.38e-06,4.109380217723425e-09,1.38e-06,4.275849474683278e-09,1.38e-06,4.200087579917709e-09,1.38e-06,4.350684606444698e-09,1.38e-06,4.21212280615886e-09,1.38e-06,4.122708054856691e-09,1.38e-06,4.229145253233094e-09,1.38e-06,4.29895296811533e-09,1.38e-06,4.241806004011472e-09
1.4e-06,4.264012382348339e-09,1.4e-06,4.31129572587606e-09,1.4e-06,4.301343078627269e-09,1.4e-06,4.359141960600903e-09,1.4e-06,4.106061680860406e-09,1.4e-06,4.190843720246576e-09,1.4e-06,4.338308121833944e-09,1.4e-06,4.265551101719808e-09,1.4e-06,4.226391650364688e-09,1.4e-06,4.160772786075053e-09,1.4e-06,4.342564045417598e-09,1.4e-06,4.257582156147285e-09,1.4e-06,4.256601810593227e-09,1.4e-06,4.356027371350269e-09,1.4e-06,4.285152385254949e-09,1.4e-06,4.229206827836835e-09,1.4e-06,4.301873018615509e-09,1.4e-06,4.282435162301826e-09,1.4e-06,4.299412140784423e-09,1.4e-06,4.276301906754711e-09,1.4e-06,4.205011011400425e-09,1.4e-06,4.314952053274606e-09,1.4e-06,4.217711220383868e-09,1.4e-06,4.200058554895495e-09,1.4e-06,4.230756873421736e-09,1.4e-06,4.277313882171816e-09,1.4e-06,4.292586107483532e-09,1.4e-06,4.299177552114778e-09,1.4e-06,4.245548904140471e-09,1.4e-06,4.239130962372115e-09,1.4e-06,4.294503130516664e-09,1.4e-06,4.230214218853937e-09,1.4e-06,4.256933906767702e-09,1.4e-06,4.209183320941035e-09,1.4e-06,4.287363143037384e-09,1.4e-06,4.252282180498538e-09,1.4e-06,4.256875904920077e-09,1.4e-06,4.414014513631289e-09,1.4e-06,4.248212382403059e-09,1.4e-06,4.217744606687278e-09,1.4e-06,4.221593759905193e-09,1.4e-06,4.282153406878666e-09,1.4e-06,4.284284543798739e-09,1.4e-06,4.332807141617173e-09,1.4e-06,4.211928832114623e-09,1.4e-06,4.217093649325273e-09,1.4e-06,4.329961816834032e-09,1.4e-06,4.236157948730863e-09,1.4e-06,4.237687624803843e-09,1.4e-06,4.269639442186285e-09,1.4e-06,4.303012160097033e-09,1.4e-06,4.234291406141523e-09,1.4e-06,4.324192627501484e-09,1.4e-06,4.255862965403302e-09,1.4e-06,4.188772558041029e-09,1.4e-06,4.176144487062379e-09,1.4e-06,4.352546603417444e-09,1.4e-06,4.274189392282523e-09,1.4e-06,4.280322246548682e-09,1.4e-06,4.192789480695119e-09,1.4e-06,4.160223608434806e-09,1.4e-06,4.368623668567068e-09,1.4e-06,4.236073966231083e-09,1.4e-06,4.289358447970084e-09,1.4e-06,4.185623604432175e-09,1.4e-06,4.322956458086639e-09,1.4e-06,4.36870138323879e-09,1.4e-06,4.31186858114234e-09,1.4e-06,4.132667175658722e-09,1.4e-06,4.221609277780731e-09,1.4e-06,4.319776847536918e-09,1.4e-06,4.285753809939605e-09,1.4e-06,4.075859470919781e-09,1.4e-06,4.297721562217339e-09,1.4e-06,4.301585091455053e-09,1.4e-06,4.214958579637197e-09,1.4e-06,4.299889278261336e-09,1.4e-06,4.354398597165118e-09,1.4e-06,4.209397776233737e-09,1.4e-06,4.18158987013187e-09,1.4e-06,4.282974907829126e-09,1.4e-06,4.29142231703527e-09,1.4e-06,4.372710108168648e-09,1.4e-06,4.200557000964864e-09,1.4e-06,4.300725616700676e-09,1.4e-06,4.255727153259289e-09,1.4e-06,4.248998526806256e-09,1.4e-06,4.266659841789912e-09,1.4e-06,4.260208848974581e-09,1.4e-06,4.285838167515492e-09,1.4e-06,4.235385314902028e-09,1.4e-06,4.15017463054036e-09,1.4e-06,4.318159181347538e-09,1.4e-06,4.240854606387257e-09,1.4e-06,4.39423301194749e-09,1.4e-06,4.254729080436602e-09,1.4e-06,4.162427910362529e-09,1.4e-06,4.27163697302214e-09,1.4e-06,4.341576893942935e-09,1.4e-06,4.283747090207197e-09
1.42e-06,4.305454995256873e-09,1.42e-06,4.352846697292932e-09,1.42e-06,4.343772827673322e-09,1.42e-06,4.4013917712471e-09,1.42e-06,4.145653757280672e-09,1.42e-06,4.232156849242106e-09,1.42e-06,4.380234340531913e-09,1.42e-06,4.307274323071817e-09,1.42e-06,4.268832458460754e-09,1.42e-06,4.200652949676749e-09,1.42e-06,4.384587808531045e-09,1.42e-06,4.299279706497329e-09,1.42e-06,4.298654211761235e-09,1.42e-06,4.399105746809296e-09,1.42e-06,4.326445959959062e-09,1.42e-06,4.268920853842508e-09,1.42e-06,4.34328868524862e-09,1.42e-06,4.325349806132432e-09,1.42e-06,4.34067046342844e-09,1.42e-06,4.317588940967001e-09,1.42e-06,4.246630770379953e-09,1.42e-06,4.357113353256548e-09,1.42e-06,4.25930850099108e-09,1.42e-06,4.241442066693859e-09,1.42e-06,4.271792704374362e-09,1.42e-06,4.319053248540925e-09,1.42e-06,4.334432845474877e-09,1.42e-06,4.340343547820234e-09,1.42e-06,4.287373038443639e-09,1.42e-06,4.280717429145065e-09,1.42e-06,4.336042483860599e-09,1.42e-06,4.271650361649972e-09,1.42e-06,4.299305389212902e-09,1.42e-06,4.251032002839415e-09,1.42e-06,4.329065070556245e-09,1.42e-06,4.29330722188135e-09,1.42e-06,4.298222924431991e-09,1.42e-06,4.455764419960732e-09,1.42e-06,4.290140054755479e-09,1.42e-06,4.258113191305084e-09,1.42e-06,4.263088795942908e-09,1.42e-06,4.32315840385813e-09,1.42e-06,4.325113928706494e-09,1.42e-06,4.375991878704049e-09,1.42e-06,4.252561315624805e-09,1.42e-06,4.258187943803125e-09,1.42e-06,4.372103292575126e-09,1.42e-06,4.277545765962288e-09,1.42e-06,4.278640821964273e-09,1.42e-06,4.31262875372669e-09,1.42e-06,4.345182940319349e-09,1.42e-06,4.275727901432843e-09,1.42e-06,4.366020332538134e-09,1.42e-06,4.29670069204491e-09,1.42e-06,4.229991127282121e-09,1.42e-06,4.217976365575931e-09,1.42e-06,4.394953542188279e-09,1.42e-06,4.316165872277194e-09,1.42e-06,4.321921307689601e-09,1.42e-06,4.234594423300389e-09,1.42e-06,4.201190623014554e-09,1.42e-06,4.411361042793867e-09,1.42e-06,4.27733835530708e-09,1.42e-06,4.331554529135485e-09,1.42e-06,4.226608850729986e-09,1.42e-06,4.364642317166368e-09,1.42e-06,4.41054095496185e-09,1.42e-06,4.354036786633696e-09,1.42e-06,4.172808613834912e-09,1.42e-06,4.262897461377693e-09,1.42e-06,4.362234034213402e-09,1.42e-06,4.327162051369735e-09,1.42e-06,4.116295282810361e-09,1.42e-06,4.337756792843318e-09,1.42e-06,4.343325762006378e-09,1.42e-06,4.256319553877355e-09,1.42e-06,4.341060772647772e-09,1.42e-06,4.396798017427728e-09,1.42e-06,4.250188665735551e-09,1.42e-06,4.222464248816309e-09,1.42e-06,4.324914192479035e-09,1.42e-06,4.33311343363611e-09,1.42e-06,4.414496687616201e-09,1.42e-06,4.241296501606329e-09,1.42e-06,4.343134003888086e-09,1.42e-06,4.297446104690187e-09,1.42e-06,4.290408316343e-09,1.42e-06,4.307853608570991e-09,1.42e-06,4.301529840107178e-09,1.42e-06,4.326992518130044e-09,1.42e-06,4.277091718271193e-09,1.42e-06,4.190033730845447e-09,1.42e-06,4.360074035881661e-09,1.42e-06,4.282346543574693e-09,1.42e-06,4.436492501595688e-09,1.42e-06,4.29577668486766e-09,1.42e-06,4.203016543857825e-09,1.42e-06,4.31214334496664e-09,1.42e-06,4.38354739892272e-09,1.42e-06,4.325325804974545e-09
1.44e-06,4.346652926323743e-09,1.44e-06,4.393936620446448e-09,1.44e-06,4.386081898466934e-09,1.44e-06,4.444465427778099e-09,1.44e-06,4.185823729490323e-09,1.44e-06,4.273064442188275e-09,1.44e-06,4.422403068474785e-09,1.44e-06,4.348356877052465e-09,1.44e-06,4.310560488493181e-09,1.44e-06,4.240914603982443e-09,1.44e-06,4.426067166023496e-09,1.44e-06,4.340678487766167e-09,1.44e-06,4.339875558598869e-09,1.44e-06,4.442160269711553e-09,1.44e-06,4.367261299895905e-09,1.44e-06,4.310358944542279e-09,1.44e-06,4.384628498499057e-09,1.44e-06,4.365916304813079e-09,1.44e-06,4.383507960256945e-09,1.44e-06,4.359105638585073e-09,1.44e-06,4.287446886508804e-09,1.44e-06,4.399404082687092e-09,1.44e-06,4.299875519903462e-09,1.44e-06,4.282770004660085e-09,1.44e-06,4.312997366448584e-09,1.44e-06,4.359714692206423e-09,1.44e-06,4.376493653033818e-09,1.44e-06,4.381527127855261e-09,1.44e-06,4.329447776769017e-09,1.44e-06,4.322407436639098e-09,1.44e-06,4.377048558400962e-09,1.44e-06,4.313527462481638e-09,1.44e-06,4.341060321586793e-09,1.44e-06,4.291484575223634e-09,1.44e-06,4.370197839552506e-09,1.44e-06,4.335969542629034e-09,1.44e-06,4.338733170406065e-09,1.44e-06,4.498553251522956e-09,1.44e-06,4.332393476156426e-09,1.44e-06,4.298596140792182e-09,1.44e-06,4.304741180202508e-09,1.44e-06,4.366969588663586e-09,1.44e-06,4.366632747910439e-09,1.44e-06,4.418151287946747e-09,1.44e-06,4.293465385417088e-09,1.44e-06,4.298420213579374e-09,1.44e-06,4.41416028870185e-09,1.44e-06,4.318903769086112e-09,1.44e-06,4.319402324815666e-09,1.44e-06,4.353295382991035e-09,1.44e-06,4.385467757336389e-09,1.44e-06,4.317695707865056e-09,1.44e-06,4.407430493944833e-09,1.44e-06,4.338216415953086e-09,1.44e-06,4.271803807437135e-09,1.44e-06,4.260336851687324e-09,1.44e-06,4.43674650631526e-09,1.44e-06,4.356566836589327e-09,1.44e-06,4.362846043123077e-09,1.44e-06,4.274628112352665e-09,1.44e-06,4.243240589696171e-09,1.44e-06,4.454197340154685e-09,1.44e-06,4.317276658876972e-09,1.44e-06,4.372643301847662e-09,1.44e-06,4.268253630876265e-09,1.44e-06,4.406782518305174e-09,1.44e-06,4.452984382049069e-09,1.44e-06,4.395610851327467e-09,1.44e-06,4.213126841414009e-09,1.44e-06,4.30519504454128e-09,1.44e-06,4.40345880219315e-09,1.44e-06,4.369361730045463e-09,1.44e-06,4.156052308776089e-09,1.44e-06,4.380477147984434e-09,1.44e-06,4.38578952822395e-09,1.44e-06,4.298008387886369e-09,1.44e-06,4.382524631253065e-09,1.44e-06,4.43801015667435e-09,1.44e-06,4.291631602529123e-09,1.44e-06,4.262294492454145e-09,1.44e-06,4.367425971854349e-09,1.44e-06,4.375635826377639e-09,1.44e-06,4.457070281001163e-09,1.44e-06,4.282573172349418e-09,1.44e-06,4.384909716134714e-09,1.44e-06,4.339279096941456e-09,1.44e-06,4.331521559844535e-09,1.44e-06,4.351231915211763e-09,1.44e-06,4.342938273915887e-09,1.44e-06,4.369559304284206e-09,1.44e-06,4.317551926539649e-09,1.44e-06,4.230414181612668e-09,1.44e-06,4.400890252962121e-09,1.44e-06,4.322308863656531e-09,1.44e-06,4.480243399687365e-09,1.44e-06,4.337731673460274e-09,1.44e-06,4.243997906143764e-09,1.44e-06,4.352980075255444e-09,1.44e-06,4.424462052919965e-09,1.44e-06,4.36797549826982e-09
1.46e-06,4.388549084819971e-09,1.46e-06,4.436950155629575e-09,1.46e-06,4.427720830175808e-09,1.46e-06,4.485724381103055e-09,1.46e-06,4.226474202598029e-09,1.46e-06,4.313792755136216e-09,1.46e-06,4.465137443432407e-09,1.46e-06,4.389695351730029e-09,1.46e-06,4.351773077690951e-09,1.46e-06,4.282755413384411e-09,1.46e-06,4.468188263944095e-09,1.46e-06,4.382618141548852e-09,1.46e-06,4.380895574866056e-09,1.46e-06,4.485315883936882e-09,1.46e-06,4.409344669095359e-09,1.46e-06,4.351884127969185e-09,1.46e-06,4.427138391284393e-09,1.46e-06,4.40756458227501e-09,1.46e-06,4.425749426930229e-09,1.46e-06,4.399666074846516e-09,1.46e-06,4.328544028527548e-09,1.46e-06,4.440771010887224e-09,1.46e-06,4.340595837390889e-09,1.46e-06,4.323886774591806e-09,1.46e-06,4.354255404046037e-09,1.46e-06,4.402166546797179e-09,1.46e-06,4.418719621786577e-09,1.46e-06,4.42301943790813e-09,1.46e-06,4.371214323680604e-09,1.46e-06,4.364872030180393e-09,1.46e-06,4.419065099083726e-09,1.46e-06,4.354283574098513e-09,1.46e-06,4.381849797597495e-09,1.46e-06,4.332430013543515e-09,1.46e-06,4.412593944985442e-09,1.46e-06,4.376963108055028e-09,1.46e-06,4.379148170429791e-09,1.46e-06,4.541257702724392e-09,1.46e-06,4.37441085145078e-09,1.46e-06,4.33977449754675e-09,1.46e-06,4.346140983541021e-09,1.46e-06,4.409645463488231e-09,1.46e-06,4.409223447812913e-09,1.46e-06,4.459506164484625e-09,1.46e-06,4.33283474598538e-09,1.46e-06,4.339291351076287e-09,1.46e-06,4.456671911001498e-09,1.46e-06,4.361810484624095e-09,1.46e-06,4.360657682527209e-09,1.46e-06,4.394116532897659e-09,1.46e-06,4.428410409800678e-09,1.46e-06,4.358540699667843e-09,1.46e-06,4.449422979695929e-09,1.46e-06,4.379579005468067e-09,1.46e-06,4.311878188281668e-09,1.46e-06,4.301369678892218e-09,1.46e-06,4.47924989653277e-09,1.46e-06,4.399123443151853e-09,1.46e-06,4.405465671803333e-09,1.46e-06,4.315799747398888e-09,1.46e-06,4.283371603831333e-09,1.46e-06,4.497681761564148e-09,1.46e-06,4.358252829007797e-09,1.46e-06,4.41486494086649e-09,1.46e-06,4.309122185074466e-09,1.46e-06,4.449806726628324e-09,1.46e-06,4.495433404862748e-09,1.46e-06,4.437539862560155e-09,1.46e-06,4.253812990131271e-09,1.46e-06,4.346367100079195e-09,1.46e-06,4.446321098805135e-09,1.46e-06,4.409787030937479e-09,1.46e-06,4.19471107872849e-09,1.46e-06,4.422425789618425e-09,1.46e-06,4.427500949254313e-09,1.46e-06,4.338535635824146e-09,1.46e-06,4.423357729210761e-09,1.46e-06,4.47953996405075e-09,1.46e-06,4.333773084077006e-09,1.46e-06,4.30340636939813e-09,1.46e-06,4.409809436022774e-09,1.46e-06,4.417566106711289e-09,1.46e-06,4.49888416754205e-09,1.46e-06,4.323590948232711e-09,1.46e-06,4.426004986788218e-09,1.46e-06,4.380773051850369e-09,1.46e-06,4.372825739252073e-09,1.46e-06,4.392722548823515e-09,1.46e-06,4.384398991605322e-09,1.46e-06,4.410825421857397e-09,1.46e-06,4.359813826244123e-09,1.46e-06,4.271289458205214e-09,1.46e-06,4.442457329805632e-09,1.46e-06,4.363900586325004e-09,1.46e-06,4.52243414903277e-09,1.46e-06,4.379864994001248e-09,1.46e-06,4.284750151502692e-09,1.46e-06,4.394620380618354e-09,1.46e-06,4.465719195663924e-09,1.46e-06,4.409929143965781e-09
1.48e-06,4.429398176058083e-09,1.48e-06,4.478937895468266e-09,1.48e-06,4.469552625153634e-09,1.48e-06,4.528252770733828e-09,1.48e-06,4.266503252262335e-09,1.48e-06,4.354716639492166e-09,1.48e-06,4.507423499441247e-09,1.48e-06,4.431510817130276e-09,1.48e-06,4.39294238673371e-09,1.48e-06,4.322926401444397e-09,1.48e-06,4.508982782347433e-09,1.48e-06,4.423925195442576e-09,1.48e-06,4.42319760325264e-09,1.48e-06,4.525336415253421e-09,1.48e-06,4.450593716734236e-09,1.48e-06,4.393099419902168e-09,1.48e-06,4.469253478871948e-09,1.48e-06,4.449698576101434e-09,1.48e-06,4.467723843481433e-09,1.48e-06,4.442217751070009e-09,1.48e-06,4.369615318893136e-09,1.48e-06,4.482359709383424e-09,1.48e-06,4.382225893328668e-09,1.48e-06,4.364835171359446e-09,1.48e-06,4.395531291718932e-09,1.48e-06,4.443995043842463e-09,1.48e-06,4.458577972324777e-09,1.48e-06,4.465028826633476e-09,1.48e-06,4.412733129460811e-09,1.48e-06,4.406862599015176e-09,1.48e-06,4.461138884234669e-09,1.48e-06,4.396100854985818e-09,1.48e-06,4.424317366140411e-09,1.48e-06,4.373308698098843e-09,1.48e-06,4.455921851484629e-09,1.48e-06,4.419100327387123e-09,1.48e-06,4.420873411831125e-09,1.48e-06,4.584226421624352e-09,1.48e-06,4.415370295563007e-09,1.48e-06,4.381050412284412e-09,1.48e-06,4.387265981402838e-09,1.48e-06,4.45076705066371e-09,1.48e-06,4.450502034902339e-09,1.48e-06,4.502604331112754e-09,1.48e-06,4.375344683380589e-09,1.48e-06,4.380749689779793e-09,1.48e-06,4.499617396235773e-09,1.48e-06,4.402361177236839e-09,1.48e-06,4.401597548027227e-09,1.48e-06,4.436486705036082e-09,1.48e-06,4.472307733961226e-09,1.48e-06,4.400731581914249e-09,1.48e-06,4.491222934104667e-09,1.48e-06,4.420729022596124e-09,1.48e-06,4.353594211887025e-09,1.48e-06,4.341821855410686e-09,1.48e-06,4.520875017767526e-09,1.48e-06,4.440628609102909e-09,1.48e-06,4.447451617946766e-09,1.48e-06,4.356676533342137e-09,1.48e-06,4.324930757185901e-09,1.48e-06,4.539024549351751e-09,1.48e-06,4.399687847864728e-09,1.48e-06,4.457282514135628e-09,1.48e-06,4.35010582032331e-09,1.48e-06,4.491408305697559e-09,1.48e-06,4.538286684266075e-09,1.48e-06,4.479356935967919e-09,1.48e-06,4.293732058519673e-09,1.48e-06,4.388054088190955e-09,1.48e-06,4.488445984318079e-09,1.48e-06,4.450864649735932e-09,1.48e-06,4.234963369812577e-09,1.48e-06,4.464564923424739e-09,1.48e-06,4.469126785578892e-09,1.48e-06,4.379402886615987e-09,1.48e-06,4.466115551070858e-09,1.48e-06,4.522982866099193e-09,1.48e-06,4.374743709976639e-09,1.48e-06,4.344204392206846e-09,1.48e-06,4.451735718584795e-09,1.48e-06,4.459865952108969e-09,1.48e-06,4.542159869186917e-09,1.48e-06,4.364215959288682e-09,1.48e-06,4.467384851641785e-09,1.48e-06,4.421975092370167e-09,1.48e-06,4.41450160394967e-09,1.48e-06,4.43441422718702e-09,1.48e-06,4.425947800284998e-09,1.48e-06,4.453268706190853e-09,1.48e-06,4.400541115164512e-09,1.48e-06,4.312012457054187e-09,1.48e-06,4.484858453256017e-09,1.48e-06,4.40607185539457e-09,1.48e-06,4.564883848355681e-09,1.48e-06,4.420326661331175e-09,1.48e-06,4.325033036478035e-09,1.48e-06,4.436321274884571e-09,1.48e-06,4.509378610135159e-09,1.48e-06,4.451347671215724e-09
1.5e-06,4.470771231431464e-09,1.5e-06,4.520654082883929e-09,1.5e-06,4.512115261375061e-09,1.5e-06,4.570979605397961e-09,1.5e-06,4.307169184219572e-09,1.5e-06,4.394144703553997e-09,1.5e-06,4.549227428523512e-09,1.5e-06,4.471613361511372e-09,1.5e-06,4.434838575744804e-09,1.5e-06,4.363650805281282e-09,1.5e-06,4.551895223867799e-09,1.5e-06,4.464873993911343e-09,1.5e-06,4.46427175005145e-09,1.5e-06,4.570155514150933e-09,1.5e-06,4.492218018984857e-09,1.5e-06,4.433781734155557e-09,1.5e-06,4.510552445304715e-09,1.5e-06,4.491163898604787e-09,1.5e-06,4.508720418183837e-09,1.5e-06,4.483135059732458e-09,1.5e-06,4.410757213957297e-09,1.5e-06,4.525757838956566e-09,1.5e-06,4.423328379728237e-09,1.5e-06,4.405729998296841e-09,1.5e-06,4.436702407955336e-09,1.5e-06,4.485747024159508e-09,1.5e-06,4.502092193369213e-09,1.5e-06,4.506410592059901e-09,1.5e-06,4.454479617394006e-09,1.5e-06,4.447939362707524e-09,1.5e-06,4.502201558582314e-09,1.5e-06,4.437887567012425e-09,1.5e-06,4.465466071872706e-09,1.5e-06,4.413823632787808e-09,1.5e-06,4.496789809766795e-09,1.5e-06,4.459895125168919e-09,1.5e-06,4.463430672293169e-09,1.5e-06,4.626956714277568e-09,1.5e-06,4.456652188550369e-09,1.5e-06,4.420821797478925e-09,1.5e-06,4.428488392940695e-09,1.5e-06,4.493860267563802e-09,1.5e-06,4.492517222189274e-09,1.5e-06,4.545974771652343e-09,1.5e-06,4.416287866495478e-09,1.5e-06,4.421442909460864e-09,1.5e-06,4.541650476838398e-09,1.5e-06,4.44413118036088e-09,1.5e-06,4.442808162756038e-09,1.5e-06,4.478556218982734e-09,1.5e-06,4.513464420447084e-09,1.5e-06,4.441127530816829e-09,1.5e-06,4.533035376548958e-09,1.5e-06,4.461987241935239e-09,1.5e-06,4.39482565664939e-09,1.5e-06,4.383104151356469e-09,1.5e-06,4.563458535896255e-09,1.5e-06,4.481693483483224e-09,1.5e-06,4.489751034689821e-09,1.5e-06,4.398379979486383e-09,1.5e-06,4.365342269451374e-09,1.5e-06,4.58225064227458e-09,1.5e-06,4.440641183532018e-09,1.5e-06,4.499189255196045e-09,1.5e-06,4.3912034666583e-09,1.5e-06,4.533265715830824e-09,1.5e-06,4.579024434655537e-09,1.5e-06,4.521755262290074e-09,1.5e-06,4.334386516539981e-09,1.5e-06,4.429255361285193e-09,1.5e-06,4.530267033991192e-09,1.5e-06,4.494267177020007e-09,1.5e-06,4.27575678801586e-09,1.5e-06,4.506435510447314e-09,1.5e-06,4.51135830227013e-09,1.5e-06,4.42196141738629e-09,1.5e-06,4.507486900296522e-09,1.5e-06,4.565362943841423e-09,1.5e-06,4.415892066283936e-09,1.5e-06,4.384879928358471e-09,1.5e-06,4.49411302916613e-09,1.5e-06,4.501708894622601e-09,1.5e-06,4.58463713310598e-09,1.5e-06,4.40534334588138e-09,1.5e-06,4.509231245737449e-09,1.5e-06,4.46390282527542e-09,1.5e-06,4.457014928719901e-09,1.5e-06,4.475433323935543e-09,1.5e-06,4.46789625488838e-09,1.5e-06,4.495054679264954e-09,1.5e-06,4.441506144430915e-09,1.5e-06,4.35258048117008e-09,1.5e-06,4.526680355709144e-09,1.5e-06,4.447149958487353e-09,1.5e-06,4.608149439002838e-09,1.5e-06,4.462258537870258e-09,1.5e-06,4.365249945493766e-09,1.5e-06,4.477702884986383e-09,1.5e-06,4.551081465821766e-09,1.5e-06,4.492981739368114e-09
1.52e-06,4.513087069788193e-09,1.52e-06,4.561118413577022e-09,1.52e-06,4.552489355706947e-09,1.52e-06,4.614312809375481e-09,1.52e-06,4.347652906774298e-09,1.52e-06,4.437165608254563e-09,1.52e-06,4.590913225835392e-09,1.52e-06,4.515571500329895e-09,1.52e-06,4.475936944297361e-09,1.52e-06,4.404147339862916e-09,1.52e-06,4.594374347197418e-09,1.52e-06,4.505322270599815e-09,1.52e-06,4.506270454146579e-09,1.52e-06,4.613352999766859e-09,1.52e-06,4.533503958838445e-09,1.52e-06,4.475369107077011e-09,1.52e-06,4.552999699151913e-09,1.52e-06,4.532273007606576e-09,1.52e-06,4.550215890903685e-09,1.52e-06,4.525482032322505e-09,1.52e-06,4.451708534832339e-09,1.52e-06,4.565517239753471e-09,1.52e-06,4.464994620889305e-09,1.52e-06,4.447281391208274e-09,1.52e-06,4.477714994145761e-09,1.52e-06,4.527560967017692e-09,1.52e-06,4.542467425595424e-09,1.52e-06,4.548517900171155e-09,1.52e-06,4.49570490914628e-09,1.52e-06,4.489574046950642e-09,1.52e-06,4.543544684166541e-09,1.52e-06,4.479537678453078e-09,1.52e-06,4.506384186081165e-09,1.52e-06,4.455071783023498e-09,1.52e-06,4.538279823337022e-09,1.52e-06,4.499108419420866e-09,1.52e-06,4.504916146942536e-09,1.52e-06,4.66974772519003e-09,1.52e-06,4.498593148731301e-09,1.52e-06,4.462656353304172e-09,1.52e-06,4.471034750591119e-09,1.52e-06,4.535721211270659e-09,1.52e-06,4.534584117593759e-09,1.52e-06,4.588106051133187e-09,1.52e-06,4.456880885257285e-09,1.52e-06,4.462801511017436e-09,1.52e-06,4.583043579265266e-09,1.52e-06,4.485798607242302e-09,1.52e-06,4.484638271861782e-09,1.52e-06,4.519700508358207e-09,1.52e-06,4.55489265666256e-09,1.52e-06,4.483258993245635e-09,1.52e-06,4.574446226889209e-09,1.52e-06,4.503439602036574e-09,1.52e-06,4.436286818224545e-09,1.52e-06,4.422345529231031e-09,1.52e-06,4.606787655852281e-09,1.52e-06,4.524433187346509e-09,1.52e-06,4.531106386480856e-09,1.52e-06,4.438223950240715e-09,1.52e-06,4.406115391552629e-09,1.52e-06,4.624585672557003e-09,1.52e-06,4.481692976630358e-09,1.52e-06,4.541220436305688e-09,1.52e-06,4.432272731773335e-09,1.52e-06,4.574441648693119e-09,1.52e-06,4.624154298165625e-09,1.52e-06,4.56302332921934e-09,1.52e-06,4.374315822505158e-09,1.52e-06,4.471127323006497e-09,1.52e-06,4.572585077512374e-09,1.52e-06,4.536350614287184e-09,1.52e-06,4.315464354210085e-09,1.52e-06,4.547100600578917e-09,1.52e-06,4.553061477775375e-09,1.52e-06,4.462577439120328e-09,1.52e-06,4.548918092591903e-09,1.52e-06,4.607721331423097e-09,1.52e-06,4.457573942185454e-09,1.52e-06,4.423516473439538e-09,1.52e-06,4.536706854720395e-09,1.52e-06,4.543322600283189e-09,1.52e-06,4.625550307621895e-09,1.52e-06,4.446592148469791e-09,1.52e-06,4.549832054273673e-09,1.52e-06,4.504922031429578e-09,1.52e-06,4.498015981127021e-09,1.52e-06,4.517218887727634e-09,1.52e-06,4.507378001437052e-09,1.52e-06,4.537223514483497e-09,1.52e-06,4.484574290358548e-09,1.52e-06,4.393321714197899e-09,1.52e-06,4.568077422977612e-09,1.52e-06,4.488540424634762e-09,1.52e-06,4.65134347110051e-09,1.52e-06,4.505514570128256e-09,1.52e-06,4.40533065007872e-09,1.52e-06,4.520473118453928e-09,1.52e-06,4.591770841987291e-09,1.52e-06,4.534699766509912e-09
1.54e-06,4.55380761097501e-09,1.54e-06,4.60449764485633e-09,1.54e-06,4.595549142573127e-09,1.54e-06,4.656229810663093e-09,1.54e-06,4.387601456966262e-09,1.54e-06,4.478055906956612e-09,1.54e-06,4.632975073435596e-09,1.54e-06,4.556825333238819e-09,1.54e-06,4.517434758594217e-09,1.54e-06,4.443974514976788e-09,1.54e-06,4.636152560037875e-09,1.54e-06,4.547641237191789e-09,1.54e-06,4.547489202482265e-09,1.54e-06,4.65570025931091e-09,1.54e-06,4.574775007792481e-09,1.54e-06,4.5155912155162e-09,1.54e-06,4.595113883375434e-09,1.54e-06,4.574525990408712e-09,1.54e-06,4.592821045111581e-09,1.54e-06,4.566262617470953e-09,1.54e-06,4.492775855607878e-09,1.54e-06,4.609451568124848e-09,1.54e-06,4.50687087801053e-09,1.54e-06,4.487811744507079e-09,1.54e-06,4.518926669914027e-09,1.54e-06,4.568928681605299e-09,1.54e-06,4.583844296807441e-09,1.54e-06,4.589626238545413e-09,1.54e-06,4.537303453757414e-09,1.54e-06,4.531022661231877e-09,1.54e-06,4.585796443942205e-09,1.54e-06,4.521300741211433e-09,1.54e-06,4.547935291068853e-09,1.54e-06,4.495952536489316e-09,1.54e-06,4.579124137291763e-09,1.54e-06,4.542368516593999e-09,1.54e-06,4.545319636856499e-09,1.54e-06,4.712290031187805e-09,1.54e-06,4.539882498069818e-09,1.54e-06,4.504594259940746e-09,1.54e-06,4.512992999088207e-09,1.54e-06,4.577936116688328e-09,1.54e-06,4.576592631660659e-09,1.54e-06,4.63061568262996e-09,1.54e-06,4.497224961050258e-09,1.54e-06,4.503127342198226e-09,1.54e-06,4.625534647867294e-09,1.54e-06,4.525499281900914e-09,1.54e-06,4.525171076176186e-09,1.54e-06,4.562427558785332e-09,1.54e-06,4.595045280280337e-09,1.54e-06,4.524847483357533e-09,1.54e-06,4.616081377808231e-09,1.54e-06,4.543854418252897e-09,1.54e-06,4.477580276508985e-09,1.54e-06,4.463554735753227e-09,1.54e-06,4.648771894963805e-09,1.54e-06,4.565928986787031e-09,1.54e-06,4.572669184295467e-09,1.54e-06,4.479963222232743e-09,1.54e-06,4.446976588329645e-09,1.54e-06,4.667356160891398e-09,1.54e-06,4.522956062966385e-09,1.54e-06,4.582340228228482e-09,1.54e-06,4.473558784062284e-09,1.54e-06,4.616428382890123e-09,1.54e-06,4.665723367830946e-09,1.54e-06,4.604988008071551e-09,1.54e-06,4.415268224241778e-09,1.54e-06,4.511920416026815e-09,1.54e-06,4.614517729160174e-09,1.54e-06,4.577841495073871e-09,1.54e-06,4.355679956328486e-09,1.54e-06,4.589328853915351e-09,1.54e-06,4.594348386854403e-09,1.54e-06,4.503974516159127e-09,1.54e-06,4.591023454027685e-09,1.54e-06,4.649885351063615e-09,1.54e-06,4.497439278523022e-09,1.54e-06,4.465424058724938e-09,1.54e-06,4.57907827772741e-09,1.54e-06,4.586026601298762e-09,1.54e-06,4.668693960685191e-09,1.54e-06,4.486996128664087e-09,1.54e-06,4.590920988108215e-09,1.54e-06,4.5456204767601e-09,1.54e-06,4.539627093472731e-09,1.54e-06,4.558425177637693e-09,1.54e-06,4.550786076204314e-09,1.54e-06,4.57822072851562e-09,1.54e-06,4.526114275503188e-09,1.54e-06,4.43347595137978e-09,1.54e-06,4.609127276926144e-09,1.54e-06,4.529808124941004e-09,1.54e-06,4.694741823728062e-09,1.54e-06,4.546638254881884e-09,1.54e-06,4.445495152658336e-09,1.54e-06,4.562162710151059e-09,1.54e-06,4.634574628801442e-09,1.54e-06,4.576236859920318e-09
1.56e-06,4.595125893042941e-09,1.56e-06,4.645900095855087e-09,1.56e-06,4.637272280371488e-09,1.56e-06,4.699576219911895e-09,1.56e-06,4.427941139060399e-09,1.56e-06,4.518828955930608e-09,1.56e-06,4.675599160075753e-09,1.56e-06,4.598291539929065e-09,1.56e-06,4.558738152549963e-09,1.56e-06,4.485447225886035e-09,1.56e-06,4.678116690941642e-09,1.56e-06,4.589586201492361e-09,1.56e-06,4.589105289867376e-09,1.56e-06,4.6990890996059e-09,1.56e-06,4.614786434294625e-09,1.56e-06,4.556582825966798e-09,1.56e-06,4.637438431461976e-09,1.56e-06,4.616173512587131e-09,1.56e-06,4.634601235736978e-09,1.56e-06,4.607802464511898e-09,1.56e-06,4.534247008664599e-09,1.56e-06,4.652180319296533e-09,1.56e-06,4.547655138356155e-09,1.56e-06,4.530191933994199e-09,1.56e-06,4.559954001766976e-09,1.56e-06,4.611227246917713e-09,1.56e-06,4.626741061656566e-09,1.56e-06,4.631867465359438e-09,1.56e-06,4.578927286384107e-09,1.56e-06,4.572286236689567e-09,1.56e-06,4.627966401015851e-09,1.56e-06,4.562722361308208e-09,1.56e-06,4.589148605154626e-09,1.56e-06,4.537066321218885e-09,1.56e-06,4.622596787149216e-09,1.56e-06,4.584600617471321e-09,1.56e-06,4.588195179721845e-09,1.56e-06,4.755035537807742e-09,1.56e-06,4.581444287228177e-09,1.56e-06,4.545261230783813e-09,1.56e-06,4.552944488715286e-09,1.56e-06,4.619430473005258e-09,1.56e-06,4.617367362602953e-09,1.56e-06,4.673080052460822e-09,1.56e-06,4.538636357563207e-09,1.56e-06,4.543849573316584e-09,1.56e-06,4.668499412494053e-09,1.56e-06,4.568290736807284e-09,1.56e-06,4.566848765931695e-09,1.56e-06,4.60384652782432e-09,1.56e-06,4.638579315408023e-09,1.56e-06,4.566274909741565e-09,1.56e-06,4.658212561811056e-09,1.56e-06,4.586206355609511e-09,1.56e-06,4.517874375002406e-09,1.56e-06,4.503443294196199e-09,1.56e-06,4.691383602840598e-09,1.56e-06,4.606981238268015e-09,1.56e-06,4.614993330659223e-09,1.56e-06,4.521484683362918e-09,1.56e-06,4.487915947993514e-09,1.56e-06,4.708946230575645e-09,1.56e-06,4.564114472907873e-09,1.56e-06,4.624752712708464e-09,1.56e-06,4.514438562240834e-09,1.56e-06,4.658570051878505e-09,1.56e-06,4.708751714115725e-09,1.56e-06,4.646608625220443e-09,1.56e-06,4.455011071046264e-09,1.56e-06,4.553194474658256e-09,1.56e-06,4.656280393072644e-09,1.56e-06,4.618801466063479e-09,1.56e-06,4.395706087492318e-09,1.56e-06,4.630387215310074e-09,1.56e-06,4.636182679092189e-09,1.56e-06,4.545041149538557e-09,1.56e-06,4.632883519193688e-09,1.56e-06,4.691671519078139e-09,1.56e-06,4.538528805203188e-09,1.56e-06,4.506090027921673e-09,1.56e-06,4.62099330706442e-09,1.56e-06,4.628193302498624e-09,1.56e-06,4.711215843964204e-09,1.56e-06,4.528513240268673e-09,1.56e-06,4.634026431613197e-09,1.56e-06,4.587607912172168e-09,1.56e-06,4.581255113247709e-09,1.56e-06,4.600091826942828e-09,1.56e-06,4.591429298721017e-09,1.56e-06,4.620847434664014e-09,1.56e-06,4.567037484402945e-09,1.56e-06,4.474039346340041e-09,1.56e-06,4.651734576630651e-09,1.56e-06,4.571012855870841e-09,1.56e-06,4.736652506369754e-09,1.56e-06,4.588173715026083e-09,1.56e-06,4.485205774758647e-09,1.56e-06,4.603573634020815e-09,1.56e-06,4.677048973455137e-09,1.56e-06,4.616923059380186e-09
1.58e-06,4.635954835977604e-09,1.58e-06,4.688920708587739e-09,1.58e-06,4.678511970844339e-09,1.58e-06,4.741917599317146e-09,1.58e-06,4.468311637571714e-09,1.58e-06,4.559627121049075e-09,1.58e-06,4.716540618672271e-09,1.58e-06,4.639786323656278e-09,1.58e-06,4.600031940672984e-09,1.58e-06,4.525755925039771e-09,1.58e-06,4.720238593432914e-09,1.58e-06,4.631290724165065e-09,1.58e-06,4.629558092495702e-09,1.58e-06,4.742218445690277e-09,1.58e-06,4.657354203178435e-09,1.58e-06,4.598757956168484e-09,1.58e-06,4.678484165509838e-09,1.58e-06,4.659207738479818e-09,1.58e-06,4.674554500973552e-09,1.58e-06,4.648791252233404e-09,1.58e-06,4.575068650190106e-09,1.58e-06,4.693988432337081e-09,1.58e-06,4.589357395195149e-09,1.58e-06,4.570770596978017e-09,1.58e-06,4.601349406280595e-09,1.58e-06,4.652518512593919e-09,1.58e-06,4.669938380734356e-09,1.58e-06,4.673540747415509e-09,1.58e-06,4.620074938974407e-09,1.58e-06,4.614052951377265e-09,1.58e-06,4.669026806923675e-09,1.58e-06,4.604034718922644e-09,1.58e-06,4.631192850758248e-09,1.58e-06,4.5766628289119e-09,1.58e-06,4.664350710978539e-09,1.58e-06,4.625999688161687e-09,1.58e-06,4.628189851932744e-09,1.58e-06,4.798022941207086e-09,1.58e-06,4.622674996167427e-09,1.58e-06,4.585831031711179e-09,1.58e-06,4.595479560480084e-09,1.58e-06,4.661711753511089e-09,1.58e-06,4.659857360197512e-09,1.58e-06,4.715650195086123e-09,1.58e-06,4.579948717881927e-09,1.58e-06,4.584757301918541e-09,1.58e-06,4.710562668680941e-09,1.58e-06,4.609311226261689e-09,1.58e-06,4.607738872421427e-09,1.58e-06,4.645452696348799e-09,1.58e-06,4.680472750542523e-09,1.58e-06,4.607300721256496e-09,1.58e-06,4.69988972164651e-09,1.58e-06,4.627117022202225e-09,1.58e-06,4.558275633980096e-09,1.58e-06,4.545107208904809e-09,1.58e-06,4.733571352576654e-09,1.58e-06,4.648894492514572e-09,1.58e-06,4.657122241552829e-09,1.58e-06,4.562535636899621e-09,1.58e-06,4.528635795969402e-09,1.58e-06,4.751984978413549e-09,1.58e-06,4.60488483082705e-09,1.58e-06,4.666731531731084e-09,1.58e-06,4.554467976844892e-09,1.58e-06,4.700501255774249e-09,1.58e-06,4.751914257603892e-09,1.58e-06,4.688326927743665e-09,1.58e-06,4.49523650603114e-09,1.58e-06,4.593068654431141e-09,1.58e-06,4.698572043151202e-09,1.58e-06,4.660715706695113e-09,1.58e-06,4.435900104175073e-09,1.58e-06,4.672239030454435e-09,1.58e-06,4.677577187366373e-09,1.58e-06,4.58627664724167e-09,1.58e-06,4.674749572958576e-09,1.58e-06,4.735160360899963e-09,1.58e-06,4.580339307872041e-09,1.58e-06,4.547506553058543e-09,1.58e-06,4.663168732561473e-09,1.58e-06,4.669972325902613e-09,1.58e-06,4.753320702318165e-09,1.58e-06,4.56869024722524e-09,1.58e-06,4.675408489197969e-09,1.58e-06,4.628265710852366e-09,1.58e-06,4.623027202932415e-09,1.58e-06,4.640682520596575e-09,1.58e-06,4.633189734947715e-09,1.58e-06,4.661877039800179e-09,1.58e-06,4.608287165979666e-09,1.58e-06,4.513443276075485e-09,1.58e-06,4.693133631985384e-09,1.58e-06,4.611450255949289e-09,1.58e-06,4.779663650782663e-09,1.58e-06,4.629714063690163e-09,1.58e-06,4.526285445093911e-09,1.58e-06,4.644789723779565e-09,1.58e-06,4.718578417235943e-09,1.58e-06,4.659262431477705e-09
1.6e-06,4.676556915287298e-09,1.6e-06,4.731045101828215e-09,1.6e-06,4.719520485392069e-09,1.6e-06,4.784332082923598e-09,1.6e-06,4.508793088046909e-09,1.6e-06,4.601593972943028e-09,1.6e-06,4.760221861294286e-09,1.6e-06,4.682603028705007e-09,1.6e-06,4.64078667198144e-09,1.6e-06,4.565355271880461e-09,1.6e-06,4.763243171681129e-09,1.6e-06,4.672888780283479e-09,1.6e-06,4.672489518483721e-09,1.6e-06,4.782559684810275e-09,1.6e-06,4.698505509759851e-09,1.6e-06,4.638790917059275e-09,1.6e-06,4.723458065402146e-09,1.6e-06,4.698533327512054e-09,1.6e-06,4.718261788454356e-09,1.6e-06,4.690331966768064e-09,1.6e-06,4.615881120252083e-09,1.6e-06,4.736608973796428e-09,1.6e-06,4.629685906138463e-09,1.6e-06,4.613387620270052e-09,1.6e-06,4.640549628289386e-09,1.6e-06,4.694118316614274e-09,1.6e-06,4.711541615677129e-09,1.6e-06,4.715329994255022e-09,1.6e-06,4.661983490794765e-09,1.6e-06,4.655779675219019e-09,1.6e-06,4.710718607307839e-09,1.6e-06,4.643955542261903e-09,1.6e-06,4.67285950942538e-09,1.6e-06,4.618673609078546e-09,1.6e-06,4.705906766415892e-09,1.6e-06,4.669562221884463e-09,1.6e-06,4.670901618930283e-09,1.6e-06,4.839788365337569e-09,1.6e-06,4.664371439772669e-09,1.6e-06,4.627895041611486e-09,1.6e-06,4.635872070705254e-09,1.6e-06,4.704371067257402e-09,1.6e-06,4.702433312700734e-09,1.6e-06,4.757667466015683e-09,1.6e-06,4.618361071992291e-09,1.6e-06,4.626266578648215e-09,1.6e-06,4.753540124789937e-09,1.6e-06,4.650787209083791e-09,1.6e-06,4.647308088913925e-09,1.6e-06,4.6884496678171e-09,1.6e-06,4.721991105505186e-09,1.6e-06,4.648934366201526e-09,1.6e-06,4.740700276070369e-09,1.6e-06,4.669082903132098e-09,1.6e-06,4.600182441293094e-09,1.6e-06,4.584397644651234e-09,1.6e-06,4.776096639382326e-09,1.6e-06,4.689858169227744e-09,1.6e-06,4.699570013799517e-09,1.6e-06,4.602802187741015e-09,1.6e-06,4.568809927477698e-09,1.6e-06,4.79630490297776e-09,1.6e-06,4.645917887163927e-09,1.6e-06,4.708839138447104e-09,1.6e-06,4.596013465163e-09,1.6e-06,4.739989424880605e-09,1.6e-06,4.794948621950594e-09,1.6e-06,4.730747288833209e-09,1.6e-06,4.534595283036621e-09,1.6e-06,4.636899493537653e-09,1.6e-06,4.742258357476906e-09,1.6e-06,4.700285048666832e-09,1.6e-06,4.475441416841932e-09,1.6e-06,4.716250992696007e-09,1.6e-06,4.720031050960842e-09,1.6e-06,4.626968904988888e-09,1.6e-06,4.717684718204712e-09,1.6e-06,4.776399881898786e-09,1.6e-06,4.621959280646902e-09,1.6e-06,4.586677327016318e-09,1.6e-06,4.705842285066713e-09,1.6e-06,4.709386506254323e-09,1.6e-06,4.796040330428009e-09,1.6e-06,4.60720091466215e-09,1.6e-06,4.716959455150927e-09,1.6e-06,4.671401995675842e-09,1.6e-06,4.66547050213985e-09,1.6e-06,4.683409244718784e-09,1.6e-06,4.676051166879705e-09,1.6e-06,4.705273470345619e-09,1.6e-06,4.648371013418036e-09,1.6e-06,4.554999824788648e-09,1.6e-06,4.735814605017385e-09,1.6e-06,4.653788715868148e-09,1.6e-06,4.823094188335632e-09,1.6e-06,4.672242255527598e-09,1.6e-06,4.566260360539278e-09,1.6e-06,4.685234305499327e-09,1.6e-06,4.761328246354833e-09,1.6e-06,4.700720516537928e-09
1.62e-06,4.718162727709599e-09,1.62e-06,4.772612616877143e-09,1.62e-06,4.76140213069271e-09,1.62e-06,4.826935112925744e-09,1.62e-06,4.548718608488508e-09,1.62e-06,4.642133454457996e-09,1.62e-06,4.803745494089622e-09,1.62e-06,4.723226729137357e-09,1.62e-06,4.682050286307623e-09,1.62e-06,4.606331013339558e-09,1.62e-06,4.805502967434241e-09,1.62e-06,4.713620721569815e-09,1.62e-06,4.713468851817031e-09,1.62e-06,4.82506812709819e-09,1.62e-06,4.740337546394804e-09,1.62e-06,4.679020637605861e-09,1.62e-06,4.764384028542322e-09,1.62e-06,4.740273682537297e-09,1.62e-06,4.759689267654514e-09,1.62e-06,4.731251403225914e-09,1.62e-06,4.657342785510367e-09,1.62e-06,4.779280909424779e-09,1.62e-06,4.671351366977435e-09,1.62e-06,4.653072911742927e-09,1.62e-06,4.682807525808979e-09,1.62e-06,4.736233122701527e-09,1.62e-06,4.753731341854361e-09,1.62e-06,4.75650406920926e-09,1.62e-06,4.704741868129105e-09,1.62e-06,4.697093999998327e-09,1.62e-06,4.752046231646006e-09,1.62e-06,4.68591445385757e-09,1.62e-06,4.714159191249335e-09,1.62e-06,4.661072345378067e-09,1.62e-06,4.747524218032997e-09,1.62e-06,4.711408657112748e-09,1.62e-06,4.712182569368603e-09,1.62e-06,4.882554449212441e-09,1.62e-06,4.705582917275058e-09,1.62e-06,4.66846116336371e-09,1.62e-06,4.677001907177458e-09,1.62e-06,4.746334882507634e-09,1.62e-06,4.744487351504782e-09,1.62e-06,4.800959397751787e-09,1.62e-06,4.658280370519295e-09,1.62e-06,4.667522408842485e-09,1.62e-06,4.795158280126149e-09,1.62e-06,4.692465724227202e-09,1.62e-06,4.687983380070294e-09,1.62e-06,4.730004873984752e-09,1.62e-06,4.764239106904936e-09,1.62e-06,4.690360778611707e-09,1.62e-06,4.783655542584485e-09,1.62e-06,4.710013873032848e-09,1.62e-06,4.64097761571442e-09,1.62e-06,4.625016221978666e-09,1.62e-06,4.818620101968769e-09,1.62e-06,4.731762326291004e-09,1.62e-06,4.741713847520825e-09,1.62e-06,4.643089762921987e-09,1.62e-06,4.609002974541242e-09,1.62e-06,4.838693043078808e-09,1.62e-06,4.687353460544849e-09,1.62e-06,4.750421311751959e-09,1.62e-06,4.636662352260156e-09,1.62e-06,4.781411335652952e-09,1.62e-06,4.837296235886806e-09,1.62e-06,4.773203760099113e-09,1.62e-06,4.57466003873482e-09,1.62e-06,4.678288455177477e-09,1.62e-06,4.784278918492796e-09,1.62e-06,4.743007627923186e-09,1.62e-06,4.51536146490116e-09,1.62e-06,4.757590901560598e-09,1.62e-06,4.761463389674315e-09,1.62e-06,4.667157365600273e-09,1.62e-06,4.759023934290183e-09,1.62e-06,4.819051263868804e-09,1.62e-06,4.662763709331372e-09,1.62e-06,4.627276617345651e-09,1.62e-06,4.747302235186684e-09,1.62e-06,4.752789055485069e-09,1.62e-06,4.83863570281666e-09,1.62e-06,4.649805324435518e-09,1.62e-06,4.758707943076422e-09,1.62e-06,4.713721950181239e-09,1.62e-06,4.707093445490007e-09,1.62e-06,4.724405283845377e-09,1.62e-06,4.717784133959383e-09,1.62e-06,4.747201320639494e-09,1.62e-06,4.690676038937944e-09,1.62e-06,4.594776311852546e-09,1.62e-06,4.777618019280039e-09,1.62e-06,4.695511319163067e-09,1.62e-06,4.865656574171648e-09,1.62e-06,4.715006818182478e-09,1.62e-06,4.606074587428151e-09,1.62e-06,4.726653183125627e-09,1.62e-06,4.803003234141554e-09,1.62e-06,4.742395122080553e-09
1.64e-06,4.758963202326492e-09,1.64e-06,4.815299965339628e-09,1.64e-06,4.803521226626669e-09,1.64e-06,4.869583785090421e-09,1.64e-06,4.588392455232e-09,1.64e-06,4.683488334986706e-09,1.64e-06,4.845850622195037e-09,1.64e-06,4.764953870325902e-09,1.64e-06,4.723856417462059e-09,1.64e-06,4.646554215458025e-09,1.64e-06,4.847055596011261e-09,1.64e-06,4.756466173642505e-09,1.64e-06,4.755452184888092e-09,1.64e-06,4.867645669913337e-09,1.64e-06,4.78156580504858e-09,1.64e-06,4.720873684951838e-09,1.64e-06,4.807191685084148e-09,1.64e-06,4.782468329394186e-09,1.64e-06,4.801977886970538e-09,1.64e-06,4.772889187021296e-09,1.64e-06,4.697447648048605e-09,1.64e-06,4.820793393127577e-09,1.64e-06,4.712975111985881e-09,1.64e-06,4.69553464507021e-09,1.64e-06,4.724384604848851e-09,1.64e-06,4.777506361310144e-09,1.64e-06,4.795118735960711e-09,1.64e-06,4.799092465416399e-09,1.64e-06,4.745989588662707e-09,1.64e-06,4.738994415972334e-09,1.64e-06,4.794138187751489e-09,1.64e-06,4.726758844242685e-09,1.64e-06,4.755880294916827e-09,1.64e-06,4.702136375991927e-09,1.64e-06,4.790218587713036e-09,1.64e-06,4.752874046052381e-09,1.64e-06,4.754053151567611e-09,1.64e-06,4.925004687632618e-09,1.64e-06,4.746137139159846e-09,1.64e-06,4.710327062099229e-09,1.64e-06,4.718244236692568e-09,1.64e-06,4.788157826689906e-09,1.64e-06,4.786358503528993e-09,1.64e-06,4.843182048238515e-09,1.64e-06,4.700644471260435e-09,1.64e-06,4.707620299836982e-09,1.64e-06,4.838504112770245e-09,1.64e-06,4.734009825555423e-09,1.64e-06,4.729297284557428e-09,1.64e-06,4.77198035332188e-09,1.64e-06,4.805010962023413e-09,1.64e-06,4.731847678886441e-09,1.64e-06,4.825282375261189e-09,1.64e-06,4.751334761250241e-09,1.64e-06,4.682177320532765e-09,1.64e-06,4.665878116926852e-09,1.64e-06,4.860484028224416e-09,1.64e-06,4.773721016597112e-09,1.64e-06,4.784011429565724e-09,1.64e-06,4.684391141193378e-09,1.64e-06,4.651364830551634e-09,1.64e-06,4.881064373733808e-09,1.64e-06,4.728485689711841e-09,1.64e-06,4.793352885873045e-09,1.64e-06,4.677412935262266e-09,1.64e-06,4.824933862539615e-09,1.64e-06,4.880659355517114e-09,1.64e-06,4.815457138105257e-09,1.64e-06,4.615689556987592e-09,1.64e-06,4.719554030496897e-09,1.64e-06,4.826398754578401e-09,1.64e-06,4.784366301377001e-09,1.64e-06,4.555064251966559e-09,1.64e-06,4.800262126199555e-09,1.64e-06,4.80341588313298e-09,1.64e-06,4.709754688047574e-09,1.64e-06,4.800304872335598e-09,1.64e-06,4.861416162511922e-09,1.64e-06,4.704314838811592e-09,1.64e-06,4.668665454213041e-09,1.64e-06,4.789820279757855e-09,1.64e-06,4.794897180502025e-09,1.64e-06,4.881360265154137e-09,1.64e-06,4.691076997202616e-09,1.64e-06,4.800480919730671e-09,1.64e-06,4.75451041660754e-09,1.64e-06,4.748615305894253e-09,1.64e-06,4.766122228649005e-09,1.64e-06,4.758996310050324e-09,1.64e-06,4.789673128162835e-09,1.64e-06,4.731884530472987e-09,1.64e-06,4.635780042438897e-09,1.64e-06,4.81987516549613e-09,1.64e-06,4.7364230635664e-09,1.64e-06,4.908438044322494e-09,1.64e-06,4.756113079895198e-09,1.64e-06,4.645760179542465e-09,1.64e-06,4.768146490174571e-09,1.64e-06,4.84587247584955e-09,1.64e-06,4.783867326641206e-09
1.66e-06,4.800470079237635e-09,1.66e-06,4.856995771052424e-09,1.66e-06,4.845217870154987e-09,1.66e-06,4.912150463293688e-09,1.66e-06,4.628940710432436e-09,1.66e-06,4.723768810503207e-09,1.66e-06,4.888078198770924e-09,1.66e-06,4.806859570380718e-09,1.66e-06,4.765303008742564e-09,1.66e-06,4.687666535185146e-09,1.66e-06,4.88970132810096e-09,1.66e-06,4.797845920127189e-09,1.66e-06,4.796917469979758e-09,1.66e-06,4.91109329141105e-09,1.66e-06,4.822815544953751e-09,1.66e-06,4.762056517687164e-09,1.66e-06,4.849433027647871e-09,1.66e-06,4.824149156089022e-09,1.66e-06,4.843071822179361e-09,1.66e-06,4.814155099132569e-09,1.66e-06,4.739656232171179e-09,1.66e-06,4.862966864927114e-09,1.66e-06,4.754335427161553e-09,1.66e-06,4.736706642209731e-09,1.66e-06,4.765720288943926e-09,1.66e-06,4.819337674618794e-09,1.66e-06,4.836967338969643e-09,1.66e-06,4.840055945643426e-09,1.66e-06,4.787459486763464e-09,1.66e-06,4.780320527893729e-09,1.66e-06,4.835534812286223e-09,1.66e-06,4.768627611956158e-09,1.66e-06,4.797313198011985e-09,1.66e-06,4.743035266484415e-09,1.66e-06,4.831886867033803e-09,1.66e-06,4.794267091449756e-09,1.66e-06,4.795653662187757e-09,1.66e-06,4.968715718809885e-09,1.66e-06,4.789079535131417e-09,1.66e-06,4.751436062750637e-09,1.66e-06,4.759296679369982e-09,1.66e-06,4.830865624771209e-09,1.66e-06,4.82791959140167e-09,1.66e-06,4.885597832371028e-09,1.66e-06,4.740967421526704e-09,1.66e-06,4.74929153879922e-09,1.66e-06,4.881004115092715e-09,1.66e-06,4.775293863546756e-09,1.66e-06,4.770803988018836e-09,1.66e-06,4.81389383771768e-09,1.66e-06,4.84794822145499e-09,1.66e-06,4.772511272078634e-09,1.66e-06,4.866652169772145e-09,1.66e-06,4.792806544774466e-09,1.66e-06,4.723755562784207e-09,1.66e-06,4.707039284241079e-09,1.66e-06,4.90344467015654e-09,1.66e-06,4.815158037223164e-09,1.66e-06,4.826021977011601e-09,1.66e-06,4.725259497771207e-09,1.66e-06,4.692085904482595e-09,1.66e-06,4.923166844388885e-09,1.66e-06,4.769558668818096e-09,1.66e-06,4.834951478458787e-09,1.66e-06,4.718270380170326e-09,1.66e-06,4.866439168445998e-09,1.66e-06,4.923290031608897e-09,1.66e-06,4.85750160928447e-09,1.66e-06,4.656032856107498e-09,1.66e-06,4.761035065016565e-09,1.66e-06,4.868273357318517e-09,1.66e-06,4.826228524694232e-09,1.66e-06,4.595187563274698e-09,1.66e-06,4.841693534351143e-09,1.66e-06,4.844892744965547e-09,1.66e-06,4.751688277177941e-09,1.66e-06,4.842512302512408e-09,1.66e-06,4.904204368783618e-09,1.66e-06,4.744645298742362e-09,1.66e-06,4.709457614417541e-09,1.66e-06,4.832132030347801e-09,1.66e-06,4.836278783052038e-09,1.66e-06,4.923467469646989e-09,1.66e-06,4.731845795684726e-09,1.66e-06,4.841956916650293e-09,1.66e-06,4.796126184420531e-09,1.66e-06,4.790213511316735e-09,1.66e-06,4.808060402748692e-09,1.66e-06,4.800659245286367e-09,1.66e-06,4.831940424872007e-09,1.66e-06,4.773712212158604e-09,1.66e-06,4.676530512623336e-09,1.66e-06,4.861560071651003e-09,1.66e-06,4.778239362693492e-09,1.66e-06,4.949229838510363e-09,1.66e-06,4.798116037233166e-09,1.66e-06,4.686880071584052e-09,1.66e-06,4.809350235914175e-09,1.66e-06,4.887677541759601e-09,1.66e-06,4.825554400506213e-09
1.68e-06,4.842052367932179e-09,1.68e-06,4.897798472543262e-09,1.68e-06,4.886901273658864e-09,1.68e-06,4.954263488496064e-09,1.68e-06,4.66881250438142e-09,1.68e-06,4.766126070035788e-09,1.68e-06,4.929272925820895e-09,1.68e-06,4.849166912102123e-09,1.68e-06,4.806111879272444e-09,1.68e-06,4.727284317312786e-09,1.68e-06,4.931952713394401e-09,1.68e-06,4.838895457558729e-09,1.68e-06,4.837480125260645e-09,1.68e-06,4.953800813778427e-09,1.68e-06,4.863774113896678e-09,1.68e-06,4.803832615475573e-09,1.68e-06,4.891472252792676e-09,1.68e-06,4.864836701713641e-09,1.68e-06,4.885792883654007e-09,1.68e-06,4.855943076037798e-09,1.68e-06,4.780348634941429e-09,1.68e-06,4.905847122350849e-09,1.68e-06,4.79580236776231e-09,1.68e-06,4.777561154365641e-09,1.68e-06,4.807306318857167e-09,1.68e-06,4.860701735228161e-09,1.68e-06,4.878471187725639e-09,1.68e-06,4.881264480560272e-09,1.68e-06,4.829375175470914e-09,1.68e-06,4.82185010730563e-09,1.68e-06,4.877276442669498e-09,1.68e-06,4.810262739043933e-09,1.68e-06,4.836581276371365e-09,1.68e-06,4.783773949461842e-09,1.68e-06,4.8738811554424e-09,1.68e-06,4.835322640182414e-09,1.68e-06,4.83662221239331e-09,1.68e-06,5.011263010194202e-09,1.68e-06,4.830547107613451e-09,1.68e-06,4.792433061373488e-09,1.68e-06,4.802491697404382e-09,1.68e-06,4.872710038625225e-09,1.68e-06,4.869393636683222e-09,1.68e-06,4.927744171516163e-09,1.68e-06,4.781745830878363e-09,1.68e-06,4.789986227076292e-09,1.68e-06,4.923011587238804e-09,1.68e-06,4.816631263582365e-09,1.68e-06,4.811640419690068e-09,1.68e-06,4.855660115870812e-09,1.68e-06,4.889304498649946e-09,1.68e-06,4.814336134892756e-09,1.68e-06,4.908401579588686e-09,1.68e-06,4.834231812688012e-09,1.68e-06,4.765044540886874e-09,1.68e-06,4.745880913765514e-09,1.68e-06,4.945751994043931e-09,1.68e-06,4.857528819796205e-09,1.68e-06,4.867519972793309e-09,1.68e-06,4.76687754673237e-09,1.68e-06,4.7324883398431e-09,1.68e-06,4.965750111464747e-09,1.68e-06,4.810361517255009e-09,1.68e-06,4.87699735216725e-09,1.68e-06,4.76004513412821e-09,1.68e-06,4.907741809224737e-09,1.68e-06,4.965924124576942e-09,1.68e-06,4.898874088388194e-09,1.68e-06,4.69675872479469e-09,1.68e-06,4.803250961176523e-09,1.68e-06,4.909518234740276e-09,1.68e-06,4.868463947045306e-09,1.68e-06,4.634323672443461e-09,1.68e-06,4.882917288989218e-09,1.68e-06,4.887080186866498e-09,1.68e-06,4.792235767002397e-09,1.68e-06,4.884523689271085e-09,1.68e-06,4.946583460537057e-09,1.68e-06,4.786245819931971e-09,1.68e-06,4.748926437209833e-09,1.68e-06,4.875184818245592e-09,1.68e-06,4.878733096463643e-09,1.68e-06,4.966162877100337e-09,1.68e-06,4.773271016767589e-09,1.68e-06,4.882318096964541e-09,1.68e-06,4.836755580367388e-09,1.68e-06,4.831684797797196e-09,1.68e-06,4.849291328023963e-09,1.68e-06,4.842170630034211e-09,1.68e-06,4.874006456448666e-09,1.68e-06,4.815673524955796e-09,1.68e-06,4.715900838611506e-09,1.68e-06,4.90317232123569e-09,1.68e-06,4.818344784622284e-09,1.68e-06,4.994589005038417e-09,1.68e-06,4.839897263581293e-09,1.68e-06,4.726423075765191e-09,1.68e-06,4.85233158179154e-09,1.68e-06,4.929791269285913e-09,1.68e-06,4.867204277503114e-09
1.7e-06,4.883797703001719e-09,1.7e-06,4.941341554139175e-09,1.7e-06,4.929122671585948e-09,1.7e-06,4.996348824108259e-09,1.7e-06,4.710551121314376e-09,1.7e-06,4.805681299947339e-09,1.7e-06,4.971901902882542e-09,1.7e-06,4.890533038685281e-09,1.7e-06,4.847847245837676e-09,1.7e-06,4.768125543866669e-09,1.7e-06,4.974074241569873e-09,1.7e-06,4.880525895581318e-09,1.7e-06,4.879876123844039e-09,1.7e-06,4.99619704746463e-09,1.7e-06,4.905679989990746e-09,1.7e-06,4.843776062391572e-09,1.7e-06,4.933751121437492e-09,1.7e-06,4.90777667750295e-09,1.7e-06,4.927705231635661e-09,1.7e-06,4.897502739372554e-09,1.7e-06,4.821414241484984e-09,1.7e-06,4.947167568339717e-09,1.7e-06,4.836829033538035e-09,1.7e-06,4.81910711898244e-09,1.7e-06,4.847998905452451e-09,1.7e-06,4.902647821548299e-09,1.7e-06,4.921092997128928e-09,1.7e-06,4.923698281314595e-09,1.7e-06,4.870893675358353e-09,1.7e-06,4.863396921096439e-09,1.7e-06,4.919683033398267e-09,1.7e-06,4.852066918802992e-09,1.7e-06,4.879226682644727e-09,1.7e-06,4.824542999865764e-09,1.7e-06,4.915390300880315e-09,1.7e-06,4.876971247180896e-09,1.7e-06,4.878297800944612e-09,1.7e-06,5.053989977676248e-09,1.7e-06,4.871161238849873e-09,1.7e-06,4.833223332146392e-09,1.7e-06,4.843904696823325e-09,1.7e-06,4.915266613493238e-09,1.7e-06,4.911713279013856e-09,1.7e-06,4.969804579435026e-09,1.7e-06,4.822717385540486e-09,1.7e-06,4.831104046155202e-09,1.7e-06,4.965251569114789e-09,1.7e-06,4.858683919630455e-09,1.7e-06,4.853223468065557e-09,1.7e-06,4.897352085381792e-09,1.7e-06,4.931414113539697e-09,1.7e-06,4.855638798969676e-09,1.7e-06,4.949905692819742e-09,1.7e-06,4.875200599643678e-09,1.7e-06,4.80653213005533e-09,1.7e-06,4.787696007856139e-09,1.7e-06,4.988201133545615e-09,1.7e-06,4.898974835085862e-09,1.7e-06,4.909503839864353e-09,1.7e-06,4.808252257200535e-09,1.7e-06,4.77287944320972e-09,1.7e-06,5.007744821200472e-09,1.7e-06,4.851511649676388e-09,1.7e-06,4.918997316405655e-09,1.7e-06,4.800896778381981e-09,1.7e-06,4.949920900096822e-09,1.7e-06,5.008894893608924e-09,1.7e-06,4.940756186812766e-09,1.7e-06,4.736544481342483e-09,1.7e-06,4.844397076861368e-09,1.7e-06,4.952483640824625e-09,1.7e-06,4.910313136374751e-09,1.7e-06,4.675310446673185e-09,1.7e-06,4.924508656712494e-09,1.7e-06,4.927962248109487e-09,1.7e-06,4.832995293559315e-09,1.7e-06,4.926595132082e-09,1.7e-06,4.988830607770067e-09,1.7e-06,4.82777292062245e-09,1.7e-06,4.789891349335912e-09,1.7e-06,4.917313476163334e-09,1.7e-06,4.920704405699884e-09,1.7e-06,5.008111422795903e-09,1.7e-06,4.813996517458272e-09,1.7e-06,4.925281459217998e-09,1.7e-06,4.879197453721033e-09,1.7e-06,4.873624874981394e-09,1.7e-06,4.891088136294271e-09,1.7e-06,4.883225874064898e-09,1.7e-06,4.914941498753737e-09,1.7e-06,4.857133223538478e-09,1.7e-06,4.757384777104606e-09,1.7e-06,4.944988466695541e-09,1.7e-06,4.860468110233918e-09,1.7e-06,5.037771758903062e-09,1.7e-06,4.881889105514924e-09,1.7e-06,4.767569212937022e-09,1.7e-06,4.894151018615403e-09,1.7e-06,4.970696031444607e-09,1.7e-06,4.90870745648222e-09
1.72e-06,4.924569437777864e-09,1.72e-06,4.982732433690526e-09,1.72e-06,4.969974505125879e-09,1.72e-06,5.03921570248193e-09,1.72e-06,4.750264136692567e-09,1.72e-06,4.847666712965639e-09,1.72e-06,5.014287077889939e-09,1.72e-06,4.931927450093187e-09,1.72e-06,4.889258626427535e-09,1.72e-06,4.809117775239669e-09,1.72e-06,5.015707428667543e-09,1.72e-06,4.922283864413772e-09,1.72e-06,4.920105256662798e-09,1.72e-06,5.039774981869898e-09,1.72e-06,4.945760042182791e-09,1.72e-06,4.885387633846258e-09,1.72e-06,4.975957159785914e-09,1.72e-06,4.950520486221378e-09,1.72e-06,4.969729500650803e-09,1.72e-06,4.939426420911734e-09,1.72e-06,4.862249439208809e-09,1.72e-06,4.989870714964025e-09,1.72e-06,4.877697013629289e-09,1.72e-06,4.860320642315577e-09,1.72e-06,4.889404634642963e-09,1.72e-06,4.944959662017744e-09,1.72e-06,4.963224608832156e-09,1.72e-06,4.964288220545041e-09,1.72e-06,4.912534380788083e-09,1.72e-06,4.904808409067492e-09,1.72e-06,4.960945768762723e-09,1.72e-06,4.893643002889134e-09,1.72e-06,4.921636247306297e-09,1.72e-06,4.86534549383937e-09,1.72e-06,4.957988986460294e-09,1.72e-06,4.918029271667403e-09,1.72e-06,4.919989624957226e-09,1.72e-06,5.09631941255943e-09,1.72e-06,4.913479033938733e-09,1.72e-06,4.874733514323005e-09,1.72e-06,4.885211968741919e-09,1.72e-06,4.956999052835215e-09,1.72e-06,4.95278450020267e-09,1.72e-06,5.012316537281663e-09,1.72e-06,4.864352675938698e-09,1.72e-06,4.871912540529167e-09,1.72e-06,5.006207096047409e-09,1.72e-06,4.899968674930004e-09,1.72e-06,4.89393792060252e-09,1.72e-06,4.938689798168908e-09,1.72e-06,4.973905997973355e-09,1.72e-06,4.897462860865055e-09,1.72e-06,4.991534665867225e-09,1.72e-06,4.917148376167537e-09,1.72e-06,4.847644383757693e-09,1.72e-06,4.82835963322961e-09,1.72e-06,5.029876616895327e-09,1.72e-06,4.940538165871741e-09,1.72e-06,4.951271214117214e-09,1.72e-06,4.849020127601736e-09,1.72e-06,4.814761213802674e-09,1.72e-06,5.050499101139168e-09,1.72e-06,4.89282572258469e-09,1.72e-06,4.961255229049863e-09,1.72e-06,4.841591211305324e-09,1.72e-06,4.990585007837892e-09,1.72e-06,5.050788656656728e-09,1.72e-06,4.983104096827865e-09,1.72e-06,4.777143994933196e-09,1.72e-06,4.885313055166828e-09,1.72e-06,4.993212394688105e-09,1.72e-06,4.951148633216443e-09,1.72e-06,4.715230214854433e-09,1.72e-06,4.966944424426906e-09,1.72e-06,4.9707231500688e-09,1.72e-06,4.875279861774602e-09,1.72e-06,4.96833407434727e-09,1.72e-06,5.031187488178867e-09,1.72e-06,4.868946227405271e-09,1.72e-06,4.830567962410787e-09,1.72e-06,4.959295917762656e-09,1.72e-06,4.963062493403368e-09,1.72e-06,5.050029884468691e-09,1.72e-06,4.855343561136963e-09,1.72e-06,4.966525874858465e-09,1.72e-06,4.920003223146379e-09,1.72e-06,4.914700847119292e-09,1.72e-06,4.932407516938179e-09,1.72e-06,4.92490546806888e-09,1.72e-06,4.958264468851255e-09,1.72e-06,4.898218419307063e-09,1.72e-06,4.797905848689271e-09,1.72e-06,4.986139348244491e-09,1.72e-06,4.901810911863146e-09,1.72e-06,5.08014812431387e-09,1.72e-06,4.923390878802391e-09,1.72e-06,4.806804794545301e-09,1.72e-06,4.935644085254612e-09,1.72e-06,5.013649298073581e-09,1.72e-06,4.95057101667167e-09
1.74e-06,4.965347323227553e-09,1.74e-06,5.024105472108963e-09,1.74e-06,5.010890932737712e-09,1.74e-06,5.082228457364585e-09,1.74e-06,4.791138378824443e-09,1.74e-06,4.88845601719982e-09,1.74e-06,5.056121720449844e-09,1.74e-06,4.973923351061075e-09,1.74e-06,4.930434786007143e-09,1.74e-06,4.84870524749544e-09,1.74e-06,5.057255313700242e-09,1.74e-06,4.963541254638679e-09,1.74e-06,4.962863322017049e-09,1.74e-06,5.082751810216306e-09,1.74e-06,4.987253396692253e-09,1.74e-06,4.926807513533198e-09,1.74e-06,5.017454034304685e-09,1.74e-06,4.990751047024836e-09,1.74e-06,5.011162998553082e-09,1.74e-06,4.980623078250928e-09,1.74e-06,4.903249346941932e-09,1.74e-06,5.031380391321727e-09,1.74e-06,4.919807889277016e-09,1.74e-06,4.901331632520581e-09,1.74e-06,4.930398705810303e-09,1.74e-06,4.986388667691398e-09,1.74e-06,5.00344859885025e-09,1.74e-06,5.007108333792204e-09,1.74e-06,4.953990478796954e-09,1.74e-06,4.945936971095845e-09,1.74e-06,5.002602383895211e-09,1.74e-06,4.933780627921487e-09,1.74e-06,4.962850197805628e-09,1.74e-06,4.906671992255127e-09,1.74e-06,4.999778722611706e-09,1.74e-06,4.959769367200996e-09,1.74e-06,4.961582770716849e-09,1.74e-06,5.13923465057845e-09,1.74e-06,4.954967767355721e-09,1.74e-06,4.915168655677006e-09,1.74e-06,4.926033551477836e-09,1.74e-06,4.999151042023895e-09,1.74e-06,4.995056329417115e-09,1.74e-06,5.054343382478992e-09,1.74e-06,4.90510015303839e-09,1.74e-06,4.912504812248048e-09,1.74e-06,5.048648310016209e-09,1.74e-06,4.94128306089709e-09,1.74e-06,4.935655636624148e-09,1.74e-06,4.980967739237425e-09,1.74e-06,5.014442246360278e-09,1.74e-06,4.938815240362875e-09,1.74e-06,5.033403989763733e-09,1.74e-06,4.957835162145275e-09,1.74e-06,4.888609819249035e-09,1.74e-06,4.869169393614751e-09,1.74e-06,5.072408746757795e-09,1.74e-06,4.981967398933966e-09,1.74e-06,4.992238011491771e-09,1.74e-06,4.889806184213266e-09,1.74e-06,4.855314730814166e-09,1.74e-06,5.093240829429182e-09,1.74e-06,4.933843112385935e-09,1.74e-06,5.002840785346084e-09,1.74e-06,4.882740547321524e-09,1.74e-06,5.033396173749037e-09,1.74e-06,5.094062570181848e-09,1.74e-06,5.02452760268468e-09,1.74e-06,4.816915036989727e-09,1.74e-06,4.926910257055177e-09,1.74e-06,5.036801200094025e-09,1.74e-06,4.993685107421034e-09,1.74e-06,4.755317671151833e-09,1.74e-06,5.008056517763095e-09,1.74e-06,5.01224233944028e-09,1.74e-06,4.916712061610229e-09,1.74e-06,5.00940437002738e-09,1.74e-06,5.073820802829844e-09,1.74e-06,4.909910313580043e-09,1.74e-06,4.871374334459269e-09,1.74e-06,5.00074169629395e-09,1.74e-06,5.004607884990959e-09,1.74e-06,5.092559956721232e-09,1.74e-06,4.895830285985229e-09,1.74e-06,5.007597534933056e-09,1.74e-06,4.961848644383132e-09,1.74e-06,4.9568950913791e-09,1.74e-06,4.973964058348158e-09,1.74e-06,4.966324956190949e-09,1.74e-06,4.999389057950411e-09,1.74e-06,4.940163365969661e-09,1.74e-06,4.838098190594317e-09,1.74e-06,5.027411892845395e-09,1.74e-06,4.942561660664992e-09,1.74e-06,5.123451172552493e-09,1.74e-06,4.964530488988132e-09,1.74e-06,4.847764074977691e-09,1.74e-06,4.97599701026507e-09,1.74e-06,5.05578769874107e-09,1.74e-06,4.992193096262971e-09
1.76e-06,5.007338448143077e-09,1.76e-06,5.066683498198891e-09,1.76e-06,5.054144819012398e-09,1.76e-06,5.124691709918943e-09,1.76e-06,4.831332109567979e-09,1.76e-06,4.929003892831517e-09,1.76e-06,5.098864897896225e-09,1.76e-06,5.014918858760375e-09,1.76e-06,4.972081476851325e-09,1.76e-06,4.890169384311778e-09,1.76e-06,5.099092182277052e-09,1.76e-06,5.004615525464544e-09,1.76e-06,5.004584253508653e-09,1.76e-06,5.123867739355264e-09,1.76e-06,5.028622734061011e-09,1.76e-06,4.967284177737222e-09,1.76e-06,5.059612822826628e-09,1.76e-06,5.033001890476822e-09,1.76e-06,5.053786995989494e-09,1.76e-06,5.020366845506038e-09,1.76e-06,4.94451126529328e-09,1.76e-06,5.074384842180338e-09,1.76e-06,4.960292799565105e-09,1.76e-06,4.942913127179369e-09,1.76e-06,4.971764249984981e-09,1.76e-06,5.02734719170419e-09,1.76e-06,5.045134979382469e-09,1.76e-06,5.048345509674882e-09,1.76e-06,4.996162247023971e-09,1.76e-06,4.98933382808605e-09,1.76e-06,5.044665336176996e-09,1.76e-06,4.97638263428583e-09,1.76e-06,5.003908275438742e-09,1.76e-06,4.945887408585968e-09,1.76e-06,5.041622926964694e-09,1.76e-06,5.002314779707867e-09,1.76e-06,5.002394193478706e-09,1.76e-06,5.180400302289402e-09,1.76e-06,4.997745496310513e-09,1.76e-06,4.955652401710402e-09,1.76e-06,4.96812144715644e-09,1.76e-06,5.041426462649339e-09,1.76e-06,5.036572446712603e-09,1.76e-06,5.098136674119057e-09,1.76e-06,4.946167690434748e-09,1.76e-06,4.954180635812334e-09,1.76e-06,5.092267971251551e-09,1.76e-06,4.982154483048789e-09,1.76e-06,4.97647632832474e-09,1.76e-06,5.021377079659829e-09,1.76e-06,5.058003025294636e-09,1.76e-06,4.980396971908518e-09,1.76e-06,5.075283639150488e-09,1.76e-06,4.999635086854404e-09,1.76e-06,4.930983690329414e-09,1.76e-06,4.910648145778038e-09,1.76e-06,5.114784344079774e-09,1.76e-06,5.024012824685022e-09,1.76e-06,5.034434927355361e-09,1.76e-06,4.930865175619231e-09,1.76e-06,4.896268300974322e-09,1.76e-06,5.136233834722341e-09,1.76e-06,4.974000806879568e-09,1.76e-06,5.04417343737627e-09,1.76e-06,4.924145936551069e-09,1.76e-06,5.076324681363167e-09,1.76e-06,5.135233913861194e-09,1.76e-06,5.065167635081222e-09,1.76e-06,4.858023946310503e-09,1.76e-06,4.968339037825164e-09,1.76e-06,5.078213669366993e-09,1.76e-06,5.035356721084658e-09,1.76e-06,4.795223771966059e-09,1.76e-06,5.050204320699682e-09,1.76e-06,5.054338082535019e-09,1.76e-06,4.958078188167984e-09,1.76e-06,5.051291181241037e-09,1.76e-06,5.115946590056768e-09,1.76e-06,4.951900815626452e-09,1.76e-06,4.912586533345413e-09,1.76e-06,5.044338921652946e-09,1.76e-06,5.046978953159047e-09,1.76e-06,5.135264056633681e-09,1.76e-06,4.936569439261125e-09,1.76e-06,5.050506084596605e-09,1.76e-06,5.003662950329276e-09,1.76e-06,4.998261755762211e-09,1.76e-06,5.016830110587268e-09,1.76e-06,5.007264156862016e-09,1.76e-06,5.041481280272126e-09,1.76e-06,4.980999743479697e-09,1.76e-06,4.878649653013658e-09,1.76e-06,5.069285813434294e-09,1.76e-06,4.984028480230127e-09,1.76e-06,5.166169115174522e-09,1.76e-06,5.006125808823978e-09,1.76e-06,4.887811414715737e-09,1.76e-06,5.017751088130406e-09,1.76e-06,5.096836813530442e-09,1.76e-06,5.03499525044427e-09
1.78e-06,5.048615945182889e-09,1.78e-06,5.109270141770021e-09,1.78e-06,5.096214589210278e-09,1.78e-06,5.166853706046756e-09,1.78e-06,4.871592746479056e-09,1.78e-06,4.970481538194475e-09,1.78e-06,5.141074277265594e-09,1.78e-06,5.056558905089121e-09,1.78e-06,5.013384104645093e-09,1.78e-06,4.930691099158545e-09,1.78e-06,5.141285064091436e-09,1.78e-06,5.046804263962974e-09,1.78e-06,5.046159963067188e-09,1.78e-06,5.167054335583678e-09,1.78e-06,5.071153266793027e-09,1.78e-06,5.007968872531292e-09,1.78e-06,5.100907938425073e-09,1.78e-06,5.074624240758561e-09,1.78e-06,5.095269294404792e-09,1.78e-06,5.062819729346192e-09,1.78e-06,4.985529643087902e-09,1.78e-06,5.116816445455741e-09,1.78e-06,5.002127758527851e-09,1.78e-06,4.983772561591347e-09,1.78e-06,5.012379430027315e-09,1.78e-06,5.069874654414551e-09,1.78e-06,5.089222098317863e-09,1.78e-06,5.089652726771697e-09,1.78e-06,5.038281504750276e-09,1.78e-06,5.029773292788498e-09,1.78e-06,5.086114475100362e-09,1.78e-06,5.01762111830356e-09,1.78e-06,5.045040708497644e-09,1.78e-06,4.987699992882965e-09,1.78e-06,5.083651826043445e-09,1.78e-06,5.043180553335115e-09,1.78e-06,5.043863183114453e-09,1.78e-06,5.224005766681552e-09,1.78e-06,5.039092652707083e-09,1.78e-06,4.996606935632679e-09,1.78e-06,5.009174278221046e-09,1.78e-06,5.084156776866609e-09,1.78e-06,5.078254228399752e-09,1.78e-06,5.140518775228713e-09,1.78e-06,4.98655551116378e-09,1.78e-06,4.994953812675915e-09,1.78e-06,5.134511386231986e-09,1.78e-06,5.023848303083968e-09,1.78e-06,5.015476243032699e-09,1.78e-06,5.063142178524757e-09,1.78e-06,5.099743691310892e-09,1.78e-06,5.021208166804163e-09,1.78e-06,5.116898300973277e-09,1.78e-06,5.041294702590761e-09,1.78e-06,4.971845326856926e-09,1.78e-06,4.951522449020409e-09,1.78e-06,5.156523653191096e-09,1.78e-06,5.065605273601343e-09,1.78e-06,5.076925822119407e-09,1.78e-06,4.971209925875612e-09,1.78e-06,4.935216362430103e-09,1.78e-06,5.178682949506116e-09,1.78e-06,5.015034032084011e-09,1.78e-06,5.086618194247863e-09,1.78e-06,4.964439158439457e-09,1.78e-06,5.11723477161912e-09,1.78e-06,5.177772120231315e-09,1.78e-06,5.108997334415322e-09,1.78e-06,4.898432080803165e-09,1.78e-06,5.009158450223329e-09,1.78e-06,5.120633951209574e-09,1.78e-06,5.077729848374484e-09,1.78e-06,4.834933184926878e-09,1.78e-06,5.091502689790331e-09,1.78e-06,5.096325982070062e-09,1.78e-06,4.998297532598927e-09,1.78e-06,5.09256532490079e-09,1.78e-06,5.157844572056313e-09,1.78e-06,4.99156817578656e-09,1.78e-06,4.951478791843645e-09,1.78e-06,5.086527586583976e-09,1.78e-06,5.088902499663934e-09,1.78e-06,5.17728851752218e-09,1.78e-06,4.976979104542105e-09,1.78e-06,5.091850277733939e-09,1.78e-06,5.044765282584292e-09,1.78e-06,5.039536167254027e-09,1.78e-06,5.058282301911174e-09,1.78e-06,5.049191075550282e-09,1.78e-06,5.082874589636766e-09,1.78e-06,5.020714489961778e-09,1.78e-06,4.918758249594203e-09,1.78e-06,5.110983081629759e-09,1.78e-06,5.024968089329943e-09,1.78e-06,5.209116452399094e-09,1.78e-06,5.047684042727467e-09,1.78e-06,4.9293272644056e-09,1.78e-06,5.059847329343405e-09,1.78e-06,5.138477020743597e-09,1.78e-06,5.076895445357093e-09
1.8e-06,5.089776521723014e-09,1.8e-06,5.151372420837783e-09,1.8e-06,5.136459858199393e-09,1.8e-06,5.210038503947947e-09,1.8e-06,4.911581246790856e-09,1.8e-06,5.010638204050736e-09,1.8e-06,5.182514068845511e-09,1.8e-06,5.097930399939096e-09,1.8e-06,5.05489995530533e-09,1.8e-06,4.970931715342912e-09,1.8e-06,5.183349159516522e-09,1.8e-06,5.088325928981442e-09,1.8e-06,5.08759269800904e-09,1.8e-06,5.210871028895197e-09,1.8e-06,5.112088350006059e-09,1.8e-06,5.049738567834158e-09,1.8e-06,5.142910176580466e-09,1.8e-06,5.116847451739821e-09,1.8e-06,5.137478729953137e-09,1.8e-06,5.105169715969132e-09,1.8e-06,5.026861099450255e-09,1.8e-06,5.15794700838601e-09,1.8e-06,5.041708633005439e-09,1.8e-06,5.025142600254809e-09,1.8e-06,5.053950585484871e-09,1.8e-06,5.111686728825068e-09,1.8e-06,5.130626730981792e-09,1.8e-06,5.131939374694048e-09,1.8e-06,5.079347910928292e-09,1.8e-06,5.072242165792947e-09,1.8e-06,5.127372103642423e-09,1.8e-06,5.059707700060871e-09,1.8e-06,5.087499993563076e-09,1.8e-06,5.028079376183269e-09,1.8e-06,5.125653681252079e-09,1.8e-06,5.085022790387828e-09,1.8e-06,5.08571878688659e-09,1.8e-06,5.266565292411489e-09,1.8e-06,5.080809135613551e-09,1.8e-06,5.037603530134521e-09,1.8e-06,5.049413810264709e-09,1.8e-06,5.125408531824698e-09,1.8e-06,5.119066514419557e-09,1.8e-06,5.182878001050325e-09,1.8e-06,5.027784086722056e-09,1.8e-06,5.035101286659274e-09,1.8e-06,5.176412327415709e-09,1.8e-06,5.065723267762688e-09,1.8e-06,5.058892970762169e-09,1.8e-06,5.105203570995607e-09,1.8e-06,5.141420233850842e-09,1.8e-06,5.063259383134377e-09,1.8e-06,5.158867881161981e-09,1.8e-06,5.081944798289085e-09,1.8e-06,5.011411347321386e-09,1.8e-06,4.992616493403598e-09,1.8e-06,5.198597704214455e-09,1.8e-06,5.107382879192296e-09,1.8e-06,5.11888210133933e-09,1.8e-06,5.012151722362286e-09,1.8e-06,4.977939282723972e-09,1.8e-06,5.21969604873327e-09,1.8e-06,5.056255494011123e-09,1.8e-06,5.128467479422345e-09,1.8e-06,5.006300445021159e-09,1.8e-06,5.16005083981108e-09,1.8e-06,5.22055516908318e-09,1.8e-06,5.150513225160591e-09,1.8e-06,4.937558784634518e-09,1.8e-06,5.050997428723304e-09,1.8e-06,5.162664727252049e-09,1.8e-06,5.119256565305109e-09,1.8e-06,4.875159174020114e-09,1.8e-06,5.133632385624966e-09,1.8e-06,5.137939559575386e-09,1.8e-06,5.039579968711103e-09,1.8e-06,5.134305213729789e-09,1.8e-06,5.199714387565107e-09,1.8e-06,5.03372657790441e-09,1.8e-06,4.992896838557486e-09,1.8e-06,5.128692473121362e-09,1.8e-06,5.131241652091808e-09,1.8e-06,5.219865054897572e-09,1.8e-06,5.018060211984512e-09,1.8e-06,5.13341730180932e-09,1.8e-06,5.086803807442905e-09,1.8e-06,5.081475537549437e-09,1.8e-06,5.099813189976804e-09,1.8e-06,5.090503918248627e-09,1.8e-06,5.125329234898464e-09,1.8e-06,5.064054488461289e-09,1.8e-06,4.959967950449608e-09,1.8e-06,5.153025788591287e-09,1.8e-06,5.066588304121304e-09,1.8e-06,5.251043313151564e-09,1.8e-06,5.089558644653345e-09,1.8e-06,4.96908820359402e-09,1.8e-06,5.101465731357666e-09,1.8e-06,5.179949849566287e-09,1.8e-06,5.11845082976401e-09
1.82e-06,5.131029413331361e-09,1.82e-06,5.193528517871036e-09,1.82e-06,5.179698949536186e-09,1.82e-06,5.252058200719626e-09,1.82e-06,4.951920662857321e-09,1.82e-06,5.050713215064878e-09,1.82e-06,5.224923673948562e-09,1.82e-06,5.139525833662768e-09,1.82e-06,5.096398940962204e-09,1.82e-06,5.011537000281467e-09,1.82e-06,5.224999995593219e-09,1.82e-06,5.130089350757636e-09,1.82e-06,5.128613639024366e-09,1.82e-06,5.253300501331308e-09,1.82e-06,5.153345628822898e-09,1.82e-06,5.090647525218966e-09,1.82e-06,5.184711578705725e-09,1.82e-06,5.157844266125221e-09,1.82e-06,5.179260979326369e-09,1.82e-06,5.145839265796853e-09,1.82e-06,5.068023533956962e-09,1.82e-06,5.200051481989062e-09,1.82e-06,5.084477697912011e-09,1.82e-06,5.066302880485959e-09,1.82e-06,5.095199594685431e-09,1.82e-06,5.15281898687443e-09,1.82e-06,5.172754418837861e-09,1.82e-06,5.172249480061871e-09,1.82e-06,5.12110742082224e-09,1.82e-06,5.112998292135993e-09,1.82e-06,5.169095593527809e-09,1.82e-06,5.101371459031777e-09,1.82e-06,5.128565251610864e-09,1.82e-06,5.069705438304959e-09,1.82e-06,5.166565238793957e-09,1.82e-06,5.126597939465812e-09,1.82e-06,5.126968028662669e-09,1.82e-06,5.308461338185004e-09,1.82e-06,5.121708797518727e-09,1.82e-06,5.078713259689334e-09,1.82e-06,5.092255088395967e-09,1.82e-06,5.16849059816286e-09,1.82e-06,5.161824463541846e-09,1.82e-06,5.224997647731729e-09,1.82e-06,5.068539887062515e-09,1.82e-06,5.076343298717175e-09,1.82e-06,5.219280955688774e-09,1.82e-06,5.107400099159308e-09,1.82e-06,5.10017787711881e-09,1.82e-06,5.14699085831169e-09,1.82e-06,5.182971130707561e-09,1.82e-06,5.104759631998108e-09,1.82e-06,5.199988022423878e-09,1.82e-06,5.122896265035237e-09,1.82e-06,5.053703310513699e-09,1.82e-06,5.033304004929884e-09,1.82e-06,5.241058680462273e-09,1.82e-06,5.148128893585672e-09,1.82e-06,5.160909852437863e-09,1.82e-06,5.053485227693321e-09,1.82e-06,5.017715335466854e-09,1.82e-06,5.262718710185094e-09,1.82e-06,5.0972488371802e-09,1.82e-06,5.169668398376998e-09,1.82e-06,5.046651687307164e-09,1.82e-06,5.200805943176732e-09,1.82e-06,5.262133623318105e-09,1.82e-06,5.191995974094496e-09,1.82e-06,4.97891506515002e-09,1.82e-06,5.09246534950761e-09,1.82e-06,5.205413776434522e-09,1.82e-06,5.160383472705982e-09,1.82e-06,4.914793538429635e-09,1.82e-06,5.174985861003509e-09,1.82e-06,5.179861961785145e-09,1.82e-06,5.082309248086997e-09,1.82e-06,5.17529493796007e-09,1.82e-06,5.242349771783027e-09,1.82e-06,5.074844009634305e-09,1.82e-06,5.033861612539494e-09,1.82e-06,5.170262196119306e-09,1.82e-06,5.17292535384849e-09,1.82e-06,5.261778364458363e-09,1.82e-06,5.05878525569038e-09,1.82e-06,5.174242613047625e-09,1.82e-06,5.128190706362338e-09,1.82e-06,5.123154637913323e-09,1.82e-06,5.140964335351477e-09,1.82e-06,5.13169556121772e-09,1.82e-06,5.166678711269219e-09,1.82e-06,5.104288374522541e-09,1.82e-06,4.999548969280707e-09,1.82e-06,5.19500524251324e-09,1.82e-06,5.108004564813624e-09,1.82e-06,5.293481745129556e-09,1.82e-06,5.131256793008203e-09,1.82e-06,5.009160291044505e-09,1.82e-06,5.142898820886386e-09,1.82e-06,5.222570236561412e-09,1.82e-06,5.159995375107777e-09
1.84e-06,5.172021501733564e-09,1.84e-06,5.234515130271686e-09,1.84e-06,5.221714623398126e-09,1.84e-06,5.294285390283739e-09,1.84e-06,4.991747871758138e-09,1.84e-06,5.093466992789072e-09,1.84e-06,5.265568642798212e-09,1.84e-06,5.181159396970702e-09,1.84e-06,5.13740260685967e-09,1.84e-06,5.052108559816295e-09,1.84e-06,5.266634766109864e-09,1.84e-06,5.170824492747011e-09,1.84e-06,5.169824078160212e-09,1.84e-06,5.296150919340659e-09,1.84e-06,5.193521055653026e-09,1.84e-06,5.131913515853081e-09,1.84e-06,5.227633390399158e-09,1.84e-06,5.199693741274864e-09,1.84e-06,5.220737543334082e-09,1.84e-06,5.187118743434024e-09,1.84e-06,5.108655013510446e-09,1.84e-06,5.241503951553029e-09,1.84e-06,5.125954923888653e-09,1.84e-06,5.10674513999166e-09,1.84e-06,5.136880709161637e-09,1.84e-06,5.193995529703765e-09,1.84e-06,5.214365783709289e-09,1.84e-06,5.214219515871442e-09,1.84e-06,5.162224694164466e-09,1.84e-06,5.154028670322621e-09,1.84e-06,5.210555728790258e-09,1.84e-06,5.14301802293594e-09,1.84e-06,5.168898221871449e-09,1.84e-06,5.110276886673742e-09,1.84e-06,5.209108769212066e-09,1.84e-06,5.166948946125572e-09,1.84e-06,5.168193486925329e-09,1.84e-06,5.352245939657277e-09,1.84e-06,5.162919381010783e-09,1.84e-06,5.118723238676776e-09,1.84e-06,5.133187195253352e-09,1.84e-06,5.209935594274172e-09,1.84e-06,5.203416699109761e-09,1.84e-06,5.267769654901428e-09,1.84e-06,5.10965212680456e-09,1.84e-06,5.116589294822701e-09,1.84e-06,5.261246801644557e-09,1.84e-06,5.148891826666159e-09,1.84e-06,5.140051594518918e-09,1.84e-06,5.187895184413475e-09,1.84e-06,5.22460196085331e-09,1.84e-06,5.146046983649491e-09,1.84e-06,5.241166100585961e-09,1.84e-06,5.164056116087267e-09,1.84e-06,5.095237783521019e-09,1.84e-06,5.073515030976148e-09,1.84e-06,5.283068344550851e-09,1.84e-06,5.19092494925624e-09,1.84e-06,5.202059971881272e-09,1.84e-06,5.095074020925687e-09,1.84e-06,5.059229130851188e-09,1.84e-06,5.304869116500451e-09,1.84e-06,5.138329827640365e-09,1.84e-06,5.212320605729303e-09,1.84e-06,5.088320695954573e-09,1.84e-06,5.242890282784701e-09,1.84e-06,5.306093788002937e-09,1.84e-06,5.233977029394679e-09,1.84e-06,5.019223889354503e-09,1.84e-06,5.1346902882546e-09,1.84e-06,5.245495483296784e-09,1.84e-06,5.201420584962227e-09,1.84e-06,4.954617808338891e-09,1.84e-06,5.215615360950799e-09,1.84e-06,5.220999664487192e-09,1.84e-06,5.122564530324561e-09,1.84e-06,5.217885736573709e-09,1.84e-06,5.28357139517854e-09,1.84e-06,5.116110412215003e-09,1.84e-06,5.073721097335965e-09,1.84e-06,5.213687625113816e-09,1.84e-06,5.215276349559987e-09,1.84e-06,5.304064854755462e-09,1.84e-06,5.099840153263862e-09,1.84e-06,5.216162153923907e-09,1.84e-06,5.169112514374962e-09,1.84e-06,5.164091625649122e-09,1.84e-06,5.182352518589854e-09,1.84e-06,5.173416269047031e-09,1.84e-06,5.208944348772012e-09,1.84e-06,5.14740222246993e-09,1.84e-06,5.040657708863524e-09,1.84e-06,5.23598981848259e-09,1.84e-06,5.148564794925092e-09,1.84e-06,5.336402013482544e-09,1.84e-06,5.173146097726369e-09,1.84e-06,5.04978881020882e-09,1.84e-06,5.184601084845403e-09,1.84e-06,5.263055454534377e-09,1.84e-06,5.202219210216996e-09
1.86e-06,5.213736066762505e-09,1.86e-06,5.275052210855457e-09,1.86e-06,5.263645970706096e-09,1.86e-06,5.337042993667413e-09,1.86e-06,5.032936479186038e-09,1.86e-06,5.134211867809137e-09,1.86e-06,5.308931240970598e-09,1.86e-06,5.222910630451518e-09,1.86e-06,5.179275271923792e-09,1.86e-06,5.093002118244904e-09,1.86e-06,5.30863067575715e-09,1.86e-06,5.212429792981737e-09,1.86e-06,5.212068151187206e-09,1.86e-06,5.337766712270231e-09,1.86e-06,5.236065446836509e-09,1.86e-06,5.171889439986996e-09,1.86e-06,5.268787683977619e-09,1.86e-06,5.241614555516799e-09,1.86e-06,5.262525203835065e-09,1.86e-06,5.227498688509793e-09,1.86e-06,5.149465699809278e-09,1.86e-06,5.284724262780974e-09,1.86e-06,5.16666057163428e-09,1.86e-06,5.148696841706491e-09,1.86e-06,5.177690110284527e-09,1.86e-06,5.235855745767009e-09,1.86e-06,5.256101572123845e-09,1.86e-06,5.256123634344875e-09,1.86e-06,5.203139242733569e-09,1.86e-06,5.196932801411017e-09,1.86e-06,5.25142749845607e-09,1.86e-06,5.184425194051125e-09,1.86e-06,5.210214854883819e-09,1.86e-06,5.150625154078865e-09,1.86e-06,5.250873945857626e-09,1.86e-06,5.208232888590781e-09,1.86e-06,5.209197073950431e-09,1.86e-06,5.3949680308296e-09,1.86e-06,5.204334617700542e-09,1.86e-06,5.160913269908739e-09,1.86e-06,5.175901698598412e-09,1.86e-06,5.252543415438115e-09,1.86e-06,5.245061377266303e-09,1.86e-06,5.3104536505019e-09,1.86e-06,5.150259021601264e-09,1.86e-06,5.158344833761432e-09,1.86e-06,5.302116037289041e-09,1.86e-06,5.189938943883985e-09,1.86e-06,5.182583931242565e-09,1.86e-06,5.230403753937491e-09,1.86e-06,5.266675203418438e-09,1.86e-06,5.186584126570645e-09,1.86e-06,5.283307156648855e-09,1.86e-06,5.205621897214929e-09,1.86e-06,5.136172177407828e-09,1.86e-06,5.114762083250136e-09,1.86e-06,5.32580199427219e-09,1.86e-06,5.232385884383846e-09,1.86e-06,5.242685188279402e-09,1.86e-06,5.135143610293743e-09,1.86e-06,5.099924567495881e-09,1.86e-06,5.348465527450766e-09,1.86e-06,5.179052923340297e-09,1.86e-06,5.253835153346326e-09,1.86e-06,5.129287857464853e-09,1.86e-06,5.284649458582339e-09,1.86e-06,5.348456994177633e-09,1.86e-06,5.276103537381221e-09,1.86e-06,5.059857149437931e-09,1.86e-06,5.175178673923185e-09,1.86e-06,5.288199942362593e-09,1.86e-06,5.2437674561482e-09,1.86e-06,4.994453196781663e-09,1.86e-06,5.257163457532927e-09,1.86e-06,5.262553921117038e-09,1.86e-06,5.163512134659028e-09,1.86e-06,5.258269136853803e-09,1.86e-06,5.326184382745959e-09,1.86e-06,5.157070080916843e-09,1.86e-06,5.114922122862112e-09,1.86e-06,5.255036325255943e-09,1.86e-06,5.257026675191449e-09,1.86e-06,5.345044902779196e-09,1.86e-06,5.141123314074835e-09,1.86e-06,5.256810462625841e-09,1.86e-06,5.210535195716593e-09,1.86e-06,5.205952835232252e-09,1.86e-06,5.224135427705131e-09,1.86e-06,5.214384117615537e-09,1.86e-06,5.249331475049358e-09,1.86e-06,5.188248760169057e-09,1.86e-06,5.080971140869946e-09,1.86e-06,5.277190536050509e-09,1.86e-06,5.190767706198707e-09,1.86e-06,5.379675098484852e-09,1.86e-06,5.21394167543356e-09,1.86e-06,5.090349532754249e-09,1.86e-06,5.226090170469398e-09,1.86e-06,5.305124663957811e-09,1.86e-06,5.242658180704247e-09
1.88e-06,5.254997785352449e-09,1.88e-06,5.318217944928983e-09,1.88e-06,5.305274522086698e-09,1.88e-06,5.379193940387679e-09,1.88e-06,5.073468805616409e-09,1.88e-06,5.174827242706193e-09,1.88e-06,5.351211952291757e-09,1.88e-06,5.264487289281875e-09,1.88e-06,5.219437066462279e-09,1.88e-06,5.132952344434693e-09,1.88e-06,5.350369581764029e-09,1.88e-06,5.252659052271405e-09,1.88e-06,5.252436888467263e-09,1.88e-06,5.381471238979129e-09,1.88e-06,5.27602616898229e-09,1.88e-06,5.212454886566354e-09,1.88e-06,5.310057697214425e-09,1.88e-06,5.282772254198203e-09,1.88e-06,5.304410795533476e-09,1.88e-06,5.269692552352077e-09,1.88e-06,5.19072034563717e-09,1.88e-06,5.327009356168886e-09,1.88e-06,5.20810974044115e-09,1.88e-06,5.190110508658287e-09,1.88e-06,5.218857408791928e-09,1.88e-06,5.277896358366811e-09,1.88e-06,5.296376210073993e-09,1.88e-06,5.298246997246559e-09,1.88e-06,5.244806658482944e-09,1.88e-06,5.238138203212388e-09,1.88e-06,5.293129122411486e-09,1.88e-06,5.224905697708209e-09,1.88e-06,5.252471889953312e-09,1.88e-06,5.191443628615933e-09,1.88e-06,5.29302246473137e-09,1.88e-06,5.249508168656231e-09,1.88e-06,5.250665866215563e-09,1.88e-06,5.437896214016695e-09,1.88e-06,5.245864392438769e-09,1.88e-06,5.202124862832028e-09,1.88e-06,5.216335176142119e-09,1.88e-06,5.294436179627938e-09,1.88e-06,5.285940607684799e-09,1.88e-06,5.352277806417528e-09,1.88e-06,5.191430409397225e-09,1.88e-06,5.198347404975886e-09,1.88e-06,5.346053219313554e-09,1.88e-06,5.231110442517342e-09,1.88e-06,5.222700953325679e-09,1.88e-06,5.271751393187537e-09,1.88e-06,5.309110387196857e-09,1.88e-06,5.22788708002656e-09,1.88e-06,5.324020698465899e-09,1.88e-06,5.245985688736363e-09,1.88e-06,5.176307273952833e-09,1.88e-06,5.154887369722444e-09,1.88e-06,5.368780919828784e-09,1.88e-06,5.273933579849822e-09,1.88e-06,5.286085789522376e-09,1.88e-06,5.176615203890026e-09,1.88e-06,5.14133535975588e-09,1.88e-06,5.390561669729747e-09,1.88e-06,5.219586052651594e-09,1.88e-06,5.296213836542882e-09,1.88e-06,5.169413777035562e-09,1.88e-06,5.326763909094605e-09,1.88e-06,5.391311699726366e-09,1.88e-06,5.317336108309847e-09,1.88e-06,5.100188083280645e-09,1.88e-06,5.217078674090867e-09,1.88e-06,5.331138523440452e-09,1.88e-06,5.285100217075663e-09,1.88e-06,5.034542686260559e-09,1.88e-06,5.299113266957727e-09,1.88e-06,5.304226203060247e-09,1.88e-06,5.205701581757423e-09,1.88e-06,5.301651268353247e-09,1.88e-06,5.369614027307367e-09,1.88e-06,5.197810185311584e-09,1.88e-06,5.155595862593738e-09,1.88e-06,5.297797908339779e-09,1.88e-06,5.299516201010348e-09,1.88e-06,5.388557343726518e-09,1.88e-06,5.182366637622839e-09,1.88e-06,5.298509018870814e-09,1.88e-06,5.251147678238841e-09,1.88e-06,5.247103260476293e-09,1.88e-06,5.265370673691227e-09,1.88e-06,5.254331230572697e-09,1.88e-06,5.291996792418407e-09,1.88e-06,5.230044322723602e-09,1.88e-06,5.121545441347521e-09,1.88e-06,5.318818187384838e-09,1.88e-06,5.231405776759358e-09,1.88e-06,5.422899972250966e-09,1.88e-06,5.256140124146354e-09,1.88e-06,5.130512573387598e-09,1.88e-06,5.266589705457288e-09,1.88e-06,5.348605787295966e-09,1.88e-06,5.28387822972138e-09
1.9e-06,5.295210949903154e-09,1.9e-06,5.360889720750065e-09,1.9e-06,5.346293462129439e-09,1.9e-06,5.422296324441346e-09,1.9e-06,5.113831980750134e-09,1.9e-06,5.215662473789105e-09,1.9e-06,5.393175672123838e-09,1.9e-06,5.306147760948987e-09,1.9e-06,5.261718361115984e-09,1.9e-06,5.173189474248475e-09,1.9e-06,5.393725511223451e-09,1.9e-06,5.294557438655542e-09,1.9e-06,5.294050121111278e-09,1.9e-06,5.424256334766097e-09,1.9e-06,5.318808918662928e-09,1.9e-06,5.25391830885006e-09,1.9e-06,5.353208051824884e-09,1.9e-06,5.32580177751625e-09,1.9e-06,5.345788955990387e-09,1.9e-06,5.311434803286973e-09,1.9e-06,5.231904837945955e-09,1.9e-06,5.369074715988449e-09,1.9e-06,5.249631052326182e-09,1.9e-06,5.22992333528341e-09,1.9e-06,5.259990124935212e-09,1.9e-06,5.319278448512391e-09,1.9e-06,5.339403819682713e-09,1.9e-06,5.340103762460531e-09,1.9e-06,5.286550120163212e-09,1.9e-06,5.278242532253946e-09,1.9e-06,5.335979529936171e-09,1.9e-06,5.266785473874383e-09,1.9e-06,5.29351682519716e-09,1.9e-06,5.231893796416899e-09,1.9e-06,5.334204518237522e-09,1.9e-06,5.290606034022437e-09,1.9e-06,5.292199508990758e-09,1.9e-06,5.480384724991114e-09,1.9e-06,5.287313893676718e-09,1.9e-06,5.242233370604713e-09,1.9e-06,5.258010340477823e-09,1.9e-06,5.336253265071468e-09,1.9e-06,5.328936328509885e-09,1.9e-06,5.395122256393877e-09,1.9e-06,5.232450681240266e-09,1.9e-06,5.239452065599482e-09,1.9e-06,5.388174381113447e-09,1.9e-06,5.272578762432777e-09,1.9e-06,5.263804970831525e-09,1.9e-06,5.312565876541839e-09,1.9e-06,5.351230257980537e-09,1.9e-06,5.268634152934991e-09,1.9e-06,5.366604939524633e-09,1.9e-06,5.288436454793298e-09,1.9e-06,5.2182872798913e-09,1.9e-06,5.195565538304217e-09,1.9e-06,5.411238358067565e-09,1.9e-06,5.314315195315243e-09,1.9e-06,5.327404676222258e-09,1.9e-06,5.21596107284605e-09,1.9e-06,5.18134725565242e-09,1.9e-06,5.433253606793845e-09,1.9e-06,5.260653339313878e-09,1.9e-06,5.337483057880829e-09,1.9e-06,5.210433406677305e-09,1.9e-06,5.368810925614282e-09,1.9e-06,5.434186380918361e-09,1.9e-06,5.359818335038251e-09,1.9e-06,5.140509995075905e-09,1.9e-06,5.257194934345228e-09,1.9e-06,5.373381091843467e-09,1.9e-06,5.326266710345054e-09,1.9e-06,5.074551324505657e-09,1.9e-06,5.341621724268407e-09,1.9e-06,5.346904210948988e-09,1.9e-06,5.247194726654586e-09,1.9e-06,5.342978389995029e-09,1.9e-06,5.41185610183337e-09,1.9e-06,5.238631024055439e-09,1.9e-06,5.196464154841585e-09,1.9e-06,5.340139944955593e-09,1.9e-06,5.341561938700301e-09,1.9e-06,5.431077255446474e-09,1.9e-06,5.222631210598392e-09,1.9e-06,5.340226760726562e-09,1.9e-06,5.293120773203338e-09,1.9e-06,5.288656365482291e-09,1.9e-06,5.306595985761299e-09,1.9e-06,5.297647375073308e-09,1.9e-06,5.334224553280866e-09,1.9e-06,5.27104969766117e-09,1.9e-06,5.160932827806375e-09,1.9e-06,5.360986171980628e-09,1.9e-06,5.27145918825466e-09,1.9e-06,5.465930998216334e-09,1.9e-06,5.29811801197017e-09,1.9e-06,5.171086232397356e-09,1.9e-06,5.309201461367591e-09,1.9e-06,5.389761907455807e-09,1.9e-06,5.325034810059037e-09
1.92e-06,5.333141467362687e-09,1.92e-06,5.403631170444109e-09,1.92e-06,5.38874963307606e-09,1.92e-06,5.463917774733535e-09,1.92e-06,5.155261277948697e-09,1.92e-06,5.256793442591576e-09,1.92e-06,5.434920994679261e-09,1.92e-06,5.347143467240443e-09,1.92e-06,5.304111665379869e-09,1.92e-06,5.213534727766446e-09,1.92e-06,5.43631223944648e-09,1.92e-06,5.337894915847474e-09,1.92e-06,5.334936002005338e-09,1.92e-06,5.46852546204857e-09,1.92e-06,5.360035954026726e-09,1.92e-06,5.295992497364129e-09,1.92e-06,5.395308446961445e-09,1.92e-06,5.370184976640073e-09,1.92e-06,5.388425710760956e-09,1.92e-06,5.351434188626989e-09,1.92e-06,5.27398104059876e-09,1.92e-06,5.411491877952697e-09,1.92e-06,5.290378959645566e-09,1.92e-06,5.271312747146557e-09,1.92e-06,5.300466011592496e-09,1.92e-06,5.359404882574545e-09,1.92e-06,5.384043588544915e-09,1.92e-06,5.382561379594086e-09,1.92e-06,5.32713599052094e-09,1.92e-06,5.318436982350107e-09,1.92e-06,5.377574549810576e-09,1.92e-06,5.307681447027707e-09,1.92e-06,5.336266762697007e-09,1.92e-06,5.27279921666407e-09,1.92e-06,5.37928691769789e-09,1.92e-06,5.332254007082111e-09,1.92e-06,5.333339751984127e-09,1.92e-06,5.523689864560596e-09,1.92e-06,5.326372525835648e-09,1.92e-06,5.285331927184414e-09,1.92e-06,5.299720612774605e-09,1.92e-06,5.378812216392779e-09,1.92e-06,5.368254269326281e-09,1.92e-06,5.436823169972528e-09,1.92e-06,5.273314767368886e-09,1.92e-06,5.279695352444327e-09,1.92e-06,5.433342146472561e-09,1.92e-06,5.312009709131547e-09,1.92e-06,5.307040594129427e-09,1.92e-06,5.354977640462058e-09,1.92e-06,5.394510678784849e-09,1.92e-06,5.309339431984451e-09,1.92e-06,5.410271794438892e-09,1.92e-06,5.330040882364883e-09,1.92e-06,5.257234720339774e-09,1.92e-06,5.238320906213625e-09,1.92e-06,5.45352486469764e-09,1.92e-06,5.356429297481318e-09,1.92e-06,5.369080173621855e-09,1.92e-06,5.257353035986205e-09,1.92e-06,5.22131152383348e-09,1.92e-06,5.474573077169869e-09,1.92e-06,5.303343785825708e-09,1.92e-06,5.379506287449109e-09,1.92e-06,5.251338765819049e-09,1.92e-06,5.411020383209419e-09,1.92e-06,5.475485991119384e-09,1.92e-06,5.401417779365031e-09,1.92e-06,5.181526728693809e-09,1.92e-06,5.29732650359272e-09,1.92e-06,5.416853111292248e-09,1.92e-06,5.368143787553048e-09,1.92e-06,5.115286481457724e-09,1.92e-06,5.38169877529938e-09,1.92e-06,5.389007884562012e-09,1.92e-06,5.289869508439182e-09,1.92e-06,5.385432692875755e-09,1.92e-06,5.451537658471749e-09,1.92e-06,5.279578062244611e-09,1.92e-06,5.237911243997099e-09,1.92e-06,5.380280206936539e-09,1.92e-06,5.38258774070587e-09,1.92e-06,5.472940368442386e-09,1.92e-06,5.263979747656925e-09,1.92e-06,5.383506285916812e-09,1.92e-06,5.333520949004406e-09,1.92e-06,5.331402021257355e-09,1.92e-06,5.349054419618219e-09,1.92e-06,5.335251193697814e-09,1.92e-06,5.375543340604371e-09,1.92e-06,5.313553049085081e-09,1.92e-06,5.200907755930682e-09,1.92e-06,5.404999329882346e-09,1.92e-06,5.315741646309993e-09,1.92e-06,5.507954382036492e-09,1.92e-06,5.336511161386121e-09,1.92e-06,5.211049520267527e-09,1.92e-06,5.350318495680135e-09,1.92e-06,5.433183621308108e-09,1.92e-06,5.368969112792759e-09
1.94e-06,5.375311385449825e-09,1.94e-06,5.446000761591618e-09,1.94e-06,5.430578123223766e-09,1.94e-06,5.506003841665255e-09,1.94e-06,5.196335222437367e-09,1.94e-06,5.296908291713351e-09,1.94e-06,5.477299250094204e-09,1.94e-06,5.388808537399461e-09,1.94e-06,5.345822568824998e-09,1.94e-06,5.254381960953741e-09,1.94e-06,5.479012793891762e-09,1.94e-06,5.38028163557749e-09,1.94e-06,5.375119012528449e-09,1.94e-06,5.511617963215477e-09,1.94e-06,5.401062964915559e-09,1.94e-06,5.336512716696603e-09,1.94e-06,5.437060083610937e-09,1.94e-06,5.412294701707935e-09,1.94e-06,5.429479568438128e-09,1.94e-06,5.392452166246214e-09,1.94e-06,5.31401676365293e-09,1.94e-06,5.454074273626097e-09,1.94e-06,5.331294891725876e-09,1.94e-06,5.311282814394621e-09,1.94e-06,5.343147030430284e-09,1.94e-06,5.40167826981808e-09,1.94e-06,5.426175928905644e-09,1.94e-06,5.424076782129562e-09,1.94e-06,5.367760476404157e-09,1.94e-06,5.359515167529848e-09,1.94e-06,5.419889159299267e-09,1.94e-06,5.349818852280431e-09,1.94e-06,5.377441641192827e-09,1.94e-06,5.314697036255428e-09,1.94e-06,5.421243528092165e-09,1.94e-06,5.373968515402882e-09,1.94e-06,5.375524115237242e-09,1.94e-06,5.566674632798302e-09,1.94e-06,5.369039234124698e-09,1.94e-06,5.324714472071276e-09,1.94e-06,5.341278749847642e-09,1.94e-06,5.421457716677703e-09,1.94e-06,5.409757261965822e-09,1.94e-06,5.479644897886526e-09,1.94e-06,5.314358562916815e-09,1.94e-06,5.321127399591773e-09,1.94e-06,5.475565933103543e-09,1.94e-06,5.354394428258514e-09,1.94e-06,5.346897149717875e-09,1.94e-06,5.397159250524305e-09,1.94e-06,5.436510305205154e-09,1.94e-06,5.350500229064591e-09,1.94e-06,5.452293768262249e-09,1.94e-06,5.372279129368895e-09,1.94e-06,5.298193036837599e-09,1.94e-06,5.279206990401548e-09,1.94e-06,5.496001970791371e-09,1.94e-06,5.399496058192373e-09,1.94e-06,5.4110280907424e-09,1.94e-06,5.298433512266197e-09,1.94e-06,5.262339195648664e-09,1.94e-06,5.51754567578304e-09,1.94e-06,5.344597691413006e-09,1.94e-06,5.422334339566681e-09,1.94e-06,5.292869548591791e-09,1.94e-06,5.452950156368631e-09,1.94e-06,5.518110337925444e-09,1.94e-06,5.443528072490097e-09,1.94e-06,5.221575499982186e-09,1.94e-06,5.339249936685498e-09,1.94e-06,5.459152761189483e-09,1.94e-06,5.410377464698559e-09,1.94e-06,5.154528076929015e-09,1.94e-06,5.423795399509783e-09,1.94e-06,5.430541800809918e-09,1.94e-06,5.33119249681869e-09,1.94e-06,5.426953120005057e-09,1.94e-06,5.494450171100223e-09,1.94e-06,5.32093683685284e-09,1.94e-06,5.278337811077285e-09,1.94e-06,5.423070989395066e-09,1.94e-06,5.425274322963059e-09,1.94e-06,5.514843673103526e-09,1.94e-06,5.304561401239458e-09,1.94e-06,5.425578786908836e-09,1.94e-06,5.375182734764496e-09,1.94e-06,5.374454788083949e-09,1.94e-06,5.389779363369777e-09,1.94e-06,5.377026350599774e-09,1.94e-06,5.418289456031971e-09,1.94e-06,5.354774938884147e-09,1.94e-06,5.241726551980648e-09,1.94e-06,5.446646322955059e-09,1.94e-06,5.356760221980181e-09,1.94e-06,5.550408495923583e-09,1.94e-06,5.379383581084841e-09,1.94e-06,5.251244966725339e-09,1.94e-06,5.39136807691082e-09,1.94e-06,5.475025340639042e-09,1.94e-06,5.411171229559465e-09
1.96e-06,5.416370824662374e-09,1.96e-06,5.488202816456552e-09,1.96e-06,5.472343113171256e-09,1.96e-06,5.549225512407907e-09,1.96e-06,5.234755759392666e-09,1.96e-06,5.337617417386255e-09,1.96e-06,5.519423827276022e-09,1.96e-06,5.429616351535392e-09,1.96e-06,5.388037107817161e-09,1.96e-06,5.295326728433433e-09,1.96e-06,5.521042378897373e-09,1.96e-06,5.421722960823986e-09,1.96e-06,5.417377555702929e-09,1.96e-06,5.554793615066022e-09,1.96e-06,5.442266048972683e-09,1.96e-06,5.377807935242718e-09,1.96e-06,5.479951630834934e-09,1.96e-06,5.454295959991561e-09,1.96e-06,5.472401513598718e-09,1.96e-06,5.433800682629599e-09,1.96e-06,5.355288359458848e-09,1.96e-06,5.495898690520532e-09,1.96e-06,5.372536577478639e-09,1.96e-06,5.353512523519156e-09,1.96e-06,5.38426658174088e-09,1.96e-06,5.443781113504851e-09,1.96e-06,5.467940922557076e-09,1.96e-06,5.466386736095612e-09,1.96e-06,5.410220228957994e-09,1.96e-06,5.401920889809595e-09,1.96e-06,5.461686475205962e-09,1.96e-06,5.390724209743231e-09,1.96e-06,5.418951420110307e-09,1.96e-06,5.355092740808362e-09,1.96e-06,5.463371340891345e-09,1.96e-06,5.416122332014043e-09,1.96e-06,5.416993043491075e-09,1.96e-06,5.609307951181996e-09,1.96e-06,5.409690181646259e-09,1.96e-06,5.366906532889818e-09,1.96e-06,5.382408705098795e-09,1.96e-06,5.463474080929897e-09,1.96e-06,5.451774081247684e-09,1.96e-06,5.522023049150176e-09,1.96e-06,5.355686514536446e-09,1.96e-06,5.361876199069446e-09,1.96e-06,5.518188009208216e-09,1.96e-06,5.395810335654919e-09,1.96e-06,5.389527057230715e-09,1.96e-06,5.438421507985345e-09,1.96e-06,5.479523417766626e-09,1.96e-06,5.391403442247783e-09,1.96e-06,5.49409813402373e-09,1.96e-06,5.413781234629556e-09,1.96e-06,5.339379219204413e-09,1.96e-06,5.318945974563489e-09,1.96e-06,5.538240031550198e-09,1.96e-06,5.440527181732712e-09,1.96e-06,5.452834686617299e-09,1.96e-06,5.339398836174109e-09,1.96e-06,5.302648426500406e-09,1.96e-06,5.559406618746626e-09,1.96e-06,5.384826217432709e-09,1.96e-06,5.465220794567614e-09,1.96e-06,5.332628335563761e-09,1.96e-06,5.494958937808707e-09,1.96e-06,5.560403056927969e-09,1.96e-06,5.484942689930942e-09,1.96e-06,5.261554524670795e-09,1.96e-06,5.380152851298934e-09,1.96e-06,5.501481564600862e-09,1.96e-06,5.452065741482163e-09,1.96e-06,5.194380986053727e-09,1.96e-06,5.465995353251769e-09,1.96e-06,5.472691698138548e-09,1.96e-06,5.372535961909223e-09,1.96e-06,5.46918268712978e-09,1.96e-06,5.536952041348091e-09,1.96e-06,5.362265369057399e-09,1.96e-06,5.319539886030466e-09,1.96e-06,5.4654489890259e-09,1.96e-06,5.467985092181206e-09,1.96e-06,5.557698997688492e-09,1.96e-06,5.346322171605539e-09,1.96e-06,5.467078199156439e-09,1.96e-06,5.415893826693913e-09,1.96e-06,5.415784131158382e-09,1.96e-06,5.431327304742188e-09,1.96e-06,5.418792821400769e-09,1.96e-06,5.460818345937341e-09,1.96e-06,5.396396033460741e-09,1.96e-06,5.282255026079793e-09,1.96e-06,5.488468168252875e-09,1.96e-06,5.398365229305044e-09,1.96e-06,5.59331334333196e-09,1.96e-06,5.420165499534732e-09,1.96e-06,5.28993212857386e-09,1.96e-06,5.433819223717622e-09,1.96e-06,5.517933199738208e-09,1.96e-06,5.45349856636807e-09
1.98e-06,5.457859669112513e-09,1.98e-06,5.530079094306308e-09,1.98e-06,5.514284106246531e-09,1.98e-06,5.590974619947717e-09,1.98e-06,5.276402087094163e-09,1.98e-06,5.37914899268894e-09,1.98e-06,5.561265231367702e-09,1.98e-06,5.472451149273477e-09,1.98e-06,5.429296583581367e-09,1.98e-06,5.335054470795569e-09,1.98e-06,5.56315302573979e-09,1.98e-06,5.463807210662462e-09,1.98e-06,5.459201201222185e-09,1.98e-06,5.597354663907016e-09,1.98e-06,5.484252733386335e-09,1.98e-06,5.419461475161164e-09,1.98e-06,5.522018518848103e-09,1.98e-06,5.496246222583769e-09,1.98e-06,5.514069418206806e-09,1.98e-06,5.475305400953272e-09,1.98e-06,5.397077086232048e-09,1.98e-06,5.538227779021475e-09,1.98e-06,5.414525700887805e-09,1.98e-06,5.39474910724447e-09,1.98e-06,5.425619810529803e-09,1.98e-06,5.485345053439754e-09,1.98e-06,5.510234706551647e-09,1.98e-06,5.508135828633635e-09,1.98e-06,5.451877986316171e-09,1.98e-06,5.443018501255565e-09,1.98e-06,5.503242654332149e-09,1.98e-06,5.432850870825258e-09,1.98e-06,5.460555948515859e-09,1.98e-06,5.39620935129132e-09,1.98e-06,5.505462504297968e-09,1.98e-06,5.457995433613302e-09,1.98e-06,5.458649682770484e-09,1.98e-06,5.652263782550653e-09,1.98e-06,5.451831153728327e-09,1.98e-06,5.408132048732123e-09,1.98e-06,5.423690858609954e-09,1.98e-06,5.506010907768114e-09,1.98e-06,5.493792789499154e-09,1.98e-06,5.564753754409877e-09,1.98e-06,5.396530955308621e-09,1.98e-06,5.402311967633023e-09,1.98e-06,5.560920233276529e-09,1.98e-06,5.437299763578819e-09,1.98e-06,5.430268291702245e-09,1.98e-06,5.480697455595706e-09,1.98e-06,5.520955218461189e-09,1.98e-06,5.433018019320614e-09,1.98e-06,5.53577061875953e-09,1.98e-06,5.45510537116197e-09,1.98e-06,5.380279300033826e-09,1.98e-06,5.360966532753077e-09,1.98e-06,5.580878291984513e-09,1.98e-06,5.482902123623201e-09,1.98e-06,5.495164486681945e-09,1.98e-06,5.380891196174684e-09,1.98e-06,5.343859949602915e-09,1.98e-06,5.60197280016887e-09,1.98e-06,5.426749959078475e-09,1.98e-06,5.506539857223604e-09,1.98e-06,5.37483835889106e-09,1.98e-06,5.53681940490136e-09,1.98e-06,5.603363317050478e-09,1.98e-06,5.527839928198864e-09,1.98e-06,5.30279340313218e-09,1.98e-06,5.421983020683939e-09,1.98e-06,5.543766233240956e-09,1.98e-06,5.494050535455775e-09,1.98e-06,5.234719323680033e-09,1.98e-06,5.508140468725124e-09,1.98e-06,5.514558888472387e-09,1.98e-06,5.414216327218114e-09,1.98e-06,5.510397084780712e-09,1.98e-06,5.579306637713396e-09,1.98e-06,5.403122296252651e-09,1.98e-06,5.360791345290669e-09,1.98e-06,5.507770144556326e-09,1.98e-06,5.509636602639508e-09,1.98e-06,5.599858630799063e-09,1.98e-06,5.387108909012549e-09,1.98e-06,5.508948034638195e-09,1.98e-06,5.457922194722281e-09,1.98e-06,5.457701687338065e-09,1.98e-06,5.473201782720153e-09,1.98e-06,5.460619724897749e-09,1.98e-06,5.502416684763261e-09,1.98e-06,5.437744588055713e-09,1.98e-06,5.324135094744617e-09,1.98e-06,5.53053446088949e-09,1.98e-06,5.440272722558892e-09,1.98e-06,5.636229677292459e-09,1.98e-06,5.462639158068465e-09,1.98e-06,5.331905149867705e-09,1.98e-06,5.475220513915614e-09,1.98e-06,5.559582066827733e-09,1.98e-06,5.495008717476758e-09
2e-06,5.499381600641098e-09,2e-06,5.571921892653696e-09,2e-06,5.556373154773576e-09,2e-06,5.633926763680346e-09,2e-06,5.315752661703077e-09,2e-06,5.42109686386848e-09,2e-06,5.603452003116032e-09,2e-06,5.514166382542423e-09,2e-06,5.470331406832834e-09,2e-06,5.376366294604696e-09,2e-06,5.605421375114129e-09,2e-06,5.504138304130183e-09,2e-06,5.500942393012816e-09,2e-06,5.640483091924244e-09,2e-06,5.52540187725786e-09,2e-06,5.461261821041284e-09,2e-06,5.56431819460009e-09,2e-06,5.537877935431225e-09,2e-06,5.556093588445421e-09,2e-06,5.517320760846173e-09,2e-06,5.438379541189156e-09,2e-06,5.580643869194179e-09,2e-06,5.456046627725116e-09,2e-06,5.43640578423117e-09,2e-06,5.466882510018309e-09,2e-06,5.527398363603836e-09,2e-06,5.552233855952958e-09,2e-06,5.549273795653149e-09,2e-06,5.493177529061118e-09,2e-06,5.484768752963848e-09,2e-06,5.545435873327671e-09,2e-06,5.474686848518813e-09,2e-06,5.501758309229762e-09,2e-06,5.437584587361067e-09,2e-06,5.547590880476019e-09,2e-06,5.499000749420316e-09,2e-06,5.499831504339516e-09,2e-06,5.695113500006842e-09,2e-06,5.493362843785331e-09,2e-06,5.449362544978983e-09,2e-06,5.466236483962976e-09,2e-06,5.547773982878158e-09,2e-06,5.535921958449886e-09,2e-06,5.606987374263772e-09,2e-06,5.437295142230527e-09,2e-06,5.44462829687029e-09,2e-06,5.602880040760922e-09,2e-06,5.478971847438397e-09,2e-06,5.472041250663386e-09,2e-06,5.52266073486144e-09,2e-06,5.562230809988463e-09,2e-06,5.475078313046344e-09,2e-06,5.576985935492373e-09,2e-06,5.49651735055086e-09,2e-06,5.422033670895113e-09,2e-06,5.400639069635483e-09,2e-06,5.62347917781965e-09,2e-06,5.524701374545596e-09,2e-06,5.536600677175472e-09,2e-06,5.421639223247972e-09,2e-06,5.384787167900461e-09,2e-06,5.644851410662814e-09,2e-06,5.468264173352749e-09,2e-06,5.548324129542383e-09,2e-06,5.416123384471517e-09,2e-06,5.578186275767982e-09,2e-06,5.646637968016123e-09,2e-06,5.56924486163545e-09,2e-06,5.343417515660272e-09,2e-06,5.464267355257056e-09,2e-06,5.585577236439072e-09,2e-06,5.535788277847092e-09,2e-06,5.27442834394283e-09,2e-06,5.54874945202701e-09,2e-06,5.556415282539462e-09,2e-06,5.455410091425323e-09,2e-06,5.552694805259409e-09,2e-06,5.621850691473287e-09,2e-06,5.444799165896619e-09,2e-06,5.400915058679327e-09,2e-06,5.550470033071923e-09,2e-06,5.552144190705531e-09,2e-06,5.642573825238808e-09,2e-06,5.428230825405313e-09,2e-06,5.550381380046948e-09,2e-06,5.499193475356575e-09,2e-06,5.49966498782979e-09,2e-06,5.51533115612468e-09,2e-06,5.502070720298185e-09,2e-06,5.544463175091875e-09,2e-06,5.479685921882882e-09,2e-06,5.364511253516264e-09,2e-06,5.572366116104621e-09,2e-06,5.481215483990969e-09,2e-06,5.679761573510894e-09,2e-06,5.504812144074637e-09,2e-06,5.371735112796664e-09,2e-06,5.517404078770617e-09,2e-06,5.601345932215985e-09,2e-06,5.536804427351166e-09
2.02e-06,5.540840071637628e-09,2.02e-06,5.614331998199982e-09,2.02e-06,5.598433085718096e-09,2.02e-06,5.67633045889039e-09,2.02e-06,5.356402354355564e-09,2.02e-06,5.462115180805964e-09,2.02e-06,5.645193171414219e-09,2.02e-06,5.555659833967011e-09,2.02e-06,5.512107207968344e-09,2.02e-06,5.416550810174888e-09,2.02e-06,5.647699525552215e-09,2.02e-06,5.546200596798932e-09,2.02e-06,5.542685239929725e-09,2.02e-06,5.682817725607724e-09,2.02e-06,5.56717487060971e-09,2.02e-06,5.502146071702447e-09,2.02e-06,5.606330020393844e-09,2.02e-06,5.579777730959544e-09,2.02e-06,5.597786116693909e-09,2.02e-06,5.558578183548097e-09,2.02e-06,5.479280113609298e-09,2.02e-06,5.622755070845023e-09,2.02e-06,5.497294562232025e-09,2.02e-06,5.477294082935423e-09,2.02e-06,5.508478651437678e-09,2.02e-06,5.568815490201024e-09,2.02e-06,5.594254628779559e-09,2.02e-06,5.591080449475438e-09,2.02e-06,5.534889889595033e-09,2.02e-06,5.52660437385765e-09,2.02e-06,5.586885226549257e-09,2.02e-06,5.516423882712218e-09,2.02e-06,5.543348932064826e-09,2.02e-06,5.478633305834064e-09,2.02e-06,5.589301840419415e-09,2.02e-06,5.540771546239033e-09,2.02e-06,5.541396711943977e-09,2.02e-06,5.738180081042563e-09,2.02e-06,5.535074954790938e-09,2.02e-06,5.490571341401881e-09,2.02e-06,5.508203659518669e-09,2.02e-06,5.590344294058023e-09,2.02e-06,5.577702419889285e-09,2.02e-06,5.649818817242858e-09,2.02e-06,5.477935209670513e-09,2.02e-06,5.484640569410741e-09,2.02e-06,5.645335950645316e-09,2.02e-06,5.520560037695729e-09,2.02e-06,5.513133255528768e-09,2.02e-06,5.564535582342985e-09,2.02e-06,5.604030162154253e-09,2.02e-06,5.516014686487585e-09,2.02e-06,5.618752014710852e-09,2.02e-06,5.537803212969366e-09,2.02e-06,5.463338786823938e-09,2.02e-06,5.441751007822672e-09,2.02e-06,5.666012592214105e-09,2.02e-06,5.566383634171384e-09,2.02e-06,5.578828989820384e-09,2.02e-06,5.46263941992189e-09,2.02e-06,5.425327471204437e-09,2.02e-06,5.687639514154548e-09,2.02e-06,5.50892730378278e-09,2.02e-06,5.590659101345834e-09,2.02e-06,5.456827220185403e-09,2.02e-06,5.62017831635268e-09,2.02e-06,5.689325159864387e-09,2.02e-06,5.611548309134266e-09,2.02e-06,5.383888668194736e-09,2.02e-06,5.505402560971011e-09,2.02e-06,5.627784234656085e-09,2.02e-06,5.577932811235636e-09,2.02e-06,5.313849715672196e-09,2.02e-06,5.590889442237758e-09,2.02e-06,5.598543046012418e-09,2.02e-06,5.49673737336406e-09,2.02e-06,5.594627161050259e-09,2.02e-06,5.664351356846292e-09,2.02e-06,5.485550983160847e-09,2.02e-06,5.441373259653039e-09,2.02e-06,5.592770430465793e-09,2.02e-06,5.594674234973172e-09,2.02e-06,5.684850848541688e-09,2.02e-06,5.46921835643794e-09,2.02e-06,5.592503779117451e-09,2.02e-06,5.540783210426976e-09,2.02e-06,5.541372985031903e-09,2.02e-06,5.556559340879342e-09,2.02e-06,5.543666306412281e-09,2.02e-06,5.586230554964537e-09,2.02e-06,5.521398184486169e-09,2.02e-06,5.405184017824196e-09,2.02e-06,5.614107534704779e-09,2.02e-06,5.522341805971247e-09,2.02e-06,5.722402594052932e-09,2.02e-06,5.546659216574734e-09,2.02e-06,5.412325646769515e-09,2.02e-06,5.559289103499854e-09,2.02e-06,5.643021144818302e-09,2.02e-06,5.578339535909065e-09
2.04e-06,5.582223420358947e-09,2.04e-06,5.656370880413637e-09,2.04e-06,5.63997308597385e-09,2.04e-06,5.719457216733727e-09,2.04e-06,5.397516693408512e-09,2.04e-06,5.503150015164955e-09,2.04e-06,5.688230517294413e-09,2.04e-06,5.597148489417429e-09,2.04e-06,5.553399854922e-09,2.04e-06,5.457422196083721e-09,2.04e-06,5.690035203682046e-09,2.04e-06,5.587869714348888e-09,2.04e-06,5.584290813080738e-09,2.04e-06,5.726459829999185e-09,2.04e-06,5.608213711122183e-09,2.04e-06,5.543686605449151e-09,2.04e-06,5.647981697914283e-09,2.04e-06,5.621969495751023e-09,2.04e-06,5.63986763913788e-09,2.04e-06,5.600525403602812e-09,2.04e-06,5.520559340963054e-09,2.04e-06,5.664452767758069e-09,2.04e-06,5.538692561855328e-09,2.04e-06,5.51871885195205e-09,2.04e-06,5.549807415343802e-09,2.04e-06,5.611009435538905e-09,2.04e-06,5.635792069749145e-09,2.04e-06,5.633345001468147e-09,2.04e-06,5.576870555975217e-09,2.04e-06,5.568069424012952e-09,2.04e-06,5.629203430886076e-09,2.04e-06,5.557765162116217e-09,2.04e-06,5.585768726981663e-09,2.04e-06,5.519504715995115e-09,2.04e-06,5.631676474226563e-09,2.04e-06,5.582534413128475e-09,2.04e-06,5.583182111533077e-09,2.04e-06,5.78102559809731e-09,2.04e-06,5.576425281595739e-09,2.04e-06,5.532013691650066e-09,2.04e-06,5.549060260789821e-09,2.04e-06,5.6321035238882e-09,2.04e-06,5.619667775425473e-09,2.04e-06,5.692037695090135e-09,2.04e-06,5.519371115225792e-09,2.04e-06,5.52568494688823e-09,2.04e-06,5.687938018916565e-09,2.04e-06,5.561527875873217e-09,2.04e-06,5.554745974643043e-09,2.04e-06,5.606228987046417e-09,2.04e-06,5.646462721840054e-09,2.04e-06,5.557761859155392e-09,2.04e-06,5.660902391341616e-09,2.04e-06,5.579112970476001e-09,2.04e-06,5.504525341528524e-09,2.04e-06,5.482460201145218e-09,2.04e-06,5.70805561094366e-09,2.04e-06,5.608191667695936e-09,2.04e-06,5.621006088593103e-09,2.04e-06,5.503849007777405e-09,2.04e-06,5.467042012892697e-09,2.04e-06,5.729938352361898e-09,2.04e-06,5.550430255548083e-09,2.04e-06,5.632277456105704e-09,2.04e-06,5.497980880802194e-09,2.04e-06,5.662293880432764e-09,2.04e-06,5.732148482134353e-09,2.04e-06,5.652622261487739e-09,2.04e-06,5.423845978488577e-09,2.04e-06,5.546783127797162e-09,2.04e-06,5.670201180494936e-09,2.04e-06,5.619367246688181e-09,2.04e-06,5.353888586121562e-09,2.04e-06,5.63317253901424e-09,2.04e-06,5.640278898992748e-09,2.04e-06,5.538334896250427e-09,2.04e-06,5.636575422317337e-09,2.04e-06,5.706394328000016e-09,2.04e-06,5.526922171048339e-09,2.04e-06,5.482567475419054e-09,2.04e-06,5.635186774994704e-09,2.04e-06,5.636322115571631e-09,2.04e-06,5.72763779598706e-09,2.04e-06,5.510195656536584e-09,2.04e-06,5.633754975362066e-09,2.04e-06,5.581788626270932e-09,2.04e-06,5.58279721797444e-09,2.04e-06,5.598192073192776e-09,2.04e-06,5.585232427090788e-09,2.04e-06,5.629087427321724e-09,2.04e-06,5.562934063108055e-09,2.04e-06,5.445368474864667e-09,2.04e-06,5.656001023841334e-09,2.04e-06,5.564240833100845e-09,2.04e-06,5.765011435485135e-09,2.04e-06,5.587657369902148e-09,2.04e-06,5.452704790958927e-09,2.04e-06,5.600161154561432e-09,2.04e-06,5.685531593354676e-09,2.04e-06,5.620292213919944e-09
2.06e-06,5.623258971709237e-09,2.06e-06,5.698763961186071e-09,2.06e-06,5.682122490442374e-09,2.06e-06,5.762006269944993e-09,2.06e-06,5.437823436368029e-09,2.06e-06,5.543827406984465e-09,2.06e-06,5.730298151355331e-09,2.06e-06,5.638202290256453e-09,2.06e-06,5.595073331781718e-09,2.06e-06,5.497869911178863e-09,2.06e-06,5.731858193834367e-09,2.06e-06,5.629197299233307e-09,2.06e-06,5.625552648385578e-09,2.06e-06,5.769290309799274e-09,2.06e-06,5.649765167756028e-09,2.06e-06,5.584618235076222e-09,2.06e-06,5.69043327652322e-09,2.06e-06,5.664456704764548e-09,2.06e-06,5.681196886833256e-09,2.06e-06,5.642137465978647e-09,2.06e-06,5.561768095063256e-09,2.06e-06,5.707303907514737e-09,2.06e-06,5.580065273349246e-09,2.06e-06,5.559847417881579e-09,2.06e-06,5.590385498433777e-09,2.06e-06,5.652351373396058e-09,2.06e-06,5.677831298487554e-09,2.06e-06,5.675013915241032e-09,2.06e-06,5.618429904644954e-09,2.06e-06,5.609764659763505e-09,2.06e-06,5.670927321290034e-09,2.06e-06,5.599589750325496e-09,2.06e-06,5.62671229062721e-09,2.06e-06,5.560363212032513e-09,2.06e-06,5.673536295640031e-09,2.06e-06,5.623881540583279e-09,2.06e-06,5.624982352132317e-09,2.06e-06,5.824216881804436e-09,2.06e-06,5.618297678388973e-09,2.06e-06,5.57291011064288e-09,2.06e-06,5.590850966320889e-09,2.06e-06,5.675096956534915e-09,2.06e-06,5.66146730160856e-09,2.06e-06,5.735068084171565e-09,2.06e-06,5.560359292720796e-09,2.06e-06,5.566693562053531e-09,2.06e-06,5.730445468181592e-09,2.06e-06,5.603613387385643e-09,2.06e-06,5.595886902618087e-09,2.06e-06,5.648306210542726e-09,2.06e-06,5.688697957529859e-09,2.06e-06,5.599129630536481e-09,2.06e-06,5.702930005984212e-09,2.06e-06,5.620491304231238e-09,2.06e-06,5.545602959614913e-09,2.06e-06,5.523361544846041e-09,2.06e-06,5.750653842984685e-09,2.06e-06,5.649114812506624e-09,2.06e-06,5.662374710992314e-09,2.06e-06,5.544693824297541e-09,2.06e-06,5.507983828226881e-09,2.06e-06,5.772262948977484e-09,2.06e-06,5.591191551545153e-09,2.06e-06,5.674594667778901e-09,2.06e-06,5.539021113276476e-09,2.06e-06,5.704412015964393e-09,2.06e-06,5.774813813934041e-09,2.06e-06,5.696116499562561e-09,2.06e-06,5.464189499564031e-09,2.06e-06,5.587906271204749e-09,2.06e-06,5.712365243864307e-09,2.06e-06,5.661400388769266e-09,2.06e-06,5.394422704931698e-09,2.06e-06,5.674568982958954e-09,2.06e-06,5.682439869934865e-09,2.06e-06,5.580053456092016e-09,2.06e-06,5.677460732225347e-09,2.06e-06,5.749441207419441e-09,2.06e-06,5.567966987471916e-09,2.06e-06,5.523263916449993e-09,2.06e-06,5.67745154523727e-09,2.06e-06,5.677663375672065e-09,2.06e-06,5.770223229292273e-09,2.06e-06,5.551261563534031e-09,2.06e-06,5.67600065277187e-09,2.06e-06,5.624081516616731e-09,2.06e-06,5.624953039582189e-09,2.06e-06,5.639177272969377e-09,2.06e-06,5.626829534445855e-09,2.06e-06,5.670681237807923e-09,2.06e-06,5.604638750606887e-09,2.06e-06,5.486471431819932e-09,2.06e-06,5.697911945726731e-09,2.06e-06,5.605548858058357e-09,2.06e-06,5.808214735683067e-09,2.06e-06,5.630230445357391e-09,2.06e-06,5.493319550071319e-09,2.06e-06,5.642371942250094e-09,2.06e-06,5.727549171110722e-09,2.06e-06,5.661830046006686e-09
2.08e-06,5.665392363621516e-09,2.08e-06,5.740478935759094e-09,2.08e-06,5.724168750762777e-09,2.08e-06,5.805372387865026e-09,2.08e-06,5.478137007885356e-09,2.08e-06,5.585027483718237e-09,2.08e-06,5.773274565152691e-09,2.08e-06,5.680632587628707e-09,2.08e-06,5.637105464506751e-09,2.08e-06,5.539198546896983e-09,2.08e-06,5.773877141961646e-09,2.08e-06,5.670378585877877e-09,2.08e-06,5.667513013494898e-09,2.08e-06,5.812762922039733e-09,2.08e-06,5.691346277330311e-09,2.08e-06,5.625131447095783e-09,2.08e-06,5.732656012716397e-09,2.08e-06,5.704588578555267e-09,2.08e-06,5.723753294163123e-09,2.08e-06,5.683086724734834e-09,2.08e-06,5.603104669047488e-09,2.08e-06,5.749795180532361e-09,2.08e-06,5.621253989064034e-09,2.08e-06,5.60230802498051e-09,2.08e-06,5.632198867436316e-09,2.08e-06,5.694324108627647e-09,2.08e-06,5.719682291726729e-09,2.08e-06,5.716180220148607e-09,2.08e-06,5.660164636071481e-09,2.08e-06,5.652096968834247e-09,2.08e-06,5.712352383169627e-09,2.08e-06,5.641271727502789e-09,2.08e-06,5.668164569473808e-09,2.08e-06,5.601334697054839e-09,2.08e-06,5.715471286146477e-09,2.08e-06,5.666677482449262e-09,2.08e-06,5.665501395791494e-09,2.08e-06,5.865679208034262e-09,2.08e-06,5.661245898162321e-09,2.08e-06,5.613409011319409e-09,2.08e-06,5.632221637195821e-09,2.08e-06,5.717391299872385e-09,2.08e-06,5.703357434970879e-09,2.08e-06,5.777035102155848e-09,2.08e-06,5.601266525598881e-09,2.08e-06,5.607678999077916e-09,2.08e-06,5.772938156594799e-09,2.08e-06,5.64552719549497e-09,2.08e-06,5.63637760049345e-09,2.08e-06,5.689181415399987e-09,2.08e-06,5.730658744827136e-09,2.08e-06,5.640749666300673e-09,2.08e-06,5.744587819492248e-09,2.08e-06,5.662167627789324e-09,2.08e-06,5.587235330175295e-09,2.08e-06,5.565684089724677e-09,2.08e-06,5.793095166210238e-09,2.08e-06,5.691740409754169e-09,2.08e-06,5.704594120998936e-09,2.08e-06,5.585645695943897e-09,2.08e-06,5.548819091120071e-09,2.08e-06,5.816042025556762e-09,2.08e-06,5.631752110512461e-09,2.08e-06,5.716085709966834e-09,2.08e-06,5.580929973910701e-09,2.08e-06,5.746471832886892e-09,2.08e-06,5.817322314453264e-09,2.08e-06,5.737609238349396e-09,2.08e-06,5.505088230909218e-09,2.08e-06,5.629907986845323e-09,2.08e-06,5.754999879413229e-09,2.08e-06,5.703514487111289e-09,2.08e-06,5.434585716561713e-09,2.08e-06,5.716689107021459e-09,2.08e-06,5.724448161995751e-09,2.08e-06,5.621302041601885e-09,2.08e-06,5.719820778182905e-09,2.08e-06,5.791231537853009e-09,2.08e-06,5.609163717947837e-09,2.08e-06,5.563676302745453e-09,2.08e-06,5.720358513566339e-09,2.08e-06,5.720459120118956e-09,2.08e-06,5.812866983391661e-09,2.08e-06,5.591980718411149e-09,2.08e-06,5.717936012385343e-09,2.08e-06,5.665885221307754e-09,2.08e-06,5.665972715003931e-09,2.08e-06,5.68274776821157e-09,2.08e-06,5.667962298089884e-09,2.08e-06,5.712221170908647e-09,2.08e-06,5.645321424665976e-09,2.08e-06,5.526359921447695e-09,2.08e-06,5.738849023649223e-09,2.08e-06,5.646590823860179e-09,2.08e-06,5.851442780514912e-09,2.08e-06,5.671660153575721e-09,2.08e-06,5.533544558028816e-09,2.08e-06,5.683284485487725e-09,2.08e-06,5.769679236420967e-09,2.08e-06,5.705230152427475e-09
2.1e-06,5.706700426425664e-09,2.1e-06,5.782652377320703e-09,2.1e-06,5.765995489007372e-09,2.1e-06,5.84783576335871e-09,2.1e-06,5.518712368576142e-09,2.1e-06,5.626180790480912e-09,2.1e-06,5.815736243538718e-09,2.1e-06,5.722151037759468e-09,2.1e-06,5.678430821942692e-09,2.1e-06,5.579603695808912e-09,2.1e-06,5.816063288701375e-09,2.1e-06,5.712977818355192e-09,2.1e-06,5.709022397668682e-09,2.1e-06,5.855366056151255e-09,2.1e-06,5.733259134276421e-09,2.1e-06,5.66627038795244e-09,2.1e-06,5.773898825908316e-09,2.1e-06,5.74712037969349e-09,2.1e-06,5.766309543642464e-09,2.1e-06,5.724574467697587e-09,2.1e-06,5.644289483768323e-09,2.1e-06,5.792496344461831e-09,2.1e-06,5.66307133332343e-09,2.1e-06,5.642578015185914e-09,2.1e-06,5.673294074845632e-09,2.1e-06,5.736004473615614e-09,2.1e-06,5.761693578837589e-09,2.1e-06,5.758048882725381e-09,2.1e-06,5.702493937636946e-09,2.1e-06,5.693896229414593e-09,2.1e-06,5.753887223069098e-09,2.1e-06,5.683226969114425e-09,2.1e-06,5.709521900569734e-09,2.1e-06,5.642783174665906e-09,2.1e-06,5.757616530378919e-09,2.1e-06,5.707929363268006e-09,2.1e-06,5.70728959631907e-09,2.1e-06,5.909474406555686e-09,2.1e-06,5.702855507997602e-09,2.1e-06,5.654403994087678e-09,2.1e-06,5.673382341320018e-09,2.1e-06,5.760051992601244e-09,2.1e-06,5.744905440703717e-09,2.1e-06,5.820186122651466e-09,2.1e-06,5.641424573336428e-09,2.1e-06,5.648724832835311e-09,2.1e-06,5.815392161581003e-09,2.1e-06,5.687101020998364e-09,2.1e-06,5.677516485285458e-09,2.1e-06,5.730922682395584e-09,2.1e-06,5.772936576410061e-09,2.1e-06,5.682200758371178e-09,2.1e-06,5.786898672344524e-09,2.1e-06,5.70291415772979e-09,2.1e-06,5.628820786939553e-09,2.1e-06,5.607094577290542e-09,2.1e-06,5.835197568734356e-09,2.1e-06,5.73360442140817e-09,2.1e-06,5.747065019920141e-09,2.1e-06,5.626317361416095e-09,2.1e-06,5.589635112268236e-09,2.1e-06,5.858203848432766e-09,2.1e-06,5.67280324526368e-09,2.1e-06,5.758589050505832e-09,2.1e-06,5.622187738755706e-09,2.1e-06,5.789090703161262e-09,2.1e-06,5.859455850940491e-09,2.1e-06,5.779644052630443e-09,2.1e-06,5.545665955109595e-09,2.1e-06,5.671507240832387e-09,2.1e-06,5.797226990594192e-09,2.1e-06,5.746027637835378e-09,2.1e-06,5.474385970323622e-09,2.1e-06,5.758187006830952e-09,2.1e-06,5.766528039187507e-09,2.1e-06,5.661902311330383e-09,2.1e-06,5.760992199663264e-09,2.1e-06,5.833213291922377e-09,2.1e-06,5.651177609862754e-09,2.1e-06,5.604417254234103e-09,2.1e-06,5.762529763379037e-09,2.1e-06,5.762366732130066e-09,2.1e-06,5.854989395939114e-09,2.1e-06,5.632835016248453e-09,2.1e-06,5.759119539147976e-09,2.1e-06,5.707655970090759e-09,2.1e-06,5.707042912425396e-09,2.1e-06,5.724820593447179e-09,2.1e-06,5.710011891402533e-09,2.1e-06,5.754629417480892e-09,2.1e-06,5.687394502672752e-09,2.1e-06,5.567147157565214e-09,2.1e-06,5.781258670013845e-09,2.1e-06,5.687965966973067e-09,2.1e-06,5.894326977406159e-09,2.1e-06,5.713571998151008e-09,2.1e-06,5.574351791868664e-09,2.1e-06,5.724605154516614e-09,2.1e-06,5.811546845180731e-09,2.1e-06,5.746679824122975e-09
2.12e-06,5.748337062874089e-09,2.12e-06,5.824604249269033e-09,2.12e-06,5.808169746721688e-09,2.12e-06,5.890720160122522e-09,2.12e-06,5.558804770978166e-09,2.12e-06,5.666834571695021e-09,2.12e-06,5.857325080197445e-09,2.12e-06,5.763127906964557e-09,2.12e-06,5.720306664432652e-09,2.12e-06,5.620508411933913e-09,2.12e-06,5.857973253567131e-09,2.12e-06,5.754417342081037e-09,2.12e-06,5.751414739654473e-09,2.12e-06,5.898562196921782e-09,2.12e-06,5.774035364655037e-09,2.12e-06,5.707579795637176e-09,2.12e-06,5.817080974485565e-09,2.12e-06,5.788803143739464e-09,2.12e-06,5.808554161318779e-09,2.12e-06,5.766972639782256e-09,2.12e-06,5.685043289382869e-09,2.12e-06,5.834617936575078e-09,2.12e-06,5.704091784760343e-09,2.12e-06,5.683921085927182e-09,2.12e-06,5.715237204325506e-09,2.12e-06,5.777941879424565e-09,2.12e-06,5.804198099662235e-09,2.12e-06,5.800467381086896e-09,2.12e-06,5.744089915219965e-09,2.12e-06,5.735223577641938e-09,2.12e-06,5.796528720206528e-09,2.12e-06,5.724272490022383e-09,2.12e-06,5.751380216824575e-09,2.12e-06,5.683493256346816e-09,2.12e-06,5.800236868031956e-09,2.12e-06,5.750065094772708e-09,2.12e-06,5.748512531705945e-09,2.12e-06,5.951916207160336e-09,2.12e-06,5.744026105652263e-09,2.12e-06,5.695615496268622e-09,2.12e-06,5.715165071911904e-09,2.12e-06,5.801722885271336e-09,2.12e-06,5.787227667615199e-09,2.12e-06,5.862953944055739e-09,2.12e-06,5.683664015862171e-09,2.12e-06,5.690028414851442e-09,2.12e-06,5.858181961446531e-09,2.12e-06,5.728165491138196e-09,2.12e-06,5.718884115536367e-09,2.12e-06,5.773257506898005e-09,2.12e-06,5.815113110166098e-09,2.12e-06,5.72383027088757e-09,2.12e-06,5.828849604051659e-09,2.12e-06,5.745057768011226e-09,2.12e-06,5.669923101415733e-09,2.12e-06,5.647619039477303e-09,2.12e-06,5.878138204026431e-09,2.12e-06,5.775775144027832e-09,2.12e-06,5.788960981292191e-09,2.12e-06,5.667408220799536e-09,2.12e-06,5.630939583916653e-09,2.12e-06,5.90060304558747e-09,2.12e-06,5.713958551227308e-09,2.12e-06,5.800299956456519e-09,2.12e-06,5.662982650638566e-09,2.12e-06,5.831238322660161e-09,2.12e-06,5.902750909816633e-09,2.12e-06,5.821650055121131e-09,2.12e-06,5.585791937249949e-09,2.12e-06,5.712792972063535e-09,2.12e-06,5.839273611934144e-09,2.12e-06,5.786895804791147e-09,2.12e-06,5.514533306679185e-09,2.12e-06,5.800389263739338e-09,2.12e-06,5.807617930214131e-09,2.12e-06,5.704757933794802e-09,2.12e-06,5.803101062342406e-09,2.12e-06,5.875108021169386e-09,2.12e-06,5.692394229817459e-09,2.12e-06,5.645014440133475e-09,2.12e-06,5.805389577115319e-09,2.12e-06,5.80533026205679e-09,2.12e-06,5.897415432143573e-09,2.12e-06,5.674197245198638e-09,2.12e-06,5.801102856816276e-09,2.12e-06,5.748838286104119e-09,2.12e-06,5.750024725708403e-09,2.12e-06,5.766083709847806e-09,2.12e-06,5.750447216911241e-09,2.12e-06,5.796740454953184e-09,2.12e-06,5.729064726750988e-09,2.12e-06,5.607091301947951e-09,2.12e-06,5.823131180740625e-09,2.12e-06,5.729704786959288e-09,2.12e-06,5.937322271762642e-09,2.12e-06,5.755099345603449e-09,2.12e-06,5.614683964108072e-09,2.12e-06,5.76640445264642e-09,2.12e-06,5.85333781619078e-09,2.12e-06,5.789138255765742e-09
2.14e-06,5.78924964417055e-09,2.14e-06,5.867204993327083e-09,2.14e-06,5.850082721571761e-09,2.14e-06,5.93307124488663e-09,2.14e-06,5.5994608331933e-09,2.14e-06,5.708367907233606e-09,2.14e-06,5.900260741674308e-09,2.14e-06,5.805034936124905e-09,2.14e-06,5.760704588588601e-09,2.14e-06,5.661062222724631e-09,2.14e-06,5.900367913919511e-09,2.14e-06,5.796968398569869e-09,2.14e-06,5.792724048953793e-09,2.14e-06,5.941298512148686e-09,2.14e-06,5.816315808154669e-09,2.14e-06,5.748623173313032e-09,2.14e-06,5.858918930935137e-09,2.14e-06,5.830994605521671e-09,2.14e-06,5.850682757287986e-09,2.14e-06,5.808267777223995e-09,2.14e-06,5.726575430335967e-09,2.14e-06,5.876862221339284e-09,2.14e-06,5.746267882014666e-09,2.14e-06,5.724337909950108e-09,2.14e-06,5.755960239711464e-09,2.14e-06,5.82028862225628e-09,2.14e-06,5.845992510955397e-09,2.14e-06,5.841635442646005e-09,2.14e-06,5.786165056393556e-09,2.14e-06,5.777830746864754e-09,2.14e-06,5.837430512262845e-09,2.14e-06,5.766367615182272e-09,2.14e-06,5.792547697225788e-09,2.14e-06,5.724306900271591e-09,2.14e-06,5.842120640681596e-09,2.14e-06,5.791728401910127e-09,2.14e-06,5.790465653671265e-09,2.14e-06,5.994968272131065e-09,2.14e-06,5.785937249892842e-09,2.14e-06,5.736781564267106e-09,2.14e-06,5.75655276550296e-09,2.14e-06,5.844782148607983e-09,2.14e-06,5.828282692320796e-09,2.14e-06,5.904829700243691e-09,2.14e-06,5.724528552165485e-09,2.14e-06,5.730890965438485e-09,2.14e-06,5.8999428483615e-09,2.14e-06,5.769538535607713e-09,2.14e-06,5.760256208392247e-09,2.14e-06,5.814563426617623e-09,2.14e-06,5.856574670188958e-09,2.14e-06,5.765824085903499e-09,2.14e-06,5.870013467174275e-09,2.14e-06,5.786184481601424e-09,2.14e-06,5.710675666875592e-09,2.14e-06,5.688394605620999e-09,2.14e-06,5.920135654559256e-09,2.14e-06,5.816889829365334e-09,2.14e-06,5.830843360862046e-09,2.14e-06,5.708659736948676e-09,2.14e-06,5.672004092142668e-09,2.14e-06,5.94366659392574e-09,2.14e-06,5.755171821524851e-09,2.14e-06,5.842747890939673e-09,2.14e-06,5.704292384506761e-09,2.14e-06,5.873199573537676e-09,2.14e-06,5.945144774672251e-09,2.14e-06,5.864038687524909e-09,2.14e-06,5.626191097691794e-09,2.14e-06,5.754137293240007e-09,2.14e-06,5.88182880393922e-09,2.14e-06,5.828976649216588e-09,2.14e-06,5.554415940655611e-09,2.14e-06,5.842837434765555e-09,2.14e-06,5.849929014048199e-09,2.14e-06,5.745665875758186e-09,2.14e-06,5.845116376579397e-09,2.14e-06,5.918834843938545e-09,2.14e-06,5.733699870217896e-09,2.14e-06,5.68587119460515e-09,2.14e-06,5.847464692587529e-09,2.14e-06,5.846962873056192e-09,2.14e-06,5.939595507212954e-09,2.14e-06,5.714789886055132e-09,2.14e-06,5.843209573679922e-09,2.14e-06,5.790471277701983e-09,2.14e-06,5.791443339437295e-09,2.14e-06,5.807748331776667e-09,2.14e-06,5.792831198776722e-09,2.14e-06,5.838611443781578e-09,2.14e-06,5.770357153130671e-09,2.14e-06,5.648376469855745e-09,2.14e-06,5.864938043009362e-09,2.14e-06,5.770392672760718e-09,2.14e-06,5.979701195013067e-09,2.14e-06,5.796698325200391e-09,2.14e-06,5.655519770013589e-09,2.14e-06,5.808336490331137e-09,2.14e-06,5.895643566767568e-09,2.14e-06,5.830437504822544e-09
2.16e-06,5.831387000389015e-09,2.16e-06,5.90769465495974e-09,2.16e-06,5.892121030082924e-09,2.16e-06,5.97554284213668e-09,2.16e-06,5.640047920304007e-09,2.16e-06,5.750254984494693e-09,2.16e-06,5.942024833609777e-09,2.16e-06,5.847225451814072e-09,2.16e-06,5.802659596082235e-09,2.16e-06,5.70156993087632e-09,2.16e-06,5.942403901504878e-09,2.16e-06,5.837409847170843e-09,2.16e-06,5.834443446491089e-09,2.16e-06,5.984210526185049e-09,2.16e-06,5.857345284375167e-09,2.16e-06,5.790192590504013e-09,2.16e-06,5.901383441619085e-09,2.16e-06,5.872416706524692e-09,2.16e-06,5.891855061981731e-09,2.16e-06,5.849715523899228e-09,2.16e-06,5.767799285421252e-09,2.16e-06,5.918892410373366e-09,2.16e-06,5.787457329116711e-09,2.16e-06,5.767293009773052e-09,2.16e-06,5.797898723379473e-09,2.16e-06,5.860887823405907e-09,2.16e-06,5.88733041715012e-09,2.16e-06,5.882831576245159e-09,2.16e-06,5.8272252536966e-09,2.16e-06,5.818844691944736e-09,2.16e-06,5.87986963487462e-09,2.16e-06,5.808335826302263e-09,2.16e-06,5.834571674806147e-09,2.16e-06,5.764879426052281e-09,2.16e-06,5.883969450705684e-09,2.16e-06,5.832874895791074e-09,2.16e-06,5.831343118760622e-09,2.16e-06,6.037638469105575e-09,2.16e-06,5.826871444649324e-09,2.16e-06,5.777515966162194e-09,2.16e-06,5.798988313040546e-09,2.16e-06,5.886419311139775e-09,2.16e-06,5.870184435747786e-09,2.16e-06,5.947536773103945e-09,2.16e-06,5.76594460634358e-09,2.16e-06,5.77238531671798e-09,2.16e-06,5.942738756237512e-09,2.16e-06,5.811717203115197e-09,2.16e-06,5.801906412133193e-09,2.16e-06,5.857023187104453e-09,2.16e-06,5.898883387218209e-09,2.16e-06,5.807202260539969e-09,2.16e-06,5.911473561329331e-09,2.16e-06,5.827561689661425e-09,2.16e-06,5.752683972180972e-09,2.16e-06,5.728218621642738e-09,2.16e-06,5.96320817051168e-09,2.16e-06,5.858816102828058e-09,2.16e-06,5.872964719026128e-09,2.16e-06,5.750344937243288e-09,2.16e-06,5.713011578636324e-09,2.16e-06,5.986298447203591e-09,2.16e-06,5.796811001086185e-09,2.16e-06,5.88451457199657e-09,2.16e-06,5.745394699555603e-09,2.16e-06,5.91404389731267e-09,2.16e-06,5.988319746024853e-09,2.16e-06,5.905608460708876e-09,2.16e-06,5.66730498656118e-09,2.16e-06,5.796521107291188e-09,2.16e-06,5.922834950415075e-09,2.16e-06,5.871422826468063e-09,2.16e-06,5.59410767991177e-09,2.16e-06,5.883742916624916e-09,2.16e-06,5.89208629700087e-09,2.16e-06,5.787303841522138e-09,2.16e-06,5.887192237013367e-09,2.16e-06,5.961107283571302e-09,2.16e-06,5.774576837093474e-09,2.16e-06,5.726248669269763e-09,2.16e-06,5.890268235065256e-09,2.16e-06,5.889311939283128e-09,2.16e-06,5.982249396869627e-09,2.16e-06,5.756157673762461e-09,2.16e-06,5.884745894893891e-09,2.16e-06,5.832089064155214e-09,2.16e-06,5.833586681771506e-09,2.16e-06,5.849712299009116e-09,2.16e-06,5.834133853617122e-09,2.16e-06,5.88117712911069e-09,2.16e-06,5.812882786949767e-09,2.16e-06,5.688595988201512e-09,2.16e-06,5.906487889575933e-09,2.16e-06,5.811544549101184e-09,2.16e-06,6.023758509228316e-09,2.16e-06,5.839232108287951e-09,2.16e-06,5.695012721667894e-09,2.16e-06,5.851044544919629e-09,2.16e-06,5.937380264976118e-09,2.16e-06,5.872368561765243e-09
2.18e-06,5.872294491042754e-09,2.18e-06,5.95093628597058e-09,2.18e-06,5.933536548526655e-09,2.18e-06,6.018095133767235e-09,2.18e-06,5.680710898205173e-09,2.18e-06,5.790487818701376e-09,2.18e-06,5.983377304021658e-09,2.18e-06,5.889297003329882e-09,2.18e-06,5.843697444176421e-09,2.18e-06,5.741657177539064e-09,2.18e-06,5.984815531872734e-09,2.18e-06,5.878941800681621e-09,2.18e-06,5.875276063968787e-09,2.18e-06,6.026829537741371e-09,2.18e-06,5.89875669258402e-09,2.18e-06,5.831845844818011e-09,2.18e-06,5.943419060287387e-09,2.18e-06,5.914787231053603e-09,2.18e-06,5.934217956286684e-09,2.18e-06,5.89107561118539e-09,2.18e-06,5.8087441060666e-09,2.18e-06,5.961501449021138e-09,2.18e-06,5.828157244993099e-09,2.18e-06,5.807705262735703e-09,2.18e-06,5.839251712737749e-09,2.18e-06,5.903144723980457e-09,2.18e-06,5.929765649021722e-09,2.18e-06,5.9251534764965e-09,2.18e-06,5.868797787000716e-09,2.18e-06,5.861033237528411e-09,2.18e-06,5.922291409086052e-09,2.18e-06,5.849779900571002e-09,2.18e-06,5.875315318031096e-09,2.18e-06,5.806215968984535e-09,2.18e-06,5.925817645654937e-09,2.18e-06,5.874292944577177e-09,2.18e-06,5.874094945753269e-09,2.18e-06,6.080372388431554e-09,2.18e-06,5.869201674393853e-09,2.18e-06,5.819291976151999e-09,2.18e-06,5.840631435678546e-09,2.18e-06,5.92914995774208e-09,2.18e-06,5.912465628574325e-09,2.18e-06,5.990011955240501e-09,2.18e-06,5.806728997127361e-09,2.18e-06,5.813401890414473e-09,2.18e-06,5.985020361624123e-09,2.18e-06,5.853497964518999e-09,2.18e-06,5.843317011084749e-09,2.18e-06,5.898863442181677e-09,2.18e-06,5.94094802271891e-09,2.18e-06,5.848391266770148e-09,2.18e-06,5.953342669301334e-09,2.18e-06,5.868940702166733e-09,2.18e-06,5.794369118114992e-09,2.18e-06,5.769442771648901e-09,2.18e-06,6.005394426962456e-09,2.18e-06,5.901203437272038e-09,2.18e-06,5.914499952729865e-09,2.18e-06,5.791437159439904e-09,2.18e-06,5.753371997464027e-09,2.18e-06,6.028868860179246e-09,2.18e-06,5.837628945517578e-09,2.18e-06,5.926460201618581e-09,2.18e-06,5.786717803115329e-09,2.18e-06,5.956805093608347e-09,2.18e-06,6.031306037249316e-09,2.18e-06,5.947770590185997e-09,2.18e-06,5.707631973674201e-09,2.18e-06,5.837879528151133e-09,2.18e-06,5.965606306344753e-09,2.18e-06,5.91330654888914e-09,2.18e-06,5.634470359579524e-09,2.18e-06,5.925488362788109e-09,2.18e-06,5.933885011033329e-09,2.18e-06,5.828791835267789e-09,2.18e-06,5.929265846096224e-09,2.18e-06,6.00421048181771e-09,2.18e-06,5.815785579419772e-09,2.18e-06,5.767181501911035e-09,2.18e-06,5.932908359818776e-09,2.18e-06,5.931451430574605e-09,2.18e-06,6.024564421512606e-09,2.18e-06,5.797177772072905e-09,2.18e-06,5.925592692502325e-09,2.18e-06,5.873100001099323e-09,2.18e-06,5.875014259491087e-09,2.18e-06,5.891328337908942e-09,2.18e-06,5.87582190968927e-09,2.18e-06,5.922196997365531e-09,2.18e-06,5.854398607047348e-09,2.18e-06,5.729362846702369e-09,2.18e-06,5.947785950986186e-09,2.18e-06,5.853759247866813e-09,2.18e-06,6.066659130070676e-09,2.18e-06,5.88053140705445e-09,2.18e-06,5.736205338057354e-09,2.18e-06,5.892954452257201e-09,2.18e-06,5.978747265772376e-09,2.18e-06,5.914042006480726e-09
2.2e-06,5.913795145097416e-09,2.2e-06,5.993368058498145e-09,2.2e-06,5.975072368704782e-09,2.2e-06,6.061020650850805e-09,2.2e-06,5.721087908687509e-09,2.2e-06,5.831828981154765e-09,2.2e-06,6.026335726656717e-09,2.2e-06,5.930298514218355e-09,2.2e-06,5.886225182011719e-09,2.2e-06,5.783316258265541e-09,2.2e-06,6.026798856050484e-09,2.2e-06,5.920905148950355e-09,2.2e-06,5.917541819508721e-09,2.2e-06,6.069386004627516e-09,2.2e-06,5.94013183298804e-09,2.2e-06,5.872974144695044e-09,2.2e-06,5.985631833874798e-09,2.2e-06,5.956412186440975e-09,2.2e-06,5.975765801892589e-09,2.2e-06,5.933305224580836e-09,2.2e-06,5.849887355406423e-09,2.2e-06,6.003330952471426e-09,2.2e-06,5.869435448668265e-09,2.2e-06,5.849469849740699e-09,2.2e-06,5.880505248100538e-09,2.2e-06,5.945193209810313e-09,2.2e-06,5.971703983908313e-09,2.2e-06,5.966134172081759e-09,2.2e-06,5.910661369098275e-09,2.2e-06,5.902974604451148e-09,2.2e-06,5.964081117888016e-09,2.2e-06,5.890961338452502e-09,2.2e-06,5.917571725291793e-09,2.2e-06,5.847355749702854e-09,2.2e-06,5.968231856404029e-09,2.2e-06,5.916000293461212e-09,2.2e-06,5.915011432781318e-09,2.2e-06,6.122776717633309e-09,2.2e-06,5.910660133727894e-09,2.2e-06,5.859867198705179e-09,2.2e-06,5.88209880539702e-09,2.2e-06,5.971086195491035e-09,2.2e-06,5.954475910841771e-09,2.2e-06,6.032868281550717e-09,2.2e-06,5.847735259126812e-09,2.2e-06,5.854026214041749e-09,2.2e-06,6.027879850747507e-09,2.2e-06,5.894859640094161e-09,2.2e-06,5.884815543267609e-09,2.2e-06,5.940488101599947e-09,2.2e-06,5.982530205305e-09,2.2e-06,5.890009965941396e-09,2.2e-06,5.995470720370735e-09,2.2e-06,5.911007315321982e-09,2.2e-06,5.834985566024632e-09,2.2e-06,5.810577364593724e-09,2.2e-06,6.047695442484666e-09,2.2e-06,5.943129254565612e-09,2.2e-06,5.956433400986291e-09,2.2e-06,5.831786084157849e-09,2.2e-06,5.795126107022395e-09,2.2e-06,6.071196846076517e-09,2.2e-06,5.879276223574793e-09,2.2e-06,5.96805600222879e-09,2.2e-06,5.827881825991472e-09,2.2e-06,5.998418515473538e-09,2.2e-06,6.073766845626264e-09,2.2e-06,5.989763154083686e-09,2.2e-06,5.747994642703252e-09,2.2e-06,5.87879123087448e-09,2.2e-06,6.007251897560745e-09,2.2e-06,5.954796249011776e-09,2.2e-06,5.674615928236739e-09,2.2e-06,5.967675501930013e-09,2.2e-06,5.975959132368977e-09,2.2e-06,5.869850599480778e-09,2.2e-06,5.970947125676699e-09,2.2e-06,6.045715268175963e-09,2.2e-06,5.857333715641427e-09,2.2e-06,5.808035034191995e-09,2.2e-06,5.975090477482492e-09,2.2e-06,5.973839903847285e-09,2.2e-06,6.067084073699022e-09,2.2e-06,5.838610012018733e-09,2.2e-06,5.967720964847774e-09,2.2e-06,5.914376295386107e-09,2.2e-06,5.916857691819968e-09,2.2e-06,5.932632287003581e-09,2.2e-06,5.917548139747459e-09,2.2e-06,5.965293345591189e-09,2.2e-06,5.894935500873398e-09,2.2e-06,5.770044555280229e-09,2.2e-06,5.990127585274574e-09,2.2e-06,5.894817373268074e-09,2.2e-06,6.109278008421713e-09,2.2e-06,5.922765544388704e-09,2.2e-06,5.776414423995051e-09,2.2e-06,5.934136305823142e-09,2.2e-06,6.022134446356936e-09,2.2e-06,5.955491564171505e-09
2.22e-06,5.955027029368454e-09,2.22e-06,6.034703059306844e-09,2.22e-06,6.017701366651419e-09,2.22e-06,6.103834504344589e-09,2.22e-06,5.761666101384983e-09,2.22e-06,5.872424473923867e-09,2.22e-06,6.068464530000547e-09,2.22e-06,5.972606070499029e-09,2.22e-06,5.927722137662871e-09,2.22e-06,5.823535173632154e-09,2.22e-06,6.068983517853728e-09,2.22e-06,5.962819348471156e-09,2.22e-06,5.958549506723233e-09,2.22e-06,6.112789780458037e-09,2.22e-06,5.981470660604102e-09,2.22e-06,5.913600489889188e-09,2.22e-06,6.026448182900756e-09,2.22e-06,5.998798543583042e-09,2.22e-06,6.018272534013762e-09,2.22e-06,5.974629727957882e-09,2.22e-06,5.890653923952739e-09,2.22e-06,6.04516161186216e-09,2.22e-06,5.911752944184675e-09,2.22e-06,5.890642722156942e-09,2.22e-06,5.921617115028444e-09,2.22e-06,5.986993318769126e-09,2.22e-06,6.014067944897908e-09,2.22e-06,6.008594294766776e-09,2.22e-06,5.952600051700286e-09,2.22e-06,5.944241573830815e-09,2.22e-06,6.0052961493514e-09,2.22e-06,5.932733867232609e-09,2.22e-06,5.959146413907907e-09,2.22e-06,5.888575666488072e-09,2.22e-06,6.009886465806542e-09,2.22e-06,5.957258634137347e-09,2.22e-06,5.956897589043695e-09,2.22e-06,6.166257246414413e-09,2.22e-06,5.951566873720317e-09,2.22e-06,5.90144250997156e-09,2.22e-06,5.923841544336676e-09,2.22e-06,6.013610795808786e-09,2.22e-06,5.996086795946951e-09,2.22e-06,6.075728999954677e-09,2.22e-06,5.888617183563566e-09,2.22e-06,5.895104294003536e-09,2.22e-06,6.069955652555906e-09,2.22e-06,5.93639424179551e-09,2.22e-06,5.925623062698066e-09,2.22e-06,5.982498125528217e-09,2.22e-06,6.02494455252093e-09,2.22e-06,5.931741779507013e-09,2.22e-06,6.037391212771528e-09,2.22e-06,5.952303079203496e-09,2.22e-06,5.876295148002926e-09,2.22e-06,5.851084147306548e-09,2.22e-06,6.090127979725763e-09,2.22e-06,5.984524766155302e-09,2.22e-06,5.998698898478972e-09,2.22e-06,5.873540135635062e-09,2.22e-06,5.835833067930529e-09,2.22e-06,6.113796547374966e-09,2.22e-06,5.920263457210189e-09,2.22e-06,6.010934303159873e-09,2.22e-06,5.868770576394591e-09,2.22e-06,6.040575495356544e-09,2.22e-06,6.115877802428575e-09,2.22e-06,6.031942859842867e-09,2.22e-06,5.788159976114045e-09,2.22e-06,5.920674980885541e-09,2.22e-06,6.050065715100186e-09,2.22e-06,5.996494056126273e-09,2.22e-06,5.713811470833296e-09,2.22e-06,6.009213877679272e-09,2.22e-06,6.017852735652522e-09,2.22e-06,5.912012575685119e-09,2.22e-06,6.012757040511152e-09,2.22e-06,6.088103110702279e-09,2.22e-06,5.897963347156144e-09,2.22e-06,5.849236720211637e-09,2.22e-06,6.016824566990176e-09,2.22e-06,6.015797131751074e-09,2.22e-06,6.109334308528124e-09,2.22e-06,5.879533818892188e-09,2.22e-06,6.00938577107033e-09,2.22e-06,5.956201716681362e-09,2.22e-06,5.958911337754223e-09,2.22e-06,5.973902889859294e-09,2.22e-06,5.959337522193094e-09,2.22e-06,6.007196742955982e-09,2.22e-06,5.937361797665518e-09,2.22e-06,5.810772630813577e-09,2.22e-06,6.031866178963208e-09,2.22e-06,5.935926449284657e-09,2.22e-06,6.152071802479107e-09,2.22e-06,5.963942837969393e-09,2.22e-06,5.816891168165936e-09,2.22e-06,5.976221960154703e-09,2.22e-06,6.063303824711051e-09,2.22e-06,5.99753462260215e-09
2.24e-06,5.995788880338891e-09,2.24e-06,6.07792385554671e-09,2.24e-06,6.058535872658775e-09,2.24e-06,6.145977858870611e-09,2.24e-06,5.801542043985482e-09,2.24e-06,5.914673972793418e-09,2.24e-06,6.11225658779387e-09,2.24e-06,6.015119714611744e-09,2.24e-06,5.96840913008655e-09,2.24e-06,5.863569350798242e-09,2.24e-06,6.111822600845587e-09,2.24e-06,6.004228379248325e-09,2.24e-06,6.000692684816632e-09,2.24e-06,6.152865879824823e-09,2.24e-06,6.023540882462628e-09,2.24e-06,5.95403651784424e-09,2.24e-06,6.071452669360712e-09,2.24e-06,6.038849835188088e-09,2.24e-06,6.059391442060934e-09,2.24e-06,6.015298756703658e-09,2.24e-06,5.932830530750734e-09,2.24e-06,6.08787831380177e-09,2.24e-06,5.952666853818439e-09,2.24e-06,5.932983276205937e-09,2.24e-06,5.961840515107379e-09,2.24e-06,6.028673046353764e-09,2.24e-06,6.055974148978933e-09,2.24e-06,6.050598936778345e-09,2.24e-06,5.995374659526493e-09,2.24e-06,5.985123948664657e-09,2.24e-06,6.04653567117481e-09,2.24e-06,5.973112082886446e-09,2.24e-06,6.001046219492941e-09,2.24e-06,5.931137240145257e-09,2.24e-06,6.051308141565273e-09,2.24e-06,6.001253795334026e-09,2.24e-06,5.998538853853159e-09,2.24e-06,6.207579982984709e-09,2.24e-06,5.993798323800971e-09,2.24e-06,5.943450086771264e-09,2.24e-06,5.964236002055512e-09,2.24e-06,6.054929136680608e-09,2.24e-06,6.039167445914916e-09,2.24e-06,6.118225283634686e-09,2.24e-06,5.927204588133608e-09,2.24e-06,5.936320541327297e-09,2.24e-06,6.113106188409557e-09,2.24e-06,5.977847396530869e-09,2.24e-06,5.965470542971462e-09,2.24e-06,6.025066224823495e-09,2.24e-06,6.066220425936161e-09,2.24e-06,5.973135724705452e-09,2.24e-06,6.078850619805138e-09,2.24e-06,5.993613942980327e-09,2.24e-06,5.91779817371994e-09,2.24e-06,5.891189624880871e-09,2.24e-06,6.132538504916441e-09,2.24e-06,6.025447492320291e-09,2.24e-06,6.041819816693221e-09,2.24e-06,5.914063435282492e-09,2.24e-06,5.875725527287732e-09,2.24e-06,6.156870255492507e-09,2.24e-06,5.961326230453044e-09,2.24e-06,6.053352483108752e-09,2.24e-06,5.909476119970079e-09,2.24e-06,6.080687481115872e-09,2.24e-06,6.159718164935364e-09,2.24e-06,6.073591922369201e-09,2.24e-06,5.827931301348705e-09,2.24e-06,5.962960417633957e-09,2.24e-06,6.092862547870392e-09,2.24e-06,6.036496238017723e-09,2.24e-06,5.754798749728882e-09,2.24e-06,6.052756462832607e-09,2.24e-06,6.059352587949578e-09,2.24e-06,5.951139095589974e-09,2.24e-06,6.055394323201454e-09,2.24e-06,6.130522828977062e-09,2.24e-06,5.940300569496117e-09,2.24e-06,5.889330763263957e-09,2.24e-06,6.05947771430149e-09,2.24e-06,6.056032013168748e-09,2.24e-06,6.152451747196723e-09,2.24e-06,5.919432257872325e-09,2.24e-06,6.050884770584744e-09,2.24e-06,5.999415505732787e-09,2.24e-06,6.000457503755509e-09,2.24e-06,6.015228848854311e-09,2.24e-06,6.001949783663811e-09,2.24e-06,6.049930663775044e-09,2.24e-06,5.977797964435397e-09,2.24e-06,5.851217942445315e-09,2.24e-06,6.074890164256521e-09,2.24e-06,5.97780379770936e-09,2.24e-06,6.195421308667678e-09,2.24e-06,6.007173152476663e-09,2.24e-06,5.856684672912537e-09,2.24e-06,6.016446368186827e-09,2.24e-06,6.106247107211051e-09,2.24e-06,6.03838076384952e-09
2.26e-06,6.036629736510148e-09,2.26e-06,6.120100575920926e-09,2.26e-06,6.100065586559655e-09,2.26e-06,6.188305741101421e-09,2.26e-06,5.842159274267236e-09,2.26e-06,5.955701166462425e-09,2.26e-06,6.153938140944099e-09,2.26e-06,6.056510485149387e-09,2.26e-06,6.009861408329982e-09,2.26e-06,5.9038578583928e-09,2.26e-06,6.153371835080251e-09,2.26e-06,6.046269657491513e-09,2.26e-06,6.041831192142308e-09,2.26e-06,6.195835770697359e-09,2.26e-06,6.064941340360252e-09,2.26e-06,5.994954228830475e-09,2.26e-06,6.113252637771898e-09,2.26e-06,6.080859269299986e-09,2.26e-06,6.101925413211712e-09,2.26e-06,6.057001957372907e-09,2.26e-06,5.973748898432482e-09,2.26e-06,6.130429809693894e-09,2.26e-06,5.993706655470339e-09,2.26e-06,5.973746279232478e-09,2.26e-06,6.003453482890081e-09,2.26e-06,6.070229895497798e-09,2.26e-06,6.096988064213304e-09,2.26e-06,6.092073091192636e-09,2.26e-06,6.036640661062687e-09,2.26e-06,6.027399045635072e-09,2.26e-06,6.088217741677398e-09,2.26e-06,6.014645644133549e-09,2.26e-06,6.041705132515796e-09,2.26e-06,5.972132310326706e-09,2.26e-06,6.092850498563574e-09,2.26e-06,6.042713631116416e-09,2.26e-06,6.040063554977646e-09,2.26e-06,6.251014286535216e-09,2.26e-06,6.035347161717031e-09,2.26e-06,5.984348078954087e-09,2.26e-06,6.005758427426664e-09,2.26e-06,6.097809718805584e-09,2.26e-06,6.080918248782253e-09,2.26e-06,6.161224908748083e-09,2.26e-06,5.968539517262331e-09,2.26e-06,5.97739504840693e-09,2.26e-06,6.154890052024439e-09,2.26e-06,6.019209368283887e-09,2.26e-06,6.006863698401819e-09,2.26e-06,6.066830498005667e-09,2.26e-06,6.108414368544931e-09,2.26e-06,6.01481072199463e-09,2.26e-06,6.121187923347515e-09,2.26e-06,6.034880129567703e-09,2.26e-06,5.958806910348406e-09,2.26e-06,5.931806928581826e-09,2.26e-06,6.175226422419908e-09,2.26e-06,6.067028540243926e-09,2.26e-06,6.083880448153204e-09,2.26e-06,5.955061896718537e-09,2.26e-06,5.916911058200209e-09,2.26e-06,6.199821910333031e-09,2.26e-06,6.002365019112256e-09,2.26e-06,6.095374614663507e-09,2.26e-06,5.950523200761389e-09,2.26e-06,6.122679727776063e-09,2.26e-06,6.201349464693159e-09,2.26e-06,6.116156465155177e-09,2.26e-06,5.867915404993172e-09,2.26e-06,6.004191791732273e-09,2.26e-06,6.135130823107516e-09,2.26e-06,6.078729835621558e-09,2.26e-06,5.794710034860656e-09,2.26e-06,6.093993051223063e-09,2.26e-06,6.101321651714986e-09,2.26e-06,5.99308363727527e-09,2.26e-06,6.097085560643197e-09,2.26e-06,6.173064827205534e-09,2.26e-06,5.98139444214709e-09,2.26e-06,5.930253612537016e-09,2.26e-06,6.101877645090497e-09,2.26e-06,6.097969832459457e-09,2.26e-06,6.193858643557048e-09,2.26e-06,5.960594047857065e-09,2.26e-06,6.092711817514801e-09,2.26e-06,6.040670252256212e-09,2.26e-06,6.042480535668702e-09,2.26e-06,6.056880854509283e-09,2.26e-06,6.043655239695395e-09,2.26e-06,6.091150457009452e-09,2.26e-06,6.019395365672386e-09,2.26e-06,5.891966788185832e-09,2.26e-06,6.116525264998365e-09,2.26e-06,6.018795501012063e-09,2.26e-06,6.238499634596753e-09,2.26e-06,6.049348132552241e-09,2.26e-06,5.896578000213903e-09,2.26e-06,6.057824277192338e-09,2.26e-06,6.148453106853612e-09,2.26e-06,6.079437553214164e-09
2.28e-06,6.078271581878699e-09,2.28e-06,6.16129175556925e-09,2.28e-06,6.141554392530853e-09,2.28e-06,6.231412476914528e-09,2.28e-06,5.882407690444071e-09,2.28e-06,5.996244932530015e-09,2.28e-06,6.195134793430828e-09,2.28e-06,6.097694452316064e-09,2.28e-06,6.050976796921523e-09,2.28e-06,5.945246436238422e-09,2.28e-06,6.196274234166138e-09,2.28e-06,6.087593249544261e-09,2.28e-06,6.083754752827583e-09,2.28e-06,6.239057731125572e-09,2.28e-06,6.106115252796139e-09,2.28e-06,6.036357844518296e-09,2.28e-06,6.155851910713053e-09,2.28e-06,6.122491197821452e-09,2.28e-06,6.144152862222201e-09,2.28e-06,6.098931587414426e-09,2.28e-06,6.014733732631756e-09,2.28e-06,6.172244014243302e-09,2.28e-06,6.034544225525039e-09,2.28e-06,6.015367447797348e-09,2.28e-06,6.044373790988196e-09,2.28e-06,6.112338238634902e-09,2.28e-06,6.139301619322804e-09,2.28e-06,6.134208587346922e-09,2.28e-06,6.078672556432055e-09,2.28e-06,6.068993376367153e-09,2.28e-06,6.130004445871536e-09,2.28e-06,6.056017357904637e-09,2.28e-06,6.083896619632685e-09,2.28e-06,6.013170669601489e-09,2.28e-06,6.135560691985375e-09,2.28e-06,6.084239546501197e-09,2.28e-06,6.082058919650742e-09,2.28e-06,6.293494626367659e-09,2.28e-06,6.076776119699081e-09,2.28e-06,6.025701579007578e-09,2.28e-06,6.046824094143211e-09,2.28e-06,6.140035424158085e-09,2.28e-06,6.122982293622115e-09,2.28e-06,6.202774535883938e-09,2.28e-06,6.009646335859928e-09,2.28e-06,6.018052883139832e-09,2.28e-06,6.196984594097479e-09,2.28e-06,6.060549363769396e-09,2.28e-06,6.048305749109636e-09,2.28e-06,6.108288699652071e-09,2.28e-06,6.150299402553223e-09,2.28e-06,6.05580639982719e-09,2.28e-06,6.163070510891886e-09,2.28e-06,6.076924796437202e-09,2.28e-06,5.99979101652665e-09,2.28e-06,5.972757225945108e-09,2.28e-06,6.217890846055783e-09,2.28e-06,6.109002078433087e-09,2.28e-06,6.125268658798014e-09,2.28e-06,5.996271069620396e-09,2.28e-06,5.958544500945918e-09,2.28e-06,6.242050064655837e-09,2.28e-06,6.043638016796125e-09,2.28e-06,6.136608270705842e-09,2.28e-06,5.991292746909356e-09,2.28e-06,6.165500658970751e-09,2.28e-06,6.245341027452127e-09,2.28e-06,6.158157113696879e-09,2.28e-06,5.908303118402435e-09,2.28e-06,6.045152405391104e-09,2.28e-06,6.177432302681638e-09,2.28e-06,6.120172726939461e-09,2.28e-06,5.835324519145126e-09,2.28e-06,6.136649757301947e-09,2.28e-06,6.142416625807076e-09,2.28e-06,6.035129587011505e-09,2.28e-06,6.139241464775611e-09,2.28e-06,6.214627892888015e-09,2.28e-06,6.021222003210596e-09,2.28e-06,5.970611568268308e-09,2.28e-06,6.144568236685788e-09,2.28e-06,6.140695631986676e-09,2.28e-06,6.236876806294873e-09,2.28e-06,6.001874439531268e-09,2.28e-06,6.134050001564192e-09,2.28e-06,6.081746941626722e-09,2.28e-06,6.084632125245172e-09,2.28e-06,6.09877539442305e-09,2.28e-06,6.084868201420106e-09,2.28e-06,6.134226284834854e-09,2.28e-06,6.060712031994212e-09,2.28e-06,5.932626686998436e-09,2.28e-06,6.158951633282979e-09,2.28e-06,6.060451834336773e-09,2.28e-06,6.280891210550532e-09,2.28e-06,6.091194336627828e-09,2.28e-06,5.937015457864098e-09,2.28e-06,6.099336236586417e-09,2.28e-06,6.19144754083239e-09,2.28e-06,6.122073314134471e-09
2.3e-06,6.119018329112025e-09,2.3e-06,6.204402196009761e-09,2.3e-06,6.183878512090482e-09,2.3e-06,6.27373858116725e-09,2.3e-06,5.922901772409137e-09,2.3e-06,6.037536327161662e-09,2.3e-06,6.237897356401833e-09,2.3e-06,6.139871584606329e-09,2.3e-06,6.092818648813739e-09,2.3e-06,5.985777564076252e-09,2.3e-06,6.238234536534359e-09,2.3e-06,6.129613788188584e-09,2.3e-06,6.125708185271834e-09,2.3e-06,6.282481245712783e-09,2.3e-06,6.147738405624301e-09,2.3e-06,6.077455157057642e-09,2.3e-06,6.197647722839344e-09,2.3e-06,6.165073216542249e-09,2.3e-06,6.184974465246436e-09,2.3e-06,6.140114460455501e-09,2.3e-06,6.055388158202213e-09,2.3e-06,6.214411624986449e-09,2.3e-06,6.076907270209089e-09,2.3e-06,6.056572554777523e-09,2.3e-06,6.08537149856104e-09,2.3e-06,6.154343771138882e-09,2.3e-06,6.181566427500377e-09,2.3e-06,6.176254485560203e-09,2.3e-06,6.119824762023012e-09,2.3e-06,6.10986921504591e-09,2.3e-06,6.17126647012685e-09,2.3e-06,6.097777354341303e-09,2.3e-06,6.125067268589861e-09,2.3e-06,6.053819318337027e-09,2.3e-06,6.177609771017745e-09,2.3e-06,6.125473472723935e-09,2.3e-06,6.12313633102738e-09,2.3e-06,6.336120644078411e-09,2.3e-06,6.117660720726122e-09,2.3e-06,6.066981273499193e-09,2.3e-06,6.088930750551355e-09,2.3e-06,6.182216975836541e-09,2.3e-06,6.164941649482013e-09,2.3e-06,6.246060495269992e-09,2.3e-06,6.050640131051701e-09,2.3e-06,6.059149725492697e-09,2.3e-06,6.240176475090446e-09,2.3e-06,6.101638467591169e-09,2.3e-06,6.088869016349227e-09,2.3e-06,6.150740267575628e-09,2.3e-06,6.192743187024031e-09,2.3e-06,6.097834665515369e-09,2.3e-06,6.205151305973756e-09,2.3e-06,6.117225390398117e-09,2.3e-06,6.039904658242689e-09,2.3e-06,6.013455539380076e-09,2.3e-06,6.260557894294012e-09,2.3e-06,6.150509081512738e-09,2.3e-06,6.168035221992809e-09,2.3e-06,6.036876615662761e-09,2.3e-06,5.999445606041795e-09,2.3e-06,6.285147691125194e-09,2.3e-06,6.085039401945143e-09,2.3e-06,6.179203322120422e-09,2.3e-06,6.032142617012844e-09,2.3e-06,6.207076238267772e-09,2.3e-06,6.287210593271211e-09,2.3e-06,6.200086480819821e-09,2.3e-06,5.948791499482332e-09,2.3e-06,6.086886062214345e-09,2.3e-06,6.219670335620703e-09,2.3e-06,6.162119255992014e-09,2.3e-06,5.875199894479099e-09,2.3e-06,6.178486202226273e-09,2.3e-06,6.184843871765452e-09,2.3e-06,6.075314756233402e-09,2.3e-06,6.181089306915411e-09,2.3e-06,6.257460982619528e-09,2.3e-06,6.063707856821448e-09,2.3e-06,6.011535343036137e-09,2.3e-06,6.18653084061406e-09,2.3e-06,6.182275118604941e-09,2.3e-06,6.278478206590076e-09,2.3e-06,6.042801950147262e-09,2.3e-06,6.176149975913604e-09,2.3e-06,6.123715210712643e-09,2.3e-06,6.125866564713966e-09,2.3e-06,6.139267496148431e-09,2.3e-06,6.125691102064911e-09,2.3e-06,6.176306334860788e-09,2.3e-06,6.102034094973045e-09,2.3e-06,5.972930959272231e-09,2.3e-06,6.200809256932904e-09,2.3e-06,6.100671375743243e-09,2.3e-06,6.3237465948031e-09,2.3e-06,6.1325785014195e-09,2.3e-06,5.977819928842107e-09,2.3e-06,6.140290858145286e-09,2.3e-06,6.23319294739009e-09,2.3e-06,6.163169532172154e-09
2.32e-06,6.161387697128504e-09,2.32e-06,6.244318117809726e-09,2.32e-06,6.226570353243421e-09,2.32e-06,6.31629033284476e-09,2.32e-06,5.963442942616189e-09,2.32e-06,6.079339458640347e-09,2.32e-06,6.280781644071981e-09,2.32e-06,6.182007811834235e-09,2.32e-06,6.132631870486304e-09,2.32e-06,6.025541404536511e-09,2.32e-06,6.280839593087222e-09,2.32e-06,6.169958097970966e-09,2.32e-06,6.167273074196663e-09,2.32e-06,6.325252623727591e-09,2.32e-06,6.188856753392343e-09,2.32e-06,6.118944209536475e-09,2.32e-06,6.240202103437931e-09,2.32e-06,6.205835197972022e-09,2.32e-06,6.227486328411165e-09,2.32e-06,6.18178316635342e-09,2.32e-06,6.096433326320724e-09,2.32e-06,6.25684676455505e-09,2.32e-06,6.117963351331279e-09,2.32e-06,6.098096507065636e-09,2.32e-06,6.126909097732669e-09,2.32e-06,6.195778501038541e-09,2.32e-06,6.223832305285005e-09,2.32e-06,6.217970829887914e-09,2.32e-06,6.161302879446971e-09,2.32e-06,6.152241839143036e-09,2.32e-06,6.214426888401485e-09,2.32e-06,6.139813702144846e-09,2.32e-06,6.166406717077055e-09,2.32e-06,6.0950180965857e-09,2.32e-06,6.219863208291712e-09,2.32e-06,6.167478473769896e-09,2.32e-06,6.163788425998112e-09,2.32e-06,6.379456700047278e-09,2.32e-06,6.159739069290101e-09,2.32e-06,6.1081242372546e-09,2.32e-06,6.131178618653704e-09,2.32e-06,6.224025722378897e-09,2.32e-06,6.205350089003517e-09,2.32e-06,6.288763204911547e-09,2.32e-06,6.092082296800932e-09,2.32e-06,6.10012100366043e-09,2.32e-06,6.281497304129766e-09,2.32e-06,6.142938139718698e-09,2.32e-06,6.13098514536583e-09,2.32e-06,6.192370909870308e-09,2.32e-06,6.234416758899085e-09,2.32e-06,6.138921331727378e-09,2.32e-06,6.246437483012005e-09,2.32e-06,6.158423242348191e-09,2.32e-06,6.082205811623448e-09,2.32e-06,6.053515725371884e-09,2.32e-06,6.302832049405192e-09,2.32e-06,6.192906345212799e-09,2.32e-06,6.209595538029013e-09,2.32e-06,6.077973525846066e-09,2.32e-06,6.039515622609454e-09,2.32e-06,6.327349980439031e-09,2.32e-06,6.125854778701957e-09,2.32e-06,6.221550073073255e-09,2.32e-06,6.073447832908708e-09,2.32e-06,6.24878116065887e-09,2.32e-06,6.331061010813804e-09,2.32e-06,6.24174258023442e-09,2.32e-06,5.989478156255191e-09,2.32e-06,6.128810016951614e-09,2.32e-06,6.2614359486419e-09,2.32e-06,6.204069743219604e-09,2.32e-06,5.914678859066831e-09,2.32e-06,6.219862752997057e-09,2.32e-06,6.22693329115654e-09,2.32e-06,6.116637108238864e-09,2.32e-06,6.22295744109513e-09,2.32e-06,6.300895919679966e-09,2.32e-06,6.105031314454275e-09,2.32e-06,6.051745088400823e-09,2.32e-06,6.229628387466727e-09,2.32e-06,6.224992901624587e-09,2.32e-06,6.322417792397418e-09,2.32e-06,6.084197930607105e-09,2.32e-06,6.217786885389788e-09,2.32e-06,6.165191600881831e-09,2.32e-06,6.167851567250385e-09,2.32e-06,6.182644759242385e-09,2.32e-06,6.168353108671257e-09,2.32e-06,6.217891114964934e-09,2.32e-06,6.144429294792005e-09,2.32e-06,6.013665566376657e-09,2.32e-06,6.2420451866979e-09,2.32e-06,6.14300148742254e-09,2.32e-06,6.366825174739633e-09,2.32e-06,6.174975033553573e-09,2.32e-06,6.01801001515562e-09,2.32e-06,6.183591597850669e-09,2.32e-06,6.274568680496766e-09,2.32e-06,6.204166880114332e-09
2.34e-06,6.202325412530628e-09,2.34e-06,6.287885246830409e-09,2.34e-06,6.268227031603054e-09,2.34e-06,6.359034963923171e-09,2.34e-06,6.003744917576534e-09,2.34e-06,6.120049894237935e-09,2.34e-06,6.323572949576698e-09,2.34e-06,6.223956308881217e-09,2.34e-06,6.174256166280608e-09,2.34e-06,6.066341890642948e-09,2.34e-06,6.322924735855404e-09,2.34e-06,6.212150644478228e-09,2.34e-06,6.207915793495505e-09,2.34e-06,6.368062510066501e-09,2.34e-06,6.230132651283122e-09,2.34e-06,6.160321465868133e-09,2.34e-06,6.282465202901899e-09,2.34e-06,6.248152633210067e-09,2.34e-06,6.269622152790995e-09,2.34e-06,6.22314418142791e-09,2.34e-06,6.138084695961544e-09,2.34e-06,6.299244509125219e-09,2.34e-06,6.15947938731385e-09,2.34e-06,6.13916197721201e-09,2.34e-06,6.168647897422192e-09,2.34e-06,6.237323946789799e-09,2.34e-06,6.265803282660461e-09,2.34e-06,6.25945776000255e-09,2.34e-06,6.202265409481081e-09,2.34e-06,6.192413077565763e-09,2.34e-06,6.256195736516893e-09,2.34e-06,6.180454361236525e-09,2.34e-06,6.207819190890569e-09,2.34e-06,6.135772277021189e-09,2.34e-06,6.261185816920016e-09,2.34e-06,6.208047836408481e-09,2.34e-06,6.206172576958823e-09,2.34e-06,6.422542283649256e-09,2.34e-06,6.201365521653269e-09,2.34e-06,6.149038933136148e-09,2.34e-06,6.172713744634834e-09,2.34e-06,6.266846534861416e-09,2.34e-06,6.247180517039437e-09,2.34e-06,6.331575183396972e-09,2.34e-06,6.132192477234482e-09,2.34e-06,6.141431588156525e-09,2.34e-06,6.324162832988702e-09,2.34e-06,6.184081325998439e-09,2.34e-06,6.17106105587342e-09,2.34e-06,6.234745722075561e-09,2.34e-06,6.276131674771351e-09,2.34e-06,6.179889636841935e-09,2.34e-06,6.288664909629774e-09,2.34e-06,6.200187061185675e-09,2.34e-06,6.124044933918854e-09,2.34e-06,6.094339046563078e-09,2.34e-06,6.345101758266202e-09,2.34e-06,6.233786971943041e-09,2.34e-06,6.252163089251658e-09,2.34e-06,6.119412677213966e-09,2.34e-06,6.079872314646893e-09,2.34e-06,6.370560405748742e-09,2.34e-06,6.166637850202607e-09,2.34e-06,6.26386229299244e-09,2.34e-06,6.114508464124944e-09,2.34e-06,6.290914314988128e-09,2.34e-06,6.373859602685481e-09,2.34e-06,6.283942514412463e-09,2.34e-06,6.029739540538232e-09,2.34e-06,6.170640525714621e-09,2.34e-06,6.303820923900578e-09,2.34e-06,6.245656592868115e-09,2.34e-06,5.954943238434703e-09,2.34e-06,6.261120876805593e-09,2.34e-06,6.267932949097847e-09,2.34e-06,6.157892543069072e-09,2.34e-06,6.264852782500188e-09,2.34e-06,6.342894717626441e-09,2.34e-06,6.1458864296765e-09,2.34e-06,6.092527718464183e-09,2.34e-06,6.27154900231746e-09,2.34e-06,6.267035766615511e-09,2.34e-06,6.364573371674079e-09,2.34e-06,6.124249636551158e-09,2.34e-06,6.259711644545623e-09,2.34e-06,6.207072518715531e-09,2.34e-06,6.210117999935834e-09,2.34e-06,6.223946903538524e-09,2.34e-06,6.209738296983958e-09,2.34e-06,6.260090827638781e-09,2.34e-06,6.186001531344335e-09,2.34e-06,6.054489545124546e-09,2.34e-06,6.284478820587103e-09,2.34e-06,6.184805506426999e-09,2.34e-06,6.409950396363941e-09,2.34e-06,6.21695532261278e-09,2.34e-06,6.058431876257961e-09,2.34e-06,6.224287644875798e-09,2.34e-06,6.316910273327942e-09,2.34e-06,6.246846999258509e-09
2.36e-06,6.243571070609647e-09,2.36e-06,6.33082669827054e-09,2.36e-06,6.310157174244844e-09,2.36e-06,6.402096721147911e-09,2.36e-06,6.043190864903739e-09,2.36e-06,6.160945791522928e-09,2.36e-06,6.365409943035659e-09,2.36e-06,6.264052605749888e-09,2.36e-06,6.216983041430048e-09,2.36e-06,6.106764520927535e-09,2.36e-06,6.364902346485883e-09,2.36e-06,6.253286131431785e-09,2.36e-06,6.2503984696095e-09,2.36e-06,6.41115343338685e-09,2.36e-06,6.270882363296816e-09,2.36e-06,6.201687669042955e-09,2.36e-06,6.32448477936832e-09,2.36e-06,6.291262809487844e-09,2.36e-06,6.311802918999084e-09,2.36e-06,6.264562575151119e-09,2.36e-06,6.179182728470553e-09,2.36e-06,6.341046395592521e-09,2.36e-06,6.199551070768939e-09,2.36e-06,6.180230682023046e-09,2.36e-06,6.210068615438029e-09,2.36e-06,6.280054340079135e-09,2.36e-06,6.308090960713668e-09,2.36e-06,6.300141737861874e-09,2.36e-06,6.244894122044966e-09,2.36e-06,6.234452113601969e-09,2.36e-06,6.29761159714839e-09,2.36e-06,6.222919986899493e-09,2.36e-06,6.250102626828105e-09,2.36e-06,6.176374738643741e-09,2.36e-06,6.304430705854443e-09,2.36e-06,6.250688771258292e-09,2.36e-06,6.248523743829026e-09,2.36e-06,6.465357254658428e-09,2.36e-06,6.24346007473705e-09,2.36e-06,6.190495892737279e-09,2.36e-06,6.213238475162095e-09,2.36e-06,6.308654332695867e-09,2.36e-06,6.290771257376801e-09,2.36e-06,6.373749564977817e-09,2.36e-06,6.173637335758898e-09,2.36e-06,6.181885678951034e-09,2.36e-06,6.366939098568009e-09,2.36e-06,6.226518828010979e-09,2.36e-06,6.21352102082712e-09,2.36e-06,6.275995366240247e-09,2.36e-06,6.318577822558265e-09,2.36e-06,6.222561891190969e-09,2.36e-06,6.330063818213832e-09,2.36e-06,6.241379162385492e-09,2.36e-06,6.164609849551602e-09,2.36e-06,6.135357856417667e-09,2.36e-06,6.387580064941566e-09,2.36e-06,6.276105322355462e-09,2.36e-06,6.293820012273171e-09,2.36e-06,6.160445466508252e-09,2.36e-06,6.122120709805928e-09,2.36e-06,6.41299708536381e-09,2.36e-06,6.208155371981517e-09,2.36e-06,6.305460468562682e-09,2.36e-06,6.154978235953744e-09,2.36e-06,6.333144948627824e-09,2.36e-06,6.416381837926633e-09,2.36e-06,6.325841793272618e-09,2.36e-06,6.070216586331021e-09,2.36e-06,6.212137115924776e-09,2.36e-06,6.345865159676312e-09,2.36e-06,6.287516501910214e-09,2.36e-06,5.99494552043758e-09,2.36e-06,6.30206378216926e-09,2.36e-06,6.310711118513555e-09,2.36e-06,6.199368730514621e-09,2.36e-06,6.307320604973061e-09,2.36e-06,6.385619358262569e-09,2.36e-06,6.187857849745909e-09,2.36e-06,6.132793042397306e-09,2.36e-06,6.314246950653233e-09,2.36e-06,6.309099858552538e-09,2.36e-06,6.407027401313102e-09,2.36e-06,6.165536901609344e-09,2.36e-06,6.301240872349841e-09,2.36e-06,6.247911857806618e-09,2.36e-06,6.251148121026571e-09,2.36e-06,6.265185984749248e-09,2.36e-06,6.251018116464764e-09,2.36e-06,6.302300331194e-09,2.36e-06,6.227649722500667e-09,2.36e-06,6.094539429407277e-09,2.36e-06,6.326451942967304e-09,2.36e-06,6.225918998894116e-09,2.36e-06,6.453647270496022e-09,2.36e-06,6.257940856302082e-09,2.36e-06,6.098631325427772e-09,2.36e-06,6.26708568745671e-09,2.36e-06,6.359264162205443e-09,2.36e-06,6.288840288906717e-09
2.38e-06,6.285505808151557e-09,2.38e-06,6.372592776435621e-09,2.38e-06,6.352058484979886e-09,2.38e-06,6.4440982270726e-09,2.38e-06,6.084257114499341e-09,2.38e-06,6.202117805794146e-09,2.38e-06,6.406631678655058e-09,2.38e-06,6.307307621743441e-09,2.38e-06,6.258771369894653e-09,2.38e-06,6.148332975495579e-09,2.38e-06,6.407387101797909e-09,2.38e-06,6.296135850102467e-09,2.38e-06,6.291949920215848e-09,2.38e-06,6.4528338347061e-09,2.38e-06,6.312895652944173e-09,2.38e-06,6.242203172895776e-09,2.38e-06,6.366567937172764e-09,2.38e-06,6.333158650262883e-09,2.38e-06,6.353787118838409e-09,2.38e-06,6.306788830315549e-09,2.38e-06,6.219400368915402e-09,2.38e-06,6.384023417418182e-09,2.38e-06,6.242014206930707e-09,2.38e-06,6.22160220352286e-09,2.38e-06,6.25085927399315e-09,2.38e-06,6.322015307052794e-09,2.38e-06,6.349684697060089e-09,2.38e-06,6.343388035213998e-09,2.38e-06,6.286702832404336e-09,2.38e-06,6.277813992544241e-09,2.38e-06,6.339338223401308e-09,2.38e-06,6.264856353969138e-09,2.38e-06,6.291415526010573e-09,2.38e-06,6.217785256021291e-09,2.38e-06,6.346122941441146e-09,2.38e-06,6.291164467599398e-09,2.38e-06,6.290084636485527e-09,2.38e-06,6.507379126149519e-09,2.38e-06,6.284543829336849e-09,2.38e-06,6.231729403436571e-09,2.38e-06,6.255352506552703e-09,2.38e-06,6.35168793788586e-09,2.38e-06,6.331797017504281e-09,2.38e-06,6.416942460911929e-09,2.38e-06,6.214553096051925e-09,2.38e-06,6.222467106562213e-09,2.38e-06,6.409737960348356e-09,2.38e-06,6.268394183491635e-09,2.38e-06,6.2546847774376e-09,2.38e-06,6.31825542817477e-09,2.38e-06,6.361072065244505e-09,2.38e-06,6.263944264014891e-09,2.38e-06,6.372179415520656e-09,2.38e-06,6.283309737937511e-09,2.38e-06,6.205571598040787e-09,2.38e-06,6.176362561067793e-09,2.38e-06,6.430288901719084e-09,2.38e-06,6.317953307177974e-09,2.38e-06,6.33626325346059e-09,2.38e-06,6.20025212372434e-09,2.38e-06,6.162248927705636e-09,2.38e-06,6.456282694231433e-09,2.38e-06,6.249193845953779e-09,2.38e-06,6.348192981316727e-09,2.38e-06,6.196658060467184e-09,2.38e-06,6.375342180903891e-09,2.38e-06,6.45921695367505e-09,2.38e-06,6.368609146233192e-09,2.38e-06,6.110435414796205e-09,2.38e-06,6.253313012706959e-09,2.38e-06,6.38841172297319e-09,2.38e-06,6.328247851137096e-09,2.38e-06,6.03464405609576e-09,2.38e-06,6.344947154338185e-09,2.38e-06,6.352955834693129e-09,2.38e-06,6.24186091621508e-09,2.38e-06,6.348860628866174e-09,2.38e-06,6.428477219184007e-09,2.38e-06,6.22817140640001e-09,2.38e-06,6.173511162393359e-09,2.38e-06,6.356081251746432e-09,2.38e-06,6.35148829471439e-09,2.38e-06,6.449415904953147e-09,2.38e-06,6.20698981271937e-09,2.38e-06,6.342431161723315e-09,2.38e-06,6.289867337246519e-09,2.38e-06,6.293356478777079e-09,2.38e-06,6.307595939485428e-09,2.38e-06,6.292388384419721e-09,2.38e-06,6.344907615828546e-09,2.38e-06,6.269253895303692e-09,2.38e-06,6.13550630134679e-09,2.38e-06,6.368325075417841e-09,2.38e-06,6.267681327654179e-09,2.38e-06,6.496181228901621e-09,2.38e-06,6.300284844609701e-09,2.38e-06,6.139425644385543e-09,2.38e-06,6.308611972467498e-09,2.38e-06,6.401284137079456e-09,2.38e-06,6.330796983056111e-09
2.4e-06,6.327341232360457e-09,2.4e-06,6.413991014559851e-09,2.4e-06,6.394230462877316e-09,2.4e-06,6.487480655389276e-09,2.4e-06,6.12461113218495e-09,2.4e-06,6.243361748537194e-09,2.4e-06,6.450539380500955e-09,2.4e-06,6.348355808962389e-09,2.4e-06,6.300471429722594e-09,2.4e-06,6.189130840484096e-09,2.4e-06,6.448338127364385e-09,2.4e-06,6.337641174114035e-09,2.4e-06,6.333646291510971e-09,2.4e-06,6.496898859129937e-09,2.4e-06,6.354747870981828e-09,2.4e-06,6.283125106259955e-09,2.4e-06,6.408822872416225e-09,2.4e-06,6.373681702685642e-09,2.4e-06,6.396514441960326e-09,2.4e-06,6.348624397133792e-09,2.4e-06,6.26146626610493e-09,2.4e-06,6.426389342732462e-09,2.4e-06,6.281837055231343e-09,2.4e-06,6.263231825471648e-09,2.4e-06,6.292286461240529e-09,2.4e-06,6.363322934123789e-09,2.4e-06,6.391709341197282e-09,2.4e-06,6.384689884242531e-09,2.4e-06,6.329303983525904e-09,2.4e-06,6.3198192351582e-09,2.4e-06,6.381323185856759e-09,2.4e-06,6.305643651079936e-09,2.4e-06,6.332591649450445e-09,2.4e-06,6.258655723873353e-09,2.4e-06,6.388059569479065e-09,2.4e-06,6.33407705803802e-09,2.4e-06,6.331002588077415e-09,2.4e-06,6.550110994402165e-09,2.4e-06,6.327778861216967e-09,2.4e-06,6.272277889861503e-09,2.4e-06,6.297118993701218e-09,2.4e-06,6.394166540514011e-09,2.4e-06,6.374450457245638e-09,2.4e-06,6.459425573502235e-09,2.4e-06,6.255839653477523e-09,2.4e-06,6.263827936422124e-09,2.4e-06,6.451914429806547e-09,2.4e-06,6.309408172398533e-09,2.4e-06,6.29544832769459e-09,2.4e-06,6.359151442306216e-09,2.4e-06,6.402333734400889e-09,2.4e-06,6.305207887714809e-09,2.4e-06,6.414163054144093e-09,2.4e-06,6.324588209230785e-09,2.4e-06,6.247501603086905e-09,2.4e-06,6.218790322574117e-09,2.4e-06,6.472708541834018e-09,2.4e-06,6.359441666594529e-09,2.4e-06,6.377913312842066e-09,2.4e-06,6.242128389734389e-09,2.4e-06,6.203796842539833e-09,2.4e-06,6.498864604178689e-09,2.4e-06,6.288809202631432e-09,2.4e-06,6.389047412972035e-09,2.4e-06,6.238524944728253e-09,2.4e-06,6.417397085124945e-09,2.4e-06,6.501308511727064e-09,2.4e-06,6.410036412970164e-09,2.4e-06,6.151197399858663e-09,2.4e-06,6.295700860009833e-09,2.4e-06,6.430499242725554e-09,2.4e-06,6.372202642611192e-09,2.4e-06,6.073544206814771e-09,2.4e-06,6.387288745482711e-09,2.4e-06,6.394624500112839e-09,2.4e-06,6.283210435010823e-09,2.4e-06,6.389827846378531e-09,2.4e-06,6.469938133429126e-09,2.4e-06,6.270330604615327e-09,2.4e-06,6.214264679119837e-09,2.4e-06,6.39938322521788e-09,2.4e-06,6.393355113279911e-09,2.4e-06,6.491653330304355e-09,2.4e-06,6.247180757504117e-09,2.4e-06,6.385064744645683e-09,2.4e-06,6.332127118673536e-09,2.4e-06,6.334905857942976e-09,2.4e-06,6.349845282020775e-09,2.4e-06,6.334614114828597e-09,2.4e-06,6.386424245444293e-09,2.4e-06,6.310579112935541e-09,2.4e-06,6.175933206135979e-09,2.4e-06,6.409200016597796e-09,2.4e-06,6.308870219003001e-09,2.4e-06,6.539282522703625e-09,2.4e-06,6.341710244856763e-09,2.4e-06,6.179561244820736e-09,2.4e-06,6.349618240098829e-09,2.4e-06,6.442454191939763e-09,2.4e-06,6.373762476443526e-09
2.42e-06,6.368600128780123e-09,2.42e-06,6.456529087591131e-09,2.42e-06,6.436417134544316e-09,2.42e-06,6.530338795864442e-09,2.42e-06,6.163873703548043e-09,2.42e-06,6.284034763812434e-09,2.42e-06,6.492644353577347e-09,2.42e-06,6.390319129670206e-09,2.42e-06,6.342192940730813e-09,2.42e-06,6.22964767339915e-09,2.42e-06,6.49032877270049e-09,2.42e-06,6.379154575960794e-09,2.42e-06,6.375875387885732e-09,2.42e-06,6.539876932158096e-09,2.42e-06,6.396657037612535e-09,2.42e-06,6.324350310043612e-09,2.42e-06,6.450095316436041e-09,2.42e-06,6.416017747736178e-09,2.42e-06,6.438340645351579e-09,2.42e-06,6.389710561157931e-09,2.42e-06,6.302326456091548e-09,2.42e-06,6.46834273627197e-09,2.42e-06,6.325211097142698e-09,2.42e-06,6.304162419929692e-09,2.42e-06,6.334286626257621e-09,2.42e-06,6.405034933301671e-09,2.42e-06,6.434052396497155e-09,2.42e-06,6.426124310242312e-09,2.42e-06,6.371426288577486e-09,2.42e-06,6.361405711229793e-09,2.42e-06,6.422611856268343e-09,2.42e-06,6.348122748753728e-09,2.42e-06,6.374007690416585e-09,2.42e-06,6.299837343525916e-09,2.42e-06,6.429870415194246e-09,2.42e-06,6.376150167997961e-09,2.42e-06,6.372287988192486e-09,2.42e-06,6.593293148691841e-09,2.42e-06,6.368879431646979e-09,2.42e-06,6.312879409756657e-09,2.42e-06,6.338825082288641e-09,2.42e-06,6.436669154799804e-09,2.42e-06,6.415968204891366e-09,2.42e-06,6.502105994131785e-09,2.42e-06,6.296667100126773e-09,2.42e-06,6.3056690449066e-09,2.42e-06,6.494344418650174e-09,2.42e-06,6.352197827652361e-09,2.42e-06,6.336537104884519e-09,2.42e-06,6.40055027905588e-09,2.42e-06,6.445162769391367e-09,2.42e-06,6.347126647825741e-09,2.42e-06,6.455384035590706e-09,2.42e-06,6.36645535530055e-09,2.42e-06,6.288652862316202e-09,2.42e-06,6.259938793483469e-09,2.42e-06,6.514658393691214e-09,2.42e-06,6.401689135753018e-09,2.42e-06,6.419687186858893e-09,2.42e-06,6.28318324053799e-09,2.42e-06,6.244104847857241e-09,2.42e-06,6.542004871286067e-09,2.42e-06,6.330933042697739e-09,2.42e-06,6.431166420377617e-09,2.42e-06,6.279289278238659e-09,2.42e-06,6.458518938577051e-09,2.42e-06,6.544451545085911e-09,2.42e-06,6.452610218133656e-09,2.42e-06,6.191886147888731e-09,2.42e-06,6.337068868564543e-09,2.42e-06,6.473185034526238e-09,2.42e-06,6.413935210582923e-09,2.42e-06,6.114703221080792e-09,2.42e-06,6.42818275937207e-09,2.42e-06,6.436309562935829e-09,2.42e-06,6.324183732842462e-09,2.42e-06,6.431837086668374e-09,2.42e-06,6.512634408725801e-09,2.42e-06,6.31169197324914e-09,2.42e-06,6.255416021679537e-09,2.42e-06,6.441689373841049e-09,2.42e-06,6.435568223515788e-09,2.42e-06,6.533698055739314e-09,2.42e-06,6.287426809415471e-09,2.42e-06,6.426933320442749e-09,2.42e-06,6.373749773699707e-09,2.42e-06,6.376373373955205e-09,2.42e-06,6.391943492924073e-09,2.42e-06,6.375890777695676e-09,2.42e-06,6.427436486706152e-09,2.42e-06,6.351356908508154e-09,2.42e-06,6.216249743418591e-09,2.42e-06,6.45082793208924e-09,2.42e-06,6.349048038427295e-09,2.42e-06,6.582246367562003e-09,2.42e-06,6.383448419792087e-09,2.42e-06,6.220951256940284e-09,2.42e-06,6.391441470744716e-09,2.42e-06,6.484720873787898e-09,2.42e-06,6.415619786828402e-09
2.44e-06,6.409928201659745e-09,2.44e-06,6.498362676424782e-09,2.44e-06,6.478218902574566e-09,2.44e-06,6.572826808912186e-09,2.44e-06,6.205063659506498e-09,2.44e-06,6.325365870801422e-09,2.44e-06,6.535105458384869e-09,2.44e-06,6.432289946600848e-09,2.44e-06,6.383831408919383e-09,2.44e-06,6.270511964372797e-09,2.44e-06,6.533085501843578e-09,2.44e-06,6.420980341910664e-09,2.44e-06,6.417479978508082e-09,2.44e-06,6.582183024119565e-09,2.44e-06,6.437022446819911e-09,2.44e-06,6.364887917019566e-09,2.44e-06,6.492797907105366e-09,2.44e-06,6.457990183003049e-09,2.44e-06,6.480679280937497e-09,2.44e-06,6.431853346103311e-09,2.44e-06,6.343867959965895e-09,2.44e-06,6.510699313427187e-09,2.44e-06,6.365951778620973e-09,2.44e-06,6.345269833842183e-09,2.44e-06,6.375187156269061e-09,2.44e-06,6.447080492586451e-09,2.44e-06,6.475592789878028e-09,2.44e-06,6.468532771507092e-09,2.44e-06,6.413012940893216e-09,2.44e-06,6.403203416824903e-09,2.44e-06,6.464577730248297e-09,2.44e-06,6.388388563719654e-09,2.44e-06,6.415032470398221e-09,2.44e-06,6.340654010555558e-09,2.44e-06,6.472045491357505e-09,2.44e-06,6.41773178884732e-09,2.44e-06,6.414044580139761e-09,2.44e-06,6.635518303307378e-09,2.44e-06,6.410019686824668e-09,2.44e-06,6.354371917851893e-09,2.44e-06,6.379688181084767e-09,2.44e-06,6.478690002765003e-09,2.44e-06,6.457746580728569e-09,2.44e-06,6.54428720311656e-09,2.44e-06,6.337741984934195e-09,2.44e-06,6.346736048641163e-09,2.44e-06,6.537195101438426e-09,2.44e-06,6.393612165663603e-09,2.44e-06,6.378081478315117e-09,2.44e-06,6.442661804968391e-09,2.44e-06,6.487292353474715e-09,2.44e-06,6.388465967314687e-09,2.44e-06,6.497642450299885e-09,2.44e-06,6.408174382559787e-09,2.44e-06,6.328744768643568e-09,2.44e-06,6.300489321007957e-09,2.44e-06,6.557078521178063e-09,2.44e-06,6.443104280094435e-09,2.44e-06,6.461965484892237e-09,2.44e-06,6.324080638469222e-09,2.44e-06,6.286311726215896e-09,2.44e-06,6.584252554039776e-09,2.44e-06,6.372413251339088e-09,2.44e-06,6.473605887593112e-09,2.44e-06,6.320919498241268e-09,2.44e-06,6.501344765140909e-09,2.44e-06,6.587164462882557e-09,2.44e-06,6.494249205853435e-09,2.44e-06,6.232452233907865e-09,2.44e-06,6.378401997675407e-09,2.44e-06,6.515165837459587e-09,2.44e-06,6.455121683397064e-09,2.44e-06,6.154941467026619e-09,2.44e-06,6.471199953977771e-09,2.44e-06,6.478733499908972e-09,2.44e-06,6.366736091376607e-09,2.44e-06,6.473892318105841e-09,2.44e-06,6.554583291683329e-09,2.44e-06,6.352827617415923e-09,2.44e-06,6.296316222189806e-09,2.44e-06,6.483979954651712e-09,2.44e-06,6.477365746805407e-09,2.44e-06,6.575694046377597e-09,2.44e-06,6.329108907020961e-09,2.44e-06,6.468406774414644e-09,2.44e-06,6.415152800749301e-09,2.44e-06,6.418117019679498e-09,2.44e-06,6.433345578806778e-09,2.44e-06,6.417523539592904e-09,2.44e-06,6.470313117818436e-09,2.44e-06,6.393365424353173e-09,2.44e-06,6.257091199455822e-09,2.44e-06,6.492853155796855e-09,2.44e-06,6.391244690730439e-09,2.44e-06,6.62523194468167e-09,2.44e-06,6.425735251704207e-09,2.44e-06,6.260773934219392e-09,2.44e-06,6.432958711266012e-09,2.44e-06,6.527331470651403e-09,2.44e-06,6.456780882464769e-09
2.46e-06,6.450464666057848e-09,2.46e-06,6.540407837307263e-09,2.46e-06,6.520324312773492e-09,2.46e-06,6.61499424985797e-09,2.46e-06,6.245706632778768e-09,2.46e-06,6.366055316956677e-09,2.46e-06,6.577469589800854e-09,2.46e-06,6.473824551010228e-09,2.46e-06,6.424726190051655e-09,2.46e-06,6.31089948445801e-09,2.46e-06,6.575285824404855e-09,2.46e-06,6.462347237191647e-09,2.46e-06,6.459055967279186e-09,2.46e-06,6.625681750629438e-09,2.46e-06,6.47937915395081e-09,2.46e-06,6.406906910854485e-09,2.46e-06,6.534275719059087e-09,2.46e-06,6.499898961512187e-09,2.46e-06,6.522696490890738e-09,2.46e-06,6.472391311271902e-09,2.46e-06,6.385048077302114e-09,2.46e-06,6.553128638291584e-09,2.46e-06,6.4081197508449e-09,2.46e-06,6.386588643768745e-09,2.46e-06,6.416580413800721e-09,2.46e-06,6.488695540108003e-09,2.46e-06,6.51748102183865e-09,2.46e-06,6.510105026343613e-09,2.46e-06,6.454156410997225e-09,2.46e-06,6.445222561328175e-09,2.46e-06,6.505889946165974e-09,2.46e-06,6.430598230921657e-09,2.46e-06,6.457737243714332e-09,2.46e-06,6.381833227233304e-09,2.46e-06,6.513838511168853e-09,2.46e-06,6.459076931016321e-09,2.46e-06,6.455809310779544e-09,2.46e-06,6.678958465433398e-09,2.46e-06,6.452143557805217e-09,2.46e-06,6.395491251581218e-09,2.46e-06,6.421824487880657e-09,2.46e-06,6.521267209620455e-09,2.46e-06,6.49979974210672e-09,2.46e-06,6.587135429853085e-09,2.46e-06,6.379002787200195e-09,2.46e-06,6.387676959444496e-09,2.46e-06,6.579672920847837e-09,2.46e-06,6.435058485437632e-09,2.46e-06,6.419391021334362e-09,2.46e-06,6.484812088068374e-09,2.46e-06,6.528509118681082e-09,2.46e-06,6.430128850857034e-09,2.46e-06,6.539720980420459e-09,2.46e-06,6.449050757200778e-09,2.46e-06,6.371863918646101e-09,2.46e-06,6.341088285928911e-09,2.46e-06,6.599820811695892e-09,2.46e-06,6.485547232695384e-09,2.46e-06,6.503855309848343e-09,2.46e-06,6.365006076992217e-09,2.46e-06,6.326702410315773e-09,2.46e-06,6.62720008366996e-09,2.46e-06,6.412883829266768e-09,2.46e-06,6.515066089404162e-09,2.46e-06,6.362327827350541e-09,2.46e-06,6.543036770376109e-09,2.46e-06,6.62973813242227e-09,2.46e-06,6.536900569831167e-09,2.46e-06,6.272708055553478e-09,2.46e-06,6.420141620155985e-09,2.46e-06,6.557772008631669e-09,2.46e-06,6.497356480479002e-09,2.46e-06,6.19451167606331e-09,2.46e-06,6.512842170922685e-09,2.46e-06,6.520676036913565e-09,2.46e-06,6.407690683692779e-09,2.46e-06,6.515408827412323e-09,2.46e-06,6.597339456820151e-09,2.46e-06,6.393681833896557e-09,2.46e-06,6.336933506683432e-09,2.46e-06,6.525967091720164e-09,2.46e-06,6.520357073206258e-09,2.46e-06,6.61940929419137e-09,2.46e-06,6.370788976360718e-09,2.46e-06,6.508842755532201e-09,2.46e-06,6.456679975326719e-09,2.46e-06,6.460107316936633e-09,2.46e-06,6.474600972406823e-09,2.46e-06,6.459214075595076e-09,2.46e-06,6.512271846542107e-09,2.46e-06,6.434039568883668e-09,2.46e-06,6.29792581409673e-09,2.46e-06,6.533833628771265e-09,2.46e-06,6.433081947297182e-09,2.46e-06,6.667957943067227e-09,2.46e-06,6.467473569621684e-09,2.46e-06,6.301345990077259e-09,2.46e-06,6.474383023377586e-09,2.46e-06,6.569149597543387e-09,2.46e-06,6.499397328922763e-09
2.48e-06,6.492718822993371e-09,2.48e-06,6.582237795834495e-09,2.48e-06,6.561969211756927e-09,2.48e-06,6.657839277411638e-09,2.48e-06,6.286451495776637e-09,2.48e-06,6.407909550621119e-09,2.48e-06,6.619634867910766e-09,2.48e-06,6.515931583428029e-09,2.48e-06,6.465614259304351e-09,2.48e-06,6.351210760736643e-09,2.48e-06,6.617131365614682e-09,2.48e-06,6.503351306122659e-09,2.48e-06,6.500616917579112e-09,2.48e-06,6.66729538702986e-09,2.48e-06,6.520969243072391e-09,2.48e-06,6.448593135283902e-09,2.48e-06,6.577149307060396e-09,2.48e-06,6.541699722724513e-09,2.48e-06,6.564432875160028e-09,2.48e-06,6.514369471812652e-09,2.48e-06,6.425955961220486e-09,2.48e-06,6.595415452358515e-09,2.48e-06,6.449432725983421e-09,2.48e-06,6.4280350900178e-09,2.48e-06,6.45824284134318e-09,2.48e-06,6.530713903915519e-09,2.48e-06,6.559576996778083e-09,2.48e-06,6.551925212856541e-09,2.48e-06,6.495855803590497e-09,2.48e-06,6.486333515442656e-09,2.48e-06,6.548718241126781e-09,2.48e-06,6.473025005883417e-09,2.48e-06,6.49936312834518e-09,2.48e-06,6.422779344221243e-09,2.48e-06,6.555696092987145e-09,2.48e-06,6.500365218799976e-09,2.48e-06,6.4969983714244e-09,2.48e-06,6.72004215832949e-09,2.48e-06,6.494004822268621e-09,2.48e-06,6.435742988715582e-09,2.48e-06,6.464400073448282e-09,2.48e-06,6.563342208394193e-09,2.48e-06,6.541605271408487e-09,2.48e-06,6.629589288766238e-09,2.48e-06,6.420100915752848e-09,2.48e-06,6.428685662832015e-09,2.48e-06,6.621603843782157e-09,2.48e-06,6.476328392601237e-09,2.48e-06,6.461082640949844e-09,2.48e-06,6.527107630178811e-09,2.48e-06,6.57080376013825e-09,2.48e-06,6.472065128692528e-09,2.48e-06,6.580964110458359e-09,2.48e-06,6.490155503517278e-09,2.48e-06,6.413280110542814e-09,2.48e-06,6.38141558250047e-09,2.48e-06,6.642454243614075e-09,2.48e-06,6.527696800746498e-09,2.48e-06,6.545703503169376e-09,2.48e-06,6.406895742593758e-09,2.48e-06,6.367381779168108e-09,2.48e-06,6.669220636675368e-09,2.48e-06,6.454747061327909e-09,2.48e-06,6.557741168217794e-09,2.48e-06,6.403241120286358e-09,2.48e-06,6.584327006010762e-09,2.48e-06,6.672939123675222e-09,2.48e-06,6.578423980447056e-09,2.48e-06,6.313378516311847e-09,2.48e-06,6.461115364840264e-09,2.48e-06,6.599328107318832e-09,2.48e-06,6.539699087208012e-09,2.48e-06,6.234512616163579e-09,2.48e-06,6.554316296981079e-09,2.48e-06,6.562499204844096e-09,2.48e-06,6.44821791885007e-09,2.48e-06,6.557635438051829e-09,2.48e-06,6.63946638182623e-09,2.48e-06,6.435557982646595e-09,2.48e-06,6.377458667628826e-09,2.48e-06,6.56827382120856e-09,2.48e-06,6.561347287313445e-09,2.48e-06,6.661759205314658e-09,2.48e-06,6.412211189046739e-09,2.48e-06,6.551574643355799e-09,2.48e-06,6.49752338625681e-09,2.48e-06,6.501775826226755e-09,2.48e-06,6.51671537838512e-09,2.48e-06,6.500803427001014e-09,2.48e-06,6.554567038548075e-09,2.48e-06,6.477310307387543e-09,2.48e-06,6.338147360381993e-09,2.48e-06,6.575984152856581e-09,2.48e-06,6.473590379246215e-09,2.48e-06,6.711548267865624e-09,2.48e-06,6.509541304437399e-09,2.48e-06,6.341154318053099e-09,2.48e-06,6.517006298171261e-09,2.48e-06,6.610782557352666e-09,2.48e-06,6.540949196788212e-09
2.5e-06,6.533965990151507e-09,2.5e-06,6.624828567424839e-09,2.5e-06,6.604273439085488e-09,2.5e-06,6.699886785711621e-09,2.5e-06,6.327149546335611e-09,2.5e-06,6.448427116311374e-09,2.5e-06,6.661410946106065e-09,2.5e-06,6.557909708397645e-09,2.5e-06,6.50804297747909e-09,2.5e-06,6.391922965490096e-09,2.5e-06,6.659380130186199e-09,2.5e-06,6.545364231981799e-09,2.5e-06,6.541887196578346e-09,2.5e-06,6.71174728263153e-09,2.5e-06,6.56244493505641e-09,2.5e-06,6.489549329103982e-09,2.5e-06,6.619270996001882e-09,2.5e-06,6.582894043616744e-09,2.5e-06,6.606529437896705e-09,2.5e-06,6.555981211152634e-09,2.5e-06,6.467707120752333e-09,2.5e-06,6.637596512930086e-09,2.5e-06,6.49093241795937e-09,2.5e-06,6.469484061176542e-09,2.5e-06,6.498336699490749e-09,2.5e-06,6.572145571700342e-09,2.5e-06,6.60133421867383e-09,2.5e-06,6.593173778905592e-09,2.5e-06,6.537423648863194e-09,2.5e-06,6.528511656566906e-09,2.5e-06,6.589992700285303e-09,2.5e-06,6.514995841446121e-09,2.5e-06,6.540826292675268e-09,2.5e-06,6.463362992472522e-09,2.5e-06,6.59797019791954e-09,2.5e-06,6.541357057691162e-09,2.5e-06,6.53880318703825e-09,2.5e-06,6.764068655511687e-09,2.5e-06,6.535361801500878e-09,2.5e-06,6.478005021147429e-09,2.5e-06,6.505976209846844e-09,2.5e-06,6.605715207086723e-09,2.5e-06,6.583530643461785e-09,2.5e-06,6.672037339324456e-09,2.5e-06,6.460976130837109e-09,2.5e-06,6.469816657310863e-09,2.5e-06,6.664213045524172e-09,2.5e-06,6.518286908201867e-09,2.5e-06,6.50212882081258e-09,2.5e-06,6.568749545661246e-09,2.5e-06,6.612837989866854e-09,2.5e-06,6.513245879935936e-09,2.5e-06,6.622995509601412e-09,2.5e-06,6.531870647024431e-09,2.5e-06,6.454275996799603e-09,2.5e-06,6.421919085742906e-09,2.5e-06,6.685233675313145e-09,2.5e-06,6.568926881326727e-09,2.5e-06,6.58753360857713e-09,2.5e-06,6.448039856064925e-09,2.5e-06,6.408425747493032e-09,2.5e-06,6.711484938954173e-09,2.5e-06,6.495679963293172e-09,2.5e-06,6.599805380700371e-09,2.5e-06,6.444300901817468e-09,2.5e-06,6.6268148866251e-09,2.5e-06,6.715456235484093e-09,2.5e-06,6.619995869258334e-09,2.5e-06,6.35381393181098e-09,2.5e-06,6.502984649939969e-09,2.5e-06,6.641675182032379e-09,2.5e-06,6.581505886426909e-09,2.5e-06,6.274968001254005e-09,2.5e-06,6.595718431887905e-09,2.5e-06,6.60483024625601e-09,2.5e-06,6.490257270458878e-09,2.5e-06,6.599382144882509e-09,2.5e-06,6.682386877219195e-09,2.5e-06,6.477013349507597e-09,2.5e-06,6.418158696491301e-09,2.5e-06,6.611471627531312e-09,2.5e-06,6.604359527118713e-09,2.5e-06,6.703643961637101e-09,2.5e-06,6.452892615126643e-09,2.5e-06,6.593398517876671e-09,2.5e-06,6.539814736336224e-09,2.5e-06,6.543557244301583e-09,2.5e-06,6.558480873910293e-09,2.5e-06,6.542204796882845e-09,2.5e-06,6.596500262305603e-09,2.5e-06,6.51838884946844e-09,2.5e-06,6.377872033455255e-09,2.5e-06,6.618425020805433e-09,2.5e-06,6.51536656659622e-09,2.5e-06,6.753903611632149e-09,2.5e-06,6.551263255352785e-09,2.5e-06,6.381467655228031e-09,2.5e-06,6.558737936427378e-09,2.5e-06,6.652429837325783e-09,2.5e-06,6.581826951968639e-09
2.52e-06,6.575499410488441e-09,2.52e-06,6.667520877650206e-09,2.52e-06,6.645331261165662e-09,2.52e-06,6.742854368994547e-09,2.52e-06,6.367620221484524e-09,2.52e-06,6.489967203046791e-09,2.52e-06,6.703855104257184e-09,2.52e-06,6.598726846210293e-09,2.52e-06,6.549394147058794e-09,2.52e-06,6.433190754916577e-09,2.52e-06,6.701534350504142e-09,2.52e-06,6.587144276199844e-09,2.52e-06,6.584021004250876e-09,2.52e-06,6.754583748320562e-09,2.52e-06,6.603601493759555e-09,2.52e-06,6.530994824071314e-09,2.52e-06,6.661579009955464e-09,2.52e-06,6.625595964749587e-09,2.52e-06,6.647781245367047e-09,2.52e-06,6.597599371622605e-09,2.52e-06,6.508523569360558e-09,2.52e-06,6.679868304648328e-09,2.52e-06,6.532027413302569e-09,2.52e-06,6.510830088248123e-09,2.52e-06,6.540677148503621e-09,2.52e-06,6.614478985829415e-09,2.52e-06,6.643459182933128e-09,2.52e-06,6.635298374384315e-09,2.52e-06,6.579325827503867e-09,2.52e-06,6.569820256305841e-09,2.52e-06,6.632077046782689e-09,2.52e-06,6.555998429234074e-09,2.52e-06,6.581841278838725e-09,2.52e-06,6.504757191344065e-09,2.52e-06,6.640764958102525e-09,2.52e-06,6.58385772989831e-09,2.52e-06,6.580244274633188e-09,2.52e-06,6.807294728278448e-09,2.52e-06,6.576979588990277e-09,2.52e-06,6.519150241842134e-09,2.52e-06,6.547068344776277e-09,2.52e-06,6.647134948239728e-09,2.52e-06,6.625668110306964e-09,2.52e-06,6.714408683483847e-09,2.52e-06,6.501799335473838e-09,2.52e-06,6.51044825661021e-09,2.52e-06,6.706655619637964e-09,2.52e-06,6.559605814479266e-09,2.52e-06,6.54349352259014e-09,2.52e-06,6.610680523799705e-09,2.52e-06,6.655045349990833e-09,2.52e-06,6.553957227316286e-09,2.52e-06,6.664993189514981e-09,2.52e-06,6.573492323621454e-09,2.52e-06,6.495521555814525e-09,2.52e-06,6.463131724853002e-09,2.52e-06,6.72734533869305e-09,2.52e-06,6.611008488958719e-09,2.52e-06,6.629606878226901e-09,2.52e-06,6.489089438396253e-09,2.52e-06,6.449975826186447e-09,2.52e-06,6.753246108011735e-09,2.52e-06,6.537165230036576e-09,2.52e-06,6.64231565204521e-09,2.52e-06,6.484636207001443e-09,2.52e-06,6.669058385778697e-09,2.52e-06,6.758338285895774e-09,2.52e-06,6.662037057012744e-09,2.52e-06,6.394409567996331e-09,2.52e-06,6.544386201333406e-09,2.52e-06,6.684203808207128e-09,2.52e-06,6.623055867592965e-09,2.52e-06,6.314839154516124e-09,2.52e-06,6.63775002906542e-09,2.52e-06,6.646415152975946e-09,2.52e-06,6.532252380628436e-09,2.52e-06,6.6418969291369e-09,2.52e-06,6.724963167779139e-09,2.52e-06,6.517481841728644e-09,2.52e-06,6.458823833547213e-09,2.52e-06,6.653431955556885e-09,2.52e-06,6.646907759649671e-09,2.52e-06,6.74650386567502e-09,2.52e-06,6.493957287293998e-09,2.52e-06,6.634984654684137e-09,2.52e-06,6.580723430978414e-09,2.52e-06,6.584092329117238e-09,2.52e-06,6.599510318915388e-09,2.52e-06,6.583706930233701e-09,2.52e-06,6.639395909982987e-09,2.52e-06,6.56037729385993e-09,2.52e-06,6.4191453148933e-09,2.52e-06,6.659409558982135e-09,2.52e-06,6.556650299042886e-09,2.52e-06,6.797321647327007e-09,2.52e-06,6.593111460477579e-09,2.52e-06,6.422571728900474e-09,2.52e-06,6.600297058177197e-09,2.52e-06,6.694778227485914e-09,2.52e-06,6.624679568533178e-09
