P_inst X,P_inst Y
6.000000000000001e-08,5.456086271671938e-05
6.003419620726617e-08,5.456236448129548e-05
6.007710865588966e-08,5.560521168447246e-05
6.009247007390346e-08,5.893483439519557e-05
6.010024794027022e-08,6.15036276200661e-05
6.01076032055786e-08,6.329286945900602e-05
6.011480286000276e-08,6.42334806594623e-05
6.012021540070403e-08,7.052115542477891e-05
6.012562924137167e-08,9.195721838502377e-05
6.013123352941639e-08,0.0001155324062106755
6.013671880321077e-08,0.0001224568610250818
6.014076093985599e-08,0.000117162969681445
6.014582609584534e-08,0.0001135467230315298
6.014793362162379e-08,0.0001209644321358081
6.014972573669232e-08,0.0001325493050926703
6.01516168870431e-08,0.0001470999644350212
6.01538158681526e-08,0.0001667646853408878
6.015574187122762e-08,0.0002003635021788937
6.015780319856033e-08,0.0002309021111595202
6.015941296574712e-08,0.0002502652561398089
6.016085243777561e-08,0.0002892018890265653
6.016237703340171e-08,0.0003453736923899837
6.016380998436063e-08,0.0003927720732739365
6.016541622823197e-08,0.0004247935358315987
6.016738609818489e-08,0.0004522200444792195
6.016907184268328e-08,0.0004691697652836055
6.017011847635187e-08,0.000474107334821626
6.017122085784926e-08,0.0004770289863966262
6.017226691614938e-08,0.0004788252113551982
6.017363310001831e-08,0.0004764007026636496
6.017486939650522e-08,0.0004666698295606356
6.017603572519478e-08,0.0004513654664411686
6.017748793367729e-08,0.0004263940067300977
6.017949224798975e-08,0.0003922737184179955
6.018084140012105e-08,0.0003796739842149431
6.018226271744375e-08,0.0003749497427742125
6.018341262089352e-08,0.0003716433362698674
6.018457010743563e-08,0.0003630784171390242
6.018601551919919e-08,0.0003364022232529013
6.018712226864264e-08,0.0003043400428819327
6.018803133286823e-08,0.0002754371310225075
6.018883200501332e-08,0.0002514861188492621
6.018990342701303e-08,0.0002301767666541548
6.019082163312475e-08,0.0002214058287438257
6.019173279403263e-08,0.000212726981184507
6.019264866848478e-08,0.0002050197428871789
6.019367471135371e-08,0.0001969780008502547
6.019492752389608e-08,0.0001872794981539106
6.0195839275909e-08,0.0001809480499779306
6.019692970503392e-08,0.0001741491312975605
6.01986339646413e-08,0.0001648566354110829
6.020000000000001e-08,0.0001582926920328696
6.020157612875041e-08,0.0001516076325844262
6.020367439166219e-08,0.0001435258657503978
6.020583036181468e-08,0.0001361653109812943
6.02095312116739e-08,0.0001251786386046067
6.021408117326094e-08,0.000113945172374444
6.021919590087277e-08,0.0001039800479219639
6.022494508952415e-08,9.54109898479129e-05
6.023199148966727e-08,8.713716535358455e-05
6.024131249362119e-08,7.837449609641004e-05
6.025110761722249e-08,7.199563813490068e-05
6.026485970061108e-08,6.814992896530639e-05
6.027452232118261e-08,6.795891971273392e-05
6.028148533410519e-08,6.809265807999708e-05
6.028658575800725e-08,6.775435154131296e-05
6.029172445888304e-08,6.670542419908059e-05
6.029571487716323e-08,6.550515545401047e-05
6.030027931895662e-08,6.383981303582583e-05
6.030658584564556e-08,6.159634701557087e-05
6.031122684135909e-08,6.069753650855396e-05
6.031577278645246e-08,6.042402247249845e-05
6.032055943143983e-08,6.058525226143954e-05
6.032852897473198e-08,6.124557332770447e-05
6.033802703554874e-08,6.194577355916343e-05
6.03479448695595e-08,6.215303026966653e-05
6.035891591799344e-08,6.178440870534328e-05
6.037067144312673e-08,6.091120612106335e-05
6.03856491881361e-08,6.121613993045578e-05
6.039413410444476e-08,6.894007676212998e-05
6.040157799988559e-08,7.962725825432304e-05
6.040895053830765e-08,8.632839958607819e-05
6.041880898345114e-08,9.028050943923058e-05
6.042629128964483e-08,0.0001385473629210909
6.043005010343344e-08,0.0001827492030342672
6.043398258760213e-08,0.0002064716210778212
6.043623210287977e-08,0.0002392313735629522
6.043761785645061e-08,0.0003128225225242216
6.043932074901312e-08,0.000445673543166469
6.044064745989553e-08,0.0005332478023168428
6.044220248177055e-08,0.0005987006898614345
6.044327095632673e-08,0.0006672691003370979
6.044437459966144e-08,0.0007224487091046214
6.044521331526778e-08,0.0007244110122913527
6.044609673565937e-08,0.0006865161053395889
6.044691851078865e-08,0.0006196841015607543
6.044746740243258e-08,0.0005701012091259873
6.044804176484099e-08,0.0005215453995738408
6.044856054124855e-08,0.0004826461871007086
6.044946468653696e-08,0.0004322645931498337
6.045039360637515e-08,0.0003969802649858283
6.045132251853674e-08,0.0003695088435132737
6.045221385957059e-08,0.0003474055498114271
6.045317307236912e-08,0.000325224286398314
6.045430752299069e-08,0.0002966087311076019
6.045562324330488e-08,0.0002627913926869566
6.045703689679728e-08,0.0002374708555449437
6.045810771537147e-08,0.0002170387720660756
6.04592038012151e-08,0.0001877456174608966
6.045997969673021e-08,0.0001734003718498649
6.0460773452055e-08,0.0001696974537085062
6.046169812425644e-08,0.0001692731384097381
6.046288986938453e-08,0.0001657526800392662
6.046409027344859e-08,0.0001586999146311183
6.046539502616642e-08,0.0001505495728982263
6.046682342366035e-08,0.000142580340177771
6.046874788969477e-08,0.0001332401932971177
6.04707534035587e-08,0.0001245222872792853
6.047289056056691e-08,0.0001164624859090008
6.047537469022661e-08,0.0001129005391253098
6.04787855363033e-08,0.0001316969429793464
6.048140729103859e-08,0.000161291565717001
6.048387663821321e-08,0.000180785559983899
6.048723487441614e-08,0.0001882197086455677
6.048907225804651e-08,0.0002105367484617791
6.0490428034467e-08,0.0002412426618597258
6.049179724390626e-08,0.0002740056181158306
6.049350136796758e-08,0.0003105957439926718
6.049494064998867e-08,0.0003725949834183985
6.049646889736352e-08,0.000447736802781498
6.049768616031079e-08,0.0004950150672923777
6.049871309401588e-08,0.0005519308912103267
6.049993800915071e-08,0.000639673106854109
6.050120444159875e-08,0.000701813609626877
6.050223597049667e-08,0.0007187135669511081
6.05035775481045e-08,0.0007067127751103177
6.050555572720767e-08,0.0006983299627866499
6.050709331654056e-08,0.0007629224465160281
6.050868650382801e-08,0.0008308171066905877
6.051031698472941e-08,0.0008365606598989351
6.051180195702241e-08,0.0007864468744113479
6.051405909121945e-08,0.0006503814784199517
6.051632819190788e-08,0.0004950674946139714
6.05183535499632e-08,0.0003739071792979215
6.052051010500826e-08,0.0002705552014922321
6.052365781058591e-08,0.0001621847601544215
6.052726101159962e-08,9.464758139981247e-05
6.053095506020965e-08,6.830989087392836e-05
6.053470215730274e-08,6.021716729256555e-05
6.053889272844897e-08,5.760929665912887e-05
6.054319682816421e-08,5.667320265140699e-05
6.054841849690379e-08,5.610004787286033e-05
6.055512515679983e-08,5.565482337887797e-05
6.056492999683903e-08,5.526433195409983e-05
6.057879000903654e-08,5.497197163572144e-05
6.059919794526353e-08,5.477847910285709e-05
6.062365710316164e-08,5.468541418421572e-05
6.065436987341237e-08,5.463901303850993e-05
6.069306548867338e-08,5.461576375951382e-05
6.074401666398662e-08,5.46026782660099e-05
6.081150606140953e-08,5.459408134858202e-05
6.090269046982118e-08,5.458748871632607e-05
6.10301092245249e-08,5.458214255908407e-05
6.12211989182659e-08,5.457775292912309e-05
6.154642555307856e-08,5.457409191343443e-05
6.201282271584855e-08,5.457168901006968e-05
6.267314646438951e-08,5.457011580498554e-05
6.36087712929834e-08,5.456907326754645e-05
6.497400261736709e-08,5.456836744911554e-05
6.696540904001858e-08,5.456788907207453e-05
6.984173474784936e-08,5.456756343850813e-05
7.200000000000001e-08,5.456742605956694e-05
7.205000000000001e-08,5.46283965733145e-05
7.206382031730428e-08,5.505757255409152e-05
7.207889648669076e-08,5.695004244535717e-05
7.208635414282683e-08,5.889309254034605e-05
7.209328143091426e-08,6.114451123528048e-05
7.210138361393919e-08,6.31148362808072e-05
7.21082377525634e-08,6.363150305545781e-05
7.211307136788442e-08,6.767056697151575e-05
7.211795877184345e-08,8.359773413957471e-05
7.212314095583615e-08,0.0001057058972331291
7.21276437251568e-08,0.0001145712236366166
7.213204834025224e-08,0.0001224757716618881
7.213606628771604e-08,0.0002193094139935601
7.213912203405921e-08,0.0003333040999089848
7.214148974890246e-08,0.000393917606401379
7.214447195888787e-08,0.0004457680335083177
7.214600690145472e-08,0.0004880061955395715
7.214699261862092e-08,0.0005138426172728468
7.214817616340304e-08,0.0005285357064745868
7.214903513826795e-08,0.0005242983072474174
7.214992316929884e-08,0.0005074365319612978
7.215085757622692e-08,0.0004783699153954844
7.215180022322837e-08,0.00044557180192367
7.215248339310962e-08,0.0004240856197575455
7.215332866060827e-08,0.0004028800575124506
7.215428312742864e-08,0.0003814289693509832
7.215528813676508e-08,0.0003586907782988509
7.215622241555051e-08,0.0003373051800639426
7.215727972536524e-08,0.0003126046090915901
7.215861822231442e-08,0.000280512040729578
7.216038549789954e-08,0.0002375939137489495
7.216246894235516e-08,0.0001900657859719038
7.216477229988231e-08,0.000150570639037219
7.216763838043049e-08,0.0001248205577681138
7.217019254515096e-08,0.0001124359032502525
7.217263474589069e-08,0.0001046840468397861
7.217446140554075e-08,0.00010025294579808
7.217630685955541e-08,9.650114066405262e-05
7.217899653310361e-08,9.206925846457726e-05
7.218207888580054e-08,8.906982043050847e-05
7.218481013967461e-08,8.932329241808694e-05
7.218747319712726e-08,9.227599590029247e-05
7.219001278798222e-08,9.778384791851224e-05
7.219365015097957e-08,0.0001101516661125891
7.219682507548979e-08,0.0001237617434781951
7.220000000000001e-08,0.0001366256513565244
7.220182426968578e-08,0.0001414569001511605
7.220484685326479e-08,0.0001463977267748971
7.220785054168812e-08,0.0001455856507057696
7.2211949475749e-08,0.0001406618122544049
7.221600859432777e-08,0.0001401516231048166
7.221800708546978e-08,0.0001418169882429643
7.222018506433732e-08,0.0001405044737056485
7.222201550812294e-08,0.0001349014163399205
7.222433997237683e-08,0.0001221357904113648
7.22261245469425e-08,0.0001115057038171508
7.222739954273283e-08,0.0001059089384752386
7.222881650854671e-08,0.0001016811044914896
7.223008522383512e-08,9.843499743045998e-05
7.223143775955411e-08,9.493924869084626e-05
7.223295427514493e-08,9.089061959035661e-05
7.223509950187599e-08,8.526552599977767e-05
7.223875662395408e-08,7.759209312361553e-05
7.224201722524314e-08,7.337571524807013e-05
7.224587677807806e-08,7.052884444050965e-05
7.225116296052937e-08,6.819468146223894e-05
7.225947371734516e-08,6.560361813440667e-05
7.227177341277812e-08,6.309025865509293e-05
7.228919983388103e-08,6.249393989964875e-05
7.231152126524787e-08,6.607890315973728e-05
7.232852123633278e-08,6.862252717723368e-05
7.23346171944205e-08,6.843807638910182e-05
7.234137522531527e-08,6.679685399088365e-05
7.234421422303134e-08,6.574191271351847e-05
7.234936581671718e-08,6.350645764376483e-05
7.235275679271423e-08,6.231657489567404e-05
7.235617695498786e-08,6.172002861813173e-05
7.236026656510541e-08,6.176788994305371e-05
7.236427779722645e-08,6.246137620877251e-05
7.237046658209788e-08,6.397564858245906e-05
7.237955725866356e-08,6.562494298311611e-05
7.23883792510256e-08,6.587357443500686e-05
7.239687684897294e-08,6.505062370285735e-05
7.240517855356455e-08,6.446469452165046e-05
7.241229743646482e-08,7.262975417939501e-05
7.241999803215883e-08,9.074458934014928e-05
7.242575482867713e-08,9.763767418077241e-05
7.24338372965879e-08,0.0001039988861288222
7.243806928771716e-08,0.000146501844111561
7.243939631764049e-08,0.0001703182300158546
7.244076470179235e-08,0.0001976067039666453
7.244185642105754e-08,0.0002198844371055239
7.244353406916318e-08,0.0002683070897217783
7.244465519088648e-08,0.0003181673558869611
7.244584409604246e-08,0.0003649963913325366
7.244687702110551e-08,0.0003796685118516916
7.244747315441134e-08,0.0003766659252792127
7.244806928771716e-08,0.0003705182975166789
7.244832026571672e-08,0.0003599327753836441
7.244866595146752e-08,0.0003474723018145727
7.244899035856672e-08,0.0003373415609122977
7.244961340970294e-08,0.0003205455859992615
7.245051662362051e-08,0.0003029384391354723
7.245147683576202e-08,0.0002965746965417438
7.245247119357812e-08,0.0003036762859432581
7.245342368097494e-08,0.0003155574655097054
7.245454736708046e-08,0.0003243175863031324
7.245542931554815e-08,0.0003180851000298204
7.245633787642884e-08,0.0002958449676121975
7.245698542150962e-08,0.0002764144190641706
7.245767233305121e-08,0.0002645231074413613
7.24583722588361e-08,0.0002724817325358242
7.245934128939947e-08,0.0003132580346031858
7.246029291386063e-08,0.0003685331208928165
7.246127834539856e-08,0.0004177429361161971
7.246215817627734e-08,0.0004363687799430975
7.246288979310114e-08,0.0004390972223328743
7.246366847781628e-08,0.0004472673914089875
7.246436301709923e-08,0.0004577486368765824
7.246521494825562e-08,0.0004622579903259397
7.246633059043367e-08,0.0004515502243606373
7.246719539554499e-08,0.0004360866413643447
7.246820325820224e-08,0.0004175357920989503
7.246940273357246e-08,0.000397009347810892
7.247050377151924e-08,0.000378824668259794
7.247154773804445e-08,0.0003618139157159154
7.247281102395182e-08,0.0003409146848704328
7.247508303258205e-08,0.0003080485132328276
7.247766885899882e-08,0.0002991806543141134
7.248004857546156e-08,0.0003329610330869752
7.248154360770818e-08,0.0003699259990546576
7.248311156665946e-08,0.0003900077140617947
7.248444565300891e-08,0.0003770832617318063
7.24862174695894e-08,0.0003474172971387375
7.248749097802548e-08,0.000355388115796409
7.248885809444703e-08,0.0003782029887312435
7.248981966117288e-08,0.0003954321804345184
7.249093486015576e-08,0.0004129913215644953
7.249213994610855e-08,0.0004259656819196017
7.249334739571438e-08,0.0004309052614788737
7.249449851824596e-08,0.0004279254614408778
7.249575529711711e-08,0.0004194461336322549
7.249736526299079e-08,0.0004235010215252763
7.249892782709153e-08,0.0004857870482152637
7.250099758605507e-08,0.0005915131010804782
7.250236286345727e-08,0.0006178510003645844
7.250372194624416e-08,0.000604491152669078
7.250552537393909e-08,0.0005515814567668196
7.250713746033286e-08,0.000513890142930977
7.250873293839053e-08,0.0005275811475301432
7.251066663427088e-08,0.0005995603866610153
7.251309985081606e-08,0.0006621605290511103
7.251519372827985e-08,0.0006333402206277737
7.251722774901694e-08,0.0005471119350042484
7.251978471452898e-08,0.0004164208656762836
7.252208765450931e-08,0.000312617318896585
7.252434599337334e-08,0.0002310065966781626
7.252724359110171e-08,0.0001528696500191798
7.253123724039338e-08,9.118538223778137e-05
7.253527342572312e-08,6.683391686161486e-05
7.253976749364511e-08,5.895596362371456e-05
7.254444123118141e-08,5.701348967778003e-05
7.254934397483817e-08,5.646396882954425e-05
7.25551527060022e-08,5.618326319483074e-05
7.256276926854819e-08,5.593265207488007e-05
7.257373170547893e-08,5.564951796597297e-05
7.259072880010364e-08,5.532666754627025e-05
7.261878781252402e-08,5.499640127203574e-05
7.267031533666008e-08,5.472558613022314e-05
7.274403953490781e-08,5.461420282206658e-05
7.283263230014859e-08,5.458487674610524e-05
7.29433916388495e-08,5.457571262853501e-05
7.309546610238326e-08,5.457093279281869e-05
7.33295070208313e-08,5.456748328700851e-05
7.370386871439738e-08,5.456505417469617e-05
7.423357812910362e-08,5.456358416411502e-05
7.498351678872916e-08,5.456260590038812e-05
7.605453057374554e-08,5.456186327191129e-05
7.761463648265874e-08,5.4561260693508e-05
7.880731824132936e-08,5.456097747398005e-05
8e-08,5.456077579212929e-05
8.003464445993006e-08,5.45623655025026e-05
8.00779381329663e-08,5.570781908984685e-05
8.009319586634552e-08,5.916260109241369e-05
8.010101171365298e-08,6.173433326689637e-05
8.01116367971377e-08,6.373487893370878e-05
8.011912174777358e-08,6.807911515401582e-05
8.012471179111592e-08,8.750201880368241e-05
8.013144657304122e-08,0.0001160269926776069
8.013682136073256e-08,0.0001223522625727753
8.014095880058853e-08,0.0001167534922212027
8.014592684770789e-08,0.0001137501961763426
8.014803525704457e-08,0.000121561530812086
8.014983144537757e-08,0.0001334177868202523
8.015170197869746e-08,0.0001478417728209055
8.015402892766103e-08,0.0001698076871195498
8.015592577117671e-08,0.0002040366559543698
8.015802666010175e-08,0.000233181351159184
8.015957248266533e-08,0.0002536204223854831
8.016105908700552e-08,0.0002968290896913025
8.016254040254553e-08,0.0003518333279112976
8.016401503775202e-08,0.0003985572762777602
8.016564374496969e-08,0.000428080871169874
8.016761494450758e-08,0.0004553268620088953
8.016930112305093e-08,0.0004707106198152347
8.017032810311211e-08,0.0004748573080742224
8.01713840379811e-08,0.0004773996448406075
8.017250652364953e-08,0.0004789666917908213
8.017397732947575e-08,0.0004743929695954233
8.017515669602288e-08,0.0004632865368300825
8.017636559279085e-08,0.0004459733468240726
8.017796739145666e-08,0.0004173202114989338
8.018003911706422e-08,0.0003857551960867077
8.018137049244815e-08,0.0003771559183855494
8.018266461963696e-08,0.0003739505016182151
8.018373294625576e-08,0.0003698986883822253
8.018512376291672e-08,0.0003550724770604218
8.018639718189533e-08,0.0003257240084023873
8.018755579581219e-08,0.0002901884347294025
8.018836940170946e-08,0.0002647377433897685
8.018925745505259e-08,0.000240596696164823
8.019039229912166e-08,0.0002251010231966281
8.019124753501648e-08,0.0002173108838925679
8.019219064627834e-08,0.0002086015163333344
8.019312162271063e-08,0.0002012528402080652
8.019402102906368e-08,0.0001941183069624422
8.019496903451059e-08,0.0001869065879275856
8.019589967252967e-08,0.0001804692212593773
8.019712232513403e-08,0.0001729681217862283
8.019856116256702e-08,0.0001651721953853698
8.02e-08,0.000158244013798943
8.020158455996241e-08,0.0001515292465112264
8.020367394166912e-08,0.0001434871109436511
8.020586028984203e-08,0.0001360310951967431
8.020956696749099e-08,0.0001250473510578819
8.02141259832049e-08,0.0001138173811994489
8.021924354083601e-08,0.0001038759759174936
8.022500546796652e-08,9.531295265302297e-05
8.023207035242681e-08,8.703792175027183e-05
8.024142724193348e-08,7.826985081400526e-05
8.025124593038973e-08,7.192185586730956e-05
8.02650558419883e-08,6.813004295870464e-05
8.027476215788454e-08,6.796516978647533e-05
8.028163634796045e-08,6.809031918645211e-05
8.028672506862165e-08,6.773139998671223e-05
8.02918161013257e-08,6.667399519004595e-05
8.029585563280403e-08,6.544943146915472e-05
8.030044911317418e-08,6.376414877471779e-05
8.030680597039815e-08,6.153266926531195e-05
8.031136940154466e-08,6.067766778447627e-05
8.031605914097108e-08,6.042329156516502e-05
8.032087298865134e-08,6.06069914385131e-05
8.032903522858121e-08,6.129252826447266e-05
8.03385234128209e-08,6.197089895223426e-05
8.034852349977508e-08,6.214741321979918e-05
8.035952882677338e-08,6.174748483292323e-05
8.037139049637304e-08,6.084527453579723e-05
8.038652883775467e-08,6.16331390663445e-05
8.039488270812224e-08,6.998850349463137e-05
8.040528892644527e-08,8.374801739753323e-05
8.041273443128793e-08,8.740515303405308e-05
8.041562065535346e-08,8.784838565676151e-05
8.042139310348453e-08,9.887453309943278e-05
8.042535711258437e-08,0.000130902966043592
8.042989238604084e-08,0.0001836407174093951
8.043315491129706e-08,0.0002057415500649322
8.043568428668523e-08,0.0002238300701473004
8.043702883216588e-08,0.0002770712279763616
8.043835164649776e-08,0.0003692369994854234
8.043968139607018e-08,0.0004757663714394124
8.044111135902244e-08,0.0005549695883068677
8.044283147902826e-08,0.0006389526254332199
8.044406765154061e-08,0.0007123617174209539
8.044509424770993e-08,0.0007260600552608401
8.044594622987894e-08,0.0006942863680886423
8.044673903074344e-08,0.0006342207634321559
8.044736461111581e-08,0.0005774072727782734
8.044804558729528e-08,0.0005199429607770555
8.044853897566811e-08,0.0004830952582408136
8.044943632899386e-08,0.0004329975114538106
8.045036354935518e-08,0.0003976525175127889
8.045129016631618e-08,0.0003701363151156936
8.04521816793708e-08,0.0003479416434793804
8.045313931243806e-08,0.0003257726490091278
8.045427166918372e-08,0.0002972733221422486
8.04555880426834e-08,0.0002635403888652968
8.045699768356193e-08,0.0002385789929839196
8.045806392874867e-08,0.0002186229567792163
8.045915319004245e-08,0.0001892127261825801
8.045989113176476e-08,0.0001742591943903904
8.046066463526774e-08,0.0001695597571150747
8.046156305063824e-08,0.0001692104949208855
8.046275984593994e-08,0.0001662791723222623
8.046396987522143e-08,0.0001594328435494122
8.046522645427653e-08,0.0001515582581671924
8.046661222744887e-08,0.000143708586149447
8.046843971575988e-08,0.0001346825384325934
8.047045542629268e-08,0.0001258003778663872
8.047255483652648e-08,0.0001175951582312227
8.047497865854478e-08,0.0001127633141853211
8.047821171251421e-08,0.0001260561863685964
8.048071293928261e-08,0.0001522284365515224
8.048284585044003e-08,0.000170748981552331
8.048556890120738e-08,0.0001802943882405336
8.048708134043568e-08,0.0001903736418577552
8.048825695946137e-08,0.0002010226267560852
8.048946562425371e-08,0.0002093896381999756
8.049082426629691e-08,0.0002185212163520191
8.049219005684154e-08,0.0002473543322354137
8.049339277225555e-08,0.0002953598387311953
8.049427946585941e-08,0.0003290451987813873
8.049518309842484e-08,0.000356761924867542
8.049636675320826e-08,0.0003827177635062933
8.049781641249809e-08,0.0004160201875539973
8.049903945418687e-08,0.0004842780376104303
8.050036391908797e-08,0.0005765540162884794
8.050139096212252e-08,0.000622474547955719
8.050242845626694e-08,0.0006397165737188815
8.050395332918832e-08,0.0006313227119899211
8.050593277764476e-08,0.0006566454801222527
8.050745719805712e-08,0.0007435489719497878
8.050908055504842e-08,0.0008134572728899913
8.051053894755796e-08,0.000818454981884065
8.051218743245467e-08,0.0007651679993846153
8.051445679558574e-08,0.0006347986386933527
8.051664123523377e-08,0.0004940422438874541
8.051867613735342e-08,0.0003774058234029768
8.05209082707239e-08,0.0002726267064934176
8.052440018889125e-08,0.000155474253976564
8.052805196864081e-08,9.129315157734891e-05
8.053205653798032e-08,6.604002937308794e-05
8.053586040068746e-08,5.930383414232089e-05
8.054009060767784e-08,5.712616376953826e-05
8.054447606988292e-08,5.631915685463716e-05
8.054993535099902e-08,5.581271084839939e-05
8.055703109878449e-08,5.542369013358417e-05
8.056758000020614e-08,5.50911071763773e-05
8.058263853247487e-08,5.485605334463903e-05
8.060365348644927e-08,5.471846047343381e-05
8.062900887551181e-08,5.46550600445862e-05
8.066075832000842e-08,5.462414256011723e-05
8.070111354378495e-08,5.460749307322154e-05
8.075446216222012e-08,5.459657665855085e-05
8.082626941229975e-08,5.458829824102984e-05
8.092679008150081e-08,5.45816016558788e-05
8.107778695087298e-08,5.457607656883289e-05
8.133679378985775e-08,5.457141024896576e-05
8.170958594595851e-08,5.456833741283903e-05
8.223593389200194e-08,5.456632390379066e-05
8.297975081700982e-08,5.456498567302104e-05
8.406399999837614e-08,5.456407619514693e-05
8.564583639363488e-08,5.456346444917135e-05
8.793428423413539e-08,5.45630521598387e-05
8.99671421170677e-08,5.456285480178418e-05
9.2e-08,5.456272403714294e-05
9.205000000000001e-08,5.462369726198691e-05
9.20638225630883e-08,5.505300995464371e-05
9.207889671583119e-08,5.694539377930386e-05
9.208635481548948e-08,5.888859442826878e-05
9.20932833833967e-08,6.114041638503482e-05
9.210138657941442e-08,6.311052666401489e-05
9.210824220359784e-08,6.362745496862031e-05
9.211307529631315e-08,6.767329409011619e-05
9.21179627586299e-08,8.361056138171148e-05
9.212314451566965e-08,0.0001057154038907209
9.212764846724214e-08,0.0001145817309781959
9.213205262786431e-08,0.0001229310309885674
9.213607209509304e-08,0.0002213274683640107
9.213912943364972e-08,0.0003363011445341645
9.21414973358067e-08,0.0003970915794999001
9.214447742684861e-08,0.000448696946795455
9.214600802572264e-08,0.000490622689264074
9.214699449538442e-08,0.0005163047023026122
9.214817735378799e-08,0.000530852277613085
9.214903908178546e-08,0.0005264759211546843
9.214990648701782e-08,0.0005097764318019058
9.215083199107775e-08,0.0004805650016069906
9.215177023499372e-08,0.0004472162854928766
9.215245145074633e-08,0.0004252580128472556
9.215328573758945e-08,0.0004038169310164007
9.215424122873199e-08,0.0003820630598809438
9.215524842375668e-08,0.0003591743052290979
9.215618037794903e-08,0.0003378108242029098
9.215723092087738e-08,0.0003132545567951164
9.215855606583052e-08,0.0002814833976163829
9.216032192282103e-08,0.0002386048520356089
9.216240300307975e-08,0.0001910559500864449
9.216471508827156e-08,0.0001512091712728236
9.216759270557286e-08,0.0001252274116931157
9.217016447094665e-08,0.000112740098153298
9.217261242737584e-08,0.0001049672091584558
9.217444856391314e-08,0.0001004914211275727
9.217629770253713e-08,9.667723038060005e-05
9.21789870865271e-08,9.206909793375814e-05
9.218207247340126e-08,8.867759341442158e-05
9.218479757012628e-08,8.839625688521712e-05
9.218747046495329e-08,9.066156234022714e-05
9.219001088769916e-08,9.53802174109933e-05
9.219365895962089e-08,0.0001066944131520715
9.219682947981045e-08,0.0001199149637869081
9.220000000000001e-08,0.0001333895534447251
9.220185970233676e-08,0.0001392039398401955
9.220489230396707e-08,0.0001458921097948239
9.220790780881672e-08,0.0001463593211604171
9.221190571502543e-08,0.0001418563806530557
9.221587056304066e-08,0.0001395185027467601
9.221783334637959e-08,0.0001411389582275122
9.221953664563669e-08,0.0001420539745815932
9.222122137430244e-08,0.000140346286124456
9.222408184284372e-08,0.0001292606683049348
9.222609646764343e-08,0.0001168649190663838
9.222770268753193e-08,0.00010822586610868
9.222893638073861e-08,0.0001038213252967731
9.223093680374637e-08,9.849759933952988e-05
9.223240912526461e-08,9.469746918424651e-05
9.223391076464783e-08,9.068373489196736e-05
9.223574090804888e-08,8.585679330493617e-05
9.223940119485096e-08,7.796683684053237e-05
9.224260624856997e-08,7.362646735927188e-05
9.224645115373007e-08,7.065067681968742e-05
9.225147855090919e-08,6.834487213193662e-05
9.225979670752196e-08,6.569115978580567e-05
9.227158171767381e-08,6.320143678950956e-05
9.228895872607699e-08,6.249537052742864e-05
9.231266783126766e-08,6.629235752242961e-05
9.232970058573602e-08,6.868136845250142e-05
9.233584350568003e-08,6.821029554462152e-05
9.234235871059977e-08,6.641991599226831e-05
9.234750284569912e-08,6.430122541278919e-05
9.235322677171386e-08,6.219522808696977e-05
9.235733222369319e-08,6.165077626763183e-05
9.236230300446686e-08,6.20527237781465e-05
9.236676456557495e-08,6.305112617203575e-05
9.237372511348268e-08,6.469324561941226e-05
9.238309790657401e-08,6.588808847171458e-05
9.239198050124642e-08,6.564339827008319e-05
9.240125186085432e-08,6.437533966314667e-05
9.240964907316692e-08,6.791285820267762e-05
9.24158652264246e-08,8.130633154163129e-05
9.24223552746384e-08,9.477088703135472e-05
9.242821098020584e-08,9.80662042989695e-05
9.243332891801361e-08,0.000102399214514085
9.243800435580516e-08,0.0001464421497711085
9.243916647726351e-08,0.0001675359356477269
9.24404595204596e-08,0.000193442334367391
9.244158010444742e-08,0.0002161868771212855
9.244322725584935e-08,0.0002538006969332319
9.244498977478786e-08,0.0003009262586764223
9.244637687858983e-08,0.0003172302636562492
9.24471906171975e-08,0.0003111186466799336
9.244800435580516e-08,0.0003023103696603594
9.244830537567821e-08,0.0002954956343425244
9.244872268539285e-08,0.000288225345568226
9.244910918126924e-08,0.0002827233591348659
9.24497702892188e-08,0.0002747740169634686
9.245070597400976e-08,0.0002670321125178612
9.245167469006229e-08,0.0002659142382213501
9.245269247636246e-08,0.0002735550281638458
9.245372690394645e-08,0.0002881927562282923
9.245484452211224e-08,0.0003033440530537669
9.245569938963404e-08,0.0003038518622673479
9.245673487043276e-08,0.0002905007612521285
9.245752612515259e-08,0.000284639290860734
9.245822835828291e-08,0.0002974877945123616
9.245907914554266e-08,0.0003345071036522171
9.246000891461527e-08,0.0003867320569063607
9.24609970405551e-08,0.0004396813634841435
9.246188121726934e-08,0.0004695090967161927
9.246287265038875e-08,0.0004815139067720427
9.246380913962639e-08,0.0004957983306828658
9.246451785791169e-08,0.0005077785196618526
9.246534155915978e-08,0.000510531438044309
9.246641091661069e-08,0.0004947876285845277
9.246725443254178e-08,0.0004733430130801125
9.2468345010558e-08,0.0004434329531630498
9.246958973855477e-08,0.0004102788700581713
9.247067693244654e-08,0.0003838956392487379
9.247173795478579e-08,0.0003615701909145803
9.247308208490657e-08,0.0003357584072927479
9.24744618477932e-08,0.0003117199530557084
9.247573829272433e-08,0.0002957339012709221
9.247715363850061e-08,0.0002936478737495662
9.247891159928951e-08,0.0003189064887514966
9.248017976011021e-08,0.0003409999616765105
9.248132653447247e-08,0.0003521965058302325
9.248270032463764e-08,0.0003527477677099969
9.248389643195189e-08,0.000357318814629382
9.248500595403365e-08,0.0003611960844716825
9.248597627614061e-08,0.000353932064305381
9.248695405568215e-08,0.0003367554373199101
9.248816839959055e-08,0.0003136039084473573
9.248906918627737e-08,0.0003044185459976833
9.249023017223092e-08,0.0003050090981701171
9.249148638741698e-08,0.0003169188388470586
9.249289350969506e-08,0.0003320312229549731
9.249427023183056e-08,0.0003393576073026878
9.249546966429707e-08,0.0003395471335101898
9.249689616085238e-08,0.0003427112504074735
9.249854824241593e-08,0.0003968057376626282
9.250024783345052e-08,0.0005022460199987812
9.250217403424623e-08,0.0005765450076873019
9.250354891210406e-08,0.0005797633862581256
9.250517974909574e-08,0.0005452758929717602
9.250725195686823e-08,0.0005042742268160823
9.250878077253254e-08,0.0005247673715181936
9.251067625128543e-08,0.0006037167405167929
9.251300776922031e-08,0.0006780250033253045
9.251513451102276e-08,0.0006591342506352178
9.251711141734827e-08,0.000578699243325046
9.251968878932933e-08,0.0004436494087160938
9.252206519229724e-08,0.00033108197094556
9.252430618231868e-08,0.0002458130749201483
9.252711875657926e-08,0.0001647580524755423
9.253124168844045e-08,9.510020327626361e-05
9.253525529169925e-08,6.819043188002558e-05
9.253970281410164e-08,5.93028924098933e-05
9.254441993098714e-08,5.706089959846711e-05
9.254926558742889e-08,5.646652858978275e-05
9.255497599861806e-08,5.618077686822664e-05
9.256235708090924e-08,5.593756668829807e-05
9.257296847671575e-08,5.566375829125178e-05
9.258923826096736e-08,5.535173678406871e-05
9.261621179548797e-08,5.502488935020484e-05
9.266512717511897e-08,5.474996803153296e-05
9.273819336396671e-08,5.462581077076783e-05
9.28252784839782e-08,5.459183471006517e-05
9.293425092066959e-08,5.458043355413613e-05
9.308174135729239e-08,5.457431273983918e-05
9.331031493120002e-08,5.456978651736508e-05
9.367211410268805e-08,5.45665747830432e-05
9.418949734822088e-08,5.456458603197458e-05
9.49201882952213e-08,5.456328154103955e-05
9.596416980216089e-08,5.456232319104107e-05
9.748277354424259e-08,5.456157238753235e-05
9.87413867721213e-08,5.456120225985015e-05
1e-07,5.456094740471662e-05
1.0005e-07,5.45794652520105e-05
1.000638225630883e-07,5.473882010346226e-05
1.000914676892649e-07,5.859515800792882e-05
1.000997509289942e-07,6.132091274083977e-05
1.001070645203859e-07,6.318139654030194e-05
1.001145048292405e-07,6.414378729109711e-05
1.001199286477252e-07,6.988645930674052e-05
1.001254295008718e-07,9.107788605811209e-05
1.001311174646787e-07,0.0001151955910790867
1.001365787395507e-07,0.0001224772081074751
1.001406324362276e-07,0.0001173552001552741
1.001456178761704e-07,0.0001132390796070828
1.001477112712574e-07,0.000119964511034317
1.001495004550138e-07,0.0001310884669967644
1.001514253288981e-07,0.0001458290467419103
1.001534615071711e-07,0.000162877390853137
1.001554606225506e-07,0.0001954010061269451
1.001574487156404e-07,0.0002273919403158226
1.001591763526734e-07,0.0002465580470499857
1.00160572833351e-07,0.000280642030599062
1.001621739614009e-07,0.0003386069278864976
1.001635742676209e-07,0.0003866376454288772
1.001651644714389e-07,0.0004214752863509768
1.001670379403025e-07,0.0004477726632423932
1.001687351685852e-07,0.0004668992696858122
1.001698426418631e-07,0.0004732555777218591
1.001710258474948e-07,0.0004767679664153557
1.001720221146871e-07,0.0004786673357887683
1.001733576876347e-07,0.0004775719136635041
1.001746818438131e-07,0.0004684778080844245
1.001758311149674e-07,0.0004541680622685713
1.001772071925464e-07,0.0004312003048383706
1.001791751239071e-07,0.0003964807127591887
1.001806052267314e-07,0.0003810238054422443
1.001821550118425e-07,0.0003750881481124789
1.001833565964091e-07,0.0003717071510457373
1.001845081170917e-07,0.0003634360661990381
1.001859824474793e-07,0.0003366353224109555
1.001870945594999e-07,0.0003045263662341159
1.001880097679466e-07,0.0002754837629045824
1.001888106388725e-07,0.000251551167082352
1.001898829855792e-07,0.000230179074081854
1.001908013523342e-07,0.0002214071289349754
1.001917133837669e-07,0.000212730286674021
1.001926291402997e-07,0.0002050258222688958
1.001936546535035e-07,0.0001969937813908789
1.001949130608885e-07,0.0001872574373716009
1.001958248700109e-07,0.0001809286717645722
1.001969156502643e-07,0.0001741302631679846
1.001986186946466e-07,0.0001648467241415718
1.002e-07,0.0001582140576475526
1.002015789521269e-07,0.0001515253523461836
1.002036843923129e-07,0.0001434269858593477
1.002058487289967e-07,0.0001360494485167381
1.002095601447696e-07,0.000125051166839923
1.002141130699691e-07,0.0001138345670732026
1.002192349281986e-07,0.0001038821547858673
1.002249942271952e-07,9.532125427071558e-05
1.002320603331457e-07,8.70433673095561e-05
1.002414129495508e-07,7.827749997185748e-05
1.002512301896437e-07,7.19272213054026e-05
1.002650362824318e-07,6.813163597783111e-05
1.002747404445586e-07,6.796499152999727e-05
1.002816202463836e-07,6.80906643798664e-05
1.002867096728414e-07,6.773302040500605e-05
1.00291803643481e-07,6.667614499773333e-05
1.002958401141682e-07,6.545309794764775e-05
1.003004317818549e-07,6.376905623964554e-05
1.003067855663067e-07,6.153674136984885e-05
1.003113536947454e-07,6.067905439128138e-05
1.003160337948356e-07,6.042343451688137e-05
1.00320845642612e-07,6.060568560183629e-05
1.003289963704707e-07,6.128970805718343e-05
1.003384850902939e-07,6.196949638273517e-05
1.003484800240816e-07,6.21479768947104e-05
1.003594831682814e-07,6.175002309379368e-05
1.003713376664374e-07,6.084967050253691e-05
1.003864665403249e-07,6.160447061800149e-05
1.003948185399211e-07,6.990499512567846e-05
1.004052411046336e-07,8.368194469720401e-05
1.004126797482279e-07,8.73342775031321e-05
1.004155897867817e-07,8.775762724891413e-05
1.004214098638894e-07,9.837393553646624e-05
1.004253274836189e-07,0.0001284662739326606
1.00429828911764e-07,0.0001771007942977032
1.004330490897405e-07,0.0001956432013139154
1.004354711635076e-07,0.0002122307078765951
1.004367894606247e-07,0.0002660955648370713
1.004386517918388e-07,0.0004083611543155047
1.004399587871069e-07,0.0005116931898886682
1.004414711835563e-07,0.0005818617643304332
1.004423764553915e-07,0.0006337112091789045
1.004435347801387e-07,0.0007144211114572876
1.004444720418625e-07,0.0007459559176313658
1.004452770292999e-07,0.0007316308858931449
1.004460350201869e-07,0.0006873051655457468
1.004471172661442e-07,0.0005889857502855607
1.004475176031259e-07,0.0005524764750050287
1.004480243637956e-07,0.0005092134116828615
1.004486865052947e-07,0.000461961046222681
1.00449533902224e-07,0.0004171590133349665
1.004504381650632e-07,0.0003814187811159543
1.004513466405416e-07,0.0003541018590445946
1.004522469882869e-07,0.0003341947965106755
1.004532630830188e-07,0.0003157572139627238
1.004544982782693e-07,0.0002914858850782405
1.004558233970281e-07,0.0002648205321877009
1.004570508342768e-07,0.000241036086566946
1.004580764995837e-07,0.0002146915169292467
1.004588928168626e-07,0.000191313669978793
1.004597719806229e-07,0.0001733931831881692
1.004605763277624e-07,0.0001637827178778449
1.004615998619444e-07,0.000153234011608122
1.004629914912187e-07,0.0001390200775247682
1.004641880903019e-07,0.0001283572157824548
1.004655486064161e-07,0.0001192854517568443
1.004671522428106e-07,0.0001118777790372514
1.00469094827697e-07,0.0001051799174112675
1.004710572633335e-07,9.948261360396815e-05
1.004732957907662e-07,9.452798837038395e-05
1.004760219207828e-07,9.522984597362181e-05
1.004798033072955e-07,0.0001179562357162287
1.004826326205461e-07,0.0001396359844597585
1.004858297246261e-07,0.0001502577869018194
1.004886645085475e-07,0.0001512079614085192
1.004917894728453e-07,0.0001933014900796095
1.004941813393687e-07,0.0002553686551033044
1.004960019277918e-07,0.0002941221206336286
1.004984171396952e-07,0.0003883203268068552
1.005001385008547e-07,0.0005152196104908133
1.005012225469442e-07,0.0005640198739433273
1.005023682559342e-07,0.0005825894411804304
1.005039528966406e-07,0.0005816387971783697
1.005057528262496e-07,0.0006343499365371153
1.005072688022777e-07,0.0007350829261204561
1.005089135349145e-07,0.0008086317582026402
1.005103099624605e-07,0.0008148376721330265
1.005120817275637e-07,0.0007597763858379129
1.005143596940102e-07,0.0006321870601626129
1.005164573608299e-07,0.0005007024655821717
1.00518496306469e-07,0.000384767869124457
1.005208438491293e-07,0.000274564075283519
1.005243621980604e-07,0.0001561378581976614
1.005285347279531e-07,8.616308830375762e-05
1.005325754865552e-07,6.431046863885461e-05
1.005364942414921e-07,5.85055932560873e-05
1.005407019955407e-07,5.66932552298952e-05
1.005452162310562e-07,5.598058807553464e-05
1.005508533091447e-07,5.553758097744952e-05
1.005583864422463e-07,5.519923441051627e-05
1.005695932827655e-07,5.492648214646579e-05
1.005857256297674e-07,5.474867153377821e-05
1.006071124416431e-07,5.465929457783539e-05
1.006331003037633e-07,5.462109390089178e-05
1.006655967245544e-07,5.460319050134107e-05
1.007074245613188e-07,5.459288903023156e-05
1.007634479673385e-07,5.458540092213872e-05
1.008413220478809e-07,5.457933102235003e-05
1.009571725793985e-07,5.457424552169067e-05
1.01151848119702e-07,5.456989371688916e-05
1.0144642607532e-07,5.456682426638806e-05
1.018585965238842e-07,5.456482891617959e-05
1.024398797036008e-07,5.456349209984e-05
1.032805405052783e-07,5.456257662536296e-05
1.045091377063771e-07,5.456195250890638e-05
1.062895382924668e-07,5.456152832366895e-05
1.08858864755088e-07,5.456123061865734e-05
1.12e-07,5.456103852341622e-05
1.1205e-07,5.462201003058519e-05
1.120638225630883e-07,5.505132883926385e-05
1.120788948134009e-07,5.694330237387675e-05
1.120863551670131e-07,5.888700866579353e-05
1.120932828307254e-07,6.113854980221035e-05
1.121013860078465e-07,6.310874758800563e-05
1.121082414875172e-07,6.362563626820051e-05
1.121130750517522e-07,6.767112150723399e-05
1.12117962770684e-07,8.360903181376169e-05
1.121231447518714e-07,0.0001057157431762476
1.121276488617829e-07,0.0001145935155850252
1.121320530587115e-07,0.0001233827379706359
1.121360728602074e-07,0.0002232443554963555
1.121391323744443e-07,0.0003392832001776206
1.121415003699303e-07,0.0004003993671201488
1.12144473197917e-07,0.0004517360186028191
1.121460021598774e-07,0.0004934185957438428
1.121469823325652e-07,0.0005187742611392277
1.121481602147135e-07,0.0005332335121626337
1.12149027184807e-07,0.0005289495117119377
1.121498921369118e-07,0.0005122287534165352
1.121508141564599e-07,0.0004827656771787888
1.121517458148323e-07,0.0004489701879427246
1.121524257630081e-07,0.0004264986301569522
1.121532510099983e-07,0.000404733102056996
1.121542074449013e-07,0.0003825999215837238
1.121552157429603e-07,0.0003595383695654603
1.121561454077241e-07,0.0003381738469012719
1.121571902565227e-07,0.0003137199338562836
1.121585045948088e-07,0.0002821936103981535
1.121602682082302e-07,0.0002393685041752373
1.121623500009773e-07,0.000191768898678705
1.121646707427438e-07,0.0001516796138851316
1.121675568647833e-07,0.0001255773462796043
1.121701371991279e-07,0.0001130464736274288
1.121725886774112e-07,0.0001052617386139534
1.121744294459735e-07,0.0001007597997118545
1.12176280506932e-07,9.690117370830359e-05
1.121789718111184e-07,9.21503600872066e-05
1.121820592205237e-07,8.842105759801059e-05
1.12184778956071e-07,8.765189637270195e-05
1.12187459882422e-07,8.926220691026223e-05
1.121900006117365e-07,9.319940427084307e-05
1.121936570821252e-07,0.000103360863962287
1.121968285410626e-07,0.0001159678823637173
1.122e-07,0.0001297730923940518
1.122019265606204e-07,0.0001365634744959288
1.122049812128675e-07,0.0001449280126796917
1.122080214145024e-07,0.0001468485443415588
1.122119321006536e-07,0.0001431206787220447
1.12215863341705e-07,0.0001394053590334525
1.122178742564963e-07,0.0001403347189098863
1.122195315803047e-07,0.0001418553312415037
1.122213567928672e-07,0.0001416236966550066
1.122231043659926e-07,0.0001378282100913123
1.122254358531227e-07,0.0001266784042577439
1.122273853701628e-07,0.0001146270206763846
1.122287907069555e-07,0.0001074699143620294
1.122300563281197e-07,0.0001031949129736173
1.122313279259559e-07,9.981531472042678e-05
1.122327286501886e-07,9.622668275019423e-05
1.122341332135047e-07,9.251012608865762e-05
1.122359809509197e-07,8.756471186578144e-05
1.122387066373716e-07,8.100365462425089e-05
1.122419507264708e-07,7.541760523418117e-05
1.122454411744086e-07,7.186447601574504e-05
1.122498691956549e-07,6.931356017016146e-05
1.122562610394551e-07,6.693691234339264e-05
1.122664706646972e-07,6.422631099933884e-05
1.122809085416948e-07,6.240661415321546e-05
1.123028603737885e-07,6.437844316150847e-05
1.123208928180133e-07,6.773801277355551e-05
1.123285160947909e-07,6.866012731963085e-05
1.123333749280316e-07,6.862423820180375e-05
1.123386834593859e-07,6.762878883540543e-05
1.123425535768912e-07,6.639177824650501e-05
1.123470939441196e-07,6.451836035973428e-05
1.123508907852569e-07,6.29011164712849e-05
1.12355163430597e-07,6.183441171996932e-05
1.123586954848443e-07,6.165474040186897e-05
1.123626888479473e-07,6.213101807121887e-05
1.123678518405306e-07,6.333163598803469e-05
1.123765602821979e-07,6.523664601813064e-05
1.123851165209695e-07,6.593482871740959e-05
1.123933401713508e-07,6.550222167664248e-05
1.124021603596163e-07,6.42749816394046e-05
1.124111214059045e-07,7.026966169257159e-05
1.124196473627244e-07,8.96890337437244e-05
1.124257606343376e-07,9.684929965435933e-05
1.124328309290611e-07,0.000101127344568102
1.124375032170113e-07,0.0001413395043240347
1.124387805163479e-07,0.000161469455545174
1.124401588569e-07,0.0001852789820474692
1.124412968717053e-07,0.0002054459212714179
1.124429804479624e-07,0.0002587874197506148
1.124441009500956e-07,0.0003253045816947442
1.124452844649168e-07,0.0003935671150468781
1.124463167566939e-07,0.000421324153764944
1.124469099868526e-07,0.0004217632672271458
1.124475032170113e-07,0.0004162483373672084
1.124477529851067e-07,0.0004012629619970962
1.124480976062883e-07,0.0003832129858847028
1.124484210707414e-07,0.0003684740890983234
1.124490411461672e-07,0.0003445057147649635
1.124499395105266e-07,0.0003211711110962618
1.124508947395504e-07,0.0003160952503847749
1.124518806142748e-07,0.0003298946571322189
1.124528269578849e-07,0.0003454115740048635
1.124539195303618e-07,0.0003486869557111283
1.12454799350983e-07,0.0003323596217888958
1.124557010844059e-07,0.00029782511359452
1.124563488904828e-07,0.0002700290774076975
1.124570361316594e-07,0.000252427986623948
1.12457733082742e-07,0.0002578712751001904
1.124586797154267e-07,0.000295982176068586
1.12459646507568e-07,0.0003495498474977115
1.124605558795129e-07,0.0003897727925600912
1.124614678747774e-07,0.0004073415249744388
1.124621401472337e-07,0.0004119732186397057
1.12462860586063e-07,0.0004189958459273747
1.12463565263273e-07,0.0004246289034186777
1.124645493804524e-07,0.0004223368029684304
1.124656601472987e-07,0.000407017556634028
1.124665313025752e-07,0.0003910747418184498
1.12467565596451e-07,0.0003734266745961123
1.124687959373839e-07,0.0003549702752291663
1.124698753158153e-07,0.0003401358628520175
1.124709304705764e-07,0.0003264759862865006
1.124722455810852e-07,0.0003097229716079513
1.124744892132012e-07,0.0002841641337783647
1.124776304673263e-07,0.000274348027236998
1.124803707736593e-07,0.0002947779752981275
1.124825535904498e-07,0.0003188970052179267
1.124841338149126e-07,0.0003308098874318942
1.124858814972354e-07,0.000325431652558024
1.124874845696854e-07,0.0003003914983692418
1.124886352840682e-07,0.0002807974603558433
1.124897362296127e-07,0.0002677348817770892
1.124913062784001e-07,0.0002946810492173746
1.124929289400177e-07,0.0003826119256041286
1.124941894289217e-07,0.000451289133251667
1.124954430116528e-07,0.0004963957146879558
1.124967467565952e-07,0.0005171667327214281
1.124987813386418e-07,0.0005151595083677624
1.125003669755155e-07,0.0004968173710680122
1.125019744677533e-07,0.000466730644737642
1.125039156792923e-07,0.0004189827983421817
1.125065354786251e-07,0.0003871755430198903
1.12508851321568e-07,0.0004703330289288604
1.125115151397493e-07,0.0005950719830044431
1.125142361362202e-07,0.0006060686578243369
1.125162162854617e-07,0.0005443520493521386
1.125189442188245e-07,0.0004265945273269652
1.125213822345044e-07,0.0003269770894203031
1.125236685233879e-07,0.0002477461159220405
1.125266076171252e-07,0.0001665197706130451
1.125306532061848e-07,9.760107627157441e-05
1.125354362404031e-07,6.61590758332787e-05
1.125409800067442e-07,5.780315983599378e-05
1.125458815286533e-07,5.645604436018996e-05
1.125509372592879e-07,5.606924553667717e-05
1.125569184606089e-07,5.585414147208705e-05
1.125655360716176e-07,5.563317340493499e-05
1.125776117878162e-07,5.53922537899906e-05
1.125974655742358e-07,5.511184747475223e-05
1.12631244939866e-07,5.484014039090385e-05
1.126988036711263e-07,5.464040804613837e-05
1.127762188253844e-07,5.458849588388637e-05
1.128733869215907e-07,5.457439001949771e-05
1.129940561840313e-07,5.456960639468367e-05
1.131755871541278e-07,5.456661131073068e-05
1.13460095228319e-07,5.456452223942658e-05
1.138940896857966e-07,5.456321215247551e-05
1.14501147722039e-07,5.456242709779018e-05
1.153640387050243e-07,5.45618482290485e-05
1.16608281351567e-07,5.456134559754115e-05
1.184208943667697e-07,5.456090941478844e-05
1.2e-07,5.456067766330201e-05
1.2005e-07,5.457919123435015e-05
1.200638225630883e-07,5.473855165886022e-05
1.200914676892649e-07,5.859488930088088e-05
1.200997509922072e-07,6.132066918867382e-05
1.201070645717317e-07,6.318113670474872e-05
1.201145048742912e-07,6.414353255664795e-05
1.201199286798551e-07,6.98862742416915e-05
1.201254295203311e-07,9.107772471719954e-05
1.201311174724801e-07,0.0001151953554625693
1.201365787513426e-07,0.000122476937225075
1.201406324470822e-07,0.0001173549112546505
1.201456178953955e-07,0.0001132388461562584
1.201477112920221e-07,0.0001199643541529879
1.201495004758996e-07,0.0001310883627144937
1.201514253456714e-07,0.0001458289197623768
1.201534615386568e-07,0.0001628774811431642
1.201554606443745e-07,0.000195401193160041
1.201574487450781e-07,0.0002273920265482024
1.201591763693866e-07,0.0002465580770011135
1.201605728529084e-07,0.0002806424450976572
1.201621739732034e-07,0.0003386071627228004
1.201635742813195e-07,0.0003866378315684444
1.201651644860071e-07,0.0004214752623559688
1.201670379619016e-07,0.0004477727228916449
1.201687351889678e-07,0.0004668991774824922
1.201698426568612e-07,0.0004732553733220955
1.201710258561745e-07,0.0004767677192479426
1.201720221252731e-07,0.0004786670847807581
1.201733576975772e-07,0.0004775716051320628
1.201746818479759e-07,0.0004684774852341453
1.201758311194426e-07,0.0004541677096987033
1.201772072004473e-07,0.0004311998700324166
1.201791751330723e-07,0.0003964802920386397
1.201806052332115e-07,0.0003810234973285403
1.201821550157179e-07,0.000375087889399717
1.201833565982101e-07,0.0003717068945353076
1.201845081204587e-07,0.0003634357714426486
1.201859824487781e-07,0.000336635006608334
1.201870945604888e-07,0.000304526035188526
1.201880097680007e-07,0.0002754834546402577
1.201888106391151e-07,0.00025155085560972
1.201898829869934e-07,0.0002301787818776297
1.20190801352987e-07,0.0002214068562629412
1.201917133848427e-07,0.0002127300111052855
1.201926291414689e-07,0.000205025552402337
1.201936546556375e-07,0.0001969935049964505
1.201949130583034e-07,0.0001872571976342768
1.201958248676009e-07,0.0001809284309260644
1.201969156478926e-07,0.0001741300219129648
1.201986186948321e-07,0.0001648464691146823
1.202e-07,0.0001582138037846906
1.202015789522119e-07,0.0001515250979122881
1.202036843927438e-07,0.0001434267297339453
1.202058487294381e-07,0.0001360491918452194
1.20209560145715e-07,0.0001250509080124105
1.202141130709877e-07,0.0001138343081467143
1.202192349296956e-07,0.0001038818959293323
1.202249942292835e-07,9.532099520871473e-05
1.202320603364208e-07,8.704310604908843e-05
1.202414129546674e-07,7.827723399164848e-05
1.202512301985855e-07,7.192695194705812e-05
1.202650362957068e-07,6.813136845714933e-05
1.202747404519285e-07,6.796472749796058e-05
1.202816202560359e-07,6.809040191628679e-05
1.202867096833318e-07,6.7732761243892e-05
1.202918036570448e-07,6.66758853900927e-05
1.202958401242362e-07,6.545284237466949e-05
1.203004317897184e-07,6.37688011044913e-05
1.203067855711361e-07,6.153648510162067e-05
1.203113537055048e-07,6.067879489242156e-05
1.203160337935907e-07,6.042317352095332e-05
1.20320845638859e-07,6.060542265478961e-05
1.20328996353706e-07,6.128944253214355e-05
1.203384850736015e-07,6.196923052036318e-05
1.203484800006889e-07,6.214771101085092e-05
1.203594831447626e-07,6.174975751180978e-05
1.203713376068032e-07,6.084940622329551e-05
1.203864661118006e-07,6.160390909665504e-05
1.203948272527576e-07,6.991899981194984e-05
1.204052545543078e-07,8.372187673123769e-05
1.204127009981278e-07,8.741567192901982e-05
1.204155702434342e-07,8.786110264446002e-05
1.204213087340471e-07,9.851163191759523e-05
1.204252959818346e-07,0.0001303031869250014
1.20429847469295e-07,0.000183220313932882
1.204331174798551e-07,0.0002056411462859898
1.204357054439488e-07,0.0002244135077324553
1.204370577299168e-07,0.0002789058586822524
1.204383795493629e-07,0.000371784619525232
1.204397090653593e-07,0.0004781383690365889
1.204411373911962e-07,0.0005561844375592441
1.204423535788109e-07,0.0006094526876523623
1.204436414165545e-07,0.0006922159851224008
1.204447027206051e-07,0.0007285763054058019
1.204455304496368e-07,0.0007144163383454546
1.204463235354873e-07,0.000669232357004503
1.204473198905138e-07,0.000581463566125257
1.204477334071577e-07,0.0005453977627288485
1.204482328742418e-07,0.0005048206956023368
1.204488802190473e-07,0.0004611161095286514
1.20449741222007e-07,0.0004197061790616607
1.204506482164365e-07,0.0003882158565745695
1.204515705255954e-07,0.0003624789767247296
1.204524659812721e-07,0.0003410461503136833
1.204534721444421e-07,0.0003174942614229225
1.204546844185311e-07,0.0002859680434008932
1.204560027519743e-07,0.0002550577761190764
1.204573032752783e-07,0.0002345583612400044
1.20458331509051e-07,0.0002129710694768263
1.204595053297228e-07,0.0001811480171746952
1.204604355563219e-07,0.000169425029133704
1.204612325193121e-07,0.0001686241703047957
1.20462254525518e-07,0.0001676661059899959
1.204635253369337e-07,0.0001620855009353688
1.204646900990527e-07,0.0001549065508085545
1.204660107070163e-07,0.0001471207538278637
1.204676078097904e-07,0.0001387797996703353
1.204697013925084e-07,0.0001291837604338195
1.204717202403027e-07,0.0001208057421542042
1.204740034660506e-07,0.0001137671904861369
1.204768256182796e-07,0.0001166841800633716
1.204798241050484e-07,0.0001415344020683891
1.204819808495311e-07,0.0001615992047404496
1.204842930360562e-07,0.0001706163362820453
1.204857031426904e-07,0.0001725772154721742
1.204870923724389e-07,0.0001848958179887705
1.204886005693995e-07,0.0002128424398179962
1.204897453189789e-07,0.000232867522044338
1.204911036202375e-07,0.0002422608801409101
1.204923810093956e-07,0.0002501641479955683
1.204936257209783e-07,0.0002689970143303768
1.204948844917781e-07,0.0003170547746311446
1.204958076941857e-07,0.0003668431731553741
1.204966364576163e-07,0.0004061733618724641
1.204974965696105e-07,0.0004381221141883105
1.204986784073012e-07,0.0004672062505100225
1.204999927299252e-07,0.0004803660939313494
1.2050128446e-07,0.0004749995571521602
1.205026055994444e-07,0.0004548664428239023
1.205041851615314e-07,0.0004307949000485668
1.205062358965238e-07,0.000490468447483668
1.205085760535416e-07,0.0006551412881653625
1.205106979037622e-07,0.0007101986438647803
1.205122077637136e-07,0.000684631904090901
1.205145788549904e-07,0.0005846142274840039
1.20516845304921e-07,0.0004704487373351471
1.205188920459977e-07,0.0003770588740011572
1.205211465915748e-07,0.0002876651923647032
1.205248768404995e-07,0.0001697375336349798
1.205287850728198e-07,9.638881201756603e-05
1.20532955974351e-07,6.668530511929696e-05
1.205373024217267e-07,5.845163205433765e-05
1.205417688058236e-07,5.639111607893711e-05
1.205463029973791e-07,5.573542618199374e-05
1.205517952823086e-07,5.537013733933934e-05
1.205590784829111e-07,5.510091821291647e-05
1.205699794935377e-07,5.488367598933284e-05
1.205867739149707e-07,5.473568785018028e-05
1.206083962073476e-07,5.466530241219671e-05
1.206348589609211e-07,5.463295131479326e-05
1.206677630658554e-07,5.461498019813084e-05
1.207108035886229e-07,5.460230959705606e-05
1.207698715985887e-07,5.459213083719968e-05
1.208560539421175e-07,5.458359988673571e-05
1.209952346890502e-07,5.457633189020714e-05
1.212241962927626e-07,5.457068866164683e-05
1.215398343891433e-07,5.456715064178181e-05
1.219850220007404e-07,5.456479565954019e-05
1.226204441246432e-07,5.456320393275568e-05
1.235513481596095e-07,5.456211508860513e-05
1.249029433253382e-07,5.456138867638292e-05
1.268543968695736e-07,5.456090323327023e-05
1.296702924394026e-07,5.456057100005772e-05
1.32e-07,5.456041916270732e-05
1.3205e-07,5.46213896470872e-05
1.320638225630883e-07,5.505070428220398e-05
1.32078896070574e-07,5.694294844574217e-05
1.32086354935091e-07,5.888631949077624e-05
1.320932831974523e-07,6.113804394529353e-05
1.32101386387667e-07,6.310817734776144e-05
1.321082419640189e-07,6.362508406190995e-05
1.321130755253252e-07,6.767138950302237e-05
1.321179633096092e-07,8.361082034288526e-05
1.321231452046012e-07,0.0001057177210386855
1.32127649485365e-07,0.0001146070662379132
1.321320535720649e-07,0.0001238659085796597
1.321360737285292e-07,0.0002252484375039135
1.321391353412095e-07,0.0003423850123269358
1.32141503363532e-07,0.0004038936012711298
1.321444691041018e-07,0.0004550863798725839
1.321459953649232e-07,0.0004965062218821977
1.32146977148648e-07,0.0005216861925592998
1.321481557436732e-07,0.0005357269563086948
1.321490261592022e-07,0.0005313132339443133
1.321498984805329e-07,0.0005141753581886682
1.321508284129025e-07,0.0004839287791437214
1.321517433062517e-07,0.0004501672516476593
1.321524200689412e-07,0.0004273701024675792
1.321532498867556e-07,0.000405030886322746
1.321542045705827e-07,0.0003825438079783047
1.321552079472509e-07,0.0003594006436875633
1.321561357971539e-07,0.0003379915138703804
1.321571807284534e-07,0.0003134728571498413
1.32158496606385e-07,0.000281862106749883
1.321602604998953e-07,0.0002390272527652196
1.321623569515008e-07,0.0001912318798082879
1.321646876138001e-07,0.0001513621194025254
1.321675740998566e-07,0.0001256034112876857
1.321701373804406e-07,0.0001132565855821944
1.321725833196894e-07,0.000105511931741149
1.321744089511336e-07,0.0001010422435965376
1.321762561249559e-07,9.716326442177116e-05
1.321789685868824e-07,9.22717858298051e-05
1.321820601332459e-07,8.827365411543989e-05
1.321847690959048e-07,8.708575419724641e-05
1.321874709164117e-07,8.810642344868199e-05
1.321900126669242e-07,9.132050681770319e-05
1.321936908803022e-07,0.0001003514059878279
1.321968454401511e-07,0.0001121067304803465
1.322e-07,0.0001258549337230744
1.322020213916977e-07,0.0001336002472270484
1.322050990650497e-07,0.0001434924215584339
1.322081672406544e-07,0.0001470283594036636
1.322128539207037e-07,0.0001433051101274032
1.322168333511312e-07,0.0001394451818007518
1.322189025395634e-07,0.0001404291660476213
1.322205758363458e-07,0.0001419138828203571
1.322224025106638e-07,0.0001414900462396805
1.322241824101258e-07,0.0001373331911579481
1.322264558141164e-07,0.000126154662931404
1.322283911606162e-07,0.0001142034871733443
1.322297692885667e-07,0.0001072771710915696
1.322310469130411e-07,0.0001030119872325476
1.322322664346014e-07,9.977872036859054e-05
1.322336583811701e-07,9.620853054805232e-05
1.322350587342119e-07,9.250025943699901e-05
1.322369266983428e-07,8.749697357546144e-05
1.322396446206705e-07,8.095016698517272e-05
1.322428940933561e-07,7.535142835608317e-05
1.322463812871846e-07,7.179886185734296e-05
1.322508163571636e-07,6.924103744438514e-05
1.322571962206812e-07,6.686629187507296e-05
1.322674212789208e-07,6.416199263135101e-05
1.322818489118291e-07,6.242262108678041e-05
1.323054574466496e-07,6.48676323365396e-05
1.323233616173891e-07,6.80662587457035e-05
1.323303441987306e-07,6.874641279551558e-05
1.323352809805254e-07,6.834332513002171e-05
1.323401626935618e-07,6.717362882167067e-05
1.323448471345567e-07,6.546098482710578e-05
1.323504219100678e-07,6.305532755893828e-05
1.323556241468474e-07,6.177034415670419e-05
1.323593055127973e-07,6.168522664396087e-05
1.323641052735277e-07,6.242248489241476e-05
1.3236958461643e-07,6.376412415074847e-05
1.323780578365568e-07,6.544970603401538e-05
1.323869111704268e-07,6.591770354083341e-05
1.32395051301111e-07,6.52915872413505e-05
1.32403927520679e-07,6.426185077051995e-05
1.324136795088527e-07,7.558930477642267e-05
1.324215479047757e-07,9.319787149333664e-05
1.324278308679994e-07,9.775566177644743e-05
1.32433814809446e-07,0.0001046034762606355
1.324379000879044e-07,0.0001464999679387269
1.324390983520277e-07,0.0001682113726819486
1.324403608846978e-07,0.0001934622247107643
1.324414143671496e-07,0.0002148102394354913
1.324430517215325e-07,0.000251861452594758
1.324448210154691e-07,0.0002995177978722945
1.324462141698731e-07,0.0003175730049092957
1.324470571288888e-07,0.0003118525958166733
1.324479000879044e-07,0.0003026840513735695
1.32448203913143e-07,0.0002957785812865214
1.324486295946917e-07,0.0002883569345700983
1.324490231564398e-07,0.0002827510417580012
1.324496884057079e-07,0.000274714106692633
1.324506260610304e-07,0.0002668580477484048
1.324515951896846e-07,0.0002656342257990813
1.324526144730332e-07,0.0002732769815644905
1.324536503875432e-07,0.0002880938593390084
1.324547598502306e-07,0.000303314627994057
1.324556140179183e-07,0.0003039139052261759
1.324566572706292e-07,0.0002906163590212031
1.324574420955646e-07,0.0002848065702968264
1.324581462719363e-07,0.0002973865755957125
1.324590011048339e-07,0.0003343147123841224
1.324599308527928e-07,0.0003864133985705063
1.324609198346961e-07,0.000439414197654049
1.324618045757775e-07,0.0004693702852429263
1.324627935827124e-07,0.0004813877391282845
1.324637356959799e-07,0.0004956873473392217
1.324644440905786e-07,0.0005076672793753885
1.324652675088134e-07,0.0005104596657761976
1.324663374957374e-07,0.0004947590587897006
1.324671811904452e-07,0.00047334415716658
1.32468270570904e-07,0.000443515555026358
1.324695145294989e-07,0.0004104301063987747
1.32470601961129e-07,0.0003840437436655711
1.324716627273851e-07,0.0003616938251556681
1.324730054244555e-07,0.0003358625839264435
1.324743855396046e-07,0.0003117967458233903
1.324756616618992e-07,0.0002958118003203158
1.324770763332131e-07,0.0002935829014094272
1.324788366777672e-07,0.0003178643769355837
1.324800992792567e-07,0.0003382752422449606
1.324812482645868e-07,0.0003476311675895779
1.324826246362092e-07,0.000345971275859307
1.324838171855916e-07,0.0003499296698666143
1.324849303718445e-07,0.0003565035352736486
1.324859037820731e-07,0.0003568957593232208
1.324868806174273e-07,0.0003519098682018636
1.324881105540179e-07,0.0003414878006403108
1.324890147306891e-07,0.0003317764681493193
1.324901792643752e-07,0.0003150355554054226
1.324914428860151e-07,0.00029564276043277
1.32492857300862e-07,0.0003015247171020895
1.324940800085242e-07,0.0003363765886372798
1.324952901241679e-07,0.0003678953559213992
1.324963827271634e-07,0.0003855807788060383
1.324975749928414e-07,0.000394266545704299
1.324987688889165e-07,0.0003963454876122135
1.324999767171746e-07,0.0003950909215294195
1.325013296488125e-07,0.0003885702632817018
1.325030977791841e-07,0.0003689222230434561
1.325057714489215e-07,0.0003245148148585098
1.32508344918159e-07,0.0003516419521912513
1.325107578487419e-07,0.0004898114574415682
1.32513315363305e-07,0.0006075546802026959
1.325156657709531e-07,0.0006076138418152766
1.32517696324231e-07,0.0005427374444396892
1.325202823898164e-07,0.0004326107430251107
1.325224811995343e-07,0.0003432855128483237
1.325248240469772e-07,0.0002602472334342483
1.325281311206768e-07,0.0001673705947522349
1.325323417850657e-07,9.624530894568732e-05
1.325372090934625e-07,6.552219167954256e-05
1.325427882000357e-07,5.766369368419742e-05
1.325477115304014e-07,5.641026209489509e-05
1.325528039212926e-07,5.604526976068903e-05
1.325588702822896e-07,5.58367542758725e-05
1.32567655614723e-07,5.561965719971918e-05
1.325800168406073e-07,5.538277166624691e-05
1.326004331800787e-07,5.510804431983823e-05
1.326362392566377e-07,5.483903281137479e-05
1.327053016829833e-07,5.46513000933318e-05
1.327842465311616e-07,5.460025953157285e-05
1.328833515256579e-07,5.458384296263062e-05
1.330076465355188e-07,5.4576599477066e-05
1.331966448445298e-07,5.457145001343165e-05
1.334953567648004e-07,5.456770231826908e-05
1.33942152360817e-07,5.456529049305539e-05
1.345685926528017e-07,5.456379011337438e-05
1.354593495177267e-07,5.456273283552549e-05
1.367475044325182e-07,5.456190809575001e-05
1.386225624745353e-07,5.456126262796736e-05
1.4e-07,5.456098175086471e-05
1.4005e-07,5.45794988713744e-05
1.400638225630883e-07,5.473885112661368e-05
1.400914676892649e-07,5.859518867477412e-05
1.400997509434695e-07,6.132094796261611e-05
1.401070645322886e-07,6.318142909815271e-05
1.401145048397915e-07,6.414382096910978e-05
1.401199286552999e-07,6.98865093057968e-05
1.401254295053354e-07,9.107794095894386e-05
1.401311174663182e-07,0.0001151956284523007
1.401365787421278e-07,0.0001224772378752072
1.401406324385789e-07,0.0001173552259765036
1.401456178803932e-07,0.0001132391174031368
1.401477112758196e-07,0.0001199645655067816
1.401495004596012e-07,0.0001310885325726958
1.40151425332581e-07,0.0001458291072360522
1.401534615140951e-07,0.0001628774986416995
1.401554606273634e-07,0.0001954011341088793
1.401574487221192e-07,0.0002273920448623468
1.401591763563485e-07,0.0002465581387451013
1.401605728376515e-07,0.0002806422068009828
1.401621739639943e-07,0.0003386070647353508
1.401635742706305e-07,0.0003866377720205849
1.401651644746401e-07,0.0004214753681161102
1.401670379450517e-07,0.0004477727668759738
1.401687351730657e-07,0.0004668993437844232
1.40169842645159e-07,0.0004732556292211439
1.401710258494004e-07,0.0004767680092952175
1.401720221170117e-07,0.000478667377060992
1.401733576898173e-07,0.0004775719391445446
1.40174681844724e-07,0.0004684778262740254
1.401758311159467e-07,0.0004541680705785108
1.401772071942786e-07,0.0004312002922687543
1.401791751260064e-07,0.0003964807011547732
1.401806052276233e-07,0.0003810238237439798
1.401821550112098e-07,0.0003750881749366181
1.401833565952471e-07,0.000371707177485687
1.401845081160179e-07,0.0003634360930288815
1.40185982446517e-07,0.0003366353519784382
1.401870945585758e-07,0.0003045263986513362
1.401880097670178e-07,0.0002754837989568701
1.401888106379524e-07,0.0002515512099753813
1.401898829847263e-07,0.0002301791376348579
1.401908013514318e-07,0.0002214072006051564
1.401917133828894e-07,0.0002127303585343228
1.401926291392474e-07,0.000205025892575817
1.40193654652265e-07,0.0001969938496646423
1.401949130605016e-07,0.0001872574945626415
1.401958248695812e-07,0.0001809287261149481
1.401969156497878e-07,0.0001741303143048884
1.401986186935896e-07,0.0001648467732345723
1.402e-07,0.0001582140979455596
1.402015789522572e-07,0.0001515253885611596
1.40203684392816e-07,0.0001434270163944251
1.402058487300114e-07,0.0001360494737230027
1.402095601462776e-07,0.0001250511862717788
1.402141130715864e-07,0.0001138345841452486
1.402192349300636e-07,0.0001038821719994351
1.402249942294422e-07,9.53212716738577e-05
1.402320603361738e-07,8.704338288787389e-05
1.402414129538474e-07,7.827751267399483e-05
1.402512301953017e-07,7.192723506124607e-05
1.402650362931159e-07,6.81316551515532e-05
1.402747404583183e-07,6.796501403997895e-05
1.402816202536011e-07,6.80906868894202e-05
1.402867096792461e-07,6.773304172040058e-05
1.402918036464916e-07,6.667616589487037e-05
1.402958401207276e-07,6.54531171942216e-05
1.403004317905203e-07,6.376907413666632e-05
1.403067855785449e-07,6.153676031019143e-05
1.403113537015126e-07,6.067907648894009e-05
1.403160338127403e-07,6.042345807165229e-05
1.403208456628125e-07,6.060571084178651e-05
1.40328996404087e-07,6.128973505095244e-05
1.403384851232837e-07,6.196952169658746e-05
1.403484800630353e-07,6.214799985537135e-05
1.403594832097533e-07,6.175004365154298e-05
1.403713377164014e-07,6.084968875746958e-05
1.403864666013534e-07,6.160452701402637e-05
1.403948185923677e-07,6.990509709983013e-05
1.404052411328709e-07,8.36819668694966e-05
1.404126797747355e-07,8.733378553896749e-05
1.404155907641785e-07,8.775700250158045e-05
1.404214127430644e-07,9.838653843936586e-05
1.404253298095243e-07,0.0001284894876385329
1.404298307576556e-07,0.0001771178505480173
1.404330507101936e-07,0.0001956465933598188
1.40435470348719e-07,0.0002122119777270288
1.404367883400742e-07,0.000266031054108252
1.404386504099019e-07,0.0004082430547844981
1.404399573746785e-07,0.0005116045276892081
1.404414696598816e-07,0.0005817966306712399
1.40442375067272e-07,0.0006336122479688332
1.40443533600984e-07,0.0007143509864683872
1.404444712386771e-07,0.0007459511106344062
1.404452761794774e-07,0.0007316665136160977
1.404460342803505e-07,0.0006873650428458867
1.404471155791842e-07,0.0005891413421156434
1.404475157826811e-07,0.0005526393654248943
1.404480224691091e-07,0.0005093669256372036
1.404486839673019e-07,0.0004621209822386408
1.404495313925697e-07,0.0004172737672156274
1.40450435740444e-07,0.0003815040260996525
1.404513445209362e-07,0.0003541570779057173
1.404522447026429e-07,0.0003342389896559182
1.404532604023629e-07,0.0003158058903605166
1.404544948076521e-07,0.0002915584963793923
1.404558197639821e-07,0.0002648902636756019
1.404570482821495e-07,0.0002410945899692586
1.404580739637655e-07,0.0002147681924295926
1.404588924553836e-07,0.0001913260699534394
1.40459772540402e-07,0.0001733856551931237
1.404605767863394e-07,0.0001637769745060885
1.404616001953946e-07,0.0001532281384005242
1.404629918206976e-07,0.0001390145040436795
1.404641883268714e-07,0.0001283541225285563
1.404655488645199e-07,0.0001192839679309776
1.404671523798656e-07,0.0001118778557494188
1.404690947835511e-07,0.0001051805404443947
1.404710571727975e-07,9.948293566733076e-05
1.404732956869911e-07,9.453997459005385e-05
1.404760218121555e-07,9.528804433327716e-05
1.404794731590355e-07,0.0001145603228989633
1.404819052864215e-07,0.0001317824935097358
1.404845565025864e-07,0.0001407050639479638
1.40486568901822e-07,0.0001444979700080168
1.404889905554479e-07,0.000172397608798375
1.404907300464673e-07,0.0001924939587283116
1.404921509365636e-07,0.0001935366579182906
1.404940106037242e-07,0.0002168128768536882
1.40495372195136e-07,0.0002816972576316267
1.4049626163668e-07,0.0003230325602185107
1.404972210139738e-07,0.0003592825476743171
1.404984520797598e-07,0.0003916315534492267
1.404999614776123e-07,0.0004091302207726774
1.405012369654955e-07,0.0004058033393870975
1.405026170689831e-07,0.0003894621660503754
1.405043447089055e-07,0.000385075385980368
1.405064741921439e-07,0.0005053324237962304
1.405086324006186e-07,0.000659904212946596
1.405106067388161e-07,0.0007024882896638407
1.40512155741098e-07,0.0006741825671807364
1.405145542413641e-07,0.0005744991312479046
1.405166566402695e-07,0.00047252707826706
1.405187141843637e-07,0.0003806963784278612
1.405210817625333e-07,0.0002878205440239601
1.405251408331778e-07,0.0001620386366227499
1.405292860303134e-07,9.023164001053021e-05
1.405335622527241e-07,6.440037503810552e-05
1.405379998714404e-07,5.764532260995644e-05
1.405424223566273e-07,5.601736853526536e-05
1.405470681320155e-07,5.546694833946371e-05
1.405527502062042e-07,5.516171659650223e-05
1.40560497795852e-07,5.493992932781103e-05
1.405721232962757e-07,5.477359313764381e-05
1.405901113027674e-07,5.467175812221372e-05
1.406121481560441e-07,5.463002554579232e-05
1.40639399289764e-07,5.46106386576418e-05
1.406735426781373e-07,5.459899630771665e-05
1.407196030379531e-07,5.459004678706767e-05
1.407853934518457e-07,5.458255364740172e-05
1.408885313774669e-07,5.45760787944013e-05
1.410708254482395e-07,5.457052373428302e-05
1.413208526261403e-07,5.456706325392378e-05
1.416733758493859e-07,5.456475929165956e-05
1.421702490575141e-07,5.456320135837272e-05
1.428987524950011e-07,5.456211572035098e-05
1.439587902375626e-07,5.45613807259045e-05
1.454888733095029e-07,5.456088704739571e-05
1.476974561801211e-07,5.456054546748913e-05
1.498487280900606e-07,5.456036283578027e-05
1.52e-07,5.456024382643535e-05
1.5205e-07,5.462121531716571e-05
1.520638225630883e-07,5.505052883092296e-05
1.52078896441571e-07,5.694285043329145e-05
1.520863548681238e-07,5.888612560317176e-05
1.520932833069293e-07,6.113790411463592e-05
1.521013865008397e-07,6.310801826456425e-05
1.521082421062608e-07,6.362492999165713e-05
1.521130757856857e-07,6.76716983316825e-05
1.521179636833063e-07,8.361231690671139e-05
1.521231455796239e-07,0.0001057197528150395
1.521276500184214e-07,0.0001146218841148945
1.52132054045123e-07,0.0001243796844551333
1.521360745406124e-07,0.0002273304139326581
1.521391382331464e-07,0.0003455847776272876
1.521415062375866e-07,0.0004075321160685246
1.52144464985649e-07,0.0004586932895420855
1.521459880332685e-07,0.0004998994624614461
1.521469708128177e-07,0.0005249161973606128
1.521481497561838e-07,0.0005384067991231313
1.52149022883036e-07,0.0005337987505140471
1.521499139081292e-07,0.0005159344702522176
1.521508627230195e-07,0.0004844336200472261
1.521517558461045e-07,0.0004510059419264218
1.521524293773308e-07,0.0004280083925397149
1.521532726534502e-07,0.000404942980767176
1.521542238369799e-07,0.0003821217048167052
1.521552185557834e-07,0.000358941234969979
1.521561450598545e-07,0.000337440355476927
1.521571942733724e-07,0.0003127252039826473
1.521585202512651e-07,0.0002807940577971177
1.521602867389166e-07,0.0002378910793369851
1.521624079369932e-07,0.0001898080473139331
1.521647505396377e-07,0.0001504891486153173
1.521676318177483e-07,0.0001253972424807898
1.521701622658558e-07,0.0001133842762355797
1.521725956818346e-07,0.0001057188122806898
1.52174388710904e-07,0.000101331405563449
1.521762280614747e-07,9.744943143446744e-05
1.521789816484736e-07,9.241152344264517e-05
1.521820795842819e-07,8.821303704700432e-05
1.521847712975198e-07,8.66836627595763e-05
1.521875112612119e-07,8.718203466598432e-05
1.521900555697841e-07,8.974703130591825e-05
1.521937721273374e-07,9.772335545357907e-05
1.521968860636687e-07,0.0001084498440380725
1.522e-07,0.0001217502325166976
1.522021338250753e-07,0.0001303740631124804
1.522052295194962e-07,0.0001415882462860544
1.522083229610854e-07,0.000146847760680285
1.522123486882029e-07,0.0001452174673514209
1.522165122509397e-07,0.0001400545483071122
1.522192851831623e-07,0.0001399589704116609
1.522210742695539e-07,0.0001415872486907597
1.522231705527783e-07,0.0001416749054439162
1.522248637108392e-07,0.000138219822070924
1.522266539284589e-07,0.0001304609307380674
1.522286884465573e-07,0.0001180998045548648
1.522302016731937e-07,0.0001095176495610825
1.522314117054142e-07,0.0001047495639113347
1.52233071761745e-07,0.0001001083548698245
1.5223466698072e-07,9.601930396460703e-05
1.522360722061945e-07,9.229061322345301e-05
1.522377582950326e-07,8.776603859220151e-05
1.522408357928516e-07,8.040622256951213e-05
1.522440448259758e-07,7.502899048683735e-05
1.522476230434396e-07,7.151811303897927e-05
1.522519809587273e-07,6.907612564938966e-05
1.522588868526395e-07,6.656091319465545e-05
1.522691000747443e-07,6.395536158047519e-05
1.522842507193993e-07,6.243075440235581e-05
1.523011360195604e-07,6.412555957064755e-05
1.52319342906898e-07,6.753675950877987e-05
1.523277051901072e-07,6.860480912594758e-05
1.523327564149362e-07,6.869701886198734e-05
1.523385548098607e-07,6.766817518287305e-05
1.523449277224698e-07,6.545174581902349e-05
1.523494684925363e-07,6.344789363136116e-05
1.523529492175625e-07,6.225979458157472e-05
1.523564476560141e-07,6.169767559924743e-05
1.523605879994834e-07,6.181228478651635e-05
1.523647307732809e-07,6.258031385776477e-05
1.523711848366588e-07,6.416282342943735e-05
1.523802607641298e-07,6.570522644985565e-05
1.52389147916568e-07,6.583559157294954e-05
1.523979947013355e-07,6.48703626873811e-05
1.524061297931811e-07,6.483442236439156e-05
1.524126261440013e-07,7.352637997100646e-05
1.524201698522796e-07,9.101928939595402e-05
1.524257469239942e-07,9.706621790762919e-05
1.52433416495237e-07,0.0001031954531878852
1.524374962722529e-07,0.0001413851415886207
1.524387851920563e-07,0.0001621144537433991
1.524401177563303e-07,0.0001854354173308945
1.524411851723347e-07,0.0002042070246495435
1.524428490545504e-07,0.0002462177438542308
1.524439532623463e-07,0.0002922842615510523
1.52445165495317e-07,0.000340500985518744
1.52446187243546e-07,0.0003574617019100657
1.524469676402438e-07,0.0003542009781533769
1.524474962722529e-07,0.0003490412037450094
1.524477427912846e-07,0.0003389414717199758
1.52448086941831e-07,0.0003270389839171391
1.524483953337968e-07,0.0003179607431074808
1.524490121177285e-07,0.0003027732820885979
1.524499102113386e-07,0.0002881839709759084
1.524508686234527e-07,0.0002861614170957848
1.524518583390733e-07,0.0002983450804228441
1.524528084379875e-07,0.0003141565998987633
1.524539232205926e-07,0.0003254913691907946
1.524548083347847e-07,0.000320534612835543
1.524557108209744e-07,0.0002995186157427548
1.524563590919739e-07,0.0002810899882627475
1.524570471110662e-07,0.0002720484922206532
1.52457743855468e-07,0.0002840837770600947
1.52458694544486e-07,0.0003267164520513049
1.524596614045574e-07,0.0003803277634197816
1.524606007477108e-07,0.0004229262311693292
1.524614916394652e-07,0.0004445190648791685
1.524621850485651e-07,0.0004537443977610628
1.524629274029328e-07,0.0004651333143018703
1.52463623776243e-07,0.0004735775022104791
1.524645189696634e-07,0.0004728689667199219
1.524656410149398e-07,0.000454064698899473
1.524665132656835e-07,0.0004317603811509517
1.524675251869004e-07,0.0004048808227320935
1.524687325304892e-07,0.0003747937411492228
1.524698313663257e-07,0.0003505587757894512
1.524708798521156e-07,0.0003316749836044548
1.524721546564165e-07,0.0003120706936197571
1.524735661701959e-07,0.0002920919229137747
1.524748307487559e-07,0.0002767487919367443
1.524762126579405e-07,0.0002666606727829363
1.524780521108553e-07,0.0002707931299864394
1.524800992679339e-07,0.0003077009177692585
1.524818335880251e-07,0.000341944591104908
1.524831777254445e-07,0.00034295602549466
1.524845842628448e-07,0.0003184518012661088
1.524860495441582e-07,0.0003051309918533463
1.524872857603227e-07,0.0003159615644428781
1.52488374428948e-07,0.0003243111337986824
1.524894254588067e-07,0.0003244494665444274
1.524905816136805e-07,0.0003182505179864591
1.524919252186389e-07,0.0003070879245997643
1.524931258458716e-07,0.0002974430362817793
1.524943184834982e-07,0.0002918650693533168
1.524956808989896e-07,0.0002915782489840143
1.524975567550753e-07,0.0002979432813178719
1.525000624912922e-07,0.0003063246029678885
1.52502477044351e-07,0.0002951222938043912
1.525050290543156e-07,0.0002668914237487634
1.525077392314534e-07,0.0003209463473435983
1.525101412952885e-07,0.0004789838547898701
1.525127073660745e-07,0.0006045902395539539
1.525149548392855e-07,0.0006091397181389706
1.525170190490707e-07,0.0005471403065857959
1.525195816521423e-07,0.0004410431236663946
1.525217383152528e-07,0.0003541366745659248
1.525241133088257e-07,0.0002692726488002124
1.525275438758733e-07,0.0001712267277549048
1.525325875546672e-07,8.937644647982069e-05
1.52538524701788e-07,6.118861104012232e-05
1.525451387972249e-07,5.651672757705673e-05
1.525501382425444e-07,5.59901817709457e-05
1.52555532090851e-07,5.577520755410425e-05
1.525623982726225e-07,5.560248505906311e-05
1.525735196716824e-07,5.538661177011708e-05
1.525894978386369e-07,5.515694620245189e-05
1.526175732843634e-07,5.490338724751051e-05
1.52669058873413e-07,5.469480419659447e-05
1.527427186670713e-07,5.4607610612587e-05
1.528308701671949e-07,5.458352547474971e-05
1.529410404728405e-07,5.45752381949335e-05
1.530920501273547e-07,5.457064889765596e-05
1.533282773354603e-07,5.456729074271906e-05
1.537069863822482e-07,5.456497103915834e-05
1.542365840829815e-07,5.456361452977236e-05
1.549864474887886e-07,5.456270456496442e-05
1.560584551936022e-07,5.4561990422805e-05
1.576227802570181e-07,5.456138968225644e-05
1.58811390128509e-07,5.456110402517319e-05
1.6e-07,5.456089957063198e-05
1.600345876537203e-07,5.456247651272265e-05
1.60077833988316e-07,5.569463839405468e-05
1.600931047397765e-07,5.913362473687769e-05
1.6010091978967e-07,6.170690894455387e-05
1.601115803574073e-07,6.373062320938841e-05
1.601190568188253e-07,6.796156727561215e-05
1.601246243424015e-07,8.708871273001765e-05
1.601313936705808e-07,0.0001158693701469596
1.601367582228419e-07,0.0001223851066794554
1.601409004681525e-07,0.0001168693926079739
1.601458333758781e-07,0.0001135725454638765
1.601479346989517e-07,0.0001210274098471765
1.601497272144564e-07,0.0001326442601720898
1.601516117742308e-07,0.0001471504702372836
1.601538207768476e-07,0.0001669711347223965
1.601557441420109e-07,0.0002006144574837107
1.601578088658659e-07,0.0002310703982625019
1.60159414130823e-07,0.0002504824573488844
1.60160856637186e-07,0.000289699907137094
1.601623782291201e-07,0.0003458032496717763
1.601638137292289e-07,0.0003931637311795069
1.601654215644091e-07,0.0004250145780765951
1.601673980337462e-07,0.0004525137210289211
1.601690836252238e-07,0.0004693161315035339
1.601701277333053e-07,0.000474171537842922
1.601712255150856e-07,0.0004770555588770049
1.601722773006463e-07,0.0004788380171272292
1.601736498334415e-07,0.0004762613440834285
1.601748801218683e-07,0.0004664339429426965
1.601760493033604e-07,0.0004509881682136978
1.601775116753568e-07,0.0004257534995430957
1.601795210640752e-07,0.0003917383264359704
1.601808680314529e-07,0.0003794374110005762
1.601822739372442e-07,0.0003748699058459862
1.601834162453784e-07,0.0003715449832183437
1.601845840325083e-07,0.0003627550154333728
1.601860206191641e-07,0.000335954735877912
1.601871269667324e-07,0.000303816307350039
1.601880309313762e-07,0.0002750855095726414
1.601888332846523e-07,0.0002511292604003729
1.601899139017002e-07,0.0002299106562279835
1.601908268387919e-07,0.0002212518150824468
1.601917415289381e-07,0.0002125371212667229
1.601926579711559e-07,0.0002048581277694542
1.601936909740665e-07,0.0001967630534861537
1.601949152020942e-07,0.0001872851051778282
1.601958284889797e-07,0.0001809451639041362
1.601969196860699e-07,0.0001741429840183724
1.60198643791944e-07,0.0001647505651436806
1.602e-07,0.0001582410735476911
1.602015761078183e-07,0.0001515602982980062
1.60203673870021e-07,0.0001434846967826611
1.602058263067546e-07,0.0001361387225829436
1.602095275996631e-07,0.0001251534767787372
1.602140780697184e-07,0.0001139225894975402
1.602191953913045e-07,0.0001039575349609913
1.602249473075141e-07,9.538941956264064e-05
1.602319983677036e-07,8.711445743630004e-05
1.602413263689489e-07,7.835154816863683e-05
1.602511280842884e-07,7.197891828086521e-05
1.602648937467754e-07,6.814563327628794e-05
1.602745683458741e-07,6.796074320135848e-05
1.602815098473256e-07,6.80922965343428e-05
1.602866078343669e-07,6.774870276013314e-05
1.602917349438973e-07,6.669743578994232e-05
1.602957382841606e-07,6.549080080920321e-05
1.603003106331578e-07,6.382010979606363e-05
1.603066308774902e-07,6.157943463802833e-05
1.603112514191665e-07,6.069229048613482e-05
1.603158336743238e-07,6.04237282536353e-05
1.603206270476975e-07,6.059083888341701e-05
1.60328650105117e-07,6.125812828750261e-05
1.603381460908073e-07,6.195269045562538e-05
1.603480867528169e-07,6.215178686226547e-05
1.603590679850044e-07,6.177467564858242e-05
1.603708514134165e-07,6.089363977836072e-05
1.603858751580924e-07,6.132109018250668e-05
1.603943122716135e-07,6.920264238531122e-05
1.604017668990609e-07,7.988188908248131e-05
1.604091166130865e-07,8.637692182501163e-05
1.604116422639076e-07,8.717398775278249e-05
1.604166935655498e-07,8.820465924189729e-05
1.60422430269496e-07,0.0001040001299364873
1.604259577128465e-07,0.0001352260426079992
1.604302869412502e-07,0.0001813339977580006
1.604334085506628e-07,0.0001963874245285977
1.60435236709106e-07,0.0002075685935541252
1.604364738692754e-07,0.0002493631806176674
1.604382763945037e-07,0.000376616998994431
1.604395787309835e-07,0.0004859079499860134
1.604410777724338e-07,0.0005664988206644854
1.604421958828081e-07,0.0006217003794801758
1.604434161178719e-07,0.0007073599957446388
1.604444365555345e-07,0.0007457587011249973
1.604452498909043e-07,0.0007326882080883198
1.604460276205654e-07,0.0006878188092831641
1.604470504677914e-07,0.0005948878587275693
1.604474622646026e-07,0.0005571917333604295
1.604479641386726e-07,0.0005139257946825207
1.604486117715332e-07,0.0004666001334271935
1.604494676958657e-07,0.0004201393448331714
1.604503748460592e-07,0.0003836198758307714
1.604512935542712e-07,0.0003554794942361514
1.604521897727951e-07,0.0003353103146418891
1.604531969234332e-07,0.0003169595149928953
1.604544127752e-07,0.0002933145995900681
1.604557344149999e-07,0.0002668499356838478
1.604569748219244e-07,0.0002434009840845167
1.604579970447063e-07,0.0002177922939240035
1.604592248377294e-07,0.0001835148622076654
1.60460101168956e-07,0.0001686183630732251
1.604609317033775e-07,0.0001597220553259575
1.604619797984406e-07,0.0001490928097586002
1.604633404725139e-07,0.0001356482851209683
1.604645313591627e-07,0.0001258196052768128
1.6046591946434e-07,0.0001174216403065868
1.604675569298642e-07,0.0001104516802437088
1.604694792631738e-07,0.0001041123073251406
1.604714811604137e-07,9.846674597921426e-05
1.604738018208552e-07,9.398191735560067e-05
1.604767047300511e-07,9.728261136534211e-05
1.60479560671616e-07,0.0001141927921030494
1.60481692351898e-07,0.0001275096585555882
1.604840788055773e-07,0.0001341818375145899
1.604854407235454e-07,0.0001380734422659995
1.604867827333191e-07,0.0001492792497166373
1.60488228631581e-07,0.0001617832953464188
1.604893618225683e-07,0.0001630463064342284
1.604908882537906e-07,0.0001548305878273803
1.604921545912573e-07,0.0001651261868746977
1.604934644463311e-07,0.000191586495187552
1.604945936530558e-07,0.0002160263174727777
1.604955582365893e-07,0.0002377855648869733
1.604967475068386e-07,0.0002649110966631079
1.604979760318763e-07,0.0002906123666531786
1.604992390018498e-07,0.0003108268706594189
1.605007065519109e-07,0.0003203124380862763
1.605026372943641e-07,0.0003103551285955377
1.605048768538029e-07,0.0003349520844753275
1.605070733058976e-07,0.0005053588054520445
1.605092787778857e-07,0.0006514240537838471
1.605109652846156e-07,0.0006783985350927778
1.605126751059158e-07,0.0006457183138506979
1.605149800446317e-07,0.0005549477680502882
1.605169639729006e-07,0.0004668088846254438
1.605190419942576e-07,0.0003796647442775899
1.605216315204402e-07,0.0002823189047493176
1.605257120254328e-07,0.000159093397322291
1.605299200003805e-07,8.837471539003849e-05
1.605344609202628e-07,6.300112154672385e-05
1.605393293225783e-07,5.690842926601927e-05
1.60543773204134e-07,5.569393000122321e-05
1.60548569573594e-07,5.526085130235347e-05
1.605544050259198e-07,5.5020785493846e-05
1.605627914838353e-07,5.484269936984202e-05
1.605754410347153e-07,5.471867210151472e-05
1.605945370249052e-07,5.465030622882268e-05
1.606173333280125e-07,5.462253670220542e-05
1.606458434122778e-07,5.460737137272836e-05
1.606823267181838e-07,5.459675700543917e-05
1.607336516743723e-07,5.458795765626739e-05
1.608115241819054e-07,5.458036458785631e-05
1.609468645008679e-07,5.457364697372466e-05
1.611479181232333e-07,5.456903335430993e-05
1.614280157780299e-07,5.456604288668477e-05
1.618205607495651e-07,5.456403944053242e-05
1.623890209057281e-07,5.456265064951337e-05
1.632193400443151e-07,5.456169941054461e-05
1.644203689962759e-07,5.456106470210691e-05
1.661525734659018e-07,5.456063889135871e-05
1.686580186886412e-07,5.4560342492993e-05
1.72e-07,5.456014045555449e-05
1.7205e-07,5.462111205929438e-05
1.720638225630883e-07,5.505043157971358e-05
1.720788945821094e-07,5.694235212175803e-05
1.720863552116094e-07,5.888612302004807e-05
1.720932827667792e-07,6.113762948076398e-05
1.721013859423108e-07,6.310783510535042e-05
1.721082414063242e-07,6.362471499286121e-05
1.721130755219815e-07,6.767108298062252e-05
1.721179636623177e-07,8.361215174682189e-05
1.721231457811551e-07,0.0001057211455963323
1.721276503565583e-07,0.0001146377413286401
1.72132054438974e-07,0.0001249256582024607
1.721360752462976e-07,0.0002294918280719494
1.721391410269583e-07,0.0003488769875622212
1.721415089818998e-07,0.0004112903766464425
1.721444607849977e-07,0.0004625172906090346
1.721459806483822e-07,0.0005035769997078552
1.721469636320171e-07,0.0005284639697227778
1.721481425630797e-07,0.000541351298875839
1.721490174429237e-07,0.0005364613162526699
1.721499389188788e-07,0.0005175011778374431
1.721509175033075e-07,0.0004842138519128382
1.721517864160704e-07,0.0004513104155895224
1.721524570651194e-07,0.0004282620399116145
1.721533259276268e-07,0.0004042835473661293
1.721542718077691e-07,0.0003811932152701324
1.721552542078665e-07,0.0003580334948830969
1.721561802150485e-07,0.0003363786837449482
1.721572399520005e-07,0.0003112761406669182
1.721585877442329e-07,0.0002787031691283385
1.721603620266547e-07,0.000235612817841895
1.721625231225069e-07,0.0001871277709563564
1.721648833112065e-07,0.0001488269809922377
1.721677532270891e-07,0.0001248380796346465
1.721702366313151e-07,0.0001133436172539423
1.721726497566235e-07,0.0001058204232629912
1.721743770441979e-07,0.0001016064529158896
1.721762015610952e-07,9.774333397723735e-05
1.721790013596041e-07,9.257209888551834e-05
1.72182111003887e-07,8.822456105407696e-05
1.721847811265069e-07,8.642606689087457e-05
1.721875744928392e-07,8.645784770098775e-05
1.721901242507304e-07,8.844352574070365e-05
1.721938920185569e-07,9.543805908622065e-05
1.721969460092785e-07,0.0001050374179182926
1.722e-07,0.0001175669175101919
1.722022743133769e-07,0.0001270045338511522
1.722053883177215e-07,0.0001393060575062272
1.72208509736044e-07,0.0001462709035429353
1.722122318691684e-07,0.000146393667558773
1.722168660686759e-07,0.0001406748687246045
1.722209980609839e-07,0.0001404883174107809
1.722229822256321e-07,0.0001419066478747732
1.722251244878303e-07,0.0001399269836027967
1.722270281238413e-07,0.0001333153763722478
1.722292139706267e-07,0.0001207634496726981
1.722309295762289e-07,0.0001106779909918229
1.722321700849776e-07,0.0001054140269359383
1.722336644628469e-07,0.0001010408871316977
1.72235620393755e-07,9.600480376902611e-05
1.722370008137935e-07,9.234497285123804e-05
1.722386725805037e-07,8.785548492876859e-05
1.72241322044228e-07,8.136327893206489e-05
1.722445415322925e-07,7.560193184036645e-05
1.722479892325828e-07,7.190932059800301e-05
1.722523068725942e-07,6.92963605727136e-05
1.722584713264752e-07,6.692844063774115e-05
1.722684154943081e-07,6.423679819550291e-05
1.722823957260993e-07,6.250934909752614e-05
1.722999064958971e-07,6.391907868989753e-05
1.723187824792635e-07,6.744950017937579e-05
1.723274582496647e-07,6.857855695442439e-05
1.723326028488173e-07,6.870517160371491e-05
1.723385973438856e-07,6.764826039315247e-05
1.72344620142549e-07,6.556728224251464e-05
1.723491357316747e-07,6.358025197579594e-05
1.723526056882041e-07,6.234260489779302e-05
1.723561443196018e-07,6.17188515863394e-05
1.723601493349297e-07,6.176504424603886e-05
1.723641705952651e-07,6.24567576055173e-05
1.723703525779357e-07,6.397082206580615e-05
1.72379408466962e-07,6.562062297658525e-05
1.723882200714775e-07,6.587793455695912e-05
1.723966982831455e-07,6.506355222744308e-05
1.724050088328509e-07,6.444714589730762e-05
1.724120579449272e-07,7.232057255041462e-05
1.724197575759242e-07,9.023230996233226e-05
1.724254429884969e-07,9.692229383821021e-05
1.724333172271333e-07,0.0001028756608781921
1.724374754529126e-07,0.0001413698429354373
1.724387823581809e-07,0.0001628131513817436
1.724401330943637e-07,0.0001867184320112033
1.72441212950262e-07,0.0002056710697686737
1.724428797764079e-07,0.0002406343005168078
1.724446101897524e-07,0.0002836042429023569
1.72445974398709e-07,0.0002956479451565097
1.724467249258108e-07,0.0002891909016279824
1.724474754529126e-07,0.0002816773425921838
1.724477672944525e-07,0.0002754629004297058
1.724481655703534e-07,0.0002691355487048429
1.72448535839873e-07,0.0002645863943477137
1.724491861234234e-07,0.0002584601329784105
1.724501132715098e-07,0.0002542077565665873
1.724510784918375e-07,0.000257942203349391
1.72452088532876e-07,0.0002706908404076191
1.724531132056572e-07,0.0002886581253199174
1.724542582303042e-07,0.0003061154546860392
1.724551150921799e-07,0.0003073851173626348
1.724561278036074e-07,0.000294897464330903
1.724569432613841e-07,0.000290680381223984
1.724576395421559e-07,0.000306923574438777
1.724584786229407e-07,0.0003463133499105855
1.724594121780595e-07,0.0003982223457866817
1.724603977248083e-07,0.0004469466934662055
1.72461271443881e-07,0.0004761515668638185
1.724623462152826e-07,0.0004983237471728027
1.724631725790107e-07,0.0005151009635969918
1.724638949391054e-07,0.0005238617939277044
1.724647466195333e-07,0.0005198194828580975
1.724658046401292e-07,0.0004953228089818885
1.724666488524162e-07,0.0004669414469496718
1.724677692601903e-07,0.0004269591674775259
1.724690208639637e-07,0.0003843462032342009
1.724701040738567e-07,0.0003532144039302376
1.724711733342309e-07,0.0003300388274050385
1.724725598443329e-07,0.000305737659721175
1.724739325538378e-07,0.000283862945197266
1.724752144687603e-07,0.0002673955506922782
1.724766559417738e-07,0.0002621355994796851
1.724784170612005e-07,0.0002822301646152769
1.724796774648666e-07,0.0003006708575261
1.724808298211012e-07,0.0003094939639140468
1.724822122223308e-07,0.000308555884575045
1.724833980534989e-07,0.0003134815505664914
1.724845185652246e-07,0.0003176703085734271
1.724854989499234e-07,0.0003101993667901367
1.724864747370452e-07,0.0002920696070784335
1.724873573076112e-07,0.0002718621801350332
1.724882234096586e-07,0.0002531705829492286
1.724893337171813e-07,0.0002330508407094934
1.72490577300505e-07,0.0002183531283641388
1.724919678119131e-07,0.0002092508536048105
1.72493515029134e-07,0.0002054205561989873
1.724947326735187e-07,0.0002080996861409996
1.724961382107261e-07,0.000217371304129225
1.724982224512883e-07,0.0002372418247353845
1.725006745813844e-07,0.0002562525146336329
1.725032016813876e-07,0.0002514886503586047
1.725057245121843e-07,0.0002395422279914318
1.725083141413125e-07,0.0003310755310893446
1.725108081121174e-07,0.0005113191874987758
1.725133029912633e-07,0.0006202262650076074
1.725153748279892e-07,0.0006149421407572867
1.725175518504869e-07,0.0005443491465381794
1.725200705136215e-07,0.000438479307707707
1.72522166217138e-07,0.0003542070332326618
1.725246264635115e-07,0.0002666042090527917
1.72528395022159e-07,0.0001615763390263409
1.725334085005747e-07,8.584173709081355e-05
1.725395672210787e-07,6.014478620055302e-05
1.725459859052727e-07,5.639726844868233e-05
1.725509992133624e-07,5.592675340470177e-05
1.725564296071321e-07,5.57274950460078e-05
1.725635716555683e-07,5.555867379370362e-05
1.725749847928623e-07,5.535040290426493e-05
1.725916894455133e-07,5.512672294155567e-05
1.72621253280947e-07,5.488284817453371e-05
1.726768262076078e-07,5.46856231475809e-05
1.72751540959556e-07,5.461032072976439e-05
1.728420232302348e-07,5.458763789459232e-05
1.729549109967262e-07,5.457866935010084e-05
1.731132132548866e-07,5.45730876512113e-05
1.733631712766552e-07,5.456890266006206e-05
1.737559381305295e-07,5.456604639702642e-05
1.743058752299648e-07,5.45643311443473e-05
1.750846178491597e-07,5.456317272447848e-05
1.762015128134741e-07,5.456228383146895e-05
1.778305456930631e-07,5.456156770023287e-05
1.8e-07,5.456105565667414e-05
1.8005e-07,5.457956532396246e-05
1.800638225630883e-07,5.473892557998354e-05
1.800914676892649e-07,5.859525729455464e-05
1.800997511720114e-07,6.132109579620559e-05
1.801070647172649e-07,6.318152693784763e-05
1.801145050016755e-07,6.41439359350016e-05
1.801199287709717e-07,6.988687463721355e-05
1.801254295759538e-07,9.107839366751875e-05
1.801311174953439e-07,0.0001151958129086248
1.801365787855906e-07,0.0001224772910762852
1.801406324786705e-07,0.0001173552120078148
1.801456179511045e-07,0.00011323930536719
1.801477113521812e-07,0.000119965032971622
1.80149500536412e-07,0.0001310891873569556
1.80151425394338e-07,0.0001458296801226277
1.801534616297437e-07,0.0001628788647759224
1.801554607076025e-07,0.000195402852411981
1.801574488302698e-07,0.0002273933936868089
1.801591764179058e-07,0.0002465592822043128
1.801605729096354e-07,0.0002806447597842636
1.80162174007586e-07,0.0003386089616996163
1.801635743211724e-07,0.0003866394922839173
1.801651645283733e-07,0.0004214763195219457
1.801670380245439e-07,0.0004477740225072047
1.801687352481061e-07,0.0004669000368098131
1.801698427004676e-07,0.0004732559075573549
1.801710258815538e-07,0.0004767681230131339
1.801720221561483e-07,0.0004786674730201192
1.80173357726594e-07,0.0004775718219997052
1.801746818603167e-07,0.0004684776588465204
1.801758311326821e-07,0.0004541677969935492
1.80177207223564e-07,0.0004311997208010849
1.801791751598743e-07,0.0003964801813448157
1.801806052469079e-07,0.0003810237286968011
1.801821550126818e-07,0.0003750882455809304
1.801833565903352e-07,0.0003717072718807099
1.801845081124137e-07,0.0003634361755148561
1.801859824404251e-07,0.000336635465628874
1.801870945520904e-07,0.0003045265149045147
1.801880097608371e-07,0.0002754838872814299
1.801888106314951e-07,0.000251551285260229
1.801898829765643e-07,0.0002301791838163266
1.801908013442909e-07,0.0002214072175149241
1.801917133750559e-07,0.0002127303821634548
1.801926291317419e-07,0.0002050259157815921
1.801936546443972e-07,0.000196993881210742
1.801949130537827e-07,0.000187257524205329
1.801958248628207e-07,0.0001809287605344355
1.801969156430648e-07,0.0001741303535343287
1.801986186861605e-07,0.0001648468232912054
1.802e-07,0.0001582141192037314
1.802015789533811e-07,0.0001515254137539562
1.802036843971486e-07,0.0001434270401767181
1.802058487381035e-07,0.0001360494948213674
1.802095601587914e-07,0.0001250512087295426
1.802141130850862e-07,0.0001138346172853752
1.802192349462156e-07,0.0001038822105982941
1.802249942494441e-07,9.532131368759874e-05
1.802320603639315e-07,8.704342547029653e-05
1.802414129940295e-07,7.827755757584001e-05
1.802512302380256e-07,7.192729387979003e-05
1.802650363511299e-07,6.813172640185609e-05
1.802747405302656e-07,6.796508816582129e-05
1.802816203010998e-07,6.809075687305992e-05
1.802867097230692e-07,6.773310346141577e-05
1.802918036758209e-07,6.667622580789877e-05
1.802958401653007e-07,6.545316684369591e-05
1.803004318442159e-07,6.376911819347808e-05
1.803067856470371e-07,6.153680802363433e-05
1.80311353746083e-07,6.067913709270627e-05
1.803160339059618e-07,6.042352432551483e-05
1.803208457661008e-07,6.060578380873637e-05
1.803289965644648e-07,6.128981478090777e-05
1.803384852815054e-07,6.196959391358081e-05
1.8034848024764e-07,6.2148061989096e-05
1.803594834027314e-07,6.175009522182848e-05
1.803713379730469e-07,6.084972761721474e-05
1.803864672703936e-07,6.160499096700942e-05
1.803948099539066e-07,6.989098469992812e-05
1.804052276072202e-07,8.36434394395188e-05
1.804126583326716e-07,8.728538214680074e-05
1.80415548716811e-07,8.769467649454563e-05
1.804213294850899e-07,9.742718141901225e-05
1.804252111228447e-07,0.0001250923838699145
1.804296920835214e-07,0.0001696630504181873
1.804328816087892e-07,0.000185126732027015
1.804353182661658e-07,0.0002016050905823313
1.804366276568298e-07,0.0002590591233846275
1.804384581153859e-07,0.0004080671057240602
1.804397472327953e-07,0.0005148431046880559
1.804412455753792e-07,0.0005870708120555464
1.804421578117247e-07,0.0006437892269990649
1.80443288085308e-07,0.0007290724733736923
1.804442102125426e-07,0.0007629835729236856
1.804450124282738e-07,0.0007488054483776525
1.80445764281408e-07,0.0007033211381108524
1.804468842763121e-07,0.0005976798990479909
1.804472908364033e-07,0.0005587609009109213
1.804478014099414e-07,0.0005128318008329815
1.804484806284561e-07,0.0004613677534747705
1.804493330435913e-07,0.0004121520451658321
1.804502363740585e-07,0.0003726754399544423
1.804511361099938e-07,0.0003446315578690584
1.804520422605938e-07,0.0003273132118817215
1.804530722522234e-07,0.0003149546871410039
1.804543348665676e-07,0.0002982846033727245
1.80455668939772e-07,0.0002744214779074345
1.80456817751804e-07,0.0002480810901819048
1.804578446221598e-07,0.0002184995347273608
1.804585911740639e-07,0.0001961666150000927
1.804594110315834e-07,0.0001754261030760312
1.804602363527622e-07,0.0001579933183660447
1.80461284474595e-07,0.000137783137118807
1.804626739574115e-07,0.0001153091182769036
1.804638779242424e-07,0.0001012346232507773
1.804652540392772e-07,9.122157381573541e-05
1.804668625325581e-07,8.486255075187702e-05
1.804688098492656e-07,8.047488120814508e-05
1.804707709252677e-07,7.733403761158233e-05
1.804730074039682e-07,7.48140586355056e-05
1.804757281771506e-07,7.533844597898084e-05
1.804795574936437e-07,8.76322448596071e-05
1.804829492714086e-07,0.0001013949023262959
1.804862291277393e-07,0.0001075849779258994
1.804911031015424e-07,0.0001060736882330038
1.804952197982111e-07,0.0001487755743156393
1.80498554087904e-07,0.0002258332650817582
1.805011854114744e-07,0.0002520308071104212
1.80503712246379e-07,0.000259198526465294
1.805062469555859e-07,0.0004266539297771973
1.805087755011801e-07,0.0006244448238941101
1.805108380640479e-07,0.0006675793672791582
1.805124785554318e-07,0.0006386469896302724
1.805148468261696e-07,0.0005512266827102068
1.805168056650881e-07,0.0004681039600863334
1.805189339018259e-07,0.0003814614862073901
1.805215988436911e-07,0.0002827197745562629
1.805260136768129e-07,0.0001520864383443829
1.805303607253926e-07,8.413993663587769e-05
1.805353738127367e-07,6.076473995590877e-05
1.805413853169947e-07,5.594199413584601e-05
1.8054588019212e-07,5.528124751598097e-05
1.805508987999897e-07,5.500778527087505e-05
1.80557458461297e-07,5.483714474059641e-05
1.805672307945034e-07,5.471480212556193e-05
1.805830887514651e-07,5.463880668377033e-05
1.806033467128397e-07,5.460900872361369e-05
1.806283767205739e-07,5.459587132888518e-05
1.806598409085455e-07,5.458781282666867e-05
1.807029935551685e-07,5.458148855464795e-05
1.807676311602466e-07,5.457603119140812e-05
1.808776775346113e-07,5.457112093198716e-05
1.810433841066396e-07,5.456755241146521e-05
1.812818264379139e-07,5.456512360097042e-05
1.816138211315184e-07,5.456349777560229e-05
1.820911513826849e-07,5.456236145599591e-05
1.827855217314813e-07,5.456156986869337e-05
1.83792675953283e-07,5.456103076863259e-05
1.852461162350458e-07,5.456066526342776e-05
1.873476916437405e-07,5.456040639691861e-05
1.896738458218702e-07,5.456024738262807e-05
1.92e-07,5.456014397343068e-05
1.9205e-07,5.462111660860003e-05
1.920638225630883e-07,5.505043141435982e-05
1.920788960769133e-07,5.694267938900597e-05
1.920863549366247e-07,5.88860472654867e-05
1.920932832024131e-07,6.113777246827968e-05
1.921013863930356e-07,6.310790414180841e-05
1.921082419715565e-07,6.3624808524406e-05
1.921130760099678e-07,6.767200835656297e-05
1.921179641793462e-07,8.361444763306308e-05
1.921231461869221e-07,0.0001057233577419063
1.921276509012317e-07,0.0001146550719482993
1.921320548913138e-07,0.0001255060048725071
1.921360760295489e-07,0.0002317372361325753
1.921391438196907e-07,0.0003522542288876711
1.921415116808581e-07,0.0004151425316559152
1.921444567014634e-07,0.0004665169015879598
1.92145973719901e-07,0.000507503333897337
1.921469561691128e-07,0.0005323026211231874
1.92148134836727e-07,0.0005446100022506209
1.921490104514567e-07,0.0005393397906501673
1.921499731502294e-07,0.000518901763551519
1.921509902212659e-07,0.0004833397355976304
1.921518358242111e-07,0.000451008349418271
1.92152504552836e-07,0.0004280365574725262
1.921534141272638e-07,0.0004028946869379482
1.921543539277993e-07,0.0003796233351926
1.921553221249584e-07,0.0003565275254504507
1.921562492833172e-07,0.0003346357243423736
1.921573285318189e-07,0.0003088777142680797
1.921587134068297e-07,0.0002752470323069575
1.921605051345475e-07,0.0002317673792384849
1.921627287364731e-07,0.0001827653683706048
1.921651215146791e-07,0.0001460983059386244
1.921679744006991e-07,0.0001237597680314512
1.921704045657894e-07,0.0001129804003439334
1.921727807276928e-07,0.0001057289462273156
1.921744924501545e-07,0.0001016016944737532
1.921763168366881e-07,9.776279472234955e-05
1.921791246898299e-07,9.257874763958178e-05
1.921822633501985e-07,8.817846160760279e-05
1.921848592614921e-07,8.626549986382632e-05
1.921878383379803e-07,8.595420659300133e-05
1.921904100683488e-07,8.757382760613016e-05
1.921943238917519e-07,9.411390621151601e-05
1.922e-07,0.0001133173112012575
1.922026076094646e-07,0.0001241854378361319
1.922066955173061e-07,0.0001403927675544057
1.922108027810214e-07,0.0001473816884034507
1.922149805788619e-07,0.0001445036505682251
1.922195636372474e-07,0.0001395312951032759
1.922218748729392e-07,0.0001404902312418971
1.922235887831208e-07,0.0001419411041790502
1.92225463739344e-07,0.0001412485912826553
1.922272789087823e-07,0.000136591035355016
1.922295130886677e-07,0.0001251640990013454
1.922314206267803e-07,0.0001134127226301944
1.922327615554714e-07,0.00010683865138465
1.9223406479839e-07,0.0001025818080216954
1.922352540983922e-07,9.94452523137955e-05
1.922366292434502e-07,9.590461897253957e-05
1.922380395414769e-07,9.215490828838976e-05
1.922399514844292e-07,8.702931743262924e-05
1.922427589733277e-07,8.034056689605392e-05
1.922459979280314e-07,7.489948092188519e-05
1.922495293371036e-07,7.141238990861116e-05
1.922540199436258e-07,6.889084692752308e-05
1.922606392883335e-07,6.647408491891165e-05
1.922710110377427e-07,6.385517644593733e-05
1.922858536252259e-07,6.253076938908689e-05
1.923024650196293e-07,6.439817919340382e-05
1.923206745428145e-07,6.775229723618957e-05
1.923284310823071e-07,6.868340414432015e-05
1.92333318258464e-07,6.863705581532286e-05
1.92338649675108e-07,6.762195864584812e-05
1.923425200155613e-07,6.637363464395777e-05
1.923470747357417e-07,6.448400303379728e-05
1.923508392658927e-07,6.288415488646992e-05
1.923550646941991e-07,6.183650827804866e-05
1.923586114312123e-07,6.16599455123801e-05
1.923625760355345e-07,6.213555512726648e-05
1.923677580519245e-07,6.334116587663274e-05
1.923764688773987e-07,6.52442509527859e-05
1.923850272095025e-07,6.593926368944707e-05
1.923932503926791e-07,6.550394244342342e-05
1.924020727600782e-07,6.427523468094704e-05
1.924110361982858e-07,7.028589002190636e-05
1.924195433689126e-07,8.94358120045264e-05
1.924255863142988e-07,9.614980820958581e-05
1.924325724330159e-07,0.0001008837688631995
1.924369013190445e-07,0.0001361839914266146
1.924381622212988e-07,0.0001534050774365277
1.924394966748529e-07,0.0001730601640732446
1.924405904157031e-07,0.0001894021718707992
1.924422614250092e-07,0.0002425667454721389
1.924433665138926e-07,0.0003213457708618717
1.924445657434492e-07,0.0004145792729903119
1.924455838611599e-07,0.0004598288383972817
1.924463575126258e-07,0.0004658660082038884
1.924469013190446e-07,0.0004607644224528257
1.924471471646209e-07,0.0004414580326286242
1.924474940225122e-07,0.0004174612227690156
1.924478059078002e-07,0.0003986728784476104
1.924484245703518e-07,0.0003673027976908389
1.924493159578295e-07,0.0003377393019719244
1.924502651928118e-07,0.0003325701586905232
1.924512411094526e-07,0.00035164362420175
1.924521838675836e-07,0.0003707030880299102
1.924532650436498e-07,0.0003699531577201056
1.924541448023578e-07,0.0003451495076927715
1.924550423167289e-07,0.0003003273409286587
1.924556906448942e-07,0.0002656531127596249
1.924563782410363e-07,0.0002436764087208255
1.92457073178444e-07,0.0002466608201371713
1.924580042672086e-07,0.0002803573579959915
1.924589848798601e-07,0.0003286207847774229
1.924599955357596e-07,0.0003663527535162287
1.924611093000615e-07,0.000383129258614249
1.924622245136089e-07,0.0003887691116041612
1.924634229627343e-07,0.0003845566132628556
1.924647827161089e-07,0.0003656747179008945
1.924657592140442e-07,0.0003484500826731141
1.924667152749466e-07,0.0003335322272746047
1.924679370471735e-07,0.0003177530571771343
1.924690413231413e-07,0.0003054446550227839
1.924700895636469e-07,0.0002951089100404061
1.924713625923544e-07,0.0002829441047411957
1.924735654355124e-07,0.0002609606396242283
1.924764172593949e-07,0.0002434344770872016
1.924794184799661e-07,0.0002535275938031282
1.924816262488539e-07,0.0002591349977151042
1.924832629390055e-07,0.0002468536834272321
1.924849092068774e-07,0.0002208942302817968
1.924865774459726e-07,0.0001919793027831207
1.924877936060628e-07,0.000182386296522687
1.924888322167776e-07,0.0001831846060727571
1.924905030625009e-07,0.0001994133612371522
1.924922351819033e-07,0.0002210202370895831
1.924935527546685e-07,0.0002335078658717548
1.924948427212429e-07,0.0002388265982277722
1.924965186880495e-07,0.0002351865539341259
1.924991679119258e-07,0.000232924202469757
1.925015596388751e-07,0.0003331774365389132
1.925042288089261e-07,0.000530920864229376
1.925066749571541e-07,0.0006307516965818106
1.925087225366965e-07,0.0006199471177724638
1.925109395058201e-07,0.0005446928079632478
1.925134532958632e-07,0.0004378130895560394
1.92515551883342e-07,0.0003532311847905699
1.925180727730793e-07,0.0002634973719247555
1.925220678063198e-07,0.0001541043601898414
1.925270568994691e-07,8.278010257186518e-05
1.925334058197369e-07,5.892612868486172e-05
1.925395842820183e-07,5.587958051706556e-05
1.925446134594211e-07,5.548207630440934e-05
1.925500522275923e-07,5.533296108753955e-05
1.925574286184761e-07,5.521279175949065e-05
1.925690122507315e-07,5.507013147249151e-05
1.925862522155082e-07,5.491586405509578e-05
1.926164427974328e-07,5.475255287813303e-05
1.926749157498696e-07,5.462331718066436e-05
1.927482069405134e-07,5.458117568360254e-05
1.928376324056397e-07,5.456969420808267e-05
1.929479195362225e-07,5.456603964792805e-05
1.931044391832666e-07,5.456409614712486e-05
1.933483979692158e-07,5.45628311644572e-05
1.937408651483648e-07,5.456210814919859e-05
1.942876107634727e-07,5.456176368626628e-05
1.950625363921598e-07,5.456150458907796e-05
1.96170733253412e-07,5.456120973629414e-05
1.977886765720214e-07,5.456088486186817e-05
2e-07,5.456060649699756e-05
2.0005e-07,5.457912194235563e-05
2.000638225630883e-07,5.473848325651065e-05
2.000914676892649e-07,5.859481669711325e-05
2.000997511844094e-07,6.132065852085163e-05
2.001070647259911e-07,6.31810888676969e-05
2.001145050082216e-07,6.414349889868415e-05
2.001199287737479e-07,6.988644371308414e-05
2.001254295797193e-07,9.10779753741155e-05
2.001311174991755e-07,0.0001151953873983174
2.001365787896213e-07,0.0001224768513577795
2.001406324827379e-07,0.0001173547660512681
2.001456179573523e-07,0.0001132388792176045
2.001477113589912e-07,0.0001199646324621845
2.00149500543266e-07,0.0001310888052484938
2.001514253998136e-07,0.0001458292894220978
2.001534616400888e-07,0.0001628785459434054
2.001554607147333e-07,0.0001954025651913235
2.001574488399254e-07,0.0002273930723591354
2.001591764233374e-07,0.0002465589412259335
2.001605729160087e-07,0.0002806445455156481
2.001621740113854e-07,0.0003386086870144649
2.001635743255999e-07,0.0003866392010385283
2.001651645330875e-07,0.000421475958585956
2.001670380315885e-07,0.0004477736901597787
2.001687352547461e-07,0.0004668996559593743
2.001698427053254e-07,0.0004732554901354558
2.001710258843196e-07,0.0004767676947677822
2.001720221595469e-07,0.0004786670452676757
2.001733577297813e-07,0.0004775713771508454
2.00174681861591e-07,0.0004684772096520602
2.001758311340612e-07,0.0004541673375423352
2.001772072260795e-07,0.0004311992326527807
2.001791751628049e-07,0.0003964796949794488
2.001806052482675e-07,0.0003810232807713459
2.001821550123586e-07,0.0003750878100783395
2.001833565894546e-07,0.0003717068387517322
2.001845081115574e-07,0.0003634357443898438
2.001859824394639e-07,0.0003366350402139877
2.001870945511111e-07,0.0003045260914395984
2.001880097599697e-07,0.0002754834590931408
2.001888106305809e-07,0.0002515508541213841
2.00189882975363e-07,0.000230178733766685
2.001908013432662e-07,0.0002214067575072109
2.001917133739188e-07,0.0002127299216433724
2.001926291307063e-07,0.0002050254543214321
2.001936546432668e-07,0.0001969934223040131
2.001949130531204e-07,0.0001872570647181589
2.001958248621462e-07,0.0001809283033990809
2.001969156424123e-07,0.0001741298989040596
2.00198618685325e-07,0.0001648463734080487
2.002e-07,0.0001582136682417735
2.002015789535085e-07,0.0001515249657098601
2.002036843976216e-07,0.0001434265953248458
2.002058487389974e-07,0.0001360490530848569
2.002095601601717e-07,0.0001250507724561697
2.002141130865817e-07,0.0001138341862945006
2.002192349480079e-07,0.0001038817815423059
2.00224994251668e-07,9.532088520292587e-05
2.002320603670145e-07,8.704299814186344e-05
2.002414129984813e-07,7.827713301655686e-05
2.002512302545008e-07,7.192686586905365e-05
2.002650363684581e-07,6.813130274598063e-05
2.002747405487222e-07,6.796466787030698e-05
2.002816203084442e-07,6.80903345924714e-05
2.002867097302872e-07,6.773268160803849e-05
2.002918036799954e-07,6.667579987077746e-05
2.002958401727415e-07,6.545274322188642e-05
2.003004318535208e-07,6.376869059894294e-05
2.00306785660772e-07,6.15363805553739e-05
2.003113537553514e-07,6.067871226362057e-05
2.003160339243393e-07,6.042310061115218e-05
2.00320845786247e-07,6.060536114757372e-05
2.003289965984612e-07,6.128939243988325e-05
2.003384853137202e-07,6.196916673567633e-05
2.003484802841795e-07,6.214762888681711e-05
2.003594834464745e-07,6.17496569236333e-05
2.003713379687743e-07,6.084928755428125e-05
2.003864665569232e-07,6.160406805293446e-05
2.003948276342087e-07,6.991951677125695e-05
2.004052547597159e-07,8.372282477574386e-05
2.004127011961628e-07,8.742828027402682e-05
2.004155489695218e-07,8.787655081911482e-05
2.004212445162397e-07,9.823008312186707e-05
2.004252438046236e-07,0.0001297584801524363
2.004298058376928e-07,0.0001827907541757268
2.004330811111149e-07,0.0002055307533147274
2.004357285091464e-07,0.0002249541975443576
2.004370884348185e-07,0.0002806233635171623
2.004384091532726e-07,0.0003741373081432436
2.004397386313875e-07,0.0004803217232075599
2.004411654911412e-07,0.0005573107594967683
2.004423524784122e-07,0.0006095110202612955
2.004436307146795e-07,0.0006917466563219356
2.004446886797904e-07,0.0007285415392514792
2.004455148701044e-07,0.0007149873467403463
2.004463084964249e-07,0.000670270871610234
2.00447297233025e-07,0.0005833287831624824
2.00447720033986e-07,0.0005463851977650894
2.004482200864407e-07,0.0005056633880108723
2.004488601766045e-07,0.0004621817608056553
2.004497270278927e-07,0.0004201928336745378
2.004506345933489e-07,0.0003885741046639171
2.004515596362242e-07,0.000362707333651141
2.004524541597702e-07,0.0003412775088335898
2.004534587955969e-07,0.0003177838168926671
2.004546671745688e-07,0.0002864678044917328
2.004559850342048e-07,0.0002559155790951041
2.004572850233246e-07,0.0002361419818761459
2.004583117166213e-07,0.0002151024038457676
2.004594771911491e-07,0.0001824218356856792
2.004604423961572e-07,0.0001688449033029835
2.004612250917041e-07,0.0001680058353780965
2.004622478556183e-07,0.0001673939288018387
2.004635118869651e-07,0.000162169992772026
2.004646643677172e-07,0.0001551918580115298
2.00465981322605e-07,0.0001474696068573478
2.004675564521418e-07,0.0001392440124168031
2.00469653971964e-07,0.0001295953468967857
2.004716716780611e-07,0.0001211858858328598
2.004739469552228e-07,0.0001139838961540677
2.004767468544637e-07,0.000116188863687631
2.004797827512405e-07,0.0001400937095919746
2.004819449878501e-07,0.0001589248204855689
2.004842488227959e-07,0.000165466823633408
2.004857275699264e-07,0.0001651992951986105
2.004871216418494e-07,0.0001754587990950849
2.004886352827482e-07,0.0002031029124887137
2.004897809022592e-07,0.000228458791834661
2.004911333407361e-07,0.0002554851770832038
2.004924206710207e-07,0.0002889481903532281
2.004936723110673e-07,0.000328240223125652
2.004949083093651e-07,0.0003789121939763427
2.004958354772573e-07,0.00041520726941964
2.004966807862157e-07,0.0004328611085798044
2.004975435173394e-07,0.000440843875249156
2.004987299991965e-07,0.0004658056078733804
2.005000527374177e-07,0.0005244006293693545
2.005013400542792e-07,0.0005641428177076267
2.005024095203104e-07,0.0005716153506068799
2.005037333707892e-07,0.0005539879315787433
2.005057001234181e-07,0.0004959113066781231
2.005072317926239e-07,0.0004408327599579966
2.005088276447446e-07,0.0003839256289100642
2.00510690453518e-07,0.0003209774626824553
2.005136283418347e-07,0.0002325220161208569
2.005170358996976e-07,0.0001518323029529864
2.00521176498428e-07,9.135387651940395e-05
2.005259113569718e-07,6.40932607058582e-05
2.005304724113329e-07,5.723419838773475e-05
2.00534976938927e-07,5.562827432393782e-05
2.005396777970508e-07,5.517437184449061e-05
2.005451278161866e-07,5.497891615757404e-05
2.005521282815986e-07,5.485622964200938e-05
2.005620129418295e-07,5.476638749351088e-05
2.005770275643716e-07,5.470227954786649e-05
2.005988290937989e-07,5.46610017007775e-05
2.006258334160928e-07,5.46354979931374e-05
2.006611043813634e-07,5.46168286637319e-05
2.007105284967909e-07,5.460202731001614e-05
2.007911150723044e-07,5.458919270197021e-05
2.009098894741069e-07,5.45798570042655e-05
2.010898190009581e-07,5.457316435964705e-05
2.013423525181468e-07,5.456877416461677e-05
2.017026794940368e-07,5.456580642070208e-05
2.022211847121537e-07,5.45637837232277e-05
2.029737338893627e-07,5.456240913743048e-05
2.040621466213449e-07,5.456149140873817e-05
2.056351038937141e-07,5.45608807595402e-05
2.07911777235661e-07,5.456046729007853e-05
2.099558886178305e-07,5.456026718958123e-05
2.12e-07,5.456013454822734e-05
2.1205e-07,5.462110780202268e-05
2.120638225630883e-07,5.505042041430091e-05
2.120788966906569e-07,5.694279988604812e-05
2.12086354824027e-07,5.888600493638688e-05
2.120932833815731e-07,6.113781980285338e-05
2.121013865784939e-07,6.31079208935964e-05
2.121082422042935e-07,6.362483499684314e-05
2.121130762828401e-07,6.767251066031797e-05
2.121179645251218e-07,8.361598004915517e-05
2.121231465067755e-07,0.0001057251961603902
2.121276513429132e-07,0.0001146737748795735
2.121320552939463e-07,0.0001261221769589485
2.121360767462339e-07,0.0002340658833405283
2.121391465396906e-07,0.0003557160985016643
2.121415142841195e-07,0.0004190789779473997
2.121444525884772e-07,0.0004706570943436871
2.121459672871263e-07,0.0005116442930731247
2.121469487913945e-07,0.0005364041167943472
2.121481272612899e-07,0.000548210277675004
2.121490026572066e-07,0.0005424573033313832
2.121504359912133e-07,0.0005066615334013627
2.121514441699964e-07,0.0004679853989545166
2.121522290452903e-07,0.0004387202611329632
2.121529307898471e-07,0.0004169370449628517
2.121543342789606e-07,0.0003808151452036702
2.121553963268606e-07,0.0003551756404726628
2.121563724353088e-07,0.0003318761579170962
2.121573831625149e-07,0.0003075353169818254
2.121588246770622e-07,0.0002723482063026446
2.121606080634569e-07,0.0002290849097245647
2.121629124859845e-07,0.0001791331027871279
2.121653413037461e-07,0.0001438684817425397
2.121681858571949e-07,0.0001228548080590653
2.121705853172932e-07,0.0001126119093848126
2.121729249782779e-07,0.0001056210134850999
2.12174680442862e-07,0.0001014468669431643
2.121765384874349e-07,9.758119077974163e-05
2.121793690078998e-07,9.239666686812461e-05
2.12182547793281e-07,8.804480495660277e-05
2.121850395451052e-07,8.614540683540203e-05
2.121885772233786e-07,8.565423072298873e-05
2.121912360883793e-07,8.733008619428965e-05
2.121954255797122e-07,9.443128857805413e-05
2.122e-07,0.0001093765984517814
2.122027351357012e-07,0.0001205702331532929
2.122065797506948e-07,0.0001368736492531208
2.122103855393521e-07,0.0001463606374457859
2.122142439719075e-07,0.0001465017819887819
2.122199612859452e-07,0.0001398280245837853
2.122241183242555e-07,0.0001413212668520743
2.12227038440981e-07,0.0001398409024374633
2.122291025409815e-07,0.0001326375050432646
2.122301958087146e-07,0.0001266516431200931
2.122313820746101e-07,0.00011924022181256
2.122326996116119e-07,0.00011147517186824
2.122338025921904e-07,0.0001064932416205454
2.122355691336634e-07,0.0001011135740357182
2.122374151186522e-07,9.637350677710485e-05
2.122388322012877e-07,9.262356410036563e-05
2.122404261132287e-07,8.8327275601371e-05
2.12242999566642e-07,8.189772254454493e-05
2.122462610645294e-07,7.583230836401934e-05
2.122496636539174e-07,7.201175505832505e-05
2.122538912768495e-07,6.933250704754283e-05
2.122597781119773e-07,6.699797799422552e-05
2.122695420073238e-07,6.430158159196836e-05
2.122830446344386e-07,6.260939988092813e-05
2.123075734381752e-07,6.53153603077879e-05
2.123252678924584e-07,6.830130399971647e-05
2.123318778827429e-07,6.87032391203044e-05
2.123376322115911e-07,6.783304318994477e-05
2.123429382987631e-07,6.616931089570351e-05
2.1234744885383e-07,6.427148058505703e-05
2.123511960501058e-07,6.272716523123887e-05
2.123552764285571e-07,6.179160809708597e-05
2.123590101938611e-07,6.167556465924388e-05
2.123629259981867e-07,6.220982575480865e-05
2.123683206341914e-07,6.349154216673782e-05
2.123772708147825e-07,6.535694223270622e-05
2.123859252201491e-07,6.592737301075588e-05
2.12394143193124e-07,6.538649964680574e-05
2.124030485856841e-07,6.42276265810538e-05
2.12412461405274e-07,7.318589964074894e-05
2.124205593077316e-07,9.185909071419005e-05
2.124267894147457e-07,9.774244269499258e-05
2.124338252641646e-07,0.0001051237065904663
2.124377947711481e-07,0.0001465088785062764
2.124390590568249e-07,0.0001695198160862861
2.124403538727731e-07,0.0001955174866253813
2.124414031033854e-07,0.0002167873915744883
2.124430530104921e-07,0.0002546941635486574
2.124448009181242e-07,0.0003014979419711379
2.124461814452017e-07,0.0003174634819837467
2.124469881081749e-07,0.0003113363033921782
2.124477947711482e-07,0.0003025753299299429
2.124480951196278e-07,0.0002957507526939906
2.124485103909682e-07,0.0002884895109995061
2.124488951667432e-07,0.0002829864376866004
2.124495547713664e-07,0.0002749859589498573
2.124504895691798e-07,0.0002670635724000238
2.124514585619376e-07,0.0002656681053846253
2.124524755574534e-07,0.0002731003688769221
2.124535038128606e-07,0.0002876002603778763
2.124546249774314e-07,0.0003031176752324673
2.124554805298599e-07,0.0003040511749577944
2.124565064718363e-07,0.0002911216549798884
2.12457306188508e-07,0.000284676036991046
2.12458005773695e-07,0.0002965569920156747
2.124588506925465e-07,0.0003324751028651962
2.12459777569203e-07,0.0003842372976083972
2.124607644709422e-07,0.0004375642830185968
2.12461651939236e-07,0.0004686049350077007
2.124626260108941e-07,0.000480890999926069
2.124636137449705e-07,0.0004955954917747179
2.124643158310646e-07,0.0005075353347831846
2.124651448597087e-07,0.0005105206343831343
2.124662173012549e-07,0.0004948827095347483
2.124670623886961e-07,0.0004734442246490284
2.124681463463561e-07,0.0004437420361747529
2.124693877973581e-07,0.0004106885031536325
2.124704757681694e-07,0.0003842474313121705
2.124715356910565e-07,0.0003618917302040439
2.124728733413684e-07,0.0003361643149961482
2.124742547867883e-07,0.0003120966793448759
2.124755297209322e-07,0.0002960706269644785
2.124769420022954e-07,0.0002934406978957522
2.124786990601884e-07,0.0003166898808319419
2.124799691877594e-07,0.000336344171188684
2.124811149792024e-07,0.0003446077427312751
2.12482487279429e-07,0.0003411398066728435
2.124836852837086e-07,0.0003430021853709728
2.124847929371599e-07,0.0003481266932613883
2.124857618093618e-07,0.0003480588796199706
2.124867402054446e-07,0.0003440636065048574
2.124879467494114e-07,0.0003379259005178009
2.124888575776276e-07,0.0003336817257090463
2.124900163718539e-07,0.000328154779393169
2.124912720386597e-07,0.0003251712848569886
2.124926989690643e-07,0.0003465954959887163
2.124939150043101e-07,0.0003838236818097508
2.124951612032618e-07,0.0004041258168432357
2.124962650950075e-07,0.0004017316804195383
2.124974512000292e-07,0.0004000984973281175
2.1249895624937e-07,0.0004365325182206219
2.125001669904155e-07,0.0004802904635661674
2.125015656112787e-07,0.0005076079483106339
2.125028109767937e-07,0.0005028164374790982
2.125043868234712e-07,0.0004665984900471892
2.125064234231039e-07,0.0003992836216553558
2.125079464699354e-07,0.0003484184040078196
2.125096738743782e-07,0.000295311674853762
2.125120954673323e-07,0.0002303634875720343
2.125162087993375e-07,0.0001460551356965165
2.12520319710295e-07,9.370141088536756e-05
2.125251569956318e-07,6.598482086118696e-05
2.125301878203638e-07,5.755793609884548e-05
2.125351318284638e-07,5.570040398210771e-05
2.125403087083206e-07,5.527223241980046e-05
2.125459899885688e-07,5.513987197009485e-05
2.125533081375616e-07,5.505142681506617e-05
2.125630213854175e-07,5.496468393341801e-05
2.125776927274063e-07,5.486685675469287e-05
2.126013839519553e-07,5.476348246726284e-05
2.126487664010534e-07,5.466191468018026e-05
2.127179059418054e-07,5.461084249394784e-05
2.128001891595287e-07,5.459122688874413e-05
2.129008008340727e-07,5.45814845651489e-05
2.130345238036192e-07,5.457516357558215e-05
2.132367751564183e-07,5.457042180382961e-05
2.135773868964156e-07,5.456689209327524e-05
2.140508815450843e-07,5.456486041747167e-05
2.147223980160498e-07,5.456355844652742e-05
2.156750985535789e-07,5.456260751304052e-05
2.170666662556907e-07,5.456183237744264e-05
2.185333331278453e-07,5.456135326770704e-05
2.2e-07,5.456105075728814e-05
2.2005e-07,5.45795690964021e-05
2.200638225630883e-07,5.473892020865827e-05
2.200914676892649e-07,5.859525727726528e-05
2.200997509623242e-07,6.132102249672763e-05
2.201070645475482e-07,6.318150011596441e-05
2.201145048531443e-07,6.41438933902215e-05
2.201199286649349e-07,6.988660257662454e-05
2.201254295111844e-07,9.107804133902839e-05
2.201311174686949e-07,0.0001151957066029574
2.201365787457095e-07,0.0001224773053521309
2.201406324418777e-07,0.0001173552879781111
2.201456178862209e-07,0.0001132391958079989
2.201477112820737e-07,0.0001199646665341344
2.201495004658875e-07,0.0001310886487613041
2.201514253376481e-07,0.0001458292168324015
2.201534615235047e-07,0.0001628776727487481
2.201554606339053e-07,0.0001954013382218949
2.201574487309235e-07,0.0002273922202474701
2.201591763613707e-07,0.0002465582977063328
2.201605728435125e-07,0.0002806424797943804
2.201621739675501e-07,0.0003386072840720353
2.201635742747471e-07,0.000386637976314092
2.201651644790089e-07,0.0004214755080791264
2.201670379514978e-07,0.0004477729265286938
2.201687351791482e-07,0.0004668994525927667
2.201698426496453e-07,0.0004732557017100644
2.201710258520138e-07,0.0004767680674374456
2.201720221201889e-07,0.0004786674347710591
2.201733576928028e-07,0.0004775719836214864
2.201746818459972e-07,0.0004684778718358398
2.201758311173117e-07,0.0004541681114938691
2.201772071966569e-07,0.0004312003120908642
2.201791751286266e-07,0.0003964807268070144
2.201806052292077e-07,0.0003810238786735559
2.201821550115084e-07,0.0003750882432254026
2.20183356595231e-07,0.0003717072497957695
2.201845081158985e-07,0.0003634361682448599
2.201859824461428e-07,0.0003366354326309169
2.201870945581332e-07,0.0003045264787882851
2.201880097667702e-07,0.0002754838668619668
2.201888106376121e-07,0.0002515512683142755
2.201898829838234e-07,0.000230179155843413
2.201908013508748e-07,0.0002214071925090235
2.201917133821117e-07,0.0002127303461960976
2.201926291386903e-07,0.0002050258771561069
2.201936546517284e-07,0.000196993836297119
2.201949130599819e-07,0.0001872574864151431
2.201958248690799e-07,0.0001809287224909798
2.201969156493244e-07,0.0001741303163968964
2.201986186932408e-07,0.0001648467843258476
2.202e-07,0.0001582141152777261
2.202015789523234e-07,0.0001515254144013163
2.202036843930603e-07,0.0001434270526241384
2.202058487304412e-07,0.0001360495195009774
2.202095601469646e-07,0.0001250512450343358
2.202141130723403e-07,0.00011383465223322
2.202192349309958e-07,0.0001038822428534669
2.20224994230622e-07,9.532134391920898e-05
2.202320603378367e-07,8.70434594179893e-05
2.202414129562652e-07,7.827759640495802e-05
2.202512301980952e-07,7.192731988577696e-05
2.202650362912045e-07,6.813173309634138e-05
2.202747404565483e-07,6.796508599942837e-05
2.202816202530248e-07,6.809075606114389e-05
2.202867096788317e-07,6.773310939901319e-05
2.202918036464819e-07,6.667623226105766e-05
2.202958401203949e-07,6.545318279517563e-05
2.203004317900252e-07,6.376913891828644e-05
2.203067855777479e-07,6.153682387910589e-05
2.203113537011268e-07,6.067913906380098e-05
2.203160338114952e-07,6.042351981053367e-05
2.203208456613821e-07,6.06057717451288e-05
2.203289964015947e-07,6.128979469953418e-05
2.203384851208468e-07,6.196958027688194e-05
2.203484800601278e-07,6.214805745700357e-05
2.203594832066523e-07,6.175010026221736e-05
2.203713377125855e-07,6.084974437285323e-05
2.203864665967173e-07,6.160457824352979e-05
2.203948185884496e-07,6.990514441374286e-05
2.20405241130869e-07,8.368203479437047e-05
2.204126797730313e-07,8.733413337107294e-05
2.204155902139789e-07,8.775742650310702e-05
2.204214110958741e-07,9.837940561319494e-05
2.204253284740034e-07,0.0001284762541312496
2.204298296946081e-07,0.0001771081229707943
2.204330497751346e-07,0.0001956447072347456
2.204354708105447e-07,0.0002122227309775006
2.204367889772009e-07,0.0002660679915100508
2.204386511977219e-07,0.0004083107448484565
2.204399581800971e-07,0.000511655384875782
2.204414705289028e-07,0.0005818339673954497
2.204423758567115e-07,0.000633668769041962
2.204435342702551e-07,0.0007143909971848582
2.204444716929833e-07,0.0007459538959399362
2.204452766601164e-07,0.0007316462992180473
2.204460346980793e-07,0.0006873310575390985
2.204471165362514e-07,0.0005890528587963558
2.20447516815758e-07,0.0005525467254097325
2.204480235443342e-07,0.0005092796242320901
2.204486854086567e-07,0.000462030014406322
2.204495328164004e-07,0.0004172085823741828
2.204504371157461e-07,0.0003814556214041133
2.204513457223357e-07,0.0003541257472627248
2.204522459983819e-07,0.0003342139170183265
2.204532619224687e-07,0.0003157782740042299
2.204544967767208e-07,0.0002915173214093844
2.204558218251525e-07,0.0002648509059017604
2.204570497258979e-07,0.0002410617750965974
2.204580753993234e-07,0.0002147253358617244
2.204588926533159e-07,0.0001913201350603954
2.204597722154508e-07,0.0001733906387314757
2.204605765243783e-07,0.0001637789411706188
2.204616000233333e-07,0.00015322664511315
2.20462991577825e-07,0.0001390118161010748
2.204641881708077e-07,0.0001283506373931745
2.204655487122099e-07,0.0001192809674247019
2.20467152167352e-07,0.0001118754999080435
2.204690944180027e-07,0.0001051781864969792
2.204710567563593e-07,9.947991477328036e-05
2.204732952081869e-07,9.455096520269722e-05
2.204760212559456e-07,9.53645536456872e-05
2.204794728947759e-07,0.000114114265338487
2.204819050679884e-07,0.0001294814346505005
2.204845562486785e-07,0.0001345697925374751
2.204865513680843e-07,0.0001346235345499287
2.204889762176549e-07,0.000165420839817723
2.204907176848916e-07,0.0002084147250647691
2.204921386934219e-07,0.0002378914845022289
2.20493898417329e-07,0.0002769249664096376
2.204952570941377e-07,0.0003260947751653787
2.204961508134328e-07,0.0003454420193135096
2.204971171879949e-07,0.000358199521246048
2.20498272333192e-07,0.0003930250757726859
2.204998966412409e-07,0.000474468255941154
2.20501166925117e-07,0.0005116253805207712
2.205022527042856e-07,0.0005179990714050338
2.205037711526735e-07,0.0004973023892025354
2.205057373423343e-07,0.0004437855821996071
2.205072467993125e-07,0.000396966821726073
2.205089052165331e-07,0.0003465293367333165
2.205110322576703e-07,0.0002855362218341744
2.205144088612346e-07,0.0001999768009020982
2.205179941777926e-07,0.000129545041366378
2.205225753260393e-07,7.847532653391401e-05
2.20527474865146e-07,6.014054425110944e-05
2.205322948670706e-07,5.603784422501091e-05
2.205369594304635e-07,5.518441012409376e-05
2.205418878301018e-07,5.493703933238668e-05
2.205478384239364e-07,5.482019094455885e-05
2.205558354595665e-07,5.474333177853373e-05
2.205675875845794e-07,5.468797818599047e-05
2.205862273070988e-07,5.464888516876421e-05
2.206105930253432e-07,5.462504927343624e-05
2.206421210406486e-07,5.460857585535485e-05
2.206850544284791e-07,5.459614117890237e-05
2.207526160622354e-07,5.458565842983865e-05
2.20854621261623e-07,5.457767672800059e-05
2.210021119176338e-07,5.457206133656301e-05
2.212211975783002e-07,5.4568089640881e-05
2.215297891643168e-07,5.456544150279239e-05
2.219737307105216e-07,5.456362295685961e-05
2.226137497993036e-07,5.456237963403856e-05
2.235412263417584e-07,5.456153631776581e-05
2.24882553975023e-07,5.456096958505664e-05
2.268233636279321e-07,5.456058160857817e-05
2.296306839208608e-07,5.456030525647089e-05
2.32e-07,5.456017101106091e-05
2.3205e-07,5.46211425029601e-05
2.320638225630883e-07,5.505045745143788e-05
2.320788959947301e-07,5.694268561123297e-05
2.320863549527667e-07,5.88860776150297e-05
2.320932831805911e-07,6.113779102222214e-05
2.321013863710336e-07,6.310792625082051e-05
2.321082419442627e-07,6.362482834604559e-05
2.321130762433239e-07,6.767246384705156e-05
2.321179646282673e-07,8.361649577563022e-05
2.32123146711146e-07,0.0001057266129270887
2.321276516502692e-07,0.0001146940010552617
2.321320556358048e-07,0.0001267732595867201
2.321360773800768e-07,0.0002364688936089519
2.32139149172576e-07,0.0003592465277601955
2.321415167837531e-07,0.000423074409730999
2.321444484625091e-07,0.000474959104796199
2.321459686224479e-07,0.0005161779931824415
2.321469459829024e-07,0.0005408164339729244
2.321481223102022e-07,0.0005521367713567474
2.321489966194704e-07,0.0005457795460708608
2.32150427064037e-07,0.0005094626488150975
2.321514647525785e-07,0.0004691617049738869
2.321522431516311e-07,0.0004398586412611621
2.321529477108689e-07,0.0004178067095234409
2.321543568293446e-07,0.0003810830721234585
2.321554037398839e-07,0.000355497638595435
2.32156381239509e-07,0.0003318776492160392
2.321573912797263e-07,0.0003073109906945639
2.321588502058104e-07,0.0002714834104224341
2.321606357178587e-07,0.0002281101308728237
2.321629620067514e-07,0.0001780223821787487
2.321654182510024e-07,0.0001431664234302308
2.321682588298546e-07,0.0001227061147125042
2.321706461152505e-07,0.0001126671325425635
2.321729738009147e-07,0.0001057637776529511
2.321748120861802e-07,0.0001014228094351354
2.321766992023989e-07,9.752607349173367e-05
2.321795535663418e-07,9.232917038294834e-05
2.321827551804895e-07,8.80328100911219e-05
2.321851760210248e-07,8.612677736886113e-05
2.321877449336647e-07,8.526321359610402e-05
2.321903837187783e-07,8.584117427209436e-05
2.321945650189653e-07,9.058454571782184e-05
2.321999999999999e-07,0.0001056115755299339
2.322030730223286e-07,0.0001177641422813989
2.322072521956456e-07,0.0001357973196131732
2.322114311354574e-07,0.000146503236304651
2.322153853431391e-07,0.0001464256547578527
2.322194567730137e-07,0.0001411409531186443
2.322235990919303e-07,0.0001401673220661907
2.32225581621769e-07,0.0001417704261878879
2.322277955933504e-07,0.000140493920110241
2.322296063177827e-07,0.0001350163677030836
2.322319636860748e-07,0.0001221000945143915
2.322337584667963e-07,0.000111330764908176
2.322350407760164e-07,0.0001056369525229084
2.322364466002671e-07,0.0001013947066780402
2.322376965207164e-07,9.816757631420954e-05
2.322390481239406e-07,9.46513661553653e-05
2.322405545884525e-07,9.060574885550142e-05
2.322426842914524e-07,8.497779078047209e-05
2.322462464485716e-07,7.736336176271456e-05
2.32249501174181e-07,7.301171425407826e-05
2.322533215146509e-07,7.008667472524762e-05
2.322585382489975e-07,6.771347084724129e-05
2.322666377937875e-07,6.517492151896236e-05
2.32278744828519e-07,6.296266850726955e-05
2.32296980565003e-07,6.350439903525079e-05
2.323169078226854e-07,6.715045387462893e-05
2.32320954604363e-07,6.779649128357061e-05
2.32329048167718e-07,6.872953173357662e-05
2.323332598351608e-07,6.863048376616966e-05
2.323375967031651e-07,6.786785568423542e-05
2.323418239564282e-07,6.659655156515103e-05
2.323463068024769e-07,6.479086718703287e-05
2.323503711175134e-07,6.302832257223521e-05
2.323549684698552e-07,6.183750284521974e-05
2.323584616407292e-07,6.165398723748135e-05
2.323626761006726e-07,6.216606072662959e-05
2.323677698443476e-07,6.336016652217148e-05
2.323765403574049e-07,6.526645998092491e-05
2.323850499635962e-07,6.593681726061618e-05
2.323932386435725e-07,6.549332498094136e-05
2.324020367407531e-07,6.426950945770212e-05
2.324110501377461e-07,7.047783075760057e-05
2.324195421266165e-07,8.984897444112413e-05
2.324256536957574e-07,9.687392509288902e-05
2.324327615025654e-07,0.0001014746214761274
2.324373160299458e-07,0.0001413320709764501
2.324385989101281e-07,0.0001619506403975043
2.324399659095316e-07,0.0001858297936686139
2.32441090336678e-07,0.0002056212758523171
2.324427665193896e-07,0.000249451037779242
2.324438831850226e-07,0.0002968476073794466
2.324450769455009e-07,0.0003426560676600262
2.32446108141834e-07,0.0003571033191279844
2.324467120858899e-07,0.0003542598036718398
2.324473160299458e-07,0.0003485683605184621
2.324475677625136e-07,0.000338321401027335
2.324479159729599e-07,0.0003263708159879479
2.324482425284903e-07,0.000316867576890335
2.324488657464366e-07,0.0003017829598574421
2.324497692603484e-07,0.0002876769355318851
2.324507298712489e-07,0.0002864855784055484
2.324517220981702e-07,0.0002992235334581852
2.324526686347081e-07,0.0003149133408324144
2.324537704133984e-07,0.0003255627683287985
2.324546478529663e-07,0.0003200532559124371
2.324555553890253e-07,0.0002984892207036067
2.324562046410495e-07,0.0002801919316715024
2.324568911836178e-07,0.0002721514595075587
2.32457591456616e-07,0.0002854618452942662
2.324585353894662e-07,0.0003286307534240519
2.324595110339876e-07,0.0003826733889183346
2.32460441424872e-07,0.0004241485843585358
2.324613382405414e-07,0.0004451618415189564
2.32462024932276e-07,0.0004542321846925766
2.32462760940181e-07,0.0004655736724267821
2.324634589606245e-07,0.0004737843709575752
2.324643720727211e-07,0.0004724496525500126
2.32465482214111e-07,0.0004532419219287063
2.324663500183731e-07,0.0004309261764558294
2.324673793791543e-07,0.0004036212365924179
2.324685988261247e-07,0.0003733298756997323
2.324696907759027e-07,0.0003494476295191822
2.324707435202858e-07,0.0003306820074349136
2.324720393553004e-07,0.0003108877192568776
2.324734373730293e-07,0.0002912568625886734
2.32474704328691e-07,0.000276164650777245
2.324760963936168e-07,0.0002663775530537122
2.324779700310263e-07,0.0002710456922251583
2.324800228018947e-07,0.0003075840547843492
2.324817170656482e-07,0.0003376230588711768
2.324830618981891e-07,0.0003350787168505081
2.324844748756447e-07,0.0003081146191004727
2.324859111667893e-07,0.00029741293722344
2.324871558492392e-07,0.000313559663514949
2.324882280973523e-07,0.0003292322849326846
2.324892569560113e-07,0.0003400537732326423
2.324904480158224e-07,0.0003492494267956221
2.324920480077146e-07,0.0003531086775137833
2.324932614008173e-07,0.000343835432371775
2.324945293959878e-07,0.0003233540268078803
2.324959285099606e-07,0.0003008786490685507
2.324975525873428e-07,0.0003238806773906974
2.324993122972863e-07,0.0003964960188411468
2.325012418403946e-07,0.0004370773242165036
2.325025977038353e-07,0.0004285592047597182
2.325043056760696e-07,0.0003900921952374834
2.325062155622386e-07,0.0003359500083022141
2.32507772070251e-07,0.0002938135022144715
2.325096800922032e-07,0.0002473764804831963
2.325128656078742e-07,0.0001830239380824434
2.325168730007674e-07,0.0001225769353668187
2.325212962481232e-07,8.141579128827798e-05
2.325261846092296e-07,6.213560444352164e-05
2.32531276936281e-07,5.654091922727415e-05
2.325369488738476e-07,5.529441278765774e-05
2.325422861393968e-07,5.506922286539005e-05
2.325484282597123e-07,5.498476723805099e-05
2.325564372671764e-07,5.491802390969369e-05
2.325677007605863e-07,5.484674103713431e-05
2.325851768232802e-07,5.476737667637448e-05
2.326153941781094e-07,5.46852880079457e-05
2.326758288877677e-07,5.461682349576134e-05
2.327488296289453e-07,5.459135143084073e-05
2.328385174014926e-07,5.458026670702004e-05
2.32948426023442e-07,5.457418930380634e-05
2.331059589905721e-07,5.456982411542515e-05
2.333508466833377e-07,5.456662057229567e-05
2.337396319027651e-07,5.456447667142672e-05
2.342819579070315e-07,5.456323630729049e-05
2.350512313425849e-07,5.456239297383056e-05
2.361533111800497e-07,5.456171054261812e-05
2.377610512887332e-07,5.45611250158678e-05
2.4e-07,5.456067485379973e-05
2.4005e-07,5.457918645554329e-05
2.400638225630883e-07,5.473854711181589e-05
2.400914676892649e-07,5.85948789964811e-05
2.400997511924953e-07,6.132072550272359e-05
2.401070647325945e-07,6.318115146148945e-05
2.401145050140445e-07,6.414356176061495e-05
2.401199287780702e-07,6.988651569330561e-05
2.401254295822407e-07,9.107804972633167e-05
2.401311175001195e-07,0.0001151954513925188
2.401365787909951e-07,0.0001224769103702847
2.401406324839865e-07,0.0001173548225344345
2.401456179596241e-07,0.0001132389427967635
2.401477113614736e-07,0.0001199647059915483
2.401495005457777e-07,0.0001310888851498876
2.401514254017877e-07,0.0001458293670797796
2.401534616440304e-07,0.0001628786520894418
2.401554607173917e-07,0.0001954026835652915
2.401574488436062e-07,0.0002273931788282509
2.401591764254015e-07,0.0002465590417230165
2.401605729184605e-07,0.0002806446970646615
2.401621740128492e-07,0.000338608816594743
2.401635743273198e-07,0.0003866393251012715
2.40165164534936e-07,0.0004214760559332709
2.401670380343712e-07,0.0004477737982223118
2.401687352573822e-07,0.0004668997420961737
2.401698427072528e-07,0.000473255559702788
2.401710258854156e-07,0.0004767677560921259
2.401720221608961e-07,0.0004786671046657307
2.401733577310476e-07,0.0004775714283393144
2.401746818620935e-07,0.0004684772603354168
2.401758311346064e-07,0.0004541673862967911
2.401772072270804e-07,0.0004311992732989201
2.401791751639769e-07,0.0003964797400829324
2.401806052490425e-07,0.0003810233404790113
2.401821550125419e-07,0.0003750878782724392
2.401833565895437e-07,0.0003717069102431148
2.401845081116092e-07,0.0003634358182864303
2.401859824393398e-07,0.0003366351185661155
2.401870945509384e-07,0.0003045261703570674
2.401880097599421e-07,0.0002754835304543993
2.401888106305057e-07,0.0002515509277848892
2.401898829749355e-07,0.0002301788434365983
2.401908013430867e-07,0.0002214068732642289
2.401917133736084e-07,0.0002127300383794658
2.40192629130301e-07,0.0002050255699221994
2.40193654642712e-07,0.0001969935355268319
2.401949130525333e-07,0.0001872571733616786
2.401958248615233e-07,0.0001809284088922856
2.401969156417286e-07,0.0001741300010733905
2.401986186842826e-07,0.0001648464723102445
2.402e-07,0.0001582137585737523
2.402015789536308e-07,0.0001515250520782353
2.402036843981414e-07,0.0001434266759326203
2.402058487400237e-07,0.0001360491281774275
2.402095601616917e-07,0.0001250508411490405
2.402141130882014e-07,0.0001138342520301362
2.402192349498597e-07,0.0001038818474763618
2.402249942538745e-07,9.532095221143798e-05
2.402320603699619e-07,8.704306474537018e-05
2.402414130026318e-07,7.827719826171437e-05
2.402512302538115e-07,7.192693643328748e-05
2.402650363712773e-07,6.813137871431702e-05
2.402747405530524e-07,6.796474705215014e-05
2.402816203134827e-07,6.809041646005251e-05
2.402867097347805e-07,6.773276357197704e-05
2.402918036835035e-07,6.667588479081612e-05
2.402958401772218e-07,6.545282675702698e-05
2.403004318586104e-07,6.376877625857863e-05
2.403067856662656e-07,6.153646847021622e-05
2.403113537590716e-07,6.067880230903148e-05
2.403160339316638e-07,6.042319232344647e-05
2.403208457943702e-07,6.060545477726444e-05
2.403289966094707e-07,6.128948928176692e-05
2.403384853251679e-07,6.196926727160811e-05
2.403484802978375e-07,6.214773328722384e-05
2.403594834583718e-07,6.174976500604258e-05
2.403713380107784e-07,6.084939808262875e-05
2.403864669619966e-07,6.160445161965544e-05
2.40394818825073e-07,6.990517509528673e-05
2.404052411878973e-07,8.368268397185509e-05
2.404126797568225e-07,8.735165682602789e-05
2.404155570870659e-07,8.77795968774492e-05
2.404213117475528e-07,9.795493803015933e-05
2.404252476621804e-07,0.0001276812344650972
2.404297652332961e-07,0.0001765177310860708
2.404329930706652e-07,0.000195527055790805
2.404354997134315e-07,0.0002129154160794352
2.404368286903236e-07,0.0002684045251286927
2.404381355844166e-07,0.0003649404631428004
2.404394462121559e-07,0.0004760399511262762
2.404408595388202e-07,0.000558068386626499
2.404420655201254e-07,0.0006134089470180453
2.404433429580412e-07,0.0007026338019820788
2.404443957305186e-07,0.0007453167867375465
2.404452200144208e-07,0.0007337930694646252
2.404460114051133e-07,0.000689050675785357
2.404469996472585e-07,0.0005995222636465423
2.404474282181095e-07,0.0005602014339711917
2.404479292176703e-07,0.0005168011550319069
2.40448563741757e-07,0.0004697794282115845
2.404494351543563e-07,0.0004217436793542874
2.404503443117133e-07,0.0003848028169354347
2.404512704968511e-07,0.0003561644446636095
2.404521645186944e-07,0.0003358596925018305
2.404531681957027e-07,0.0003175233436672603
2.404543747703826e-07,0.0002941533271623154
2.404556951390941e-07,0.0002676452941359197
2.40456949003423e-07,0.0002440178771670959
2.404579720824508e-07,0.0002185974509791302
2.404591815044758e-07,0.0001845896041751921
2.404600701695003e-07,0.0001690606301485369
2.404608928953263e-07,0.0001601636888224338
2.40461932257918e-07,0.0001496191030661205
2.404632973374765e-07,0.000136081055078807
2.40464482729551e-07,0.0001261903759033587
2.404658633559105e-07,0.0001177160616708016
2.40467490138948e-07,0.000110703317521489
2.404694145111012e-07,0.0001043108488795939
2.404714085208082e-07,9.865619167652627e-05
2.40473714734664e-07,9.408995797804024e-05
2.40476585030576e-07,9.693119256537533e-05
2.404794918057826e-07,0.0001133133217267252
2.404816357670374e-07,0.0001252619536019106
2.404839707100628e-07,0.0001288954123665711
2.404853269289018e-07,0.0001299567076998452
2.404866942035674e-07,0.0001383784772271139
2.404881714959405e-07,0.0001512276908055893
2.404893104090911e-07,0.0001592222093146821
2.404908623393693e-07,0.0001738862477743811
2.404921432454211e-07,0.0002097240585119438
2.404934470055343e-07,0.0002539599085715482
2.404945842123476e-07,0.0002763949909183556
2.404955457904986e-07,0.0002805968950591877
2.404967337528323e-07,0.0002750943076155404
2.404979638407011e-07,0.000289918621492332
2.404992263252633e-07,0.0003505867952333019
2.405006939837899e-07,0.0004159229689855348
2.405018155445107e-07,0.0004388597846228205
2.405030733776276e-07,0.0004388682503908446
2.405050535438668e-07,0.0004055313324609125
2.405065775725857e-07,0.0003680891130200154
2.405081723305162e-07,0.000327973912067571
2.405100070422823e-07,0.0002834341748934951
2.405129165332142e-07,0.0002186770168994184
2.405163063498414e-07,0.0001547789685504408
2.405204019993929e-07,9.853852957887866e-05
2.405252262528791e-07,6.656261857178524e-05
2.405303764127406e-07,5.709271724116449e-05
2.405351261852903e-07,5.533795322759992e-05
2.40540002992502e-07,5.494534618544898e-05
2.405453238411563e-07,5.482037368243612e-05
2.40552167741738e-07,5.475104880173612e-05
2.405616643275611e-07,5.470172560495885e-05
2.405763407811318e-07,5.466322450473868e-05
2.405992701547705e-07,5.463376515163793e-05
2.406283363004723e-07,5.46143857051675e-05
2.406680095804346e-07,5.460001205779676e-05
2.407272120068623e-07,5.458861499256961e-05
2.408190006390841e-07,5.457966144275534e-05
2.409472995532916e-07,5.457352198256496e-05
2.411445588451375e-07,5.456900786062231e-05
2.414198522342216e-07,5.456604621157585e-05
2.418163081798966e-07,5.456401912143171e-05
2.423853566867815e-07,5.456264024636825e-05
2.4321079873164e-07,5.456170153104193e-05
2.444047650935247e-07,5.456107077729206e-05
2.461318933987394e-07,5.456064374502452e-05
2.486311241031192e-07,5.45603457295125e-05
2.52e-07,5.456014092868491e-05
2.5205e-07,5.462111252674141e-05
2.520638225630883e-07,5.505043212591081e-05
2.520788945541238e-07,5.69423537526218e-05
2.520863552186921e-07,5.888612567421917e-05
2.520932827605775e-07,6.113762795934135e-05
2.521013859361368e-07,6.310783429142237e-05
2.521082413993131e-07,6.362471170399499e-05
2.521130760186602e-07,6.767200318141771e-05
2.521179645832107e-07,8.361629662915042e-05
2.521231468399547e-07,0.0001057276505144239
2.521276518669332e-07,0.0001147158919503754
2.521320559341581e-07,0.0001274618693661509
2.521360779532747e-07,0.0002389515510711141
2.521391517377748e-07,0.0003628501187364009
2.521415191999202e-07,0.0004271294450917377
2.521444443477741e-07,0.0004792617581126014
2.521459628505382e-07,0.0005205924269279117
2.521469395756242e-07,0.0005453032447822431
2.521481164552878e-07,0.0005563489654718533
2.521489893618174e-07,0.0005493425334115272
2.521504165461356e-07,0.0005125345144255865
2.521514773212126e-07,0.0004708087218580161
2.521522530798691e-07,0.0004412924507945877
2.521529585826348e-07,0.0004189894491015733
2.521543695881661e-07,0.0003817564989411932
2.521554059844461e-07,0.0003561615605974396
2.521563839644049e-07,0.0003322417590206929
2.521573933788687e-07,0.0003074007392042448
2.521588632470565e-07,0.000271017890479885
2.521606496380674e-07,0.0002275105569997099
2.521629710757446e-07,0.0001776923712431342
2.521654500116888e-07,0.0001429390305262777
2.52168285599215e-07,0.0001228116625566451
2.521706634848471e-07,0.000112881971765864
2.521729869987576e-07,0.0001060053668587906
2.52174899838364e-07,0.0001015018485124443
2.521768088772393e-07,9.757658945264578e-05
2.521796820086282e-07,9.236653546670271e-05
2.521828974651559e-07,8.811016525099108e-05
2.521852788032534e-07,8.618261756393331e-05
2.521879105189726e-07,8.511590672579787e-05
2.521906009055909e-07,8.538794054233526e-05
2.521949313131279e-07,8.956707086316679e-05
2.522e-07,0.0001021625088436904
2.52203315726322e-07,0.0001146118652383825
2.522074773506527e-07,0.0001329159718205934
2.522116204783669e-07,0.0001453502268544507
2.522155981048209e-07,0.0001471217533270666
2.522192879874029e-07,0.0001426817884374783
2.522234673021778e-07,0.0001395342847455222
2.522254028150237e-07,0.0001409481027198162
2.522270831951469e-07,0.0001419899445898489
2.522287844578828e-07,0.0001406021923588169
2.522311535024521e-07,0.0001326330607837758
2.522332291783178e-07,0.0001204593295355305
2.522349845235745e-07,0.0001101508814876412
2.522362223181368e-07,0.0001049672791307938
2.5223777336444e-07,0.0001004808151861816
2.522397062928491e-07,9.548842137406466e-05
2.522410842739382e-07,9.181590851257583e-05
2.522427740432066e-07,8.727223050064773e-05
2.522455907721255e-07,8.046857132533626e-05
2.522487835938986e-07,7.495310705243929e-05
2.522523009449931e-07,7.135143391883999e-05
2.522566726364651e-07,6.881036028457835e-05
2.522632027433271e-07,6.63826247601472e-05
2.522733111297802e-07,6.384782261386639e-05
2.522878949054575e-07,6.272370170469714e-05
2.523044005558071e-07,6.480977603524947e-05
2.523217608515556e-07,6.792681844311704e-05
2.523289944562738e-07,6.87387576789113e-05
2.523337582672021e-07,6.857661880412384e-05
2.523387511944733e-07,6.756520292686396e-05
2.523450083874208e-07,6.534317481859668e-05
2.523499214193043e-07,6.319395223565279e-05
2.523535382721569e-07,6.208523373843971e-05
2.523570564996405e-07,6.165742266854981e-05
2.523623354817528e-07,6.21041914924035e-05
2.523669736147479e-07,6.316632974937761e-05
2.523740544224507e-07,6.481085442280117e-05
2.523832618815263e-07,6.590636094712934e-05
2.523919408988429e-07,6.562647605812625e-05
2.52401140579937e-07,6.436079163803281e-05
2.524095752222778e-07,6.813066321905776e-05
2.524156913682251e-07,8.137742193394579e-05
2.524220851300346e-07,9.432886552532586e-05
2.524278733508729e-07,9.72959422462928e-05
2.524329350776761e-07,0.0001022698949063884
2.524372608749889e-07,0.0001413881440952806
2.52438401833727e-07,0.0001599586314032321
2.524396502432328e-07,0.0001819474959537254
2.524407248610664e-07,0.0002008298221634871
2.52442354753361e-07,0.0002331568312944117
2.524441397926297e-07,0.0002780893172176162
2.524455389987873e-07,0.0002960447491427224
2.524463999368881e-07,0.0002905003179659271
2.524472608749889e-07,0.0002817807848194438
2.524475662941153e-07,0.0002752981220224916
2.524479970601365e-07,0.0002685592475950881
2.524483949063626e-07,0.0002637906017053207
2.524490637193185e-07,0.0002577203603234003
2.524500001516585e-07,0.0002540187652071197
2.524509655014736e-07,0.0002586299336265897
2.524519832104921e-07,0.0002722043773431245
2.524530135450201e-07,0.0002905803932695016
2.524541067276238e-07,0.0003066683914802788
2.524549583056825e-07,0.0003070456082447461
2.524560156304192e-07,0.0002936774447099945
2.524567906997399e-07,0.0002912898726579551
2.524574979580946e-07,0.0003093989402696535
2.524583588353969e-07,0.0003509972383404331
2.524593050842557e-07,0.0004035709207838683
2.524602948375158e-07,0.0004511427038631431
2.524611698132564e-07,0.000478611838856108
2.524619272888676e-07,0.0004940168037674092
2.524627468054581e-07,0.0005109306179207452
2.524634371527724e-07,0.0005220707034631512
2.524642625790577e-07,0.0005230292499899529
2.524653979566335e-07,0.0005014090443695691
2.524662743946701e-07,0.0004730637228641883
2.524672611059576e-07,0.0004378131695292233
2.524684587982698e-07,0.0003961287741215753
2.52469596871193e-07,0.0003612132997732009
2.524706418194193e-07,0.0003365955715359316
2.524718886342376e-07,0.0003136714557785978
2.524733287542745e-07,0.0002901061525302752
2.524745923381275e-07,0.0002721210064505681
2.52475967767853e-07,0.0002617546521630843
2.524777023540029e-07,0.0002738893471230229
2.524791128639195e-07,0.0002945082559786004
2.52480243872105e-07,0.0003047920220349701
2.524815928127556e-07,0.0003044465429442671
2.524828551126951e-07,0.0003047239453638309
2.524839320108998e-07,0.0003096275663613992
2.524849317877643e-07,0.0003057382219294846
2.524859614371054e-07,0.0002909494958987716
2.524870307334669e-07,0.0002704684692391357
2.52487999022714e-07,0.0002555001316624882
2.524889796621427e-07,0.0002464124857960287
2.524901908538311e-07,0.000246265989688178
2.524917113252019e-07,0.0002548195796482365
2.524932580849547e-07,0.0002547867558397443
2.524945406294545e-07,0.0002426832931698644
2.52495907502996e-07,0.000227650400076597
2.52497571399703e-07,0.0002566867820914294
2.524992583741765e-07,0.0003373571830331984
2.525011827280465e-07,0.0003963503484995366
2.525025605344252e-07,0.0003995843327344008
2.525041808832017e-07,0.0003739102484922108
2.525062398028509e-07,0.0003256476354258704
2.525077637524601e-07,0.0002899737205471375
2.525096478298302e-07,0.0002492742134956153
2.525125558454305e-07,0.0001943043849651703
2.52516548721191e-07,0.000133493412808056
2.525208730559662e-07,8.865597230634919e-05
2.525259529892383e-07,6.41483577440969e-05
2.525313779616536e-07,5.67973083499117e-05
2.525374804813084e-07,5.529047940706649e-05
2.525428376629851e-07,5.506655203294269e-05
2.525489106373932e-07,5.49833328223554e-05
2.52556617236796e-07,5.492052781733891e-05
2.52568194409892e-07,5.484942005542458e-05
2.525851702266923e-07,5.477468523591382e-05
2.526154771292051e-07,5.469419797421433e-05
2.526760909342307e-07,5.462579765577541e-05
2.527492545608369e-07,5.459868342020676e-05
2.528390197201578e-07,5.458577402205621e-05
2.529490687563379e-07,5.457824519371368e-05
2.531069154604072e-07,5.457270217138022e-05
2.533525284166278e-07,5.456856221599556e-05
2.537418644351618e-07,5.456573578848724e-05
2.542850408290437e-07,5.456406664315616e-05
2.550555019513112e-07,5.456294146643051e-05
2.561595253254455e-07,5.456206889029439e-05
2.577700527303986e-07,5.456135388303913e-05
2.600000000000001e-07,5.456082271162047e-05
2.600500000000001e-07,5.457933238962556e-05
2.600638225630883e-07,5.473869269776489e-05
2.600914676892649e-07,5.859502397329377e-05
2.600997511898063e-07,6.132087139775621e-05
2.601070647304053e-07,6.318129575093458e-05
2.601145050121327e-07,6.414370566742849e-05
2.60119928776795e-07,6.988665671037632e-05
2.60125429581399e-07,9.107818932865811e-05
2.601311174997079e-07,0.0001151955938617607
2.601365787904191e-07,0.0001224770545035137
2.601406324834453e-07,0.0001173549674754918
2.601456179586997e-07,0.0001132390849872228
2.601477113604329e-07,0.0001199648443092255
2.601495005447301e-07,0.0001310890203064629
2.601514254009481e-07,0.0001458295039577214
2.601534616424317e-07,0.0001628787782697402
2.60155460716267e-07,0.0001954028064645015
2.601574488421075e-07,0.0002273933089003515
2.601591764245529e-07,0.0002465591756252241
2.601605729174663e-07,0.0002806448117954298
2.601621740122504e-07,0.0003386089405644147
2.601635743266253e-07,0.0003866394510749272
2.601651645341949e-07,0.0004214761902502366
2.601670380332676e-07,0.0004477739216621002
2.60168735256341e-07,0.0004668998651790952
2.601698427064844e-07,0.0004732556847215718
2.601710258849677e-07,0.0004767678793883036
2.601720221603505e-07,0.0004786672284119748
2.601733577305337e-07,0.000477571559341034
2.601746818618729e-07,0.0004684773991485203
2.601758311343692e-07,0.0004541675326102901
2.601772072266678e-07,0.0004311994291994914
2.601791751633383e-07,0.0003964798993440369
2.601806052488086e-07,0.0003810234875880717
2.601821550126117e-07,0.0003750880244457277
2.601833565900206e-07,0.0003717070598860164
2.601845081117107e-07,0.0003634359757999368
2.601859824394662e-07,0.0003366352817499311
2.601870945510386e-07,0.0003045263330215376
2.601880097603468e-07,0.0002754836763803855
2.601888106308029e-07,0.0002515510729006366
2.601898829745542e-07,0.0002301789894402667
2.601908013431361e-07,0.0002214070121304403
2.601917133733994e-07,0.0002127301804060367
2.601926291301776e-07,0.000205025711655624
2.601936546424463e-07,0.0001969936792006193
2.601949130525895e-07,0.0001872573153522452
2.601958248615596e-07,0.0001809285513743372
2.601969156417678e-07,0.0001741301439084371
2.601986186840462e-07,0.0001648466170671353
2.602000000000001e-07,0.0001582139025028122
2.602015789536498e-07,0.0001515251961718916
2.602036843982179e-07,0.0001434268199854877
2.602058487402069e-07,0.0001360492717885759
2.602095601619384e-07,0.0001250509840386574
2.602141130884638e-07,0.0001138343940836696
2.602192349501308e-07,0.0001038819889658446
2.602249942541704e-07,9.532109357810458e-05
2.60232060370315e-07,8.704320624061573e-05
2.602414130030866e-07,7.827733983147398e-05
2.602512302488031e-07,7.192708060029885e-05
2.602650363653692e-07,6.813152048623906e-05
2.602747405473994e-07,6.796488641678042e-05
2.602816203121069e-07,6.809055615988958e-05
2.602867097333125e-07,6.773290250489122e-05
2.602918036828095e-07,6.667602543705762e-05
2.602958401757123e-07,6.545296571004615e-05
2.603004318566648e-07,6.376891672965791e-05
2.603067856629344e-07,6.153660895954948e-05
2.603113537566819e-07,6.067894209849908e-05
2.603160339273404e-07,6.04233317899807e-05
2.603208457896982e-07,6.060559398857591e-05
2.603289966010346e-07,6.128962850607699e-05
2.603384853174597e-07,6.196940817754099e-05
2.60348480289374e-07,6.214787626342596e-05
2.603594834468984e-07,6.174990968581759e-05
2.603713380252517e-07,6.08495425747573e-05
2.603864673336538e-07,6.160484628472996e-05
2.60394810009217e-07,6.989088640107781e-05
2.604052276388004e-07,8.36432635902447e-05
2.604126583632365e-07,8.728467117277605e-05
2.604155497174344e-07,8.769381518431795e-05
2.604213324258303e-07,9.743877858443119e-05
2.604252135004397e-07,0.000125114134117422
2.604296939489389e-07,0.0001696783381766279
2.604328832348795e-07,0.0001851286081876042
2.604353174180781e-07,0.0002015839960979199
2.604366264943161e-07,0.0002589870805705686
2.604384566927641e-07,0.0004079379265359374
2.604397457764012e-07,0.0005147476782103443
2.604412439891409e-07,0.0005869973877075986
2.604421554905385e-07,0.0006436115455152625
2.604432860558019e-07,0.0007289445924195568
2.60444208619487e-07,0.0007629718838273856
2.604450106809602e-07,0.0007488785461105488
2.604457626401319e-07,0.0007034544672222849
2.604468807274599e-07,0.0005980170345584596
2.604472869687537e-07,0.0005591203102512752
2.604477973373719e-07,0.0005131752643110234
2.604484752214417e-07,0.0004617291787113362
2.604493269902636e-07,0.0004124553457721835
2.604502304008076e-07,0.0003729001987734748
2.604511306040088e-07,0.0003447683066200024
2.604520363146677e-07,0.0003273987950869509
2.604530652298964e-07,0.0003150336288980293
2.6045432582964e-07,0.0002984255388023541
2.604556593630283e-07,0.0002746142817248335
2.604568102899674e-07,0.0002482769164922444
2.604578367496219e-07,0.0002187408432678859
2.604585851105944e-07,0.0001963395614179285
2.604594066184448e-07,0.0001755270367497811
2.60460230768808e-07,0.0001581057083370598
2.604612770752135e-07,0.0001379146539305095
2.604626659429066e-07,0.0001154152887307242
2.604638693081843e-07,0.0001013112464252101
2.604652441630401e-07,9.127080665490524e-05
2.60466853014738e-07,8.488686777245269e-05
2.604688010163196e-07,8.04873086488083e-05
2.604707614979002e-07,7.73433341370984e-05
2.604729960518894e-07,7.48343902069843e-05
2.60475713155121e-07,7.539797798169191e-05
2.604795360965187e-07,8.684194119825171e-05
2.604823465793901e-07,9.607032328929107e-05
2.604855928752287e-07,9.826129347258094e-05
2.604882387927228e-07,9.876819948220598e-05
2.604913274938588e-07,0.0001411291237546007
2.604936932180868e-07,0.0001855202283075163
2.60495504611811e-07,0.0001902653916145776
2.604978652009693e-07,0.0002202594624666476
2.604995841977769e-07,0.0003172758968552472
2.605006723725264e-07,0.0003617614282870758
2.605018269563693e-07,0.0003839630238800576
2.605033095468677e-07,0.0003825073613740066
2.605052396587708e-07,0.0003529813381447819
2.605067441159436e-07,0.0003227042047865566
2.605083890609193e-07,0.0002892078738869088
2.605104808277716e-07,0.0002482373885908225
2.605138700993943e-07,0.0001874495356378606
2.605174212768077e-07,0.0001325782109984525
2.60521950661959e-07,8.376011627889398e-05
2.605267745371846e-07,6.188594467980265e-05
2.605337979671314e-07,5.537281601198435e-05
2.605391532930796e-07,5.485019013853239e-05
2.605443627616765e-07,5.474287598045309e-05
2.605503572869926e-07,5.469524641540992e-05
2.605589592971354e-07,5.466056204128907e-05
2.605723655601369e-07,5.463314440514883e-05
2.60595220403284e-07,5.461077312513652e-05
2.606241076109707e-07,5.459681629243177e-05
2.606641178185916e-07,5.458682907557905e-05
2.60723944894172e-07,5.45792020959235e-05
2.608135071613971e-07,5.457343862433288e-05
2.609383819288201e-07,5.456941432981414e-05
2.611318486075095e-07,5.45663804120022e-05
2.614027217583569e-07,5.456435978691958e-05
2.617924336713211e-07,5.456296230234304e-05
2.623506276359194e-07,5.456200112478556e-05
2.631603710214729e-07,5.456133797871023e-05
2.643322545579236e-07,5.456088573642079e-05
2.660276928272814e-07,5.456057203078771e-05
2.684816794654638e-07,5.456034293930416e-05
2.720000000000001e-07,5.456016692676793e-05
2.720500000000001e-07,5.462113956767661e-05
2.720638225630883e-07,5.505045975750039e-05
2.720788943987765e-07,5.694234035553781e-05
2.720863552479962e-07,5.888616155917781e-05
2.72093282716285e-07,6.113764119716822e-05
2.7210138589043e-07,6.310785499941162e-05
2.72108241342307e-07,6.362472952951896e-05
2.721130760788755e-07,6.767213722373232e-05
2.721179647350449e-07,8.361701856266265e-05
2.721231470355241e-07,0.0001057289736387201
2.721276521449228e-07,0.0001147398625750728
2.72132056243419e-07,0.0001281891439639259
2.721360785367448e-07,0.0002415134180306794
2.72139154274021e-07,0.0003665215824748044
2.7214152156629e-07,0.0004312346911820945
2.721444403244052e-07,0.0004836089262931361
2.721459572340889e-07,0.0005250774534142098
2.721469337473528e-07,0.0005499121158852091
2.72148111448493e-07,0.0005608063546142682
2.721489829604935e-07,0.0005531222203701204
2.721504073523858e-07,0.0005157772378955069
2.721514811855906e-07,0.0004729852653254875
2.721522577418208e-07,0.0004430892158245006
2.721529620628655e-07,0.0004205550793559315
2.721543707049551e-07,0.0003828860482233898
2.721554012078509e-07,0.0003571938426328674
2.721563784849795e-07,0.0003330399819926892
2.721573870640063e-07,0.0003079089237941511
2.721588597635356e-07,0.0002710869047097632
2.721606456698544e-07,0.0002273982136071829
2.721629535909969e-07,0.0001778787266503295
2.721654479919921e-07,0.0001430491523460421
2.72168278557693e-07,0.0001230949964421675
2.721706474969703e-07,0.0001132199850668195
2.721729779300702e-07,0.0001063163726322653
2.721749185326366e-07,0.0001017437455860997
2.72176837465108e-07,9.779638044405409e-05
2.721797161894398e-07,9.257438025186499e-05
2.721829368824901e-07,8.831675286264867e-05
2.721853033445095e-07,8.634100162881856e-05
2.721879728378568e-07,8.508104527679667e-05
2.721906905547104e-07,8.502059376148918e-05
2.721950840955546e-07,8.837750354162326e-05
2.722000000000001e-07,9.904747269958167e-05
2.722033598775414e-07,0.0001107738261164621
2.72207498502291e-07,0.0001289790894140182
2.722116091813734e-07,0.0001432832530407914
2.722157221630576e-07,0.0001476133599799591
2.722214684071718e-07,0.0001412985971522802
2.722257733060104e-07,0.0001402638974588527
2.72227740157022e-07,0.0001417529181913274
2.722300004653047e-07,0.0001400172013125304
2.722318564785435e-07,0.0001338527540995264
2.722341339852828e-07,0.000120954410478845
2.722358770706883e-07,0.0001106255280204958
2.722371326028322e-07,0.0001052265943834382
2.722385951749379e-07,0.0001009021432987984
2.722399463950553e-07,9.742420231070861e-05
2.722413124616801e-07,9.384120402866905e-05
2.722428415752746e-07,8.971773627351786e-05
2.722452445949936e-07,8.347379869104615e-05
2.722488127886368e-07,7.629934379255812e-05
2.722521299255091e-07,7.226149126690092e-05
2.722560723906442e-07,6.951991076094687e-05
2.722617989971758e-07,6.710671362341052e-05
2.722703438303254e-07,6.463030769554347e-05
2.722833951132765e-07,6.28112570395938e-05
2.723035868374172e-07,6.464053220072829e-05
2.723213762246267e-07,6.786155553766117e-05
2.723287985859391e-07,6.871397014154513e-05
2.723335981586612e-07,6.858027540356367e-05
2.723386851486589e-07,6.75655382663875e-05
2.723455612312165e-07,6.508741234606815e-05
2.723504602195411e-07,6.296964232320737e-05
2.72355659322153e-07,6.17464243730554e-05
2.723593956968128e-07,6.170750363966098e-05
2.723638077941194e-07,6.241117122899395e-05
2.723693644364291e-07,6.376953744260736e-05
2.723785678395519e-07,6.554416772574922e-05
2.723872036932884e-07,6.590392609239199e-05
2.723954811667872e-07,6.520657045200638e-05
2.724040887268263e-07,6.430530942083364e-05
2.724141775390103e-07,7.714099094798472e-05
2.724216108256041e-07,9.278950801477715e-05
2.724278142433324e-07,9.614771700903723e-05
2.72433039258934e-07,0.0001035996156775758
2.724366604477389e-07,0.0001361990010466311
2.7243778308424e-07,0.000151670134485693
2.724389523584072e-07,0.0001690060973527623
2.724399347995196e-07,0.0001834366971021783
2.724415421707516e-07,0.0002169945324911887
2.72442693951462e-07,0.0002703867031129211
2.72444012115742e-07,0.0003505347312514776
2.724450311630066e-07,0.0003919203335189188
2.724458458053728e-07,0.0004000914458209899
2.72446660447739e-07,0.0003942192252249504
2.724469316768588e-07,0.0003782805655584151
2.724473433397565e-07,0.0003577523250894052
2.72447723567365e-07,0.0003418577983816482
2.724483805447431e-07,0.0003197355417030178
2.724492986800516e-07,0.0003026947831897351
2.724502516018422e-07,0.0003065981199852095
2.72451246876425e-07,0.0003273276881521568
2.724521914208636e-07,0.0003446663813182974
2.724533328837826e-07,0.0003456546539749954
2.724541803203436e-07,0.0003264475104982065
2.724551693581784e-07,0.0002878693699259579
2.724560275190122e-07,0.0002628095692097606
2.724567155032225e-07,0.0002669104652101613
2.724575355109483e-07,0.0002962890486619809
2.724584632637954e-07,0.0003430499008079514
2.724594449627009e-07,0.0003868506490693853
2.724605143663532e-07,0.0004157864208139161
2.724616261567754e-07,0.0004318111544281167
2.724627353174038e-07,0.0004381166734777424
2.724641089347261e-07,0.0004230282052728387
2.724652280719782e-07,0.0003970521605079835
2.724661287359442e-07,0.0003738802693221956
2.724673808154013e-07,0.0003443843354503335
2.724686253997516e-07,0.000318957233655334
2.724696660461567e-07,0.00030256289373967
2.724708278146731e-07,0.000288290225734523
2.724724071890195e-07,0.0002703940218702644
2.724736772232443e-07,0.0002558952804105937
2.724750409731592e-07,0.0002430555696416344
2.724767258963109e-07,0.0002359820653642392
2.724789951616985e-07,0.0002440493582431976
2.72481005440739e-07,0.0002626821441343723
2.724825933188964e-07,0.0002769990272635811
2.724840856433793e-07,0.0002815840331029508
2.724857947054231e-07,0.0002656991186164442
2.724867472974031e-07,0.0002483485900468592
2.724877080243666e-07,0.0002268539466652048
2.724890354006886e-07,0.0002021202129431046
2.724906046399266e-07,0.00022736169681679
2.7249231664714e-07,0.0003136517296603681
2.724936885198248e-07,0.0003698102701244799
2.724950250691646e-07,0.000391562609779435
2.724964160189082e-07,0.0003840140282107325
2.724984787815161e-07,0.000345493331134776
2.724999818761548e-07,0.0003120446237078085
2.725016737119805e-07,0.0002758575812978576
2.725038615874184e-07,0.0002326618756191454
2.725078945729919e-07,0.0001641527407268431
2.725119050879428e-07,0.0001115916421394448
2.725167115044007e-07,7.423817956085322e-05
2.725222077374455e-07,5.893895743394513e-05
2.725298557834699e-07,5.520252783892992e-05
2.725353096933867e-07,5.493742372605699e-05
2.725411883518246e-07,5.486181856434532e-05
2.725479970680589e-07,5.481753193006444e-05
2.725591610247635e-07,5.476437200018854e-05
2.725745054666651e-07,5.471175084463995e-05
2.726027968314735e-07,5.465255250783354e-05
2.726553591070978e-07,5.460480573199705e-05
2.727252230987103e-07,5.458425591235915e-05
2.728084050909497e-07,5.457558755470134e-05
2.729104827613661e-07,5.457074582519641e-05
2.730491621358064e-07,5.456742968752918e-05
2.73261050072146e-07,5.456501513786512e-05
2.736172909444152e-07,5.456336756945962e-05
2.741117441525516e-07,5.456251013765371e-05
2.748126638808549e-07,5.456195832299029e-05
2.758079439666017e-07,5.456148229179822e-05
2.77262521842115e-07,5.456101788177813e-05
2.786312609210576e-07,5.456072841479485e-05
2.800000000000001e-07,5.456052955266345e-05
2.800500000000001e-07,5.457905340688713e-05
2.800638226542581e-07,5.473840771587731e-05
2.800914679627742e-07,5.859482475349732e-05
2.800997512942331e-07,6.132061159315987e-05
2.801070649868044e-07,6.318105666830684e-05
2.801145053431786e-07,6.414351034701382e-05
2.80119929061025e-07,6.988703564994506e-05
2.801254298071517e-07,9.107899495065482e-05
2.801311176823571e-07,0.0001151958841606066
2.801365790568258e-07,0.00012247668013435
2.801406327680203e-07,0.0001173541602007814
2.801456184201874e-07,0.000113239491303695
2.801477118659852e-07,0.0001199669784031994
2.801495010667258e-07,0.0001310924048062838
2.801514258441088e-07,0.0001458324958122921
2.801534624376052e-07,0.00016288695372562
2.801554613014668e-07,0.0001954136840190764
2.801574496211548e-07,0.00022740172871783
2.801591769046156e-07,0.0002465664876859814
2.801605734788964e-07,0.0002806623706879996
2.80162174389582e-07,0.0003386225465319357
2.801635747635672e-07,0.0003866519076694759
2.801651650074832e-07,0.0004214828797185
2.801670387092613e-07,0.0004477830134818952
2.80168735909946e-07,0.0004669046320216375
2.801698432105297e-07,0.0004732571509131848
2.801710262109324e-07,0.0004767680386393413
2.801720225516285e-07,0.0004786672455814821
2.801733581153223e-07,0.0004775696658201514
2.801746820740578e-07,0.0004684748440697165
2.801758313664346e-07,0.0004541637698301069
2.801772075813616e-07,0.0004311926841472336
2.801791755759217e-07,0.0003964734771595183
2.801806055226724e-07,0.0003810213898696734
2.80182155113324e-07,0.0003750876516290195
2.801833566293389e-07,0.0003717068318505086
2.801845081831795e-07,0.0003634351923228585
2.801859824833186e-07,0.0003366341834116356
2.801870945976896e-07,0.0003045247967758997
2.801880098019349e-07,0.0002754821831754816
2.801888106806534e-07,0.0002515494121637368
2.801898830526517e-07,0.0002301778221096646
2.801908014152609e-07,0.0002214061228139804
2.801917134607466e-07,0.0002127290936373079
2.80192629227122e-07,0.0002050246787207069
2.801936547754488e-07,0.0001969923448807536
2.801949130421763e-07,0.0001872570684887404
2.801958248633604e-07,0.000180928227489059
2.801969156550079e-07,0.0001741297594725545
2.801986188099487e-07,0.0001648456760160246
2.802e-07,0.0001582136000644304
2.802015789567888e-07,0.000151524883005596
2.802036843846184e-07,0.0001434265706592454
2.802058486910959e-07,0.0001360491334302147
2.802095601114047e-07,0.0001250508281470142
2.802141130610478e-07,0.0001138341653380919
2.802192349550349e-07,0.0001038816959607258
2.802249942929922e-07,9.532076122508522e-05
2.802320604525291e-07,8.704283924477239e-05
2.802414131549173e-07,7.827693694045589e-05
2.802512305005924e-07,7.192667859152431e-05
2.802650367706834e-07,6.81312014173921e-05
2.802747410078716e-07,6.796461858634201e-05
2.802816206429002e-07,6.809027404950738e-05
2.802867100874905e-07,6.773257794519534e-05
2.802918039883224e-07,6.66756681932111e-05
2.802958406167348e-07,6.545254479261278e-05
2.803004323999107e-07,6.376843226410803e-05
2.803067863590367e-07,6.153615643729064e-05
2.803113542781043e-07,6.067860648807538e-05
2.803160349177584e-07,6.042305662146866e-05
2.803208469127952e-07,6.060539158894401e-05
2.803289983196469e-07,6.12895030869171e-05
2.803384870738623e-07,6.19692122559506e-05
2.803484823691094e-07,6.214757387894008e-05
2.803594857232907e-07,6.174949398026293e-05
2.803713407420783e-07,6.084901600790929e-05
2.803864703345636e-07,6.16060035473175e-05
2.803948217582092e-07,6.990906158404037e-05
2.804052429126808e-07,8.368478532192403e-05
2.804126814241098e-07,8.736503523363087e-05
2.804155346523217e-07,8.77964099804953e-05
2.804212411087456e-07,9.766252535272556e-05
2.804251896401763e-07,0.0001271161199595545
2.804297188092712e-07,0.0001760899752853695
2.804329522586193e-07,0.0001954394610834889
2.804355222388662e-07,0.0002134698359681954
2.804368592963856e-07,0.0002702307509573784
2.804381649745368e-07,0.0003674616217867328
2.804394756878402e-07,0.0004783967117925136
2.804408876588736e-07,0.000559273467781145
2.804420635965283e-07,0.0006134556849823822
2.804433312501954e-07,0.000702084295712654
2.804443807274256e-07,0.0007452232243264408
2.804452035020677e-07,0.0007343554347129187
2.804459955811877e-07,0.0006901093789341483
2.804469758980552e-07,0.00060152323514918
2.804474119740411e-07,0.0005614522724971221
2.804479139239684e-07,0.0005178705021018071
2.804485407772638e-07,0.0004711326313973037
2.804494202336041e-07,0.0004223239593669091
2.804503301004391e-07,0.0003852209018304527
2.804512595291951e-07,0.0003563898843715691
2.804521526157834e-07,0.0003360475122618474
2.80453154921356e-07,0.000317724614797919
2.804543576191773e-07,0.0002945364134056333
2.804556776385496e-07,0.0002683950248545987
2.804569311637026e-07,0.0002453582551493427
2.804579527622671e-07,0.0002203160842873464
2.804591507704036e-07,0.0001856107931201256
2.804600648689394e-07,0.000168646766562954
2.804608708534747e-07,0.0001599137727888594
2.804619074454135e-07,0.0001496678014739565
2.804632778899359e-07,0.0001362950698650126
2.804644496776994e-07,0.0001265412472484315
2.804658133260011e-07,0.0001181157663597008
2.804674376761941e-07,0.0001110544264388843
2.80469363985396e-07,0.0001046209127579765
2.804713544241305e-07,9.894234015781796e-05
2.804736492078197e-07,9.423995199597714e-05
2.804764972907694e-07,9.649576142302736e-05
2.804794420718886e-07,0.0001118668135294044
2.804815913810599e-07,0.0001221006318682232
2.804839151498772e-07,0.0001225665471210247
2.804852577869635e-07,0.0001214762845914392
2.80486638704589e-07,0.0001320204453291154
2.804881364323391e-07,0.000159567824175013
2.804892794396374e-07,0.0001805808728428154
2.804906412779704e-07,0.0001914504355962376
2.804919110392062e-07,0.0001980381885411627
2.804931498541477e-07,0.000210003823155193
2.804944289654152e-07,0.0002424894173454411
2.804953494147168e-07,0.0002749759450063973
2.804961690851042e-07,0.0002953691988564899
2.804970281942889e-07,0.0003061769430036223
2.804982072862398e-07,0.0003069180488614704
2.804995161751432e-07,0.0002950958426369103
2.805008120803261e-07,0.0002772436923462703
2.805021280614907e-07,0.0002572681847182578
2.805036975784833e-07,0.0002333788147856164
2.805058395496178e-07,0.0002020813891915649
2.805088346160431e-07,0.0001618910729324542
2.805126532492407e-07,0.0001176779317783181
2.805179667409484e-07,7.5641729416741e-05
2.805230201534084e-07,5.97157636739434e-05
2.805295384714542e-07,5.535039159340606e-05
2.805347795828412e-07,5.48982759206565e-05
2.805400060030753e-07,5.479891931581923e-05
2.80545928360086e-07,5.475268224673492e-05
2.805540804190192e-07,5.471517291747853e-05
2.805661970291264e-07,5.468050981748625e-05
2.805863957865146e-07,5.464699728123906e-05
2.806171572569365e-07,5.462034536988916e-05
2.806599252187855e-07,5.46021552670931e-05
2.807262270673989e-07,5.458864839547276e-05
2.808122440813841e-07,5.458008380212188e-05
2.809345528478551e-07,5.457392772139537e-05
2.811234078216473e-07,5.456931444309917e-05
2.813939790034952e-07,5.45662106414407e-05
2.817807099719508e-07,5.456411752659625e-05
2.823327469089102e-07,5.456270185847108e-05
2.831324880412771e-07,5.456173722689408e-05
2.842922187670672e-07,5.456108760657965e-05
2.859709184155095e-07,5.456064964341803e-05
2.883990570123897e-07,5.456034652197949e-05
2.901995285061949e-07,5.456021757503594e-05
2.92e-07,5.456012449665894e-05
2.9205e-07,5.462109820100328e-05
2.920638226542581e-07,5.505041448447469e-05
2.920788973203385e-07,5.694292029334571e-05
2.920863547392058e-07,5.888597133992285e-05
2.920932836441535e-07,6.113789248041706e-05
2.92101386888867e-07,6.31079552976649e-05
2.921082426235635e-07,6.36248896762733e-05
2.921130769826928e-07,6.767381180266838e-05
2.921179655331532e-07,8.36204907519392e-05
2.921231475526656e-07,0.0001057313702120478
2.921276527906189e-07,0.0001147662268151414
2.921320567692502e-07,0.0001289597578661696
2.921360793987292e-07,0.0002441684996225375
2.921391569984398e-07,0.0003702713645733373
2.921415240955482e-07,0.0004353958665542161
2.921444368158259e-07,0.0004880023682895971
2.921459518353648e-07,0.0005296125644710062
2.921469285223389e-07,0.0005546062550323912
2.921481070142314e-07,0.0005654630473803391
2.921489775211213e-07,0.0005571245495778975
2.921503994237789e-07,0.000519183153026331
2.921514759003644e-07,0.0004757267860151608
2.921522563514351e-07,0.0004452996580673
2.921529573857515e-07,0.0004225587152464724
2.921543594543841e-07,0.0003845211989519274
2.921553885853832e-07,0.0003586029854957724
2.921563638918079e-07,0.0003342864244860884
2.921573713033113e-07,0.0003088952735354217
2.921588382607963e-07,0.0002717730225654917
2.921606226013754e-07,0.0002278171760198391
2.921629083872968e-07,0.0001786052444085445
2.921654070916038e-07,0.0001435364880684371
2.921682320866439e-07,0.0001235775761100106
2.921705906489886e-07,0.0001136980134792035
2.921729255627342e-07,0.0001067388721735152
2.921748613660343e-07,0.0001021514192192844
2.92176778501685e-07,9.818629655821863e-05
2.921796523881315e-07,9.294572450385941e-05
2.92182865711182e-07,8.865004374798057e-05
2.921852351070897e-07,8.660372261757268e-05
2.92187891164194e-07,8.517974202475299e-05
2.921905995964076e-07,8.477312846323964e-05
2.92194971986138e-07,8.710161782881951e-05
2.922e-07,9.627201882552758e-05
2.922033748850812e-07,0.0001070140926949701
2.922075461847218e-07,0.0001249516713062862
2.922116954823284e-07,0.0001408648761123548
2.922160284454436e-07,0.0001477380476970467
2.922208774432056e-07,0.0001434264660818164
2.922255079822503e-07,0.0001395187889440608
2.922275385902134e-07,0.0001410072039428226
2.922292226740391e-07,0.000141911956391983
2.9223093883851e-07,0.0001402359721485841
2.922335473995756e-07,0.0001305812644156653
2.922355899811511e-07,0.0001181607728358999
2.922372558542113e-07,0.0001087610782043646
2.922384823702948e-07,0.0001040359787458421
2.922402302995015e-07,9.920207543937188e-05
2.922418350746852e-07,9.505349243526783e-05
2.922432624581334e-07,9.12310185143381e-05
2.922449965947124e-07,8.657458079331297e-05
2.922484648678702e-07,7.85869930721513e-05
2.922516641050021e-07,7.371181982829771e-05
2.92255332072217e-07,7.047339365890083e-05
2.922600076651347e-07,6.808421784128835e-05
2.922674457509773e-07,6.557612352566948e-05
2.922784210031428e-07,6.33226398930304e-05
2.922947489168861e-07,6.331443428189771e-05
2.923146807972276e-07,6.678923666840878e-05
2.923308018855981e-07,6.871100538911014e-05
2.923369539834598e-07,6.792673859040479e-05
2.923431472980875e-07,6.600526093108978e-05
2.923496020779959e-07,6.325072700385553e-05
2.923534106442105e-07,6.207557637507182e-05
2.923571531476449e-07,6.164846153322272e-05
2.923617718946838e-07,6.202902542087652e-05
2.923663411630071e-07,6.304117724274965e-05
2.923736088003843e-07,6.474899664075472e-05
2.923826763869688e-07,6.588537385741929e-05
2.923915281226463e-07,6.565487843632049e-05
2.924007339980009e-07,6.439878130626082e-05
2.924090872299762e-07,6.760952590423883e-05
2.924152060479405e-07,8.038530397143581e-05
2.924216484902802e-07,9.386695369934491e-05
2.924274195395436e-07,9.729655479770487e-05
2.924322625389055e-07,0.0001004511854765902
2.924371778821951e-07,0.0001412380316901924
2.924383317792056e-07,0.0001600458040261507
2.924396399893465e-07,0.000183100811090703
2.924407881649456e-07,0.0002032212782962868
2.924424402825636e-07,0.0002368769014564388
2.924441988197329e-07,0.0002808079420510758
2.924455799117996e-07,0.0002953739132937861
2.924463788969973e-07,0.0002892039353449367
2.924471778821951e-07,0.0002812487214417188
2.924474759994044e-07,0.0002749610098387835
2.924478887584733e-07,0.0002685078223625688
2.924482713389987e-07,0.0002639135886335425
2.9244893042651e-07,0.0002579206944015664
2.924498626228176e-07,0.0002541378643588482
2.924508278175683e-07,0.0002585280764258516
2.92451841857782e-07,0.0002717871026676915
2.924528691658381e-07,0.0002898786240678673
2.924539861430421e-07,0.0003064162427931648
2.924548398431807e-07,0.0003070762527710579
2.924558731643054e-07,0.0002940442866488156
2.924566666056888e-07,0.000290941900592943
2.924573679627867e-07,0.0003084289179635211
2.924582164523525e-07,0.0003490868529104972
2.924591573558111e-07,0.0004014416077609037
2.924601445843135e-07,0.0004494781706848365
2.92461018747594e-07,0.0004776612736542503
2.924621433109077e-07,0.0005006025766565491
2.924629407322274e-07,0.0005165360438934044
2.924636740980044e-07,0.0005241946082016041
2.924645521304274e-07,0.0005179790793243264
2.924655773098128e-07,0.0004926046609750074
2.924664179042387e-07,0.0004639404776956579
2.924675474880092e-07,0.0004236501701229955
2.924688045499381e-07,0.0003811881699586368
2.924698765988246e-07,0.0003510198669467871
2.924709559962559e-07,0.0003281519108674893
2.924723989926679e-07,0.0003031961320357381
2.924737702587242e-07,0.0002817366691002071
2.92475065650793e-07,0.0002660552739423986
2.924765355923644e-07,0.0002626193462969848
2.924777380535248e-07,0.0002749008074511858
2.924790415724071e-07,0.0002925736124079067
2.924800936440615e-07,0.0003006807780756883
2.924813964061023e-07,0.0002986229018578807
2.924826564921529e-07,0.0002963210744812809
2.92483728361662e-07,0.0003030947974717718
2.924851882337877e-07,0.0003072124753429639
2.92486227591204e-07,0.0003031511852768647
2.924874411803124e-07,0.0002919278714193522
2.924883283409077e-07,0.0002768625715619993
2.924894828407191e-07,0.0002500329082378607
2.924907615663785e-07,0.0002248378623823391
2.924920718575865e-07,0.0002329881804867427
2.924933671433015e-07,0.0002633256279608478
2.924946122229263e-07,0.0002803413159341182
2.92495666417308e-07,0.0002808411979905934
2.924970167072068e-07,0.0002679425451624704
2.924984391293615e-07,0.000246965330826952
2.924996943761206e-07,0.0002276059682604817
2.925011582992401e-07,0.0002058688401793951
2.925033547835225e-07,0.0001759132650636531
2.925064138197103e-07,0.0001399780336121324
2.925099606957202e-07,0.0001070082844404321
2.925145219676121e-07,7.793635369313323e-05
2.925203743052291e-07,6.056547682004289e-05
2.925258488971183e-07,5.611146437130507e-05
2.925314857827849e-07,5.51672004956622e-05
2.925370371874672e-07,5.498016591701782e-05
2.925430729314192e-07,5.491160085676857e-05
2.925506153017143e-07,5.485947172269677e-05
2.925612674086189e-07,5.480424761529188e-05
2.925768259262333e-07,5.474626567532484e-05
2.926032292576341e-07,5.468520238412e-05
2.926560359204359e-07,5.46288979230769e-05
2.927258149243118e-07,5.460178539533603e-05
2.928097874384231e-07,5.458820929760226e-05
2.929120123985353e-07,5.457994690351215e-05
2.930519759508066e-07,5.457399299966714e-05
2.93263132634698e-07,5.456953448406344e-05
2.936160811435132e-07,5.456627495811508e-05
2.941061478142427e-07,5.456441108648746e-05
2.948019465307531e-07,5.456320343082482e-05
2.95790624185631e-07,5.456229609863739e-05
2.972346163084231e-07,5.456154103320617e-05
2.986173081542115e-07,5.456110520140695e-05
3e-07,5.456081842184492e-05
3.0005e-07,5.457934256541356e-05
3.000638226542581e-07,5.473869216968473e-05
3.000914679627742e-07,5.859510777837412e-05
3.00099751297892e-07,6.132089532978388e-05
3.001070649905711e-07,6.318133953493114e-05
3.001145053472464e-07,6.414379342841024e-05
3.001199290630673e-07,6.988732265520386e-05
3.00125429808266e-07,9.107928271196751e-05
3.001311176825685e-07,0.0001151961667180713
3.001365790571967e-07,0.0001224769612333654
3.001406327683219e-07,0.0001173544405187545
3.001456184208556e-07,0.000113239772826082
3.001477118667023e-07,0.0001199672621396512
3.001495010674441e-07,0.0001310926889067441
3.001514258447042e-07,0.0001458327798479761
3.00153462438656e-07,0.0001628872442822948
3.001554613022163e-07,0.0001954139779994088
3.001574496221488e-07,0.0002274020202794576
3.001591769052174e-07,0.000246566777992216
3.001605734795877e-07,0.0002806626732752942
3.001621743900342e-07,0.0003386228438618542
3.001635747640795e-07,0.0003866522035387602
3.001651650080227e-07,0.0004214831682598813
3.00167038710019e-07,0.0004477833017840331
3.001687359106666e-07,0.0004669049115278115
3.001698432110807e-07,0.0004732574245020055
3.001710262112843e-07,0.0004767683085444165
3.001720225520398e-07,0.0004786675148264751
3.001733581157129e-07,0.0004775699343923551
3.001746820742658e-07,0.0004684751150080509
3.001758313666519e-07,0.0004541640423179406
3.001772075816859e-07,0.0004311929563571602
3.001791755762181e-07,0.0003964737508948182
3.001806055220748e-07,0.0003810216669795494
3.001821551111425e-07,0.0003750879277883833
3.001833566274303e-07,0.0003717071123141422
3.001845081803741e-07,0.0003634354980590256
3.001859824813919e-07,0.0003366345106630169
3.00187094595886e-07,0.0003045251340505538
3.001880098008995e-07,0.0002754824943173624
3.001888106794071e-07,0.0002515497279232527
3.001898830500909e-07,0.0002301781831977181
3.001908014135333e-07,0.0002214064869943974
3.001917134585254e-07,0.000212729468052897
3.001926292246872e-07,0.0002050250507105015
3.001936547721198e-07,0.0001969927200743724
3.001949130424685e-07,0.0001872574091680033
3.001958248634842e-07,0.0001809285638244233
3.001969156550431e-07,0.0001741300897801386
3.001986188076385e-07,0.0001648460082959714
3.002000000000001e-07,0.0001582139129681867
3.002015789570217e-07,0.0001515251867146356
3.002036843854841e-07,0.0001434268617785713
3.002058486930337e-07,0.0001360494118720258
3.002095601141484e-07,0.0001250510924483827
3.00214113063984e-07,0.0001138344218421949
3.002192349582645e-07,0.0001038819509163349
3.002249942967432e-07,9.532101563223153e-05
3.002320604573649e-07,8.704308972879835e-05
3.002414131615613e-07,7.827718186384715e-05
3.002512305047999e-07,7.192692802698314e-05
3.002650367826299e-07,6.813146045684395e-05
3.002747410275539e-07,6.79648826052802e-05
3.002816206525171e-07,6.809053862733312e-05
3.002867100952544e-07,6.773283913896543e-05
3.002918039892963e-07,6.667593033201236e-05
3.002958406248868e-07,6.545280175038957e-05
3.00300432412394e-07,6.376868796201738e-05
3.003067863782042e-07,6.153641493688677e-05
3.003113542858292e-07,6.067887179415874e-05
3.003160349487661e-07,6.04233252609195e-05
3.003208469486523e-07,6.060566421897338e-05
3.003289983820829e-07,6.128978055577678e-05
3.003384871355937e-07,6.196948882778419e-05
3.003484824436002e-07,6.214784850282383e-05
3.003594858004549e-07,6.174976625530679e-05
3.00371340864056e-07,6.08492849299312e-05
3.003864708391146e-07,6.16066101531329e-05
3.003948130801136e-07,6.989510565078288e-05
3.004052294545165e-07,8.364480931457776e-05
3.004126601356285e-07,8.728491675477851e-05
3.004155503279677e-07,8.76941888093323e-05
3.004213307126459e-07,9.743327466099418e-05
3.004252114644304e-07,0.0001250992415757907
3.004296918956657e-07,0.0001696657849236192
3.004328812079844e-07,0.0001851273421917931
3.004353173768816e-07,0.0002015951077904545
3.004366266901432e-07,0.0002590291484330802
3.00438457179175e-07,0.000408025304931496
3.004397463024555e-07,0.0005148122541316713
3.004412446417602e-07,0.0005870498682456541
3.004421567020086e-07,0.0006437447003538316
3.0044328710179e-07,0.0007290447995641769
3.004442093459815e-07,0.0007629817568956241
3.004450115377176e-07,0.0007488212073773545
3.00445763424583e-07,0.0007033486366334906
3.004468829903002e-07,0.000597752405905695
3.004472894759721e-07,0.0005588386212134838
3.00447800006318e-07,0.0005129057219520472
3.004484789389631e-07,0.0004614450153142602
3.004493312140673e-07,0.0004122166748507377
3.004502345671519e-07,0.0003727233545386498
3.004511344104161e-07,0.0003446612569013987
3.004520404712262e-07,0.0003273328134158282
3.004530702356385e-07,0.0003149731730086648
3.004543324218107e-07,0.0002983155049708309
3.004556663869006e-07,0.0002744617164487802
3.004568156721426e-07,0.000248119898256339
3.004578424714969e-07,0.0002185464056091708
3.004585894231234e-07,0.0001961985575542378
3.004594096377062e-07,0.0001754424991594149
3.004602347873025e-07,0.0001580088947811282
3.004612825922783e-07,0.0001378004190333593
3.004626720450529e-07,0.0001153211296669473
3.004638760164996e-07,0.000101241819693938
3.004652520263709e-07,9.122552215451946e-05
3.004668607061181e-07,8.486343544523581e-05
3.004688083697438e-07,8.047312926573005e-05
3.004707694404386e-07,7.733117418572014e-05
3.004730057289781e-07,7.484079677751992e-05
3.004757260778811e-07,7.547442369962985e-05
3.004790870309415e-07,8.439516792383108e-05
3.004815026599473e-07,9.074597680075279e-05
3.004841617993401e-07,9.101528234444238e-05
3.004860824928779e-07,9.168534891623367e-05
3.004885063969588e-07,0.0001192949503224214
3.004902488993838e-07,0.0001414170571062611
3.004916688955267e-07,0.0001413951320864023
3.004935367201162e-07,0.000148485040863932
3.004948992125075e-07,0.0001896056128199166
3.004957895189409e-07,0.0002109838972484142
3.004967542498773e-07,0.0002237773117360485
3.00497952010544e-07,0.000227197252976827
3.004995042484301e-07,0.0002187601775281677
3.005007766833356e-07,0.0002070751067688839
3.005021576670233e-07,0.0001932136192119189
3.00503855949549e-07,0.0001761354152955234
3.005063599081118e-07,0.0001520948796817981
3.005095739791841e-07,0.000123995122578662
3.005139257056952e-07,9.174738760161125e-05
3.005195580956298e-07,6.532030902414162e-05
3.005248047940173e-07,5.690551369877736e-05
3.005299744071684e-07,5.509977696806193e-05
3.005355411051343e-07,5.477009882473949e-05
3.005407771737571e-07,5.471121702679807e-05
3.005472200347973e-07,5.46822204674968e-05
3.005555170099494e-07,5.465958583179417e-05
3.005685814550622e-07,5.46364569637457e-05
3.005894766171304e-07,5.461474263938619e-05
3.006259470464381e-07,5.459606967118113e-05
3.006782128029801e-07,5.458443220683119e-05
3.007497532992907e-07,5.457706011141316e-05
3.008429780643235e-07,5.457220300255764e-05
3.009784964354692e-07,5.456856382387962e-05
3.011898859060947e-07,5.456579554434687e-05
3.014903037865489e-07,5.456393510197658e-05
3.019185620199012e-07,5.456266609458893e-05
3.02530402820911e-07,5.456179617911251e-05
3.03419297881664e-07,5.456119600376435e-05
3.047086351859756e-07,5.456078567629889e-05
3.065745319913642e-07,5.45604987615948e-05
3.09271555725819e-07,5.456028682316338e-05
3.12e-07,5.456016185139578e-05
3.1205e-07,5.462113450598613e-05
3.120638226542581e-07,5.505045714865907e-05
3.120788953780791e-07,5.694254770454129e-05
3.12086355097384e-07,5.888611283259976e-05
3.120932830787757e-07,6.113775091891889e-05
3.121013863039585e-07,6.310790832722983e-05
3.121082418905978e-07,6.362480972787568e-05
3.121130766141131e-07,6.767314227711274e-05
3.121179653506737e-07,8.361975633774002e-05
3.121231475871926e-07,0.0001057320658673314
3.121276528806495e-07,0.0001147946965014344
3.121320569966335e-07,0.0001297673892396541
3.121360798607837e-07,0.0002468840092145703
3.12139159405472e-07,0.000374072452544128
3.121415263124525e-07,0.000439591995014884
3.121444328296669e-07,0.0004923994403705038
3.121459459073261e-07,0.0005341463719212413
3.121469231749845e-07,0.0005593265072469616
3.121481024496361e-07,0.0005702555361047556
3.121489725944743e-07,0.0005613400827786569
3.121503919113524e-07,0.0005227564487115952
3.12151462518451e-07,0.0004789863814142718
3.121522496406727e-07,0.0004478979588054158
3.121529456291376e-07,0.0004249824722010357
3.121543376060675e-07,0.0003866480558331043
3.121553692916389e-07,0.0003603736441583806
3.121563415453932e-07,0.0003359258783544849
3.12157347503785e-07,0.0003103300071007731
3.121588015966779e-07,0.0002730610631653537
3.121605838349006e-07,0.0002287160128772334
3.121628402309583e-07,0.0001797986090649731
3.121653301502473e-07,0.0001443808216330142
3.12168145117433e-07,0.0001242636192619941
3.121704854723942e-07,0.0001143402554853312
3.121728192261587e-07,0.0001073009728991857
3.121747107419743e-07,0.00010276714801461
3.121766113698745e-07,9.879123697879206e-05
3.121794684188599e-07,9.352151008509439e-05
3.121826590141813e-07,8.913672670759881e-05
3.12185056061938e-07,8.697984989215383e-05
3.121876562814432e-07,8.54276640505688e-05
3.121903158173228e-07,8.470128134690457e-05
3.121945647190442e-07,8.5915701784753e-05
3.122000000000001e-07,9.385667744918886e-05
3.122034272439523e-07,0.0001036430149902232
3.122077101699741e-07,0.0001213305406909948
3.122119967975431e-07,0.0001386601126377854
3.12216543144673e-07,0.0001476386373703925
3.122211988242252e-07,0.0001443859090459221
3.122263919325971e-07,0.0001394631947923084
3.122285691270448e-07,0.0001409917295597181
3.122302687681082e-07,0.0001418458615457868
3.122320170440162e-07,0.0001399938446243905
3.122346723703506e-07,0.0001298020702036992
3.122367070897558e-07,0.0001173285021166906
3.122383368963219e-07,0.0001082914624195331
3.122395642355408e-07,0.0001036971657201371
3.12241402090568e-07,9.867872915002212e-05
3.122429392810974e-07,9.469494093641597e-05
3.122443938628571e-07,9.078919432547387e-05
3.1224615973719e-07,8.605964281347779e-05
3.12249691485856e-07,7.807363811851825e-05
3.122528881050167e-07,7.337054737461636e-05
3.122566115027e-07,7.021026419278614e-05
3.122613980650246e-07,6.784698341472704e-05
3.122691177081174e-07,6.53271817584727e-05
3.12280346446293e-07,6.322059129497634e-05
3.122972457009469e-07,6.366580945052819e-05
3.123160245414722e-07,6.704554110982022e-05
3.123263204741727e-07,6.848792713473372e-05
3.123317617051034e-07,6.874292634233144e-05
3.12338448455262e-07,6.761093168191056e-05
3.123438252835008e-07,6.577231744425157e-05
3.123483236183746e-07,6.380996641591732e-05
3.123518167195594e-07,6.247965486637242e-05
3.123554726232507e-07,6.175181299216663e-05
3.12360098549263e-07,6.178910417462761e-05
3.123640693399682e-07,6.249990437233243e-05
3.123698861913625e-07,6.392823869297239e-05
3.123794021659464e-07,6.565660805219885e-05
3.123881065681915e-07,6.58680963354011e-05
3.123966467570699e-07,6.502421060378046e-05
3.124049294216308e-07,6.450899659995802e-05
3.124116830324144e-07,7.21793717220137e-05
3.124193313579853e-07,8.977466726083197e-05
3.12424900859651e-07,9.619336501612336e-05
3.124327033656983e-07,0.0001021613750322063
3.12436673026167e-07,0.0001362199767328248
3.124379616796507e-07,0.0001545368896913352
3.124392858191903e-07,0.0001744608211361654
3.124403395739253e-07,0.0001900573636325435
3.124419990428394e-07,0.0002271894494942876
3.124431051674912e-07,0.0002708070790883998
3.124443215939831e-07,0.0003178250798314287
3.124453422989461e-07,0.0003345880658718754
3.124461225453842e-07,0.0003315803008321293
3.12446673026167e-07,0.0003266723942939839
3.124469214001708e-07,0.0003168504293611186
3.124472707715887e-07,0.0003053857753374577
3.124475849380839e-07,0.0002968421862727365
3.124482060390663e-07,0.0002833565520173546
3.124491046919038e-07,0.0002724715319864038
3.124500634857083e-07,0.0002758999897543782
3.124510508518157e-07,0.0002937443122719604
3.124519944372857e-07,0.0003131784289295652
3.124530886646674e-07,0.0003262730397703397
3.124539678271067e-07,0.0003221587238058272
3.124548705571444e-07,0.0003021525456442985
3.124555206659084e-07,0.0002853861633732886
3.124562078580674e-07,0.0002808713724133161
3.12456905632276e-07,0.0002981366898070245
3.124578376457904e-07,0.0003422209318728711
3.124588250936768e-07,0.0003927236552419886
3.124598372567228e-07,0.0004332265208385331
3.124609577880787e-07,0.0004625517548700797
3.124620764267794e-07,0.0004834000554080958
3.124632858679101e-07,0.0004857431055789332
3.12464652490171e-07,0.0004578140962230827
3.124656346571316e-07,0.0004256039359070661
3.124665977894788e-07,0.000392367553487565
3.124678277592602e-07,0.0003523966033309739
3.124689368775121e-07,0.0003221611896136799
3.124699918907056e-07,0.0003017059781416747
3.124712757285611e-07,0.0002834938855729468
3.124726792162964e-07,0.0002651413574902576
3.124739449819115e-07,0.0002486239459026401
3.124753371584565e-07,0.0002342931374511468
3.124771999586584e-07,0.0002313991407271699
3.124792470214791e-07,0.0002619923095726549
3.124809900088081e-07,0.0002927202596198232
3.124823353620148e-07,0.0002919807968576916
3.124837827456329e-07,0.000266140893147666
3.124852418955176e-07,0.0002543775368629971
3.124864861585454e-07,0.0002664068099417944
3.124875174001936e-07,0.0002715871770056219
3.124885439768962e-07,0.0002654143070610594
3.124896947373879e-07,0.0002526330642113503
3.124911321840571e-07,0.0002342475164139974
3.124923402484279e-07,0.0002180078739639846
3.124936033578893e-07,0.0002014964832232482
3.124949676010928e-07,0.0001847613930010398
3.124968831967901e-07,0.0001632945796509311
3.124998153958564e-07,0.0001346527590558781
3.125034825697704e-07,0.000105180059524768
3.125082212796756e-07,7.746187750537856e-05
3.125130763081806e-07,6.233342897051329e-05
3.125186058927584e-07,5.649749203938653e-05
3.125251368944196e-07,5.513953935233072e-05
3.125307727825026e-07,5.495237312051492e-05
3.125367976218932e-07,5.488601317722467e-05
3.125440280749055e-07,5.483742554524529e-05
3.125546933311196e-07,5.478349816187993e-05
3.125699628246241e-07,5.472810051540095e-05
3.125964937670999e-07,5.466895351897693e-05
3.126482168981191e-07,5.461723310366348e-05
3.127163880241726e-07,5.459357535669424e-05
3.127977065855471e-07,5.458237744712956e-05
3.128963709484075e-07,5.457570066408122e-05
3.130295080619885e-07,5.457097540462528e-05
3.132296986849642e-07,5.456746330660664e-05
3.135730790348059e-07,5.456490474667653e-05
3.140483150996238e-07,5.456352168499734e-05
3.147227933244964e-07,5.456264799106249e-05
3.15677635309615e-07,5.456196474379023e-05
3.17073607162906e-07,5.456134936087798e-05
3.185368035814531e-07,5.456094490127142e-05
3.200000000000001e-07,5.456068291814268e-05
3.200500000000001e-07,5.457152945609043e-05
3.200638226542581e-07,5.473855676210276e-05
3.200914679627742e-07,5.859497255886027e-05
3.200997513149894e-07,6.132076567540297e-05
3.201070650044303e-07,6.318120686059403e-05
3.201145053594026e-07,6.414366220615592e-05
3.201199290719386e-07,6.988721076848736e-05
3.201254298135448e-07,9.107917694486795e-05
3.201311176845979e-07,0.0001151960405808912
3.201365790603196e-07,0.0001224768258368019
3.201406327711809e-07,0.0001173543003792386
3.201456184259578e-07,0.0001132396473611914
3.201477118722028e-07,0.000119967156864283
3.201495010729795e-07,0.0001310925978770283
3.201514258491499e-07,0.0001458326819972976
3.201534624470136e-07,0.0001628872036346229
3.201554613080084e-07,0.0001954139619701271
3.201574496299605e-07,0.00022740197661011
3.201591769096562e-07,0.0002465667191903694
3.20160573484785e-07,0.0002806627165922614
3.201621743931758e-07,0.0003386228397362763
3.201635747677265e-07,0.0003866521868676969
3.201651650119035e-07,0.0004214830967124522
3.201670387157717e-07,0.0004477832546099489
3.201687359160973e-07,0.0004669048261460988
3.201698432150807e-07,0.000473257310435487
3.201710262136037e-07,0.0004767681835135059
3.201720225548682e-07,0.000478667388442131
3.20173358118373e-07,0.0004775697911644594
3.201746820753867e-07,0.0004684749660536482
3.201758313678567e-07,0.0004541638839758109
3.201772075838046e-07,0.0004311927749930481
3.201791755787265e-07,0.0003964735723845064
3.201806055232995e-07,0.0003810215221530539
3.201821551107613e-07,0.0003750877942941704
3.2018335662652e-07,0.0003717069798945814
3.201845081795288e-07,0.0003634353666186657
3.201859824805541e-07,0.0003366343829438411
3.201870945950707e-07,0.0003045250080394329
3.201880098001288e-07,0.0002754823676248765
3.201888106786242e-07,0.0002515496193587437
3.201898830492274e-07,0.000230178186466081
3.201908014127166e-07,0.0002214065351243516
3.201917134576774e-07,0.0002127295293421678
3.201926292233421e-07,0.0002050251150447531
3.201936547703785e-07,0.0001969927795046066
3.201949130418028e-07,0.0001872574453593112
3.201958248627231e-07,0.0001809285885333164
3.201969156541432e-07,0.0001741301005283488
3.201986188055579e-07,0.0001648460020540745
3.202e-07,0.0001582138784648295
3.202015789572569e-07,0.0001515251319073278
3.202036843864391e-07,0.000143426780158077
3.202058486949855e-07,0.0001360493051752178
3.202095601170142e-07,0.0001250509545388096
3.202141130670316e-07,0.0001138342652850111
3.202192349617229e-07,0.0001038817899739267
3.202249943008542e-07,9.532085251794868e-05
3.20232060462846e-07,8.704291605859778e-05
3.202414131692987e-07,7.827699075082016e-05
3.202512305143153e-07,7.192673724413365e-05
3.202650368092953e-07,6.813128987738866e-05
3.202747410586778e-07,6.796472705237969e-05
3.202816206708128e-07,6.809038737798489e-05
3.202867101119172e-07,6.773268838439077e-05
3.202918039997018e-07,6.667578090655414e-05
3.202958406416261e-07,6.545265065215552e-05
3.203004324328307e-07,6.376853577831514e-05
3.203067864049678e-07,6.153626607145877e-05
3.203113543030022e-07,6.067872934966657e-05
3.203160349855258e-07,6.042318622301753e-05
3.203208469894731e-07,6.06055288543359e-05
3.203289984464551e-07,6.128964915969925e-05
3.203384871988986e-07,6.196935501760238e-05
3.203484825174128e-07,6.214771093000035e-05
3.203594858786692e-07,6.174962477224526e-05
3.20371340957328e-07,6.084913881050479e-05
3.203864709559052e-07,6.160653460406027e-05
3.203948130817617e-07,6.989497612865357e-05
3.204052293594611e-07,8.364540171601767e-05
3.204126599553225e-07,8.730160622878685e-05
3.204155195779242e-07,8.771561906859766e-05
3.204212388231275e-07,9.707315603202431e-05
3.204251366146315e-07,0.0001244176447661765
3.204296327279934e-07,0.0001691791049726638
3.204328295655179e-07,0.0001850628277703115
3.204353448736186e-07,0.0002022960826031742
3.204366642853979e-07,0.0002613884504661768
3.204385030552393e-07,0.0004122520036810807
3.204397931010395e-07,0.0005179464906703592
3.204412953732807e-07,0.0005895620746504491
3.204422304796313e-07,0.0006495907813024072
3.204433515668981e-07,0.0007331199040136461
3.204442594648899e-07,0.000763294293299683
3.204450686218125e-07,0.0007462983452140028
3.204458185895665e-07,0.0006986780828987066
3.204470046070698e-07,0.0005861203213307733
3.204474623672981e-07,0.0005427618955745898
3.204479842333461e-07,0.0004976614474378428
3.204487170244335e-07,0.000446117428704256
3.204496385403278e-07,0.0003974456995516206
3.204505488118182e-07,0.0003615563910668916
3.204514405800001e-07,0.0003376750460950807
3.2045237319199e-07,0.0003229100058068493
3.204534684322464e-07,0.0003103247524773204
3.204547918045674e-07,0.0002909266085835137
3.204561708525814e-07,0.0002643486947664392
3.204572265735219e-07,0.0002376768373919422
3.204583091893795e-07,0.0002049071430625884
3.204590329674165e-07,0.0001843336779340632
3.204598010291788e-07,0.0001665859429344104
3.2046069679603e-07,0.0001485819273234282
3.204619979903392e-07,0.0001254317512104485
3.20463204620025e-07,0.0001084351035486856
3.204644587226826e-07,9.638453353102695e-05
3.204658853043449e-07,8.833970018816145e-05
3.204675988328884e-07,8.306161945496312e-05
3.204695140176541e-07,7.9365957260537e-05
3.204715577633119e-07,7.637407413295054e-05
3.204739414719303e-07,7.448484764324769e-05
3.204770044022618e-07,7.766831981081691e-05
3.204795877968162e-07,8.458171465036587e-05
3.204817012051224e-07,8.74172209071447e-05
3.204842777467718e-07,8.52643703403966e-05
3.204858113947065e-07,9.150185762810425e-05
3.204870212913587e-07,0.0001030158254444299
3.204883056435771e-07,0.0001111592956163052
3.204894801839038e-07,0.0001091895997046642
3.204909490584252e-07,0.0001045849475887293
3.204921305846805e-07,0.0001185597889047258
3.204930565683469e-07,0.0001309097388293055
3.20494036853064e-07,0.0001391927846560529
3.204950158133081e-07,0.0001426375999503004
3.204962204690314e-07,0.0001417753493446497
3.204974541627397e-07,0.0001374131200280814
3.204987062913788e-07,0.0001315175133447186
3.205001484141606e-07,0.0001242656611567548
3.205020316522606e-07,0.0001149134133308392
3.205047443175527e-07,0.000102251677800273
3.205089745161028e-07,8.479856156516978e-05
3.205156261661812e-07,6.447867112435889e-05
3.205211626195232e-07,5.699997706423744e-05
3.205274936733536e-07,5.501008256803982e-05
3.205328534379748e-07,5.476483510843137e-05
3.205382670885732e-07,5.471246597650927e-05
3.205442169966765e-07,5.468787658562379e-05
3.205521456125544e-07,5.466587549715795e-05
3.205635224718236e-07,5.464369707874566e-05
3.205821282390021e-07,5.462083778008144e-05
3.206156596755229e-07,5.459979892602756e-05
3.206707337929749e-07,5.458546678782976e-05
3.207384872043731e-07,5.457782098313654e-05
3.20827536710807e-07,5.457272612569259e-05
3.209518994274256e-07,5.456902112609373e-05
3.211537330976523e-07,5.456606097619518e-05
3.214390076790113e-07,5.456409323482461e-05
3.218459169674091e-07,5.45627543602583e-05
3.224242263498624e-07,5.456184215957523e-05
3.232650945822974e-07,5.456121284737544e-05
3.244862071985481e-07,5.456078523832399e-05
3.262530032201843e-07,5.456049127819469e-05
3.288068457274771e-07,5.456027887504826e-05
3.32e-07,5.456013338157088e-05
3.3205e-07,5.462110614136131e-05
3.320638226542581e-07,5.505043082125428e-05
3.32078894751379e-07,5.694238261917108e-05
3.320863552134276e-07,5.888611976499285e-05
3.320932828966867e-07,6.113766482743039e-05
3.321013861154452e-07,6.310785290881096e-05
3.321082416545223e-07,6.362474339979599e-05
3.321130765388123e-07,6.767296696927672e-05
3.321179653744735e-07,8.361985929723397e-05
3.321231476956031e-07,0.0001057329638266593
3.321276530425976e-07,0.0001148258320180524
3.321320572436028e-07,0.0001306179365632347
3.321360803408181e-07,0.0002496799206574038
3.321391617942721e-07,0.0003779387990801861
3.32141528492069e-07,0.0004438318949763969
3.321444289355924e-07,0.0004968139332267883
3.321459397322466e-07,0.0005386804705704928
3.321469177900489e-07,0.0005640584549434546
3.321480976225134e-07,0.000575143232149613
3.32148968075807e-07,0.0005657563770798242
3.321503846866279e-07,0.0005264826183127842
3.321514439608456e-07,0.0004826421010906569
3.321522400988841e-07,0.0004507901436071649
3.321529299460469e-07,0.000427735528846134
3.321543096403724e-07,0.0003891739280386418
3.321553464863133e-07,0.0003624579063889446
3.321563150793831e-07,0.0003378729974663911
3.32157319521686e-07,0.0003120966544627404
3.321587569377781e-07,0.0002748175597997835
3.321605368338938e-07,0.0002299621757296954
3.32162759785655e-07,0.0001812830636445613
3.321652290715446e-07,0.0001454806697788396
3.321680346179098e-07,0.0001250663482682007
3.321703589561258e-07,0.000115057305713451
3.321727054987443e-07,0.000107890623587278
3.321745165416389e-07,0.0001034956623139675
3.32176393477763e-07,9.951480535324726e-05
3.321792246588954e-07,9.421722381332822e-05
3.321823893075156e-07,8.970476016034645e-05
3.321848435131305e-07,8.74052422449206e-05
3.321875157566394e-07,8.570251888820646e-05
3.32190124034215e-07,8.47833104956687e-05
3.321942256245369e-07,8.519168791035541e-05
3.322e-07,9.180841691157899e-05
3.322034711345874e-07,0.0001005593982699724
3.322078407582459e-07,0.0001175722987272207
3.322122394381822e-07,0.0001360517251549816
3.322171283527559e-07,0.0001474262938845591
3.322216142656725e-07,0.0001452030030992176
3.322277113448992e-07,0.0001395059032945679
3.322299706672544e-07,0.0001412151615491981
3.322317206807219e-07,0.0001415743326928054
3.322334839271317e-07,0.0001387749217174384
3.322351210004462e-07,0.0001325408914129945
3.322372295117238e-07,0.000120273989284409
3.322388727603166e-07,0.000110536811860822
3.322400951800151e-07,0.0001052236029118559
3.322415867742798e-07,0.0001007803632905633
3.322429169758548e-07,9.735097707293215e-05
3.322442743981498e-07,9.378903264407564e-05
3.322457908148028e-07,8.969526411422443e-05
3.322481854847403e-07,8.34443311186441e-05
3.322517989512542e-07,7.612260594379483e-05
3.322551109432296e-07,7.206176455075737e-05
3.322590391545655e-07,6.931103042592519e-05
3.322647129680068e-07,6.69190060398292e-05
3.322732279471811e-07,6.451870390062849e-05
3.322862194796851e-07,6.297706455430272e-05
3.323062408478826e-07,6.520638998512076e-05
3.323230363305071e-07,6.810681215470044e-05
3.323298228683117e-07,6.877170879412018e-05
3.323346324722875e-07,6.841353299259319e-05
3.323394100976628e-07,6.730982683786689e-05
3.323441204649189e-07,6.562321802857908e-05
3.323495295341456e-07,6.326972939542033e-05
3.323531120337975e-07,6.213272810483965e-05
3.323566231989478e-07,6.16634935420331e-05
3.323611727016206e-07,6.193764073974803e-05
3.323655935554449e-07,6.28681248676468e-05
3.323725075141496e-07,6.453278226834703e-05
3.323816152404697e-07,6.583359458105989e-05
3.323906852306385e-07,6.570615857854538e-05
3.324000522981044e-07,6.448518941966668e-05
3.324082431583685e-07,6.669155499685148e-05
3.324142561809788e-07,7.814628975278083e-05
3.32420843223609e-07,9.248693565051694e-05
3.324264022285971e-07,9.654829867063933e-05
3.324312217731528e-07,9.828509558530219e-05
3.324366311472468e-07,0.0001359827864354637
3.324378034204633e-07,0.0001528985163500164
3.324391672383709e-07,0.0001735814074474433
3.324403763862381e-07,0.0001913436569995952
3.324420484499796e-07,0.0002219652843379499
3.3244378967088e-07,0.0002618704094851152
3.324451541477349e-07,0.0002722246100939428
3.324458926474908e-07,0.0002658033093191663
3.324466311472468e-07,0.0002592374191599641
3.324469200248498e-07,0.0002536327008092756
3.324473143836998e-07,0.000248204990219049
3.324476812527766e-07,0.0002446456454047334
3.324483308907263e-07,0.0002407136263986936
3.324492559837703e-07,0.0002409553498745789
3.324502175396349e-07,0.0002508043106932763
3.324512247821052e-07,0.0002693376931338517
3.324522427278581e-07,0.0002904471601499926
3.324533796445963e-07,0.0003087370399772276
3.32454234446197e-07,0.0003099611587951137
3.324552500838739e-07,0.000298065408455174
3.32456062246181e-07,0.0002981138753068625
3.324567589242998e-07,0.0003199168810926121
3.324575980696699e-07,0.0003627878520689444
3.324585528304676e-07,0.0004137638832349495
3.324595377089458e-07,0.0004570302829499385
3.324606264171861e-07,0.0004935507902513653
3.324618022547646e-07,0.0005257342623514548
3.324629514842127e-07,0.000537794676841887
3.324643548739884e-07,0.0005124049330802609
3.324654056087618e-07,0.0004722974991051044
3.324663309389946e-07,0.0004318444872073461
3.324675640103391e-07,0.0003789796273535122
3.324687525490937e-07,0.0003350962692740598
3.324698000311437e-07,0.0003079748049156897
3.324710195434636e-07,0.000286612290602715
3.324724893468512e-07,0.0002645374579011328
3.324737565329873e-07,0.0002456668634996811
3.3247512882605e-07,0.0002305880383846526
3.324768710857669e-07,0.0002344956328647827
3.324783525192559e-07,0.0002523637178530957
3.324794978195222e-07,0.0002615764933662714
3.324808770500704e-07,0.0002604936619688779
3.324821613518147e-07,0.000260124923329227
3.324832426194843e-07,0.0002656352147330985
3.324842634481562e-07,0.0002623159209296462
3.324853026304822e-07,0.0002468661450548636
3.32486368730038e-07,0.0002241599436435448
3.324872509579815e-07,0.0002037637812113414
3.324883418858146e-07,0.0001778526919960842
3.324895361540972e-07,0.000156365720485336
3.324909168742638e-07,0.000140994217400585
3.324921120892418e-07,0.0001308979357720683
3.324933803354226e-07,0.0001214511828423635
3.324947025012636e-07,0.0001126265705488373
3.324965117184096e-07,0.0001020322169122721
3.324991757212742e-07,8.905788868932533e-05
3.325043016219741e-07,7.091619817153273e-05
3.325089364990042e-07,6.131219454547421e-05
3.325140568239574e-07,5.678957215596519e-05
3.325194641631959e-07,5.542454329506111e-05
3.32525683792742e-07,5.508163332675157e-05
3.325314788627277e-07,5.49895793195447e-05
3.325381292989508e-07,5.492804334700056e-05
3.325466963612411e-07,5.486814444401014e-05
3.325588708208248e-07,5.480392073687438e-05
3.32577948945474e-07,5.47353641569414e-05
3.32612212754614e-07,5.466698229957117e-05
3.326741891872262e-07,5.461707683015265e-05
3.327462308004068e-07,5.459638892357071e-05
3.328340550102072e-07,5.458505174936587e-05
3.329423789439194e-07,5.457781536522237e-05
3.330976207040872e-07,5.457237712463305e-05
3.333402073151065e-07,5.456831805697917e-05
3.337289781137838e-07,5.456557277387548e-05
3.342703155571944e-07,5.456399541341255e-05
3.350375333331708e-07,5.456293476929749e-05
3.361354212292816e-07,5.456209000169944e-05
3.377382278028808e-07,5.456137490451088e-05
3.4e-07,5.456082747756097e-05
3.4005e-07,5.457933703001735e-05
3.400638226542581e-07,5.473869978499994e-05
3.400914679627742e-07,5.859510891500377e-05
3.400997515521939e-07,6.132098236023561e-05
3.40107065196282e-07,6.31813731694242e-05
3.401145055271922e-07,6.414384611051115e-05
3.401199291916949e-07,6.98876537986067e-05
3.401254298866687e-07,9.107971037426561e-05
3.401311177146365e-07,0.0001151962959479724
3.401365791053101e-07,0.0001224769450962856
3.401406328126878e-07,0.000117354349971783
3.401456184991803e-07,0.0001132399063725207
3.401477119512907e-07,0.0001199677057152823
3.401495011525386e-07,0.0001310933407082201
3.401514259131123e-07,0.0001458333403775075
3.401534625669096e-07,0.0001628886860469087
3.401554613912248e-07,0.000195415811175169
3.401574497421442e-07,0.0002274034429761414
3.401591769735353e-07,0.0002465679745826963
3.401605735595121e-07,0.000280665436493927
3.401621744384527e-07,0.0003386248791578389
3.401635748202405e-07,0.0003866540423999078
3.40165165067743e-07,0.0004214841518030854
3.401670387983845e-07,0.0004477846223611201
3.401687359940928e-07,0.0004669056045692187
3.401698432725864e-07,0.0004732576554171318
3.401710262470435e-07,0.0004767683560201196
3.401720225955958e-07,0.0004786675429017404
3.401733581566911e-07,0.0004775697264753612
3.401746820916634e-07,0.0004684748528365221
3.401758313853346e-07,0.0004541636631949152
3.401772076143659e-07,0.000431192246280501
3.401791756139768e-07,0.0003964730990536607
3.401806055433021e-07,0.000381021488209141
3.401821551120658e-07,0.0003750879331181304
3.401833566214048e-07,0.0003717071464789568
3.401845081754493e-07,0.0003634355289196863
3.401859824739561e-07,0.0003366345851342009
3.401870945880316e-07,0.0003045252152845817
3.401880097937122e-07,0.0002754825325538835
3.401888106718171e-07,0.0002515497585766244
3.401898830400006e-07,0.0002301782126532486
3.401908014049694e-07,0.0002214064837088238
3.401917134489641e-07,0.0002127294696530952
3.401926292153573e-07,0.0002050250462065736
3.401936547619583e-07,0.0001969927222644936
3.401949130347805e-07,0.0001872573938363787
3.401958248556559e-07,0.0001809285506220656
3.401969156471753e-07,0.0001741300786127653
3.401986187979089e-07,0.0001648460098438256
3.402e-07,0.0001582138721085351
3.402015789584238e-07,0.0001515251468905084
3.402036843909204e-07,0.0001434268155794543
3.402058487033429e-07,0.0001360493581275993
3.402095601299458e-07,0.0001250510364239565
3.402141130810045e-07,0.000113834377203616
3.40219234978459e-07,0.0001038819136373177
3.4022499432159e-07,9.532098329849009e-05
3.402320604916114e-07,8.704305771748875e-05
3.402414132108931e-07,7.827715172889817e-05
3.402512305588825e-07,7.192691529988218e-05
3.40265036857786e-07,6.813146754486719e-05
3.402747411210552e-07,6.796489656109577e-05
3.402816207124871e-07,6.809054834095113e-05
3.402867101504211e-07,6.773283899100476e-05
3.402918040251803e-07,6.667592792385304e-05
3.402958406810533e-07,6.545278691098891e-05
3.403004324806818e-07,6.376866586695821e-05
3.403067864663634e-07,6.153639838883028e-05
3.403113543422803e-07,6.067887294029786e-05
3.403160350697701e-07,6.04233344668396e-05
3.40320847083009e-07,6.060568289544114e-05
3.403289985925901e-07,6.128980911746792e-05
3.403384873430801e-07,6.196950825442972e-05
3.403484826859629e-07,6.214785532946485e-05
3.403594860547865e-07,6.174976003459282e-05
3.403713411945731e-07,6.084926374062646e-05
3.403864716001484e-07,6.160707136579005e-05
3.403948044777869e-07,6.988099228653192e-05
3.404052159048289e-07,8.360600451308737e-05
3.40412638629079e-07,8.723486895955934e-05
3.404155110368788e-07,8.763009342838584e-05
3.404212558524784e-07,9.652565937519643e-05
3.404250990496896e-07,0.0001217767398455932
3.404295585363075e-07,0.0001621041717385109
3.404327110850819e-07,0.000174288835127927
3.404351361780889e-07,0.0001901509965494413
3.404364271132525e-07,0.0002500328740609653
3.404382243259214e-07,0.0004049020418325368
3.404394964375235e-07,0.0005158973507546888
3.404409795073792e-07,0.0005906945607735668
3.404419048954032e-07,0.0006520757062445323
3.404430194892676e-07,0.0007428779357735582
3.404439341917811e-07,0.0007797366562533592
3.40444734349905e-07,0.0007657881072341658
3.40445482738395e-07,0.0007189616090977091
3.404466333322273e-07,0.0006060561673849616
3.404470452802344e-07,0.000564550341493126
3.404475594663916e-07,0.0005156906688309737
3.404482516776859e-07,0.0004597860247138148
3.404491153505079e-07,0.0004055473303830492
3.404500194259998e-07,0.0003627295982121741
3.404509141176723e-07,0.0003347157607984749
3.404518259353942e-07,0.0003209965774467163
3.404528696826909e-07,0.0003157131984564706
3.404541525492296e-07,0.0003066581988597009
3.40455496482914e-07,0.0002832843279107876
3.404570650880794e-07,0.0002402679810413428
3.404587843995715e-07,0.0001866653140776388
3.404604196868755e-07,0.0001375546255191588
3.40462129997549e-07,9.638152210813854e-05
3.404636696830649e-07,7.348791235268401e-05
3.404654063475495e-07,6.150166365284562e-05
3.404671965340065e-07,5.727604418513529e-05
3.404691579015951e-07,5.587920382581414e-05
3.404711446577305e-07,5.544344684437765e-05
3.404735135335338e-07,5.525578505200308e-05
3.40476476618831e-07,5.515049847566148e-05
3.404805801188109e-07,5.505913811149471e-05
3.404857505824221e-07,5.497170384919558e-05
3.404928302303708e-07,5.487999038864296e-05
3.405032856459374e-07,5.478429351454367e-05
3.405219956074375e-07,5.468362927005555e-05
3.405511339557135e-07,5.461510754524057e-05
3.405852622358822e-07,5.458745219662403e-05
3.406264135311943e-07,5.457647859858982e-05
3.406769435438714e-07,5.457154624022421e-05
3.407438269014243e-07,5.456852314571991e-05
3.408352822929889e-07,5.456631974502613e-05
3.409710996498856e-07,5.456457348491567e-05
3.411956157616628e-07,5.456314639377752e-05
3.415159234934036e-07,5.456218493403848e-05
3.41968251503068e-07,5.456152799664446e-05
3.426084219606062e-07,5.456107339438565e-05
3.435383217862356e-07,5.456075411185771e-05
3.448885087770739e-07,5.456053009159802e-05
3.468380414431461e-07,5.45603642822146e-05
3.496503620297253e-07,5.456022901983645e-05
3.52e-07,5.456015394908334e-05
3.5205e-07,5.462112775703878e-05
3.520638226542581e-07,5.505044841143781e-05
3.520788960324319e-07,5.694269326823892e-05
3.520863549771275e-07,5.888607118782272e-05
3.52093283269525e-07,6.113780490432422e-05
3.521013865012651e-07,6.310792953235169e-05
3.521082421383407e-07,6.36248410853213e-05
3.521130768926574e-07,6.767366291268155e-05
3.521179657053246e-07,8.362135559023044e-05
3.521231479205527e-07,0.0001057343421633358
3.521276533224367e-07,0.0001148600072743839
3.521320575277727e-07,0.0001315119013815923
3.521360808607057e-07,0.0002525534427115459
3.521391641747915e-07,0.0003818644959591757
3.521415306438561e-07,0.0004481082842382438
3.521444251549911e-07,0.0005012365142010625
3.521459333325051e-07,0.0005431678521210783
3.521469186264481e-07,0.0005688750348010942
3.521481034992484e-07,0.0005800061673765756
3.52148973614873e-07,0.0005701125712324549
3.521503908020744e-07,0.0005297818208884194
3.521514377904409e-07,0.0004859103731905553
3.521522403525353e-07,0.0004534717374578813
3.521529259660204e-07,0.000430309877361431
3.521542971929907e-07,0.0003915153358860646
3.521553331323901e-07,0.000364537308119529
3.521562996629622e-07,0.0003397613431300879
3.521573031819482e-07,0.0003137698006952749
3.521587340969912e-07,0.0002762745716326459
3.521605141635741e-07,0.0002308183519798577
3.521627066305954e-07,0.0001823290553478654
3.5216515513056e-07,0.0001463354349380292
3.521679468142223e-07,0.0001257464233206183
3.521702537452275e-07,0.0001156924678349861
3.521726117944063e-07,0.0001084260043886318
3.521743906390819e-07,0.0001040776088327598
3.521762534558919e-07,0.0001000935121533108
3.521790711087268e-07,9.476981323976972e-05
3.521822171637952e-07,9.018506483914849e-05
3.521847045489013e-07,8.779468339233962e-05
3.521882277445509e-07,8.560286148754456e-05
3.52190879531577e-07,8.475428568377114e-05
3.521950519179931e-07,8.517374201153585e-05
3.522e-07,9.010434505384078e-05
3.522033718746449e-07,9.740292199039698e-05
3.522074984814407e-07,0.0001119583491153765
3.522116200412588e-07,0.0001297153861394381
3.522168400144108e-07,0.0001458436558457892
3.522213370006114e-07,0.0001466999433425511
3.522250767420468e-07,0.0001416346989217494
3.522294127138892e-07,0.0001398591176639306
3.522313850188319e-07,0.0001414728058372575
3.522336806309351e-07,0.0001405103369616889
3.522354531894406e-07,0.0001354878812486064
3.52237946697563e-07,0.0001220825307196462
3.522397640460685e-07,0.0001111130967571039
3.522410684924442e-07,0.0001052762795518899
3.522424552457179e-07,0.000101068008895579
3.522436814423031e-07,9.788610427857365e-05
3.522450303180056e-07,9.436685760379711e-05
3.522465279465457e-07,9.03343533188114e-05
3.522486416590548e-07,8.472191011536838e-05
3.522521140742927e-07,7.718676800249176e-05
3.522553637702977e-07,7.271795532903524e-05
3.52259145994649e-07,6.973589732923428e-05
3.522642950799919e-07,6.735773263587234e-05
3.522721940210098e-07,6.494996781639013e-05
3.522841146900418e-07,6.314127202070388e-05
3.523018698268713e-07,6.444846389801332e-05
3.523191628691676e-07,6.758320019880718e-05
3.523272593021247e-07,6.860344134190056e-05
3.523322460667622e-07,6.870661317669409e-05
3.523379874287596e-07,6.771042647703334e-05
3.523441519645839e-07,6.560497762571164e-05
3.523486386183716e-07,6.363244804612059e-05
3.523521206732784e-07,6.237099205549551e-05
3.523556938566093e-07,6.172351243215985e-05
3.523598162810158e-07,6.176703528872434e-05
3.523638225180912e-07,6.246045715062212e-05
3.523699320832025e-07,6.395739462475519e-05
3.523790555705732e-07,6.56217853939846e-05
3.523878471722141e-07,6.587586939154312e-05
3.523963242113613e-07,6.506143683591864e-05
3.524046358989568e-07,6.444772665733274e-05
3.524114321993142e-07,7.178636708490829e-05
3.524191041796704e-07,8.920335953920374e-05
3.524246221723049e-07,9.543332823539086e-05
3.524321529924466e-07,0.000100774485722127
3.524361037567724e-07,0.0001310707745793955
3.524372964097415e-07,0.0001450295523708169
3.524385977353265e-07,0.0001612024742412477
3.524396364124198e-07,0.0001740171654490969
3.524413797986913e-07,0.0002384531343411733
3.524424818058504e-07,0.0003529706193449371
3.524437100562576e-07,0.0005104194759963835
3.524447108843295e-07,0.0006001908608596475
3.524454873260724e-07,0.000623835768326574
3.524461037567724e-07,0.0006172847155458225
3.524463549032546e-07,0.0005840491320180389
3.524467188739455e-07,0.0005420299581686734
3.524470494321253e-07,0.0005079846950680845
3.52447710548485e-07,0.000444585673193723
3.524485833144392e-07,0.0003780831573921687
3.524493062250214e-07,0.0003543224274763965
3.524501976433649e-07,0.000362246387973899
3.52451114100115e-07,0.0003831609339561624
3.524520101226604e-07,0.0003878504044627434
3.524529970878727e-07,0.0003651589562549769
3.524542278352816e-07,0.0003080161445397473
3.524553402172728e-07,0.0002716935407059395
3.524563420297698e-07,0.000293162649870748
3.524572999695733e-07,0.0003435409410805265
3.524583228935158e-07,0.0004039942490913498
3.524591080070573e-07,0.000440000165567695
3.524601687419904e-07,0.0004690210056733568
3.524612264782328e-07,0.0004854083088438563
3.524624740009094e-07,0.0004846445948377859
3.524638103941098e-07,0.0004599558690846604
3.524647736060603e-07,0.0004342268605969361
3.524657491306931e-07,0.0004099080925238276
3.524668937203639e-07,0.0003859315222306618
3.524677923999818e-07,0.0003670116163089891
3.524688303076227e-07,0.0003482669189538362
3.524696636357311e-07,0.000336620588395492
3.524705123165195e-07,0.0003258726678352314
3.524717066618457e-07,0.0003115335863748323
3.524729810248158e-07,0.0002992390980255981
3.524743626539069e-07,0.0002950550477297948
3.524759467567951e-07,0.0003056882934917405
3.524780216455341e-07,0.0003357580055919059
3.524800196140598e-07,0.000359585006401674
3.52481607861385e-07,0.0003577297710667433
3.524830729089707e-07,0.0003394771707432959
3.524849430114651e-07,0.0003159830354057941
3.52485895950123e-07,0.0003156533415195302
3.524868417120194e-07,0.0003207823150492129
3.524880188613145e-07,0.0003314518004295047
3.524896992295889e-07,0.0003559373736775764
3.52491112182491e-07,0.0004067005696254107
3.524925809090042e-07,0.0004765705917985407
3.524938552697569e-07,0.0005233080359251043
3.524948359333933e-07,0.0005747767858193069
3.524959595358533e-07,0.0006630962939191946
3.524971118870042e-07,0.0007414576359985411
3.524982375089584e-07,0.000774992298743168
3.52499349317269e-07,0.0007691491701090009
3.525006271480643e-07,0.0007517627004621336
3.525018506721641e-07,0.0007673102875207387
3.525027494082407e-07,0.0008055185490989056
3.52503644066574e-07,0.0008557804328017647
3.52504950888273e-07,0.0009118232618562105
3.525062127424788e-07,0.0009222559846064558
3.525074556948105e-07,0.0008908086289787912
3.525087804329291e-07,0.0008226373410727974
3.525104633513133e-07,0.0007078189256763632
3.525125455069226e-07,0.0005583407490185402
3.525144949156275e-07,0.0004344415546656998
3.525167652213221e-07,0.0003194158466608734
3.525196607597875e-07,0.0002141671967336143
3.5252329010061e-07,0.0001414422364249947
3.525268935368319e-07,0.0001137223749543338
3.52530616873851e-07,0.0001046072868442259
3.525345305492918e-07,0.0001013734019625517
3.525388078077114e-07,9.960588816071994e-05
3.525438688594531e-07,9.800547317574737e-05
3.525504368649414e-07,9.608741905398692e-05
3.525596965403516e-07,9.348117144708681e-05
3.52573878449834e-07,8.96519350538447e-05
3.525976286058332e-07,8.36578864237113e-05
3.526423577287979e-07,7.384720506045653e-05
3.527015427817893e-07,6.425144320051136e-05
3.527816576825442e-07,5.746442849319627e-05
3.528771872707476e-07,5.505483920571786e-05
3.529944458219442e-07,5.460994570705454e-05
3.530947511588368e-07,5.457501055566106e-05
3.532066106947994e-07,5.4569768057999e-05
3.533510260544323e-07,5.456757543571132e-05
3.535617625523888e-07,5.456577443681982e-05
3.539230515150011e-07,5.456413544884803e-05
3.545911296472146e-07,5.456276350211422e-05
3.55552824019668e-07,5.456184010132927e-05
3.56897713931753e-07,5.456112755353937e-05
3.584488569658766e-07,5.456065430305985e-05
3.6e-07,5.456037491901545e-05
3.600500000000001e-07,5.457888400719408e-05
3.600638226542581e-07,5.473824654130118e-05
3.600914679627742e-07,5.859466193470676e-05
3.600997513376402e-07,6.132046510513496e-05
3.601070650228113e-07,6.318089923372831e-05
3.60114505375527e-07,6.414335634317808e-05
3.601199290830445e-07,6.988692887195007e-05
3.601254298205694e-07,9.107890461424866e-05
3.601311176877363e-07,0.000115195742304569
3.601365790649002e-07,0.0001224765136730147
3.601406327754451e-07,0.0001173539810728279
3.601456184333641e-07,0.0001132393494666541
3.60147711880229e-07,0.0001199668889075554
3.601495010810523e-07,0.0001310923510282292
3.601514258556505e-07,0.0001458324288024779
3.601534624591408e-07,0.0001628870372769209
3.601554613164224e-07,0.000195413837817189
3.601574496413058e-07,0.0002274018187566717
3.601591769161226e-07,0.0002465665427680318
3.601605734923429e-07,0.0002806626893316586
3.601621743977565e-07,0.0003386227440513174
3.601635747730367e-07,0.0003866520718997555
3.601651650175449e-07,0.0004214828985026822
3.601670387241095e-07,0.0004477830823473411
3.60168735923967e-07,0.0004669045880752686
3.601698432208849e-07,0.0004732570244303604
3.601710262169822e-07,0.000476767877530501
3.601720225589822e-07,0.0004786670796654211
3.60173358122245e-07,0.0004775694613827577
3.601746820770382e-07,0.0004684746328385599
3.601758313696302e-07,0.0004541635406003641
3.60177207586898e-07,0.0004311923997987788
3.60179175582158e-07,0.0003964732007384836
3.601806055262746e-07,0.0003810211845980858
3.601821551137829e-07,0.0003750874766328008
3.601833566289186e-07,0.000371706665220205
3.601845081826641e-07,0.0003634350317788084
3.601859824823487e-07,0.0003366340368352358
3.601870945966394e-07,0.0003045246533416868
3.601880098012392e-07,0.0002754820229490611
3.601888106798039e-07,0.0002515492788074018
3.601898830508236e-07,0.0002301779969688035
3.601908014140414e-07,0.0002214067274884524
3.601917134591469e-07,0.0002127305863250797
3.601926292243392e-07,0.0002050275641438756
3.601936547731933e-07,0.0001969970151276895
3.601949130367763e-07,0.0001872637254717582
3.601958248578955e-07,0.0001809359439234146
3.601969156485214e-07,0.0001741382823282232
3.601986188029363e-07,0.0001648545181590519
3.602000000000001e-07,0.0001582220015279498
3.602015789572123e-07,0.0001515321725538381
3.602036843878448e-07,0.0001434320948948696
3.602058486975928e-07,0.0001360525623340396
3.602095601201108e-07,0.0001250508401664308
3.602141130695428e-07,0.0001138312364270184
3.602192349625667e-07,0.0001038772960736152
3.602249942997839e-07,9.531569190078437e-05
3.602320604606207e-07,8.70371466456768e-05
3.60241413172022e-07,7.827094161410768e-05
3.602512305252064e-07,7.192208121717932e-05
3.602650375241331e-07,6.81297574625628e-05
3.602747418187279e-07,6.796478153987553e-05
3.602816211237482e-07,6.809092238628598e-05
3.602867105255525e-07,6.773332776716852e-05
3.60291804282814e-07,6.66764367320633e-05
3.602958410480198e-07,6.545322640267741e-05
3.6030043290842e-07,6.376900416743867e-05
3.603067870027693e-07,6.153665573216488e-05
3.603113547222781e-07,6.067913833231319e-05
3.603160357715681e-07,6.042355853040705e-05
3.603208478523941e-07,6.060587597226884e-05
3.603289997522716e-07,6.128993571577165e-05
3.603384884861787e-07,6.19694772251391e-05
3.603484840006861e-07,6.214767246061754e-05
3.603594874490904e-07,6.174944222208174e-05
3.603713427813544e-07,6.084884968095167e-05
3.603864726596622e-07,6.160710888941392e-05
3.603948271759736e-07,6.991668355556133e-05
3.604052482010028e-07,8.368353169538988e-05
3.60412690290804e-07,8.696250943602238e-05
3.604163826847785e-07,8.682600990048181e-05
3.604237674727276e-07,0.000111728724517299
3.6042742818966e-07,0.0001514047467997726
3.604316182377821e-07,0.0001945644014328664
3.604348417812312e-07,0.000208049950758988
3.604361581935692e-07,0.0002340955235678332
3.604374030312758e-07,0.0002960051333523305
3.604388830486645e-07,0.0004078859724000594
3.604402255055175e-07,0.0005079304624653683
3.604416984444739e-07,0.0005730112860381429
3.60442627460591e-07,0.0006215089922491139
3.604438013849249e-07,0.0006968385030857412
3.604447594703783e-07,0.0007266210578606693
3.604455671032449e-07,0.0007125749240242309
3.604463347986687e-07,0.0006694932266493845
3.604473737267073e-07,0.0005786204341959144
3.604477905488987e-07,0.0005423700977970804
3.604482952297992e-07,0.000501599946269911
3.604489397137236e-07,0.0004585282413651844
3.604497969810436e-07,0.0004177159259458937
3.604507041330118e-07,0.0003864590106838471
3.604516226583847e-07,0.0003610006716705095
3.604525193559752e-07,0.0003396729958190867
3.604535275193175e-07,0.0003161587070782492
3.604547450377678e-07,0.0002839943726547563
3.604560646649957e-07,0.0002499490819564687
3.604574188171794e-07,0.0002230750584542968
3.604584630823485e-07,0.0001975972452652732
3.604596541779976e-07,0.0001592476243866442
3.60460781081842e-07,0.0001274704157237876
3.604615971740777e-07,0.0001129585700153436
3.604625415575453e-07,0.0001017294218006797
3.604636255429813e-07,9.310036969464341e-05
3.604644486130538e-07,9.422447767720786e-05
3.604652025482275e-07,9.832372058635365e-05
3.604660973030138e-07,0.0001013946732800922
3.604674110005918e-07,0.0001015275608839876
3.604684795872607e-07,9.942340817621193e-05
3.6046974361398e-07,9.59912528089251e-05
3.604712955427692e-07,9.122813100907043e-05
3.604735059443775e-07,8.473123581195744e-05
3.604758415458229e-07,8.36264098259174e-05
3.604782652839418e-07,8.999880007127991e-05
3.60480048235273e-07,9.203176102546762e-05
3.604822405570821e-07,8.832752826598778e-05
3.604845068998672e-07,9.160641162938927e-05
3.604863255590622e-07,0.0001064711656850882
3.604876326852015e-07,0.0001082251477245779
3.604889576249498e-07,0.0001006695252958346
3.604903269183677e-07,0.0001050223307991649
3.604914011864733e-07,0.0001216819126214317
3.60492383696836e-07,0.0001342448919972621
3.604933932447897e-07,0.0001410467160365098
3.604944947654554e-07,0.0001420948724955359
3.604959849650369e-07,0.0001373724447631855
3.604971234232435e-07,0.0001318776994227801
3.604984487452543e-07,0.0001251355504350481
3.605001467843368e-07,0.0001166538494730109
3.605028203062395e-07,0.0001041396776167195
3.605064314683832e-07,8.913096235369991e-05
3.605114527266728e-07,7.232599544089896e-05
3.605178435804842e-07,5.963627258103849e-05
3.605242665493692e-07,5.554900322534817e-05
3.605292523568064e-07,5.487103402366431e-05
3.605355754564163e-07,5.469422757551157e-05
3.605413789347972e-07,5.465906459037518e-05
3.605486302166335e-07,5.463920079231186e-05
3.605580220327943e-07,5.462244429945954e-05
3.605719979961333e-07,5.460591020064476e-05
3.605941192766998e-07,5.459090194724199e-05
3.606372442670273e-07,5.457819732073675e-05
3.606967033166548e-07,5.457183656931317e-05
3.607730015590665e-07,5.456827080481537e-05
3.608735028846977e-07,5.456589622096093e-05
3.610255165576658e-07,5.456407398503585e-05
3.612592010124623e-07,5.456272027256874e-05
3.615896855120586e-07,5.456180485905916e-05
3.620579283085964e-07,5.456116883777295e-05
3.627277172903363e-07,5.45607199815476e-05
3.636998168512109e-07,5.456040144803966e-05
3.651066709007071e-07,5.456017448340482e-05
3.671369900320897e-07,5.456000487162717e-05
3.695684950160449e-07,5.455988840258117e-05
3.72e-07,5.455981301223496e-05
3.720500000000001e-07,5.462078692165578e-05
3.720638226542581e-07,5.505010809767517e-05
3.720788958776817e-07,5.694230316961755e-05
3.720863550058736e-07,5.888573884594119e-05
3.720932832248665e-07,6.113744989630633e-05
3.721013864551951e-07,6.310758185196748e-05
3.721082420806086e-07,6.362449035223237e-05
3.721130769124944e-07,6.767335376025709e-05
3.721179657844901e-07,8.362138720253527e-05
3.721231480343794e-07,0.0001057349503611422
3.721276534784985e-07,0.0001148970149604357
3.721320577660427e-07,0.0001324520942813834
3.721360813089996e-07,0.0002555087829363483
3.721391664959546e-07,0.0003858592084572791
3.721415327293558e-07,0.0004524337083814106
3.721444213571077e-07,0.0005056790313512648
3.721459266287465e-07,0.000547687652505138
3.721469126481016e-07,0.00057359183245586
3.721480976047315e-07,0.0005849899666171246
3.721489689244409e-07,0.0005748585475420305
3.721503829906963e-07,0.0005337613198033932
3.721514163166158e-07,0.0004899853208509715
3.721522311657341e-07,0.0004566701261402735
3.721529100048882e-07,0.0004334342399752659
3.721542676831964e-07,0.0003945316973744351
3.721553102001285e-07,0.0003671020011826495
3.721562728692533e-07,0.000342188547346172
3.721572750766853e-07,0.0003159777438240777
3.721586886212593e-07,0.0002785677816400982
3.7216046474786e-07,0.000232578631084407
3.721626292505396e-07,0.0001839519784007667
3.721650427957056e-07,0.0001476278500209713
3.721678218030383e-07,0.000126631414818343
3.721701155455317e-07,0.0001164402670245534
3.721724941403133e-07,0.0001090186031297222
3.721742599261662e-07,0.0001046709293313548
3.721761064921558e-07,0.0001006932021568411
3.721789128330642e-07,9.534177057858069e-05
3.721820359860473e-07,9.06866671758697e-05
3.721845628487758e-07,8.819642726272682e-05
3.721878120620173e-07,8.605833682825956e-05
3.72190428774601e-07,8.502500311385246e-05
3.721944514523467e-07,8.475152915499627e-05
3.722000000000001e-07,8.870569500251814e-05
3.722034464018579e-07,9.508653902688568e-05
3.722077402658858e-07,0.000108984505222951
3.722120637421556e-07,0.0001273994011653431
3.722175419456607e-07,0.0001452743692271671
3.722221115724433e-07,0.0001469044297821058
3.722263195404321e-07,0.0001413011481624315
3.722307620561618e-07,0.0001400718579916087
3.722327588700372e-07,0.0001415394181886021
3.722349851100806e-07,0.0001398043738975651
3.722368370008499e-07,0.0001336862729180815
3.722391198479839e-07,0.0001207796036884393
3.722408677722017e-07,0.0001103956375706862
3.722421256091031e-07,0.0001049576002201289
3.722435822635978e-07,0.0001006284243264171
3.722449242776193e-07,9.71626957053689e-05
3.72246289610006e-07,9.357416807440462e-05
3.722478139584093e-07,8.945461946667659e-05
3.722501989887883e-07,8.323205337565351e-05
3.722537934288866e-07,7.595844005874684e-05
3.722571052556557e-07,7.190072017498514e-05
3.722610407315484e-07,6.915083418576905e-05
3.722667257935444e-07,6.677352318382709e-05
3.722752601434214e-07,6.444486652577391e-05
3.722882581186066e-07,6.31326764037155e-05
3.723083412816513e-07,6.564632327293547e-05
3.723246652151956e-07,6.831010036742008e-05
3.723310671208466e-07,6.876078030640207e-05
3.723363883812703e-07,6.80738517852404e-05
3.723413659695252e-07,6.665167364042566e-05
3.723457573856379e-07,6.489984913673748e-05
3.723518321194195e-07,6.244949334555977e-05
3.723561824705141e-07,6.168418777252131e-05
3.723603037010225e-07,6.182541245130698e-05
3.723647186729653e-07,6.267416768033482e-05
3.723709684618209e-07,6.420686069036399e-05
3.723801992770442e-07,6.573692622764281e-05
3.723890425673636e-07,6.581383956119813e-05
3.723980879411032e-07,6.478388013042447e-05
3.724062016123244e-07,6.509011541908613e-05
3.724126613954459e-07,7.461984366636837e-05
3.724200507744301e-07,9.1877935211041e-05
3.724256870097202e-07,9.784865541205773e-05
3.724333843710836e-07,0.0001042968765027614
3.724375463556752e-07,0.0001465143658193899
3.72438844985822e-07,0.000169787267621187
3.724401892098224e-07,0.0001965679018874982
3.724412681927177e-07,0.0002185232196442627
3.724429375318831e-07,0.0002656145510993389
3.72444047810148e-07,0.0003145930793700757
3.724452462651719e-07,0.0003633546079801913
3.724462697047723e-07,0.0003801512855833725
3.724469080302238e-07,0.0003776100358408414
3.724475463556752e-07,0.000371018107801578
3.724478002719831e-07,0.0003602417270247588
3.724481590064336e-07,0.0003472626055597582
3.724484944133139e-07,0.0003367779288056563
3.724491242094666e-07,0.0003198367023949953
3.72450026156046e-07,0.0003025015347561598
3.724509860202086e-07,0.0002965719230384746
3.724519824316355e-07,0.000303802632813418
3.724529309048602e-07,0.0003130430349730117
3.724540395270363e-07,0.0003119165519881058
3.724555060200027e-07,0.0002833582572058343
3.72456730001647e-07,0.0002510291595834478
3.72457767601416e-07,0.0002519272286855682
3.724586008654903e-07,0.0002785807853694349
3.724595734386927e-07,0.0003199043962271202
3.724602546408582e-07,0.0003477600045736133
3.724609531157926e-07,0.0003695427696388132
3.7246189543587e-07,0.0003830442011435634
3.724630207615259e-07,0.0003876029420972424
3.724640628562068e-07,0.0003857535986100238
3.724652300260479e-07,0.0003734355266120141
3.724663119900976e-07,0.0003559505144586934
3.724671830743033e-07,0.0003413978722319242
3.724684473417312e-07,0.0003223856275942259
3.724697828867236e-07,0.0003020719463469503
3.72470827730252e-07,0.0002861552500336822
3.724719828644138e-07,0.0002688365595090879
3.724737954537277e-07,0.0002426965940207578
3.724771052296764e-07,0.0002142044696277169
3.724797739657097e-07,0.0002280124268511648
3.724819606938683e-07,0.0002446310186322397
3.724837007690241e-07,0.0002388887779270462
3.724851805671757e-07,0.00021773564398383
3.724865058426987e-07,0.0001950517732937303
3.724873768135181e-07,0.0001838436186079324
3.724883043877962e-07,0.0001731025739942298
3.724893518034592e-07,0.0001562509158257602
3.724906324836957e-07,0.000133718114215156
3.724919402608984e-07,0.0001237664060651825
3.724931294916926e-07,0.0001351045699506634
3.724944117291089e-07,0.0001462692166926183
3.724953351366381e-07,0.0001495946453816961
3.724965726212494e-07,0.0001486381596188975
3.724980690826405e-07,0.0001423037051701258
3.724992977204429e-07,0.0001354685138343682
3.725006675134639e-07,0.0001276468732857521
3.725024090533233e-07,0.0001181368567008156
3.725049225214385e-07,0.0001055768493584391
3.725088158207833e-07,8.864699533888208e-05
3.725137549224347e-07,7.130969191067219e-05
3.725193573814989e-07,5.956980581086e-05
3.725249103875027e-07,5.580082888488834e-05
3.725302875995555e-07,5.505168881982099e-05
3.725359048400555e-07,5.490099571429917e-05
3.725413878708988e-07,5.485047109091744e-05
3.725481651529867e-07,5.480767486476775e-05
3.725570901100311e-07,5.476315256615217e-05
3.725710960289981e-07,5.471081759745636e-05
3.725941165657206e-07,5.465530378113272e-05
3.726401576391657e-07,5.460269308257616e-05
3.727031725159817e-07,5.457903354973959e-05
3.727828431099771e-07,5.457005584942842e-05
3.728783081665881e-07,5.456616203849725e-05
3.730051134531118e-07,5.456386702861926e-05
3.731894240124734e-07,5.456241164057477e-05
3.73503713673316e-07,5.45615673126726e-05
3.739469591078715e-07,5.456129418404489e-05
3.745779897051786e-07,5.456119816774028e-05
3.754725139090519e-07,5.45610507327518e-05
3.767789600670035e-07,5.456079274368717e-05
3.786821508568098e-07,5.456049488068976e-05
3.800000000000001e-07,5.456035393893769e-05
3.800500000000001e-07,5.45788756332156e-05
3.800638226542581e-07,5.473823259780351e-05
3.800914679627742e-07,5.859465064184302e-05
3.800997512865981e-07,6.132043532724221e-05
3.801070649805187e-07,6.318088323731693e-05
3.80114505337596e-07,6.414333531176039e-05
3.80119929057659e-07,6.988685359944167e-05
3.801254298047924e-07,9.10788089737301e-05
3.801311176811036e-07,0.000115195706408403
3.801365790550778e-07,0.0001224765078455272
3.801406327663622e-07,0.0001173539907228941
3.801456184173976e-07,0.0001132393140413794
3.801477118629395e-07,0.0001199667902411326
3.801495010636588e-07,0.0001310922104087574
3.801514258416308e-07,0.0001458323040060588
3.801534624330031e-07,0.0001628867311903354
3.801554612982493e-07,0.0001954134483169171
3.8015744961684e-07,0.0002274015081770427
3.801591769021343e-07,0.0002465662752004787
3.801605734760022e-07,0.0002806621024540382
3.801621743878045e-07,0.0003386223037432776
3.801635747615152e-07,0.000386651671464994
3.801651650053037e-07,0.0004214826731810449
3.80167038706064e-07,0.000447782793724229
3.801687359069239e-07,0.0004669044334800883
3.80169843208287e-07,0.0004732569682971964
3.80171026209605e-07,0.0004767678630991923
3.80172022550025e-07,0.000478667071576989
3.801733581138115e-07,0.0004775695020071322
3.801746820733858e-07,0.0004684746836227259
3.801758313657178e-07,0.0004541636143121171
3.801772075801487e-07,0.0004311925403521137
3.801791755744862e-07,0.0003964733301586371
3.801806055216686e-07,0.0003810212242959717
3.801821551129103e-07,0.000375087478216087
3.801833566292882e-07,0.0003717066590219475
3.801845081828799e-07,0.0003634350257644033
3.801859824832739e-07,0.0003366340214464874
3.801870945976997e-07,0.0003045246384961554
3.801880098020992e-07,0.000275482023631365
3.801888106807835e-07,0.000251549280271025
3.801898830525526e-07,0.0002301779814920777
3.801908014153076e-07,0.0002214067191630293
3.801917134607098e-07,0.0002127305757378523
3.801926292259191e-07,0.000205027555134116
3.801936547748635e-07,0.000196997007536288
3.801949130383786e-07,0.0001872637212058948
3.801958248595123e-07,0.0001809359416193322
3.801969156501784e-07,0.0001741382820523983
3.801986188048574e-07,0.0001648545196159196
3.802e-07,0.0001582220138937765
3.802015789569407e-07,0.0001515321868309657
3.802036843867632e-07,0.0001434321128883335
3.802058486955491e-07,0.0001360525834111961
3.802095601169854e-07,0.0001250508626850793
3.802141130661836e-07,0.0001138312557766713
3.80219234958594e-07,0.0001038773118499107
3.802249942949132e-07,9.531570519007566e-05
3.802320604539252e-07,8.703715997093612e-05
3.802414131623972e-07,7.827095475563579e-05
3.802512305159522e-07,7.192209182752793e-05
3.802650375101396e-07,6.812976508514731e-05
3.802747417954052e-07,6.796478638460849e-05
3.802816211063588e-07,6.809092603328104e-05
3.802867105091472e-07,6.773333469538666e-05
3.802918042701117e-07,6.667644409219308e-05
3.80295841031352e-07,6.545323642793531e-05
3.803004328894016e-07,6.376901340892059e-05
3.803067869795792e-07,6.153666183993771e-05
3.80311354705584e-07,6.067913822644842e-05
3.803160357414679e-07,6.042355426896792e-05
3.803208478193273e-07,6.060586604217674e-05
3.803289997057662e-07,6.128991503116769e-05
3.803384884376084e-07,6.196944481051277e-05
3.803484839457763e-07,6.214762496707505e-05
3.8035948739208e-07,6.174938059644465e-05
3.803713426829497e-07,6.084876461353493e-05
3.803864723230268e-07,6.160682052696825e-05
3.803948327343052e-07,6.992634707535262e-05
3.80405257802605e-07,8.37237617281823e-05
3.80412704203849e-07,8.740150792687395e-05
3.8041559775353e-07,8.784379268649682e-05
3.804213848528919e-07,9.885438407276906e-05
3.804253567295229e-07,0.0001309431555462921
3.80429895464588e-07,0.0001837138672615139
3.804331592582382e-07,0.0002057650087409656
3.804356799728466e-07,0.0002238317037054952
3.804370236647442e-07,0.0002770292770524683
3.804383468301469e-07,0.0003692042739617382
3.804396763643822e-07,0.0004757201562057085
3.804411064348885e-07,0.0005549501826589225
3.804428258594176e-07,0.0006388688875827095
3.804440623221097e-07,0.0007123219876781731
3.804450891224532e-07,0.0007260709620607824
3.804459409616347e-07,0.0006943363820851971
3.804467336623301e-07,0.0006343103391650035
3.804473599876571e-07,0.0005774291778887326
3.804480420295191e-07,0.000519882693153371
3.80448535360864e-07,0.0004830551083750174
3.804494328322569e-07,0.0004329930121975592
3.804503603574021e-07,0.0003976909297266797
3.804512870694059e-07,0.0003702361433300491
3.804521786065286e-07,0.0003481062973356204
3.804531363908136e-07,0.0003260112687746777
3.80454269054158e-07,0.0002974267705985444
3.804555853638783e-07,0.000258658025051655
3.804569952966726e-07,0.0002151287058223589
3.804580958147085e-07,0.000181155895599842
3.804591917053046e-07,0.000148218068694221
3.804599681896728e-07,0.0001288444819084316
3.8046082081646e-07,0.0001146422556224465
3.804616492898218e-07,0.0001070846368247355
3.804625493621215e-07,0.0001003695412313366
3.804633079308761e-07,9.439895410391984e-05
3.804641590351169e-07,9.285625240202518e-05
3.804648530390015e-07,9.645704191131777e-05
3.804656987703887e-07,0.0001006349227896576
3.804667253250342e-07,0.0001023675349433245
3.804677515221809e-07,0.0001013450750865078
3.804688860520508e-07,9.875599940291691e-05
3.80470210554427e-07,9.494560863748577e-05
3.804719969948125e-07,8.934653957971613e-05
3.804742617618945e-07,8.357325215560948e-05
3.804766637289127e-07,8.564045251185661e-05
3.804790115291021e-07,9.293553558413975e-05
3.804810643850979e-07,9.539973505028896e-05
3.804834437070406e-07,9.225887410525133e-05
3.804859310821901e-07,9.60597342178584e-05
3.804880693786462e-07,0.0001229813033341125
3.80489744004194e-07,0.0001373665560334674
3.80491131995213e-07,0.0001324678381361638
3.804929114995365e-07,0.0001376900570827381
3.804941736445527e-07,0.0001759903710394401
3.804953325922885e-07,0.0002085440364652075
3.804965341165781e-07,0.0002251560812793324
3.804976363095627e-07,0.0002262256972401229
3.804988011613456e-07,0.0002187391166323867
3.80499997276941e-07,0.0002073060927822207
3.805013149656078e-07,0.0001937461024389945
3.805029822194647e-07,0.0001768467446788289
3.805054342659378e-07,0.0001534122675024201
3.805085701657429e-07,0.0001263887737266695
3.805123437384187e-07,9.882960724972719e-05
3.80517274477924e-07,7.303534085180385e-05
3.805231559792503e-07,5.899978295923749e-05
3.805310565421773e-07,5.505525843262967e-05
3.805376072924482e-07,5.474360051603954e-05
3.805435161265189e-07,5.469282962142708e-05
3.805500134870411e-07,5.466966370434015e-05
3.805594329794047e-07,5.464887795055461e-05
3.805739757328845e-07,5.462799522417606e-05
3.805971180304856e-07,5.460851790431288e-05
3.806375390585822e-07,5.459200044112161e-05
3.806979899232427e-07,5.458139226646171e-05
3.807744633279392e-07,5.45750908612604e-05
3.808771651750708e-07,5.457071479873618e-05
3.810294385348038e-07,5.456739735291967e-05
3.812646098620258e-07,5.45649159602747e-05
3.815970769781592e-07,5.45632589286884e-05
3.820691572905117e-07,5.456213231012008e-05
3.827439111741974e-07,5.456136147942121e-05
3.837228390311685e-07,5.456083351744046e-05
3.851396175512137e-07,5.456047517599868e-05
3.871847350729249e-07,5.456022600047943e-05
3.895923675364625e-07,5.456006981145407e-05
3.92e-07,5.455997331018293e-05
3.9205e-07,5.462094619416892e-05
3.920638226542581e-07,5.505026712787097e-05
3.920788959213666e-07,5.694247066138512e-05
3.920863549971985e-07,5.888589530482818e-05
3.920932832375514e-07,6.113761276953353e-05
3.921013864686406e-07,6.310774224253735e-05
3.921082420975735e-07,6.362465096048663e-05
3.921130769713754e-07,6.767362206290017e-05
3.92117965885187e-07,8.3622012228342e-05
3.921231481486448e-07,0.0001057360651000938
3.921276536292725e-07,0.0001149378851612919
3.92132057999278e-07,0.0001334362703228052
3.921360817387539e-07,0.0002585336387624263
3.921391687740466e-07,0.0003899021479920812
3.921415347600585e-07,0.0004567825536291927
3.92144417615161e-07,0.0005101114341807447
3.921459197696227e-07,0.0005521740477790836
3.921469063269042e-07,0.0005782652829200473
3.921480912056843e-07,0.0005899615218022648
3.921489638487807e-07,0.000579714953107956
3.921503746194425e-07,0.0005378255507578344
3.921513962386488e-07,0.0004940951342786321
3.92152224527762e-07,0.0004598802694917421
3.921528969932007e-07,0.0004366001908045294
3.921542419240779e-07,0.0003976285897118123
3.921552902723066e-07,0.0003697985947904555
3.92156249418287e-07,0.000344764346441262
3.921572505745235e-07,0.000318331899682342
3.921586491935265e-07,0.0002809325616991301
3.921604222320405e-07,0.0002344488515525503
3.921625671819185e-07,0.0001854414729664888
3.92164948079108e-07,0.000148806946425331
3.921677093212555e-07,0.0001274673979327136
3.921699852800422e-07,0.0001171590841331515
3.921723815064832e-07,0.0001095909170431054
3.921741388087307e-07,0.0001052401514962422
3.921759732037674e-07,0.0001012702806974953
3.921787705988494e-07,9.589767676448707e-05
3.921818731040393e-07,9.117960514201316e-05
3.921844390462236e-07,8.859205809769746e-05
3.921875102703631e-07,8.649359195269337e-05
3.921901067962564e-07,8.535083084386708e-05
3.9219400583054e-07,8.466900603606887e-05
3.922e-07,8.759260778897743e-05
3.922035011738984e-07,9.304134679927367e-05
3.922079150062959e-07,0.0001059404992352605
3.922123846762615e-07,0.0001245183840667007
3.922181179100402e-07,0.0001444142292896603
3.922228202073606e-07,0.0001471751182747184
3.92228827027179e-07,0.0001398208436159901
3.922317154649986e-07,0.000140102396850559
3.922334785570183e-07,0.0001415473563731394
3.922355346279626e-07,0.0001407338277336739
3.922373258221677e-07,0.0001359339353051243
3.922396704566563e-07,0.0001236431171025349
3.922415479709124e-07,0.0001121082378453689
3.922428696112785e-07,0.0001058230049255238
3.922442038710318e-07,0.0001015744057911013
3.922453769987714e-07,9.84896137313667e-05
3.922467367065937e-07,9.49587960166509e-05
3.922481688708518e-07,9.111926277790833e-05
3.92250148997934e-07,8.58011067754616e-05
3.922531261811386e-07,7.885571987779791e-05
3.922563508305641e-07,7.369234436051781e-05
3.922599714500142e-07,7.032376707375034e-05
3.922645639733845e-07,6.789089143892115e-05
3.922716916718112e-07,6.550135063682191e-05
3.922823563707531e-07,6.350599703110287e-05
3.922980572995249e-07,6.39383950846928e-05
3.923157214585017e-07,6.704714719977277e-05
3.923261264249047e-07,6.849499991045497e-05
3.923315425674839e-07,6.875249634795394e-05
3.923382144345043e-07,6.763209240699168e-05
3.923435432800873e-07,6.581945917305414e-05
3.923480255695666e-07,6.386809683344608e-05
3.923515348043635e-07,6.251357436590785e-05
3.923552281883586e-07,6.176115357895823e-05
3.923596245504042e-07,6.175528208663487e-05
3.92363524443349e-07,6.24125246150723e-05
3.923693371054567e-07,6.383324686971164e-05
3.923786984591583e-07,6.559510225122243e-05
3.92387403871145e-07,6.588977320819436e-05
3.923957908207439e-07,6.512617694947231e-05
3.924042423515615e-07,6.437377579140411e-05
3.924144929530443e-07,7.866595297896705e-05
3.924218414291055e-07,9.420323399445224e-05
3.924282362549961e-07,9.765707448861026e-05
3.924333896700179e-07,0.0001050393012302749
3.924373764173485e-07,0.0001464736238508982
3.924385231479876e-07,0.0001671696540624553
3.924397362390697e-07,0.0001913312633060834
3.92440768948967e-07,0.0002122518873250535
3.924423886794912e-07,0.0002482028520880619
3.92444188601572e-07,0.0002968188709100996
3.92445599245929e-07,0.0003174829327604395
3.924464878316388e-07,0.0003124190846830494
3.924473764173485e-07,0.0003027658242965025
3.924476846061288e-07,0.0002957597002330765
3.924481231966449e-07,0.0002881331011663637
3.924485276518632e-07,0.0002823889753901473
3.924491999894459e-07,0.0002742916433017495
3.924501363687858e-07,0.0002665415421924172
3.924511053397597e-07,0.0002654799000734105
3.924521261872065e-07,0.0002727808339666084
3.924531636068743e-07,0.0002830208542061741
3.924543542839306e-07,0.0002872081755541582
3.924557341788198e-07,0.0002747661178903607
3.924571959757092e-07,0.0002559410544320844
3.924586510604049e-07,0.0002971270818239917
3.92459749888699e-07,0.0003462398616526979
3.924608897178873e-07,0.0003814803590741305
3.924623027785611e-07,0.0003992404777987603
3.924634449400126e-07,0.000406598250607264
3.924646930051225e-07,0.0003996869067166182
3.924659577779598e-07,0.0003761657348982995
3.924668827160465e-07,0.0003546743251160618
3.924679273987815e-07,0.0003357981547061309
3.924689100623972e-07,0.0003218308715364051
3.924697520971736e-07,0.0003067699914256934
3.924707694125462e-07,0.0002865710862723676
3.924715077199277e-07,0.0002758770619257674
3.92472229415925e-07,0.0002685374104618638
3.92473150730704e-07,0.0002595311729235095
3.924743271050859e-07,0.0002464093412612162
3.924753909615395e-07,0.0002346336438690552
3.924765895752571e-07,0.0002250830371161184
3.924780513398468e-07,0.0002213838204161899
3.924800232023812e-07,0.0002285364191133903
3.924819841423709e-07,0.000236302835112758
3.924835411055943e-07,0.0002293350659929554
3.924850150054496e-07,0.0002086627329440151
3.924868529595534e-07,0.000169397648038119
3.924882422892104e-07,0.0001423881474354283
3.924892287844511e-07,0.0001246452924965034
3.924905786912144e-07,0.0001095022352372881
3.924918955393238e-07,0.0001054151990034987
3.924929663648814e-07,0.0001044809139824847
3.924942603007477e-07,0.0001030740163156359
3.92495520342018e-07,0.0001006272290772179
3.924972513826727e-07,9.623019717871714e-05
3.924995897025858e-07,0.0001062448549388965
3.925014717542659e-07,0.0001337319609969024
3.925029682649273e-07,0.0001456678147021475
3.925044025755535e-07,0.0001404556219167642
3.925061276159971e-07,0.0001597247371520829
3.925075282246359e-07,0.0002010636870927335
3.925085159480905e-07,0.0002192166058562416
3.925094807225947e-07,0.0002267630064686254
3.925111626859104e-07,0.000223067415673014
3.92512485911232e-07,0.000211829372537011
3.925138286056256e-07,0.0001984424629567906
3.925153108781475e-07,0.0001833038263352549
3.925174781456071e-07,0.0001618776977709091
3.925204350918579e-07,0.0001348340625547114
3.92524229033235e-07,0.0001044904505448317
3.92529703909062e-07,7.247754761926007e-05
3.925348751590462e-07,5.923840132157427e-05
3.925412211675391e-07,5.552655302419756e-05
3.92547683088319e-07,5.507432505172804e-05
3.925529963166588e-07,5.499500831465888e-05
3.925589868432218e-07,5.494139388182652e-05
3.92567483991421e-07,5.488069702019541e-05
3.925798701488494e-07,5.481139321869601e-05
3.926016963151586e-07,5.472716828471417e-05
3.926425414791944e-07,5.46437242535729e-05
3.927035541639219e-07,5.459682321888488e-05
3.92784248287201e-07,5.457830472347491e-05
3.928817873983111e-07,5.457119998848029e-05
3.93010185494879e-07,5.45673485790138e-05
3.931951329780286e-07,5.456482124053244e-05
3.935088157278262e-07,5.456311291338627e-05
3.939466511750095e-07,5.456229781819779e-05
3.945717742296814e-07,5.45618471115267e-05
3.954590764113258e-07,5.456146823287308e-05
3.967560619534133e-07,5.456105359631522e-05
3.986431670166388e-07,5.456065180929253e-05
4e-07,5.456046672113915e-05
4.0005e-07,5.457898903024786e-05
4.000638226542581e-07,5.47383432731398e-05
4.000914679627742e-07,5.859476052177321e-05
4.000997512933442e-07,6.132054710177082e-05
4.001070649868281e-07,6.318099255267779e-05
4.001145053439427e-07,6.414344649722454e-05
4.001199290609028e-07,6.988697137147942e-05
4.001254298068148e-07,9.107892943568812e-05
4.001311176818366e-07,0.0001151958188130687
4.001365790561823e-07,0.0001224766167220375
4.001406327673659e-07,0.0001173540977713215
4.001456184192288e-07,0.0001132394256930101
4.001477118649342e-07,0.0001199669087186709
4.001495010656647e-07,0.0001310923323034071
4.001514258432666e-07,0.0001458324243510505
4.001534624359889e-07,0.000162886870907707
4.001554613003559e-07,0.0001954135967044491
4.001574496196508e-07,0.0002274016473861676
4.001591769037819e-07,0.0002465664095011329
4.001605734779133e-07,0.0002806622723158535
4.00162174389007e-07,0.0003386224575637621
4.001635747628931e-07,0.0003866518211215164
4.001651650067628e-07,0.0004214828034857377
4.0016703870817e-07,0.0004477829306305953
4.001687359089191e-07,0.0004669045543170659
4.001698432097856e-07,0.0004732570774954395
4.001710262105204e-07,0.0004767679665794361
4.001720225511161e-07,0.0004786671740247605
4.001733581148434e-07,0.0004775695991608242
4.001746820738831e-07,0.0004684747806809138
4.001758313662436e-07,0.0004541637098438828
4.001772075809904e-07,0.0004311926295921535
4.001791755754189e-07,0.0003964734210890449
4.001806055212957e-07,0.0003810213278322058
4.001821551104233e-07,0.0003750875829941258
4.001833566269137e-07,0.0003717067679449719
4.001845081796127e-07,0.0003634351610404462
4.001859824809844e-07,0.00033663417983022
4.001870945955615e-07,0.0003045248083507382
4.001880098007458e-07,0.0002754821677444584
4.001888106792214e-07,0.0002515494257700272
4.001898830496898e-07,0.0002301781180320215
4.001908014132681e-07,0.0002214068411816182
4.001917134581829e-07,0.0002127307051003432
4.001926292233743e-07,0.0002050276823038153
4.001936547714915e-07,0.0001969971421663751
4.001949130387809e-07,0.0001872638273388412
4.00195824859774e-07,0.000180936048569917
4.001969156504165e-07,0.0001741383888235721
4.001986188029701e-07,0.0001648546365700906
4.002e-07,0.000158222120682209
4.002015789571369e-07,0.0001515322921040965
4.00203684387447e-07,0.0001434322154352369
4.002058486971068e-07,0.0001360526822728216
4.002095601191896e-07,0.0001250509587329807
4.002141130685576e-07,0.0001138313509861942
4.00219234961215e-07,0.0001038774070568076
4.002249942979738e-07,9.531580063576506e-05
4.00232060457881e-07,8.703725548238597e-05
4.002414131678392e-07,7.827105161904165e-05
4.002512305190325e-07,7.19221941498109e-05
4.002650375152746e-07,6.812987135459874e-05
4.00274741808331e-07,6.796489267333994e-05
4.002816211111444e-07,6.809103098715546e-05
4.002867105123458e-07,6.773343564569088e-05
4.002918042672951e-07,6.667654534943115e-05
4.002958410350297e-07,6.545333233634984e-05
4.003004328970412e-07,6.376910782462785e-05
4.003067869932463e-07,6.15367583308402e-05
4.003113547087635e-07,6.067924056845499e-05
4.003160357659735e-07,6.042365932512838e-05
4.003208478482711e-07,6.060597438835901e-05
4.003289997589165e-07,6.129002715448132e-05
4.003384884901527e-07,6.19695553079183e-05
4.003484840100226e-07,6.214773290768345e-05
4.003594874585592e-07,6.174948560293649e-05
4.003713427924944e-07,6.084886515255341e-05
4.003864728111834e-07,6.160725020929463e-05
4.003948240737097e-07,6.991226175359291e-05
4.004052443850018e-07,8.368451398642766e-05
4.004126829842907e-07,8.733322743234902e-05
4.004155940017406e-07,8.775641928351961e-05
4.004214160366406e-07,9.840134396619981e-05
4.004253315736346e-07,0.0001285081696446757
4.004298316127279e-07,0.0001771268983061996
4.004330511982936e-07,0.0001956477025708697
4.004354693188611e-07,0.0002121908775067717
4.004367870972185e-07,0.0002659665266506782
4.004386491485081e-07,0.0004081454662609331
4.004399561164416e-07,0.0005115326844066835
4.00441468353693e-07,0.0005817460221830497
4.00442373901489e-07,0.0006335389933481285
4.004435326240838e-07,0.0007143004967692214
4.004444705501942e-07,0.0007459455749759853
4.004452754698489e-07,0.0007316867905507159
4.00446033658224e-07,0.0006873998121190438
4.004471143062328e-07,0.0005892436537349836
4.00447514420277e-07,0.0005527496418695117
4.004480210594644e-07,0.0005094777147496269
4.004486821353602e-07,0.0004622512937127584
4.004495295924635e-07,0.0004174063877550641
4.00450434003428e-07,0.0003816668842484981
4.004513429991077e-07,0.0003543601635858357
4.00452243079406e-07,0.0003345027374921114
4.004532585292201e-07,0.0003161985051994901
4.004544924255036e-07,0.0002910149184084301
4.004558172806735e-07,0.0002548709962104583
4.004573297568608e-07,0.0002055683656382669
4.004589163420077e-07,0.0001575055125106955
4.00460297256729e-07,0.0001340084089603154
4.004616588596283e-07,0.0001298890815041935
4.004626449092913e-07,0.0001233539195678297
4.004633490037701e-07,0.0001193388499188335
4.004641541311846e-07,0.0001255847541641432
4.004648739067525e-07,0.0001357028645776573
4.004658491480005e-07,0.0001444617411568058
4.004670937227221e-07,0.0001461174535583459
4.004681602717284e-07,0.0001427975482975797
4.004693845034908e-07,0.000136749328041379
4.00470935072154e-07,0.0001276719283077757
4.004731001630993e-07,0.0001150302837001961
4.004754397686938e-07,0.0001119657910185891
4.004779538367774e-07,0.0001257763287059488
4.004797478131077e-07,0.0001319860388850161
4.004818893279475e-07,0.0001280412149467853
4.004842247638196e-07,0.0001275766397944213
4.00486041379913e-07,0.0001520658505176509
4.004873701645601e-07,0.0001721769769760818
4.004886691805698e-07,0.0001803904937176013
4.004898888131836e-07,0.0001856770579304245
4.004909555722452e-07,0.0001953387402764045
4.004919787158016e-07,0.0002073622860762445
4.004930301601864e-07,0.0002361709173592127
4.00494075167334e-07,0.0002718312643347837
4.004950521777919e-07,0.0002947218454253243
4.00496069730257e-07,0.0003038708793128148
4.004972150929322e-07,0.0002996894288281051
4.004987159576271e-07,0.0002814109676958096
4.004999319733758e-07,0.000262865320455288
4.005012811569058e-07,0.0002420345908835915
4.005030063092324e-07,0.0002163861756270667
4.005057136911522e-07,0.0001791665931492209
4.00508917120414e-07,0.0001404522379268029
4.005129092738507e-07,0.000101678035460982
4.005181473365235e-07,7.053333209873834e-05
4.005241152313437e-07,5.786412189323843e-05
4.005314112124491e-07,5.50770581319493e-05
4.005370030362411e-07,5.482024379478605e-05
4.005428537945827e-07,5.475238985319126e-05
4.005495587818431e-07,5.471900894012922e-05
4.005598003268564e-07,5.468781247976467e-05
4.005739146115069e-07,5.466007445123522e-05
4.005987417726925e-07,5.463122638792516e-05
4.006352842651733e-07,5.460953908644864e-05
4.006947751979197e-07,5.459306648936226e-05
4.007698843443245e-07,5.458321088418073e-05
4.008728149982314e-07,5.457631385362607e-05
4.010214155186388e-07,5.457127870078195e-05
4.01253110653821e-07,5.4567498366455e-05
4.015802333638946e-07,5.456500363902664e-05
4.020460218414861e-07,5.45633215072658e-05
4.027107470551885e-07,5.456218318829561e-05
4.036746747858375e-07,5.456140837476357e-05
4.050698434231342e-07,5.456088585580433e-05
4.070841562485519e-07,5.456052789279697e-05
4.099937367832643e-07,5.456027275488623e-05
4.12e-07,5.456016785697468e-05
4.1205e-07,5.46211395107969e-05
4.120638226542581e-07,5.505045749671686e-05
4.120788967821375e-07,5.69428476498018e-05
4.120863548399299e-07,5.888604210469593e-05
4.120932834864782e-07,6.113788438960435e-05
4.121013867248814e-07,6.310797098815242e-05
4.121082424194775e-07,6.36248934737248e-05
4.121130772095998e-07,6.767426588797597e-05
4.121179661113878e-07,8.362321956406809e-05
4.121231483070098e-07,0.0001057373909656546
4.121276538224328e-07,0.0001149825712453146
4.121320582461524e-07,0.0001344671385951629
4.121360821737824e-07,0.0002616335951963639
4.121391710277305e-07,0.0003939999634335957
4.121415367521642e-07,0.0004611626277315161
4.121444139348832e-07,0.0005145435775787805
4.121459127872871e-07,0.0005566382711033278
4.121468996469783e-07,0.0005829045341387188
4.121480843186229e-07,0.0005949167622290566
4.121489581984781e-07,0.0005846684611970638
4.121503655099324e-07,0.0005419717942039386
4.121513785456088e-07,0.0004981765893386166
4.121522208223997e-07,0.0004630587437259252
4.121528877059863e-07,0.0004397513951710441
4.121542214731595e-07,0.0004007349712555976
4.121552741797578e-07,0.0003725795107341963
4.121562302794713e-07,0.0003474429374596425
4.121572306020175e-07,0.0003208059974843581
4.121586174697279e-07,0.0002833330574272818
4.121603892928679e-07,0.0002363427493205346
4.121625226156401e-07,0.0001867973685220375
4.12164878752254e-07,0.0001497930393482435
4.121676180951966e-07,0.0001282108583264814
4.121698788007125e-07,0.0001177983682025605
4.121723076800274e-07,0.0001100606024841115
4.121740641768919e-07,0.0001057072726333079
4.121758907715038e-07,0.0001017545045536924
4.121786745683631e-07,9.639117867776511e-05
4.121817649523841e-07,9.16251314622997e-05
4.121843577089798e-07,8.897048894126361e-05
4.121873136852216e-07,8.689559186666175e-05
4.121898750736251e-07,8.569396496876046e-05
4.121937614119873e-07,8.476416108456522e-05
4.121968807059937e-07,8.501055626450589e-05
4.122000000000001e-07,8.673279963141112e-05
4.122030064010421e-07,9.038663106048619e-05
4.122063768831427e-07,9.786338421796179e-05
4.122097776184252e-07,0.000109385026517768
4.122159216861497e-07,0.0001348839500428352
4.122213577715673e-07,0.0001476827211299958
4.122260536642299e-07,0.00014453838514531
4.122286338362005e-07,0.000140828696517382
4.122328459267569e-07,0.0001400909941950181
4.122348520107383e-07,0.0001415048178496116
4.122369578232894e-07,0.0001397368230666514
4.122388186175254e-07,0.0001335775223485486
4.122410411641975e-07,0.0001210146487752714
4.122427972072539e-07,0.0001105187857257022
4.122440531512045e-07,0.0001050002772326502
4.122454959297993e-07,0.0001006619132658355
4.122467991150678e-07,9.72885268269717e-05
4.122481624087067e-07,9.371115367130063e-05
4.122496637628772e-07,8.965521741920935e-05
4.122519826073107e-07,8.355943799543336e-05
4.122555722695308e-07,7.612677440178105e-05
4.12258863500902e-07,7.195643782279538e-05
4.122627476438741e-07,6.915161308065199e-05
4.122682563312633e-07,6.68040723594308e-05
4.122766033751238e-07,6.45352748473051e-05
4.122892789661075e-07,6.330824218944017e-05
4.123085646495644e-07,6.572720610215668e-05
4.12324659180266e-07,6.832133179364812e-05
4.123310093021805e-07,6.876792693420176e-05
4.12336301146963e-07,6.809093333210532e-05
4.123412508079447e-07,6.668524779040587e-05
4.123456287981932e-07,6.494581623373973e-05
4.123516906718637e-07,6.248351919311651e-05
4.123560799197828e-07,6.169068340136715e-05
4.123601421086379e-07,6.180765117333384e-05
4.123645289494111e-07,6.263255888295541e-05
4.123707992883349e-07,6.417161885349298e-05
4.123799926799813e-07,6.571991576710261e-05
4.123888344465684e-07,6.582539721383481e-05
4.123977566406413e-07,6.483465634855951e-05
4.124058793244e-07,6.492588065130205e-05
4.124123092426653e-07,7.381942292515874e-05
4.12419773671173e-07,9.112113585125884e-05
4.12425337577747e-07,9.708181398419556e-05
4.124329608771798e-07,0.0001031704375254854
4.124370463073181e-07,0.0001413827025032951
4.124383323783403e-07,0.0001616652492527977
4.12439663700619e-07,0.0001847057870026379
4.124407313924494e-07,0.0002035171878749361
4.12442398501223e-07,0.0002531037620844251
4.124435032817203e-07,0.0003165996897680931
4.124447092629211e-07,0.0003885783966732997
4.124457288051773e-07,0.0004204728192889112
4.124465060896533e-07,0.0004221123088333272
4.124470463073182e-07,0.0004167979702530033
4.124472927624787e-07,0.0004019439221154501
4.124476392341906e-07,0.0003837188940209086
4.124479504210535e-07,0.0003694514717634396
4.124485693235177e-07,0.0003453027883432077
4.124494584162646e-07,0.0003217137428353225
4.124504131841576e-07,0.0003158855900436548
4.124513972975989e-07,0.0003290468935560157
4.124523437153051e-07,0.0003423066818813339
4.124534302221778e-07,0.0003371687374100362
4.124548312861077e-07,0.0002942278581663307
4.124560689989093e-07,0.0002496304657700749
4.124571020943116e-07,0.0002516529759975371
4.124579421100675e-07,0.0002797565896210826
4.124588775475834e-07,0.0003188987862343437
4.124595972429763e-07,0.0003514337597050495
4.124602645531058e-07,0.000378588814794271
4.124611475473994e-07,0.0004005399726419639
4.12462228756134e-07,0.0004125436418553907
4.124632473608497e-07,0.0004149078021433623
4.124643969696357e-07,0.0004049283503468875
4.124655233781353e-07,0.0003866203249206457
4.124663971509884e-07,0.000371032267448476
4.124675999372976e-07,0.0003513749511520817
4.12469049947979e-07,0.0003275492662861531
4.124700914027095e-07,0.0003102827624288459
4.124712465510057e-07,0.000291469951403005
4.124728624598396e-07,0.0002662081326093944
4.12475999258966e-07,0.0002350226576388825
4.124788486960627e-07,0.0002525679075165757
4.124810690679526e-07,0.0002776907954027012
4.124828929437028e-07,0.0002771068128455182
4.124843541589461e-07,0.0002566700240016675
4.124855155669413e-07,0.0002349275818028516
4.124864126902314e-07,0.0002240518911084066
4.124873687686752e-07,0.0002212989033013182
4.124884399700958e-07,0.0002219420463450394
4.124897164355785e-07,0.000220224994818462
4.124909380289226e-07,0.0002155905698535198
4.12492148411701e-07,0.000218947722863713
4.124935272961196e-07,0.0002329436635489092
4.124945601620825e-07,0.0002640891472619633
4.124955863905232e-07,0.0002943646073036973
4.124966216096114e-07,0.0003100329354343907
4.124975781734587e-07,0.0003123376020516189
4.124988247788334e-07,0.0003032468189957588
4.125001825652724e-07,0.0002849195014009281
4.12501466248673e-07,0.0002648010161083296
4.125029232165325e-07,0.0002417180278095174
4.125047872576295e-07,0.0002132667402697239
4.125075800562652e-07,0.0001739558287425941
4.125110173027048e-07,0.0001315717422912216
4.12515857243176e-07,8.642041442538541e-05
4.125208547844052e-07,6.349810972194238e-05
4.125265172990787e-07,5.646726046480486e-05
4.125323055253916e-07,5.532124739397677e-05
4.125374170112926e-07,5.514887159124822e-05
4.125430274498156e-07,5.506862297313192e-05
4.125499438921691e-07,5.499712878813581e-05
4.12560240953136e-07,5.491274696457734e-05
4.125762405994483e-07,5.481643762568141e-05
4.126049279767555e-07,5.471019070141382e-05
4.126575302954503e-07,5.462401760699379e-05
4.127268913660443e-07,5.458834037776685e-05
4.128107737086799e-07,5.45756043599483e-05
4.129137718022269e-07,5.45699828847824e-05
4.130542957776273e-07,5.456658636233198e-05
4.132687674633553e-07,5.456428000983151e-05
4.13622041077816e-07,5.456284138506678e-05
4.141131488416321e-07,5.456218271527494e-05
4.14826156582432e-07,5.456177298954331e-05
4.158149620887718e-07,5.456138184430035e-05
4.172779707624915e-07,5.456094907074963e-05
4.186389853812458e-07,5.456066968278636e-05
4.200000000000001e-07,5.456047717512999e-05
4.200500000000001e-07,5.457900637774551e-05
4.200638226542581e-07,5.473835554698521e-05
4.200914679627742e-07,5.859477267247077e-05
4.200997512940575e-07,6.132055944517285e-05
4.201070649874606e-07,6.318100474193348e-05
4.201145053445658e-07,6.414345874842857e-05
4.20119929060483e-07,6.988698254224723e-05
4.201254298070853e-07,9.10789428927461e-05
4.20131117682467e-07,0.0001151958328411659
4.201365790568921e-07,0.0001224766284936232
4.20140632768101e-07,0.0001173541083900144
4.201456184202791e-07,0.0001132394392240047
4.201477118660821e-07,0.000119966926132509
4.201495010668218e-07,0.000131092353191405
4.201514258442105e-07,0.0001458324429058298
4.201534624376919e-07,0.0001628869001899329
4.20155461301557e-07,0.0001954136297513165
4.201574496212404e-07,0.0002274016738737162
4.201591769047119e-07,0.0002465664321356993
4.201605734789902e-07,0.0002806623142289614
4.201621743896826e-07,0.0003386224897644357
4.201635747636664e-07,0.0003866518508219342
4.201651650075815e-07,0.000421482823304039
4.201670387093538e-07,0.0004477829578822723
4.201687359100395e-07,0.000466904577807474
4.201698432106296e-07,0.0004732570977844519
4.201710262110393e-07,0.0004767679868169413
4.201720225517344e-07,0.000478667194691759
4.201733581154299e-07,0.0004775696159472298
4.201746820741723e-07,0.0004684747941648067
4.201758313665498e-07,0.0004541637193629752
4.201772075814746e-07,0.0004311926323211549
4.201791755760337e-07,0.0003964734220545103
4.201806055214422e-07,0.0003810213376975746
4.201821551101252e-07,0.0003750875933911235
4.201833566264251e-07,0.0003717067774612683
4.201845081791749e-07,0.0003634351706173777
4.20185982480646e-07,0.0003366341903635982
4.201870945952459e-07,0.0003045248208637597
4.201880098004073e-07,0.000275482184505214
4.201888106788982e-07,0.0002515494435352527
4.201898830494682e-07,0.000230178135904254
4.201908014129821e-07,0.0002214068627045148
4.201917134579362e-07,0.00021273072825223
4.201926292230862e-07,0.000205027706290162
4.201936547711391e-07,0.0001969971669904
4.201949130388706e-07,0.0001872638486316101
4.201958248598513e-07,0.0001809360696527718
4.201969156504922e-07,0.0001741384093938096
4.201986188028482e-07,0.0001648546570792293
4.202e-07,0.0001582221395257144
4.202015789571507e-07,0.0001515323097317398
4.202036843874837e-07,0.0001434322315780332
4.202058486971993e-07,0.0001360526970918578
4.202095601193213e-07,0.0001250509721607332
4.20214113068701e-07,0.0001138313636353677
4.202192349613771e-07,0.0001038774193163235
4.202249942981697e-07,9.531581229099447e-05
4.202320604581421e-07,8.70372660321124e-05
4.202414131682089e-07,7.827106079719438e-05
4.202512305250914e-07,7.192220047686137e-05
4.202650375227619e-07,6.812988074679183e-05
4.202747418161066e-07,6.796490470106745e-05
4.202816211136734e-07,6.809104250088406e-05
4.202867105148436e-07,6.773344778967231e-05
4.202918042684938e-07,6.667655563887196e-05
4.202958410376e-07,6.545334391118806e-05
4.203004329003796e-07,6.376911750539867e-05
4.203067869985303e-07,6.153676789901282e-05
4.203113547122412e-07,6.067925106431301e-05
4.203160357731504e-07,6.042367011271081e-05
4.203208478561624e-07,6.060598534301802e-05
4.203289997726659e-07,6.129003760146806e-05
4.203384885031071e-07,6.196956261302007e-05
4.203484840246619e-07,6.21477364757337e-05
4.203594874766058e-07,6.174948571233645e-05
4.203713427863022e-07,6.08488628953388e-05
4.203864724515837e-07,6.160700418926809e-05
4.203948328415895e-07,6.992665251946295e-05
4.204052578579761e-07,8.372485519845647e-05
4.204127042567898e-07,8.741636050441518e-05
4.204155718792481e-07,8.786199432225279e-05
4.204213071241648e-07,9.850540639115777e-05
4.204252936654764e-07,0.0001302807934797355
4.204298450409929e-07,0.0001831973865136256
4.204331150664446e-07,0.0002056345354211017
4.204357059866851e-07,0.0002244302130548472
4.204370586286139e-07,0.0002789666536037692
4.204383803997029e-07,0.0003718666667122798
4.204397099541142e-07,0.0004782153625056078
4.204411382558863e-07,0.0005562224064817852
4.204423533451298e-07,0.0006094499666555169
4.204436408496963e-07,0.0006921949384439123
4.204447020674497e-07,0.0007285713796875797
4.20445529752702e-07,0.0007144313990522314
4.204463228715796e-07,0.0006692619301860743
4.204473189472969e-07,0.0005815253975785189
4.204477328228923e-07,0.0005454301601779064
4.20448232310281e-07,0.0005048571168308883
4.204488794186918e-07,0.0004611806724764727
4.204497406146738e-07,0.0004197983534617653
4.204506476332331e-07,0.0003883753233165618
4.204515700401495e-07,0.0003627231997918114
4.204524654738947e-07,0.0003413849569348391
4.204534715988467e-07,0.0003179863556494113
4.204546837613918e-07,0.0002856801530755198
4.204560020864438e-07,0.0002431504571260585
4.204574924602877e-07,0.000189956299707558
4.204591215424128e-07,0.0001389200725783726
4.204605106584002e-07,0.0001128272779075675
4.204619032663577e-07,0.0001036991413603745
4.204628920321157e-07,9.730505784585799e-05
4.204636347213512e-07,9.262173240500354e-05
4.204644518363775e-07,9.365501821494847e-05
4.204651653204567e-07,9.788882276902048e-05
4.204661131378752e-07,0.0001016512066626757
4.204674246531931e-07,0.0001019682637916977
4.204684693055712e-07,9.994248316915342e-05
4.204696851636087e-07,9.665248284663601e-05
4.204712015815163e-07,9.200697313635143e-05
4.204733806896925e-07,8.542368011356052e-05
4.204757199403254e-07,8.340306512096826e-05
4.204785228896934e-07,9.207184335067009e-05
4.204809588805786e-07,9.875538883009398e-05
4.204833499722995e-07,9.97928209058495e-05
4.204867248889753e-07,9.595446254601672e-05
4.204895548464348e-07,0.0001085047966165208
4.204924292695474e-07,0.0001525799236825577
4.204945525390205e-07,0.0001737804179160596
4.204964443662449e-07,0.0001673457384770771
4.20498035848744e-07,0.0001789549540496449
4.204996712774124e-07,0.0002539156992736045
4.205017013449088e-07,0.0003530110966197824
4.205034192884534e-07,0.0003829859766455021
4.205048259124209e-07,0.0003735238473337652
4.205069651575926e-07,0.0003344602428435717
4.205084730602306e-07,0.0003027833159009868
4.205102517979602e-07,0.0002668704130145099
4.205126548894362e-07,0.0002219720244431057
4.205166785001169e-07,0.0001570150436334675
4.205207838427449e-07,0.0001061890589025502
4.205257263026139e-07,7.133615448474304e-05
4.205315065231046e-07,5.783453853201668e-05
4.205368626989307e-07,5.527869692679635e-05
4.205423769382871e-07,5.480005400692352e-05
4.205480126103921e-07,5.469948554396461e-05
4.205548938711408e-07,5.466377463766075e-05
4.205645665641497e-07,5.464155667625963e-05
4.205784945413757e-07,5.462346091783567e-05
4.206014699872935e-07,5.460616640526264e-05
4.206329108174272e-07,5.45935203528838e-05
4.206824788678738e-07,5.458356019575955e-05
4.207569113367889e-07,5.457633325531594e-05
4.208562933742413e-07,5.457151679558691e-05
4.209992629171096e-07,5.456800353732242e-05
4.212179845446096e-07,5.456538292756857e-05
4.215288559145239e-07,5.456361083567142e-05
4.219726701019449e-07,5.456239590550193e-05
4.226064611142397e-07,5.456156158674185e-05
4.235235246601444e-07,5.456098626475239e-05
4.248501210866741e-07,5.456059142352072e-05
4.26766070333263e-07,5.456031439873913e-05
4.295341075254188e-07,5.456011068678749e-05
4.32e-07,5.456000445338335e-05
4.3205e-07,5.462097721044566e-05
4.320638226542581e-07,5.505029843720577e-05
4.320788958149123e-07,5.69424810542224e-05
4.320863550170811e-07,5.888593201245466e-05
4.320932832070603e-07,6.113763370479461e-05
4.321013864370565e-07,6.310776756565974e-05
4.321082420581772e-07,6.362467345876404e-05
4.321130770298344e-07,6.767375942820309e-05
4.321179660255152e-07,8.36227071262165e-05
4.3212314833112e-07,0.0001057378842113268
4.321276538682026e-07,0.0001150308812188177
4.321320584408945e-07,0.0001355459199056407
4.321360825257235e-07,0.0002648081940545382
4.321391732126605e-07,0.000398154714439985
4.321415386714757e-07,0.0004655770174525619
4.321444102225036e-07,0.0005189771657010222
4.321459056555202e-07,0.0005610833302036693
4.321468925913385e-07,0.0005875120503207782
4.321480769753388e-07,0.0005998495792887128
4.321489518732355e-07,0.0005897017159518455
4.321503555729019e-07,0.0005461963255976257
4.321513638931323e-07,0.0005021881909072855
4.321522193388034e-07,0.0004662101158366843
4.321528820404587e-07,0.0004428601084934449
4.321542074437694e-07,0.0004037864512855089
4.321552625321139e-07,0.0003754010670177285
4.321562162070364e-07,0.000350177049787875
4.321572157922933e-07,0.0003233630933009902
4.32158594612924e-07,0.0002857449652810186
4.321603671148193e-07,0.0002382016588755249
4.321624942552244e-07,0.0001880800457567001
4.321648359229753e-07,0.0001505889677409299
4.321675460553526e-07,0.0001288797529947537
4.321697950831715e-07,0.000118355165724794
4.321722147610687e-07,0.0001105538149925664
4.321739726822679e-07,0.0001061778918637777
4.32175798568423e-07,0.0001022267198310304
4.321785869497316e-07,9.684933646126145e-05
4.321816632300631e-07,9.205714280141639e-05
4.321842765501798e-07,8.934120929811406e-05
4.321871747104406e-07,8.726707014043852e-05
4.321897278686457e-07,8.602545898497534e-05
4.321935711743575e-07,8.495261591033397e-05
4.321967855871788e-07,8.487880667405511e-05
4.322e-07,8.609291707719989e-05
4.322030518949723e-07,8.906684789584637e-05
4.322064765943719e-07,9.560935079940638e-05
4.322099264292879e-07,0.000106255868995765
4.322164118258709e-07,0.0001329595408162624
4.322220556090407e-07,0.0001474734605234383
4.322267998721233e-07,0.000144865958368709
4.322291131524235e-07,0.0001414378247910347
4.322333462179852e-07,0.0001396903462415807
4.322353324891863e-07,0.0001412955409538884
4.322375524524585e-07,0.0001404456657287407
4.322393162805371e-07,0.0001356318730867229
4.322418364215167e-07,0.00012225127128189
4.32243670227774e-07,0.0001111173558278613
4.3224498706883e-07,0.0001051380610140533
4.322463564851877e-07,0.0001009372042547812
4.322475387674633e-07,9.785629152591667e-05
4.322488882986108e-07,9.433614133071342e-05
4.322503623084821e-07,9.036742357918583e-05
4.322524447973618e-07,8.48089675820716e-05
4.322557300535437e-07,7.749566951035828e-05
4.322589506568812e-07,7.280351372225667e-05
4.322627476597074e-07,6.964942239115642e-05
4.322674974759792e-07,6.737392475367491e-05
4.322758315496341e-07,6.489449498297216e-05
4.322870551398094e-07,6.34322530316055e-05
4.323047006214692e-07,6.505884896331904e-05
4.323209726094686e-07,6.788276193628492e-05
4.32328193359335e-07,6.871112918211061e-05
4.323329137843205e-07,6.86353885586081e-05
4.32337981805557e-07,6.767755600588219e-05
4.323421652931758e-07,6.633268564820152e-05
4.323467348081742e-07,6.442661862187822e-05
4.323504751722456e-07,6.284598655153208e-05
4.323546582666491e-07,6.182408509516766e-05
4.323582473947282e-07,6.166209820048594e-05
4.323622143364696e-07,6.215580992201298e-05
4.32367396193679e-07,6.33685469368058e-05
4.323761875398971e-07,6.527445653064247e-05
4.323847373623551e-07,6.593783242789945e-05
4.323929347571645e-07,6.548320140983713e-05
4.324017425362802e-07,6.426021830649007e-05
4.324107833925645e-07,7.071387655137361e-05
4.32419254340019e-07,9.028770589334235e-05
4.324254288074528e-07,9.758320228236915e-05
4.324326719122834e-07,0.0001021195124221228
4.324374219114798e-07,0.0001464497006440873
4.324387260106392e-07,0.0001702987347637892
4.324401221583254e-07,0.0001984243749016041
4.324412731392633e-07,0.0002218054544844546
4.324429633645587e-07,0.0002621820313086201
4.324446907912871e-07,0.0003066548581193585
4.324460485906898e-07,0.0003160422158315913
4.324474219114798e-07,0.0003023050861679248
4.324477892679038e-07,0.0002940548703956622
4.32448356312119e-07,0.0002846817227312879
4.324488703107681e-07,0.0002779198373589398
4.324496180599727e-07,0.0002700946358453548
4.32450577130466e-07,0.0002650785735525113
4.324515517116629e-07,0.0002679935514934726
4.324525832035421e-07,0.0002776923963644252
4.32453649432973e-07,0.000286291804378223
4.324550005199558e-07,0.000283716045162613
4.324563582231596e-07,0.0002638881819441496
4.324580957988453e-07,0.0002739535927037933
4.324593246152894e-07,0.0003278779178297751
4.324604407569606e-07,0.0003701981697626308
4.324618297703887e-07,0.0003950588895124604
4.324630690052863e-07,0.0004052343398773209
4.324642545027569e-07,0.0004041990013051492
4.324655918498016e-07,0.0003840707907424426
4.324665935043602e-07,0.0003610889520073094
4.324675311138198e-07,0.0003418954165766623
4.32468664980094e-07,0.0003254263575782141
4.324694960782078e-07,0.0003116436969089619
4.324704905311697e-07,0.000291636330674705
4.324713592122399e-07,0.0002776063408836069
4.324720474919497e-07,0.0002702381656991057
4.324729174303801e-07,0.0002618721006368464
4.32474062198938e-07,0.0002494274210323441
4.324751107100565e-07,0.0002374922901379934
4.324762718846755e-07,0.000227045334553179
4.324776527298842e-07,0.0002214778791681971
4.324794776245988e-07,0.0002256668330668927
4.324815098538523e-07,0.0002355921258890039
4.324831804863459e-07,0.0002323721741839538
4.324845873333102e-07,0.0002159838202486866
4.32485661132507e-07,0.0001956828820189112
4.324866245504743e-07,0.0001752684381754589
4.324876648726546e-07,0.0001554040737705124
4.324886630677972e-07,0.0001379734377795058
4.324904904601765e-07,0.0001153187752324481
4.324919436548241e-07,0.0001115731439697994
4.324938511428099e-07,0.000111966372346223
4.324952546991692e-07,0.0001116987145084055
4.324966386765058e-07,0.0001103025933717421
4.324984671560421e-07,0.0001068087297253902
4.325017427704173e-07,0.0001157985379509516
4.325041431886207e-07,0.0001604795731899687
4.325062164802149e-07,0.0001940950444454864
4.325079225610272e-07,0.0001946397929083227
4.325095886721395e-07,0.0002055833075689996
4.325112637892452e-07,0.0002907011011981307
4.325124234702207e-07,0.0003474822548662618
4.325136437201929e-07,0.000379589670637646
4.325148660635111e-07,0.0003858752211663146
4.325168735394296e-07,0.0003621531583193839
4.325184051747863e-07,0.0003315816779869973
4.325200047725218e-07,0.0002983735419353061
4.325218330027353e-07,0.0002615302363194805
4.325247553851436e-07,0.0002069363424570957
4.32528143583699e-07,0.0001512766852803981
4.325322411562693e-07,9.902923739197865e-05
4.325371370922197e-07,6.718811217880561e-05
4.325427539838952e-07,5.737289580881332e-05
4.325492997207768e-07,5.574475385607677e-05
4.32554296194474e-07,5.554380388951092e-05
4.325599050637222e-07,5.543069378181178e-05
4.325673201361567e-07,5.531356665838339e-05
4.325783188144794e-07,5.517048553894096e-05
4.325965496674744e-07,5.499207219705837e-05
4.326295534331899e-07,5.479355436687875e-05
4.326876057848871e-07,5.464395740409968e-05
4.327643729825838e-07,5.458833711664179e-05
4.328581033720281e-07,5.457297532131212e-05
4.329767474827863e-07,5.45678748319012e-05
4.331461218867623e-07,5.456509708619542e-05
4.334195635414539e-07,5.456328502965044e-05
4.338247108092044e-07,5.456236322602623e-05
4.343982694268729e-07,5.456190861045427e-05
4.352132741470123e-07,5.456156078068236e-05
4.363945670305641e-07,5.456116792638669e-05
4.381167825351066e-07,5.456075624300263e-05
4.4e-07,5.456047623167376e-05
4.4005e-07,5.457898996910663e-05
4.400638226542581e-07,5.473835317407488e-05
4.400914679627742e-07,5.859476677798224e-05
4.400997514369463e-07,6.13206023198562e-05
4.401070651023157e-07,6.318101707990015e-05
4.401145054442846e-07,6.414348152358981e-05
4.401199291334304e-07,6.988716359268442e-05
4.401254298513413e-07,9.107917748278486e-05
4.401311177004886e-07,0.0001151958987318632
4.40136579083888e-07,0.0001224766127276422
4.401406327929774e-07,0.0001173540509586717
4.401456184642377e-07,0.0001132395081895605
4.401477119135514e-07,0.0001199671697236194
4.40149501114575e-07,0.0001310927136534273
4.401514258825692e-07,0.0001458327533072569
4.401534625097319e-07,0.0001628877072916385
4.401554613515243e-07,0.0001954146580043799
4.401574496886394e-07,0.0002274024718889151
4.401591769430313e-07,0.0002465671036991177
4.4016057352384e-07,0.0002806638679043022
4.401621744168033e-07,0.0003386236342763801
4.401635747951429e-07,0.0003866528849555391
4.401651650410609e-07,0.0004214833762522538
4.401670387589514e-07,0.000447783700653764
4.401687359568577e-07,0.0004669049675972196
4.401698432451125e-07,0.0004732572268545349
4.401710262310347e-07,0.0004767680123835607
4.40172022576116e-07,0.0004786672082708253
4.401733581383599e-07,0.0004775694947990453
4.401746820838336e-07,0.0004684746407788724
4.401758313769335e-07,0.0004541634991357662
4.401772075997333e-07,0.0004311922255263876
4.401791755971741e-07,0.0003964730493340288
4.401806055344083e-07,0.0003810212290785982
4.401821551133882e-07,0.0003750875931791845
4.401833566254849e-07,0.000371706789742022
4.401845081798558e-07,0.000363435152016678
4.401859824787985e-07,0.0003366341715181499
4.401870945930057e-07,0.0003045247926285778
4.401880097976924e-07,0.0002754821575623493
4.401888106761804e-07,0.0002515494134886914
4.401898830467305e-07,0.0002301781309936816
4.401908014102216e-07,0.0002214068572766487
4.401917134551336e-07,0.0002127307197455018
4.401926292202918e-07,0.0002050276974560969
4.401936547688441e-07,0.0001969971517591036
4.401949130338644e-07,0.0001872638520564505
4.401958248549326e-07,0.0001809360714782054
4.401969156455422e-07,0.0001741384106988973
4.401986187991422e-07,0.0001648546516355881
4.402e-07,0.000158222117868721
4.402015789577653e-07,0.0001515322880251856
4.402036843899601e-07,0.0001434322060737104
4.402058487016091e-07,0.0001360526682522807
4.402095601262758e-07,0.0001250509408922139
4.402141130761901e-07,0.000113831337158143
4.402192349704704e-07,0.0001038773966562513
4.402249943095309e-07,9.531579251805028e-05
4.402320604740857e-07,8.703724575359769e-05
4.402414131914586e-07,7.827103871861543e-05
4.402512305457256e-07,7.192218670418108e-05
4.402650375546401e-07,6.812987351570101e-05
4.402747418512888e-07,6.796490030423768e-05
4.402816211424975e-07,6.80910383003027e-05
4.402867105422076e-07,6.773344082768451e-05
4.402918042913206e-07,6.667654977756398e-05
4.402958410649908e-07,6.545333395903291e-05
4.403004329304774e-07,6.376910717714462e-05
4.403067870326066e-07,6.153675938040245e-05
4.403113547391005e-07,6.067924683478888e-05
4.403160358147294e-07,6.042366802389393e-05
4.403208479008347e-07,6.060598590403147e-05
4.403289998336237e-07,6.129004163119226e-05
4.403384885638165e-07,6.1969567098886e-05
4.403484840935685e-07,6.214774094527093e-05
4.403594875462773e-07,6.174948985903075e-05
4.403713428939341e-07,6.084886580531398e-05
4.403864729314552e-07,6.160731438821973e-05
4.403948241797995e-07,6.991240171913269e-05
4.404052444507739e-07,8.368462508891651e-05
4.404126830481224e-07,8.733410189428422e-05
4.404155924545229e-07,8.775751669062374e-05
4.404214112673239e-07,9.838052205488678e-05
4.40425327692158e-07,0.0001284695315979442
4.404298285180425e-07,0.0001770984272015818
4.404330484715593e-07,0.0001956420933796186
4.404354706682328e-07,0.000212222108977113
4.404367889598693e-07,0.0002660741623957646
4.404386514583869e-07,0.0004083447852131052
4.40439958476495e-07,0.0005116842019193027
4.404414708766827e-07,0.00058185635965617
4.404423761992681e-07,0.0006337030932311029
4.404435345244938e-07,0.0007144130105244897
4.404444718305971e-07,0.0007459532264720208
4.404452768166534e-07,0.0007316304452071002
4.404460348216454e-07,0.0006873056533993063
4.404471169981467e-07,0.0005889955303511238
4.404475173349043e-07,0.0005524890578695473
4.404480240940762e-07,0.0005092321523935211
4.404486861994008e-07,0.0004619957288595968
4.404495336049425e-07,0.0004172236562323215
4.404504378781876e-07,0.0003815311309129759
4.404513463822678e-07,0.0003542718241248802
4.404522467281952e-07,0.0003344313859746159
4.404532628100393e-07,0.0003161203688445615
4.404544979715056e-07,0.0002908840567571477
4.404558230858766e-07,0.0002546921877500974
4.404573368255577e-07,0.0002053335580110454
4.40458922729619e-07,0.0001573429927120768
4.404603036682136e-07,0.000133957042503725
4.404616622307204e-07,0.0001298798364296427
4.404626479445034e-07,0.0001233285965953988
4.404633492420643e-07,0.0001193389995175876
4.404641533707845e-07,0.000125576333020339
4.404648729427128e-07,0.0001356933374976753
4.4046584876766e-07,0.0001444625493533037
4.404670930625184e-07,0.0001461190380444937
4.404681596800015e-07,0.0001427995723376971
4.404693836833649e-07,0.0001367529356087421
4.404709341833846e-07,0.0001276778831756524
4.40473098674709e-07,0.0001150309363025104
4.404754382852994e-07,0.0001118819721525759
4.404779532475273e-07,0.0001263142015036512
4.404797473300489e-07,0.0001342367074057708
4.404818883908466e-07,0.0001336498231398667
4.404842245683764e-07,0.0001348786488500086
4.404860411451828e-07,0.0001474287768635116
4.404873700950456e-07,0.0001503646518506594
4.404886690906895e-07,0.0001501559783850422
4.404900419987514e-07,0.0001709800826645211
4.404911131263924e-07,0.0002054844051012869
4.404921002307065e-07,0.0002348613789259169
4.404931163032872e-07,0.0002549971158496565
4.404942064453939e-07,0.0002621778996745813
4.404957392527029e-07,0.0002521355386373105
4.404968758346182e-07,0.0002439800835688788
4.404982052322235e-07,0.0002688254342871774
4.404998939269716e-07,0.0003497984681748928
4.405017297177697e-07,0.0004145314033002051
4.405031318083e-07,0.0004239497305742498
4.405046440456802e-07,0.0004032878976273714
4.405067059612836e-07,0.0003547962245916187
4.405081982308848e-07,0.0003175615112088891
4.40510005076107e-07,0.0002748922032118804
4.405125772762349e-07,0.0002202003096933456
4.405165920747437e-07,0.0001503531255659794
4.40520767215601e-07,9.923350845161316e-05
4.40525756596292e-07,6.802694149650321e-05
4.405310372393219e-07,5.760596057184478e-05
4.405362938055068e-07,5.531728855168455e-05
4.40541634369782e-07,5.486144295222132e-05
4.405473490671744e-07,5.47522928364699e-05
4.405544196744843e-07,5.470821696198698e-05
4.405640078804912e-07,5.467931407996298e-05
4.405783740116601e-07,5.465365817074666e-05
4.406005360432755e-07,5.462990793772452e-05
4.406312668862811e-07,5.46114159204338e-05
4.406795334435292e-07,5.459627937155706e-05
4.407535134379009e-07,5.458489412702388e-05
4.408515919383985e-07,5.457742559281809e-05
4.409923662961928e-07,5.457203883737929e-05
4.412080684748556e-07,5.456805264035055e-05
4.415147970185265e-07,5.45653883344728e-05
4.419528089018334e-07,5.456358612617097e-05
4.425779284579433e-07,5.456236646390512e-05
4.434823979414665e-07,5.456153692525107e-05
4.44790692820831e-07,5.456097766233515e-05
4.466804600791246e-07,5.456059583242495e-05
4.494102052502783e-07,5.456032535332076e-05
4.52e-07,5.456018103379408e-05
4.5205e-07,5.462115270285952e-05
4.520638226542581e-07,5.505047448653583e-05
4.520788956010394e-07,5.694261260235046e-05
4.520863550581176e-07,5.888611914269787e-05
4.520932831426324e-07,6.113778816338691e-05
4.521013863690879e-07,6.310793225451105e-05
4.521082419735587e-07,6.362483379034464e-05
4.521130770128696e-07,6.76738996834612e-05
4.521179660539114e-07,8.36230329976574e-05
4.521231483957055e-07,0.0001057388889361816
4.521276539534248e-07,0.0001150839016148809
4.521320586497867e-07,0.0001366729614381681
4.521360828814772e-07,0.0002680542814674093
4.521391753708934e-07,0.0004023580555588897
4.521415405509059e-07,0.0004700157027600537
4.521444065642229e-07,0.0005234035277937413
4.521458984779782e-07,0.0005655011877623668
4.521468852794015e-07,0.0005920782992535599
4.521480693000192e-07,0.0006047420188281783
4.521489449353825e-07,0.0005947803563696852
4.521503449288025e-07,0.0005504782480585908
4.5215135299986e-07,0.0005060799794908675
4.521522183263836e-07,0.0004693788850169705
4.521528790248287e-07,0.0004459272593351422
4.521542004217188e-07,0.0004067250611629829
4.521552555964372e-07,0.0003782186144983319
4.521562076369084e-07,0.0003529205981028372
4.521572063927383e-07,0.0003259630574613581
4.521585812712725e-07,0.0002881325580056924
4.521603559455788e-07,0.0002400080560565408
4.521624799893922e-07,0.0001893379404145531
4.521648164568791e-07,0.0001512587874562859
4.521675011702992e-07,0.0001294377024125884
4.521697427123585e-07,0.0001188178445266645
4.521721672228142e-07,0.0001109349988007728
4.52173930354768e-07,0.0001065402588494149
4.521757562610209e-07,0.000102601085646931
4.521785435680196e-07,9.724040514913264e-05
4.521816139766611e-07,9.243967156389336e-05
4.521842324337399e-07,8.969146445667761e-05
4.521871162727788e-07,8.760006062438338e-05
4.521896670493595e-07,8.633492840488947e-05
4.521934987096463e-07,8.517956000519881e-05
4.521967493548232e-07,8.488149152600382e-05
4.522e-07,8.565005177089903e-05
4.52203069047014e-07,8.797374848481009e-05
4.522065142315685e-07,9.352487481670047e-05
4.522099826035109e-07,0.0001030756795415598
4.522169193473956e-07,0.0001310494293195065
4.522227389658624e-07,0.000147147253176173
4.522275525702764e-07,0.000145141187978834
4.522300640421528e-07,0.0001414223542320146
4.522343613250509e-07,0.0001396725028915445
4.522363500435782e-07,0.0001412614856543103
4.522385743536466e-07,0.000140288221802732
4.522403480351403e-07,0.0001353029372936825
4.522428229326435e-07,0.0001220438852225156
4.522446483341306e-07,0.0001109783983151947
4.522459563539184e-07,0.0001050575112649524
4.522473330145531e-07,0.0001008402215857128
4.522485277582513e-07,9.772754978612131e-05
4.522498777783839e-07,9.420327127138321e-05
4.522513573385449e-07,9.021683122056738e-05
4.522534482249605e-07,8.463986409724147e-05
4.522567785337734e-07,7.726163117787051e-05
4.522600232920448e-07,7.261619358445548e-05
4.522637441005936e-07,6.956136585163262e-05
4.522687871394801e-07,6.719400205050584e-05
4.522763684662363e-07,6.497307348964589e-05
4.522879998746849e-07,6.351263645505315e-05
4.523050397350481e-07,6.515269872970954e-05
4.523212420286826e-07,6.793010480677752e-05
4.523283492731966e-07,6.872920722323691e-05
4.523330469331072e-07,6.862016507238767e-05
4.523380329871728e-07,6.765783713329023e-05
4.523426728944847e-07,6.613057252289173e-05
4.523473368704749e-07,6.41433114411926e-05
4.523509358957077e-07,6.26789466453423e-05
4.523548621212684e-07,6.179496333030897e-05
4.523586923622357e-07,6.168685201191496e-05
4.523625550049572e-07,6.222652525127196e-05
4.523680122774858e-07,6.352768932421529e-05
4.523769920513414e-07,6.538424965497951e-05
4.523856471748243e-07,6.593044311209008e-05
4.523938608474216e-07,6.537195218631551e-05
4.524027666201467e-07,6.42288783546497e-05
4.524122442328363e-07,7.359387065650586e-05
4.524202785863904e-07,9.179375426980556e-05
4.524264470536932e-07,9.70192725332111e-05
4.524329950760429e-07,0.0001040292284862891
4.524368685659316e-07,0.0001413620022446133
4.524380943843656e-07,0.0001609609533866122
4.524393559426724e-07,0.0001829403114803295
4.524403871293392e-07,0.0002009547972778072
4.524420272146476e-07,0.0002394291122340956
4.524431525802817e-07,0.0002843433568943121
4.524444045025844e-07,0.0003362367486459198
4.524454222928871e-07,0.0003568413212448005
4.524462114452907e-07,0.0003553313930155567
4.524468685659316e-07,0.0003491406117310463
4.524471255324551e-07,0.0003386381059582493
4.524475002889928e-07,0.0003258210671554196
4.524478417890047e-07,0.0003159740352956887
4.524484781365473e-07,0.0003007629109441224
4.524493828456191e-07,0.0002871005747485057
4.524503440295265e-07,0.0002865479529012878
4.524513395160184e-07,0.0002994526991739943
4.524522843734537e-07,0.0003121992616437182
4.52453399333835e-07,0.0003125712982542252
4.524548342298075e-07,0.0002852883336429326
4.524560464956966e-07,0.0002559736574266659
4.524570716684941e-07,0.0002636857495135664
4.524579012801716e-07,0.0002944130517306877
4.524585794124398e-07,0.0003248292624806944
4.524592733572013e-07,0.0003561227288261674
4.524599178816926e-07,0.0003821160636967418
4.524608029177871e-07,0.0004073375951016009
4.52461859398783e-07,0.0004250956995728203
4.524628822127539e-07,0.0004343381474420681
4.524640004717241e-07,0.0004284738766852867
4.524652224657183e-07,0.0004054496165117168
4.524661227246403e-07,0.0003836336508318577
4.524671836596843e-07,0.0003628857394639418
4.524681723234155e-07,0.0003476039031644801
4.524690162355973e-07,0.0003315638785457222
4.524700322359824e-07,0.0003099948804979079
4.524707811374222e-07,0.0002980207065399524
4.524714970557513e-07,0.0002898199300090451
4.524724082478419e-07,0.0002799770170791756
4.524735784954304e-07,0.0002661771396608549
4.52474639092741e-07,0.0002543191138589314
4.524758310669574e-07,0.0002455919508285574
4.524772780215375e-07,0.0002444043960101679
4.524792201230356e-07,0.0002564053153712964
4.524811602991949e-07,0.0002683757339957645
4.52482745572165e-07,0.0002623111074550427
4.524841874986991e-07,0.0002413894076070757
4.524854228246939e-07,0.0002196290829664821
4.524868378068896e-07,0.0002049549411837924
4.524878294688348e-07,0.0001969325408798827
4.524889592094598e-07,0.0001829623400580727
4.524903858762482e-07,0.0001665522508325664
4.524916560981953e-07,0.0001706181702317739
4.524929203137651e-07,0.0001883091325317394
4.524941262638372e-07,0.000198789042465812
4.5249505003308e-07,0.0002013179055281667
4.524967924593977e-07,0.0001963345115954937
4.524980433356088e-07,0.0001880100478746345
4.52499373156888e-07,0.0001801104796129227
4.525008376616916e-07,0.0001808116284938704
4.525030368581187e-07,0.0002082534925303736
4.525048228788356e-07,0.0002341131790973475
4.525064672629538e-07,0.0002371195093439732
4.525081097582235e-07,0.0002256825126024929
4.525098447881912e-07,0.0002728822628067178
4.525118531713277e-07,0.0003662231111094939
4.525133876436199e-07,0.0003928132906050914
4.52514611310902e-07,0.0003877901662557223
4.525166744786209e-07,0.0003526445798556185
4.525181684077534e-07,0.0003198415731670437
4.525198396237811e-07,0.0002839300801525055
4.525218188024532e-07,0.000243980384613728
4.525252082783577e-07,0.0001828182881996945
4.525287196051907e-07,0.0001293360906214995
4.525331976934099e-07,8.288910915565439e-05
4.525380907317867e-07,6.220191925338127e-05
4.525444375645008e-07,5.651544708577489e-05
4.525497248524787e-07,5.590295335648109e-05
4.525549350472331e-07,5.57259172583389e-05
4.52560837704062e-07,5.559605699953887e-05
4.525692907505741e-07,5.544238970759005e-05
4.525820418619452e-07,5.525471862033821e-05
4.526040892614856e-07,5.502186581567317e-05
4.526453718721753e-07,5.477961994166676e-05
4.527082922471455e-07,5.463897263297921e-05
4.527899232667913e-07,5.459029304432373e-05
4.528892315116638e-07,5.457632992882645e-05
4.530200135261145e-07,5.457061923238206e-05
4.532107510775966e-07,5.456707039368699e-05
4.535136489307277e-07,5.456469195749988e-05
4.539600122731695e-07,5.456335915471793e-05
4.54592356737271e-07,5.456258218974242e-05
4.554940634734787e-07,5.456197294935528e-05
4.568022664106274e-07,5.456138886421882e-05
4.587080739252383e-07,5.456086442636109e-05
4.6e-07,5.456064179116013e-05
4.6005e-07,5.457915623774837e-05
4.600638226542581e-07,5.473851569268104e-05
4.600914679627742e-07,5.859493233029578e-05
4.600997512850671e-07,6.132071605281705e-05
4.601070649802384e-07,6.318116284526916e-05
4.601145053382504e-07,6.414361598941829e-05
4.601199290568811e-07,6.988713202354776e-05
4.601254298043544e-07,9.107908688008883e-05
4.601311176808445e-07,0.0001151959855208922
4.601365790546661e-07,0.0001224767878012568
4.601406327659668e-07,0.0001173542710722519
4.60145618416758e-07,0.0001132395916978464
4.601477118622858e-07,0.0001199670648956963
4.601495010630044e-07,0.0001310924818235788
4.601514258411353e-07,0.0001458325765851505
4.601534624319753e-07,0.0001628869950278296
4.601554612975741e-07,0.0001954137075187962
4.6015744961589e-07,0.0002274017701438082
4.601591769016453e-07,0.0002465665389479181
4.601605734754122e-07,0.0002806623523328565
4.60162174387497e-07,0.0003386225604856521
4.601635747611395e-07,0.0003866519304373897
4.601651650048985e-07,0.0004214829405955399
4.601670387054069e-07,0.0004477830595445603
4.601687359063114e-07,0.0004669047057955485
4.601698432078673e-07,0.000473257245097501
4.601710262094115e-07,0.0004767681407745544
4.601720225497622e-07,0.0004786673485368631
4.601733581135706e-07,0.0004775697792734053
4.601746820733514e-07,0.000468474959976992
4.601758313656715e-07,0.0004541638908325481
4.601772075799783e-07,0.0004311928194590521
4.601791755743116e-07,0.0003964736083991662
4.601806055207213e-07,0.0003810215027474955
4.601821551105437e-07,0.0003750877522372454
4.601833566271125e-07,0.0003717069345366145
4.601845081799734e-07,0.0003634353229034187
4.601859824813603e-07,0.0003366343362705687
4.601870945959536e-07,0.0003045249637896962
4.601880098009471e-07,0.0002754823331418915
4.601888106794915e-07,0.0002515496097254052
4.601898830503917e-07,0.0002301784158373527
4.60190801413698e-07,0.0002214071870252803
4.601917134587782e-07,0.0002127310584668706
4.60192629223435e-07,0.0002050280371336046
4.601936547713875e-07,0.0001969974880360161
4.601949130387398e-07,0.0001872641562379265
4.601958248596699e-07,0.0001809363653341235
4.601969156501656e-07,0.0001741386915822849
4.601986188020981e-07,0.0001648549199066523
4.602000000000001e-07,0.0001582223821732918
4.602015789572078e-07,0.0001515325345611305
4.602036843877899e-07,0.0001434324335709892
4.602058486978526e-07,0.0001360528780634866
4.602095601202332e-07,0.000125051125981132
4.602141130696405e-07,0.000113831500135136
4.602192349623681e-07,0.0001038775517388867
4.602249942992659e-07,9.531594300758545e-05
4.602320604595064e-07,8.703738795580255e-05
4.602414131700453e-07,7.82711671574439e-05
4.602512305214416e-07,7.192230798624071e-05
4.602650375318416e-07,6.813000051054672e-05
4.602747418261025e-07,6.796503422968628e-05
4.60281621122276e-07,6.809117688656312e-05
4.602867105226078e-07,6.773358312718766e-05
4.602918042746115e-07,6.66766944058296e-05
4.602958410451703e-07,6.545348117145472e-05
4.60300432908783e-07,6.37692566641803e-05
4.603067870077704e-07,6.153690906399045e-05
4.603113547191483e-07,6.067939428187957e-05
4.603160357848528e-07,6.042381467954425e-05
4.603208478689269e-07,6.060613140032769e-05
4.603289997897857e-07,6.12901857920521e-05
4.603384885205933e-07,6.196971246586938e-05
4.603484840450116e-07,6.214788784362608e-05
4.603594874954667e-07,6.174963812726761e-05
4.603713428363235e-07,6.084901428406312e-05
4.603864728658284e-07,6.160743001559473e-05
4.603948240403672e-07,6.99123713044766e-05
4.604052442916394e-07,8.368553638413117e-05
4.604126828222793e-07,8.735215599709042e-05
4.604155590456203e-07,8.778021740385458e-05
4.604213114923023e-07,9.795462275831885e-05
4.604252465567918e-07,0.0001276717273762478
4.60429763834237e-07,0.0001765061950695693
4.604329915844093e-07,0.0001955243034929828
4.604354997623082e-07,0.0002129195726676897
4.604368289122823e-07,0.0002684251418713113
4.604381357743277e-07,0.0003649669107921291
4.604394464390206e-07,0.0004760659628877089
4.604408597699171e-07,0.000558080582540966
4.604420653483077e-07,0.0006134061683720141
4.604433426784617e-07,0.0007026250640649932
4.60444395447607e-07,0.0007453137125395776
4.604452197234643e-07,0.0007337956576964772
4.604460111344364e-07,0.0006890568053513774
4.604469992840304e-07,0.0005995405084224174
4.604474279448516e-07,0.0005602137389235438
4.604479289561721e-07,0.0005168176471811582
4.604485634107552e-07,0.0004698126303221518
4.604494349050293e-07,0.0004218018904292683
4.604503440748923e-07,0.0003849088614087345
4.6045127030047e-07,0.0003563301644944612
4.604521643220173e-07,0.0003360925905598876
4.604531679977081e-07,0.0003178775680353897
4.604543745510251e-07,0.0002938076090340603
4.604556949225551e-07,0.0002586541188377493
4.604571806992056e-07,0.0002105429185005854
4.604587827878071e-07,0.000161001033872656
4.604601619223298e-07,0.0001353632307081944
4.604611533732547e-07,0.0001313106582402305
4.604621658816667e-07,0.0001279047595534792
4.604631569417562e-07,0.0001200133327328328
4.604640689582388e-07,0.0001240035924532411
4.604647869429724e-07,0.0001342018245549228
4.604656426063337e-07,0.0001430622644249666
4.604666527981166e-07,0.0001464302773127482
4.604676658617787e-07,0.0001446730673983442
4.604688225584399e-07,0.0001397755449886401
4.604701933240669e-07,0.0001322216750454749
4.604720768539573e-07,0.0001207684983676384
4.604743656400307e-07,0.0001109302368680992
4.604768150198471e-07,0.0001188869610971362
4.604790464374452e-07,0.0001336792905262314
4.604811446407491e-07,0.0001397715566677308
4.60483593836408e-07,0.0001358041114551394
4.604859919457009e-07,0.0001399189188434339
4.60488128980863e-07,0.0001722202019657967
4.604896982144306e-07,0.0001984179908249993
4.604911393821646e-07,0.0002148271981928467
4.604923638248627e-07,0.0002368339328338998
4.604935987454328e-07,0.0002829348732988833
4.604952387752933e-07,0.0003293271371402633
4.60496485357959e-07,0.0003376026290264954
4.604976501194695e-07,0.000349520521009073
4.604991939009819e-07,0.0004054159890911382
4.605004041432004e-07,0.0004579804445971269
4.605018273839973e-07,0.0004913596753655796
4.605030674673709e-07,0.0004903362929463104
4.605047618015889e-07,0.0004564482968624791
4.605067836453575e-07,0.0003962864424550328
4.605083205001013e-07,0.0003498132921935362
4.605101083010509e-07,0.000298929841070348
4.605128493520475e-07,0.0002294258938260226
4.605168719396843e-07,0.0001489078154003696
4.605211024729303e-07,9.454889353727239e-05
4.605261200477387e-07,6.560820269386516e-05
4.605316192679448e-07,5.686724234571372e-05
4.605366565088577e-07,5.522224536288866e-05
4.605419158299601e-07,5.48536627939659e-05
4.605477477190171e-07,5.475123877628542e-05
4.605552003209848e-07,5.47059275783511e-05
4.605654544951398e-07,5.467620503394469e-05
4.605810174524403e-07,5.465011032559274e-05
4.606028834319515e-07,5.462811085338657e-05
4.606339203601812e-07,5.461032334934121e-05
4.606835733815026e-07,5.459545182976589e-05
4.607591537650225e-07,5.45843487211032e-05
4.608596247090448e-07,5.457704189797197e-05
4.610042926643928e-07,5.457176521165666e-05
4.612248892860634e-07,5.456788265140271e-05
4.615388869814091e-07,5.456528176670874e-05
4.619872605225474e-07,5.456352055347879e-05
4.626277014243056e-07,5.45623261021576e-05
4.635542041804001e-07,5.456151216350359e-05
4.648944019894895e-07,5.456096102578166e-05
4.668302419084687e-07,5.456058237909501e-05
4.696270690365708e-07,5.456031260950114e-05
4.72e-07,5.456018106519512e-05
4.7205e-07,5.462115267518926e-05
4.720638226542581e-07,5.50504732001672e-05
4.720788959882261e-07,5.694269921965051e-05
4.720863549865816e-07,5.888609809267387e-05
4.72093283257679e-07,6.113782316618277e-05
4.721013864892219e-07,6.310794861865657e-05
4.721082421234987e-07,6.362485613381183e-05
4.721130771354257e-07,6.767413108901505e-05
4.721179661802791e-07,8.362360846972215e-05
4.721231484954808e-07,0.0001057398820377182
4.721276540726837e-07,0.0001151415541374664
4.721320588723105e-07,0.0001378506693922935
4.721360832395394e-07,0.0002713760036936303
4.721391775050871e-07,0.0004066149347835131
4.721415423930975e-07,0.0004744838450977628
4.721444029470735e-07,0.0005278280665365596
4.721458912656395e-07,0.000569898349828059
4.72146877757807e-07,0.000596678608542779
4.721480699823974e-07,0.0006096884095477607
4.721489391379093e-07,0.0005999704722775441
4.721503393530606e-07,0.0005547021265058753
4.721513507406313e-07,0.0005097096023021844
4.721522197208623e-07,0.000472534663203618
4.721528811757131e-07,0.0004488896418947446
4.721542040854146e-07,0.0004094338837085146
4.721552552549837e-07,0.0003809583993609806
4.72156206631535e-07,0.0003555945455831124
4.721572041467428e-07,0.0003285358548263032
4.721585804553539e-07,0.0002903891733927045
4.721603589547094e-07,0.0002416845624554803
4.721624818024664e-07,0.000190511192225404
4.721648210351401e-07,0.0001518342580025876
4.721674859724268e-07,0.000129881604453974
4.721697239229063e-07,0.0001191811654590918
4.721721485347273e-07,0.0001112452618465667
4.721739184817306e-07,0.0001068295064379765
4.721757457826348e-07,0.0001029024197773316
4.721785339219445e-07,9.756798334963591e-05
4.721816035950485e-07,9.277979646003933e-05
4.721842129731658e-07,9.002773934135825e-05
4.721871197652436e-07,8.790197165660995e-05
4.721896726322149e-07,8.662395342364482e-05
4.721935208432747e-07,8.541838574493234e-05
4.721967604216374e-07,8.497260860256204e-05
4.722000000000001e-07,8.537190693924923e-05
4.722030638182781e-07,8.709711795120456e-05
4.722065027554469e-07,9.166128962324171e-05
4.722099654749608e-07,9.99783565726364e-05
4.722168909139884e-07,0.0001269255926190373
4.7222296920273e-07,0.0001461494971063869
4.722278894396501e-07,0.0001459603211919414
4.722322468611677e-07,0.0001400057156622892
4.722351712292277e-07,0.0001395795975377669
4.722369351563447e-07,0.0001410798262284827
4.722390602270365e-07,0.0001410308782252406
4.722407525026996e-07,0.0001374380738442337
4.722425601634563e-07,0.0001294429932856477
4.722445874715546e-07,0.0001170088222841918
4.722460893835071e-07,0.0001084792606977911
4.722472997880754e-07,0.00010371228709849
4.722489824550606e-07,9.898191126081495e-05
4.722505549186108e-07,9.490979932926518e-05
4.72251966287012e-07,9.112965782100751e-05
4.722536591508053e-07,8.655447217384185e-05
4.722568270755033e-07,7.898525816098568e-05
4.722600278098836e-07,7.368368734600472e-05
4.722636417411416e-07,7.020194889575058e-05
4.722680158550621e-07,6.782510048637701e-05
4.722751721953081e-07,6.547544088943937e-05
4.722854684296368e-07,6.375712655978906e-05
4.723009843666766e-07,6.453015868302522e-05
4.723174563391028e-07,6.738309773194324e-05
4.723262694253406e-07,6.853584333627596e-05
4.723314175543179e-07,6.876620589845632e-05
4.72337701005945e-07,6.774825899292654e-05
4.723429116578146e-07,6.603503614972761e-05
4.723472892281133e-07,6.415761371064861e-05
4.723509146607619e-07,6.26799758990679e-05
4.723548354488486e-07,6.179596717532269e-05
4.723586700074812e-07,6.168695685957646e-05
4.723625347152394e-07,6.222713849891958e-05
4.723679907212203e-07,6.352843865745879e-05
4.723769677325247e-07,6.538461209044481e-05
4.723856201790839e-07,6.593058254847651e-05
4.72393832936913e-07,6.537210487758361e-05
4.724027370473799e-07,6.422875810385542e-05
4.72412214613882e-07,7.358929058810069e-05
4.724202489912975e-07,9.179053760534606e-05
4.724264173611009e-07,9.701899726334074e-05
4.724329670885932e-07,0.0001040284335718415
4.724368406052366e-07,0.0001413618116005487
4.724380665278482e-07,0.0001613524161031972
4.724393281632398e-07,0.0001835841298166153
4.724403593699731e-07,0.0002016510579423586
4.724419956507907e-07,0.0002344345812955788
4.724437613177285e-07,0.0002789265354294741
4.72445150947163e-07,0.0002960046426003761
4.724459957761998e-07,0.0002903108184187531
4.724468406052366e-07,0.0002817652639556466
4.72447144449489e-07,0.000275305835729731
4.72447570635501e-07,0.0002686135695796296
4.724479646155191e-07,0.0002638589772796322
4.7244863053465e-07,0.0002577408852578822
4.724495611225822e-07,0.0002538654959875833
4.724505262685231e-07,0.0002581675176357728
4.724515416429264e-07,0.0002709625462074238
4.724525703525703e-07,0.0002847068276045366
4.724537505142762e-07,0.0002905054602936068
4.724551381828127e-07,0.0002784346320461219
4.724565909909307e-07,0.000263702620521459
4.724579958396437e-07,0.0003092551140175272
4.724590793882269e-07,0.0003606900336503103
4.724602294770662e-07,0.000402687866771761
4.724616125947565e-07,0.0004341919125598632
4.724627542158031e-07,0.000451916581649954
4.724640048672897e-07,0.0004484591014531082
4.724652741273182e-07,0.0004198976930379609
4.724662015482521e-07,0.0003917592471834731
4.72467250315042e-07,0.000368880888268632
4.724682333777596e-07,0.0003544841166324694
4.724690767811614e-07,0.0003360734816521448
4.724700965960572e-07,0.0003098270680493486
4.724708339218404e-07,0.0002987082750450962
4.724715572866807e-07,0.0002938977804500089
4.724724811820266e-07,0.0002882878623192026
4.724736597435315e-07,0.0002772911255507387
4.724747246879623e-07,0.0002656314199667502
4.724759255178698e-07,0.0002551806875316767
4.724773916693241e-07,0.0002498275642197248
4.724793714105879e-07,0.0002544793194744126
4.724813293009624e-07,0.0002594676747150682
4.724828829252426e-07,0.0002503441789640359
4.724843652455858e-07,0.0002278407012236496
4.724855217360988e-07,0.0002046865339054627
4.724867841954579e-07,0.0001827208676682302
4.724878357491787e-07,0.0001681767473529233
4.724892265321495e-07,0.000153345924426731
4.7249069427176e-07,0.0001509346049921453
4.724921127836741e-07,0.0001548206737896081
4.724938513040439e-07,0.000157597141871809
4.724950908114466e-07,0.000156594134754628
4.724966580156592e-07,0.0001525971204720602
4.724990623896296e-07,0.0001624111349298712
4.725009171524707e-07,0.0001996579863258664
4.725024044280413e-07,0.0002349442947532724
4.725038561949872e-07,0.0002602289737823833
4.725054420935688e-07,0.0003038310744534474
4.725068733729224e-07,0.000347728954806881
4.725082310244888e-07,0.0003654462291639444
4.725092207721712e-07,0.0003904054174404469
4.725104881688379e-07,0.0004514131804782439
4.725117846823679e-07,0.0005000289204531402
4.725128507226117e-07,0.0005146410556536172
4.72514122443797e-07,0.0005061401433306652
4.725160970044959e-07,0.0004593173853855291
4.725176487157229e-07,0.000410866325896503
4.725192349728764e-07,0.0003611837957820742
4.725210470831785e-07,0.0003072083318242673
4.725238610744465e-07,0.0002313406417122128
4.725272399570505e-07,0.0001564579903639459
4.725312785542138e-07,9.674251315442697e-05
4.725360542106422e-07,6.642826156795085e-05
4.72541415626105e-07,5.80818086622509e-05
4.725459810830403e-07,5.677206673226965e-05
4.725508431457781e-07,5.639680799872298e-05
4.725562073894637e-07,5.619527369310843e-05
4.725634039483108e-07,5.598834247526204e-05
4.72573383994436e-07,5.574890892086646e-05
4.725891313068962e-07,5.545163129802401e-05
4.72615751565029e-07,5.511030446628259e-05
4.726689920812948e-07,5.477498102816258e-05
4.727386888037957e-07,5.463422549422315e-05
4.728273203761461e-07,5.45907215413764e-05
4.729356946909087e-07,5.457819171237637e-05
4.73086627138218e-07,5.45721592960143e-05
4.733035363018354e-07,5.456825676386901e-05
4.736450853633617e-07,5.456560000078613e-05
4.741499243259333e-07,5.456401646993208e-05
4.748672261615702e-07,5.456300741737811e-05
4.758917662267369e-07,5.4562200085981e-05
4.773772146044077e-07,5.456148457454948e-05
4.786886073022038e-07,5.456108583621687e-05
4.800000000000001e-07,5.456081434554178e-05
4.800500000000001e-07,5.45793335334954e-05
4.800638226542581e-07,5.473868935647283e-05
4.800914679627742e-07,5.859510522646292e-05
4.80099751287039e-07,6.132088936556361e-05
4.801070649817136e-07,6.318133558574026e-05
4.801145053394781e-07,6.414378865950092e-05
4.801199290573123e-07,6.98873054122045e-05
4.801254298048932e-07,9.107926181089963e-05
4.801311176813198e-07,0.0001151961590160825
4.801365790552818e-07,0.0001224769592756063
4.801406327665766e-07,0.0001173544414675343
4.801456184177097e-07,0.0001132397647517319
4.80147711863303e-07,0.0001199672415482627
4.801495010640261e-07,0.0001310926599460505
4.801514258419547e-07,0.0001458327544771727
4.801534624335087e-07,0.0001628871833348698
4.80155461298648e-07,0.0001954139005780278
4.801574496173313e-07,0.000227401958667908
4.80159176902478e-07,0.0002465667252915479
4.801605734763832e-07,0.0002806625576160373
4.801621743880973e-07,0.0003386227576647256
4.801635747618317e-07,0.0003866521255744354
4.801651650056335e-07,0.0004214831256982333
4.801670387064812e-07,0.0004477832482191923
4.801687359073278e-07,0.0004669048860261752
4.801698432086228e-07,0.0004732574191107429
4.801710262098607e-07,0.000476768311128284
4.801720225503031e-07,0.0004786675176873593
4.8017335811408e-07,0.0004775699445764226
4.801746820735799e-07,0.0004684751245010514
4.801758313659145e-07,0.0004541640542648953
4.801772075803864e-07,0.0004311929798338494
4.801791755747811e-07,0.0003964737710529288
4.801806055212534e-07,0.0003810216707816591
4.801821551111012e-07,0.0003750879242489172
4.801833566275424e-07,0.0003717071063753616
4.801845081805883e-07,0.0003634354895884037
4.801859824817363e-07,0.0003366344991694405
4.801870945962875e-07,0.0003045251246071493
4.801880098011427e-07,0.00027548249789082
4.801888106797189e-07,0.0002515497598457178
4.801898830508189e-07,0.0002301784795603363
4.801908014139982e-07,0.0002214072226084838
4.801917134591521e-07,0.0002127310882224139
4.801926292242164e-07,0.0002050280681891541
4.801936547725332e-07,0.0001969975248445224
4.801949130388538e-07,0.0001872642138034655
4.801958248598741e-07,0.0001809364318192209
4.801969156504989e-07,0.0001741387684115551
4.801986188035184e-07,0.0001648550078805541
4.802e-07,0.0001582224900205311
4.802015789570691e-07,0.0001515326563883765
4.802036843872105e-07,0.0001434325735088725
4.802058486966085e-07,0.0001360530346285211
4.802095601184592e-07,0.0001250513023216037
4.802141130677625e-07,0.0001138316877156387
4.802192349603023e-07,0.0001038777413362194
4.80224994296877e-07,9.531613372160483e-05
4.802320604564226e-07,8.703758551841187e-05
4.802414131658031e-07,7.82713759296554e-05
4.802512305105902e-07,7.192251930044933e-05
4.802650375092826e-07,6.813019656270211e-05
4.80274741800908e-07,6.796521824405902e-05
4.802816211096093e-07,6.809135853544299e-05
4.802867105108933e-07,6.773376386954238e-05
4.802918042677011e-07,6.667687610299195e-05
4.802958410333547e-07,6.545366226466631e-05
4.803004328941407e-07,6.376944001282624e-05
4.803067869876563e-07,6.153709029856122e-05
4.803113547061706e-07,6.067957062361887e-05
4.803160357572821e-07,6.042398846187939e-05
4.803208478383837e-07,6.060630246217807e-05
4.803289997402424e-07,6.12903540302725e-05
4.803384884724823e-07,6.196988343274368e-05
4.803484839893604e-07,6.214806274816421e-05
4.803594874339418e-07,6.174981667667725e-05
4.803713427911583e-07,6.084919453736424e-05
4.803864731653837e-07,6.160781615595007e-05
4.803948151636914e-07,6.989801516563183e-05
4.804052307071345e-07,8.364608589443129e-05
4.804126613939358e-07,8.728492685457986e-05
4.804155520928098e-07,8.769410918495779e-05
4.804213334905577e-07,9.744376837881378e-05
4.804252135127997e-07,0.0001251155208362774
4.804296934375935e-07,0.0001696753793957999
4.804328825344379e-07,0.0001851280643444872
4.804353170414292e-07,0.0002015774207455324
4.804366261359714e-07,0.000258971509858486
4.804384564997227e-07,0.0004079286860352308
4.804397456076573e-07,0.0005147409865162346
4.804412438642448e-07,0.0005869958185546031
4.804421553781279e-07,0.0006436143324675481
4.804432860016944e-07,0.0007289513376110839
4.804442085629642e-07,0.0007629721126974958
4.804450106444888e-07,0.0007488726878252309
4.80445762609298e-07,0.0007034437724706222
4.804468807851861e-07,0.000597997423992827
4.804472870381756e-07,0.000559101705736564
4.804477974197679e-07,0.0005131611254529829
4.804484753827455e-07,0.0004617222847381954
4.804493271903383e-07,0.0004124694135534875
4.80450230602576e-07,0.0003729452509306271
4.804511307902462e-07,0.0003448508462818466
4.804520365331097e-07,0.0003275266403433966
4.80453065517e-07,0.0003152430354274102
4.804543262396095e-07,0.0002977506277311378
4.804556598080093e-07,0.0002679708779195029
4.80457200162666e-07,0.000222099851766719
4.804587433789284e-07,0.0001766558053326477
4.804601291993138e-07,0.0001563091043457313
4.804614346486427e-07,0.0001570840312259975
4.804624169440675e-07,0.000149907206762652
4.804630948472228e-07,0.0001463290184460929
4.804638828187025e-07,0.0001574444478008794
4.804646023502216e-07,0.000173451529576554
4.804655932067204e-07,0.0001874029937297048
4.80466816151898e-07,0.000190331301558918
4.804678863848029e-07,0.0001857173955195993
4.804691079814357e-07,0.0001769392428741065
4.804706682001993e-07,0.0001634477806608577
4.804728270466324e-07,0.000144711916820206
4.804751683387751e-07,0.0001402770232932758
4.804776788165527e-07,0.0001620855105444412
4.804794723977244e-07,0.000174028899046972
4.804816147894191e-07,0.0001729799507887473
4.804839481722123e-07,0.000170944985254017
4.804857648866039e-07,0.0001930463000307419
4.804870934063377e-07,0.0002141700611953363
4.804883924316958e-07,0.0002295749785181792
4.804896119698723e-07,0.0002495448300909191
4.804906787463394e-07,0.0002768111215537285
4.804917022549279e-07,0.0003062108190706849
4.804927539252161e-07,0.000349322747250874
4.804937987827805e-07,0.0003917116726288582
4.804947767081372e-07,0.0004136034463323618
4.804957946107138e-07,0.0004167605704329071
4.804969398534504e-07,0.0004150359134816928
4.804984108059913e-07,0.0004459243352709015
4.804996274025785e-07,0.0004926121211534513
4.805009713483316e-07,0.0005284315861489192
4.805022654170217e-07,0.0005318218095034293
4.805036675555336e-07,0.0005057087205471477
4.805057272449915e-07,0.0004398574231767752
4.8050725744369e-07,0.0003862632633522605
4.805089229726895e-07,0.0003310441023047836
4.805110498471256e-07,0.0002673864396531944
4.80514843945918e-07,0.000175955727167225
4.80518839722621e-07,0.0001113979310464754
4.805235423178768e-07,7.290735010271843e-05
4.80528613052475e-07,5.907720826506593e-05
4.805335144682223e-07,5.581287985151826e-05
4.80538763161922e-07,5.503478261250201e-05
4.805441923568051e-07,5.484577431013574e-05
4.805508713232672e-07,5.477199186130324e-05
4.805595857507546e-07,5.472999366726456e-05
4.805724576408334e-07,5.469517555526125e-05
4.80591106921367e-07,5.466417975222948e-05
4.806165268124589e-07,5.463877568208461e-05
4.806548567976465e-07,5.461731733225527e-05
4.80722706372856e-07,5.459839131578442e-05
4.808090922868067e-07,5.458682319795083e-05
4.809304564174159e-07,5.457864053565702e-05
4.811117143357726e-07,5.457264938057044e-05
4.813790324030022e-07,5.456847068725042e-05
4.817598787678988e-07,5.456567853951909e-05
4.823024182846108e-07,5.456380094339384e-05
4.830827602054259e-07,5.456252909406391e-05
4.842125136664034e-07,5.456166914252413e-05
4.858459007344486e-07,5.456108729953581e-05
4.882049361075314e-07,5.456068457063243e-05
4.901024680537657e-07,5.456050124879612e-05
4.92e-07,5.456037203718676e-05
4.9205e-07,5.462134512534454e-05
4.920638226542581e-07,5.505066202098383e-05
4.920788970593495e-07,5.694311571796113e-05
4.920863547899527e-07,5.88862324612542e-05
4.920932835695477e-07,6.113811377648473e-05
4.921013868116187e-07,6.310818563918815e-05
4.921082425276502e-07,6.362511038556451e-05
4.921130774083529e-07,6.767484077420293e-05
4.92117966412751e-07,8.362484473214041e-05
4.921231486336522e-07,0.0001057412489875594
4.921276542299538e-07,0.0001152045171426931
4.921320591102008e-07,0.0001390792634170758
4.921360836012155e-07,0.000274769663918465
4.921391796049946e-07,0.0004109195377536121
4.921415441879039e-07,0.0004789751442261444
4.921443993590716e-07,0.0005322448658175561
4.921458840414345e-07,0.0005742702648837447
4.92146870084554e-07,0.0006011706435574821
4.921480618046765e-07,0.0006145003336905728
4.921489311919242e-07,0.0006050820343577581
4.921503275466622e-07,0.0005591401974419872
4.921513462254875e-07,0.0005133974807650969
4.921522153568712e-07,0.0004758935378633104
4.921528795874606e-07,0.0004519719256730341
4.921541816289702e-07,0.0004128996754860191
4.921552330506948e-07,0.0003843314197389366
4.921561803005228e-07,0.0003590301791605876
4.921571768311294e-07,0.0003319181375759211
4.921585389115307e-07,0.0002939549589317167
4.921603153288619e-07,0.0002448272341012696
4.921624348914798e-07,0.0001929516860329999
4.921647641141164e-07,0.0001533696830917821
4.92167418787562e-07,0.0001307157803126426
4.921696546122221e-07,0.0001197815429009669
4.921720855427663e-07,0.0001116935797331321
4.921738587391858e-07,0.0001072310306601216
4.921756853193984e-07,0.0001032990502743275
4.921784716991136e-07,9.798444713527862e-05
4.921815326593046e-07,9.319900047325138e-05
4.921841578278176e-07,9.040237044972327e-05
4.921870238681409e-07,8.826919964210191e-05
4.921895713522177e-07,8.696221918712103e-05
4.921933879308695e-07,8.571194553814425e-05
4.921966939654347e-07,8.513239959441897e-05
4.922e-07,8.523303560025162e-05
4.922030950840905e-07,8.646546430340168e-05
4.922065714116214e-07,9.024072940668397e-05
4.922100679498728e-07,9.757461958148281e-05
4.922170610263756e-07,0.0001235307228162763
4.922233572892232e-07,0.0001451179866314388
4.922284207770038e-07,0.0001464772781727991
4.922342111871938e-07,0.0001392997923765927
4.922368195170165e-07,0.000140055723389007
4.922385408955984e-07,0.0001413670738936359
4.922404807039919e-07,0.000140339509436958
4.922423570354215e-07,0.0001350172591225173
4.922445926520283e-07,0.0001230202751882069
4.922458909862581e-07,0.0001147941639861409
4.922472333685696e-07,0.0001075565900543336
4.922484352299437e-07,0.0001031037526691622
4.922497486411427e-07,9.944125751178287e-05
4.922512236736042e-07,9.562518796993753e-05
4.922526069107346e-07,9.194319007758245e-05
4.922542980736215e-07,8.736003966618764e-05
4.92256971457842e-07,8.066998513496359e-05
4.92260277179908e-07,7.45800194541869e-05
4.922637145567574e-07,7.081681213033222e-05
4.922678428342973e-07,6.827457384161537e-05
4.922744305582222e-07,6.59081649537407e-05
4.922835357054511e-07,6.408955033953741e-05
4.922978322551724e-07,6.416885490427212e-05
4.92314569220449e-07,6.691736556577012e-05
4.923301648250655e-07,6.874243063294695e-05
4.923360950602401e-07,6.80560635325385e-05
4.923420741494899e-07,6.62896651496268e-05
4.923485888481732e-07,6.353244559788124e-05
4.92352437132088e-07,6.221909260060467e-05
4.923562844330632e-07,6.166641466326628e-05
4.923607099677543e-07,6.191482755181977e-05
4.923649884538545e-07,6.279462906977562e-05
4.923717507123614e-07,6.443297633890416e-05
4.923809296691212e-07,6.580947387311434e-05
4.923899401448418e-07,6.574309720343883e-05
4.923993860800061e-07,6.454675203610883e-05
4.924075371966435e-07,6.624064186790232e-05
4.924135835590532e-07,7.714208547580592e-05
4.924203120914135e-07,9.208786141590443e-05
4.924258344727345e-07,9.653734310964451e-05
4.92430707231072e-07,9.787751140405922e-05
4.924363806775831e-07,0.0001359339614470683
4.924375703011925e-07,0.0001521555611460454
4.924389666872315e-07,0.000172704511450407
4.924402087724629e-07,0.000191524104797564
4.924419117381523e-07,0.0002519974658794519
4.924430352781841e-07,0.0003362786932428351
4.924442105453882e-07,0.00042381481781674
4.924452473802876e-07,0.0004619528834698386
4.924458140289354e-07,0.0004646121278111604
4.924463806775831e-07,0.0004596150739472722
4.924466271245948e-07,0.0004403615914514051
4.924469631005415e-07,0.0004171644036330727
4.924472792004332e-07,0.0003981332024855736
4.924478941428584e-07,0.0003669932980365922
4.924487806463289e-07,0.0003376044337866415
4.924497275612142e-07,0.0003324517240827632
4.924507038020707e-07,0.0003514695942495546
4.924516427591132e-07,0.0003679900464270819
4.924527242733442e-07,0.000357877063573383
4.924540644596741e-07,0.0003023136598933763
4.924552919613037e-07,0.0002486019213601141
4.924563154670686e-07,0.0002572878733561381
4.924571549436467e-07,0.000289933838439389
4.924580541563357e-07,0.0003271440193865625
4.92458802476274e-07,0.0003619872298106031
4.924594533568947e-07,0.000392530321169214
4.92460310990467e-07,0.0004205318628479358
4.924613711707027e-07,0.0004388779736880117
4.924623844276421e-07,0.0004439479867580301
4.924635122686851e-07,0.0004346846369203097
4.924646292031709e-07,0.0004158797814051191
4.924654994768934e-07,0.0003994613541007182
4.924667149623341e-07,0.0003781258057645737
4.924681698956003e-07,0.000352321463405995
4.924692123549154e-07,0.0003336657687189637
4.924703687048974e-07,0.0003133284206336829
4.924719950697044e-07,0.0002859887552664219
4.924751257008542e-07,0.0002543466834120181
4.924780669001496e-07,0.0002803121818894682
4.924803065948177e-07,0.000314011594778354
4.924821158507797e-07,0.0003176009435169436
4.92483591886311e-07,0.0002979759545683486
4.924846135455204e-07,0.0002800306762285701
4.924858214963589e-07,0.0002693207064165397
4.9248693434431e-07,0.0002718935693574392
4.924880456075398e-07,0.0002792031223390879
4.924893765442941e-07,0.0002928351730738806
4.924906088752867e-07,0.0003136281569484953
4.924918085959897e-07,0.0003454077341705865
4.924930264064738e-07,0.0003834140633967947
4.924939528067016e-07,0.0004206503820434259
4.9249511832154e-07,0.0004499677887812907
4.924960370533097e-07,0.0004566921737775427
4.924971176487603e-07,0.0004704942715602794
4.924983556707345e-07,0.0005170839996249955
4.924996724265684e-07,0.0005601964949483306
4.925008018942482e-07,0.0005701699614275934
4.925019836495784e-07,0.000556328830175946
4.925038620628218e-07,0.0005027843362195969
4.925054533649179e-07,0.0004441908912753723
4.925070331391874e-07,0.0003859769849734003
4.925087572862187e-07,0.0003258752919437509
4.925113597183292e-07,0.0002446788349165559
4.925147130832659e-07,0.0001613002668031455
4.925185880137544e-07,9.910084355661778e-05
4.925233676891256e-07,6.658942550332945e-05
4.925279325927276e-07,5.841381991515822e-05
4.925324323061886e-07,5.661727184915517e-05
4.925371083338378e-07,5.616237510977223e-05
4.925423924215907e-07,5.59586176242438e-05
4.925490754728478e-07,5.578240545051264e-05
4.925583539582624e-07,5.558248135725721e-05
4.925723190011112e-07,5.534457321655013e-05
4.925956684639743e-07,5.506727170020305e-05
4.926423673897004e-07,5.47774458688159e-05
4.927072780034095e-07,5.463618977936364e-05
4.927876547678393e-07,5.459017246674954e-05
4.928845409493815e-07,5.457652774057624e-05
4.930133440967417e-07,5.457073496364105e-05
4.932026878661598e-07,5.456712419782974e-05
4.935059111499364e-07,5.456471985739434e-05
4.939566419454329e-07,5.456339494629604e-05
4.945934645632797e-07,5.456263736793083e-05
4.955001937026758e-07,5.456203373343062e-05
4.968150550800948e-07,5.456144111658889e-05
4.984075275400474e-07,5.456097218939475e-05
5e-07,5.45606776945094e-05
5.0005e-07,5.45791890248809e-05
5.00063822654258e-07,5.473855150528352e-05
5.000914679627741e-07,5.859496640120919e-05
5.000997513488874e-07,6.132077521081429e-05
5.001070650317755e-07,6.318120621730566e-05
5.001145053832413e-07,6.414366287561639e-05
5.001199290893829e-07,6.988724930669636e-05
5.001254298240585e-07,9.107922799270172e-05
5.001311176888301e-07,0.0001151960514609647
5.001365790666672e-07,0.0001224768175226884
5.001406327770168e-07,0.0001173542822753459
5.001456184363021e-07,0.0001132396587401812
5.00147711883394e-07,0.0001199672092470799
5.001495010842376e-07,0.0001310926790069962
5.001514258582074e-07,0.0001458327500959754
5.001534624639702e-07,0.0001628873882812363
5.001554613197832e-07,0.0001954141983047444
5.001574496458259e-07,0.0002274021581248926
5.001591769186889e-07,0.0002465668698549765
5.001605734953488e-07,0.0002806630733995805
5.00162174399573e-07,0.000338623099303236
5.001635747751457e-07,0.0003866524198448385
5.001651650197909e-07,0.000421483216506735
5.001670387274422e-07,0.0004477834199404918
5.001687359271139e-07,0.0004669049109371859
5.001698432232047e-07,0.0004732573357403679
5.001710262183303e-07,0.0004767681877142653
5.001720225606254e-07,0.0004786673918508058
5.001733581237917e-07,0.000477569765077495
5.001746820776947e-07,0.0004684749324559619
5.001758313703359e-07,0.0004541638338305892
5.001772075881333e-07,0.0004311926789494663
5.001791755837299e-07,0.000396473480730939
5.001806055259542e-07,0.0003810214925896299
5.001821551108095e-07,0.0003750877866779165
5.001833566256458e-07,0.0003717069760769816
5.001845081787898e-07,0.0003634353634857575
5.001859824795443e-07,0.0003366343876709153
5.001870945940374e-07,0.0003045250166663562
5.001880097991917e-07,0.000275482374628808
5.001888106776379e-07,0.0002515496412286479
5.001898830479247e-07,0.0002301783943328236
5.001908014116045e-07,0.0002214071352279716
5.001917134564402e-07,0.0002127310048183544
5.001926292213193e-07,0.0002050279825508676
5.001936547692994e-07,0.0001969974382253169
5.001949130369647e-07,0.0001872641121767681
5.001958248579205e-07,0.0001809363273760291
5.001969156484637e-07,0.00017413866082553
5.001986188004614e-07,0.0001648549001732085
5.002e-07,0.0001582223638175401
5.002015789574788e-07,0.0001515325253903834
5.002036843888102e-07,0.0001434324345446776
5.002058486997163e-07,0.0001360528882591888
5.002095601231575e-07,0.0001250511497448238
5.002141130728125e-07,0.0001138315355026381
5.00219234966219e-07,0.000103877590813866
5.002249943040865e-07,9.531598376909171e-05
5.002320604662572e-07,8.703743280047979e-05
5.002414131798644e-07,7.82712196839101e-05
5.002512305387966e-07,7.192236139850275e-05
5.002650375477896e-07,6.813005287270821e-05
5.00274741844784e-07,6.796508436712231e-05
5.002816211321794e-07,6.809122313428816e-05
5.002867105320597e-07,6.773362738662435e-05
5.002918042806219e-07,6.66767351459259e-05
5.002958410549293e-07,6.545352126463027e-05
5.003004329207611e-07,6.376929313727543e-05
5.003067870241152e-07,6.153694528271143e-05
5.003113547299071e-07,6.067943310973566e-05
5.003160358069829e-07,6.042385435440614e-05
5.003208478933393e-07,6.060617203396332e-05
5.003289998292974e-07,6.129022667221201e-05
5.003384885588095e-07,6.196974877763987e-05
5.003484840890484e-07,6.214791867354594e-05
5.003594875446363e-07,6.174966382194531e-05
5.003713428663075e-07,6.084903645871444e-05
5.003864725483039e-07,6.160723306364814e-05
5.003948329241119e-07,6.992696330393669e-05
5.004052579065705e-07,8.372583835348452e-05
5.004127043046853e-07,8.742842909028266e-05
5.004155518549798e-07,8.787671067320462e-05
5.004212469555688e-07,9.824162554237973e-05
5.00425244818528e-07,0.0001297706959427687
5.00429806109498e-07,0.0001827954410115264
5.004330810717235e-07,0.0002055315920495646
5.004357277371482e-07,0.000224938689935694
5.004370875401983e-07,0.0002805773613288525
5.004384082212558e-07,0.0003740715717525887
5.004397377232276e-07,0.0004802681388426164
5.004411645747593e-07,0.0005572872931668064
5.004423523102241e-07,0.000609515496692028
5.004436307768283e-07,0.0006917627070184769
5.004446888318656e-07,0.0007285432462359236
5.004455150579149e-07,0.000714969992523794
5.004463086662279e-07,0.0006702393294165627
5.004472976162587e-07,0.0005832754833330054
5.004477202029813e-07,0.0005463561106584424
5.004482202430683e-07,0.0005056464288354699
5.004488605321503e-07,0.0004621792056341861
5.004497272127618e-07,0.0004202535413720754
5.004506347625239e-07,0.0003887107580894238
5.004515597335884e-07,0.0003629384868629883
5.004524542901576e-07,0.000341603986315266
5.004534589777359e-07,0.0003182441508685053
5.004546674774956e-07,0.0002860587015297086
5.004559853568279e-07,0.0002436220008804239
5.004574725202993e-07,0.0001906215373005832
5.004591044288945e-07,0.000139420442309648
5.004604941444565e-07,0.0001132602901311771
5.00461885564443e-07,0.0001043194024695186
5.004628727923249e-07,9.798502528211236e-05
5.004636361879635e-07,9.275600919125043e-05
5.004644622267001e-07,9.338895173993652e-05
5.004651680990441e-07,9.762944442141968e-05
5.004660977259261e-07,0.0001015387233906653
5.004674543470959e-07,0.0001020181918929831
5.004684820131731e-07,0.0001000190873564718
5.004696873371662e-07,9.676347496296442e-05
5.004711746247587e-07,9.221448872139444e-05
5.004733553732388e-07,8.558441877157082e-05
5.00475693484157e-07,8.323552354725828e-05
5.004784681857842e-07,9.205306054015276e-05
5.004814495102559e-07,0.0001021768815452934
5.004838494844801e-07,0.0001056403950339577
5.004872486613158e-07,0.0001043854729125276
5.004904328842528e-07,0.0001007272221125475
5.004937271221323e-07,0.0001065728424704838
5.004973207493492e-07,0.0001436101431361764
5.005010513942705e-07,0.0001979453796437303
5.005037600196723e-07,0.0002117840336441115
5.005069995453592e-07,0.0002111295593048112
5.005098612010723e-07,0.0003471566283764798
5.005124470848371e-07,0.0005445589443454198
5.005149812814165e-07,0.000635595161625486
5.00516972481459e-07,0.0006166044041250229
5.005193650627986e-07,0.0005332868650787057
5.005218887230708e-07,0.0004289977470552993
5.005240418546035e-07,0.0003460639489798022
5.005267117370642e-07,0.0002552252279716635
5.005315528814154e-07,0.0001343477070855011
5.00536556113679e-07,7.610377325640891e-05
5.005432217175448e-07,5.73567865286736e-05
5.005490903995729e-07,5.51775344351432e-05
5.00554201626263e-07,5.480711339055943e-05
5.005598470108377e-07,5.469446401248638e-05
5.005682031787244e-07,5.464446785307062e-05
5.0057970912e-07,5.462331365872085e-05
5.005952279265382e-07,5.46102175454296e-05
5.0061525202999e-07,5.459990405285966e-05
5.006441219218566e-07,5.459085496521351e-05
5.006917997097187e-07,5.458258242818329e-05
5.00773710973796e-07,5.457547307866892e-05
5.008819910286533e-07,5.457087797591019e-05
5.010402953272012e-07,5.456753161784703e-05
5.012727573883495e-07,5.456514591585008e-05
5.016061937175086e-07,5.456350077190331e-05
5.02083672040673e-07,5.456236426136246e-05
5.027683507988705e-07,5.456157819936933e-05
5.037569400926613e-07,5.456103311935559e-05
5.051856865827425e-07,5.456065231050849e-05
5.072505246213115e-07,5.456037678356588e-05
5.096252623106558e-07,5.45602013957819e-05
5.120000000000001e-07,5.456008977544449e-05
5.120500000000001e-07,5.46210623468482e-05
5.120638226542582e-07,5.505038296009286e-05
5.120788959848422e-07,5.694260922696283e-05
5.120863549876385e-07,5.888600818209318e-05
5.120932832574342e-07,6.113773128639688e-05
5.121013864891297e-07,6.310785693193624e-05
5.12108242123465e-07,6.362476313556163e-05
5.12113077188892e-07,6.767413917139179e-05
5.121179662786318e-07,8.362400279292981e-05
5.121231486149644e-07,0.0001057416071117684
5.121276542178619e-07,0.0001152724156472601
5.121320592899685e-07,0.0001403607880272718
5.121360838688265e-07,0.0002782374303734092
5.121391816391105e-07,0.0004152785302763901
5.121415459143516e-07,0.0004834970894838256
5.121443957223917e-07,0.000536660638543517
5.121458767556668e-07,0.0005786248880876215
5.121468622455277e-07,0.0006056330935595398
5.121480534383682e-07,0.0006192760285876273
5.121489228620047e-07,0.0006101876439835592
5.121503153326712e-07,0.0005637133264736008
5.121513426395279e-07,0.0005170925183624525
5.121522090117339e-07,0.0004793702113949505
5.121528777804575e-07,0.0004550959618549405
5.121540982426592e-07,0.0004181199066834634
5.121551589558874e-07,0.0003891311755889357
5.121560932009396e-07,0.000364158293154632
5.121570894632151e-07,0.0003370488221845029
5.121584020439946e-07,0.0003003608492899254
5.121601630952647e-07,0.0002511430093405994
5.121622734264763e-07,0.0001981750693276586
5.121645636941899e-07,0.0001570495097476665
5.121672226320773e-07,0.0001324987291963513
5.121694591251371e-07,0.0001209520997153453
5.121719113259068e-07,0.0001124854030046071
5.12173692058935e-07,0.0001078946761233407
5.121755211564889e-07,0.0001039076055298848
5.121783012377363e-07,9.859000642785178e-05
5.121813374358981e-07,9.377991899369401e-05
5.121840341349641e-07,9.084759813460197e-05
5.121867591835845e-07,8.875262858885651e-05
5.121892940737045e-07,8.738548571969185e-05
5.121929908337247e-07,8.609139769655157e-05
5.121964954168624e-07,8.536184826430121e-05
5.122000000000002e-07,8.520621713907283e-05
5.122031866688966e-07,8.60379645863332e-05
5.122067729816876e-07,8.922916796960369e-05
5.122103688515962e-07,9.591369886311841e-05
5.122175605914133e-07,0.0001215171263620865
5.122240798265245e-07,0.0001445927077004364
5.12229250189213e-07,0.0001466247761334114
5.12234828745562e-07,0.0001394425806251293
5.122375200329407e-07,0.0001397813157870252
5.122392469529742e-07,0.0001412025008117852
5.122412639925919e-07,0.0001405709168166347
5.122430323807889e-07,0.0001361066861980073
5.122454146957163e-07,0.0001239031855405947
5.12247313894121e-07,0.0001121622691982594
5.122486600091212e-07,0.000105623644435496
5.122499719687341e-07,0.0001013709777775804
5.12251153548817e-07,9.824104582915164e-05
5.12252519678598e-07,9.469010892161872e-05
5.122539406583065e-07,9.087916453484337e-05
5.122558813285203e-07,8.565066885494355e-05
5.122587670097968e-07,7.881750178466643e-05
5.12261996871647e-07,7.34963877060008e-05
5.122655687088414e-07,7.007245125155117e-05
5.122701037339324e-07,6.765169073334946e-05
5.122769495065831e-07,6.547889562984153e-05
5.122874485034112e-07,6.389390606092282e-05
5.12302674508829e-07,6.487807293115918e-05
5.123187581340494e-07,6.760848743226879e-05
5.123267500374458e-07,6.859878793261062e-05
5.123317162739046e-07,6.874630523829044e-05
5.123375419815622e-07,6.777504226855271e-05
5.123431382010966e-07,6.592441158011392e-05
5.123475221404896e-07,6.402798849757001e-05
5.123510922512642e-07,6.260471857606169e-05
5.123549180742136e-07,6.177944242871045e-05
5.12358955007219e-07,6.171036530246352e-05
5.123628182069281e-07,6.229529289888261e-05
5.123684312042913e-07,6.36500849521837e-05
5.123775642420451e-07,6.547374396286141e-05
5.123862372252508e-07,6.591931549015458e-05
5.123944721640148e-07,6.528497523610057e-05
5.124033977731992e-07,6.426867718237328e-05
5.124131830553494e-07,7.590558749546882e-05
5.124210369630156e-07,9.337694000857764e-05
5.12427329074312e-07,9.775001994066973e-05
5.124331961869148e-07,0.0001046883306943557
5.124372616331789e-07,0.0001464959420834882
5.124384523533043e-07,0.0001680611638919474
5.124397073100197e-07,0.000193149708673813
5.124407571016491e-07,0.0002144247276509657
5.124423917575712e-07,0.0002513053203016881
5.124441652714242e-07,0.0002991107904267073
5.124455609775793e-07,0.0003175789289037425
5.124464113053791e-07,0.0003119507010375628
5.124472616331788e-07,0.0003027004704725873
5.124475661319016e-07,0.0002957757229338059
5.124479939077743e-07,0.000288311188093473
5.124483892358192e-07,0.000282670838348832
5.124490556041486e-07,0.0002746055216321725
5.124499889615585e-07,0.0002667702390936057
5.124509576653475e-07,0.0002655101470195505
5.124519763532735e-07,0.000272617322062037
5.12453011697342e-07,0.0002828641077373861
5.124541930642826e-07,0.0002873286279373899
5.12455586095834e-07,0.0002751764470848095
5.124570388604331e-07,0.0002558757971845611
5.124585076313293e-07,0.0002962539816466188
5.124596105405615e-07,0.0003456378979305242
5.124607478149164e-07,0.0003811129637502671
5.124621648666918e-07,0.0003991342831919614
5.124633091336236e-07,0.0004065811391147023
5.124645549800628e-07,0.0003998642401363401
5.124658230850723e-07,0.0003764050566219233
5.124667497566774e-07,0.0003548659935984286
5.124677896251535e-07,0.000335994764246992
5.124687769277132e-07,0.0003219694328001554
5.124696177629015e-07,0.0003069727544914675
5.124706349600122e-07,0.0002867519100743004
5.124713764249503e-07,0.0002759601392161021
5.124720963763665e-07,0.000268624608657072
5.124730143995516e-07,0.0002596632376597309
5.124741889547739e-07,0.00024657875296037
5.124752517053055e-07,0.000234790974568535
5.124764482251197e-07,0.0002251841972374192
5.124779052819061e-07,0.0002213756414630424
5.12479868932321e-07,0.0002283842392480828
5.124818364727255e-07,0.0002363762994844021
5.124834029680118e-07,0.0002296513847259492
5.124848709244127e-07,0.0002092560277065082
5.12485949324675e-07,0.0001898798291994436
5.124870975507531e-07,0.0001720667430000054
5.124883510342136e-07,0.0001564613605880623
5.12490034816543e-07,0.0001385084859059062
5.124913466296572e-07,0.0001344434102621584
5.124928564911571e-07,0.0001354014051181898
5.124945591967798e-07,0.0001368944721163173
5.124958125713688e-07,0.0001374590495921033
5.124973769133022e-07,0.0001372127438551359
5.125000144312362e-07,0.0001341684790300948
5.125040607609789e-07,0.0001309974747423013
5.125078085580424e-07,0.0001804957475129659
5.125110041899385e-07,0.0002514506873532418
5.125134805686801e-07,0.0002699990614450744
5.12516158260481e-07,0.0002838830944553903
5.125185390421156e-07,0.0004530205283092548
5.125209870140252e-07,0.0006265583672308484
5.125228638289972e-07,0.0006577500819821896
5.125245431457926e-07,0.0006255852304301018
5.125268805567505e-07,0.0005366267116069959
5.125288536172354e-07,0.000451929047787592
5.125309632169487e-07,0.0003660880358852444
5.125336063029928e-07,0.0002695668003824236
5.125378551113413e-07,0.0001480492460338695
5.12542236985696e-07,8.391051324345117e-05
5.125474504566516e-07,6.257621504651183e-05
5.125534569264827e-07,5.879452271536798e-05
5.125579955312525e-07,5.823439122955408e-05
5.125630841946699e-07,5.789504978032326e-05
5.125698929966031e-07,5.752992875631109e-05
5.125799604474272e-07,5.706324661317886e-05
5.125966606863988e-07,5.64350028031644e-05
5.126250150830766e-07,5.569100541848962e-05
5.126817238764324e-07,5.495180098037661e-05
5.127570420242437e-07,5.465397762408385e-05
5.128500002169734e-07,5.45810413910036e-05
5.129647121708323e-07,5.456812210548702e-05
5.131067231363838e-07,5.456511827659576e-05
5.133006416087735e-07,5.456351924135864e-05
5.135966707273282e-07,5.456252617323943e-05
5.141066735002049e-07,5.45619824538966e-05
5.148156327783691e-07,5.456169664350889e-05
5.158245594062447e-07,5.456137146169002e-05
5.172590453690693e-07,5.456097451510797e-05
5.186295226845347e-07,5.456069936575837e-05
5.200000000000001e-07,5.456050813558816e-05
5.200500000000001e-07,5.457902629669185e-05
5.200638226542582e-07,5.473838662057553e-05
5.200914679627743e-07,5.859480378084273e-05
5.20099751294559e-07,6.132059076925563e-05
5.201070649870497e-07,6.318103582737003e-05
5.201145053434051e-07,6.414348955903816e-05
5.201199290616759e-07,6.988701636117398e-05
5.201254298072771e-07,9.107897479617624e-05
5.201311176821545e-07,0.0001151958627675265
5.201365790566204e-07,0.0001224766593786795
5.201406327677878e-07,0.0001173541397721978
5.201456184199016e-07,0.0001132394700745168
5.20147711865646e-07,0.0001199669560821131
5.201495010663824e-07,0.0001310923819035933
5.201514258438249e-07,0.0001458324735071342
5.201534624371012e-07,0.0001628869287528734
5.201554613011028e-07,0.0001954136587222085
5.201574496206822e-07,0.0002274017061093936
5.201591769043351e-07,0.0002465664665030658
5.20160573478573e-07,0.0002806623440044352
5.201621743893747e-07,0.0003386225225733882
5.201635747633319e-07,0.0003866518842075274
5.20165165007234e-07,0.0004214828584252236
5.201670387089054e-07,0.0004477829883325344
5.201687359096087e-07,0.0004669046060335315
5.20169843210273e-07,0.0004732571248256136
5.201710262107703e-07,0.0004767680120648383
5.201720225514379e-07,0.0004786672191391128
5.201733581151412e-07,0.0004775696418203617
5.201746820739635e-07,0.0004684748226541168
5.201758313663357e-07,0.0004541637507492768
5.201772075812115e-07,0.0004311926677502424
5.201791755756874e-07,0.0003964734612572768
5.201806055225518e-07,0.0003810213693968075
5.201821551133125e-07,0.0003750876307418432
5.20183356629488e-07,0.0003717068127306632
5.201845081831707e-07,0.0003634351772784722
5.201859824833527e-07,0.0003366341725709499
5.201870945977411e-07,0.0003045247884290133
5.201880098021137e-07,0.0002754821727980814
5.201888106807928e-07,0.0002515494403079817
5.201898830525277e-07,0.0002301782228881827
5.201908014153022e-07,0.0002214069931775669
5.201917134606886e-07,0.0002127308608195879
5.201926292255474e-07,0.0002050278449636984
5.201936547743527e-07,0.0001969972942188215
5.201949130379303e-07,0.0001872639975864094
5.201958248590244e-07,0.000180936209813946
5.201969156495872e-07,0.000174138540315279
5.201986188037683e-07,0.0001648547637663045
5.202e-07,0.0001582222395639999
5.202015789570596e-07,0.0001515323976938943
5.202036843872754e-07,0.0001434323042566594
5.202058486965837e-07,0.0001360527564638747
5.20209560118503e-07,0.0001250510120139512
5.202141130677871e-07,0.0001138313900041128
5.202192349604038e-07,0.0001038774419646043
5.202249942970516e-07,9.531583333819958e-05
5.202320604567697e-07,8.703728015621495e-05
5.202414131664138e-07,7.827106142833199e-05
5.202512305149992e-07,7.192220020763277e-05
5.202650375203457e-07,6.812988430087338e-05
5.202747418071583e-07,6.796491387215251e-05
5.202816211160347e-07,6.809105748226567e-05
5.202867105179102e-07,6.773346641348417e-05
5.202918042767617e-07,6.667657880933341e-05
5.202958410399973e-07,6.545336919776012e-05
5.203004328992184e-07,6.376914765650312e-05
5.203067869907894e-07,6.153679806666432e-05
5.203113547135813e-07,6.067927691210625e-05
5.2031603575604e-07,6.042369445015333e-05
5.20320847835322e-07,6.060600792478681e-05
5.203289997282674e-07,6.129005929741454e-05
5.203384884603498e-07,6.19695905309443e-05
5.203484839723396e-07,6.214777193896182e-05
5.203594874175666e-07,6.174952837495771e-05
5.203713427404838e-07,6.084891137543758e-05
5.203864727440864e-07,6.160724618030744e-05
5.203948240177733e-07,6.991219535771333e-05
5.204052443615434e-07,8.368453915985747e-05
5.20412682962366e-07,8.733368423806097e-05
5.204155932105091e-07,8.775698323963619e-05
5.204214137067954e-07,9.839111885877902e-05
5.204253296975339e-07,0.0001284893355541626
5.204298301284238e-07,0.0001771130966560478
5.204330498987003e-07,0.0001956450116060393
5.204354699995599e-07,0.0002122061951528695
5.204367880259954e-07,0.0002660190770661668
5.204386502889379e-07,0.0004082415397840245
5.204399572815863e-07,0.0005116048115804684
5.204414696097277e-07,0.0005817989994512225
5.204423750495277e-07,0.0006336197831873808
5.204435336033857e-07,0.0007143579658705674
5.204444712231266e-07,0.0007459496224479523
5.204452761803935e-07,0.0007316577462168879
5.204460342785397e-07,0.0006873509505884107
5.20447115699056e-07,0.0005891166700731663
5.204475159211216e-07,0.0005526167859081873
5.204480226201252e-07,0.0005093525382822509
5.204486842211675e-07,0.0004621208229996842
5.204495316479196e-07,0.0004173131754450891
5.20450435988832e-07,0.0003815977511177594
5.204513447341825e-07,0.0003543155382623652
5.204522449491055e-07,0.0003344671571942574
5.204532607188158e-07,0.0003161595366237362
5.204544952561961e-07,0.0002909486695497882
5.204558202420524e-07,0.0002547800078412068
5.204573333575676e-07,0.0002054490094846022
5.204589196093034e-07,0.0001574224816354858
5.204603005762385e-07,0.0001339816261266153
5.204616605878946e-07,0.0001298835833841618
5.204626464670055e-07,0.0001233400000846185
5.204633490881567e-07,0.0001193394977557481
5.204641536871714e-07,0.0001255831016978393
5.204648733571914e-07,0.000135702268269959
5.204658489154508e-07,0.0001444670588124143
5.204670932295614e-07,0.0001461218245653446
5.204681598178094e-07,0.0001428013004551294
5.20469383911628e-07,0.0001367540306577795
5.204709344452209e-07,0.0001276808496821825
5.20473099146823e-07,0.0001150255714697617
5.204754387531688e-07,0.0001117924984235102
5.204779533967945e-07,0.0001265935909473329
5.204797474411494e-07,0.0001356943063017483
5.204818886644306e-07,0.0001376174437849034
5.20484224578119e-07,0.000142364209122911
5.204860411693997e-07,0.0001564652339149708
5.20487370070494e-07,0.0001569134698849868
5.204886691155582e-07,0.0001478427322484727
5.204900419471744e-07,0.000150430358454703
5.204911130697943e-07,0.0001671000248852633
5.20492100069648e-07,0.000181442431905554
5.204931160662069e-07,0.0001920970041620681
5.204942063516034e-07,0.0002002241966777831
5.204957390944926e-07,0.0002113838389222424
5.204968757521786e-07,0.000221857758480359
5.204982049685483e-07,0.0002357806795776585
5.204998917433825e-07,0.000252835770154351
5.205021627533163e-07,0.0002626433131245991
5.205057462850553e-07,0.0002415346270181069
5.205084722908013e-07,0.0003068019445965511
5.205109755228169e-07,0.0004847970188656585
5.205135633939131e-07,0.000619528847518851
5.205158326110163e-07,0.000626033784248922
5.205178975441609e-07,0.0005644381732931264
5.205204519810637e-07,0.0004597808515384966
5.205225806323195e-07,0.0003745340702663348
5.205249949501378e-07,0.0002877998034629881
5.205285679554218e-07,0.0001830048223256626
5.205331097761671e-07,0.0001002454581526828
5.205384315929496e-07,6.457388848238191e-05
5.205444818815453e-07,5.626398231632541e-05
5.205495721260496e-07,5.510456470753354e-05
5.205547535958746e-07,5.481496430428048e-05
5.205609564854534e-07,5.471620932929197e-05
5.205702305944479e-07,5.467120781846902e-05
5.205832696613093e-07,5.464765239794141e-05
5.205996338671645e-07,5.46308734137133e-05
5.206215454451966e-07,5.461634745358325e-05
5.206541041702515e-07,5.460314856452273e-05
5.207139924948537e-07,5.459007214468015e-05
5.208015131407388e-07,5.458070173466024e-05
5.209219190367888e-07,5.457434673319644e-05
5.210994588096296e-07,5.456976332361928e-05
5.213581929276662e-07,5.456657510663128e-05
5.217289318210255e-07,5.456441186426633e-05
5.222590890355004e-07,5.456294497412298e-05
5.230213265773006e-07,5.456194956563393e-05
5.241227091626637e-07,5.456127681145387e-05
5.257145981498824e-07,5.456082040697362e-05
5.2801491330274e-07,5.456050173313841e-05
5.3000745665137e-07,5.456034553524184e-05
5.320000000000001e-07,5.456023696366831e-05
5.320500000000001e-07,5.462121058919628e-05
5.320638226542581e-07,5.505052841025105e-05
5.320788968157182e-07,5.694293390153863e-05
5.320863548339992e-07,5.88861110674333e-05
5.320932834993729e-07,6.113795684929359e-05
5.321013867395393e-07,6.310803955065169e-05
5.321082424374422e-07,6.362495893123577e-05
5.321130774019227e-07,6.767469080064969e-05
5.321179664613449e-07,8.36249765688873e-05
5.32123148726267e-07,0.0001057429279064065
5.321276543408809e-07,0.0001153466781416217
5.321320595230101e-07,0.0001416946045249669
5.321360841877392e-07,0.0002817740587860737
5.3213918367072e-07,0.000419678671774343
5.321415476202158e-07,0.0004880344348340313
5.321443921695165e-07,0.0005410630943568033
5.321458695232044e-07,0.0005829506635029541
5.321468543736122e-07,0.0006100539410405893
5.321480449989059e-07,0.0006239992009037266
5.321489142996281e-07,0.0006152541641204558
5.32150302920006e-07,0.0005684360226522395
5.321513382244096e-07,0.0005208671854931537
5.32152200944792e-07,0.0004829497572895644
5.321528753722282e-07,0.000458267177038479
5.321540239065844e-07,0.0004231426026271703
5.321550942681754e-07,0.0003937241307341713
5.321560171903886e-07,0.0003690409458333029
5.321570132794207e-07,0.0003419500030722845
5.321582862347428e-07,0.0003063247210192295
5.321600352833934e-07,0.0002570680284571134
5.321621366356161e-07,0.0002032294745776555
5.321643994007948e-07,0.0001607293229553291
5.32167066437584e-07,0.0001342974074997088
5.321693071817054e-07,0.0001220554642272164
5.321717793808132e-07,0.0001132185203045817
5.321735756787399e-07,0.0001084689119302438
5.321754103821874e-07,0.0001044127319565404
5.321781028712172e-07,9.923424470927893e-05
5.321811196407332e-07,9.438771912819694e-05
5.321838958669878e-07,9.131018734957131e-05
5.321864999707969e-07,8.924661871652932e-05
5.321890348629673e-07,8.781226246574382e-05
5.321926065680377e-07,8.648511946877279e-05
5.321963032840188e-07,8.563232680473167e-05
5.322000000000001e-07,8.526970054377953e-05
5.322032165182271e-07,8.573073098159301e-05
5.322068904941468e-07,8.830178605282185e-05
5.322105618434064e-07,9.4203447133958e-05
5.322179045419256e-07,0.000118901053173717
5.322246959774478e-07,0.0001438077893654003
5.322300002312342e-07,0.0001468452615974232
5.322353850861179e-07,0.0001396943646072206
5.322381716067057e-07,0.00013950343473648
5.322398987921024e-07,0.000140969338212905
5.322420118746548e-07,0.0001407971438240276
5.32243714805249e-07,0.0001370354122591907
5.322455999858302e-07,0.000128444323156586
5.322476080424195e-07,0.0001160267090710464
5.322490788261621e-07,0.0001078241164591933
5.322502943315452e-07,0.000103179937217124
5.322520662042221e-07,9.82743297401364e-05
5.32253573331474e-07,9.436271306176171e-05
5.322550103375439e-07,9.050134438908506e-05
5.322567357007662e-07,8.584766789765585e-05
5.322601864272107e-07,7.7833186956479e-05
5.322633913015524e-07,7.289490579673747e-05
5.322670430658227e-07,6.965870629796543e-05
5.322716873434221e-07,6.735812966847983e-05
5.322790360142881e-07,6.5213945661625e-05
5.322899428123948e-07,6.393076354386184e-05
5.323061065459651e-07,6.547424174973399e-05
5.323218427118466e-07,6.804544859198724e-05
5.323286478209172e-07,6.876651379269619e-05
5.323332972703622e-07,6.858465623144141e-05
5.323381098572212e-07,6.761319379681362e-05
5.323438931645492e-07,6.560650285111912e-05
5.323487833167347e-07,6.345660118642573e-05
5.323522722499755e-07,6.226174370232866e-05
5.323557937291347e-07,6.169536957723207e-05
5.323599203393569e-07,6.181037923068731e-05
5.323640589741359e-07,6.257719775178757e-05
5.323705158706363e-07,6.416014805713728e-05
5.323795879919402e-07,6.57024331874146e-05
5.323884737913252e-07,6.58342749608818e-05
5.323973061146308e-07,6.487227083037954e-05
5.324054417729732e-07,6.481496653777281e-05
5.324119480065976e-07,7.347069117831986e-05
5.324194993717049e-07,9.098697524085903e-05
5.324250780165815e-07,9.705770173614288e-05
5.324327620629236e-07,0.0001031957895558315
5.324368406804032e-07,0.0001413813063757082
5.324381304572416e-07,0.0001621260420054769
5.32439463487928e-07,0.000185456542657627
5.32440530899627e-07,0.0002042297185780328
5.324421949569617e-07,0.0002462693787738802
5.324432994382864e-07,0.0002923620400018108
5.324445113167417e-07,0.0003405401711826422
5.32445533210988e-07,0.0003574622927781453
5.324463136029218e-07,0.0003541843013240416
5.324468406804032e-07,0.0003490372181624369
5.324470870725312e-07,0.0003389391914126637
5.324474308520185e-07,0.000327039824315574
5.324477388343889e-07,0.0003179605337142569
5.324483547991298e-07,0.0003027629125307997
5.324492465244791e-07,0.0002881966442472045
5.324502049515844e-07,0.0002860254516337263
5.324511944195362e-07,0.0002979382136461793
5.324521416454274e-07,0.0003113616624799732
5.324532370908701e-07,0.0003137021672649724
5.324546503085174e-07,0.000289191127288948
5.32455888261693e-07,0.0002578011098125944
5.324569215342807e-07,0.0002610235812247492
5.324577606663646e-07,0.000290435457393774
5.324587099456944e-07,0.0003329919687660039
5.324594213161188e-07,0.0003644208758792196
5.324600945489975e-07,0.0003896735518126363
5.32460987211682e-07,0.0004118341951728053
5.324620480571886e-07,0.0004281457990138826
5.324630697777617e-07,0.000434552956333103
5.324642201545956e-07,0.0004246785559065567
5.32465353184418e-07,0.0004012106037018922
5.324662304739811e-07,0.0003801152860912963
5.324674276643335e-07,0.0003584072709912822
5.324683359859747e-07,0.0003439586026138402
5.324692216222968e-07,0.0003260975096024602
5.32469899771602e-07,0.0003116231214549381
5.324706034204918e-07,0.0002998165501185805
5.324713052042634e-07,0.0002914446415157107
5.32472239170932e-07,0.000281403383387235
5.324733968724459e-07,0.0002678288895589328
5.324744629475465e-07,0.0002556295974322852
5.324756334890767e-07,0.0002463181501555006
5.324770474344121e-07,0.0002439410552024118
5.324789164687049e-07,0.0002543002802249221
5.324808227218595e-07,0.0002676022917445786
5.324824754508266e-07,0.0002644748725346452
5.324838727071409e-07,0.0002462406252757903
5.3248488203468e-07,0.0002296866670635649
5.324861041652888e-07,0.0002187128599169263
5.324872485450778e-07,0.0002170102139063777
5.324883843112724e-07,0.0002115345104638637
5.324896316377403e-07,0.0001989602958194899
5.324908883335047e-07,0.0001917924931589925
5.324920838202192e-07,0.0002046283533305252
5.324934294055341e-07,0.0002218049052248361
5.324944115023604e-07,0.0002284106342698813
5.324954828691708e-07,0.0002300074206874892
5.324966665782579e-07,0.0002266936995629854
5.324978733184533e-07,0.0002200501425348689
5.324991596946239e-07,0.0002111876615774794
5.325007000142553e-07,0.0001996188901462497
5.325027684254712e-07,0.0001863552281820681
5.325057948396944e-07,0.0001958291071043828
5.325087384738203e-07,0.0002471943841708153
5.325112580321697e-07,0.0002832121267959419
5.325135254776996e-07,0.0002799905808219312
5.325155981668817e-07,0.0002932254778816434
5.32517810439328e-07,0.0004473654972651282
5.325200862107721e-07,0.0006119923850983078
5.325219186984982e-07,0.000651590077693315
5.325235461604196e-07,0.0006275513954601867
5.325258950815391e-07,0.0005429754702975214
5.325279169779746e-07,0.0004567847118267846
5.325299862408254e-07,0.0003723827268020169
5.325324981197405e-07,0.0002798345348165571
5.325364298295377e-07,0.0001624930985836973
5.32540852669891e-07,8.940585911485847e-05
5.325458033763733e-07,6.450907246102263e-05
5.325516810734481e-07,5.942590370465714e-05
5.325562081327025e-07,5.870009864295052e-05
5.325611605645455e-07,5.831471520495766e-05
5.32567533659509e-07,5.793062036789621e-05
5.325768426276459e-07,5.744449538614233e-05
5.325918052854828e-07,5.679646062125016e-05
5.326173016199373e-07,5.599233816032336e-05
5.326671502881245e-07,5.513739098121005e-05
5.327382736453666e-07,5.471421155848853e-05
5.328267266416791e-07,5.459713259802806e-05
5.329360259181394e-07,5.457416771967848e-05
5.330682086211265e-07,5.456900201363492e-05
5.332443010533347e-07,5.456631777185452e-05
5.335031354332651e-07,5.456448360293085e-05
5.339535315575054e-07,5.456322124421858e-05
5.346032501788815e-07,5.456251503432168e-05
5.355252282230351e-07,5.456195269334329e-05
5.368287110902114e-07,5.456139400238391e-05
5.384143555451057e-07,5.456094269322681e-05
5.4e-07,5.456065768292495e-05
5.4005e-07,5.457916926281756e-05
5.400638226542581e-07,5.473853179300533e-05
5.400914679627742e-07,5.859494684262459e-05
5.40099751347362e-07,6.132075755434489e-05
5.40107065030787e-07,6.318118534377993e-05
5.401145053825747e-07,6.414364318958318e-05
5.401199290886038e-07,6.988722783902102e-05
5.401254298236458e-07,9.107920625032505e-05
5.401311176886904e-07,0.0001151960313977653
5.401365790664683e-07,0.0001224767981410137
5.401406327768413e-07,0.0001173542632162908
5.401456184359699e-07,0.0001132396388064447
5.401477118830181e-07,0.000119967187973185
5.401495010838567e-07,0.0001310926562637117
5.401514258578966e-07,0.0001458327284339478
5.401534624633975e-07,0.0001628873629942224
5.401554613193867e-07,0.0001954141720896361
5.401574496452964e-07,0.0002274021347337376
5.401591769183913e-07,0.0002465668482610804
5.401605734950005e-07,0.0002806630453971109
5.401621743993658e-07,0.0003386230750089572
5.401635747749046e-07,0.00038665239653038
5.401651650195342e-07,0.0004214831963721737
5.401670387270578e-07,0.0004477833960563508
5.401687359267519e-07,0.0004669048866516558
5.401698432229381e-07,0.0004732573115694171
5.40171026218176e-07,0.0004767681622447841
5.401720225604361e-07,0.0004786673657461003
5.401733581236128e-07,0.0004775697403921052
5.401746820776183e-07,0.0004684749098747459
5.401758313702532e-07,0.0004541638136479569
5.401772075879882e-07,0.0004311926623528733
5.40179175583516e-07,0.0003964734661370563
5.401806055260482e-07,0.0003810214739143465
5.401821551111772e-07,0.0003750877688925226
5.401833566261075e-07,0.000371706958961875
5.401845081792547e-07,0.0003634353452895366
5.401859824798784e-07,0.0003366343682428926
5.401870945943368e-07,0.0003045249957270624
5.40188009799483e-07,0.0002754823520089803
5.401888106779218e-07,0.0002515496113402593
5.401898830481625e-07,0.0002301783160321651
5.401908014118723e-07,0.000221407038080562
5.40191713456689e-07,0.0002127309021651186
5.401926292218306e-07,0.0002050278785137696
5.401936547699618e-07,0.0001969973366821764
5.401949130370336e-07,0.0001872640218390001
5.401958248580262e-07,0.0001809362420645571
5.401969156486382e-07,0.0001741385815182035
5.401986188011777e-07,0.0001648548280988083
5.402e-07,0.0001582223032014505
5.402015789574056e-07,0.0001515324734918901
5.402036843885125e-07,0.0001434323938772239
5.402058486990817e-07,0.0001360528578814863
5.402095601222442e-07,0.0001250511318859812
5.402141130718449e-07,0.0001138315250805114
5.402192349651435e-07,0.0001038775821885345
5.40224994302829e-07,9.531597640891198e-05
5.402320604646119e-07,8.703743027139372e-05
5.402414131775737e-07,7.827122477106108e-05
5.402512305303618e-07,7.192236955064866e-05
5.402650375320319e-07,6.813005117523751e-05
5.402747418276612e-07,6.79650746186309e-05
5.402816211241601e-07,6.809121233718158e-05
5.402867105245613e-07,6.773361573254686e-05
5.402918042762519e-07,6.667672482914096e-05
5.402958410473594e-07,6.545350999219028e-05
5.403004329113624e-07,6.376928395705571e-05
5.403067870109529e-07,6.153693508953731e-05
5.403113547212931e-07,6.06794199764017e-05
5.403160357890634e-07,6.042383979672992e-05
5.403208478735438e-07,6.060615604067734e-05
5.403289997968532e-07,6.129020957387906e-05
5.403384885275241e-07,6.196973477086067e-05
5.403484840530453e-07,6.21479086884206e-05
5.403594875039574e-07,6.174965759614184e-05
5.403713428461319e-07,6.084903252020299e-05
5.403864728780707e-07,6.160745442573253e-05
5.403948240510845e-07,6.991240495885125e-05
5.40405244297496e-07,8.368557600455552e-05
5.40412682828416e-07,8.735244006658022e-05
5.404155585855171e-07,8.778056785196719e-05
5.404213100997192e-07,9.79487742898658e-05
5.404252454274826e-07,0.000127660615407413
5.40429762941695e-07,0.0001764979007032558
5.404329908023606e-07,0.0001955226194320136
5.40435500197979e-07,0.0002129299447701271
5.404368295048263e-07,0.0002684598268575376
5.404381363449928e-07,0.0003650148588822935
5.404394470119469e-07,0.0004761104544681191
5.404408603215298e-07,0.000558102801007631
5.404420653087166e-07,0.000613405355754006
5.404433424500993e-07,0.0007026130291032185
5.404443951635985e-07,0.0007453116871513755
5.404452194114681e-07,0.0007338068894856917
5.404460108389383e-07,0.0006890778641916204
5.404469988231072e-07,0.00059958091857559
5.404474276434201e-07,0.0005602383281631044
5.404479286709811e-07,0.0005168388638406499
5.404485629721803e-07,0.0004698394719167545
5.404494346169482e-07,0.0004218138802283924
5.404503438009785e-07,0.0003849175589901111
5.404512700905165e-07,0.000356335039616186
5.404521640927062e-07,0.0003360967614834051
5.404531677387039e-07,0.0003178822098491754
5.404543742112709e-07,0.0002938157097724356
5.404556945748142e-07,0.000258664706208393
5.404571802828633e-07,0.0002105559398821189
5.404587824186667e-07,0.0001610096621269477
5.404601612873384e-07,0.0001353687415709832
5.404611526466809e-07,0.0001313113534838877
5.404621651994924e-07,0.0001279094350218364
5.404631560792343e-07,0.0001200172733492543
5.404640685056444e-07,0.0001239992501108444
5.404647864509729e-07,0.0001341980515926707
5.404656420254732e-07,0.0001430620646210201
5.404666521735602e-07,0.0001464337382159948
5.404676651935386e-07,0.0001446781536225973
5.404688217847833e-07,0.0001397819487450204
5.404701923502166e-07,0.0001322309177652335
5.40472075509188e-07,0.000120782927975096
5.404743642079186e-07,0.0001108866988749367
5.404768133596923e-07,0.0001188501973663316
5.404790451787766e-07,0.0001345583713436932
5.404811431283234e-07,0.0001427091653940156
5.404835795182307e-07,0.0001423296454310627
5.404859779429776e-07,0.000148837274305809
5.404881161633839e-07,0.0001745519869768153
5.404896881077205e-07,0.0001834223975924287
5.40491126399514e-07,0.0001764766834779364
5.404923424687405e-07,0.0001801190898992003
5.404935785238354e-07,0.0002182210660555992
5.404952019118045e-07,0.000278133151261474
5.404964616426774e-07,0.0003099451745571704
5.404976175601609e-07,0.0003269699017176562
5.404987955720112e-07,0.0003370350358871177
5.404999996254219e-07,0.0003429779346636875
5.405013586916674e-07,0.0003433419233125341
5.405031239136197e-07,0.0003314286838729503
5.405057993347597e-07,0.0002983587462025832
5.405083527513524e-07,0.0003431807359202328
5.405107725187353e-07,0.000497626980038275
5.405132873313173e-07,0.000623552858685084
5.405156086931907e-07,0.0006292395594665518
5.40517629541739e-07,0.0005670176755535495
5.405202024872805e-07,0.0004583123817304582
5.40522377494014e-07,0.0003694196657702676
5.405247307136487e-07,0.0002843110500880319
5.405280901878495e-07,0.0001852665325830696
5.405324019181297e-07,0.0001041451306734119
5.405371472704084e-07,6.777723686077099e-05
5.405425899798516e-07,5.719943258296148e-05
5.405476673467611e-07,5.531746151249236e-05
5.405527567388619e-07,5.487476987782138e-05
5.405585601883398e-07,5.47380109522679e-05
5.405668789794091e-07,5.468100256847016e-05
5.405783810026507e-07,5.465452287271306e-05
5.405933395838527e-07,5.463653509361954e-05
5.406128936959518e-07,5.46213632039037e-05
5.406412092639899e-07,5.460759247453195e-05
5.406893140454612e-07,5.45944187329138e-05
5.407699264630627e-07,5.458337442011433e-05
5.408765291532993e-07,5.457626971928461e-05
5.410310833138117e-07,5.457117274005656e-05
5.412603979350742e-07,5.456753427930035e-05
5.415889020599655e-07,5.456506630352754e-05
5.420591985443641e-07,5.456338975441518e-05
5.427326932453948e-07,5.456225203251092e-05
5.437054474067416e-07,5.456147928911802e-05
5.451116901113811e-07,5.456095549349596e-05
5.471438773909076e-07,5.456059353927982e-05
5.495719386954538e-07,5.456036798536376e-05
5.520000000000001e-07,5.456023172714719e-05
5.520500000000001e-07,5.462120333127907e-05
5.520638226542581e-07,5.50505241461138e-05
5.520788958852119e-07,5.694272429814914e-05
5.520863550060072e-07,5.888615409203257e-05
5.520932832277345e-07,6.113786186248301e-05
5.521013864582079e-07,6.310799111693065e-05
5.521082420848334e-07,6.362489403598374e-05
5.521130772088845e-07,6.767431389968783e-05
5.521179663420354e-07,8.362447208143836e-05
5.521231487082684e-07,0.0001057436751326173
5.521276543246511e-07,0.0001154269553526005
5.52132059709809e-07,0.0001430823945095018
5.521360844267992e-07,0.000285380407963156
5.521391856331477e-07,0.0004241258716772073
5.521415492529457e-07,0.0004925943721984281
5.521443885657505e-07,0.0005454577066056638
5.52145862260965e-07,0.0005872549896862938
5.52146846411846e-07,0.000614442226897736
5.521480364569828e-07,0.0006286795600845806
5.521489055142037e-07,0.0006202823900606729
5.521502903046361e-07,0.0005733351280879755
5.521513315410889e-07,0.0005247969244752313
5.521521911777866e-07,0.0004866408693439947
5.521528718167854e-07,0.0004615110132984621
5.521539597576674e-07,0.0004279338588136505
5.521550407500095e-07,0.0003980615072705119
5.52155954057039e-07,0.0003736233726212797
5.521569502555319e-07,0.0003465479828718366
5.521581917561592e-07,0.0003117905796732054
5.521599320201217e-07,0.0002625282939710336
5.521620249408768e-07,0.0002080420216093845
5.521642689956429e-07,0.0001643217720034569
5.521669446879469e-07,0.0001361856494542389
5.521691902353924e-07,0.000123142758895599
5.521716761523991e-07,0.0001139259930162728
5.521734810731466e-07,0.000109028641521812
5.521753209934613e-07,0.000104891819837689
5.521779445552587e-07,9.980468017236236e-05
5.521809481404133e-07,9.493259654515192e-05
5.521837930017339e-07,9.174458351011866e-05
5.521863249495127e-07,8.969876671322277e-05
5.521888710553269e-07,8.820729773954992e-05
5.521923563633272e-07,8.685354935260718e-05
5.521961781816637e-07,8.591658627446598e-05
5.522000000000001e-07,8.540082717835263e-05
5.52203232711831e-07,8.555171523469606e-05
5.522069622509805e-07,8.751144208742416e-05
5.522106812125364e-07,9.255370509552758e-05
5.522181191356484e-07,0.0001157736328077287
5.522252288288209e-07,0.0001427346386530876
5.522306980502304e-07,0.0001471083342723523
5.522359278095094e-07,0.0001400403690794187
5.522387929825023e-07,0.000139236465537842
5.522405340912346e-07,0.0001406608473063443
5.522427769151218e-07,0.0001409402600872171
5.522444496337078e-07,0.0001376950471402947
5.52246102347732e-07,0.0001308577373257979
5.522481665205305e-07,0.0001184695035885752
5.522497412355594e-07,0.0001092181063627165
5.522509491215835e-07,0.0001041158301858287
5.522525085355161e-07,9.954920790831724e-05
5.522543254015913e-07,9.483295162052767e-05
5.522557061467379e-07,9.114211749669494e-05
5.522573602134388e-07,8.66650284878983e-05
5.522601037591074e-07,7.990362086776246e-05
5.52263329494741e-07,7.413678159224615e-05
5.522667931580511e-07,7.046405515279849e-05
5.522710945429634e-07,6.794961866528558e-05
5.522773347026863e-07,6.584663723663741e-05
5.522872915036022e-07,6.418480817579584e-05
5.523013993880153e-07,6.479737742169795e-05
5.523174298921737e-07,6.743286936224121e-05
5.523261528631612e-07,6.854958664131399e-05
5.523312791899003e-07,6.877895504126695e-05
5.523375466691759e-07,6.77695689939252e-05
5.523427096565387e-07,6.608051454052997e-05
5.523470718350981e-07,6.421519174331752e-05
5.523507274885125e-07,6.271196264879869e-05
5.523546972281137e-07,6.180195394814807e-05
5.523584689130783e-07,6.168093775027062e-05
5.523623443233511e-07,6.220859446538626e-05
5.523677445635383e-07,6.349118646097495e-05
5.523766720099485e-07,6.537130512020033e-05
5.523852548991889e-07,6.593757139199575e-05
5.523934058510553e-07,6.541355788906773e-05
5.524021986324651e-07,6.423033398346367e-05
5.524115527783846e-07,7.239791189503324e-05
5.524197105289138e-07,9.105140449124888e-05
5.524258677082285e-07,9.698393577017038e-05
5.524328582150328e-07,0.0001039145115161503
5.524367575457572e-07,0.0001413695884599422
5.524380111440777e-07,0.0001618463561287687
5.524392948336604e-07,0.0001844912931207741
5.524403337137313e-07,0.0002026863389465987
5.524419779905164e-07,0.0002360119238596986
5.524437315842122e-07,0.0002801179708765077
5.524451136702249e-07,0.0002959546566525127
5.52445935607991e-07,0.0002900147928765573
5.524467575457572e-07,0.0002817175496335068
5.524470589357291e-07,0.0002753102621723239
5.52447478523889e-07,0.0002687061609343774
5.524478669225113e-07,0.0002640002319320702
5.524485291001706e-07,0.0002578813975670888
5.524494578367607e-07,0.0002539205015109828
5.524504228383539e-07,0.0002580785169713006
5.524514368802035e-07,0.0002707642011640442
5.524524643252327e-07,0.0002845514969395137
5.52453638723026e-07,0.0002905600542005356
5.524550352908268e-07,0.0002786799569016359
5.524564827046281e-07,0.0002635366080994513
5.5245789565074e-07,0.0003086601769475732
5.524589814575662e-07,0.0003602473797205605
5.524601291130122e-07,0.0004023253125395761
5.524615145128515e-07,0.000433993831186638
5.524626574012755e-07,0.0004518431072157597
5.524639063638249e-07,0.0004486022696462742
5.524651783160062e-07,0.0004201309226677292
5.524661070547358e-07,0.0003919472444846232
5.524671521177811e-07,0.0003690397186623811
5.524681387126059e-07,0.0003546010508630317
5.524689811851656e-07,0.0003362755410766766
5.524700009095172e-07,0.0003099938732642611
5.524707405998856e-07,0.0002987599228093716
5.524714626204351e-07,0.0002939360453097354
5.524723839495156e-07,0.0002883603778568645
5.524735610435318e-07,0.0002774127102119512
5.524746251358271e-07,0.0002657573506967524
5.524758243414131e-07,0.0002552724670793908
5.524772868113347e-07,0.0002498428803942796
5.524792600265613e-07,0.0002543935664214592
5.524812229935165e-07,0.0002595464615751156
5.524827831837849e-07,0.0002505701919601807
5.524842574998129e-07,0.0002289158613547963
5.524853637946695e-07,0.0002114279867293247
5.524864593606664e-07,0.0001994831289141979
5.524876228145848e-07,0.0001909428361590936
5.524889890780017e-07,0.0001819157528233888
5.524902410933845e-07,0.0001807675143656481
5.524915515813824e-07,0.0001850859673127259
5.524925472128276e-07,0.0001882266130902069
5.524937492538678e-07,0.0001904296424735464
5.524950213403486e-07,0.0001904438647782611
5.52496819940295e-07,0.0001880281935288965
5.524991293683103e-07,0.0002010976018337219
5.525010161319062e-07,0.0002254048569190636
5.525024710198056e-07,0.0002319246803556578
5.525040016071951e-07,0.000229760330543701
5.525055344562913e-07,0.0002708538291375508
5.525070650230061e-07,0.0003410603053441448
5.525082591795976e-07,0.0003846024663707075
5.525093011967591e-07,0.0004106752935263704
5.525105465121534e-07,0.0004270268185834907
5.525118137943258e-07,0.0004272852812104579
5.525131549014811e-07,0.0004127319143934402
5.525147539948294e-07,0.0003934476988275
5.525168138371901e-07,0.0004548590179967504
5.525191877154964e-07,0.0006246815307287777
5.525213446068924e-07,0.0006836688736831164
5.525228629683912e-07,0.0006606332901123521
5.525252476263634e-07,0.000565647217927993
5.525275219805673e-07,0.0004564514081500727
5.525295740571876e-07,0.0003666258273160459
5.525318370575261e-07,0.0002800380601655433
5.525356011576324e-07,0.0001656282028002469
5.525395614521743e-07,9.596949695191697e-05
5.52543796272121e-07,6.880176436632969e-05
5.525482786939987e-07,6.164064553108078e-05
5.525527529454839e-07,6.00169682566755e-05
5.525573844817566e-07,5.94325247372297e-05
5.525629915347477e-07,5.898217102923784e-05
5.525705543234593e-07,5.847135913115584e-05
5.525818584535611e-07,5.781083294022834e-05
5.525999403593243e-07,5.696145214779241e-05
5.526318664001021e-07,5.593991526201713e-05
5.526924738529232e-07,5.50173859124703e-05
5.527705069842652e-07,5.467302642751812e-05
5.5286648599839e-07,5.459109743432731e-05
5.529794895760617e-07,5.457595932565244e-05
5.53120174678025e-07,5.457110058383462e-05
5.533113258549078e-07,5.456804441799773e-05
5.53607012955466e-07,5.456580965084449e-05
5.541273902000651e-07,5.456422085399877e-05
5.548478518288213e-07,5.456328948770207e-05
5.558716412626013e-07,5.456252809895359e-05
5.573235235231266e-07,5.456183428682437e-05
5.586617617615633e-07,5.45614229427338e-05
5.6e-07,5.456114456893275e-05
5.6005e-07,5.457966245247513e-05
5.600638226542581e-07,5.473901955719499e-05
5.600914679627742e-07,5.859543536886512e-05
5.600997512893899e-07,6.132122029060256e-05
5.601070649828403e-07,6.318166591496075e-05
5.601145053397219e-07,6.414411886779874e-05
5.601199290584364e-07,6.988763827656615e-05
5.6012542980585e-07,9.107959674306634e-05
5.601311176821391e-07,0.0001151964919584684
5.601365790563958e-07,0.0001224772895562257
5.601406327676657e-07,0.0001173547703338657
5.601456184193938e-07,0.0001132400975958507
5.601477118650782e-07,0.0001199675797761552
5.601495010657929e-07,0.0001310930015210144
5.601514258434259e-07,0.0001458330944993405
5.601534624359698e-07,0.0001628875388100037
5.601554613004564e-07,0.0001954142638911228
5.60157449619645e-07,0.000227402313898216
5.601591769038328e-07,0.0002465670756765352
5.601605734779205e-07,0.0002806629349863863
5.60162174389054e-07,0.0003386231211080723
5.601635747629128e-07,0.0003866524848271837
5.601651650067582e-07,0.000421483468995651
5.601670387080856e-07,0.0004477835967213797
5.601687359088305e-07,0.0004669052244336203
5.601698432097475e-07,0.000473257750672231
5.601710262105412e-07,0.0004767686403936475
5.601720225511138e-07,0.0004786678468187501
5.601733581148426e-07,0.0004775702686639034
5.601746820739395e-07,0.0004684754454208718
5.601758313662929e-07,0.000454164370865324
5.60177207580998e-07,0.0004311932883518498
5.601791755754718e-07,0.0003964740795955802
5.601806055223367e-07,0.0003810219864809357
5.601821551129282e-07,0.0003750882439465735
5.601833566289024e-07,0.0003717074211017132
5.601845081827334e-07,0.0003634357810164757
5.601859824831631e-07,0.0003366347703432695
5.601870945976265e-07,0.0003045253864136957
5.601880098017625e-07,0.0002754827846888468
5.601888106805215e-07,0.0002515500542047681
5.601898830528344e-07,0.0002301788246260934
5.601908014152078e-07,0.0002214075961430567
5.601917134608093e-07,0.0002127314588126881
5.601926292255864e-07,0.0002050284405373444
5.60193654774436e-07,0.0001969978874717672
5.601949130384173e-07,0.0001872645866371029
5.601958248595162e-07,0.0001809367986726655
5.601969156500842e-07,0.0001741391292948024
5.60198618804253e-07,0.000164855353528428
5.602000000000001e-07,0.0001582228323836095
5.602015789569948e-07,0.0001515329915722416
5.602036843869958e-07,0.0001434328999101071
5.602058486960614e-07,0.0001360533536650196
5.602095601177086e-07,0.0001250516105987312
5.602141130669389e-07,0.0001138319885585286
5.602192349594099e-07,0.0001038780399157528
5.602249942958456e-07,9.531643044697542e-05
5.602320604551257e-07,8.70378765259028e-05
5.602414131640671e-07,7.827165651750851e-05
5.602512305071242e-07,7.192279488760469e-05
5.602650375115042e-07,6.81304709982698e-05
5.602747417991351e-07,6.796549394238072e-05
5.602816211118269e-07,6.809163499941352e-05
5.602867105135577e-07,6.773404123064836e-05
5.60291804272918e-07,6.667715339218323e-05
5.602958410356387e-07,6.545394036022737e-05
5.603004328946082e-07,6.376971846781454e-05
5.603067869851053e-07,6.153736655275214e-05
5.603113547083552e-07,6.067984315078929e-05
5.603160357498632e-07,6.042425866447325e-05
5.60320847829005e-07,6.060657006998514e-05
5.603289997192697e-07,6.129061811877088e-05
5.603384884521483e-07,6.197014655529292e-05
5.603484839638576e-07,6.214832526596559e-05
5.603594874062997e-07,6.175007829805262e-05
5.603713427562055e-07,6.084945489843831e-05
5.603864731208853e-07,6.1608039433149e-05
5.603948151269276e-07,6.989819723905712e-05
5.604052306920637e-07,8.364631722455648e-05
5.604126613796903e-07,8.728532476226565e-05
5.604155518070301e-07,8.769454899045995e-05
5.604213326617096e-07,9.74406359574791e-05
5.604252128515245e-07,0.0001251095374247247
5.604296929268476e-07,0.0001696712710214982
5.60432882092883e-07,0.0001851277288903515
5.604353172983622e-07,0.0002015836396640228
5.604366264834687e-07,0.0002589923297167576
5.604384569200093e-07,0.0004079656974669639
5.604397460372629e-07,0.0005147683321920948
5.604412443309217e-07,0.0005870169284881904
5.604421560562683e-07,0.0006436654021270792
5.604432865973093e-07,0.0007289882613812748
5.604442090337943e-07,0.0007629756916738553
5.604450111593144e-07,0.0007488519267255459
5.604457630935435e-07,0.0007034057412168737
5.604468818156445e-07,0.0005979009969789997
5.604472881594576e-07,0.0005589989384600844
5.604477985993294e-07,0.0005130629342777124
5.604484769445799e-07,0.0004616189142492328
5.604493289332494e-07,0.0004123829172055806
5.604502323218435e-07,0.0003728812529343922
5.604511323746838e-07,0.0003448120543042852
5.604520382429312e-07,0.0003275025278054175
5.604530675335107e-07,0.0003152208676448544
5.604543288307388e-07,0.0002977054055808544
5.604556625522354e-07,0.0002678980157615403
5.604572035131611e-07,0.000221995066502085
5.604587459161779e-07,0.0001765942654275338
5.604601319511317e-07,0.0001562988396300312
5.604614361318347e-07,0.000157081589912145
5.60462418359206e-07,0.0001498932866354577
5.604630957661048e-07,0.0001463320928455532
5.604638833124099e-07,0.0001574571686550633
5.604646028790674e-07,0.0001734651233057991
5.604655943733971e-07,0.0001874168434490732
5.604668164081509e-07,0.0001903336217256919
5.60467886812717e-07,0.0001857176731687823
5.604691083644154e-07,0.0001769391090827729
5.604706691222164e-07,0.00016344482516495
5.604728279315863e-07,0.0001447030347486755
5.604751693166909e-07,0.0001401904177831559
5.604776791683299e-07,0.0001623677401896889
5.604794726781086e-07,0.0001754884593861345
5.604816153415577e-07,0.0001769505137318464
5.604839482522979e-07,0.0001784309017112943
5.60485764991679e-07,0.0002020845056079591
5.6048709342846e-07,0.0002207217116651598
5.604883925211344e-07,0.0002272695160633873
5.604896120870415e-07,0.0002313932511552305
5.604906788613052e-07,0.0002410057521624798
5.604917022128795e-07,0.0002544211842427325
5.604927537784781e-07,0.0002867873973046517
5.604937987374182e-07,0.0003288326050398486
5.604947756813487e-07,0.0003607421864463731
5.604957932686803e-07,0.0003824286395312688
5.60496938548696e-07,0.0003951648436545136
5.604984393666226e-07,0.000400521313749559
5.604996553727814e-07,0.0004000515777505129
5.605010044955125e-07,0.0003938393209362573
5.605027297228428e-07,0.0003745781875520165
5.605054372684327e-07,0.0003290068818321309
5.605079965082185e-07,0.0003581254723634667
5.605104131201692e-07,0.00049929847930205
5.605129486762284e-07,0.000618396493905801
5.605152983768427e-07,0.0006201322755654063
5.605173192625982e-07,0.0005565855166738263
5.605199014362887e-07,0.0004477258695201269
5.605220906161835e-07,0.0003592631248687774
5.605244372222407e-07,0.0002757446699656464
5.605277667944054e-07,0.0001796422485036908
5.605320387818833e-07,0.0001018921751838638
5.605368323014686e-07,6.697789811014624e-05
5.605423848213651e-07,5.704889422974167e-05
5.605474323823832e-07,5.532557069202201e-05
5.605525051320492e-07,5.49081992268328e-05
5.605584522637436e-07,5.477285085060563e-05
5.605669109664583e-07,5.471473765452829e-05
5.60578745721516e-07,5.468384623017818e-05
5.605937731150385e-07,5.466126234257037e-05
5.606136977040792e-07,5.464142087934293e-05
5.606428507407771e-07,5.46230865808018e-05
5.606940425080018e-07,5.460501492840945e-05
5.607756436438128e-07,5.459065774280418e-05
5.608846428376283e-07,5.458130388279292e-05
5.610425679725814e-07,5.457461832653738e-05
5.612774278104494e-07,5.456985043179955e-05
5.616135850015782e-07,5.456663003930268e-05
5.620946104132829e-07,5.456445013400917e-05
5.627835993506893e-07,5.456297713263895e-05
5.637790911892528e-07,5.456198329077967e-05
5.652183934327118e-07,5.456131600127709e-05
5.672981864260806e-07,5.456086025066829e-05
5.696490932130403e-07,5.456059121693633e-05
5.720000000000001e-07,5.456042685459172e-05
5.720500000000001e-07,5.462139722633133e-05
5.720638226542581e-07,5.505071740430265e-05
5.720788960311704e-07,5.694295385269598e-05
5.720863549790889e-07,5.888633955445007e-05
5.720932832704179e-07,6.113806838490135e-05
5.721013865024998e-07,6.310818955212732e-05
5.721082421403134e-07,6.362509397851426e-05
5.72113077261106e-07,6.767460475197933e-05
5.721179663979853e-07,8.36249383145088e-05
5.721231487565386e-07,0.00010574493913117
5.721276543777819e-07,0.0001155142262849802
5.721320599242143e-07,0.0001445252748535389
5.721360846830604e-07,0.0002890565764020786
5.721391875751072e-07,0.0004286157938576445
5.721415508505303e-07,0.0004971715911161299
5.721443849990736e-07,0.0005498414216666463
5.721458550307524e-07,0.0005915354233772181
5.721468384374466e-07,0.000618795896330182
5.721480278783517e-07,0.0006333126589647437
5.721488965978233e-07,0.0006252611746249893
5.72150277606909e-07,0.0005783976888774013
5.721513219913189e-07,0.0005289062147256849
5.721521799286197e-07,0.0004904332367922365
5.72152866728372e-07,0.0004648375829617344
5.721539066251884e-07,0.0004324581463460881
5.721550009762403e-07,0.0004020663676933835
5.721559063253791e-07,0.000377828777679774
5.721569033627227e-07,0.0003507447721658946
5.721581202860842e-07,0.0003166722462842989
5.721598550925046e-07,0.0002674020106141513
5.72161940978483e-07,0.0002124685662690275
5.72164173500246e-07,0.0001677282050091141
5.72166856120554e-07,0.0001381657651239144
5.721691055807305e-07,0.0001242551411297804
5.721715769202218e-07,0.0001146965113333001
5.721733852138135e-07,0.0001096403716008764
5.721752269886084e-07,0.0001054079227203587
5.721777975088631e-07,0.0001003587763287903
5.721807883959402e-07,9.545497467150553e-05
5.721837042487136e-07,9.216388330024599e-05
5.721861829518813e-07,9.013627099816753e-05
5.721887485580195e-07,8.859203866092507e-05
5.721921613451098e-07,8.721431883272874e-05
5.721960806725549e-07,8.620951214871706e-05
5.722000000000001e-07,8.558214592929855e-05
5.722032453343707e-07,8.548681893210742e-05
5.722070178874976e-07,8.6892971412269e-05
5.72210773714512e-07,9.109906970546913e-05
5.722182853685409e-07,0.000112579370440835
5.72225793024047e-07,0.0001416059554914313
5.722314116267037e-07,0.0001473220413210898
5.72236578880089e-07,0.0001403341825867031
5.722394235300927e-07,0.0001390315549850034
5.722411642364769e-07,0.0001403170688639851
5.722435290865175e-07,0.0001410471624970723
5.7224519841529e-07,0.000138248451780413
5.722469224836146e-07,0.0001315158431684491
5.722490146282607e-07,0.0001191210485832311
5.722506449689804e-07,0.0001094496705784889
5.722518625862505e-07,0.0001042080796517047
5.722533812600338e-07,9.97088475086849e-05
5.722553311388145e-07,9.463684140714493e-05
5.722567018837442e-07,9.097108338408984e-05
5.72258366193532e-07,8.646922650299559e-05
5.722610328923746e-07,7.989786396621115e-05
5.722642484080183e-07,7.412652563923911e-05
5.722676985534035e-07,7.044721168935593e-05
5.722720107958549e-07,6.792589596950998e-05
5.722781920334967e-07,6.586801814801018e-05
5.722881333879234e-07,6.42757985929424e-05
5.723021396440245e-07,6.495779531446393e-05
5.72318012868689e-07,6.753710516122303e-05
5.723263278106807e-07,6.857511144379042e-05
5.723313738841832e-07,6.877475165611107e-05
5.723374523814015e-07,6.778865423364703e-05
5.723427034364756e-07,6.607447024257495e-05
5.723470536075392e-07,6.421329907731787e-05
5.723507067417489e-07,6.271141070461703e-05
5.723546779937542e-07,6.180169470201206e-05
5.723584525149379e-07,6.168154298858074e-05
5.723623275879509e-07,6.22100459600987e-05
5.723677310337667e-07,6.349370840050526e-05
5.723766622144006e-07,6.537338664559298e-05
5.723852454118711e-07,6.59376664145503e-05
5.723933953875853e-07,6.541233935076037e-05
5.724021881263356e-07,6.423045757164323e-05
5.724115528143123e-07,7.241954646172762e-05
5.724196890533432e-07,9.075760325249951e-05
5.724257775578731e-07,9.623969870652443e-05
5.724324135484587e-07,0.0001027231918903206
5.724362321986878e-07,0.0001361972518851625
5.72437455876047e-07,0.0001531736256180957
5.724387138313843e-07,0.0001718758754728912
5.72439737890761e-07,0.0001869536790266683
5.724413789470737e-07,0.0002265044827808239
5.724424974783051e-07,0.0002842686695863874
5.724437457983769e-07,0.0003589657081604537
5.724447596310507e-07,0.0003948961541347776
5.724455464392027e-07,0.0003994290742908766
5.724462321986878e-07,0.000393839549274654
5.724464910914178e-07,0.0003786072318218838
5.724468720603868e-07,0.0003594183395057866
5.724472205783999e-07,0.0003445426864328115
5.724478596922514e-07,0.0003222416184948537
5.724487618088246e-07,0.0003036809797782634
5.72449714371787e-07,0.0003052437113154792
5.724507023949622e-07,0.0003247016039456268
5.724516412038821e-07,0.0003399568772631991
5.724527546794456e-07,0.0003336011684853549
5.724541441471084e-07,0.000290373505940587
5.72455347759952e-07,0.000254047651272012
5.72456362731568e-07,0.000268436651757989
5.724571894049045e-07,0.0003018418641786985
5.724581545038077e-07,0.0003454668619214688
5.724588411114122e-07,0.0003784449442518721
5.724595286909533e-07,0.0004086613473893819
5.724604480775766e-07,0.0004368850972497773
5.72461486366483e-07,0.0004572640128921104
5.724625156606801e-07,0.0004633015261956806
5.724636726878926e-07,0.0004505224975366649
5.724647343244506e-07,0.0004264289575767253
5.724656065339882e-07,0.0004048620801698569
5.724667784864355e-07,0.0003830482975512951
5.724676528505512e-07,0.0003677396613798873
5.724685484459598e-07,0.0003481704159578016
5.724692042274857e-07,0.0003334835049705544
5.724698924422176e-07,0.0003213928247713338
5.724706113144208e-07,0.0003120862833664555
5.724715503255689e-07,0.0003008847659832839
5.724727161870599e-07,0.0002861687967563742
5.724737853107928e-07,0.0002738086619013944
5.724749686695218e-07,0.0002655343875245855
5.724764089772197e-07,0.0002664889285161064
5.72478327104753e-07,0.0002839027213595138
5.724802370486298e-07,0.0003023166683138286
5.724818510879548e-07,0.0003001737123391593
5.724832668091122e-07,0.0002806763435493906
5.724843425806331e-07,0.0002647927851795663
5.724854429308293e-07,0.000261437029812868
5.724868277288158e-07,0.0002760927474241709
5.724879377790518e-07,0.000289622756522702
5.72489184076796e-07,0.0002981095289715472
5.724903955107218e-07,0.0003016872104510283
5.724915822243022e-07,0.0003112219391454397
5.724928120704809e-07,0.0003284074005826372
5.724937545054134e-07,0.0003580657779499845
5.72494856552032e-07,0.0003889332909292771
5.724958199769482e-07,0.0004011566489838839
5.724968134181416e-07,0.0004009900362424638
5.724980457988157e-07,0.0003881886232104547
5.724993925896572e-07,0.0003655119462154618
5.725006766189313e-07,0.0003411212226981838
5.725021452399126e-07,0.0003153355537350868
5.725040270431346e-07,0.000295062109988479
5.725068501204151e-07,0.000303831189097454
5.725093776510677e-07,0.000326217365383574
5.725116113752224e-07,0.0003214851474282943
5.725144308745833e-07,0.0002997202876330129
5.72516769015368e-07,0.0004229727318917986
5.725193307493133e-07,0.0005995504227759013
5.725213626589823e-07,0.0006336134691512486
5.725230019740113e-07,0.0006026891311312826
5.725253926431836e-07,0.0005141327641726319
5.725273917615675e-07,0.0004305005636816172
5.725294986203598e-07,0.0003473179234120157
5.725320938732365e-07,0.0002555410229032328
5.725362542142013e-07,0.0001418534415281558
5.725406070200956e-07,8.286559218683749e-05
5.725459821145467e-07,6.326004789727201e-05
5.725517302633136e-07,6.00204878824012e-05
5.725563020875786e-07,5.939945821126572e-05
5.725614118764771e-07,5.898196034364909e-05
5.725684656887807e-07,5.850162702302607e-05
5.725786812192267e-07,5.789531711791914e-05
5.725958856393575e-07,5.706218667203996e-05
5.726251992551579e-07,5.606811179915704e-05
5.726838264867587e-07,5.508049297700385e-05
5.727598397149309e-07,5.469191299755649e-05
5.728532675303667e-07,5.459509268108048e-05
5.729644043179502e-07,5.457685844484939e-05
5.731011239071165e-07,5.4571557755415e-05
5.732854552026085e-07,5.456836907225369e-05
5.735646273349722e-07,5.456606571900778e-05
5.740631426032976e-07,5.456439651813289e-05
5.74756946089195e-07,5.456343474214496e-05
5.75743652080241e-07,5.456266008400914e-05
5.771387418612172e-07,5.456194670984295e-05
5.785693709306086e-07,5.456147689681283e-05
5.800000000000001e-07,5.456117134669112e-05
5.800500000000001e-07,5.45796833308303e-05
5.800638226542581e-07,5.473904268240658e-05
5.800914679627742e-07,5.859545790961916e-05
5.800997513075962e-07,6.132124847092484e-05
5.801070649985611e-07,6.318169086544488e-05
5.801145053543729e-07,6.414414549369267e-05
5.801199290686741e-07,6.988768689129982e-05
5.80125429811561e-07,9.107965054342342e-05
5.801311176838532e-07,0.00011519652225981
5.801365790592024e-07,0.0001224773114638077
5.801406327701492e-07,0.0001173547879329058
5.801456184240876e-07,0.0001132401278827174
5.80147711870107e-07,0.0001199676280572383
5.801495010708484e-07,0.0001310930626932894
5.801514258475125e-07,0.0001458331491754898
5.801534624435426e-07,0.0001628876447616694
5.80155461305727e-07,0.000195414393164106
5.801574496267341e-07,0.0002274024194972245
5.801591769079002e-07,0.0002465671674997858
5.801605734826642e-07,0.0002806631177062797
5.801621743919542e-07,0.0003386232603725568
5.801635747662656e-07,0.0003866526118202958
5.80165165010316e-07,0.000421483544426981
5.801670387133137e-07,0.0004477836884595383
5.801687359137691e-07,0.0004669052761647505
5.801698432134068e-07,0.0004732577737261772
5.801710262126981e-07,0.0004767686535469638
5.801720225537264e-07,0.0004786678608465822
5.801733581173056e-07,0.0004775702737760836
5.801746820750272e-07,0.0004684754524217469
5.801758313674564e-07,0.0004541643745239407
5.801772075829794e-07,0.0004311932746849346
5.801791755776428e-07,0.0003964740687180828
5.801806055227883e-07,0.0003810220007997424
5.801821551110831e-07,0.0003750882650391971
5.801833566270291e-07,0.0003717074484547151
5.801845081800281e-07,0.0003634358328504251
5.801859824810952e-07,0.0003366348456778741
5.801870945956322e-07,0.0003045254713186345
5.801880098005717e-07,0.0002754828399168421
5.801888106790903e-07,0.0002515501186305617
5.80189883049905e-07,0.0002301789466232892
5.801908014132253e-07,0.0002214077256638822
5.801917134582596e-07,0.0002127316014262221
5.801926292227942e-07,0.0002050285823924092
5.801936547706967e-07,0.0001969980333136919
5.801949130381945e-07,0.0001872646993257555
5.801958248591146e-07,0.0001809369049268004
5.801969156495727e-07,0.000174139228224562
5.80198618801284e-07,0.0001648554523280417
5.802000000000001e-07,0.0001582229063231186
5.802015789573157e-07,0.0001515330535239967
5.802036843882218e-07,0.0001434329453288342
5.802058486986867e-07,0.000136053382959363
5.802095601214949e-07,0.000125051622179468
5.802141130709907e-07,0.0001138319909997613
5.80219234963947e-07,0.0001038780404135264
5.802249943011871e-07,9.531642955628382e-05
5.802320604621314e-07,8.703786940101205e-05
5.802414131738129e-07,7.827164059904374e-05
5.802512305256465e-07,7.192277837380163e-05
5.802650375416932e-07,6.813047124128392e-05
5.802747418367979e-07,6.796550539533674e-05
5.802816211296122e-07,6.809164667499912e-05
5.802867105295054e-07,6.773405132605701e-05
5.802918042799274e-07,6.667716114892406e-05
5.802958410520463e-07,6.545394602540778e-05
5.803004329165574e-07,6.37697195944028e-05
5.803067870170929e-07,6.153737048089252e-05
5.803113547261401e-07,6.067985555396615e-05
5.803160357966167e-07,6.042427504923744e-05
5.803208478816855e-07,6.060659084209637e-05
5.803289998082543e-07,6.129064302790449e-05
5.803384885388229e-07,6.197016527819401e-05
5.803484840658028e-07,6.214833571488394e-05
5.8035948751732e-07,6.175008068868002e-05
5.803713428619549e-07,6.084945065292656e-05
5.803864728991383e-07,6.160787941332532e-05
5.80394823992768e-07,6.991273210054265e-05
5.804052441918576e-07,8.368652902704174e-05
5.804126826586051e-07,8.73658553945605e-05
5.804155352918245e-07,8.77972894402576e-05
5.804212405582632e-07,9.766119437067666e-05
5.804251888072362e-07,0.0001271093055209894
5.804297179137347e-07,0.0001760829864099368
5.80432951353283e-07,0.0001954382761189144
5.8043552240661e-07,0.0002134762948560525
5.804368595893365e-07,0.0002702529024256449
5.804381652348577e-07,0.000367490734489635
5.804394759573511e-07,0.0004784251814195396
5.804408879033331e-07,0.0005592887121392902
5.804420634979102e-07,0.0006134577968755471
5.804433310385541e-07,0.0007020788292447228
5.804443804734507e-07,0.000745221155997695
5.804452032293522e-07,0.000734359455626015
5.804459953142375e-07,0.0006901183514441354
5.804469755445362e-07,0.0006015441866242358
5.804474117058957e-07,0.000561467556995889
5.804479136687254e-07,0.0005178896654563653
5.804485404368338e-07,0.0004711689741158609
5.804494199890506e-07,0.0004223841220347062
5.80450329863038e-07,0.0003853290620584365
5.804512593321666e-07,0.0003565580824870129
5.80452152410474e-07,0.0003362827420040634
5.804531547041728e-07,0.0003180718313766769
5.804543573618054e-07,0.000294131815572653
5.804556773738572e-07,0.0002591018982286838
5.804571599068534e-07,0.000211174395863381
5.804587644699924e-07,0.0001614747700245041
5.804601435069572e-07,0.000135699187419246
5.804611330228892e-07,0.0001316851684624879
5.804621452506899e-07,0.0001285049468621467
5.804631298920442e-07,0.0001203585730312102
5.804640539930547e-07,0.0001236084225188392
5.804647646053103e-07,0.0001336893065180517
5.804656087125611e-07,0.000142750536868913
5.804666034298778e-07,0.0001464323214307812
5.804676039397875e-07,0.0001449287841185448
5.80468738230094e-07,0.0001402684353452355
5.804700782508671e-07,0.0001329797611131864
5.804719068109656e-07,0.0001218879977604413
5.80474181984842e-07,0.0001111929203711842
5.80476604998677e-07,0.0001173631902106958
5.80479304149689e-07,0.0001374159551475887
5.804817935738094e-07,0.0001486531465793431
5.804843578000541e-07,0.0001493072744332865
5.804873050368633e-07,0.000145271888205775
5.804900813601227e-07,0.000164418450918223
5.804919418006266e-07,0.0001965907915116626
5.804939501666624e-07,0.0002288227253043194
5.804957048980853e-07,0.0002434683240040567
5.804973767499258e-07,0.0002675750704669477
5.80499064329582e-07,0.0003577417742861004
5.805009536793897e-07,0.0004837649077932793
5.805022958295159e-07,0.0005324717833298694
5.805036328157807e-07,0.0005400557312649547
5.80505344971946e-07,0.0005117169351824394
5.805070200283848e-07,0.0004894657295027183
5.80508579231863e-07,0.0005186324018542543
5.805104154772613e-07,0.0006074192455548207
5.805126767447373e-07,0.000700354224138879
5.805148636314478e-07,0.0006987864440957676
5.805167983173301e-07,0.0006284925861725943
5.805194121666275e-07,0.0004919305503554008
5.805218498930309e-07,0.0003708549015293689
5.805240824621001e-07,0.0002798699693659428
5.805268626151042e-07,0.0001912654168178264
5.805315451099664e-07,0.0001010863337336721
5.805356698794208e-07,6.946340850388498e-05
5.805401917405272e-07,5.865270146492146e-05
5.805450480246109e-07,5.574085734620557e-05
5.805499055527907e-07,5.501780336547829e-05
5.805556083978476e-07,5.47821038214437e-05
5.805628983163757e-07,5.469854836430684e-05
5.805734105580547e-07,5.466324208145818e-05
5.80586427248099e-07,5.464409010089947e-05
5.806033696577143e-07,5.462824800954909e-05
5.806268177589772e-07,5.461402460188285e-05
5.806650320778026e-07,5.460031009839947e-05
5.807386497009133e-07,5.458697531743423e-05
5.808325827970372e-07,5.45788771043581e-05
5.809658286487813e-07,5.457312959918828e-05
5.811668063993842e-07,5.456890734895083e-05
5.814549133897044e-07,5.456603078602474e-05
5.818679636960564e-07,5.456406491937158e-05
5.824571139322403e-07,5.456272668455946e-05
5.833073128629155e-07,5.456181204652608e-05
5.845366185436826e-07,5.456119164314827e-05
5.863131760255324e-07,5.456076613594962e-05
5.888798484430634e-07,5.456046321735185e-05
5.920000000000001e-07,5.45602665759622e-05
5.920500000000001e-07,5.462123807676905e-05
5.920638226542582e-07,5.505056219931528e-05
5.920788948403935e-07,5.694253742226373e-05
5.920863551978443e-07,5.888624471899063e-05
5.920932829249989e-07,6.113780085692417e-05
5.921013861455883e-07,6.310797871993298e-05
5.921082416930726e-07,6.362486247326722e-05
5.921130770072951e-07,6.767396072341437e-05
5.921179662297724e-07,8.362407138515034e-05
5.921231487142446e-07,0.000105745591959731
5.921276543316581e-07,0.0001156083092949706
5.9213206011104e-07,0.0001460251564369225
5.921360848815471e-07,0.0002928042341837618
5.921391894646596e-07,0.0004331533161985056
5.921415523888801e-07,0.0005017713837539415
5.921443814010568e-07,0.0005542188909332361
5.921458477923596e-07,0.0005957980323618436
5.921468304195616e-07,0.0006231221250906591
5.921480192431456e-07,0.0006379060779318947
5.921488875542456e-07,0.0006301960146780862
5.921502648224243e-07,0.0005836094243364613
5.921513094915808e-07,0.000533202405497313
5.92152167681012e-07,0.0004943128992233418
5.921528597042894e-07,0.0004682648806124918
5.921538666397823e-07,0.0004366477791735096
5.92154980958899e-07,0.0004055845082772954
5.92155884832774e-07,0.0003813678768557543
5.92156865483606e-07,0.0003547317587776594
5.921581049337886e-07,0.000320012798863615
5.921598235832358e-07,0.0002710959764501246
5.921619112856722e-07,0.0002157895337078677
5.921641363495942e-07,0.0001705133357737752
5.921668213874143e-07,0.0001400203857412436
5.921690692577816e-07,0.0001253495670612901
5.921715359941596e-07,0.0001153735716969884
5.921733506989109e-07,0.0001101574172657771
5.921751925923001e-07,0.0001058338380605997
5.92177749950041e-07,0.0001007427570597731
5.921807368577368e-07,9.582423942609529e-05
5.921836686449787e-07,9.252757771496287e-05
5.921861369919781e-07,9.05095831276451e-05
5.921887077333728e-07,8.894350230128889e-05
5.921921050967376e-07,8.753824464614766e-05
5.921960525483688e-07,8.649584903697055e-05
5.922000000000001e-07,8.579820220211175e-05
5.922032491670849e-07,8.551383788653311e-05
5.922070341350956e-07,8.642067182296942e-05
5.922108006176796e-07,8.978765388461716e-05
5.922183335828476e-07,0.0001090517511219922
5.922262472500536e-07,0.0001400797246519438
5.922320625943731e-07,0.0001475408773678162
5.92237195562384e-07,0.000140682400990198
5.922399124585129e-07,0.0001388714531686566
5.922417111630602e-07,0.0001399112767494653
5.922433514569587e-07,0.0001411564095945118
5.922450342560831e-07,0.0001404556857656505
5.922469475203288e-07,0.0001355592033104806
5.922491225855792e-07,0.0001243620750071507
5.922504685246916e-07,0.0001157851480223251
5.922518757282933e-07,0.0001078957754068845
5.922530443232418e-07,0.0001033204245004857
5.922544881082982e-07,9.92030526283003e-05
5.922560389408202e-07,9.51863063147509e-05
5.922574276377967e-07,9.148598514173746e-05
5.922590771448323e-07,8.701501778720779e-05
5.922617726082091e-07,8.027674565042333e-05
5.922650618183007e-07,7.42361754980212e-05
5.9226850506074e-07,7.049968375214754e-05
5.922726255187617e-07,6.803210622230813e-05
5.922792429361856e-07,6.584254423906026e-05
5.922883232078981e-07,6.441314909361264e-05
5.923026483966397e-07,6.508435073277166e-05
5.923182253400711e-07,6.758281823142367e-05
5.923263280670454e-07,6.858168503962366e-05
5.923313333265204e-07,6.877873835266075e-05
5.923373573369083e-07,6.780931145545957e-05
5.923425808830198e-07,6.611546951754312e-05
5.923469135559987e-07,6.426838139473872e-05
5.923505983102531e-07,6.274171237349021e-05
5.923546203822426e-07,6.180641449726499e-05
5.923583419514291e-07,6.167620874394068e-05
5.92362232649928e-07,6.219503961803034e-05
5.923675854551681e-07,6.346210430691317e-05
5.923764762603707e-07,6.534811091410425e-05
5.923850526987476e-07,6.593828019818608e-05
5.9239321099023e-07,6.543127024306132e-05
5.92402006488947e-07,6.423470802879275e-05
5.924112808749475e-07,7.193624694829463e-05
5.924194979217542e-07,9.075507826880923e-05
5.924256502939469e-07,9.696185649823569e-05
5.924328182688319e-07,0.0001038967867927451
5.924367218386926e-07,0.0001413741186884527
5.924379861888642e-07,0.0001620412285135042
5.924392778747591e-07,0.0001848374682061832
5.924403189977528e-07,0.0002030715621816006
5.924419661550335e-07,0.0002365991145704428
5.924437156655141e-07,0.0002805576215300886
5.924450951115444e-07,0.0002959292425078385
5.924459084751185e-07,0.0002899062829011005
5.924467218386925e-07,0.0002817020969622812
5.924470220705382e-07,0.0002753183974305975
5.924474391268883e-07,0.000268746819657968
5.924478253717483e-07,0.0002640589751508162
5.924484861242639e-07,0.0002579388695426577
5.9244941410488e-07,0.000253944315488666
5.924503790532812e-07,0.0002580456853059985
5.924513925589932e-07,0.0002706879145525552
5.924524195203029e-07,0.0002844916395957782
5.924535916617602e-07,0.0002905813159776681
5.924549919543303e-07,0.0002787730428601979
5.924564373764209e-07,0.0002634790703666403
5.924578534634638e-07,0.0003084424005038517
5.92458940155636e-07,0.0003600874698478725
5.924600869638012e-07,0.0004021949035974177
5.924614731900944e-07,0.000433922957096565
5.924626165460767e-07,0.000451816559092941
5.924638649084467e-07,0.0004486524353820591
5.924651378019584e-07,0.0004202137642374417
5.924660670146116e-07,0.0003920142020979304
5.924671107798292e-07,0.0003690968164605794
5.924680986177381e-07,0.0003546440187220512
5.924689407666821e-07,0.0003363489164674863
5.924699604592206e-07,0.0003100539699412161
5.924707010122472e-07,0.0002987780500921848
5.924714225395824e-07,0.00029395010017495
5.92472342972743e-07,0.0002883873101765989
5.924735195806984e-07,0.0002774566092341524
5.924745833655209e-07,0.0002658021206842214
5.924757819848708e-07,0.000255304495814362
5.924772431540435e-07,0.0002498476225989459
5.924792141388981e-07,0.0002543639691243643
5.924811790104525e-07,0.0002595759644784886
5.92482741348614e-07,0.0002506340326725172
5.924842109235835e-07,0.0002304622784188554
5.924857318735632e-07,0.0002137762855915326
5.92486933418686e-07,0.0002088271754103825
5.924879009757253e-07,0.0002055631160091489
5.924891144620843e-07,0.0002013373673299963
5.92490321762019e-07,0.0002030301048717446
5.924916294605502e-07,0.0002087447035418305
5.924927949952125e-07,0.0002132086160878273
5.924939825115389e-07,0.0002161594624420321
5.924953179193991e-07,0.0002172604016519168
5.924971443869016e-07,0.0002147985499550834
5.925000198378917e-07,0.0002109113067681784
5.925026240991938e-07,0.0002440200373632074
5.925048856776314e-07,0.0002990531874111832
5.925066284460307e-07,0.0003355361536429385
5.92508934356633e-07,0.0004000642365177094
5.925106683923061e-07,0.0005208710047464088
5.925117938522265e-07,0.0005798008117215398
5.925130044601885e-07,0.0006052667517443655
5.925143069383312e-07,0.0006011777623328915
5.925163318939182e-07,0.0006180825999795147
5.925178485858407e-07,0.0006994697987293742
5.925194728561518e-07,0.0007750486788243309
5.925209965452693e-07,0.0007867799881073023
5.925225623523601e-07,0.0007431089744958678
5.925247961300031e-07,0.0006237160598840638
5.925270761107127e-07,0.0004825200096716269
5.925291028114135e-07,0.0003704344303952054
5.925313034547361e-07,0.0002707559182745556
5.925345836997176e-07,0.000162727318159204
5.925388656023379e-07,9.085370048516153e-05
5.925427737787493e-07,6.959029136520256e-05
5.92546738302313e-07,6.371202389815298e-05
5.925509716327779e-07,6.200580126978257e-05
5.925555114275422e-07,6.129473037323283e-05
5.925610865904177e-07,6.071481962269195e-05
5.925685145702846e-07,6.005412755960839e-05
5.925794549006374e-07,5.919768349312736e-05
5.925967420692409e-07,5.807970188256599e-05
5.926254522476127e-07,5.674081960385378e-05
5.926828726043562e-07,5.534306510856861e-05
5.927586125998565e-07,5.475236899490959e-05
5.928519262200402e-07,5.460289486177929e-05
5.929580288846011e-07,5.457768364018853e-05
5.930859988026351e-07,5.457175361159613e-05
5.932540251870258e-07,5.456860041591763e-05
5.935041511443139e-07,5.456629011301635e-05
5.939295833438095e-07,5.456460992780456e-05
5.945845608721785e-07,5.456356837455437e-05
5.955028977017617e-07,5.456279962135679e-05
5.968003602662999e-07,5.456208960122794e-05
5.986794036254893e-07,5.45614599383732e-05
6.000000000000001e-07,5.456118508478039e-05
6.000500000000001e-07,5.457969941805689e-05
6.000638226542581e-07,5.473905652268281e-05
6.000914679627742e-07,5.859547230684844e-05
6.000997512882884e-07,6.13212568183623e-05
6.001070649828496e-07,6.318170281618302e-05
6.001145053405694e-07,6.414415599787609e-05
6.001199290585726e-07,6.988767553261276e-05
6.001254298054948e-07,9.10796320823088e-05
6.001311176814387e-07,0.0001151965270210651
6.001365790555574e-07,0.0001224773271832886
6.001406327668032e-07,0.0001173548092613773
6.001456184181496e-07,0.0001132401323345147
6.001477118637411e-07,0.0001199676093172737
6.001495010644469e-07,0.0001310930274130742
6.001514258423633e-07,0.0001458331217108317
6.001534624339211e-07,0.0001628875512154619
6.001554612990564e-07,0.0001954142695900774
6.001574496177362e-07,0.0002274023260019642
6.001591769027718e-07,0.0002465670912585192
6.001605734766689e-07,0.000280662924724101
6.001621743883193e-07,0.0003386231227275822
6.00163574762051e-07,0.0003866524896981095
6.001651650058377e-07,0.0004214834879814358
6.001670387066949e-07,0.0004477836102789069
6.001687359075206e-07,0.0004669052483173937
6.001698432087972e-07,0.0004732577820865148
6.001710262100133e-07,0.0004767686749947315
6.001720225504578e-07,0.0004786678818593714
6.00173358114229e-07,0.0004775703077473435
6.001746820737128e-07,0.0004684754854959853
6.001758313660451e-07,0.0004541644128244848
6.001772075805205e-07,0.0004311933355060136
6.0017917557491e-07,0.0003964741248174907
6.001806055213104e-07,0.0003810220258397431
6.001821551110441e-07,0.0003750882774156535
6.001833566272915e-07,0.0003717074561703297
6.001845081804738e-07,0.0003634358346557106
6.001859824817007e-07,0.0003366348389942053
6.001870945962878e-07,0.000304525463642383
6.001880098009409e-07,0.0002754828466732598
6.001888106795719e-07,0.0002515501069433933
6.001898830510922e-07,0.0002301788029249625
6.001908014139688e-07,0.0002214075431579949
6.001917134592754e-07,0.0002127314065699682
6.001926292243531e-07,0.0002050283871091908
6.001936547727775e-07,0.000196997844581123
6.001949130391614e-07,0.0001872645354330908
6.001958248602071e-07,0.0001809367549988408
6.001969156508601e-07,0.0001741390932980202
6.001986188040821e-07,0.0001648553343846309
6.002000000000001e-07,0.0001582228211521151
6.002015789570048e-07,0.0001515329896664649
6.002036843869333e-07,0.0001434329098879238
6.002058486960586e-07,0.0001360533739155702
6.002095601176481e-07,0.0001250516448022122
6.002141130668993e-07,0.000113832031434993
6.002192349593202e-07,0.0001038780845523356
6.002249942957119e-07,9.531647579122188e-05
6.002320604548741e-07,8.703792685943844e-05
6.002414131636322e-07,7.827171653669907e-05
6.002512305081906e-07,7.19228567058093e-05
6.002650375053176e-07,6.813052716344682e-05
6.002747417967922e-07,6.796554397433223e-05
6.002816211064993e-07,6.809168146203434e-05
6.002867105079128e-07,6.773408498381213e-05
6.002918042651954e-07,6.667719535660859e-05
6.002958410303812e-07,6.545398024907863e-05
6.003004328908975e-07,6.376975653903062e-05
6.003067869839513e-07,6.153740446253216e-05
6.003113547031616e-07,6.067988280392557e-05
6.003160357528511e-07,6.042429885434804e-05
6.003208478336597e-07,6.060661100858982e-05
6.003289997337738e-07,6.129065962361329e-05
6.003384884661397e-07,6.197018612313782e-05
6.0034848398223e-07,6.214836250419892e-05
6.003594874264935e-07,6.17501132412506e-05
6.003713427831162e-07,6.084948764955335e-05
6.003864731572288e-07,6.160810084543118e-05
6.003948151020397e-07,6.989820333620868e-05
6.004052306173582e-07,8.36461475455659e-05
6.004126612575202e-07,8.728505104569801e-05
6.004155515967208e-07,8.769426966670518e-05
6.00421332275122e-07,9.744009131377253e-05
6.004252124122877e-07,0.0001251088175523239
6.004296924356046e-07,0.0001696711037901202
6.004328815725931e-07,0.0001851282107664537
6.004353168793212e-07,0.0002015845365587293
6.004366260726774e-07,0.0002589949491265943
6.004384565192863e-07,0.0004079714788019627
6.004397456349728e-07,0.0005147735297708926
6.004412439240354e-07,0.000587020174347591
6.004421556510777e-07,0.0006436687486810099
6.004432861659628e-07,0.0007289889482778613
6.004442085930204e-07,0.0007629757314371303
6.004450107169434e-07,0.0007488518343594293
6.00445762648111e-07,0.0007034056871764537
6.004468813880557e-07,0.0005978993127953003
6.004472877375344e-07,0.0005589967969159654
6.00447798179443e-07,0.0005130609048834417
6.004484765337027e-07,0.0004616168676061252
6.004493285275486e-07,0.000412381241334547
6.004502319150885e-07,0.0003728799178719794
6.004511319641398e-07,0.0003448109321019819
6.004520378356827e-07,0.0003275013419678408
6.00453067134604e-07,0.0003152195851872869
6.004543284473465e-07,0.0002977038318338223
6.004556621728971e-07,0.0002678962026845133
6.004572031503568e-07,0.0002219928435295963
6.004587455267114e-07,0.0001765933941860785
6.004601315662303e-07,0.0001562990105418245
6.004614357340679e-07,0.0001570827610656421
6.004624179604682e-07,0.0001498942413724579
6.004630953644826e-07,0.0001463321801686393
6.004638829086115e-07,0.0001574573262044846
6.004646024734492e-07,0.0001734664755767642
6.004655939612323e-07,0.0001874185189732216
6.004668160116291e-07,0.0001903341319617078
6.004678864113667e-07,0.0001857172640023137
6.004691079608263e-07,0.0001769384546257387
6.004706687086949e-07,0.0001634456637844012
6.004728275172775e-07,0.0001446967428816186
6.004751689013169e-07,0.0001401109270271158
6.004776787670528e-07,0.000162910284622168
6.004794722787287e-07,0.0001777417457319255
6.004816149367221e-07,0.0001825612926809442
6.004839478580007e-07,0.0001857346545220567
6.004857645984921e-07,0.0001974500383851867
6.004870930622154e-07,0.0001989148477794306
6.004883922376744e-07,0.0001970357901493016
6.004897650888629e-07,0.0002166184776915732
6.004908362388572e-07,0.0002512590526156123
6.004918234181837e-07,0.0002822082054301844
6.004928395353966e-07,0.0003060116791625992
6.004939296352141e-07,0.0003201598030124943
6.004954626388388e-07,0.000326069694195415
6.004965992079254e-07,0.0003338993940502509
6.004979286198393e-07,0.0003795267034089777
6.004996172656737e-07,0.0004863180470348014
6.005014544770308e-07,0.0005698777176895722
6.005028565164499e-07,0.0005827638195632737
6.005043687702133e-07,0.0005567798731798674
6.005064397095336e-07,0.0005106771145320963
6.00507932232069e-07,0.0005197817024483588
6.005097432466868e-07,0.00059040134404638
6.005120199082532e-07,0.0006828037095073822
6.005144451909796e-07,0.000684853504822055
6.005163667702294e-07,0.000616071261964917
6.005189796945018e-07,0.0004818580930776678
6.005214818395961e-07,0.0003599871282282306
6.005237160239001e-07,0.0002715031864902433
6.005263937556209e-07,0.0001882213889940586
6.005304716632235e-07,0.0001075581135166185
6.00534560378076e-07,7.204597118318851e-05
6.005389935691092e-07,5.952368258820722e-05
6.005438857613617e-07,5.597234003239672e-05
6.005486732745061e-07,5.511883431212471e-05
6.005542513881518e-07,5.484181644272162e-05
6.005612391651701e-07,5.474375756631248e-05
6.00571280950235e-07,5.470015907288533e-05
6.005838208892307e-07,5.467512890321753e-05
6.006000600355608e-07,5.465412083997808e-05
6.00622383189305e-07,5.463499937199922e-05
6.006581797793173e-07,5.461638753626115e-05
6.00727289432467e-07,5.459784521288904e-05
6.008175084353297e-07,5.458629042381737e-05
6.009439706703285e-07,5.457823392569528e-05
6.011317793612591e-07,5.457239318621813e-05
6.014058218404312e-07,5.456834880186043e-05
6.017980305057773e-07,5.456561743029703e-05
6.023577216197786e-07,5.45637740613454e-05
6.031630534571504e-07,5.456252699317055e-05
6.043279403893133e-07,5.456168824735627e-05
6.060118209317314e-07,5.456112303365356e-05
6.08444888714058e-07,5.456073160929512e-05
6.10222444357029e-07,5.456056674856123e-05
6.120000000000001e-07,5.456044687667822e-05
6.120500000000001e-07,5.462141996637953e-05
6.120638226542582e-07,5.505073572836718e-05
6.120788973900626e-07,5.694325924908348e-05
6.120863547294607e-07,5.888628890303808e-05
6.120932836673297e-07,6.113821728202511e-05
6.121013869131945e-07,6.310826813541964e-05
6.121082426551592e-07,6.362519354167732e-05
6.121130776059421e-07,6.767528053052072e-05
6.121179666833674e-07,8.362626646937035e-05
6.12123148922082e-07,0.0001057476038287978
6.121276545517714e-07,0.0001157107290251448
6.121320603963524e-07,0.0001475825297579547
6.121360851898913e-07,0.00029662265971344
6.121391913733114e-07,0.0004377301554972702
6.121415539195048e-07,0.0005063835546960872
6.121443779053979e-07,0.0005585833027810487
6.121458406582996e-07,0.000600037056400682
6.121468224674416e-07,0.0006274148356771892
6.121480106357421e-07,0.0006424511196779414
6.121488784815727e-07,0.0006350750726594517
6.12150252088886e-07,0.0005889248726031824
6.121512944858287e-07,0.0005376623118452768
6.121521553287376e-07,0.0004982377687783115
6.121528505552968e-07,0.0004717942717223325
6.121538424423986e-07,0.0004404091204361227
6.121549888859254e-07,0.0004083681646167125
6.121558887951135e-07,0.0003842519836965543
6.121568729365007e-07,0.0003575039062341289
6.121581030965758e-07,0.0003230064604190481
6.121598302421319e-07,0.0002737777995292009
6.121619176505374e-07,0.0002183705737597623
6.121641488581724e-07,0.000172734611724844
6.121668303609661e-07,0.0001417586310803422
6.121690738691518e-07,0.0001264804525068597
6.121715423483036e-07,0.0001160002954056651
6.121733447829324e-07,0.000110667296097423
6.121751834976027e-07,0.000106248876178608
6.121777551864803e-07,0.0001010479949000051
6.121807445808477e-07,9.611003895745913e-05
6.121836620073293e-07,9.285634181562048e-05
6.121861399327416e-07,9.084737094707836e-05
6.121887055210465e-07,8.928065262028459e-05
6.121921169932116e-07,8.784589992715685e-05
6.121960584966058e-07,8.67798764575589e-05
6.122000000000001e-07,8.603815347449149e-05
6.122032486573018e-07,8.561457105014086e-05
6.122070310881498e-07,8.609986537946521e-05
6.122107954153882e-07,8.868755527489361e-05
6.122183240698649e-07,0.0001055667227089844
6.122266949426374e-07,0.0001384387821665375
6.122327389221018e-07,0.0001476729464973123
6.122378560316566e-07,0.0001410031348188348
6.122404120055525e-07,0.0001388296978312406
6.122422988504118e-07,0.0001395466597838691
6.122439693202033e-07,0.0001409488114722799
6.122457387011483e-07,0.000140676370728191
6.122474688400763e-07,0.0001369816102300583
6.122498436935747e-07,0.0001256624039863288
6.122517975846576e-07,0.0001134537447222351
6.122532200308256e-07,0.0001060755638280893
6.122544783548456e-07,0.0001017372831382067
6.122557779011344e-07,9.82255047225689e-05
6.1225718392963e-07,9.457484691082599e-05
6.122585894578864e-07,9.081326453787709e-05
6.122604249007114e-07,8.58551877163337e-05
6.122631505774917e-07,7.924559169752719e-05
6.122663891596625e-07,7.364217979721685e-05
6.122698798935861e-07,7.010896725299664e-05
6.122743032078722e-07,6.76840892182259e-05
6.122806992185416e-07,6.57315382887497e-05
6.122908989955618e-07,6.442941304738456e-05
6.12305341273877e-07,6.553052481623465e-05
6.123208801813638e-07,6.796642158464638e-05
6.123278716991101e-07,6.87363264149098e-05
6.123325453642165e-07,6.867468241292548e-05
6.123375791737416e-07,6.774160336494461e-05
6.123414920832953e-07,6.651137503030493e-05
6.123459647070244e-07,6.468076993468565e-05
6.123498952997421e-07,6.29823511840853e-05
6.123543320212705e-07,6.184342399597156e-05
6.123578270630568e-07,6.165501252404989e-05
6.123619317549447e-07,6.214153447023058e-05
6.123670339864272e-07,6.332946751115101e-05
6.123757378743738e-07,6.523499189378697e-05
6.123842637715104e-07,6.593678108908114e-05
6.123924868104015e-07,6.551079476866133e-05
6.124013064061381e-07,6.427896620181934e-05
6.124102279617047e-07,7.004207690629736e-05
6.124187731393203e-07,8.924846816805537e-05
6.124248198237748e-07,9.611987397206471e-05
6.124317601927727e-07,0.0001004682181284306
6.124362242223887e-07,0.0001361851582613894
6.12437479421294e-07,0.0001539921889427451
6.124388270819552e-07,0.0001742313950113804
6.124399367251279e-07,0.0001906452825305094
6.12441604328354e-07,0.0002287700056981874
6.124427103998796e-07,0.0002728797856200568
6.124439186956468e-07,0.0003188204772104408
6.124449427041263e-07,0.000334353140601093
6.124455834632575e-07,0.0003318985890570131
6.124462242223886e-07,0.0003263716205243047
6.124464792146965e-07,0.0003163465530134606
6.12446838883241e-07,0.0003046522718799764
6.124471751265253e-07,0.0002956508791113184
6.124478039471193e-07,0.0002823329408486051
6.124487040121999e-07,0.0002721437151993908
6.124496608496921e-07,0.0002764847263082444
6.124506517088477e-07,0.0002946449481015384
6.124515909874848e-07,0.0003110275720299308
6.124526981127452e-07,0.0003137357301078106
6.124540799914741e-07,0.0002895778138154716
6.124552912217037e-07,0.0002626454890629944
6.124563089289101e-07,0.0002751424081491545
6.124571385462164e-07,0.0003093874748308173
6.124581041700353e-07,0.0003555839679327312
6.124588016437317e-07,0.0003883255216629948
6.124594821002853e-07,0.0004169428874143328
6.124603866414527e-07,0.0004464399284078824
6.124614308341556e-07,0.0004723250553932112
6.124624558220279e-07,0.0004829268880431658
6.124636081699532e-07,0.0004707112398893504
6.124646943575651e-07,0.0004413017987053031
6.124655685622246e-07,0.0004143329979257467
6.124667603873479e-07,0.0003903332348602314
6.124676459220729e-07,0.0003752066271894494
6.124685406927094e-07,0.0003522911890103179
6.124692026148429e-07,0.0003343685319050725
6.124698950403191e-07,0.0003221090257670829
6.124706111239452e-07,0.0003159565870966571
6.124715412619075e-07,0.0003094741248371253
6.12472705462285e-07,0.0002981057366190976
6.124737734440678e-07,0.0002861844085490455
6.124749542468202e-07,0.0002761723710804453
6.124763864893978e-07,0.0002725486859760077
6.124782910315915e-07,0.0002811589001217795
6.124801988765897e-07,0.0002914657671422028
6.124818227267745e-07,0.0002851505741088051
6.124832302108818e-07,0.0002659792885848426
6.12484904080627e-07,0.0002534005758845577
6.12486109952766e-07,0.0002618012558707157
6.12487448569842e-07,0.0002703352177768362
6.124885695492342e-07,0.0002688586986421236
6.124898038789662e-07,0.000265738359896085
6.124910481066863e-07,0.0002772830889568531
6.12492347265045e-07,0.0002985383310317194
6.124935107055642e-07,0.0003094903512075488
6.124944526488039e-07,0.0003121309595824769
6.124962112583061e-07,0.0003057452580558086
6.124974461025017e-07,0.0002957107002427887
6.124987886425972e-07,0.0002856194858177959
6.125002750286767e-07,0.0002846087745555849
6.125025492757225e-07,0.0003131097421425637
6.125042735178944e-07,0.0003468516736243215
6.125059548904161e-07,0.0003730895838881281
6.125076157326614e-07,0.0004018160903463829
6.125093085363904e-07,0.0004954061468038611
6.125106323304821e-07,0.0005745891166472906
6.125120684079749e-07,0.0006103968360783686
6.125131983701436e-07,0.0006067784921392936
6.12515112766741e-07,0.0005998343455816827
6.125167185184772e-07,0.0006659683759450473
6.125182992389111e-07,0.0007475598142391896
6.125200879594705e-07,0.0007740508963248692
6.12521541484585e-07,0.0007406557043885281
6.125238531990769e-07,0.0006245800870460294
6.125261320848458e-07,0.000485328761679531
6.125281667681851e-07,0.0003731698546875472
6.1253030499278e-07,0.0002760937379471814
6.125334335065477e-07,0.0001707715859288048
6.125377204917252e-07,9.428190827318541e-05
6.125416180651026e-07,7.102262927935986e-05
6.125455834574794e-07,6.447153816643211e-05
6.125498467722782e-07,6.25711137738818e-05
6.1255433986936e-07,6.180977907523533e-05
6.125598269958494e-07,6.119903347074325e-05
6.12567066226019e-07,6.051154595920758e-05
6.1257771741688e-07,5.961767751690685e-05
6.125944056269128e-07,5.844992565451487e-05
6.126222112517386e-07,5.702332836998759e-05
6.126778225013901e-07,5.548732915340295e-05
6.127520825778341e-07,5.479884056981042e-05
6.128437784306486e-07,5.461562215820034e-05
6.129481873710806e-07,5.458312979858397e-05
6.130726159434033e-07,5.457542965223354e-05
6.132343251351552e-07,5.457135618731168e-05
6.134713772309797e-07,5.456831547345001e-05
6.138673162056851e-07,5.456600664206874e-05
6.145009598823464e-07,5.456447333427932e-05
6.153850799141614e-07,5.456342090611521e-05
6.166348215592081e-07,5.456252099884291e-05
6.184344832133318e-07,5.456175173589567e-05
6.200000000000001e-07,5.456135379053943e-05
6.200500000000001e-07,5.45798611538193e-05
6.200638226542582e-07,5.473922288728405e-05
6.200914679627742e-07,5.859563653321681e-05
6.200997513415176e-07,6.132144258446946e-05
6.201070650258961e-07,6.318187192673794e-05
6.201145053781871e-07,6.414432601025524e-05
6.201199290854987e-07,6.988790158267179e-05
6.201254298218475e-07,9.107987575958025e-05
6.201311176880467e-07,0.0001151967057879424
6.201365790655312e-07,0.0001224774734850231
6.201406327759927e-07,0.0001173549383192963
6.201456184344043e-07,0.000113240305842415
6.201477118812492e-07,0.0001199678461933857
6.201495010820583e-07,0.0001310933066328532
6.201514258565095e-07,0.0001458333824006594
6.20153462460472e-07,0.0001628879948893663
6.201554613174593e-07,0.0001954147971147038
6.201574496426241e-07,0.000227402767569016
6.201591769168158e-07,0.0002465674850995138
6.201605734931808e-07,0.0002806636437521627
6.201621743982804e-07,0.0003386236897403998
6.201635747736263e-07,0.0003866530157709494
6.201651650180963e-07,0.0004214838344158293
6.201670387249176e-07,0.0004477840225416223
6.201687359247174e-07,0.0004669055256705467
6.201698432214607e-07,0.0004732579610398303
6.201710262173542e-07,0.0004767688152221089
6.201720225594109e-07,0.0004786680192180682
6.20173358122649e-07,0.0004775704006566708
6.201746820772576e-07,0.0004684755728407776
6.201758313698559e-07,0.0004541644804352403
6.201772075872258e-07,0.0004311933382215124
6.201791755825457e-07,0.0003964741415181059
6.201806055256201e-07,0.0003810221354712093
6.201821551112554e-07,0.0003750884252018212
6.20183356626315e-07,0.0003717076128382978
6.201845081794503e-07,0.000363435996690434
6.201859824801469e-07,0.0003366350149399872
6.201870945946216e-07,0.0003045256406219056
6.201880097996587e-07,0.0002754830012388016
6.201888106781192e-07,0.0002515502610788901
6.201898830485669e-07,0.0002301789734039058
6.201908014121137e-07,0.000221407700561467
6.201917134570026e-07,0.0002127315651460634
6.201926292220651e-07,0.0002050285419263773
6.201936547702239e-07,0.000196997998959634
6.201949130373771e-07,0.0001872646842981802
6.201958248583743e-07,0.0001809369007636832
6.201969156489756e-07,0.0001741392386802679
6.201986188014991e-07,0.0001648554828672489
6.202e-07,0.000158222957490609
6.202015789573559e-07,0.0001515331256033675
6.202036843883166e-07,0.0001434330434347084
6.202058486987217e-07,0.0001360535048758691
6.202095601216858e-07,0.0001250517747126777
6.202141130712414e-07,0.0001138321639897325
6.202192349644189e-07,0.0001038782189758715
6.202249943019317e-07,9.531661140434024e-05
6.202320604633696e-07,8.703806235199549e-05
6.202414131757859e-07,7.827185202059851e-05
6.202512305227024e-07,7.192299563831822e-05
6.202650375252651e-07,6.813067130877949e-05
6.202747418209288e-07,6.796569014509159e-05
6.202816211218186e-07,6.809182644962401e-05
6.202867105221298e-07,6.773422790239602e-05
6.202918042747468e-07,6.66773372899825e-05
6.202958410448327e-07,6.545411955365939e-05
6.203004329082628e-07,6.376989367533815e-05
6.203067870062533e-07,6.15375426563491e-05
6.203113547178861e-07,6.068002503839335e-05
6.203160357830194e-07,6.042444281255559e-05
6.203208478670149e-07,6.060675692870774e-05
6.203289997856622e-07,6.129080719153454e-05
6.203384885171712e-07,6.197033019016699e-05
6.203484840415406e-07,6.214850209542053e-05
6.203594874892643e-07,6.175024827206848e-05
6.203713428576666e-07,6.084961745869156e-05
6.20386473251229e-07,6.16082851919789e-05
6.203948150844838e-07,6.989831590039865e-05
6.204052305124511e-07,8.364699628164609e-05
6.204126610681004e-07,8.730195352796248e-05
6.204155209276248e-07,8.771589338455642e-05
6.204212406466738e-07,9.708103794798761e-05
6.204251377653318e-07,0.0001244292326965849
6.204296334206655e-07,0.0001691860070454378
6.204328300588094e-07,0.0001850641956223143
6.204353442807919e-07,0.0002022829415644178
6.204366635399242e-07,0.0002613455204983016
6.204385022547781e-07,0.0004121853303074999
6.204397922889285e-07,0.0005178996109461101
6.204412944893426e-07,0.0005895238023760803
6.204422292294014e-07,0.0006494983546134333
6.204433504411817e-07,0.000733055966540039
6.204442585667068e-07,0.000763290509607887
6.204450675726228e-07,0.0007463419212920761
6.204458175433033e-07,0.0006987602713043707
6.204470024161033e-07,0.0005863222612439706
6.204474589297155e-07,0.0005430737500336995
6.204479805439104e-07,0.0004979596646634717
6.204487123409407e-07,0.0004464207340735542
6.20449631853527e-07,0.0003977905037333523
6.204505417576065e-07,0.0003618591431957285
6.204514334455983e-07,0.0003379262593523775
6.204523654048351e-07,0.0003231617654219085
6.2045345903509e-07,0.0003106158119216136
6.204547817947478e-07,0.0002889456230216482
6.204561595008205e-07,0.0002539112635841928
6.2045781395353e-07,0.0002028788564597096
6.204592335101861e-07,0.0001662117951280691
6.204607168907725e-07,0.0001563769555310874
6.204618165470836e-07,0.0001556949421709595
6.20462830929332e-07,0.0001467508927731501
6.20463510442033e-07,0.0001501510965531035
6.204642370942997e-07,0.0001654685510977549
6.204650090455124e-07,0.0001805552122833328
6.204660272067271e-07,0.0001898879870463318
6.204670505213651e-07,0.0001896531454583655
6.204681645787566e-07,0.000183926800489154
6.204694426457039e-07,0.0001741971041283871
6.204711407704602e-07,0.0001591541465480829
6.204733727722617e-07,0.0001412622928213865
6.20475745235836e-07,0.0001436332841878628
6.204782431345276e-07,0.0001696241564767689
6.204802831929009e-07,0.0001850557622350969
6.204826368124721e-07,0.0001878027449414581
6.204852212909275e-07,0.0001867786010260068
6.204873705867298e-07,0.000211738647247793
6.204891195150439e-07,0.000240205687595444
6.20490496588777e-07,0.0002570270427994232
6.204922478957986e-07,0.0002902263405695217
6.204935250701048e-07,0.0003455176808904015
6.204951031259618e-07,0.0004004266321774374
6.204963113420793e-07,0.000423608356929258
6.204975175231283e-07,0.0004573562879809727
6.204990931502125e-07,0.0005430444122617798
6.20500295426547e-07,0.0006095933181383812
6.205017574960795e-07,0.0006501411953906396
6.205030052337074e-07,0.0006462384527701652
6.205048724404551e-07,0.0005965267756711868
6.205066505438408e-07,0.0005494077981871162
6.205082313681754e-07,0.0005572842699569609
6.205100378772898e-07,0.000620973309411514
6.205123598816616e-07,0.0006901580056946179
6.205145509204729e-07,0.0006702880278241712
6.205165087677534e-07,0.0005906432540512506
6.205191181701261e-07,0.0004542746673882841
6.205215700339845e-07,0.0003383799789037994
6.205238275382113e-07,0.0002530803938334485
6.205265313428122e-07,0.0001740584185128962
6.205303438717822e-07,0.0001039153991707879
6.205343803851453e-07,7.103057511998304e-05
6.205387924284506e-07,5.931292228705938e-05
6.205436488841854e-07,5.594915816740248e-05
6.205484479509638e-07,5.511305639059585e-05
6.205540665485317e-07,5.483886302360228e-05
6.205611471615905e-07,5.474233350921013e-05
6.205713326545247e-07,5.469970938994583e-05
6.205837813800023e-07,5.467519620164648e-05
6.206000244843709e-07,5.465418330354108e-05
6.206224699089904e-07,5.463496744217884e-05
6.206590777390142e-07,5.461606273966473e-05
6.207306907587991e-07,5.459725703167474e-05
6.208215011835159e-07,5.458596511744434e-05
6.209494205160076e-07,5.457802634603948e-05
6.211397265585187e-07,5.457225843708565e-05
6.21417611317264e-07,5.456826384587373e-05
6.218151684249819e-07,5.456556743838966e-05
6.223821005267273e-07,5.456374755342747e-05
6.23198062436049e-07,5.456251402098886e-05
6.243785769232102e-07,5.456168214723662e-05
6.260852431697603e-07,5.456111933225075e-05
6.285509968100156e-07,5.456072836759393e-05
6.32e-07,5.456045376498118e-05
6.320500000000001e-07,5.462142413625897e-05
6.320638226542581e-07,5.505074930154847e-05
6.320788944684165e-07,5.694264596579372e-05
6.320863552671082e-07,5.88864504079007e-05
6.320932828165668e-07,6.113795107504785e-05
6.321013860332431e-07,6.310814533425435e-05
6.321082415523499e-07,6.36250207374713e-05
6.321130769525868e-07,6.767403805017896e-05
6.321179662161444e-07,8.362425637363408e-05
6.321231487501013e-07,0.0001057481236843005
6.321276543657427e-07,0.0001158205599289721
6.321320605437423e-07,0.00014919602687903
6.321360852942187e-07,0.0003005025098288246
6.321391931469069e-07,0.000442346817652287
6.321415553256797e-07,0.0005110119717248138
6.321443742389912e-07,0.0005629349448306346
6.321458334227356e-07,0.0006042543066737543
6.321468144170048e-07,0.0006316788212197541
6.321480019533143e-07,0.0006469561908606646
6.32148869300907e-07,0.0006399074212820903
6.321502392707181e-07,0.0005943260438954353
6.321512773104354e-07,0.0005422995684709515
6.321521434428367e-07,0.0005021906575038292
6.321528392550967e-07,0.0004754340751079301
6.321538345746698e-07,0.0004437221687983087
6.321550310735608e-07,0.0004102571620007706
6.321559292189717e-07,0.0003861888544835184
6.321569199223878e-07,0.0003592193872648813
6.321581503697127e-07,0.000324638807345532
6.321599038594602e-07,0.0002746218119340257
6.321619939878718e-07,0.0002193515235552694
6.321642479599965e-07,0.0001737660388075885
6.321669174214232e-07,0.0001430439634414979
6.321691509341994e-07,0.0001274669525951882
6.32171622444579e-07,0.0001164978836830611
6.321734189475908e-07,0.000111038989101533
6.32175251543731e-07,0.0001065430200653798
6.321778951948295e-07,0.0001011253488840328
6.321808975490689e-07,9.620443497619466e-05
6.32183726724731e-07,9.311199938245965e-05
6.321862733157627e-07,9.109075981553822e-05
6.321888148753913e-07,8.956351177580379e-05
6.321923181741898e-07,8.809543395113463e-05
6.321961590870949e-07,8.70464038389849e-05
6.322000000000001e-07,8.629337426903362e-05
6.322032362017443e-07,8.577164027277977e-05
6.322069744795542e-07,8.590614157600592e-05
6.322107010065518e-07,8.774512430662834e-05
6.32218154060547e-07,0.0001018882149952394
6.322271028171817e-07,0.0001365108575125833
6.322333926586115e-07,0.0001477883455592466
6.322385536987361e-07,0.0001412971287745496
6.322407563397247e-07,0.0001389807201428979
6.322427956143798e-07,0.0001391555087235204
6.322445140789885e-07,0.0001406172806796617
6.32246417019081e-07,0.0001408489401146646
6.322480584282362e-07,0.0001379835742318176
6.322498232501996e-07,0.00013094787337054
6.322518846415899e-07,0.0001186236751820934
6.322535004140345e-07,0.000109069538147212
6.322547128507945e-07,0.0001038966505232591
6.322562551535723e-07,9.935381526299768e-05
6.322581372770667e-07,9.446168140914686e-05
6.322595127674315e-07,9.078383345478738e-05
6.322611721574683e-07,8.629626748025752e-05
6.32263881795561e-07,7.963202790338686e-05
6.322670998839339e-07,7.389554182465701e-05
6.322705594830804e-07,7.025918318343194e-05
6.322748690276982e-07,6.781330561118585e-05
6.322810942091822e-07,6.587550292746695e-05
6.322910493114341e-07,6.456762496767054e-05
6.323051301836255e-07,6.555305128539657e-05
6.323206171355363e-07,6.794509628056645e-05
6.323276730407733e-07,6.872664002106255e-05
6.323323675350916e-07,6.869494050340315e-05
6.323374814838942e-07,6.776551056952749e-05
6.323413040486641e-07,6.65756221910266e-05
6.323457122000697e-07,6.478722784990636e-05
6.32349734857583e-07,6.303784563235639e-05
6.323542809758032e-07,6.184890291168144e-05
6.323577592255753e-07,6.165348180366679e-05
6.323619623652828e-07,6.215082680619372e-05
6.323670220967867e-07,6.333096749333896e-05
6.323757411053243e-07,6.523884546462484e-05
6.323842441539362e-07,6.593682841768344e-05
6.323924588683927e-07,6.551196702398072e-05
6.324012711540637e-07,6.42804286322113e-05
6.32410191441018e-07,7.000651925826966e-05
6.324187420991651e-07,8.922087780074942e-05
6.32424789873232e-07,9.611508684488358e-05
6.324317228454244e-07,0.0001004046301360826
6.324362075146244e-07,0.0001361820209707698
6.324374634073512e-07,0.00015433926469726
6.324388132365449e-07,0.0001748081214764557
6.324399254879628e-07,0.0001911560146096705
6.324415901455936e-07,0.0002215148492017833
6.324433266213255e-07,0.0002616529333176213
6.324446913057166e-07,0.0002730842895508083
6.324454494101705e-07,0.0002667161993563004
6.324462075146244e-07,0.0002597960035022268
6.324464993057583e-07,0.000254058692826246
6.324468996586325e-07,0.0002484693612583811
6.324472716426466e-07,0.000244788281419498
6.324479238098326e-07,0.000240686686744117
6.324488448600993e-07,0.000240634146084017
6.324498060495682e-07,0.00025015802288813
6.324508131896526e-07,0.0002681902803362292
6.324518308898203e-07,0.0002853943828849699
6.324529889189604e-07,0.0002932499236891127
6.324544070445531e-07,0.0002823885213848544
6.324558421277272e-07,0.0002718797534895543
6.324572169051778e-07,0.0003213454388841548
6.324582909325761e-07,0.0003756889757545352
6.324594507189267e-07,0.0004248991603391818
6.324610592366987e-07,0.0004769581050812508
6.324622002125402e-07,0.0005001803419087387
6.324634943735674e-07,0.0004921961996174336
6.324646889507938e-07,0.0004559277027694284
6.324655886502154e-07,0.0004228098583239456
6.324668034412697e-07,0.0003968498183094353
6.324677017368513e-07,0.0003816539042758969
6.324686016350891e-07,0.0003548847422112087
6.324692617713872e-07,0.0003341997176830039
6.324699521556279e-07,0.0003224101649925182
6.324706740869417e-07,0.0003195760940118907
6.324716184016763e-07,0.0003175463640522371
6.324727877786051e-07,0.0003091488006461463
6.32473859224875e-07,0.0002975863387042484
6.32475047135331e-07,0.0002860506518317314
6.324764962584481e-07,0.0002784908289127617
6.324784292382894e-07,0.0002798641756386631
6.324804114617204e-07,0.000282936650829651
6.324819954321598e-07,0.0002726861355590147
6.324834421105303e-07,0.0002541063012503996
6.32484853082099e-07,0.0002440862207614544
6.324862066398875e-07,0.000245825606355338
6.324870985027862e-07,0.0002479836769877868
6.324882977862853e-07,0.0002501153548406832
6.324894677453346e-07,0.0002563770128180177
6.324907312606917e-07,0.0002661193142569827
6.324917167360619e-07,0.0002723338224241362
6.324929092158896e-07,0.0002770057974460568
6.324941378850645e-07,0.0002781457476590941
6.32495838077625e-07,0.0002745615567639841
6.3249816988915e-07,0.0002805067592849823
6.325000423976385e-07,0.000312742165613628
6.325015291024693e-07,0.0003451499135275196
6.325029751064027e-07,0.0003723082177642607
6.325045731077529e-07,0.0004269673272694171
6.325060067368726e-07,0.0004949452707566766
6.325073820416687e-07,0.0005420984939708359
6.325083674741506e-07,0.000585792411973243
6.325101908335374e-07,0.0006971217260058112
6.325114874830526e-07,0.0007360938096302504
6.325125988731475e-07,0.0007337560972478425
6.32514056354712e-07,0.0007024699178309862
6.325160658098104e-07,0.0007049808929708704
6.325175736439714e-07,0.0007644690980049902
6.32519241333278e-07,0.0007970342295973596
6.325206705716853e-07,0.0007718212323169914
6.3252247737122e-07,0.0006850937149367298
6.325247462054247e-07,0.0005389364191994574
6.325268721133123e-07,0.0004074586576965701
6.32528924768504e-07,0.0003045831936659102
6.325312321027552e-07,0.0002150468810499757
6.32534822106719e-07,0.0001243860153542338
6.32538307283868e-07,8.414402411594732e-05
6.325420782564144e-07,6.926502457683099e-05
6.325459820721411e-07,6.496055902776923e-05
6.325501835033589e-07,6.354785207835386e-05
6.325548643835726e-07,6.28057124049654e-05
6.325607265870895e-07,6.2112485629281e-05
6.325686681910605e-07,6.128415137900378e-05
6.325804725077418e-07,6.019809192153199e-05
6.325988188675595e-07,5.880663237910303e-05
6.326302943355111e-07,5.710514423366744e-05
6.326902964517147e-07,5.544978187433457e-05
6.327677646694733e-07,5.477985261796635e-05
6.328630785758158e-07,5.461350401717098e-05
6.32968029159934e-07,5.458552211977904e-05
6.330947042109477e-07,5.457776011723838e-05
6.332599615899325e-07,5.45732186971458e-05
6.335078331675041e-07,5.456967440727718e-05
6.33925112917882e-07,5.45669279402024e-05
6.34584916274507e-07,5.456508185737425e-05
6.355052029680925e-07,5.456380891294757e-05
6.368058692302759e-07,5.456275911576365e-05
6.386831563077186e-07,5.456189660792423e-05
6.4e-07,5.456153148527706e-05
6.4005e-07,5.4580044477313e-05
6.400638226542581e-07,5.473939799300748e-05
6.400914679627742e-07,5.859581227246044e-05
6.400997512875979e-07,6.132159611720573e-05
6.401070649821655e-07,6.318204181288039e-05
6.401145053398789e-07,6.414449449473353e-05
6.401199290575172e-07,6.988801137024046e-05
6.401254298049711e-07,9.107996746890361e-05
6.401311176812419e-07,0.0001151968640205847
6.401365790553373e-07,0.0001224776646288455
6.40140632766619e-07,0.0001173551467534102
6.40145618417797e-07,0.0001132404689836417
6.401477118633605e-07,0.0001199679450858606
6.401495010640659e-07,0.0001310933621525981
6.401514258420413e-07,0.0001458334587544507
6.401534624333725e-07,0.0001628878861661312
6.401554612986499e-07,0.0001954146044649152
6.401574496172071e-07,0.0002274026638390965
6.401591769024383e-07,0.0002465674312373409
6.401605734762903e-07,0.0002806632596052392
6.401621743880592e-07,0.0003386234608366737
6.401635747617608e-07,0.000386652828425103
6.401651650055339e-07,0.0004214838292049728
6.401670387062813e-07,0.000447783948586267
6.401687359071259e-07,0.0004669055872603617
6.401698432084845e-07,0.0004732581216906792
6.401710262097975e-07,0.0004767690134716156
6.401720225502117e-07,0.0004786682191230505
6.401733581139912e-07,0.0004775706444676222
6.401746820735633e-07,0.0004684758222034829
6.401758313658896e-07,0.000454164750644235
6.401772075803107e-07,0.0004311936765918165
6.401791755746806e-07,0.0003964744714065538
6.401806055243733e-07,0.0003810223625936851
6.401821551191605e-07,0.0003750886269456466
6.401833566347429e-07,0.0003717077966319489
6.40184508190612e-07,0.0003634360960259198
6.401859824886372e-07,0.0003366350331729938
6.401870946027304e-07,0.00030452562137142
6.401880098051135e-07,0.0002754830719308324
6.401888106843236e-07,0.0002515503263221615
6.401898830594409e-07,0.0002301790531780431
6.401908014200348e-07,0.0002214078381225897
6.401917134666841e-07,0.0002127316849668786
6.401926292318848e-07,0.0002050286751893808
6.401936547827873e-07,0.0001969981125104564
6.401949130376701e-07,0.0001872648947942797
6.40195824859148e-07,0.0001809371080509051
6.401969156498875e-07,0.0001741394462795664
6.401986188095424e-07,0.0001648556554636826
6.402e-07,0.0001582231709153451
6.402015789564491e-07,0.0001515333423825217
6.40203684385014e-07,0.0001434332680664139
6.402058486916219e-07,0.0001360537396643357
6.402095601114072e-07,0.000125052012706137
6.402141130601747e-07,0.0001138323963363013
6.402192349519346e-07,0.0001038784469188544
6.402249942871246e-07,9.531683689049964e-05
6.402320604438471e-07,8.703828688033213e-05
6.402414131485535e-07,7.827207024694393e-05
6.402512304785222e-07,7.192320431137124e-05
6.402650374691283e-07,6.813085596616284e-05
6.402747417389706e-07,6.79658650796155e-05
6.402816210880266e-07,6.809200829527953e-05
6.402867104935619e-07,6.773442075250116e-05
6.402918042709599e-07,6.667753713248588e-05
6.402958410144324e-07,6.545433086864401e-05
6.403004328619182e-07,6.377011733221196e-05
6.403067869323791e-07,6.153775935068943e-05
6.403113546852668e-07,6.068021812423751e-05
6.403160356664082e-07,6.042462504019269e-05
6.403208477331634e-07,6.060692658797559e-05
6.403289995494384e-07,6.129096392801163e-05
6.403384882863337e-07,6.197050069380952e-05
6.403484837660089e-07,6.21486914058038e-05
6.403594871922437e-07,6.175045606005782e-05
6.403713425254639e-07,6.084984078775778e-05
6.403864731939349e-07,6.160847604428549e-05
6.403948058771995e-07,6.988344677420155e-05
6.404052167377717e-07,8.360729234735246e-05
6.404126394349604e-07,8.723537063534334e-05
6.404155119149339e-07,8.763055105206468e-05
6.404212568748811e-07,9.652990137383108e-05
6.40425099680797e-07,0.0001217824284762165
6.404295589012489e-07,0.0001621072163893103
6.404327113413119e-07,0.0001742895247706148
6.404351359501567e-07,0.0001901445910204665
6.40436426816727e-07,0.0002500111049598294
6.404382240097466e-07,0.0004048668606401623
6.404394961159481e-07,0.0005158703941143764
6.40440979167723e-07,0.0005906757542759972
6.404419044324383e-07,0.0006520377381917273
6.404430191178709e-07,0.0007428538498801877
6.404439339142195e-07,0.0007797352660361004
6.404447340385361e-07,0.0007658029489479769
6.404454824420167e-07,0.0007189888749072079
6.404466326324823e-07,0.0006061278151732372
6.40447044502844e-07,0.0005646282235723418
6.404475586367336e-07,0.0005157657666721267
6.404482505847854e-07,0.000459864494385614
6.404491140112996e-07,0.0004056196726590096
6.404500180797691e-07,0.0003627819043277929
6.40450912838988e-07,0.0003347467097386618
6.404518245504881e-07,0.000321022222809669
6.404528680328386e-07,0.000315764693713037
6.404541526973532e-07,0.0003067403548403591
6.404554964532181e-07,0.0002833877256783823
6.404570652260633e-07,0.0002404198653822651
6.404587865656587e-07,0.0001920423591945486
6.404604535930157e-07,0.0001812926224291026
6.404616286717527e-07,0.0001819721839961569
6.404626698777894e-07,0.000172988374685706
6.404633759853344e-07,0.00018283458368435
6.404641160571708e-07,0.0002053742306791252
6.404649245572267e-07,0.0002246399280534514
6.40465951352163e-07,0.0002344520697379548
6.404669771438442e-07,0.0002326421159311682
6.404681362178363e-07,0.0002239301274444839
6.404694844056129e-07,0.0002097758881022008
6.404713203847492e-07,0.0001878765579562659
6.404735952958682e-07,0.0001670675913855515
6.404760142835005e-07,0.0001797565444084612
6.404780384491303e-07,0.0002069649878913481
6.404798228886187e-07,0.000220955525256067
6.404821422589829e-07,0.0002200598989955957
6.404841314485763e-07,0.0002255912390591741
6.40485338081603e-07,0.0002412972316739857
6.404865547950924e-07,0.000259665936137081
6.404878849211799e-07,0.0002747335567212674
6.404890879850295e-07,0.0002904034771158435
6.404901727557161e-07,0.0003169308679746104
6.404915072602126e-07,0.0003566380935429988
6.404926168576557e-07,0.0004073393113797354
6.404937070930821e-07,0.0004562916989894927
6.40494685456949e-07,0.000483733319282462
6.404956957563647e-07,0.0004973190164938477
6.404969230349284e-07,0.0005172528649264465
6.404984233518647e-07,0.0005810133236110382
6.404996460396858e-07,0.0006450644259878931
6.405010381808599e-07,0.0006872637012625413
6.405022821696277e-07,0.0006872768735711189
6.405038601072235e-07,0.0006463407876866389
6.405059077076311e-07,0.0005737907339673587
6.405074280525237e-07,0.0005565017894324591
6.405091649053567e-07,0.0005960638041956508
6.405115088590035e-07,0.0006679484207583952
6.405140954450853e-07,0.0006552631235672498
6.405160427768024e-07,0.0005797266831642989
6.405185764452252e-07,0.0004505896692297804
6.405210689123591e-07,0.0003347694361298379
6.40523269804298e-07,0.0002525531727164793
6.405259138088047e-07,0.0001754770160310703
6.405297083698051e-07,0.0001050445605905423
6.405337186891443e-07,7.165692187599197e-05
6.405381330834923e-07,5.95398940077433e-05
6.40542999687187e-07,5.604045689912712e-05
6.405477927750897e-07,5.517083810707099e-05
6.405533906812562e-07,5.488488318353084e-05
6.405604305491473e-07,5.478252231023476e-05
6.40570555792549e-07,5.473439125219107e-05
6.405828628881922e-07,5.470481370693417e-05
6.405989744460604e-07,5.467879188377325e-05
6.406212932286963e-07,5.465472280812154e-05
6.406579285611999e-07,5.463073517098183e-05
6.407292285941891e-07,5.460691163892591e-05
6.408195223638441e-07,5.459263016661528e-05
6.409464507039854e-07,5.458262937320623e-05
6.411351746931846e-07,5.457538151137678e-05
6.414117061677745e-07,5.457036102810726e-05
6.418072609555178e-07,5.456699011766321e-05
6.423712902544719e-07,5.456472542062271e-05
6.431830040356962e-07,5.456319564509487e-05
6.443577551220695e-07,5.45621663871583e-05
6.460567481570715e-07,5.456147284742099e-05
6.485117555979259e-07,5.456099499257469e-05
6.520000000000001e-07,5.456065893578133e-05
6.520500000000001e-07,5.462162807926421e-05
6.520638369597657e-07,5.505183275921602e-05
6.520788940629945e-07,5.694277074240437e-05
6.520863599168076e-07,5.888808325781635e-05
6.520932947195652e-07,6.11419107658963e-05
6.52101404360863e-07,6.311093251964237e-05
6.521082692028959e-07,6.362963477739782e-05
6.521131004415286e-07,6.77190522110356e-05
6.521179893678826e-07,8.3724851015422e-05
6.521231691988004e-07,0.0001058161730524892
6.521276797664209e-07,0.0001159800113538176
6.521320898324335e-07,0.0001514796855192132
6.521361293031473e-07,0.0003065838740366678
6.521392392833915e-07,0.0004487099400553875
6.521416058287673e-07,0.0005166295454347148
6.521444646449202e-07,0.0005695937355805627
6.521458876677069e-07,0.0006103559423952185
6.521468524952741e-07,0.0006370261921137846
6.521480161352693e-07,0.0006514764866987509
6.521488836089601e-07,0.000644306575414154
6.521502707390187e-07,0.0005976890306577572
6.52151309879997e-07,0.0005446336079142986
6.521521721996275e-07,0.0005044811430124588
6.52152873533111e-07,0.0004775288380414487
6.521539103387504e-07,0.0004445907390076926
6.521550998598731e-07,0.0004114525947930348
6.521560048269808e-07,0.0003871923249343764
6.521570030573491e-07,0.0003599427305327543
6.521582705676137e-07,0.0003241977381749748
6.521600536308059e-07,0.0002733481788061095
6.521621574296829e-07,0.0002183172903664773
6.521644618824274e-07,0.0001732116241746837
6.521671205547887e-07,0.0001435234312590987
6.521693517509435e-07,0.0001279658426384798
6.521717941408357e-07,0.0001168018744288567
6.521735847222891e-07,0.0001112379069157581
6.52175417142854e-07,0.0001066681458822001
6.521782124776829e-07,0.0001008957568855061
6.521812540737362e-07,9.605101004371389e-05
6.521839319889383e-07,9.323787188792815e-05
6.521867213014185e-07,9.112326932585123e-05
6.521892684811454e-07,8.96764256140284e-05
6.521930307769132e-07,8.818390829111576e-05
6.521965153884567e-07,8.725831786973417e-05
6.522000000000001e-07,8.655868729165124e-05
6.522031921779714e-07,8.597464638554947e-05
6.522067828242854e-07,8.582831723067083e-05
6.52210385916936e-07,8.691671574162694e-05
6.522175921022372e-07,9.759554717129971e-05
6.522242105345462e-07,0.0001216424074458509
6.522314061879867e-07,0.0001455007304440293
6.52236583397198e-07,0.000145491034729302
6.522428528509795e-07,0.000138670755101682
6.522451679398187e-07,0.0001401760157224397
6.522468839691015e-07,0.0001408399412369952
6.522486771442055e-07,0.0001385715465358965
6.522506231497254e-07,0.0001314411819497306
6.522527218284417e-07,0.0001191185748826271
6.522544149765001e-07,0.0001091055264229144
6.522556466688504e-07,0.0001038428777181355
6.522571762380553e-07,9.933886215715746e-05
6.522585517017129e-07,9.578174283467665e-05
6.522599199955649e-07,9.21631913043114e-05
6.522614734308397e-07,8.795419126503527e-05
6.522640132400781e-07,8.141589586510048e-05
6.522674805534322e-07,7.464959650338542e-05
6.522708466821515e-07,7.074933824129636e-05
6.522748436663841e-07,6.821701619325775e-05
6.522808799021938e-07,6.617245928242272e-05
6.522895585651016e-07,6.480497664810793e-05
6.523031000976247e-07,6.53394195275631e-05
6.523184995573956e-07,6.767197683313337e-05
6.52326392627306e-07,6.861143233961329e-05
6.52331372681031e-07,6.878433712345906e-05
6.523373044346355e-07,6.781670094042451e-05
6.523426275781903e-07,6.608269987749635e-05
6.523469777081891e-07,6.422062537297388e-05
6.523506481787641e-07,6.271068199840262e-05
6.523546398153793e-07,6.179903876057396e-05
6.52358431182257e-07,6.16844349209303e-05
6.523623243934407e-07,6.222247518258978e-05
6.523677614150218e-07,6.351748653334789e-05
6.523767441149727e-07,6.537920071570556e-05
6.523854166663716e-07,6.593150052746301e-05
6.523936583959689e-07,6.53719378572727e-05
6.524025944254324e-07,6.422927505053061e-05
6.524120943919136e-07,7.364312519758627e-05
6.524201145014599e-07,9.118344422321344e-05
6.524261649814008e-07,9.546208300811686e-05
6.524319763076754e-07,0.0001017642748931618
6.524356499393545e-07,0.0001310128298293864
6.524368061021658e-07,0.00014457623066448
6.524380119547312e-07,0.000160113627650854
6.524390101289906e-07,0.0001757645289030282
6.524404070212462e-07,0.0002232999248165844
6.524420366744898e-07,0.0003891037218423426
6.524432325426995e-07,0.0005485173652935431
6.524443219182767e-07,0.0006469719986438257
6.524451099809784e-07,0.0006696960015921082
6.524456499393544e-07,0.0006600905522853812
6.524458963180806e-07,0.0006195524556271971
6.524462445726327e-07,0.0005669153663314761
6.524465568004942e-07,0.0005251875500493316
6.524471812562171e-07,0.0004558934611984651
6.524480910048725e-07,0.0003907570762302581
6.524490403085003e-07,0.0003723758361821481
6.524500812693272e-07,0.0003964908970187783
6.524510162997532e-07,0.0004171689694077033
6.524522478690609e-07,0.0003987668108978753
6.524535795805653e-07,0.0003262023708975513
6.524547874384338e-07,0.000270425980354269
6.524557804597173e-07,0.0002859320879348323
6.524566185246326e-07,0.0003138017809124373
6.52457591488762e-07,0.0003382680415106045
6.524583365112275e-07,0.0003481069692590276
6.524590396606461e-07,0.0003510333187773954
6.524600082996144e-07,0.0003517247026638125
6.524611153912975e-07,0.000354137599180004
6.524623526930214e-07,0.000347712881327537
6.524635683501262e-07,0.0003317024676206194
6.524644795521437e-07,0.0003177609205862155
6.524655526459807e-07,0.0003029380825616587
6.52466876934332e-07,0.0002848493330646773
6.524679217025038e-07,0.0002702760246891176
6.524690204501025e-07,0.0002551242281557758
6.524704888706936e-07,0.0002351430911713604
6.52473425711876e-07,0.0002004237076635109
6.524767870701302e-07,0.0001973830874045852
6.524793333811243e-07,0.0002125809122204617
6.524812556382189e-07,0.0002080515744657218
6.524827716539976e-07,0.0001955317487702917
6.524842810901807e-07,0.0001936081671623233
6.524859573990775e-07,0.0001958547112672689
6.52487609136001e-07,0.000188355697540108
6.524887765534277e-07,0.0001831204877622812
6.52490111067593e-07,0.0001780930540475141
6.524910793356777e-07,0.0001737106948438006
6.524922595321129e-07,0.0001682222584856459
6.524935195760767e-07,0.0001627130295329095
6.524953354502224e-07,0.0001557982775025616
6.524978894552063e-07,0.0001478051556301852
6.525028339009188e-07,0.0001358870505524647
6.525074723977842e-07,0.0001269418423559065
6.525125798496292e-07,0.0001184480543814834
6.52517991922859e-07,0.0001105966894353206
6.525248567012127e-07,0.000102050856328036
6.525337880294168e-07,9.290408127122097e-05
6.525467838723394e-07,8.272196670639107e-05
6.525669377580001e-07,7.211008741545015e-05
6.526049549851142e-07,6.183177619031604e-05
6.526467038731336e-07,5.740081269565898e-05
6.526959409824444e-07,5.552426751460183e-05
6.527511379654955e-07,5.485920871193759e-05
6.528185473502854e-07,5.463857560624462e-05
6.529012851600896e-07,5.458121306495954e-05
6.530067360150353e-07,5.456890147640759e-05
6.531451165758529e-07,5.456569617921828e-05
6.533378093751938e-07,5.45639847761385e-05
6.53631827426317e-07,5.456285803037508e-05
6.541505341369218e-07,5.456217697641488e-05
6.549220569240635e-07,5.456178850431744e-05
6.560042468503212e-07,5.456138040793318e-05
6.575275544033288e-07,5.456093423980716e-05
6.587637772016644e-07,5.456068873380439e-05
6.6e-07,5.456052093633919e-05
