P_inst (trise=5e-10) X,P_inst (trise=5e-10) Y
0,-1.101974116228507e-06
1.3e-09,-1.10197411622854e-06
3.15e-09,-1.101974116228529e-06
5e-09,-1.101974116228577e-06
8.7e-09,-1.101974116228499e-06
1.435e-08,-1.101974116228522e-06
2e-08,-1.101974116228481e-06
2.003125e-08,-1.248719550543797e-06
2.008020518739482e-08,-1.272137825599606e-06
2.010410757860432e-08,-1.276497824778279e-06
2.013054743646385e-08,-1.277438634031609e-06
2.016428875690153e-08,-1.322817551615131e-06
2.020146235158969e-08,-1.765766682714124e-06
2.021281236585865e-08,-2.128329099813392e-06
2.023551239439659e-08,-3.207847561816162e-06
2.025146714217664e-08,-3.971319331128433e-06
2.026474210182888e-08,-4.570710362086658e-06
2.026901078753015e-08,-4.760005140391864e-06
2.02775481589327e-08,-5.404542118782521e-06
2.028519526754043e-08,-6.528703279176134e-06
2.029070095630669e-08,-7.754101959846633e-06
2.029583085680995e-08,-1.299347028244255e-05
2.029775385561675e-08,-1.800744303362902e-05
2.029959284310642e-08,-2.282801694108736e-05
2.030151590022695e-08,-2.931066249671695e-05
2.030388173909543e-08,-3.447492236441866e-05
2.030573289985422e-08,-4.377838252487699e-05
2.030673336293694e-08,-4.878047432042801e-05
2.0307439226197e-08,-5.206130898499334e-05
2.030822644869086e-08,-5.327592313327634e-05
2.030904915615203e-08,-5.326085492431582e-05
2.031012686292518e-08,-5.034256829519253e-05
2.031109819430117e-08,-4.534281136569747e-05
2.031195842948498e-08,-3.911123882608932e-05
2.031265772273882e-08,-3.300429943911689e-05
2.031341824310992e-08,-2.487480400699041e-05
2.031428713203259e-08,-1.847510077382289e-05
2.031524846280657e-08,-1.314369450875966e-05
2.031602890197826e-08,-1.111122912760088e-05
2.031691890476183e-08,-8.471497184233844e-06
2.031816305246649e-08,-7.18915594505925e-06
2.032005480994113e-08,-5.062507380819354e-06
2.032258495476274e-08,-4.798330525325902e-06
2.032576868008558e-08,-3.901325721206666e-06
2.033009008960233e-08,-4.519336214612874e-06
2.033674773679071e-08,-4.299918727016947e-06
2.034545668637694e-08,-5.572138967301574e-06
2.035770721284787e-08,-6.149433633285734e-06
2.03773530694914e-08,-8.934953759587414e-06
2.041562759143083e-08,-1.323131357425142e-05
2.044460374682292e-08,-1.707624535788617e-05
2.047230187341146e-08,-1.712210315319371e-05
2.048615093670573e-08,-1.664759702993278e-05
2.05e-08,-1.418537395216285e-05
2.050738669951587e-08,-1.284000609707803e-05
2.051702412650496e-08,-1.1183088509453e-05
2.052625937301951e-08,-9.692223377945379e-06
2.054342955851022e-08,-7.212496166053725e-06
2.055939280125418e-08,-5.440203370036386e-06
2.058856786153727e-08,-3.251329517375424e-06
2.061679915108455e-08,-2.190599784121441e-06
2.066549664508867e-08,-1.405158626750418e-06
2.0723814974297e-08,-1.18753444525394e-06
2.078552022970261e-08,-1.121018670875696e-06
2.087064651000893e-08,-1.112354067960313e-06
2.096802840583258e-08,-1.096726483508683e-06
2.107843881491171e-08,-1.107920090942397e-06
2.122921370146028e-08,-1.096229306276367e-06
2.150456082592575e-08,-1.10772404706072e-06
2.20552550748567e-08,-1.096307143930593e-06
2.31566435727186e-08,-1.107696625944647e-06
2.5e-08,-1.096320324416409e-06
2.506318678217574e-08,-2.172043992053585e-06
2.514594918381591e-08,-2.222876440448271e-06
2.5187330384636e-08,-3.836253915675771e-06
2.520802098504604e-08,-5.91233639981117e-06
2.522308035465547e-08,-6.791280504420444e-06
2.523710600364169e-08,-4.521981813753669e-06
2.525287772603555e-08,4.488851702462669e-06
2.5266055158214e-08,8.103911538247409e-06
2.527831478567208e-08,4.010098996267357e-06
2.528225514970438e-08,-5.641307024630187e-06
2.528471913437611e-08,-6.370700188981657e-06
2.528595977043534e-08,-1.156013460268459e-05
2.528664710794964e-08,-8.903782819358218e-06
2.528707843329538e-08,-1.299389931374501e-05
2.52874759748243e-08,-9.653418415639766e-06
2.528776915943661e-08,-1.36907292092809e-05
2.528800345712799e-08,-9.820668144680363e-06
2.528817372463971e-08,-1.477894845658872e-05
2.528831064821399e-08,-9.025339708435389e-06
2.528849176808758e-08,-1.584436007011826e-05
2.528862055132088e-08,-8.618272023457997e-06
2.528872088910881e-08,-1.614860215115903e-05
2.528879961413809e-08,-9.418633714651635e-06
2.528885907399976e-08,-1.461425717606124e-05
2.528891504452463e-08,-1.087310112684466e-05
2.528894985345353e-08,-1.563474046443172e-05
2.5288983282398e-08,-8.936462425604311e-06
2.528901222248753e-08,-1.501022558733586e-05
2.528903922391546e-08,-1.078557095851405e-05
2.528906465966886e-08,-1.634539468015604e-05
2.528908886182121e-08,-9.758867286818968e-06
2.528911027313453e-08,-1.449068945236983e-05
2.528913407492991e-08,-9.422220765064723e-06
2.528915933702207e-08,-1.610508728027552e-05
2.528918959040461e-08,-1.093669155908392e-05
2.528921336433945e-08,-1.518199032828248e-05
2.528923612198235e-08,-9.09728771825445e-06
2.52892604915241e-08,-1.493096529437126e-05
2.528928645433207e-08,-1.085193778297686e-05
2.528931603887541e-08,-1.641683182862341e-05
2.528933991441818e-08,-9.830609016715138e-06
2.528936190102277e-08,-1.461299906547123e-05
2.528938594715765e-08,-9.659132517987665e-06
2.528941213652622e-08,-1.637326569592814e-05
2.528944075003559e-08,-1.107055270950982e-05
2.528946467787448e-08,-1.527721960379333e-05
2.528948629293837e-08,-9.2357984883629e-06
2.52895100672979e-08,-1.507466557450722e-05
2.52895358760476e-08,-1.096638258197861e-05
2.528956471648929e-08,-1.651242716989376e-05
2.528958854413236e-08,-9.935015424222645e-06
2.528961034902273e-08,-1.467841425233613e-05
2.528963428910051e-08,-9.713537086936942e-06
2.528966010071132e-08,-1.642794649943829e-05
2.528968903682717e-08,-1.120129464191558e-05
2.528971273303941e-08,-1.546194053613574e-05
2.52897347529859e-08,-9.394530322826784e-06
2.528975875336076e-08,-1.524771587779815e-05
2.528978454007782e-08,-1.114620694370989e-05
2.528981373195809e-08,-1.670187502837693e-05
2.528983752640314e-08,-1.012962476324074e-05
2.528985927771795e-08,-1.484909340022438e-05
2.528988321592165e-08,-9.872871781341851e-06
2.528990887998763e-08,-1.654801703113505e-05
2.528993805520083e-08,-1.129562934608493e-05
2.528996183835988e-08,-1.55489041594405e-05
2.528998365496807e-08,-9.472803715828638e-06
2.529000763647466e-08,-1.53348217498212e-05
2.529003334823042e-08,-1.122790593116358e-05
2.529006246017695e-08,-1.680394168089359e-05
2.529008620249712e-08,-1.026680311238345e-05
2.529010821768894e-08,-1.499177814603482e-05
2.529013225787764e-08,-1.004867449643621e-05
2.529015815875989e-08,-1.67256622663965e-05
2.529018710620988e-08,-1.144767278142429e-05
2.529021092134278e-08,-1.569790124386435e-05
2.52902326869916e-08,-9.622432888545433e-06
2.529025660554857e-08,-1.548115392479407e-05
2.529028238739081e-08,-1.134578485499546e-05
2.529031140230286e-08,-1.687310345804394e-05
2.529033529740852e-08,-1.033164795452766e-05
2.529035714746473e-08,-1.50629898802865e-05
2.529038110596043e-08,-1.013808765567605e-05
2.529040705966421e-08,-1.680608432902326e-05
2.529043576227269e-08,-1.152669679063425e-05
2.529045960239729e-08,-1.580341327306697e-05
2.529048154827556e-08,-9.74809670101444e-06
2.529050553881952e-08,-1.564561810357536e-05
2.52905316740468e-08,-1.151576847548712e-05
2.529056027510791e-08,-1.701263276455967e-05
2.529058424543265e-08,-1.047665484795704e-05
2.529060606301747e-08,-1.522282618562399e-05
2.529062994977381e-08,-1.031216256850328e-05
2.529065609419785e-08,-1.695071922877371e-05
2.529068457302523e-08,-1.161639980531224e-05
2.529070861870104e-08,-1.587936921852408e-05
2.529073049617161e-08,-9.838942672854308e-06
2.529075439206649e-08,-1.57587845005176e-05
2.529078074385014e-08,-1.161377042784941e-05
2.529080895218617e-08,-1.708248352399393e-05
2.529083303643076e-08,-1.056416529031003e-05
2.529085500990214e-08,-1.534657848646408e-05
2.529087891579345e-08,-1.048590184751001e-05
2.529090557983429e-08,-1.712704895422223e-05
2.529093346828278e-08,-1.174263899442027e-05
2.529095766663514e-08,-1.600465820317542e-05
2.529097955941897e-08,-9.994689070762031e-06
2.529100337270112e-08,-1.594202024306146e-05
2.529103017652368e-08,-1.176660924376973e-05
2.529105790289633e-08,-1.715568215127762e-05
2.529108228663682e-08,-1.06187235782252e-05
2.529110419045049e-08,-1.543899741304695e-05
2.529112795597191e-08,-1.061766084223447e-05
2.529115507488688e-08,-1.724157734386106e-05
2.529118239008998e-08,-1.180069607813506e-05
2.529120684271897e-08,-1.606929413630614e-05
2.529122891201669e-08,-1.011795103105402e-05
2.529125270303335e-08,-1.613242041359173e-05
2.52912803979021e-08,-1.195242916895653e-05
2.529130730271879e-08,-1.72556333922677e-05
2.529133200816236e-08,-1.071167082456741e-05
2.529135401982611e-08,-1.559981615992961e-05
2.529137768872345e-08,-1.084404976638908e-05
2.529140585977879e-08,-1.743276298366883e-05
2.529143236973421e-08,-1.186108076626708e-05
2.529145741830283e-08,-1.609916386477243e-05
2.529147957579875e-08,-1.023651707295409e-05
2.529150321349153e-08,-1.634093577946365e-05
2.529153241680073e-08,-1.211331446058644e-05
2.529155829071384e-08,-1.726078496872658e-05
2.529158379788337e-08,-1.069562145445412e-05
2.529160701499298e-08,-1.574934662975137e-05
2.529163071365995e-08,-1.116881837942542e-05
2.529166270053475e-08,-1.768065223244016e-05
2.529168778460964e-08,-1.177119345441956e-05
2.529171499397301e-08,-1.602783865501517e-05
2.529174894874834e-08,-1.073743980499769e-05
2.529177426868633e-08,-1.728663526417351e-05
2.529179776798292e-08,-1.228783618831531e-05
2.529182242429604e-08,-1.688964849246311e-05
2.52918546529212e-08,-1.04543409370897e-05
2.529188025188766e-08,-1.642690954973138e-05
2.529190791261574e-08,-1.212126110993161e-05
2.52919416392693e-08,-1.742958881932936e-05
2.529196740246938e-08,-1.093976240667755e-05
2.52919911935346e-08,-1.596255846982692e-05
2.52920159969744e-08,-1.149122204016357e-05
2.529204999856263e-08,-1.781547585512266e-05
2.529207542397108e-08,-1.190841621849125e-05
2.529210435661792e-08,-1.605047257483282e-05
2.529213563346042e-08,-1.114674049015911e-05
2.529216196716422e-08,-1.758052091476106e-05
2.529218716318832e-08,-1.241969288471878e-05
2.529221194928874e-08,-1.682549219562857e-05
2.52922357347538e-08,-1.07432717437159e-05
2.529226077709308e-08,-1.655659737497872e-05
2.529228745216197e-08,-1.231629256353961e-05
2.529231844613572e-08,-1.77360894389615e-05
2.529234365645361e-08,-1.126075865455046e-05
2.529236711099882e-08,-1.622780432687225e-05
2.529239199962785e-08,-1.150702715080496e-05
2.529242238679394e-08,-1.799770188961301e-05
2.529244913542074e-08,-1.225470797226908e-05
2.529247601986823e-08,-1.650158252578035e-05
2.529250189670877e-08,-1.106104492054377e-05
2.52925267444901e-08,-1.732592918249822e-05
2.529255053432204e-08,-1.273017666063882e-05
2.529257570917176e-08,-1.753576773785421e-05
2.529260317168657e-08,-1.117652683972421e-05
2.529263312053991e-08,-1.663378833209927e-05
2.529265889993094e-08,-1.228523083369491e-05
2.529268290564071e-08,-1.81245853302316e-05
2.529270814497946e-08,-1.199870939059644e-05
2.529274023892341e-08,-1.646883811300676e-05
2.529276709116238e-08,-1.16567331774573e-05
2.529279576283124e-08,-1.799473209474849e-05
2.529283023141778e-08,-1.252324165894094e-05
2.529285732940058e-08,-1.676283088523708e-05
2.52928832683853e-08,-1.136970099524454e-05
2.52929092215216e-08,-1.756622006553784e-05
2.529293382305697e-08,-1.297447009635075e-05
2.529295967068029e-08,-1.765518292275522e-05
2.529298843199204e-08,-1.143737220622739e-05
2.52930181147652e-08,-1.697282693453087e-05
2.529304506523696e-08,-1.266722063183353e-05
2.529307087384346e-08,-1.824340696521983e-05
2.529309667618824e-08,-1.207584702999585e-05
2.529312281082242e-08,-1.675359015111163e-05
2.529314924570665e-08,-1.195438124435706e-05
2.529317816925374e-08,-1.831494424816224e-05
2.529320915355708e-08,-1.272797281768982e-05
2.529323650125258e-08,-1.714600382110059e-05
2.529326301914263e-08,-1.160025862735473e-05
2.529328923405181e-08,-1.791148279057917e-05
2.529331461654895e-08,-1.311346992437859e-05
2.529334101414707e-08,-1.796298361522482e-05
2.529337085057002e-08,-1.165996291461769e-05
2.529340077678641e-08,-1.735670343570142e-05
2.529342872167892e-08,-1.301506303473132e-05
2.529345652553956e-08,-1.841697126647231e-05
2.529348311550548e-08,-1.219343824166162e-05
2.529350804877026e-08,-1.707729617884816e-05
2.52935344422883e-08,-1.240708591007145e-05
2.529356637295306e-08,-1.866105384530082e-05
2.529359493960033e-08,-1.286331420316396e-05
2.529362439727782e-08,-1.729358583963343e-05
2.529366024332801e-08,-1.230930251676095e-05
2.529368890233688e-08,-1.858700297337782e-05
2.529371811664484e-08,-1.322721398496883e-05
2.52937458700664e-08,-1.761763216899458e-05
2.529377169655594e-08,-1.202966118355968e-05
2.529379842241986e-08,-1.811447643665994e-05
2.529383559076315e-08,-1.354198686621248e-05
2.529386347378407e-08,-1.813404012076284e-05
2.529389785099867e-08,-1.211923130610755e-05
2.529392914626697e-08,-1.815864623723733e-05
2.529396196250495e-08,-1.360331043694811e-05
2.529399489633418e-08,-1.843320279661046e-05
2.529402643905524e-08,-1.221617575580917e-05
2.529406091383149e-08,-1.822151431399623e-05
2.529409176073558e-08,-1.371172803140358e-05
2.52941275585689e-08,-1.855326953850574e-05
2.529415826058521e-08,-1.245014484273384e-05
2.529419537211465e-08,-1.821780997071815e-05
2.529422602571209e-08,-1.390970854108718e-05
2.529426428368379e-08,-1.858273874385729e-05
2.529429520389989e-08,-1.269182451445355e-05
2.529433374500356e-08,-1.831982118477675e-05
2.529436510890493e-08,-1.416711880997196e-05
2.529440296634242e-08,-1.860005890820799e-05
2.529443458418441e-08,-1.293396406230173e-05
2.529447168553989e-08,-1.840984571302789e-05
2.529450349672768e-08,-1.440754463904365e-05
2.529454002854425e-08,-1.861605905360572e-05
2.529457206031247e-08,-1.317267052049349e-05
2.529460810549138e-08,-1.846651909886307e-05
2.529464020798306e-08,-1.465688829343169e-05
2.52946760930735e-08,-1.867286140698968e-05
2.529470827866342e-08,-1.345840417573542e-05
2.52947441930909e-08,-1.854639838567296e-05
2.5294776568521e-08,-1.493699241508962e-05
2.52948123719104e-08,-1.872331280303661e-05
2.529484486569139e-08,-1.374476597459616e-05
2.529488063529097e-08,-1.860768731465981e-05
2.52949132972832e-08,-1.520938878179033e-05
2.529494901920959e-08,-1.874630689148625e-05
2.529498198852581e-08,-1.404139880275748e-05
2.529501745482861e-08,-1.868334315139573e-05
2.529505064140286e-08,-1.551582211818813e-05
2.529508589462954e-08,-1.878354525797085e-05
2.529511934021385e-08,-1.437251993468285e-05
2.529515444058037e-08,-1.877467303788257e-05
2.529518830699534e-08,-1.583838872740768e-05
2.529522308022418e-08,-1.880836658409156e-05
2.529525732173135e-08,-1.47072600968165e-05
2.529529180813371e-08,-1.88591519842935e-05
2.529532646105536e-08,-1.61557785717255e-05
2.529536074378134e-08,-1.884837416964214e-05
2.529539601992727e-08,-1.496023820345116e-05
2.529542978301192e-08,-1.915515413915387e-05
2.529546609877246e-08,-1.623455714964828e-05
2.529549968952293e-08,-1.916713864199929e-05
2.52955370478236e-08,-1.504810379079769e-05
2.529557045666817e-08,-1.964463978640369e-05
2.529560974186603e-08,-1.623330894669514e-05
2.529564285301678e-08,-1.946038541297487e-05
2.529568543590833e-08,-1.521963183073104e-05
2.529571843379465e-08,-2.014987797969901e-05
2.52957514616839e-08,-1.636156942002002e-05
2.529578353464614e-08,-1.961459703281499e-05
2.529581436014043e-08,-1.538337056989127e-05
2.529584493136628e-08,-2.020869456954658e-05
2.52958877583574e-08,-1.659883461296776e-05
2.529591891640897e-08,-1.987202340050012e-05
2.529596593735498e-08,-1.578839605270763e-05
2.52959992334823e-08,-2.069431231662224e-05
2.529603184914513e-08,-1.677948432799859e-05
2.529606436771003e-08,-1.999914087025578e-05
2.529609442785804e-08,-1.593346855379e-05
2.529612487270049e-08,-2.071661104177682e-05
2.529615468119699e-08,-1.718856195902574e-05
2.529618461273386e-08,-2.032815311229188e-05
2.529622581445627e-08,-1.628642184207568e-05
2.529625708243025e-08,-2.076190465830943e-05
2.52963008129938e-08,-1.745717543549825e-05
2.529633435785668e-08,-2.038404662461251e-05
2.529636850241568e-08,-1.660467242497278e-05
2.529640160050612e-08,-2.11355173624706e-05
2.529643345552555e-08,-1.77140124687957e-05
2.529646494549558e-08,-2.069043515173234e-05
2.529649674285486e-08,-1.677724402405388e-05
2.529652782142178e-08,-2.120709881149799e-05
2.529657011630023e-08,-1.795373112997683e-05
2.529660228752553e-08,-2.092685769647683e-05
2.529664924021036e-08,-1.719720335383951e-05
2.529668343871131e-08,-2.173095384808967e-05
2.52967171429916e-08,-1.813293026579886e-05
2.529675057946332e-08,-2.10548079238884e-05
2.529678222230342e-08,-1.741971114227679e-05
2.529681373765065e-08,-2.189271432906613e-05
2.529684440264443e-08,-1.843571152539195e-05
2.529687528121529e-08,-2.138491813162707e-05
2.529690657927946e-08,-1.763894300124789e-05
2.529693774978036e-08,-2.182982202352263e-05
2.529698088428982e-08,-1.877143548677802e-05
2.52970136769256e-08,-2.157032929249692e-05
2.529706175922665e-08,-1.807236991300543e-05
2.529709688014048e-08,-2.237728483794469e-05
2.529713200909567e-08,-1.890393484730118e-05
2.529716643488302e-08,-2.165800778081209e-05
2.529720005032477e-08,-1.83508295048319e-05
2.529723272588977e-08,-2.260489009042363e-05
2.529726580372401e-08,-1.914094033902249e-05
2.529729789700639e-08,-2.192260555166419e-05
2.529733036123487e-08,-1.85143618654429e-05
2.529736216301546e-08,-2.275138479462383e-05
2.529739406366561e-08,-1.942901305761295e-05
2.529742574711359e-08,-2.223458969591432e-05
2.529745732671858e-08,-1.865371848364871e-05
2.52974891465188e-08,-2.28078330367487e-05
2.529752198239152e-08,-1.977781096614949e-05
2.529755410073637e-08,-2.244098682491304e-05
2.529760018920768e-08,-1.902048494897472e-05
2.529763382737899e-08,-2.308264456210773e-05
2.529766946653209e-08,-1.990915554172098e-05
2.529770409879694e-08,-2.250376983838768e-05
2.52977376338954e-08,-1.925210588904676e-05
2.529777086051791e-08,-2.330016563894208e-05
2.52978037814449e-08,-2.011172709230659e-05
2.529783637156639e-08,-2.27366956583471e-05
2.529786900997218e-08,-1.941015825381324e-05
2.529790147787046e-08,-2.342687261969066e-05
2.529793398027126e-08,-2.033324518752505e-05
2.529796653241452e-08,-2.294568986125739e-05
2.529800002866014e-08,-1.963132617571256e-05
2.52980330101872e-08,-2.345196499594348e-05
2.529806787675038e-08,-2.058333368943338e-05
2.529810153350391e-08,-2.308362287016593e-05
2.529813704579713e-08,-1.981607204087624e-05
2.529817111812441e-08,-2.365222580035677e-05
2.529820651842736e-08,-2.072030154481143e-05
2.529824069359974e-08,-2.320514566915282e-05
2.529827572232175e-08,-2.000908475597536e-05
2.529830984386419e-08,-2.384425924547255e-05
2.529834440071735e-08,-2.084015463776622e-05
2.529837839592261e-08,-2.332084448410798e-05
2.529841251729996e-08,-2.016051410195302e-05
2.529844637969672e-08,-2.398307496319846e-05
2.52984806077639e-08,-2.095167752116425e-05
2.529851446717499e-08,-2.343906517286294e-05
2.529854888158627e-08,-2.029839578557489e-05
2.529858282843501e-08,-2.411338043906212e-05
2.529861744241342e-08,-2.105062996382576e-05
2.529865149155434e-08,-2.353810412130453e-05
2.529868645454823e-08,-2.043256630242079e-05
2.529872067652422e-08,-2.42359413739215e-05
2.529875610557149e-08,-2.110734258116257e-05
2.529879054109851e-08,-2.35956285293157e-05
2.52988265393345e-08,-2.057072826495527e-05
2.529886124064106e-08,-2.435881453869376e-05
2.529889825498045e-08,-2.111039133472563e-05
2.529893346027356e-08,-2.362241371455703e-05
2.529897275011992e-08,-2.077315571356933e-05
2.529900901404763e-08,-2.449334401557579e-05
2.529905870063434e-08,-2.090413787597239e-05
2.52990988704659e-08,-2.366034031195739e-05
2.529914404263374e-08,-2.122051900199196e-05
2.529919140595995e-08,-2.438504952304546e-05
2.529923212434872e-08,-2.061353312680054e-05
2.529927361616382e-08,-2.399770781073573e-05
2.529931286110469e-08,-2.145731090253743e-05
2.529936557541263e-08,-2.400151479009647e-05
2.529940871152959e-08,-2.065324271182093e-05
2.529945395972785e-08,-2.445639203278545e-05
2.529950911954058e-08,-2.114536847700954e-05
2.529955110234713e-08,-2.369265057508206e-05
2.529962063568056e-08,-2.126085263790548e-05
2.529967014110935e-08,-2.435434821003975e-05
2.529971988671125e-08,-2.056575961741836e-05
2.529976860233625e-08,-2.416028314646659e-05
2.52998132831228e-08,-2.135371654385173e-05
2.529986249690388e-08,-2.376426353722265e-05
2.529991664379796e-08,-2.079446484268039e-05
2.529996032844578e-08,-2.44491045989638e-05
2.530001129896433e-08,-2.075085411373572e-05
2.530005689163669e-08,-2.36431965662807e-05
2.530010297356278e-08,-2.117968488758624e-05
2.530016353838568e-08,-2.396635574962151e-05
2.53002076115938e-08,-2.037730024700482e-05
2.530027046853501e-08,-2.41559765130777e-05
2.53003235991457e-08,-2.087200051461559e-05
2.530037176821748e-08,-2.338180630687463e-05
2.530042558218408e-08,-2.082596644794268e-05
2.530047350235767e-08,-2.401948045694195e-05
2.530052132120454e-08,-2.021604257678437e-05
2.530056782234073e-08,-2.359992773920068e-05
2.530061107044754e-08,-2.092483802296243e-05
2.530066704129413e-08,-2.335430992943165e-05
2.530071646317324e-08,-2.020210975399533e-05
2.530076298845127e-08,-2.388200226617406e-05
2.530081074587112e-08,-2.033577519508092e-05
2.5300854878682e-08,-2.304070156721832e-05
2.530090585404747e-08,-2.051802388481538e-05
2.530095824585385e-08,-2.353112591780886e-05
2.530100314479306e-08,-1.975644304006253e-05
2.530105370181476e-08,-2.337831267990292e-05
2.530109932979823e-08,-2.040780042896896e-05
2.530114739884778e-08,-2.287362288470779e-05
2.530120655770841e-08,-1.992816817640945e-05
2.530125176864054e-08,-2.345788058430081e-05
2.530131948247421e-08,-1.960624866217288e-05
2.530137444816954e-08,-2.284104489047594e-05
2.530142574895054e-08,-2.01594474554147e-05
2.530148580627574e-08,-2.26343508905949e-05
2.530153865195267e-08,-1.94787925117982e-05
2.530158946040596e-08,-2.314094561772485e-05
2.530164376517789e-08,-1.943650023747826e-05
2.530169280668206e-08,-2.237401716823936e-05
2.530174393211732e-08,-1.980635400533258e-05
2.530181468387152e-08,-2.24804133970415e-05
2.530186438316477e-08,-1.902962735965321e-05
2.530192586356115e-08,-2.280856632422287e-05
2.530199409898491e-08,-1.914824419874369e-05
2.530204663119955e-08,-2.203457876492465e-05
2.530210987822938e-08,-1.950296586779027e-05
2.530218395013518e-08,-2.207344906199471e-05
2.530223890741559e-08,-1.877077384233902e-05
2.530230158400441e-08,-2.2512184561002e-05
2.530236030319148e-08,-1.876690814490584e-05
2.530241359829043e-08,-2.177219271152385e-05
2.530246872376975e-08,-1.92202186085073e-05
2.53025220138369e-08,-2.186036655225439e-05
2.530257090728185e-08,-1.842856080984708e-05
2.530262454101996e-08,-2.220680388470278e-05
2.530268901825464e-08,-1.864779372498584e-05
2.530273762052563e-08,-2.142509037253462e-05
2.530280096171982e-08,-1.892995641242753e-05
2.530286268095284e-08,-2.17010387678213e-05
2.53029136402022e-08,-1.81512751195654e-05
2.530298153724147e-08,-2.198875854372869e-05
2.530304547056821e-08,-1.838501120735501e-05
2.530309861854257e-08,-2.124193568281244e-05
2.530316650470412e-08,-1.872423321204409e-05
2.530323575375058e-08,-2.138763045913735e-05
2.53032906951258e-08,-1.801880669646623e-05
2.530335549149761e-08,-2.182158748247701e-05
2.530343623344447e-08,-1.802174670446507e-05
2.530349395038398e-08,-2.121309150595436e-05
2.53035572643605e-08,-1.855667148819175e-05
2.530362274111637e-08,-2.109770794764083e-05
2.530368070591355e-08,-1.800203604925295e-05
2.530373603743606e-08,-2.169593024125344e-05
2.530380025035128e-08,-1.782725778321006e-05
2.530385668689865e-08,-2.116700271118243e-05
2.530390953575507e-08,-1.844350587740776e-05
2.530397175404679e-08,-2.101635266196291e-05
2.530402650014315e-08,-1.789247488732942e-05
2.530407837556842e-08,-2.161888147785765e-05
2.530413683401825e-08,-1.783463426639116e-05
2.530418880007914e-08,-2.101185127324702e-05
2.530424020130838e-08,-1.838360211225829e-05
2.530429296957274e-08,-2.11378014136468e-05
2.53043412927231e-08,-1.770047209603413e-05
2.5304394135538e-08,-2.152970995605828e-05
2.530445860725459e-08,-1.799866884596738e-05
2.530450764821472e-08,-2.087274217815752e-05
2.53045724562753e-08,-1.833754959396148e-05
2.530463536679729e-08,-2.120478169327468e-05
2.530468793128795e-08,-1.769799126230308e-05
2.530475777319764e-08,-2.157200542704329e-05
2.530482568935894e-08,-1.796201559558023e-05
2.530488163225699e-08,-2.097474190816614e-05
2.530494957768554e-08,-1.842498279719721e-05
2.530502990391624e-08,-2.108760395997727e-05
2.53050894657001e-08,-1.793573525281435e-05
2.530515498695073e-08,-2.167452559275785e-05
2.530522485381754e-08,-1.786824954530568e-05
2.530528650256933e-08,-2.129238192568069e-05
2.530534485780648e-08,-1.851249132114085e-05
2.530543145951857e-08,-2.106841561616146e-05
2.530550204700949e-08,-1.834001420457562e-05
2.530556518763769e-08,-2.167894409213079e-05
2.530563914717331e-08,-1.793420221567234e-05
2.530570852825009e-08,-2.174029627205805e-05
2.530577109179327e-08,-1.845659798263941e-05
2.530583289775391e-08,-2.123127583784681e-05
2.530593791560239e-08,-1.877049911161571e-05
2.5306012273555e-08,-2.153582939285776e-05
2.530608275720149e-08,-1.834252418450829e-05
2.53061624496769e-08,-2.208787375814337e-05
2.530624402479323e-08,-1.831227978670759e-05
2.530631624831287e-08,-2.18992582176113e-05
2.530638312965631e-08,-1.894381914612052e-05
2.530646179854058e-08,-2.15848123065034e-05
2.530655795517273e-08,-1.909313621781833e-05
2.530662881340432e-08,-2.204625247146443e-05
2.530670156410859e-08,-1.865748012789947e-05
2.53067957937508e-08,-2.251847119321552e-05
2.530689252497751e-08,-1.878646844568244e-05
2.530696956637843e-08,-2.234073817090505e-05
2.5307047080068e-08,-1.940608853521247e-05
2.530713995190738e-08,-2.211104621096237e-05
2.530725041550409e-08,-1.965529361860808e-05
2.530733335224782e-08,-2.249180610002008e-05
2.530741510707144e-08,-1.935018510590277e-05
2.530750384288717e-08,-2.306788268570367e-05
2.530760234854607e-08,-1.933455213209475e-05
2.530768860147366e-08,-2.311451739670725e-05
2.530776628793697e-08,-1.989231983950251e-05
2.530784638276636e-08,-2.278655147110176e-05
2.53079742691025e-08,-2.035756625336888e-05
2.530807332181463e-08,-2.302362364829733e-05
2.530816312851813e-08,-2.02888733014377e-05
2.530825154716627e-08,-2.363644913586273e-05
2.53083474728215e-08,-2.009687459673118e-05
2.530844882415031e-08,-2.400757776496509e-05
2.530853846130153e-08,-2.041873150381176e-05
2.530861963375821e-08,-2.381261480063379e-05
2.530870266382069e-08,-2.105775329939749e-05
2.530882781360456e-08,-2.377311543875622e-05
2.530893242136919e-08,-2.133504920517189e-05
2.530902468163096e-08,-2.421652395179089e-05
2.530911464362777e-08,-2.114439718067195e-05
2.530920945330174e-08,-2.482900616097628e-05
2.53093215595883e-08,-2.118473220048968e-05
2.530941931621985e-08,-2.504227410021502e-05
2.530950684349598e-08,-2.170288386805488e-05
2.530959317963376e-08,-2.482244852052957e-05
2.530969549686622e-08,-2.228338936990566e-05
2.530982491714146e-08,-2.499388254233287e-05
2.530992164667153e-08,-2.24713273457584e-05
2.53100157375178e-08,-2.546234923129468e-05
2.531010981319199e-08,-2.226994155064645e-05
2.531022613568928e-08,-2.603585192199514e-05
2.531035595921006e-08,-2.247530228392301e-05
2.531045939054135e-08,-2.625592134512974e-05
2.531055843601472e-08,-2.302330438838224e-05
2.531065535120342e-08,-2.612577633491916e-05
2.531076995109417e-08,-2.362811462438083e-05
2.531092107376309e-08,-2.633869792003855e-05
2.53110338728958e-08,-2.396543356881983e-05
2.531114276136704e-08,-2.684228791501762e-05
2.531124652203411e-08,-2.392286239048546e-05
2.531135409561098e-08,-2.749516850613309e-05
2.531150342354142e-08,-2.40598593309966e-05
2.531163276063852e-08,-2.796489585444921e-05
2.531174849412148e-08,-2.449591762724736e-05
2.531185740546102e-08,-2.804301193563187e-05
2.531196159761787e-08,-2.516413486487911e-05
2.531208373356439e-08,-2.806246571724918e-05
2.531221998203337e-08,-2.572600129903869e-05
2.531234014075037e-08,-2.842705800555963e-05
2.531244942678422e-08,-2.592255535575002e-05
2.53125522625806e-08,-2.906317794032902e-05
2.531265717186937e-08,-2.590797655374369e-05
2.531280946856276e-08,-2.966841103645189e-05
2.53129542288114e-08,-2.628796584192153e-05
2.531307867844049e-08,-3.006692199816845e-05
2.531319642001597e-08,-2.685279858836959e-05
2.531330605738792e-08,-3.012118175510958e-05
2.531342160586049e-08,-2.755123928988116e-05
2.531360943217998e-08,-3.038995194157968e-05
2.531377024689346e-08,-2.822400692863358e-05
2.531391592974322e-08,-3.088081581530582e-05
2.531405271697838e-08,-2.858784055626799e-05
2.531417616178686e-08,-3.15472081530052e-05
2.531429878797205e-08,-2.869525834141681e-05
2.531444263071987e-08,-3.227742698635318e-05
2.531462079827722e-08,-2.906795267549352e-05
2.531477692473296e-08,-3.29373084899867e-05
2.531492071231818e-08,-2.960390986337838e-05
2.53150530680744e-08,-3.32817057366174e-05
2.531517546717096e-08,-3.030848647524482e-05
2.531530074945388e-08,-3.341382147903577e-05
2.531546125629723e-08,-3.106855324456048e-05
2.531566973099809e-08,-3.393472709955003e-05
2.5315833621093e-08,-3.181011567344977e-05
2.531599249345296e-08,-3.453886065750243e-05
2.531613751383195e-08,-3.225056018531792e-05
2.531627016447554e-08,-3.527702611282279e-05
2.531640486785989e-08,-3.246721549091923e-05
2.531656451604321e-08,-3.608005357186488e-05
2.531676852326557e-08,-3.298658497265406e-05
2.53169475773168e-08,-3.68997813477595e-05
2.531711486241648e-08,-3.362155462449151e-05
2.531726891470369e-08,-3.744605206174926e-05
2.531740876758592e-08,-3.435877357496978e-05
2.531754417832117e-08,-3.772201934108234e-05
2.531768920618559e-08,-3.51710163309169e-05
2.531790414388165e-08,-3.822175013342089e-05
2.531812427484977e-08,-3.613603434504061e-05
2.531831867531727e-08,-3.895726272397831e-05
2.531850465106929e-08,-3.689267245134354e-05
2.531867203450125e-08,-3.971439100414801e-05
2.531882572604889e-08,-3.736896025531907e-05
2.531897400138447e-08,-4.053247712707216e-05
2.531912922340679e-08,-3.771492254357927e-05
2.531933519612109e-08,-4.144471379515381e-05
2.531960918286381e-08,-3.853052109793054e-05
2.531983205758092e-08,-4.250503079353547e-05
2.532005266761067e-08,-3.935003924496089e-05
2.532025506181243e-08,-4.333061027129963e-05
2.532043632984482e-08,-4.017086527842925e-05
2.532060604352729e-08,-4.387493789014468e-05
2.532076871575837e-08,-4.102331504337085e-05
2.53209385661901e-08,-4.429660157247398e-05
2.532115470328053e-08,-4.196813618703019e-05
2.532152197130388e-08,-4.530987417550132e-05
2.53217970648855e-08,-4.329320354653405e-05
2.532208348281917e-08,-4.632247751180758e-05
2.532235263896909e-08,-4.439761621336915e-05
2.532259170662754e-08,-4.728988624844097e-05
2.532281395051192e-08,-4.523430223285372e-05
2.532301722133743e-08,-4.819112354152931e-05
2.532320841093408e-08,-4.583119207586459e-05
2.532339813125256e-08,-4.909476215233926e-05
2.532360424654243e-08,-4.638152480058691e-05
2.532388598135726e-08,-5.016056145867279e-05
2.532429178152617e-08,-4.755734849660832e-05
2.532463124684959e-08,-5.16126717760325e-05
2.532498265848328e-08,-4.875408979803688e-05
2.53253158982921e-08,-5.290800561462098e-05
2.532561891449896e-08,-4.987509743740604e-05
2.532590021328339e-08,-5.396527744694019e-05
2.532615611717383e-08,-5.086764672689868e-05
2.532639089114898e-08,-5.477419660138119e-05
2.532661054822083e-08,-5.179334901501557e-05
2.532682277771498e-08,-5.539474843679043e-05
2.532704141337542e-08,-5.273148419464111e-05
2.53272957121985e-08,-5.609103306955671e-05
2.532772292677237e-08,-5.407685213294475e-05
2.532816541013447e-08,-5.761884765020117e-05
2.532859896647759e-08,-5.582688391832794e-05
2.532904169046522e-08,-5.935251036540432e-05
2.532945846730814e-08,-5.780327023295785e-05
2.532985022044448e-08,-6.133684946807911e-05
2.533021513762583e-08,-5.993885080715577e-05
2.53305504140972e-08,-6.347622909002264e-05
2.533086011288021e-08,-6.206150201416692e-05
2.53311461052444e-08,-6.56237155093059e-05
2.533141438643158e-08,-6.405118772525721e-05
2.53316711887764e-08,-6.777756722949043e-05
2.533192727663339e-08,-6.600763481796131e-05
2.533219820610061e-08,-7.014742982720199e-05
2.53325169603954e-08,-6.848839659642352e-05
2.533299289650879e-08,-7.3955060040139e-05
2.533373771179424e-08,-7.460470010085167e-05
2.533443087390123e-08,-8.192051993310394e-05
2.533523676080061e-08,-8.359325764054275e-05
2.533610551731356e-08,-9.240380504992066e-05
2.533700648364999e-08,-9.422178623964501e-05
2.533797259194427e-08,-0.0001024354764290058
2.533898085110099e-08,-0.0001045718321058691
2.534004216301576e-08,-0.0001276769094155139
2.534107663104773e-08,-0.000134759364232071
2.534224975483616e-08,-0.0001537635912442426
2.534360323187951e-08,-0.0001521063276630451
2.534489860686962e-08,-0.0001557123554755128
2.534629293718072e-08,-0.0001421710211612019
2.534788139635483e-08,-0.0001409359682590394
2.534949717485253e-08,-0.0001277645989309596
2.535128545480854e-08,-0.0001289119825935235
2.535325115911358e-08,-0.0001172063972759739
2.535537608839708e-08,-0.0001197439564619228
2.535795966122137e-08,-0.0001119813443975955
2.53602722729902e-08,-0.0001233572554740808
2.536325246131715e-08,-0.000123578462458784
2.536572082240017e-08,-0.0001337692939901139
2.536813516449931e-08,-0.000126023091780775
2.537112864394087e-08,-0.0001292603694051742
2.537417295249295e-08,-0.0001170336041106937
2.537721271901488e-08,-0.0001194174527101268
2.538111635915365e-08,-0.0001073693593361605
2.538475487826048e-08,-0.00011125678809111
2.538889412380986e-08,-0.000102531204175503
2.539298399894108e-08,-0.0001148757480615727
2.539693331946186e-08,-0.0001378193007792092
2.539891070076134e-08,-0.0001795321820441946
2.540093546753991e-08,-0.0002226518950262126
2.54025141667917e-08,-0.000286905637828641
2.54040710114448e-08,-0.0003481732955547941
2.540668779270501e-08,-0.0005098206053288091
2.540863317367386e-08,-0.00063825274018916
2.541138377294318e-08,-0.0008776633819294993
2.541537441614105e-08,-0.001270428819298768
2.541792561108066e-08,-0.001552797646730608
2.542057701626335e-08,-0.001816668831831792
2.542376837307174e-08,-0.002115556300195823
2.542808452371561e-08,-0.002413574893299488
2.543255932558019e-08,-0.002634785143541302
2.543820428402376e-08,-0.00275865739285353
2.544417166770244e-08,-0.002736836993045493
2.544971144894326e-08,-0.002435064563589886
2.545419029773517e-08,-0.00209841985924002
2.545868892061902e-08,-0.001697906539991376
2.546319750189406e-08,-0.001384064872511007
2.54669416572277e-08,-0.0011071952908159
2.547122286913703e-08,-0.0008906395759300153
2.54752465065114e-08,-0.0006706618757364564
2.547955167876115e-08,-0.0005297197669183658
2.548427689713963e-08,-0.0003603220036981853
2.548936346861317e-08,-0.0002715351445889219
2.549543998087008e-08,-0.0001544679880575955
2.55e-08,-0.0001313683845814644
2.550494775211062e-08,-8.708064358552998e-05
2.551128616640369e-08,-5.457336141346061e-05
2.551766082085027e-08,-3.524938108737738e-05
2.552867486163193e-08,-1.693905226902364e-05
2.554122866914812e-08,-7.931540666879889e-06
2.555821724711933e-08,-3.405014519853942e-06
2.558307378621672e-08,-1.413193699648267e-06
2.561513060019357e-08,-1.17484273078663e-06
2.566125416427169e-08,-1.100698949862045e-06
2.573688503393157e-08,-1.136760189246513e-06
2.588814677325133e-08,-1.062037299196147e-06
2.612764567134876e-08,-1.095970936982751e-06
2.645654091146808e-08,-1.037400315136223e-06
2.691062045801463e-08,-1.079669626173124e-06
2.756525632868094e-08,-1.02794306273553e-06
2.853267588011939e-08,-1.073155841199794e-06
2.92663379400597e-08,-1.025329011909567e-06
3e-08,-1.071914812264482e-06
3.003125000000001e-08,-5.387292617384303e-07
3.008344693933982e-08,-4.912571850787532e-07
3.010767482597997e-08,-5.130520955978452e-07
3.015613059926026e-08,-6.325832600386446e-07
3.019943065863212e-08,-1.268736731237845e-06
3.021376368944596e-08,-1.665076901452922e-06
3.02314589462148e-08,-2.202552046664729e-06
3.025190973003697e-08,-2.415936894888842e-06
3.026673907060098e-08,-2.449898281055859e-06
3.028565081823038e-08,-2.576586574357808e-06
3.030875203345696e-08,-2.269466413492037e-06
3.031293352712509e-08,-1.806883942404081e-06
3.032129651446135e-08,-1.396337123061444e-06
3.032821417666595e-08,-1.08041740430332e-06
3.033527420811794e-08,-1.209030226359189e-06
3.034171652960046e-08,-9.608292852714019e-07
3.035460117256551e-08,-1.060567788178471e-06
3.03803704584956e-08,-6.904140639979377e-07
3.043190903035579e-08,-7.597062403396377e-07
3.05e-08,-7.005393541300245e-07
3.051321480512014e-08,-1.005844267467898e-06
3.053827011895249e-08,-1.062127094619626e-06
3.056153565584463e-08,-1.065217504158031e-06
3.060806672962891e-08,-1.066187886941703e-06
3.064320898341492e-08,-1.066669441868235e-06
3.071349349098693e-08,-1.065703194662713e-06
3.085406250613095e-08,-1.06667712294684e-06
3.1135200536419e-08,-1.065569148169338e-06
3.169747659699508e-08,-1.066760399511691e-06
3.282202871814726e-08,-1.066739095155894e-06
3.309427512837885e-08,-1.06539778709893e-06
3.323039833349465e-08,-1.054526096671064e-06
3.337382069065854e-08,-1.025917278424266e-06
3.355179586299536e-08,-9.288920683064202e-07
3.368604648903359e-08,-8.327972761025958e-07
3.38315323357704e-08,-8.148185158981188e-07
3.389222434186648e-08,-1.404753874233651e-06
3.392085354361489e-08,-1.928772667888291e-06
3.393236574179586e-08,-2.018103781241078e-06
3.39553901381578e-08,-2.185741187939518e-06
3.397558763876657e-08,-2.356127184630825e-06
3.399076084219553e-08,-3.20961462921296e-06
3.399605827192552e-08,-4.322027029634029e-06
3.400055806735035e-08,-5.290549902367491e-06
3.400609072489274e-08,-6.614536085077821e-06
3.401090860079546e-08,-7.341582722418454e-06
3.401578911605281e-08,-7.883039596767804e-06
3.402123419130324e-08,-7.81173813917106e-06
3.402638107374917e-08,-6.876803392849772e-06
3.403035031511902e-08,-4.820879768544104e-06
3.403361943136329e-08,-4.192462130552563e-06
3.403683365250219e-08,-3.68822395418107e-06
3.404012749427197e-08,-3.833587869096671e-06
3.404410868876561e-08,-3.442894312171631e-06
3.405115954660463e-08,-3.407664497980903e-06
3.406526126228266e-08,-1.950289572283601e-06
3.407648388700054e-08,-1.377861893460097e-06
3.408809299428062e-08,-8.880851434790191e-07
3.410060452567154e-08,-1.152870766189285e-06
3.411281883033679e-08,-8.63660076517176e-07
3.413401555142761e-08,-1.134903084044938e-06
3.417375611603216e-08,-8.681081465309839e-07
3.421601702165806e-08,-1.146978645320787e-06
3.426962479152646e-08,-8.84816487765468e-07
3.434400007394928e-08,-1.168546584381192e-06
3.449275063879492e-08,-9.163792885570937e-07
3.452862374333449e-08,-1.186030285920304e-06
3.460036995241362e-08,-9.183355878428513e-07
3.470601694114153e-08,-1.186812748221187e-06
3.485300847057077e-08,-9.189069801694268e-07
3.5e-08,-1.186891388339771e-06
3.502328282280498e-08,2.626194194613901e-06
3.506858503904051e-08,2.894425835571113e-06
3.510841215358999e-08,2.693210684549306e-06
3.517926857690863e-08,9.680199118536881e-07
3.51969826827383e-08,-1.788110682561855e-06
3.520583973565313e-08,-3.985618276688205e-06
3.522355384148279e-08,-1.053243949141319e-05
3.524466780039536e-08,-2.006438668965119e-05
3.525012500022727e-08,-2.052115370163581e-05
3.525262500022728e-08,3.681385244643276e-05
3.525402158047385e-08,-1.821302554009116e-05
3.525538990060913e-08,2.666665389531331e-05
3.525707939503116e-08,-4.291414177289791e-05
3.525841483053442e-08,5.206983094071499e-06
3.525926991538084e-08,-5.68548514969877e-05
3.526012500022727e-08,-8.532300703115652e-06
3.526044754553054e-08,-5.035781069857737e-05
3.526088269024595e-08,-4.832051005553341e-05
3.526128553044206e-08,-4.575058725236936e-05
3.526200850915746e-08,-4.121884290859441e-05
3.526310570861653e-08,-3.049763352281717e-05
3.526427200380871e-08,-1.67252182740567e-05
3.526546406658973e-08,-1.493281914474349e-06
3.526666358065275e-08,1.132866321583521e-05
3.526792358344494e-08,2.901942633033352e-05
3.526885607889836e-08,4.591352431091426e-05
3.526984572103325e-08,6.074035052817248e-05
3.527074223435609e-08,7.409122645301204e-05
3.527144982693072e-08,8.463754822781273e-05
3.527231445695652e-08,0.0001014234393827077
3.527373688016433e-08,0.0001319681483299482
3.527474866036262e-08,0.0001563440303090554
3.527594089153606e-08,0.000184634510490639
3.527738862512506e-08,0.0002204213485332619
3.527958617943703e-08,0.000273784849127578
3.528196427748768e-08,0.0003333568051985798
3.528430878202455e-08,0.0003922676801390305
3.528740417280491e-08,0.0004723965972958356
3.528968801069323e-08,0.0005296236128103949
3.5292945563521e-08,0.0006052929854014566
3.529611109572804e-08,0.00066886122807095
3.529937666522213e-08,0.0007255790534720807
3.530289367868565e-08,0.0007751461235759679
3.530727152633598e-08,0.0008178589838736195
3.530989974241054e-08,0.0008268783096489152
3.531199053597644e-08,0.0008236752199387438
3.531418545168634e-08,0.000813046182366141
3.531591652867711e-08,0.0007977111665697878
3.531708714003781e-08,0.0007735548320205637
3.531850369414659e-08,0.0007404595423752541
3.531964230823918e-08,0.0007155076560468991
3.532126868114517e-08,0.0007024014673738228
3.532254327083079e-08,0.0006949926743355484
3.532402657182084e-08,0.0006926747253728208
3.532571286584653e-08,0.0006766296286833644
3.532719346132047e-08,0.0006614298126685756
3.532879261404287e-08,0.0006287499359107332
3.533096741583898e-08,0.0005805440890328695
3.533411107737411e-08,0.0005020814266698802
3.533665829496299e-08,0.0004624554666140523
3.533934852580364e-08,0.0004241521111063794
3.534266128042355e-08,0.0003862884086908906
3.534589707697045e-08,0.0003398793013513604
3.534930894889155e-08,0.0002932231599032447
3.53532072385571e-08,0.0002351129231532393
3.535831015192911e-08,0.0001735774478908451
3.536530225691517e-08,9.955182428787114e-05
3.537295238010665e-08,3.421724250282253e-05
3.538170768461114e-08,-8.302180345080014e-05
3.539087507125188e-08,-0.0002500794654616873
3.539947873859007e-08,-0.000431710732934094
3.54058913997471e-08,-0.000632336607952441
3.541226353695847e-08,-0.0008260437112569424
3.541802646694447e-08,-0.001002803621275438
3.542396621070037e-08,-0.001146694143010966
3.542997149656046e-08,-0.001284835044104989
3.543729497548871e-08,-0.001397192947341921
3.544471609954187e-08,-0.001467454250557658
3.545051449166167e-08,-0.001446903226115386
3.54570152335136e-08,-0.001410892609196072
3.546297156287574e-08,-0.001346023339025327
3.546787077016131e-08,-0.001297162215214472
3.547283865196535e-08,-0.001220986949350563
3.547815190173833e-08,-0.001149125481720307
3.548408759067542e-08,-0.001046009706158357
3.549096932098532e-08,-0.0009412326305947248
3.549548466049266e-08,-0.0008607107953658135
3.55e-08,-0.000797247128538861
3.550752883285743e-08,-0.000691560302259188
3.551453053143292e-08,-0.0005956168767071614
3.552186645018046e-08,-0.0005062455594971953
3.553626519203847e-08,-0.0003595818876297308
3.555574928609647e-08,-0.0002195422985350242
3.558435560546029e-08,-9.987399929384636e-05
3.561570005635401e-08,-4.145139440384878e-05
3.565351540872604e-08,-1.358572311331542e-05
3.569445232271345e-08,-4.98641448852849e-06
3.575006233625417e-08,-1.36396142514784e-06
3.582303936244591e-08,-1.442004979468653e-06
3.595606340577819e-08,-8.49324612646833e-07
3.61500150802047e-08,-1.430589582703012e-06
3.653791842905772e-08,-8.246893945487856e-07
3.706424017955814e-08,-1.413927425717241e-06
3.7815781188855e-08,-8.132836343277158e-07
3.886015444141328e-08,-1.406873013829069e-06
4e-08,-8.086198458274383e-07
4.003125e-08,-1.253727123411135e-06
4.008344693933982e-08,-1.278208173339288e-06
4.018784081801945e-08,-1.499721243334168e-06
4.022686071576702e-08,-2.794177358252489e-06
4.024248538317495e-08,-3.538659093001147e-06
4.025638957353805e-08,-4.221876669988823e-06
4.026985714181343e-08,-4.791504565940047e-06
4.027407968878563e-08,-5.127280439580328e-06
4.028252478273004e-08,-6.023633023627671e-06
4.028875085684113e-08,-7.292368593936995e-06
4.029429860133972e-08,-1.009383995560288e-05
4.029690415868866e-08,-1.616508557070198e-05
4.029890203460371e-08,-2.042881457907943e-05
4.030123625062689e-08,-2.867057896464752e-05
4.030337255895356e-08,-3.297780777740239e-05
4.03062932049168e-08,-4.614782103902905e-05
4.030736995946839e-08,-5.159204447311561e-05
4.030823143261211e-08,-5.293096612668421e-05
4.030908848426152e-08,-5.325034937157809e-05
4.031034007384368e-08,-4.95753725368309e-05
4.031138233707182e-08,-4.400362475252148e-05
4.031228749079462e-08,-3.67269530558099e-05
4.031303032568112e-08,-2.991875456755544e-05
4.031388143849642e-08,-2.126875119069771e-05
4.031507408202827e-08,-1.46217391145517e-05
4.031593511096698e-08,-1.093202957040455e-05
4.031684361391111e-08,-9.384722522619042e-06
4.031794352126676e-08,-6.883200223728111e-06
4.032014333597806e-08,-5.689651857355477e-06
4.032277367528289e-08,-4.107112211072816e-06
4.032619611113294e-08,-4.570210115713543e-06
4.033069895368253e-08,-3.872207458138689e-06
4.033818731072204e-08,-5.094679520467004e-06
4.034773824638144e-08,-5.101299948032464e-06
4.036187303977625e-08,-7.283034951490639e-06
4.038487916362925e-08,-9.190982056530658e-06
4.042780497590871e-08,-1.54186024393553e-05
4.046390248795436e-08,-1.718069737552911e-05
4.048195124397718e-08,-1.72696896026456e-05
4.05e-08,-1.424301761613044e-05
4.05093205935698e-08,-1.267148934193533e-05
4.05215079502419e-08,-1.059766997986645e-05
4.053314670606048e-08,-8.780779403900737e-06
4.055642421769764e-08,-5.80839267732944e-06
4.058331970032928e-08,-3.612935450371275e-06
4.061927113945389e-08,-2.114838800373168e-06
4.066405691823414e-08,-1.441881883538427e-06
4.073346666291605e-08,-1.155226872864477e-06
4.084613605631786e-08,-1.11733854816648e-06
4.097841648974645e-08,-1.099098107953225e-06
4.109264045559025e-08,-1.113262904726444e-06
4.123502132552102e-08,-1.098641916371623e-06
4.151912626646775e-08,-1.112975421001198e-06
4.20873361483612e-08,-1.098189533662177e-06
4.322375591214809e-08,-1.112134184692264e-06
4.5e-08,-1.097148088721872e-06
4.50683695603773e-08,-2.1545610433834e-06
4.516137401940147e-08,-2.417648045549071e-06
4.520718045042992e-08,-5.821009854761507e-06
4.522675032569078e-08,-6.132425678536426e-06
4.524044506574961e-08,-1.875794180975349e-06
4.525803224968877e-08,8.745481808517887e-06
4.527225364754014e-08,9.021588552164777e-06
4.527795830007584e-08,4.911923587988261e-06
4.528298941350331e-08,-3.484369357217919e-06
4.528739682246951e-08,-9.914980362406886e-06
4.529226274934252e-08,-1.149174076875368e-05
4.529658203638644e-08,-1.38172668560354e-05
4.529945131325157e-08,-1.762915405820049e-05
4.530253937557847e-08,-2.145907994202481e-05
4.5305822621316e-08,-2.58578331406864e-05
4.530941801375595e-08,-3.139574703808649e-05
4.53132862526539e-08,-4.406290809192407e-05
4.531528085599268e-08,-5.110777714913972e-05
4.531747921212463e-08,-5.782502943752938e-05
4.531943993604716e-08,-6.134310074218406e-05
4.532205159871166e-08,-6.717231622249799e-05
4.532397320612227e-08,-6.799180347539947e-05
4.53258393452903e-08,-6.228788051699002e-05
4.532743569373203e-08,-5.964275832724142e-05
4.532996772364901e-08,-5.449418325156389e-05
4.533196063545123e-08,-5.914083744065142e-05
4.53341041433047e-08,-6.384681060895799e-05
4.533639238515003e-08,-7.599890263446249e-05
4.533823862833551e-08,-8.172715826545905e-05
4.534033791191507e-08,-0.0001107301101853789
4.534186601020107e-08,-0.0001160761672047517
4.534332966643028e-08,-0.0001293007935069949
4.534506973467287e-08,-0.0001173370434461044
4.534688978170262e-08,-0.0001182394502969067
4.534886914799887e-08,-0.000102843653943995
4.535142235715968e-08,-0.0001047026785091044
4.535427288278763e-08,-9.087271891941728e-05
4.535780010910585e-08,-9.772750404859372e-05
4.536148367314053e-08,-9.650661271219226e-05
4.536460690267371e-08,-0.000108691021553534
4.536790877529934e-08,-0.0001010789661033262
4.537246008707405e-08,-0.0001031569591965666
4.537747080468835e-08,-8.91537093983408e-05
4.538270705509536e-08,-9.180417020242101e-05
4.53880673731138e-08,-8.197012748917127e-05
4.539422691564809e-08,-9.84152702703744e-05
4.540202745226001e-08,-0.0002196733933519849
4.540936929845372e-08,-0.0006013281650625469
4.541471466528989e-08,-0.001030004076380509
4.542053935942383e-08,-0.001601780903852491
4.542534055445954e-08,-0.001974593200518391
4.542934075833625e-08,-0.002238064232072038
4.543563780841557e-08,-0.002459933158180007
4.544120027581279e-08,-0.002553236646391395
4.544728005733175e-08,-0.002442940403147611
4.54530468135317e-08,-0.002126054882404301
4.545812118701112e-08,-0.001722504403516949
4.546235565381867e-08,-0.001408493643892777
4.546687284639184e-08,-0.001095434314625795
4.547158262968165e-08,-0.0008370601127334979
4.547566020739661e-08,-0.0006407262781433021
4.548233710767095e-08,-0.0004110872505201702
4.548751523448486e-08,-0.0002756900936280883
4.549317997071848e-08,-0.0001890346427354927
4.55e-08,-0.0001057446739956452
4.55045475284293e-08,-8.140954572954649e-05
4.551148032861217e-08,-4.840148897313842e-05
4.551808383734928e-08,-3.051716208492169e-05
4.55300445355747e-08,-1.38590965300211e-05
4.554278212873311e-08,-6.400269480800542e-06
4.556020691713118e-08,-3.062023732059342e-06
4.558561414795407e-08,-1.238997977976145e-06
4.561878402232624e-08,-1.325258598027384e-06
4.566707139857992e-08,-1.014606426814001e-06
4.574775371742313e-08,-1.276057310380386e-06
4.586420547029624e-08,-9.789061850807038e-07
4.602693765549828e-08,-1.240183763295012e-06
4.625468424433395e-08,-9.574108434491885e-07
4.658314221450831e-08,-1.221437417729775e-06
4.705955915942897e-08,-9.456599234970549e-07
4.774612597485002e-08,-1.21193868953929e-06
4.873421823618098e-08,-9.399970800707264e-07
5e-08,-1.207883305096818e-06
5.003125e-08,-5.673527411842972e-07
5.008344693933982e-08,-5.203215636574223e-07
5.010954540900973e-08,-5.422400581996168e-07
5.016174234834955e-08,-6.853545847612783e-07
5.020515266129063e-08,-1.430013611244504e-06
5.022181271041906e-08,-1.920467584864659e-06
5.023599223231524e-08,-2.280567213320419e-06
5.025428788452929e-08,-2.410493465149972e-06
5.026865793975234e-08,-2.454535684513768e-06
5.029431874205197e-08,-2.547234394953669e-06
5.029976076045895e-08,-2.47663286918447e-06
5.031064479727291e-08,-2.033032993880552e-06
5.031895417548815e-08,-1.42402327104363e-06
5.032622403206543e-08,-1.169377395940981e-06
5.032985896035406e-08,-1.149876868282461e-06
5.033619947973636e-08,-1.070077631010227e-06
5.034414346790412e-08,-1.027616533195303e-06
5.036003144423964e-08,-8.920603531839738e-07
5.039180739691069e-08,-7.381299604951926e-07
5.045535930225278e-08,-6.966391856219118e-07
5.05e-08,-8.432830826298897e-07
5.051270438206892e-08,-1.031893916194303e-06
5.053431740766571e-08,-1.078822219651523e-06
5.055306919420172e-08,-1.088567083393754e-06
5.059057276727375e-08,-1.087853107650058e-06
5.062246469062738e-08,-1.090909377010102e-06
5.068624853733464e-08,-1.087860059723379e-06
5.081381623074917e-08,-1.090688200527339e-06
5.106895161757822e-08,-1.087596735000947e-06
5.157922239123633e-08,-1.090281700697801e-06
5.259976393855254e-08,-1.08784201436521e-06
5.289979344623347e-08,-1.0905922596461e-06
5.304980820007393e-08,-1.084622426305856e-06
5.324367439926925e-08,-1.06654911951479e-06
5.338824336257083e-08,-1.015794001948744e-06
5.354976490518667e-08,-9.099301140144958e-07
5.368119094874747e-08,-8.226891686795609e-07
5.385034738665428e-08,-1.924795805253575e-06
5.388380065263662e-08,-2.141042049922367e-06
5.389627246747697e-08,-2.199256374015554e-06
5.39210825728587e-08,-2.484135560158054e-06
5.393020073384554e-08,-3.164296871424755e-06
5.393547718656054e-08,-4.222842533079065e-06
5.393994913667475e-08,-5.1958076559921e-06
5.394537958814438e-08,-6.482197907560443e-06
5.395008807153147e-08,-7.24519198498639e-06
5.395488119869318e-08,-7.821464906237101e-06
5.396041562394762e-08,-7.851810736511532e-06
5.396562704513177e-08,-7.156291946108328e-06
5.396989538469228e-08,-4.999881471712614e-06
5.397311820726375e-08,-4.332409495756284e-06
5.397471476835253e-08,-3.818165476940708e-06
5.39779078905301e-08,-3.949243586072214e-06
5.398125213280177e-08,-3.523922193603261e-06
5.398686413443259e-08,-3.646254173200187e-06
5.399549331148764e-08,-2.875495654925154e-06
5.400861709189905e-08,-1.929586151619127e-06
5.402012346606387e-08,-9.9032075284446e-07
5.402587665314628e-08,-1.241321044811934e-06
5.403731991577923e-08,-8.851593098533967e-07
5.404918301845322e-08,-1.163465830055412e-06
5.407290922380119e-08,-8.837502947760698e-07
5.410539417083063e-08,-1.159213030988374e-06
5.414831350594583e-08,-8.967500308584247e-07
5.419791963027173e-08,-1.17393377155286e-06
5.426984758725632e-08,-9.175386072473794e-07
5.439570014670634e-08,-1.20404055108528e-06
5.443648194857302e-08,-9.366062740678816e-07
5.451804555230637e-08,-1.208025667607821e-06
5.462294288855588e-08,-9.390343196769058e-07
5.478308651199511e-08,-1.208699540947437e-06
5.5e-08,-9.391214833263708e-07
5.50262100308705e-08,2.363513072685049e-06
5.507529029987161e-08,2.547562605139763e-06
5.512492280363375e-08,2.354807234817062e-06
5.514871431770374e-08,2.207317286233814e-06
5.519629734584374e-08,-1.597199254607987e-06
5.520975425943962e-08,-4.923645297697007e-06
5.52366680866314e-08,-1.547573575555295e-05
5.525012500022727e-08,-2.076385603661397e-05
5.525262500022727e-08,3.444261072232393e-06
5.525540619828264e-08,-3.481817846324985e-05
5.52567235127976e-08,-4.908592308693893e-05
5.525824684251002e-08,-8.167778836242665e-05
5.525933037067381e-08,-9.262025782892529e-05
5.526012500022727e-08,-0.0001164599425715586
5.526040341677755e-08,-9.777864193394399e-05
5.526083367863215e-08,-9.317699389395142e-05
5.526121517817697e-08,-8.927053890989244e-05
5.526193787695125e-08,-8.401992509919795e-05
5.52628667361196e-08,-7.779989763895601e-05
5.526381803039731e-08,-7.044759239975195e-05
5.526485207824602e-08,-6.160263118837331e-05
5.526590714344342e-08,-5.193570164620506e-05
5.526714016570539e-08,-3.945967790116057e-05
5.52682209229344e-08,-2.163846582114995e-05
5.526912354642615e-08,-9.330861231834343e-06
5.52698236917517e-08,9.506076310284193e-07
5.527059016338242e-08,1.461272652917288e-05
5.527127773687298e-08,2.975842628546056e-05
5.527215582910628e-08,5.430875981567171e-05
5.527333897925088e-08,8.954497281338816e-05
5.527435857791858e-08,0.0001191108501451798
5.527548406678893e-08,0.0001496313978507868
5.527671126465825e-08,0.0001820541562695866
5.527823198999376e-08,0.0002205123979102777
5.52802103578347e-08,0.0002712294261235774
5.528268281691681e-08,0.000334307956778927
5.528521008905044e-08,0.0004011492277810342
5.528754092291764e-08,0.0004631611075835278
5.529001603225487e-08,0.0005291213969964536
5.529314788205347e-08,0.0006043273705597599
5.52963823976895e-08,0.0006741166081626651
5.529964557183404e-08,0.0007331112355343215
5.530324360121624e-08,0.0007881933749041704
5.530770524650064e-08,0.00083281761423405
5.531021857169448e-08,0.000843332886340967
5.53122531031121e-08,0.0008408632103307466
5.531439758885871e-08,0.0008336500657945995
5.531610017704352e-08,0.0008182453635729508
5.531709326492906e-08,0.0008020807585425849
5.531845708974041e-08,0.0007743671150057284
5.531957076500152e-08,0.0007555360598714062
5.532117093384793e-08,0.0007425040086508754
5.532244302474855e-08,0.0007371463573519389
5.532391451914216e-08,0.00073221119749982
5.532561302252503e-08,0.0007172263655992433
5.532709879613549e-08,0.0006995399123197052
5.532868989977561e-08,0.0006701694638348778
5.533083254886196e-08,0.0006233334468706282
5.533392817492861e-08,0.0005503365253158362
5.533648851714053e-08,0.0005059154277551521
5.533914907715036e-08,0.0004662759448166922
5.534248890311731e-08,0.0004212731108028846
5.534573826180335e-08,0.0003721962634785581
5.534914206927264e-08,0.0003183017403155816
5.535300986407072e-08,0.0002548976456247237
5.535806471983092e-08,0.0001801432153941323
5.536498247837299e-08,9.31726222539745e-05
5.537345281232706e-08,7.98786312363025e-06
5.538238313909059e-08,-9.905727895088246e-05
5.539173170722471e-08,-0.0002428870400517723
5.540103967787046e-08,-0.0004176327834487835
5.540779048688412e-08,-0.0005847393747652618
5.541375056096429e-08,-0.0007392539145025203
5.542031343259197e-08,-0.0009130659937249427
5.542662228276957e-08,-0.0010506563025564
5.543315551624984e-08,-0.001181223638422724
5.544022093661077e-08,-0.001279741892581621
5.544755841413497e-08,-0.001345386556629945
5.54538057599521e-08,-0.001335116565286668
5.546069104390742e-08,-0.001294751075589348
5.546597347609625e-08,-0.00123638487725941
5.547034064585234e-08,-0.001190010283693232
5.547497719691265e-08,-0.001120618828788932
5.548026069031236e-08,-0.001048720218994811
5.548496214166225e-08,-0.0009696737454573003
5.549187081987523e-08,-0.0008682044882579505
5.549593540993761e-08,-0.0007996636295506894
5.549999999999999e-08,-0.0007455333752956635
5.55062500338682e-08,-0.0006610795667242193
5.551243259287635e-08,-0.0005795551533892922
5.551907333030711e-08,-0.0005006303177334354
5.553235480516863e-08,-0.0003664333600823728
5.555160728103843e-08,-0.000225947235163347
5.557964299178986e-08,-0.0001052023571390892
5.561035592766463e-08,-4.452887371560846e-05
5.564671359755609e-08,-1.545994028504721e-05
5.568724367024811e-08,-5.472394694828829e-06
5.574086434334315e-08,-1.586330854485744e-06
5.581233111731876e-08,-1.363134432849008e-06
5.593303705498233e-08,-9.17003300882168e-07
5.612151340474181e-08,-1.353111700112134e-06
5.649846610426079e-08,-8.96000566268713e-07
5.701001265257514e-08,-1.338340119105408e-06
5.773511707545021e-08,-8.861819410092505e-07
5.874266988153852e-08,-1.332162297178148e-06
6.000000000000001e-08,-8.819891512990132e-07
6.003125000000001e-08,-1.253021289631147e-06
6.008344693933983e-08,-1.277490151188925e-06
6.018784081801947e-08,-1.49915065804693e-06
6.022686071576704e-08,-2.793577720186831e-06
6.024248319436822e-08,-3.537904741093968e-06
6.025638844440323e-08,-4.221229788850263e-06
6.026985666338161e-08,-4.790649979752861e-06
6.027407962359845e-08,-5.126665283880447e-06
6.028252554403213e-08,-6.023412991055803e-06
6.028875046347541e-08,-7.291946483858763e-06
6.02942988533942e-08,-1.009755825863592e-05
6.029690307955877e-08,-1.617070811479439e-05
6.029890064582755e-08,-2.043572584573299e-05
6.03012339474232e-08,-2.867878538403408e-05
6.03033704304868e-08,-3.298679788423925e-05
6.030629059698094e-08,-4.616924136950462e-05
6.03073669974524e-08,-5.160289918296871e-05
6.030822876922502e-08,-5.294169151318701e-05
6.030908581901685e-08,-5.325122049839904e-05
6.031033700362424e-08,-4.957174517961739e-05
6.031137892542363e-08,-4.399268662850786e-05
6.031228352263689e-08,-3.671876542698472e-05
6.03130262304545e-08,-2.990534161803912e-05
6.031387752479301e-08,-2.12592042385059e-05
6.031507248123014e-08,-1.460114690962854e-05
6.031593318917612e-08,-1.09226135409199e-05
6.031684220519791e-08,-9.372861155934843e-06
6.031794286268811e-08,-6.878202211991801e-06
6.032014417766853e-08,-5.682698986223955e-06
6.032277585504728e-08,-4.106966798890525e-06
6.03262011992851e-08,-4.566009154320189e-06
6.033070895703142e-08,-3.873596873026785e-06
6.033820967739052e-08,-5.092228147728231e-06
6.034776499163964e-08,-5.104397879972109e-06
6.036191514228079e-08,-7.283117746875038e-06
6.038494598928874e-08,-9.199586037059983e-06
6.042795379183256e-08,-1.542999979750635e-05
6.046397689591627e-08,-1.717846386491067e-05
6.048198844795815e-08,-1.725731579116561e-05
6.050000000000001e-08,-1.423804716654334e-05
6.050931821411208e-08,-1.266505395997798e-05
6.052149282369039e-08,-1.059411128501904e-05
6.053312083369193e-08,-8.779469115341259e-06
6.055637685369501e-08,-5.809895587965503e-06
6.058327290176802e-08,-3.613584605819087e-06
6.061921865050445e-08,-2.115016335473341e-06
6.066399820889835e-08,-1.441649332656438e-06
6.073337342852286e-08,-1.154860987728368e-06
6.084595392781632e-08,-1.116830566454779e-06
6.097845308006326e-08,-1.098590684127687e-06
6.109266023282555e-08,-1.112750636369627e-06
6.123500337607063e-08,-1.098164625512828e-06
6.151845520911776e-08,-1.112505873095446e-06
6.208535887521203e-08,-1.097790421925432e-06
6.321916620740057e-08,-1.111789227024841e-06
6.500000000000001e-08,-1.096902883620778e-06
6.506845203451778e-08,-2.154237354792424e-06
6.5161531272644e-08,-2.42096256150214e-06
6.52074137530627e-08,-5.851750479997574e-06
6.522688921295994e-08,-6.117428362159115e-06
6.524057184022288e-08,-1.805543520689561e-06
6.525810080874822e-08,8.770726090749023e-06
6.527233503651146e-08,8.998410077880576e-06
6.527805395194551e-08,4.789774035309984e-06
6.528304512957765e-08,-3.58979838794397e-06
6.528744615264498e-08,-9.955235986972006e-06
6.529229411718516e-08,-1.148501355510277e-05
6.529661566974011e-08,-1.386363652953162e-05
6.529950087726786e-08,-1.767985600219077e-05
6.530258492479647e-08,-2.152980183985727e-05
6.530588931488479e-08,-2.593265568624532e-05
6.530946893493195e-08,-3.151586486326328e-05
6.531335967217112e-08,-4.435001303129771e-05
6.531537196741411e-08,-5.125803803161209e-05
6.531755578125062e-08,-5.813955695751135e-05
6.531955100931359e-08,-6.13739979526352e-05
6.532214159558411e-08,-6.75789545760331e-05
6.532405549459875e-08,-6.754856753759365e-05
6.532590967366218e-08,-6.241496310093485e-05
6.532750795129284e-08,-5.915578276965379e-05
6.532996293079808e-08,-5.484810211506391e-05
6.533197599432686e-08,-5.886836320974925e-05
6.533411139416489e-08,-6.424306190654414e-05
6.533640301544481e-08,-7.578257294165405e-05
6.533823938726761e-08,-8.198451572823953e-05
6.534030674627941e-08,-0.0001096588412206207
6.534183849263482e-08,-0.0001164916938974123
6.53432459523918e-08,-0.0001286210066726646
6.534494142087076e-08,-0.0001184912985516092
6.534674976889499e-08,-0.0001182080233178856
6.534864608083398e-08,-0.0001042175141146463
6.535111487517521e-08,-0.0001047697735072092
6.535392882719608e-08,-9.208870441123276e-05
6.535735375576326e-08,-9.672708513967691e-05
6.536095786035086e-08,-9.600647367865343e-05
6.536405817702327e-08,-0.0001074975730148766
6.536738245531101e-08,-0.0001020732947075384
6.537149266478799e-08,-0.0001038119509545659
6.537656867455112e-08,-9.090268633825598e-05
6.538180140706283e-08,-9.182417111266652e-05
6.538712789168842e-08,-8.283376791493765e-05
6.539305741991357e-08,-9.340273474089645e-05
6.54005114771281e-08,-0.0001759622954374946
6.540598306170205e-08,-0.0003931617910320289
6.541152942209395e-08,-0.0007427189913181242
6.541719550425587e-08,-0.001258489638762439
6.5422760095729e-08,-0.001734142116728965
6.542668714191215e-08,-0.002025857546380342
6.543254892040801e-08,-0.002301847076089515
6.543750932113422e-08,-0.002446643935818329
6.544354758664307e-08,-0.00245906130408223
6.544944354414716e-08,-0.002290241719921293
6.545418248801612e-08,-0.002017292541830568
6.545907077509767e-08,-0.001684671733982857
6.546318218238179e-08,-0.001387174357295695
6.54680489393738e-08,-0.001067903911516693
6.547245198257871e-08,-0.0008204342441739281
6.547674632213333e-08,-0.0006255654874446782
6.548208776831946e-08,-0.0004319394770308312
6.548679304120298e-08,-0.000309405832253952
6.549271698448084e-08,-0.0001972600694085563
6.549635849224043e-08,-0.0001517637697137037
6.550000000000001e-08,-0.0001149351782318053
6.550525594492767e-08,-8.168903520235694e-05
6.551019344677131e-08,-5.617997671693881e-05
6.551615477526455e-08,-3.676136667196471e-05
6.55264260702458e-08,-1.801684366514261e-05
6.553804932664398e-08,-8.927829892054562e-06
6.555460280709254e-08,-3.695377483576956e-06
6.557554088575653e-08,-1.773144171935283e-06
6.56057200827218e-08,-1.261135986611104e-06
6.564660542632231e-08,-1.127814155634362e-06
6.57131800250564e-08,-1.216117732987047e-06
6.581662755473635e-08,-1.079487949754958e-06
6.596026881272006e-08,-1.183392906366502e-06
6.616092367529558e-08,-1.051008885371066e-06
6.644670323202357e-08,-1.164867195343399e-06
6.686195954499633e-08,-1.035989046001823e-06
6.746179775963932e-08,-1.154867387728369e-06
6.832482696120456e-08,-1.028423325483589e-06
6.916241348060228e-08,-1.150605891278825e-06
7e-08,-1.025758945518259e-06
7.003125000000001e-08,-5.84622352006128e-07
7.008344693933983e-08,-5.392634823278904e-07
7.010954540900974e-08,-5.597471396624947e-07
7.016174234834956e-08,-6.899101577545096e-07
7.020530462575889e-08,-1.424925851274285e-06
7.022192003743615e-08,-1.908228805876785e-06
7.023610320006214e-08,-2.268733965678575e-06
7.025436223234199e-08,-2.391777675220114e-06
7.026873896429486e-08,-2.437343265503817e-06
7.029464988769654e-08,-2.519347886599921e-06
7.030007939904908e-08,-2.444977456848173e-06
7.031093842175414e-08,-1.986920775315954e-06
7.031919039231511e-08,-1.383658090298211e-06
7.032649909954499e-08,-1.131950438926063e-06
7.033015345315993e-08,-1.119199237385305e-06
7.033645969169183e-08,-1.031769372119683e-06
7.034465109670634e-08,-9.961028871229931e-07
7.036103390673535e-08,-8.516249014952725e-07
7.039379952679339e-08,-7.308295791497525e-07
7.04468997633967e-08,-6.978613228675007e-07
7.05e-08,-8.525734917528557e-07
7.0512667311152e-08,-1.042506660255837e-06
7.053516322443267e-08,-1.092844677547515e-06
7.055553407787924e-08,-1.102769274129017e-06
7.05962757847724e-08,-1.101256870052915e-06
7.062941815060915e-08,-1.104493080361903e-06
7.069570288228266e-08,-1.10122753290304e-06
7.082827234562969e-08,-1.104284277953194e-06
7.109341127232373e-08,-1.100863696456567e-06
7.162368912571183e-08,-1.103770573642745e-06
7.268424483248802e-08,-1.100818583847607e-06
7.297371422842702e-08,-1.101333135702692e-06
7.311844892639652e-08,-1.08758477339733e-06
7.325706159803636e-08,-1.061288853721315e-06
7.34373280457764e-08,-9.602042687920382e-07
7.35707643674287e-08,-8.668110245250486e-07
7.37178220237379e-08,-8.665609735135785e-07
7.37756230398575e-08,-1.517711756431948e-06
7.380220051409223e-08,-1.967961950182746e-06
7.381322974990978e-08,-2.070969205376662e-06
7.383528822154487e-08,-2.207944525719967e-06
7.38556021245839e-08,-2.401796723882082e-06
7.387765180880157e-08,-4.575074708638059e-06
7.38838838915073e-08,-6.093261196574708e-06
7.3889500803705e-08,-7.082040452334086e-06
7.389487191463257e-08,-7.837605179183597e-06
7.390077363599156e-08,-7.815272506972871e-06
7.390592234755189e-08,-7.071858641418235e-06
7.391009260859646e-08,-4.892452745761313e-06
7.391333307496947e-08,-4.302359061339435e-06
7.391639768226321e-08,-3.690187549848217e-06
7.391972949134183e-08,-3.924901650919233e-06
7.392356415576892e-08,-3.445687203183503e-06
7.393026401431654e-08,-3.532230197559946e-06
7.394366373141178e-08,-2.09834220133994e-06
7.395492213255265e-08,-1.528089839185067e-06
7.397158105180109e-08,-8.272737768696575e-07
7.398431604200638e-08,-1.228261360397383e-06
7.399731903250303e-08,-8.608038032377667e-07
7.401715104359403e-08,-1.202265101700375e-06
7.4049448130474e-08,-8.690813023910411e-07
7.409125113329945e-08,-1.212716398263979e-06
7.414437196867108e-08,-8.858515177730342e-07
7.421856561593684e-08,-1.234107018075867e-06
7.43556690813917e-08,-9.170864131819855e-07
7.439316695809293e-08,-1.25168803612526e-06
7.44681627114954e-08,-9.199194140174405e-07
7.457351096474944e-08,-1.252959540801623e-06
7.475066681070107e-08,-9.205564330062742e-07
7.500000000000001e-08,-1.252824385657853e-06
7.502768885629554e-08,2.356454434644352e-06
7.507859832807225e-08,2.530838789630498e-06
7.513247007714851e-08,2.308176292501615e-06
7.5157235899127e-08,2.023928828768988e-06
7.520368044967713e-08,-3.288497514320552e-06
7.522382141925879e-08,-9.946237197931741e-06
7.523697320974303e-08,-1.598347201288532e-05
7.525012500022728e-08,-2.184545792083413e-05
7.525262500022728e-08,3.423047048601681e-05
7.525511926229027e-08,-2.829165147407961e-05
7.525725749010452e-08,-1.026431264259136e-06
7.525890612438224e-08,-6.024234944387582e-05
7.526012500022727e-08,-2.815034424043694e-05
7.526040922735291e-08,-6.549181712024838e-05
7.526095555287626e-08,-6.414438732923817e-05
7.526142886294755e-08,-6.220079914837538e-05
7.526222856161079e-08,-5.900255836491451e-05
7.526333590703134e-08,-5.011225753397112e-05
7.526452132286665e-08,-3.953060551903617e-05
7.526570355687097e-08,-2.76595659918828e-05
7.526691697059307e-08,-1.881534595791138e-05
7.526812903256151e-08,-2.304972240925947e-06
7.526903537587522e-08,1.030667082297812e-05
7.526980036055575e-08,2.09773953342407e-05
7.527060247970153e-08,3.00773424151347e-05
7.527129454464919e-08,4.00749328545994e-05
7.527216666904317e-08,5.406405788569097e-05
7.527356234126116e-08,8.318647673787334e-05
7.527457944468645e-08,0.0001054244036359191
7.527574748817172e-08,0.0001335282192440439
7.527715440621953e-08,0.000166976416976699
7.527931549626048e-08,0.0002220692969179261
7.528167587811052e-08,0.0002831487536560969
7.528408745456244e-08,0.0003484150607382245
7.528664364535326e-08,0.0004183387282588867
7.528910741015675e-08,0.0004868133786951108
7.529193611025361e-08,0.0005589882318161536
7.529504032412659e-08,0.000630940020334943
7.529822673377824e-08,0.0006937531403957651
7.530165318860664e-08,0.0007517667362047798
7.530568826934854e-08,0.000802251500572506
7.530878064132851e-08,0.0008259816020308121
7.531086791345421e-08,0.0008292304842106431
7.53134388960743e-08,0.0008242891664039897
7.53153180449606e-08,0.0008122622959573086
7.531718125292837e-08,0.0007836329674199655
7.531888977273352e-08,0.0007445061866064002
7.532012284694694e-08,0.0007232438078420436
7.532177577024385e-08,0.0007090813527624245
7.532304933911499e-08,0.0007026072599149835
7.532463486283033e-08,0.0006910672244346254
7.532625168023222e-08,0.0006738667443916248
7.532773022843242e-08,0.0006636670678171823
7.532900004574481e-08,0.0006455419244543882
7.533048334363403e-08,0.0006232127585624516
7.533201241117525e-08,0.0005853123136678102
7.533341132802014e-08,0.0005575532551199866
7.533505273320504e-08,0.0005215786887095487
7.533744828761735e-08,0.0004859217187147286
7.534054503116286e-08,0.0004381798886238872
7.534374410653589e-08,0.0003978987663022339
7.53470474643563e-08,0.0003459205137615836
7.535052039178046e-08,0.0002977212269400465
7.535480757588614e-08,0.0002340547490034984
7.536043453142868e-08,0.0001702629241126062
7.53678323300914e-08,9.637005906199682e-05
7.537574587240933e-08,3.152135658008296e-05
7.53850245264066e-08,-8.407460315160773e-05
7.539430193846479e-08,-0.0002175260722648292
7.540162492074918e-08,-0.0003673246220471882
7.540842748602503e-08,-0.0005546597090244118
7.541533058774228e-08,-0.0007526917372836392
7.542117099013795e-08,-0.0009050677097331368
7.542906080039171e-08,-0.001084715387857341
7.54363398033979e-08,-0.001214202534780045
7.54466282509061e-08,-0.001328304692789113
7.545472668573218e-08,-0.001326127883402603
7.546155555919234e-08,-0.001277671713380436
7.546653069059141e-08,-0.001227346581349488
7.547170690377241e-08,-0.001164097549909766
7.547715015856647e-08,-0.001087025103860611
7.548198386816697e-08,-0.001015180650849786
7.548910365554106e-08,-0.0009033646805743006
7.549467503435359e-08,-0.0008187644346769495
7.550000000000001e-08,-0.000737938631495586
7.550693163671491e-08,-0.0006495772734720302
7.551376984594628e-08,-0.0005608426488509996
7.55211549576864e-08,-0.0004757472981208336
7.553592518116665e-08,-0.0003344189550147903
7.555529409646738e-08,-0.0002045429654516265
7.558389320984728e-08,-9.309938647976189e-05
7.561499234805847e-08,-3.899816273802683e-05
7.565256953336531e-08,-1.297634041137225e-05
7.569412001475816e-08,-4.698040333845471e-06
7.575076792397206e-08,-1.336647602609701e-06
7.582550497009084e-08,-1.405536886550682e-06
7.596121157580201e-08,-8.863748166849031e-07
7.61625496387421e-08,-1.3967162687646e-06
7.656522576462229e-08,-8.59803810584459e-07
7.709944663594332e-08,-1.379914071056135e-06
7.786343847589904e-08,-8.480736328394526e-07
7.892755512989251e-08,-1.372799984263355e-06
8e-08,-8.433272868317152e-07
8.003125e-08,-1.25415984929266e-06
8.008344693933982e-08,-1.278668192175026e-06
8.018784081801947e-08,-1.500001436423029e-06
8.022686071576704e-08,-2.79453630829753e-06
8.024248689820806e-08,-3.539073690979111e-06
8.025639037227258e-08,-4.221824721242582e-06
8.026985749719348e-08,-4.792026634658363e-06
8.027407973333494e-08,-5.127279479862248e-06
8.028252420561786e-08,-6.023975645145022e-06
8.028875026124818e-08,-7.292347117876791e-06
8.029429792969548e-08,-1.009330995107162e-05
8.029690377089407e-08,-1.616420402522504e-05
8.029890166574556e-08,-2.042802178767947e-05
8.030123603953839e-08,-2.866992761365935e-05
8.030337224518494e-08,-3.29772889318473e-05
8.030629288499288e-08,-4.614538942839869e-05
8.030736967749463e-08,-5.159137264266277e-05
8.030823106715138e-08,-5.293086990289487e-05
8.030908809545885e-08,-5.325069125741414e-05
8.031033974030561e-08,-4.957778132480974e-05
8.031138205295027e-08,-4.400568397214405e-05
8.031228730084793e-08,-3.67300215569862e-05
8.031303014638957e-08,-2.99212750796287e-05
8.031388120844213e-08,-2.12717831454547e-05
8.031507334477269e-08,-1.462552210517343e-05
8.03159344328273e-08,-1.093501746513091e-05
8.031684281246782e-08,-9.386255570857706e-06
8.031794253677408e-08,-6.885704724069803e-06
8.032014198538658e-08,-5.689833585857412e-06
8.032277202192642e-08,-4.108729736402531e-06
8.032619382263775e-08,-4.569565844310342e-06
8.033069562785455e-08,-3.873491000796607e-06
8.033818138004203e-08,-5.093496650244817e-06
8.034773071139531e-08,-5.102094394998076e-06
8.036186110519311e-08,-7.280989373482514e-06
8.038485913611263e-08,-9.189972050103563e-06
8.042777760077149e-08,-1.541468117982287e-05
8.046388880038575e-08,-1.718214851034687e-05
8.048194440019287e-08,-1.726963560777352e-05
8.05e-08,-1.424475940456529e-05
8.050932115039428e-08,-1.267193813994519e-05
8.05215108795258e-08,-1.05977005045725e-05
8.0533151642797e-08,-8.780518899196344e-06
8.05564331693394e-08,-5.807865855461247e-06
8.058332957767122e-08,-3.612714702785797e-06
8.061928367821778e-08,-2.114863402208544e-06
8.066407331280199e-08,-1.442084192655772e-06
8.073349420089772e-08,-1.15551646717251e-06
8.084617194940857e-08,-1.117658570242273e-06
8.09784448529732e-08,-1.099410957608392e-06
8.109267259853362e-08,-1.113572502355734e-06
8.123506235335704e-08,-1.09894600443129e-06
8.151922919290535e-08,-1.113269587138057e-06
8.208756287200197e-08,-1.098466598873456e-06
8.322423023019521e-08,-1.112382620981494e-06
8.500000000000001e-08,-1.097364439585616e-06
8.506836103150419e-08,-2.131872639311914e-06
8.516135775570488e-08,-2.355821613919448e-06
8.520715632374453e-08,-5.296686367376265e-06
8.522673602868982e-08,-5.122807506840137e-06
8.524043204046871e-08,-4.656291148856592e-07
8.525802525933436e-08,1.062737987545298e-05
8.527224538419198e-08,1.125730212654268e-05
8.527794859366983e-08,7.261138169683401e-06
8.528298381376321e-08,-1.111960168827189e-06
8.528739187875255e-08,-7.516889414211431e-06
8.529225964253403e-08,-9.092324413667188e-06
8.529657872096159e-08,-1.23651264879381e-05
8.529944646038743e-08,-1.875894029993336e-05
8.530253494413771e-08,-2.530663046066266e-05
8.530581616751456e-08,-3.174104384375535e-05
8.530941316837488e-08,-3.925007607947137e-05
8.531327927336581e-08,-5.880900877626879e-05
8.531527219695824e-08,-6.961822687474896e-05
8.531747166654069e-08,-7.887655632268872e-05
8.531943031600455e-08,-8.230209915879615e-05
8.532204556704093e-08,-8.876998133205608e-05
8.532396792294345e-08,-8.708100468420599e-05
8.532583524979207e-08,-7.205410771731642e-05
8.532742941405436e-08,-6.421814751291295e-05
8.532994449573549e-08,-4.867261108161243e-05
8.533191803527808e-08,-5.086433975329453e-05
8.533405841328711e-08,-4.982064171344401e-05
8.533633942615966e-08,-6.022171964750456e-05
8.533818893754466e-08,-6.158103820387086e-05
8.534025948484033e-08,-8.480528019126719e-05
8.534181220760263e-08,-8.717414896716533e-05
8.534325472659256e-08,-9.903145914073127e-05
8.534498185717295e-08,-8.841034052375996e-05
8.53468266040964e-08,-9.081178239628531e-05
8.534878704411197e-08,-7.739520773800896e-05
8.535133251274668e-08,-8.055812704009623e-05
8.535416898285563e-08,-6.829721723245357e-05
8.535766720921906e-08,-7.504752575850462e-05
8.536132345498105e-08,-7.210291610636513e-05
8.536442719899488e-08,-8.324835661547215e-05
8.536772991094134e-08,-7.595079978658475e-05
8.537214950519782e-08,-7.956192392958992e-05
8.537717037314455e-08,-6.716345269818538e-05
8.538240297195949e-08,-7.085024786034713e-05
8.538775063453603e-08,-6.147271824360378e-05
8.539383789986536e-08,-7.422090384258926e-05
8.540152744766545e-08,-0.0001532596705349581
8.540955976889348e-08,-0.0004756840941715715
8.541530473452693e-08,-0.0008578948597930017
8.542162180755482e-08,-0.001387846969806784
8.542699275028879e-08,-0.001745466585355221
8.543138276634304e-08,-0.001989861548267205
8.54387269747983e-08,-0.002198009195423341
8.544539942643905e-08,-0.002261558723282626
8.545273883313504e-08,-0.002068381821825911
8.545897976231569e-08,-0.001700153999004583
8.54648509441276e-08,-0.001269969212080271
8.546916104955448e-08,-0.001006704704020641
8.547401447573873e-08,-0.0007367812701861782
8.547871898499968e-08,-0.0005479415936512954
8.548371988685894e-08,-0.0003753564369963739
8.549104228695351e-08,-0.0002223212952064758
8.549552114347676e-08,-0.0001487061557275663
8.55e-08,-0.0001152338514426534
8.550737014945043e-08,-6.921598691532711e-05
8.55143011988944e-08,-4.100522477376478e-05
8.552156317544176e-08,-2.335521926059624e-05
8.553608712853647e-08,-9.754853875675524e-06
8.555158805997849e-08,-3.013574767712585e-06
8.556847027266235e-08,-3.023770170213536e-06
8.559588451031826e-08,-3.828215177059677e-07
8.562760129777695e-08,-2.049671250860235e-06
8.567274672455207e-08,-3.020073974215256e-07
8.57324856543469e-08,-2.009348247509856e-06
8.581231330060381e-08,-2.788763164321097e-07
8.592080920568557e-08,-1.984360185032501e-06
8.606621349285818e-08,-2.61782758315244e-07
8.626225689468374e-08,-1.968778908799421e-06
8.652660376400967e-08,-2.509436667912862e-07
8.688248031490822e-08,-1.959512404107918e-06
8.736221004829286e-08,-2.445504769838393e-07
8.800865107474151e-08,-1.954221861054829e-06
8.88797145789912e-08,-2.409195001384644e-07
9e-08,-1.951306063600202e-06
9.003125e-08,-5.958285752870548e-07
9.008344693933982e-08,-5.513992816899036e-07
9.010954540900973e-08,-5.706841383214162e-07
9.016174234834955e-08,-6.886567322016531e-07
9.02053992855178e-08,-1.410316766882515e-06
9.022206035250433e-08,-1.89319150893825e-06
9.023620510915871e-08,-2.245437042571124e-06
9.025442217563439e-08,-2.369190582156095e-06
9.026880530240142e-08,-2.410342556744673e-06
9.029500983929508e-08,-2.486769235555785e-06
9.030042394542724e-08,-2.402876793225867e-06
9.031125215769155e-08,-1.934692146068588e-06
9.031944311677188e-08,-1.333925062471203e-06
9.032680171090393e-08,-1.0904060594513e-06
9.033048100796996e-08,-1.079469585985639e-06
9.033676403244795e-08,-9.901484356378574e-07
9.034523188102099e-08,-9.566680813798676e-07
9.036216757816706e-08,-8.116462395408488e-07
9.039603897245919e-08,-7.223144516163693e-07
9.04480194862296e-08,-7.061767029850823e-07
9.05e-08,-8.591377198453293e-07
9.051262312598536e-08,-1.048152905610364e-06
9.053484141067337e-08,-1.099806560879697e-06
9.055498053062142e-08,-1.109803153742808e-06
9.059525877051753e-08,-1.108647388091579e-06
9.062821134453511e-08,-1.111803068805555e-06
9.069411649257025e-08,-1.108592620258904e-06
9.082592678864055e-08,-1.111616131068454e-06
9.108954738078115e-08,-1.108271145622111e-06
9.161678856506234e-08,-1.111168767315257e-06
9.267127093362472e-08,-1.108205144127204e-06
9.296236206692164e-08,-1.106513724330369e-06
9.310790763357009e-08,-1.08780143696072e-06
9.323385492608354e-08,-1.054999997681653e-06
9.339913717181039e-08,-9.512792311581689e-07
9.352855438630817e-08,-8.636309791139193e-07
9.368381580426495e-08,-1.0266340701635e-06
9.372695962739946e-08,-1.762883964752075e-06
9.374753143376707e-08,-2.013605236286183e-06
9.375661640419279e-08,-2.125507656645401e-06
9.377478634504421e-08,-2.19679597321774e-06
9.379564370866236e-08,-2.435313836012177e-06
9.380980777978104e-08,-3.161981629213722e-06
9.381516341649706e-08,-4.314558892715453e-06
9.381964844881799e-08,-5.224493679958721e-06
9.382525108902968e-08,-6.630115408732969e-06
9.383000318555966e-08,-7.309468175878041e-06
9.383470556857782e-08,-7.92625025198981e-06
9.384018896096872e-08,-7.850677118134379e-06
9.384534708941761e-08,-7.135009839705766e-06
9.38494826748357e-08,-4.943834160421452e-06
9.385270616903824e-08,-4.34220324296333e-06
9.385429686892764e-08,-3.817619395081214e-06
9.385747826870644e-08,-3.995910697533565e-06
9.386084849086608e-08,-3.511528235986387e-06
9.386705152293874e-08,-3.677069925169451e-06
9.387529791422061e-08,-2.822141983976798e-06
9.388843358797747e-08,-1.930629826233988e-06
9.389989244917908e-08,-9.586735941202742e-07
9.391058719819868e-08,-1.254298334024274e-06
9.392187633605309e-08,-8.772222082289432e-07
9.393535081793015e-08,-1.203406269045176e-06
9.396229978168427e-08,-8.808941730590288e-07
9.400020878731459e-08,-1.206865231376381e-06
9.404514451648616e-08,-8.949391990247703e-07
9.410064765044064e-08,-1.223780843548306e-06
9.418598852407476e-08,-9.189675010492559e-07
9.435667027134299e-08,-1.255039274519699e-06
9.438921597200833e-08,-9.336833909774873e-07
9.4454307373339e-08,-1.255242814593661e-06
9.456494876570381e-08,-9.333232626140844e-07
9.478623155043341e-08,-1.255189107463355e-06
9.5e-08,-9.331964891350168e-07
9.502606210524724e-08,2.08377704597555e-06
9.507495753214506e-08,2.212889468228712e-06
9.512416813729587e-08,2.068545783799118e-06
9.514786442934506e-08,1.935679722776443e-06
9.519525701344344e-08,-1.289859429343762e-06
9.520897401013941e-08,-4.309708047608404e-06
9.523640800353135e-08,-1.442926500095469e-05
9.525012500022727e-08,-2.103713749684614e-05
9.525262500022727e-08,-3.082443889865832e-05
9.525540619828265e-08,-4.600498254872758e-05
9.525670620890224e-08,-0.0001118118600019348
9.525822608248964e-08,-0.0001196694622070392
9.525930404275552e-08,-0.0001836424655703728
9.526012500022727e-08,-0.0001765002073535095
9.526040588440302e-08,-0.0001500621248472533
9.526084151393715e-08,-0.0001432850095724587
9.526122928967593e-08,-0.0001383889687139201
9.526195547505952e-08,-0.0001331561258947581
9.526288359202585e-08,-0.0001308257593824458
9.526383305980625e-08,-0.0001282356463830421
9.526486364034701e-08,-0.0001255029661031346
9.52659232260665e-08,-0.0001203590796765066
9.526715623169539e-08,-0.0001112956972377922
9.52682315488227e-08,-9.553289647168438e-05
9.526913416716841e-08,-8.754460815429392e-05
9.526983069641144e-08,-7.917778598815747e-05
9.527059372501392e-08,-6.376604903739155e-05
9.527128155423837e-08,-4.5280886284992e-05
9.527216305429141e-08,-1.311117843864984e-05
9.527334884205116e-08,3.032123041184161e-05
9.527436897383145e-08,6.489914802144692e-05
9.527549590916413e-08,9.765398853299745e-05
9.527672406533756e-08,0.0001320033885402996
9.527824849795599e-08,0.0001711492251318434
9.528023259941005e-08,0.0002240644831333274
9.528270772572821e-08,0.0002891365638786989
9.528524771322793e-08,0.0003601545426816669
9.528757474190449e-08,0.0004257662972159494
9.529005458097427e-08,0.0004979472195971778
9.529317806990463e-08,0.0005803793911126578
9.529642397150218e-08,0.0006592351055699059
9.529968752875912e-08,0.0007257762889164201
9.530329503802447e-08,0.0007894728541673168
9.53077683706764e-08,0.000842195845773115
9.531026553182938e-08,0.0008578536445909719
9.5312291585176e-08,0.0008588404699909589
9.531443046784184e-08,0.0008559074045064851
9.531613015320495e-08,0.0008440430014725192
9.531711942059e-08,0.0008328107007077216
9.531847401378806e-08,0.0008110129277158601
9.531958831432563e-08,0.0007971869678457572
9.532118320009143e-08,0.0007861762021994721
9.532245338851412e-08,0.0007823288942104519
9.532392958713776e-08,0.0007761524717344197
9.532561985599765e-08,0.0007614244997606757
9.532710446783183e-08,0.0007426468821337412
9.532869778934382e-08,0.0007153959386045698
9.533085151722853e-08,0.0006706842322895933
9.533395980081758e-08,0.0006025380166738454
9.533651853465429e-08,0.0005560790436905048
9.533918730772231e-08,0.000513803294237136
9.53425190870698e-08,0.0004629168835029373
9.534576442489673e-08,0.0004096456747225323
9.534917086929264e-08,0.0003492605062868954
9.535304796411035e-08,0.0002782659492133264
9.535810873814175e-08,0.0001883121196125676
9.536511688677837e-08,7.763635557964669e-05
9.537541649808733e-08,-5.424495115517642e-05
9.538529628248312e-08,-0.0001775922931536451
9.539543789076092e-08,-0.0003247697563550553
9.540507018265931e-08,-0.0004827047704109706
9.541240907741662e-08,-0.0006001866481372048
9.541816657987884e-08,-0.0007096819808145043
9.542455348494867e-08,-0.0008243565529052272
9.543115501649943e-08,-0.0009391122158634663
9.543694443187556e-08,-0.001021392699163286
9.544397585019167e-08,-0.001107398756457635
9.545094410687933e-08,-0.001156298122182623
9.545799487305611e-08,-0.001162457088759004
9.54655362796465e-08,-0.001112249852307924
9.547089190977676e-08,-0.001059336630308658
9.547581186239953e-08,-0.0009953352536568498
9.548100271261864e-08,-0.0009262285044836218
9.548756671501292e-08,-0.0008295710673015154
9.54937015423243e-08,-0.0007436608668273613
9.55e-08,-0.000655218149040938
9.550768135745315e-08,-0.0005671259290611994
9.551553250539714e-08,-0.0004766202880596649
9.552360089176895e-08,-0.0003960054294071167
9.553959428358322e-08,-0.0002675674629291008
9.555909752150516e-08,-0.0001617268257239884
9.558823403275714e-08,-7.195348307561512e-05
9.561973570478304e-08,-2.98473120722334e-05
9.56584598510926e-08,-9.6678775814944e-06
9.570383629241798e-08,-3.38308312040065e-06
9.576381361789144e-08,-1.126383909682855e-06
9.585192525210151e-08,-1.330128966116369e-06
9.599219387009066e-08,-9.238935414557632e-07
9.625504315494528e-08,-1.328457533079047e-06
9.668521457275496e-08,-9.060157087963033e-07
9.727463908629477e-08,-1.319526220504365e-06
9.80957120106455e-08,-8.988359543802803e-07
9.904785600532275e-08,-1.315865430848364e-06
1e-07,-8.960772410225007e-07
1.0003125e-07,-1.252610821976471e-06
1.000834469393398e-07,-1.276951242332475e-06
1.001878408180195e-07,-1.498417018556552e-06
1.00226860715767e-07,-2.792726217512998e-06
1.002424902068192e-07,-3.537751499711245e-06
1.002563921307005e-07,-4.220728077970618e-06
1.002698582933574e-07,-4.79033098507583e-06
1.002740798315574e-07,-5.125756240815495e-06
1.002825229079575e-07,-6.022458053828513e-06
1.002887482830791e-07,-7.290421559661021e-06
1.002942960750865e-07,-1.009148121161662e-05
1.002969020361681e-07,-1.616279104211352e-05
1.002988998194686e-07,-2.042734675596451e-05
1.003012341657877e-07,-2.867028500331802e-05
1.003033701612611e-07,-3.297865803579667e-05
1.003062905233225e-07,-4.614735919130438e-05
1.00307367237185e-07,-5.159374537986051e-05
1.003082285401853e-07,-5.293294545550588e-05
1.003090854977658e-07,-5.325194883054348e-05
1.00310337088489e-07,-4.957854933229275e-05
1.003113793634945e-07,-4.400617846673691e-05
1.003122845900887e-07,-3.673005375381599e-05
1.003130273983806e-07,-2.992161905484172e-05
1.00313878408042e-07,-2.127124868786549e-05
1.00315070282849e-07,-1.462572095745886e-05
1.0031593137215e-07,-1.093397695705656e-05
1.003168396621584e-07,-9.385500197152904e-06
1.003179392470547e-07,-6.884351658340178e-06
1.003201384168472e-07,-5.688634363828439e-06
1.003227682742958e-07,-4.106800908084283e-06
1.003261897550198e-07,-4.567793942298811e-06
1.003306911262206e-07,-3.871101605146892e-06
1.003381757978172e-07,-5.091228522099873e-06
1.003477227145217e-07,-5.09904363713808e-06
1.003618482937482e-07,-7.277580270598256e-06
1.003848355849713e-07,-9.18446315372493e-06
1.004277762938916e-07,-1.541182270518118e-05
1.004638881469458e-07,-1.717812081337138e-05
1.004819440734729e-07,-1.726550977313059e-05
1.005e-07,-1.424007680625339e-05
1.005093215195153e-07,-1.266758845149667e-05
1.005215114433752e-07,-1.059364626698518e-05
1.005331523926084e-07,-8.776827776407643e-06
1.005564342910748e-07,-5.80489340869288e-06
1.005833337738088e-07,-3.610220888684415e-06
1.006192927516622e-07,-2.112842558639855e-06
1.006640905455174e-07,-1.440394652987619e-06
1.007335260535016e-07,-1.154024625781672e-06
1.008461899671877e-07,-1.116236257059637e-06
1.009785127537781e-07,-1.098007582115493e-06
1.010927390045644e-07,-1.112203847137998e-06
1.012351323830837e-07,-1.097611400878642e-06
1.015192226194623e-07,-1.112002406206178e-06
1.020874030922193e-07,-1.097314036248554e-06
1.032237640377335e-07,-1.111412220641374e-06
1.05e-07,-1.096589057074603e-06
1.050683694142774e-07,-2.153963317700121e-06
1.051613737408064e-07,-2.417086831177756e-06
1.052071800371392e-07,-5.82055771698587e-06
1.052267500800867e-07,-6.131467164270505e-06
1.052404448422777e-07,-1.876092995403426e-06
1.052580321293304e-07,8.746715452864564e-06
1.052722535065589e-07,9.02136157391669e-06
1.052779581342757e-07,4.912032142896764e-06
1.052829893523509e-07,-3.483475848944832e-06
1.052873967830324e-07,-9.913611400181466e-06
1.052922627603719e-07,-1.149025327447522e-05
1.052965820652144e-07,-1.381296976909407e-05
1.052994514418222e-07,-1.762856144439778e-05
1.053025395421581e-07,-2.145617524954839e-05
1.053058229185167e-07,-2.58581301177568e-05
1.053094183272112e-07,-3.139324600809343e-05
1.053132867417382e-07,-4.406420696103862e-05
1.053152814777631e-07,-5.110565338893069e-05
1.053174797585215e-07,-5.782441219744094e-05
1.053194406449469e-07,-6.133875206471771e-05
1.053220518143633e-07,-6.717040677389634e-05
1.053239733762731e-07,-6.798326647805631e-05
1.053258394657595e-07,-6.22839623972861e-05
1.053274358003352e-07,-5.963377954675654e-05
1.05329968165634e-07,-5.450520215244452e-05
1.053319610965471e-07,-5.919098473706634e-05
1.05334104653123e-07,-6.392928996726105e-05
1.053363889658125e-07,-7.613890698968028e-05
1.053382238777116e-07,-8.14757092549749e-05
1.053402723156945e-07,-0.000109056501662516
1.05341810045061e-07,-0.0001162488299206396
1.053431923174854e-07,-0.0001285237189264383
1.053448579837699e-07,-0.0001189226001441303
1.053466771222481e-07,-0.0001185159572418775
1.053485288577092e-07,-0.0001047109823803121
1.053509606689127e-07,-0.000105103512548008
1.053537572693575e-07,-9.247179437746338e-05
1.053571342248006e-07,-9.654522508856417e-05
1.053607147273431e-07,-9.546252338828741e-05
1.053638316202917e-07,-0.0001071919983284214
1.053672055050695e-07,-0.0001022032842804773
1.053710796087807e-07,-0.0001043194224307362
1.053760600223725e-07,-9.176084293339989e-05
1.053812928764814e-07,-9.202396433589983e-05
1.053866635241506e-07,-8.310785936679755e-05
1.053924520146026e-07,-9.18017600675663e-05
1.053996740144003e-07,-0.0001560667298747393
1.054052790603726e-07,-0.00035517319740359
1.054111144000312e-07,-0.0006990139440841832
1.054169058626946e-07,-0.001198886027031789
1.054224386101669e-07,-0.001649670520603601
1.054265099317799e-07,-0.001935178671660143
1.054321194811192e-07,-0.002185898856820004
1.054372597633017e-07,-0.002329881450082063
1.054435348818318e-07,-0.002337950818392244
1.054495080075742e-07,-0.00213278258400338
1.05454295408889e-07,-0.001882502112326139
1.054592756629037e-07,-0.001617030351939779
1.054637542991732e-07,-0.001379721893250538
1.054686726513747e-07,-0.001089654404292497
1.054733853537885e-07,-0.000844611858954033
1.054777556502672e-07,-0.0006342475482928666
1.054831754499147e-07,-0.0004427064615145408
1.054881690797134e-07,-0.0003004679928864281
1.054936445258178e-07,-0.0002043855169956876
1.055e-07,-0.0001196930013380084
1.055059009281715e-07,-8.413699703213521e-05
1.055131059326137e-07,-4.782543651928138e-05
1.055200022609884e-07,-2.927673730912095e-05
1.055320299299913e-07,-1.308452473178887e-05
1.055441163894696e-07,-6.331322861876052e-06
1.055621151393898e-07,-3.001991396879452e-06
1.055876024176815e-07,-1.187053852421802e-06
1.056214352216715e-07,-1.464305133917761e-06
1.056698024000747e-07,-9.174961628200732e-07
1.05752437990304e-07,-1.433468262824708e-06
1.058705266692756e-07,-8.738813635967269e-07
1.060360750052674e-07,-1.4022073523087e-06
1.062672352487692e-07,-8.500455677057822e-07
1.066010889927807e-07,-1.385158855550429e-06
1.070854057677842e-07,-8.372401127629911e-07
1.077833852398674e-07,-1.376144833332549e-06
1.087877777969571e-07,-8.30778377952152e-07
1.1e-07,-1.371955428128814e-06
1.1003125e-07,-6.032450531853376e-07
1.100834469393398e-07,-5.613901240479892e-07
1.101095454090097e-07,-5.785735439681393e-07
1.101617423483495e-07,-6.864446536317647e-07
1.102055221281647e-07,-1.394858398409088e-06
1.10222214272531e-07,-1.875785780956973e-06
1.102363270180426e-07,-2.222442071118809e-06
1.102544997601195e-07,-2.341989522417193e-06
1.102688905929516e-07,-2.381194036349277e-06
1.102954482123158e-07,-2.448411648194436e-06
1.103008421750963e-07,-2.355193412954988e-06
1.103116301006575e-07,-1.873301846338534e-06
1.103197468158538e-07,-1.279299976936835e-06
1.103271785572323e-07,-1.044226318581145e-06
1.103308944279216e-07,-1.027957138900328e-06
1.10337216742106e-07,-9.583573718006865e-07
1.103455041003669e-07,-9.040129278365476e-07
1.103620788168886e-07,-7.94750492428964e-07
1.103929505738734e-07,-7.086546541627075e-07
1.104546940878429e-07,-7.299628741992593e-07
1.105e-07,-8.534943896507946e-07
1.105127580091113e-07,-1.052958910835472e-06
1.105343955749015e-07,-1.103527439630939e-06
1.105532842988303e-07,-1.11378585054487e-06
1.10591061746688e-07,-1.113171115844859e-06
1.106231175582144e-07,-1.116305244280593e-06
1.106872291812672e-07,-1.113174390361877e-06
1.108154524273729e-07,-1.116039532343105e-06
1.110718989195842e-07,-1.112852946253724e-06
1.115847919040067e-07,-1.115510637441326e-06
1.126105778728518e-07,-1.112651612828414e-06
1.129092556387453e-07,-1.110271576228819e-06
1.130585945216921e-07,-1.090166760744801e-06
1.131817974290169e-07,-1.055965254245834e-06
1.133456314031572e-07,-9.506904995320068e-07
1.134744039185358e-07,-8.64880842515259e-07
1.136334136585113e-07,-1.188399133387668e-06
1.136745154029496e-07,-1.909615087357887e-06
1.136924942290629e-07,-2.08047286729932e-06
1.13713564584345e-07,-2.229133840786402e-06
1.137344433714363e-07,-2.408803191915975e-06
1.137558850419009e-07,-4.580778782640363e-06
1.137620741073316e-07,-6.064636144799155e-06
1.137676452315278e-07,-7.077462168401835e-06
1.137729790454277e-07,-7.82260221013897e-06
1.137789237631368e-07,-7.848422560163506e-06
1.13784086566272e-07,-7.142557782966869e-06
1.137883309314105e-07,-4.950883204097631e-06
1.137915588698053e-07,-4.350449526531147e-06
1.137931696436147e-07,-3.814492507238595e-06
1.137963911912336e-07,-3.989819837211182e-06
1.137997791016947e-07,-3.529640338018878e-06
1.138055963342887e-07,-3.674848061293207e-06
1.13814679681393e-07,-2.81079576606715e-06
1.138273991173323e-07,-1.91146893939477e-06
1.138390505495038e-07,-9.762734146610554e-07
1.138496545650924e-07,-1.238432686304116e-06
1.138609275464286e-07,-9.01214886872847e-07
1.138744275544593e-07,-1.18798527704933e-06
1.139014275705208e-07,-9.049607809997943e-07
1.139393966664811e-07,-1.191498565945844e-06
1.139842581783861e-07,-9.190857799002658e-07
1.140396317034825e-07,-1.208346720104844e-06
1.141246913441243e-07,-9.430985492141615e-07
1.142948106254078e-07,-1.239535930747804e-06
1.143273330764836e-07,-9.578374963255436e-07
1.143923779786352e-07,-1.239709217102612e-06
1.145029058922646e-07,-9.574990797092049e-07
1.147239617195234e-07,-1.239630964581911e-06
1.15e-07,-9.573453993323117e-07
1.150314005144807e-07,2.356812408750418e-06
1.150867635322901e-07,2.507816398348514e-06
1.151444496464702e-07,2.199627608876389e-06
1.151708684849095e-07,1.463407375136299e-06
1.151840779041291e-07,3.614614836089662e-07
1.152104967425684e-07,-5.12812615399505e-06
1.152303108713978e-07,-1.273251615395881e-05
1.152501250002273e-07,-2.27183343644722e-05
1.152526250002273e-07,3.293784589838258e-05
1.152554061982827e-07,-3.355224612630362e-05
1.152568439741243e-07,-6.933721486091878e-07
1.15258614809427e-07,-6.508417504702905e-05
1.152593699048271e-07,-2.509722002805525e-05
1.152601250002273e-07,-8.307787666408711e-05
1.152604404570597e-07,-7.416202465485384e-05
1.152608471626899e-07,-7.392958679256949e-05
1.152612261517163e-07,-7.315086492884633e-05
1.152619338140544e-07,-7.219024813659729e-05
1.15263029331729e-07,-6.709132656159927e-05
1.152641905019953e-07,-5.981811680838909e-05
1.152653856686434e-07,-5.125876511639733e-05
1.152665818015985e-07,-4.539695135361307e-05
1.152678359063976e-07,-3.549092748957843e-05
1.152687772357364e-07,-2.367720687212189e-05
1.152697478572333e-07,-1.431523378870961e-05
1.152706913445968e-07,-4.957438915495414e-06
1.152713942456157e-07,2.112723234263676e-06
1.152722504484278e-07,1.500023126802336e-05
1.152736530075161e-07,3.987081408460384e-05
1.152746607947203e-07,6.116632570724597e-05
1.152758418515936e-07,8.643518047882825e-05
1.152772671861149e-07,0.0001199543162932952
1.152794471381291e-07,0.000173120895608379
1.152818152193435e-07,0.0002359859618362409
1.152842484354965e-07,0.0003026068745827632
1.152868373265115e-07,0.0003780264551667073
1.152892902178757e-07,0.0004488938365845825
1.152921408453741e-07,0.0005276528728423038
1.152952424552788e-07,0.0006037801404082347
1.152984323973874e-07,0.000673151090049481
1.153018801971838e-07,0.0007356319671060197
1.153059717603424e-07,0.0007927709450032343
1.153089579368659e-07,0.0008169756156077237
1.153110537054971e-07,0.000822766850269775
1.153135175777698e-07,0.0008185276252559525
1.153153660978285e-07,0.0008089874077076085
1.153172396774429e-07,0.0007793340290471198
1.153188621155571e-07,0.0007440629350349495
1.153200982805003e-07,0.0007227479538112764
1.153217136450549e-07,0.0007109159205553158
1.153229854739802e-07,0.0007040451545067462
1.153245873979868e-07,0.0006938607381594927
1.153261991879246e-07,0.0006761950732598782
1.153276830398791e-07,0.0006673564114220449
1.153289523797222e-07,0.000648648473169703
1.153304356213782e-07,0.0006277504231797334
1.1533196523439e-07,0.000589294749571007
1.153333641164603e-07,0.0005625667757549966
1.153350046089673e-07,0.0005255272043098602
1.153373978425709e-07,0.0004901691847953517
1.153405089291397e-07,0.0004402404688636645
1.153437011165302e-07,0.0004001520029379233
1.153470071350765e-07,0.0003468628708937655
1.153504744646079e-07,0.0002994560464897884
1.153547483576606e-07,0.0002350665750917796
1.1536042824692e-07,0.0001711517399465317
1.153678091685863e-07,9.58791568918228e-05
1.153757149074256e-07,2.974895371456127e-05
1.153849600325508e-07,-9.173928901695923e-05
1.153945232371665e-07,-0.0002276294711106302
1.154018277049499e-07,-0.0003678971155332585
1.154087370376077e-07,-0.0005417107555594821
1.154157928108894e-07,-0.00072710065884188
1.154216777015687e-07,-0.0008662312330832979
1.154296159577749e-07,-0.001033222924561225
1.154369801390303e-07,-0.00115159641319571
1.154464564131525e-07,-0.001238599940096858
1.154532047415425e-07,-0.00124279628079085
1.154600716285343e-07,-0.00122067870816412
1.154663529519314e-07,-0.00116656649831122
1.154715089302311e-07,-0.001109606699636808
1.154765888936733e-07,-0.001038924539936128
1.15481602614412e-07,-0.0009685149333396292
1.154883363435448e-07,-0.0008640622881940726
1.15493990037152e-07,-0.0007820719002293648
1.155e-07,-0.0006925331315610024
1.155076282803624e-07,-0.0006007954231401942
1.155153073157092e-07,-0.0005071519397726426
1.155232461848453e-07,-0.0004229154422301808
1.155391239231174e-07,-0.0002867284877190398
1.155585251101677e-07,-0.0001737938030903228
1.15587609183171e-07,-7.730601839308566e-05
1.156190304079243e-07,-3.208403523599377e-05
1.156576472783929e-07,-1.034802249571518e-05
1.15701702638258e-07,-3.725878213020492e-06
1.157615338845817e-07,-1.147556854722518e-06
1.158446460893446e-07,-1.395969721447633e-06
1.159890350065446e-07,-8.867051457798443e-07
1.162389832643988e-07,-1.392322992361586e-06
1.166677099040042e-07,-8.58902026499748e-07
1.172456065009717e-07,-1.37825777628396e-06
1.180586005365211e-07,-8.476924844769409e-07
1.192177189175525e-07,-1.372041607491144e-06
1.2e-07,-8.433855487220859e-07
1.2003125e-07,-1.254529102901748e-06
1.200834469393398e-07,-1.278805544276635e-06
1.201842940745278e-07,-1.456577241817643e-06
1.202237573152118e-07,-2.638199408419462e-06
1.202391295410894e-07,-3.38365824548092e-06
1.202521763327934e-07,-4.024613509999884e-06
1.202653161794069e-07,-4.591548700715765e-06
1.202712812240848e-07,-4.909469015643091e-06
1.202776052294537e-07,-5.407460658869838e-06
1.202830111504091e-07,-6.168773581387275e-06
1.202887310395866e-07,-7.236643630049066e-06
1.202939135630936e-07,-9.672101242589134e-06
1.202963815280976e-07,-1.467490657832554e-05
1.202983165217889e-07,-1.880059020650855e-05
1.203007477733546e-07,-2.690235829307317e-05
1.203027861578609e-07,-3.18186468076733e-05
1.203057092127885e-07,-4.188622019743374e-05
1.2030686124033e-07,-5.003017059235164e-05
1.203076518570886e-07,-5.118879801569499e-05
1.203085620407465e-07,-5.448600139517035e-05
1.203095011885511e-07,-5.158460921924181e-05
1.20310666016783e-07,-4.95193601754772e-05
1.203116716465702e-07,-4.112800824029354e-05
1.203125078942013e-07,-3.655979324494284e-05
1.203132578322195e-07,-2.680305649931909e-05
1.203141325837927e-07,-2.113327440343209e-05
1.203148317056422e-07,-1.486504923008769e-05
1.203156802130225e-07,-1.329057770626315e-05
1.203165258264387e-07,-8.815667514321345e-06
1.203176779273841e-07,-8.716466032793273e-06
1.203192013225109e-07,-4.959706035189439e-06
1.203217238266519e-07,-5.771433833336957e-06
1.203247262664231e-07,-3.206795927422635e-06
1.203288288379024e-07,-5.251458731735049e-06
1.203346778629646e-07,-3.411176480177737e-06
1.203434053985368e-07,-6.173133791835825e-06
1.20355084522153e-07,-5.13044858049604e-06
1.203739036918682e-07,-9.303121867978861e-06
1.20410197195399e-07,-1.178181773815624e-05
1.204550985976995e-07,-1.83786055108811e-05
1.204775492988497e-07,-1.619098877424998e-05
1.205e-07,-1.57871789317853e-05
1.205097673181039e-07,-1.266703361020826e-05
1.205234558731106e-07,-1.032889423100217e-05
1.205363701352487e-07,-8.344274306397405e-06
1.205621986595247e-07,-5.243612664857054e-06
1.205897803054646e-07,-3.255947797078032e-06
1.206277854111563e-07,-1.916860501521223e-06
1.206753038703027e-07,-1.363158275940216e-06
1.207531206825297e-07,-1.131367187707524e-06
1.208790586204659e-07,-1.117003618782871e-06
1.209979709957456e-07,-1.097821742600588e-06
1.211163812248832e-07,-1.114773232678966e-06
1.212681472767132e-07,-1.097783361497122e-06
1.215716793803731e-07,-1.114392669750996e-06
1.221787435876929e-07,-1.097262944777286e-06
1.233928720023326e-07,-1.11347258645877e-06
1.25e-07,-1.096212156521726e-06
1.250652580120627e-07,-2.133832548401304e-06
1.251554188223161e-07,-2.256237991124056e-06
1.251983751998636e-07,-4.364417909493698e-06
1.252198533886373e-07,-5.498694421418487e-06
1.252338444746708e-07,-3.495528921128646e-06
1.252479897117039e-07,4.746988250043205e-06
1.252621224972082e-07,1.144635757325762e-05
1.25278649655833e-07,8.594003190337593e-06
1.252832471514776e-07,-3.699960450806436e-06
1.252875463620927e-07,-5.369312908264496e-06
1.252927909316953e-07,-1.153010715097309e-05
1.252971701121171e-07,-1.111124017541673e-05
1.253002593469967e-07,-2.29139025443657e-05
1.253033594650909e-07,-2.455568885076303e-05
1.253068979725424e-07,-3.609038617034505e-05
1.25310364241905e-07,-4.006041127222027e-05
1.25312859828973e-07,-5.884184278186708e-05
1.253146057633917e-07,-6.350757090362861e-05
1.253166161756417e-07,-7.884266062281433e-05
1.253184350241031e-07,-7.822314642236485e-05
1.253208829148815e-07,-8.774133467104808e-05
1.253229419416739e-07,-8.89205437825416e-05
1.253248537795979e-07,-8.122059209084979e-05
1.253265379971198e-07,-6.83674248334936e-05
1.253282699873758e-07,-5.81239722348974e-05
1.253301514548823e-07,-4.98384377698619e-05
1.253322413932034e-07,-4.976374083362423e-05
1.253343232945594e-07,-5.176060798315324e-05
1.253365471691155e-07,-5.953271815483186e-05
1.253383726387121e-07,-6.37338489219723e-05
1.2533981031266e-07,-7.994661862765724e-05
1.253413448564689e-07,-8.609623053002173e-05
1.253427007682746e-07,-9.687746717874606e-05
1.253443497008213e-07,-9.140775689530246e-05
1.253465717221902e-07,-9.017144555907053e-05
1.25348421764523e-07,-7.971916936020145e-05
1.253508211276323e-07,-8.011084204179801e-05
1.25353585664195e-07,-7.036236095851342e-05
1.253569427488552e-07,-7.350453397394966e-05
1.253605004196516e-07,-7.196449859203827e-05
1.253637014628871e-07,-8.149723676701555e-05
1.253671053340913e-07,-7.731506917563462e-05
1.253710242581859e-07,-7.962075882108937e-05
1.253762277928701e-07,-6.90765549140214e-05
1.253814747958699e-07,-7.038010453400358e-05
1.253868102753119e-07,-6.259857153171822e-05
1.253926802534363e-07,-7.063427785963222e-05
1.253999480171528e-07,-0.0001220092561924946
1.254080890232496e-07,-0.0003917977870959931
1.254142910782743e-07,-0.0007564374541135195
1.254203578712266e-07,-0.00123753171532575
1.254248082754461e-07,-0.001528896008475483
1.254291104428763e-07,-0.001786812514893298
1.254354450255751e-07,-0.002004403067391178
1.254405876497203e-07,-0.002117143662902912
1.254466030679297e-07,-0.00208709615840504
1.254525618679854e-07,-0.001924158691146631
1.254576318187022e-07,-0.001688452290540796
1.254620200796279e-07,-0.00147646696428814
1.254677376098306e-07,-0.001139335812866772
1.254729183992392e-07,-0.0008700049527196339
1.254771177618248e-07,-0.0006558563969476014
1.254840479730004e-07,-0.0004137327617562738
1.254892442549983e-07,-0.0002668574600192733
1.254948856463932e-07,-0.0001851883587138373
1.255e-07,-0.0001106747387176058
1.255041798287011e-07,-8.806404711779381e-05
1.255103847976353e-07,-5.380087548733202e-05
1.255162655625445e-07,-3.456278772852483e-05
1.255266571579165e-07,-1.663284598904299e-05
1.255383667670634e-07,-7.847571111811713e-06
1.255535809719919e-07,-3.826356180737932e-06
1.255755280541504e-07,-1.591437917341189e-06
1.256049492947591e-07,-1.321463167098329e-06
1.256456935566539e-07,-1.093618302240596e-06
1.257090882620437e-07,-1.239278541113552e-06
1.258120824882572e-07,-1.069107414723914e-06
1.259538387248981e-07,-1.205478148700813e-06
1.261527008330963e-07,-1.049421374631364e-06
1.264341971974356e-07,-1.188412836243464e-06
1.268436350390142e-07,-1.038513673331321e-06
1.274356169997525e-07,-1.17950432294898e-06
1.282875904528315e-07,-1.032798472443887e-06
1.291437952264157e-07,-1.175494632084798e-06
1.3e-07,-1.030843819545792e-06
1.3003125e-07,-6.083612204734548e-07
1.300834469393398e-07,-5.679137765959657e-07
1.301095454090097e-07,-5.84103937694892e-07
1.301617423483495e-07,-6.797468053708919e-07
1.30205682007905e-07,-1.378312040593391e-06
1.302224645751173e-07,-1.856674605786873e-06
1.302365205270489e-07,-2.199140674868387e-06
1.302546398074804e-07,-2.310987125602278e-06
1.302690403407513e-07,-2.350902642735155e-06
1.302962284773637e-07,-2.402378160024074e-06
1.303015826707361e-07,-2.296860184561459e-06
1.303122910574809e-07,-1.788811996490829e-06
1.303202773982501e-07,-1.216116975953315e-06
1.303278760701897e-07,-9.917593670741495e-07
1.303309525199938e-07,-9.928167666052149e-07
1.30337105419602e-07,-9.095367802229206e-07
1.303458356565639e-07,-8.767882191794833e-07
1.303632961304877e-07,-7.514903348484186e-07
1.303982170783354e-07,-7.124581189052309e-07
1.304491085391677e-07,-7.157803516977408e-07
1.305e-07,-8.598999800633583e-07
1.305127054412927e-07,-1.052379081746314e-06
1.305346744667739e-07,-1.105420181756998e-06
1.305546113515245e-07,-1.116070647849438e-06
1.305944851210259e-07,-1.115038019722527e-06
1.306272697300789e-07,-1.118319535900318e-06
1.30692838948185e-07,-1.115013805109492e-06
1.308239773843972e-07,-1.118124671796821e-06
1.310862542568217e-07,-1.114731392264151e-06
1.316108080016705e-07,-1.117729858888953e-06
1.326599154913682e-07,-1.114113303063686e-06
1.329524260549472e-07,-1.102624866911781e-06
1.330972132155734e-07,-1.066111614486869e-06
1.332165959527156e-07,-1.006014828905765e-06
1.333571345734969e-07,-9.012052483096734e-07
1.334898344094469e-07,-8.401199110398978e-07
1.335561843274219e-07,-1.007075448010515e-06
1.335893592864094e-07,-1.457682930323019e-06
1.336059467659031e-07,-1.757373804939436e-06
1.336282443934966e-07,-2.084821678656826e-06
1.336517777323875e-07,-2.212840761061939e-06
1.33673345413369e-07,-2.436442013080438e-06
1.336872287674919e-07,-3.216924108008759e-06
1.336924512867407e-07,-4.322752816991645e-06
1.336969532380402e-07,-5.259810210748113e-06
1.337024989161156e-07,-6.61098386562027e-06
1.337072798476218e-07,-7.317955658359416e-06
1.337119848568005e-07,-7.896391970893894e-06
1.337174815264235e-07,-7.849513607683877e-06
1.337226560639712e-07,-7.101040312798943e-06
1.337268025588696e-07,-4.948605801303062e-06
1.337300377171915e-07,-4.319467119841476e-06
1.337316226454575e-07,-3.830277506226972e-06
1.337347925019893e-07,-3.978041387755748e-06
1.337381707510447e-07,-3.527511992752338e-06
1.337443974773674e-07,-3.661424981404355e-06
1.337526908033138e-07,-2.844969015413196e-06
1.337659256734399e-07,-1.921961689651639e-06
1.337774283737035e-07,-9.835231182348422e-07
1.337881190299188e-07,-1.245567563540501e-06
1.337994603972355e-07,-9.012395977811993e-07
1.338129625551748e-07,-1.1939896064846e-06
1.338399668710532e-07,-9.046032752062564e-07
1.338778452688338e-07,-1.197077161105916e-06
1.33922937988551e-07,-9.184411185167146e-07
1.339787373509873e-07,-1.213846584854666e-06
1.340648452464269e-07,-9.423427755988069e-07
1.342370610373062e-07,-1.245076775918594e-06
1.342698949540428e-07,-9.570712945529979e-07
1.343355627875159e-07,-1.245261709141878e-06
1.344467597458276e-07,-9.567009900994265e-07
1.34669153662451e-07,-1.245195331603325e-06
1.35e-07,-9.565475589834612e-07
1.350334775050323e-07,2.094020513289972e-06
1.350912556998225e-07,2.188343363352069e-06
1.351554599226688e-07,1.778235215611363e-06
1.351791261920585e-07,7.268876768707381e-07
1.351909593267532e-07,-5.591447357814566e-07
1.352146255961428e-07,-5.920992709200145e-06
1.352415847617468e-07,-1.705557176841538e-05
1.352501250002273e-07,-2.151659730584113e-05
1.352526250002273e-07,1.024600268997372e-06
1.352550601386776e-07,-3.450523138955723e-05
1.352567837726163e-07,-5.883479182201124e-05
1.352582520291839e-07,-9.237376791585764e-05
1.352591885147056e-07,-0.0001048892576623213
1.352601250002273e-07,-0.0001326037287762353
1.35260414986014e-07,-0.0001158070455870554
1.352608652912458e-07,-0.0001126673734167544
1.35261278956876e-07,-0.0001102225109996774
1.352620156582188e-07,-0.0001081835076743954
1.352629421642037e-07,-0.0001062029672430247
1.352638998809361e-07,-0.0001036631865376216
1.352649180154507e-07,-0.0001004439947068962
1.352660014590839e-07,-9.686753059908662e-05
1.352672328643553e-07,-9.151841654986784e-05
1.35268285485274e-07,-8.032659999578885e-05
1.352691885613418e-07,-7.394085991342397e-05
1.352698694044089e-07,-6.765526852796201e-05
1.352706177355702e-07,-5.885210951124199e-05
1.352713070689838e-07,-4.712821267853106e-05
1.352722074821084e-07,-2.677881744483296e-05
1.352734108061926e-07,3.589061908144906e-06
1.352744337851241e-07,2.866203149651591e-05
1.352755691439688e-07,5.560646744813901e-05
1.352768036760719e-07,8.469830112140509e-05
1.352783526472562e-07,0.0001219737557116751
1.352803749886332e-07,0.0001733988732531046
1.352828691035701e-07,0.0002401780078253769
1.352851729175689e-07,0.00030581109207747
1.352879634593521e-07,0.0003890741111580752
1.352904178490198e-07,0.0004623621077231193
1.352938199506119e-07,0.000555874315719636
1.352971821433278e-07,0.0006378460109301856
1.353005207683302e-07,0.0007073210096470956
1.353042296030844e-07,0.0007706192984072101
1.35308993204364e-07,0.000821749067673827
1.353113384034833e-07,0.0008306647029917203
1.353132199959937e-07,0.0008297435109707375
1.353151817809445e-07,0.0008230564529133998
1.353169317999996e-07,0.0008031282800579738
1.353185840321205e-07,0.0007746139539808448
1.353198024408216e-07,0.0007561686792200513
1.353213562958758e-07,0.0007448149920422044
1.353226341662968e-07,0.0007381166187106919
1.353241582864437e-07,0.0007289359641966672
1.353257913813503e-07,0.0007097070701290663
1.353272684294995e-07,0.0007008549636341246
1.353285637165455e-07,0.0006840976680130568
1.353299293262746e-07,0.0006692912320761651
1.353315268403465e-07,0.0006334280889207967
1.353329016245131e-07,0.000608509789891806
1.353344592257327e-07,0.000572317457332416
1.353365603268781e-07,0.0005387352824602967
1.353396716230405e-07,0.0004840483223898861
1.353426865798605e-07,0.0004423984092807068
1.353459878815955e-07,0.0003861717812463922
1.353493413756618e-07,0.0003354996496003499
1.353533719507108e-07,0.000265935224495519
1.353585418998057e-07,0.000193700383233141
1.353656740696245e-07,0.0001018760406111158
1.353740946073741e-07,2.432908417618825e-05
1.353830779858359e-07,-6.884484546817342e-05
1.353931646459423e-07,-0.0001837781932197032
1.354021004368223e-07,-0.0003113040405279835
1.354088804877063e-07,-0.0004352083257559101
1.354145496168165e-07,-0.0005610840538805762
1.354207430715672e-07,-0.000693566352783994
1.354278024750881e-07,-0.0008362890887519295
1.354350169982629e-07,-0.0009581880661795422
1.354432483874747e-07,-0.00107073749904112
1.354522564337428e-07,-0.001138765825568777
1.354592285160743e-07,-0.00113849714751768
1.354645601249919e-07,-0.001104511946695744
1.354700439110352e-07,-0.001053009686859398
1.354746529925525e-07,-0.0009963906588552104
1.354796540930574e-07,-0.0009308646580683642
1.35486510726861e-07,-0.0008325027377158768
1.354917521222158e-07,-0.0007586490667226387
1.354958760611079e-07,-0.0007002353849632929
1.355e-07,-0.000645555558059812
1.355052803058586e-07,-0.000582990065952543
1.355110210419848e-07,-0.0005144424689898509
1.355172793864522e-07,-0.0004471005737001415
1.355297147894863e-07,-0.0003328843130225629
1.35548332687034e-07,-0.0002082250174678484
1.355760026479321e-07,-9.801405287594257e-05
1.356060758270211e-07,-4.234445872903487e-05
1.356412856472555e-07,-1.538954405047187e-05
1.356830358179666e-07,-5.200158672635373e-06
1.35736236856832e-07,-1.620645935344148e-06
1.358117378989147e-07,-1.281915625913395e-06
1.359249996316603e-07,-1.003361175851844e-06
1.361416455913995e-07,-1.269392050524145e-06
1.365280469169947e-07,-9.809096789930948e-07
1.370531315433632e-07,-1.254201229213413e-06
1.377824491190943e-07,-9.710738758050916e-07
1.388142120689227e-07,-1.247836711673679e-06
1.4e-07,-9.668819028966765e-07
1.4003125e-07,-1.253158946982533e-06
1.400834469393398e-07,-1.27791590421078e-06
1.401878408180195e-07,-1.499304179632931e-06
1.402268607157671e-07,-2.79392731216861e-06
1.402424845454048e-07,-3.538134143932043e-06
1.402563891942594e-07,-4.220203227942421e-06
1.402698570329311e-07,-4.790504382002773e-06
1.402740796593094e-07,-5.126305833075092e-06
1.40282524912066e-07,-6.023728060956398e-06
1.402887479679091e-07,-7.291717780703052e-06
1.402942971332772e-07,-1.010146066279025e-05
1.40296900173738e-07,-1.617716226186093e-05
1.402988973152259e-07,-2.044411930593135e-05
1.403012296822894e-07,-2.868960826708477e-05
1.403033661158834e-07,-3.299962809552e-05
1.40306285511556e-07,-4.619480187485281e-05
1.403073614768967e-07,-5.161887545088405e-05
1.403082234555287e-07,-5.295644372190877e-05
1.403090804301574e-07,-5.32561557784999e-05
1.403103311564984e-07,-4.957093301430025e-05
1.403113726977607e-07,-4.39848246220693e-05
1.403122767184312e-07,-3.671296231263697e-05
1.403130192609768e-07,-2.989459370704241e-05
1.403138706811778e-07,-2.125152084198566e-05
1.403150676865613e-07,-1.458316439802753e-05
1.403159280772689e-07,-1.091424042138822e-05
1.403168375135961e-07,-9.362923280688258e-06
1.403179387771119e-07,-6.873746082859045e-06
1.403201413041435e-07,-5.677291323043621e-06
1.4032277413886e-07,-4.106790958814656e-06
1.403262020677425e-07,-4.562752094008516e-06
1.4033071430656e-07,-3.874534337134313e-06
1.403382263125017e-07,-5.090213319602351e-06
1.403477835077388e-07,-5.106417421178158e-06
1.40361944067805e-07,-7.282475976446241e-06
1.40384988486611e-07,-9.204603896951751e-06
1.404281029472298e-07,-1.544135208545231e-05
1.404640514736149e-07,-1.717408763584813e-05
1.404820257368074e-07,-1.724333672173984e-05
1.405e-07,-1.423027114234544e-05
1.405093162211816e-07,-1.265648283721974e-05
1.405214781410947e-07,-1.058875403434933e-05
1.405330954783329e-07,-8.776746152460832e-06
1.405563301528092e-07,-5.810755041277307e-06
1.405832299593715e-07,-3.614056763467592e-06
1.40619175006414e-07,-2.115491677997235e-06
1.406639567328857e-07,-1.44202529627598e-06
1.407333122125905e-07,-1.155281518709125e-06
1.408457893549177e-07,-1.117121687489467e-06
1.40978565117588e-07,-1.098849679955337e-06
1.410927542563256e-07,-1.112987183232191e-06
1.412350642550521e-07,-1.09842053130583e-06
1.415177836100843e-07,-1.112728578650775e-06
1.420832223201489e-07,-1.098023994179864e-06
1.432140997402781e-07,-1.111973241106857e-06
1.45e-07,-1.097083390211039e-06
1.45068542960547e-07,-2.131332851465007e-06
1.451617046062845e-07,-2.362390031009504e-06
1.45207670959705e-07,-5.353543288125495e-06
1.452270430665237e-07,-5.08068134592203e-06
1.45240712468896e-07,-3.011417917795031e-07
1.452581775816525e-07,1.068579476520105e-05
1.452724268994659e-07,1.121020265957544e-05
1.452781620791262e-07,6.988960192930252e-06
1.452831091375264e-07,-1.347304267457997e-06
1.45287503076512e-07,-7.608122096398696e-06
1.452923309855751e-07,-9.078136244564552e-06
1.452966555088661e-07,-1.251980194737126e-05
1.45299559273548e-07,-1.898446828099211e-05
1.453026390405752e-07,-2.554603237720504e-05
1.453059648063107e-07,-3.19849544164227e-05
1.45309527020828e-07,-3.961583939020581e-05
1.453134442846078e-07,-5.98739799042154e-05
1.453154769861378e-07,-7.022154135476359e-05
1.453176494021789e-07,-7.972570254351981e-05
1.453196749806247e-07,-8.222904757201714e-05
1.453222004981038e-07,-8.988356018237115e-05
1.453241077076358e-07,-8.524693743945243e-05
1.453259485837129e-07,-7.233315894884631e-05
1.453275464087426e-07,-6.231296239899731e-05
1.453299114125539e-07,-4.997176616457899e-05
1.45331916276773e-07,-4.973575256968542e-05
1.453340401198501e-07,-5.097368612690802e-05
1.453363469989396e-07,-5.916683606469593e-05
1.453381859174029e-07,-6.265123643476821e-05
1.453402308140923e-07,-8.308900829690852e-05
1.453417884170503e-07,-8.834252914047665e-05
1.453431840099827e-07,-9.762973433709036e-05
1.453448584141254e-07,-9.01661966925461e-05
1.453467001711387e-07,-8.988081329715598e-05
1.453485747328719e-07,-7.931053256801349e-05
1.453510407055735e-07,-7.970870213668522e-05
1.45353843535981e-07,-7.009229110291997e-05
1.453572473282097e-07,-7.346589142952244e-05
1.453608380038124e-07,-7.2674787237762e-05
1.453639426749344e-07,-8.151158027280017e-05
1.453672984865989e-07,-7.749334358528811e-05
1.453712507189516e-07,-7.909344203521405e-05
1.453761954493334e-07,-6.954595543683043e-05
1.453814262161863e-07,-6.993710202142632e-05
1.453867960848401e-07,-6.310703903359248e-05
1.45392622303301e-07,-7.00703267925015e-05
1.45399901211813e-07,-0.0001218764456299652
1.454060007994284e-07,-0.0002974596431039908
1.454122424232063e-07,-0.0006072909533004987
1.454182179807094e-07,-0.001040594100166764
1.454239961002229e-07,-0.001427481455591241
1.454284375418756e-07,-0.00168419489713797
1.454344307285672e-07,-0.001902747140123459
1.454398390580541e-07,-0.002025518234948409
1.454461868965218e-07,-0.002006411076746369
1.45451497440955e-07,-0.001896470867420232
1.454564843387162e-07,-0.001738135420624506
1.454616757526314e-07,-0.001523771782278557
1.454664511370963e-07,-0.001260179582629234
1.454719375242961e-07,-0.0009478201760143032
1.454763601773322e-07,-0.0007235500353467751
1.454815163984161e-07,-0.0005098489998159242
1.454869477864923e-07,-0.0003418417183335504
1.454932958388507e-07,-0.0002082107781126651
1.454966479194253e-07,-0.0001601058549476131
1.455e-07,-0.0001237306564048567
1.455046822855004e-07,-8.886886790981902e-05
1.45509304412898e-07,-6.135640877430336e-05
1.455146756737743e-07,-4.07403687126949e-05
1.455240344837415e-07,-2.041888225640133e-05
1.455348167923013e-07,-1.015143384982445e-05
1.455496477058588e-07,-4.472295503716274e-06
1.455680224852727e-07,-2.106509045859135e-06
1.455957426073126e-07,-1.363970721672419e-06
1.456317495406862e-07,-1.095210472335704e-06
1.456872949367832e-07,-1.261721306942233e-06
1.457813872337701e-07,-1.053791066854156e-06
1.459106557675226e-07,-1.232911972597854e-06
1.460918251390535e-07,-1.02810637697135e-06
1.463463064389141e-07,-1.216894970822607e-06
1.467165863925478e-07,-1.014706254867109e-06
1.472527087855081e-07,-1.208122984454665e-06
1.480241208680278e-07,-1.007816793284901e-06
1.491346001753689e-07,-1.203694721738855e-06
1.5e-07,-1.004928252300903e-06
1.5003125e-07,-6.141366130549247e-07
1.500834469393398e-07,-5.72844393307737e-07
1.501095454090097e-07,-5.889855612229121e-07
1.501617423483495e-07,-6.72896171151875e-07
1.502058173541561e-07,-1.360189174136875e-06
1.502226963054926e-07,-1.837163339500779e-06
1.502367116216842e-07,-2.171134412853691e-06
1.502547755648386e-07,-2.281775771528229e-06
1.50269190344258e-07,-2.317214681928487e-06
1.502970309205147e-07,-2.356234582751957e-06
1.503023393988492e-07,-2.234390721296441e-06
1.503129563555183e-07,-1.702863776311675e-06
1.503208124594183e-07,-1.153944698587073e-06
1.503286399553441e-07,-9.387397602232192e-07
1.503313080716576e-07,-9.555493431554462e-07
1.503366443042847e-07,-8.703417485982685e-07
1.503457842325664e-07,-8.495100746679496e-07
1.503640640891297e-07,-7.217488842923658e-07
1.504006238022563e-07,-7.166251737777891e-07
1.504503119011282e-07,-7.123575578928813e-07
1.505e-07,-8.65503301381253e-07
1.505126636072919e-07,-1.051962036402309e-06
1.505343315952594e-07,-1.105810520527284e-06
1.505540174753909e-07,-1.116801459085375e-06
1.505933892356539e-07,-1.116071944127534e-06
1.506259771968981e-07,-1.119326359316769e-06
1.506911531193864e-07,-1.11605100800143e-06
1.508215049643632e-07,-1.119131963869854e-06
1.510822086543167e-07,-1.115802754947577e-06
1.516036160342238e-07,-1.118784664899047e-06
1.526464307940379e-07,-1.114655662102185e-06
1.529697309649506e-07,-1.089118767246653e-06
1.530875951942777e-07,-1.047214210719858e-06
1.532068912269447e-07,-9.731889273570911e-07
1.533379299531028e-07,-8.784372235842193e-07
1.53487352605623e-07,-9.513452225890948e-07
1.535297669970893e-07,-1.4994814389843e-06
1.535509741928224e-07,-1.883675934588585e-06
1.53561577790689e-07,-2.018963564062257e-06
1.535827849864221e-07,-2.171844475104291e-06
1.53602652371966e-07,-2.336973710519628e-06
1.536229708486641e-07,-2.817818296413643e-06
1.536299877357747e-07,-4.015365481620541e-06
1.53634758350654e-07,-4.996545548936912e-06
1.536414989894488e-07,-6.635365503298817e-06
1.536462843778397e-07,-7.314638798186716e-06
1.53651051710131e-07,-7.915126160522758e-06
1.536565995214316e-07,-7.828662556859535e-06
1.536617709729928e-07,-7.046073776126558e-06
1.536658650011953e-07,-4.891067122406294e-06
1.536691160968815e-07,-4.305802266501705e-06
1.536722279902128e-07,-3.692856033740532e-06
1.536755570988278e-07,-3.933123008059378e-06
1.536794121447335e-07,-3.44996402013584e-06
1.53686202626137e-07,-3.537115236928686e-06
1.536997835889442e-07,-2.085640731142426e-06
1.537110942710696e-07,-1.534389654589863e-06
1.537281744620867e-07,-8.410261576679394e-07
1.537408838473031e-07,-1.24438165205045e-06
1.537540970194176e-07,-8.759715688434678e-07
1.537742878377166e-07,-1.219193959915011e-06
1.538066591298531e-07,-8.84061080972739e-07
1.538490226199134e-07,-1.229599805947101e-06
1.539032663338111e-07,-9.007965535856427e-07
1.539800036902043e-07,-1.251301209377983e-06
1.541236863819364e-07,-9.32111249964681e-07
1.542709794545177e-07,-1.270180186454105e-06
1.543922748262622e-07,-9.343767233193611e-07
1.54531290529304e-07,-1.269930512736113e-06
1.547919801799844e-07,-9.343627238807905e-07
1.55e-07,-1.269785809036605e-06
1.55025789528013e-07,2.07441612392825e-06
1.550743434342557e-07,2.206171898345659e-06
1.551227776117741e-07,2.064577327443871e-06
1.551462992825429e-07,1.94665091429686e-06
1.551933426240805e-07,-9.74293187830751e-07
1.552075382181172e-07,-3.918883764328461e-06
1.552359294061906e-07,-1.419013073332478e-05
1.552501250002273e-07,-2.185250077822912e-05
1.552526250002273e-07,3.39531482147431e-05
1.552554061982826e-07,-3.344531741684197e-05
1.552576430902643e-07,-1.000524116834031e-05
1.552588840452458e-07,-6.74242263121424e-05
1.552601250002273e-07,-3.925016182232205e-05
1.552604114591825e-07,-7.705225983825477e-05
1.552609374750145e-07,-7.721861812639724e-05
1.552614136326784e-07,-7.685966019117211e-05
1.552622088469948e-07,-7.64271105731877e-05
1.552633176343095e-07,-7.210226938767552e-05
1.552645037759946e-07,-6.699786612626494e-05
1.5526568642821e-07,-6.152614454950657e-05
1.552668998522434e-07,-5.964978173581369e-05
1.552681057603542e-07,-5.080936351184404e-05
1.552690114557782e-07,-4.403674672107655e-05
1.552697699048429e-07,-3.848662916204597e-05
1.552705694750115e-07,-3.460132788600195e-05
1.552712610291168e-07,-2.912401539167455e-05
1.552721333449824e-07,-2.056174194944364e-05
1.552735281877031e-07,3.526822814010091e-07
1.552745454155655e-07,1.72989543161544e-05
1.552757126909642e-07,4.004616642566712e-05
1.552771182999069e-07,6.838450712499375e-05
1.552792782053787e-07,0.000118309537207944
1.552816382197566e-07,0.0001775212829767438
1.55284140544891e-07,0.0002473565582147049
1.55286679349505e-07,0.000322200937527018
1.552891501430295e-07,0.0003983100367220458
1.552918990543561e-07,0.000478022322008478
1.552949924156838e-07,0.0005611410139158339
1.552981673695114e-07,0.0006348813122899886
1.553016009996384e-07,0.0007041496358864912
1.553056288419362e-07,0.0007654786987207861
1.553086644330428e-07,0.0007962344743593309
1.553107626121884e-07,0.0008048303910027912
1.553133051244538e-07,0.000805926979940526
1.553151905204035e-07,0.0007970322276600888
1.553170416628585e-07,0.0007736840771789374
1.553187809966341e-07,0.0007379166769418968
1.553200128342401e-07,0.0007184158189692836
1.553216543976359e-07,0.000702925225024439
1.55322928466276e-07,0.0006958274310978576
1.553245405227818e-07,0.0006794632942735307
1.553261544671874e-07,0.0006617070592652519
1.553276410103727e-07,0.00066213197482695
1.553289114038084e-07,0.0006531779795903056
1.55330391425722e-07,0.0006426654878066962
1.553319221240028e-07,0.0006094328605110559
1.553333202150377e-07,0.0005860537900408331
1.553349588038671e-07,0.0005489184654861991
1.553373443158492e-07,0.0005119630446685065
1.553404468674017e-07,0.0004574404853041335
1.553436416428361e-07,0.0004147928799459041
1.553469462213137e-07,0.0003597079282634875
1.553504153769969e-07,0.0003123726361290504
1.553546891702811e-07,0.0002474476012839996
1.553603706164793e-07,0.0001842073867523613
1.553677405885469e-07,0.0001094636593121777
1.553756354574282e-07,5.181152366532061e-05
1.553848650775257e-07,-3.768613565772188e-05
1.553947392711143e-07,-0.000137456131879609
1.554020243680478e-07,-0.0002471846424982773
1.554090489467354e-07,-0.0003962661033007316
1.554162506985155e-07,-0.0005688855830225925
1.554221913949641e-07,-0.0006987300561443177
1.554303415860259e-07,-0.0008654073592999613
1.554384131845881e-07,-0.000993243394535312
1.554480618003778e-07,-0.001107089252337321
1.554579623912615e-07,-0.00113198082031685
1.554652794950157e-07,-0.001094345256212385
1.554712379367081e-07,-0.001031156601108021
1.55476814220803e-07,-0.0009654265626061154
1.554821610031017e-07,-0.0008884641807294214
1.554867886594927e-07,-0.0008263018027836665
1.55492924572652e-07,-0.0007354547136571005
1.55496462286326e-07,-0.0006907675724649956
1.555e-07,-0.000639078117912012
1.555045671722664e-07,-0.0005874751061475302
1.555089128210529e-07,-0.0005346940445578712
1.55514492041862e-07,-0.0004725983626750393
1.555251028560183e-07,-0.0003690010878598996
1.555425378469288e-07,-0.0002395708022384006
1.555696181230497e-07,-0.0001156277080616559
1.555988712540311e-07,-5.12888285246835e-05
1.556326510470734e-07,-1.950296736449418e-05
1.556718114546402e-07,-6.851960829785747e-06
1.557235735554254e-07,-1.983115801000995e-06
1.557898465045006e-07,-1.357582754885489e-06
1.5590196694882e-07,-9.798869915559129e-07
1.560631445811048e-07,-1.309883540553723e-06
1.563854998456743e-07,-9.596872472510264e-07
1.568575825598646e-07,-1.287340813336148e-06
1.575244126327624e-07,-9.463340374875171e-07
1.584459338552081e-07,-1.277860065254964e-06
1.59222966927604e-07,-9.414170984536771e-07
1.6e-07,-1.274745654973715e-06
1.6003125e-07,-1.254775897076804e-06
1.600834469393398e-07,-1.278395173124289e-06
1.601838730045675e-07,-1.452811578434702e-06
1.602233888789966e-07,-2.619544583930669e-06
1.602387376995809e-07,-3.365874974244009e-06
1.602517029543632e-07,-4.002072026189223e-06
1.602648259589323e-07,-4.572041458963748e-06
1.602713190944952e-07,-4.90880462079442e-06
1.60277300591905e-07,-5.380549699418376e-06
1.602826237073324e-07,-6.100439193055977e-06
1.602883681396116e-07,-7.165915208467695e-06
1.602935286760437e-07,-9.262480760116993e-06
1.602962171029063e-07,-1.42975315578742e-05
1.602981652212068e-07,-1.842966274475438e-05
1.603006982426999e-07,-2.674061651090437e-05
1.603027228723995e-07,-3.173506460866618e-05
1.603056671580814e-07,-4.164962140938201e-05
1.603068173808914e-07,-4.99333714534331e-05
1.603076057074524e-07,-5.103060621617386e-05
1.603085253190179e-07,-5.459544800018786e-05
1.603094402772025e-07,-5.161025838755621e-05
1.603106185733636e-07,-4.98225643572437e-05
1.603116258259344e-07,-4.130067893706869e-05
1.60312471129338e-07,-3.691256049268375e-05
1.603132188356776e-07,-2.702990373625016e-05
1.603140892275461e-07,-2.14653222893736e-05
1.603147938476605e-07,-1.493162392295635e-05
1.603156463969617e-07,-1.345523586834298e-05
1.603164878644559e-07,-8.796869705147375e-06
1.603176265240075e-07,-8.861130761063724e-06
1.60319125522612e-07,-4.92759946692106e-06
1.60321637183224e-07,-5.875889650578655e-06
1.603246166298254e-07,-3.127568045227069e-06
1.603286819986282e-07,-5.331144112363834e-06
1.603344473412408e-07,-3.310105594021636e-06
1.603431161329973e-07,-6.231704319209035e-06
1.603546548064674e-07,-5.000009495306425e-06
1.60373179200155e-07,-9.299647263458831e-06
1.604084601205605e-07,-1.146843181260221e-05
1.604542300602802e-07,-1.841160642289404e-05
1.604771150301401e-07,-1.61246574195964e-05
1.605e-07,-1.583438250422239e-05
1.605098063422528e-07,-1.264175779566019e-05
1.605236373015768e-07,-1.029357380710611e-05
1.605366722538276e-07,-8.30096199630209e-06
1.605627421583292e-07,-5.195113755572651e-06
1.6059036339015e-07,-3.228361085987779e-06
1.606284999772022e-07,-1.903290918301142e-06
1.606761732012606e-07,-1.358818394327491e-06
1.60754657639386e-07,-1.130430418532853e-06
1.608818048964803e-07,-1.116900837145253e-06
1.610001756901978e-07,-1.098115108200407e-06
1.611190089315809e-07,-1.114840864314963e-06
1.612719699003898e-07,-1.098267106735854e-06
1.615778918380078e-07,-1.114349243428288e-06
1.621897357132437e-07,-1.09769992639558e-06
1.634134234637154e-07,-1.113393253748365e-06
1.65e-07,-1.096601668261641e-06
1.650648697181762e-07,-2.111139859283907e-06
1.651546725269074e-07,-2.198200407186457e-06
1.651972758721404e-07,-3.931637104423364e-06
1.65218577544757e-07,-4.65375045779167e-06
1.652326226369757e-07,-2.730610244427581e-06
1.652467003695948e-07,5.50011256538884e-06
1.652609788017517e-07,1.310269536557133e-05
1.652768693004044e-07,1.212323607130288e-05
1.652824877792999e-07,1.162727710510106e-06
1.652867188543806e-07,-3.251705435362296e-06
1.652923599396638e-07,-8.266780221965039e-06
1.652966638587933e-07,-9.562118508378394e-06
1.65299531412817e-07,-2.172257899931994e-05
1.653026700674229e-07,-2.790159019065205e-05
1.653060036282344e-07,-3.962954045965262e-05
1.653095974025095e-07,-4.615371539750831e-05
1.653135362988687e-07,-7.748619163153284e-05
1.653155883077823e-07,-8.768372342829873e-05
1.653177524562354e-07,-0.0001031734922598863
1.653198106132738e-07,-0.0001011806837823742
1.653222803647262e-07,-0.0001142864955112472
1.653241817389067e-07,-0.0001001521544168684
1.653260080634774e-07,-8.403582207619086e-05
1.653276100092995e-07,-6.264729935307118e-05
1.653298864417419e-07,-4.760024228666298e-05
1.653319074146264e-07,-3.843273290616794e-05
1.653340208623162e-07,-4.022502699898444e-05
1.65336340356951e-07,-4.041526742987092e-05
1.653381880763018e-07,-4.59516262274515e-05
1.653402570106354e-07,-5.567080091675493e-05
1.653418220814976e-07,-6.246323392646011e-05
1.653432621693106e-07,-6.490300698272208e-05
1.653449852751021e-07,-6.310362970011742e-05
1.65346836233391e-07,-5.921324290988187e-05
1.653487931886062e-07,-5.567160029226609e-05
1.653513393382641e-07,-5.223885752376465e-05
1.653541737341356e-07,-4.9585554831594e-05
1.653576699313632e-07,-4.84548318019916e-05
1.653613235409641e-07,-5.208714715115794e-05
1.65364545982477e-07,-5.391867047463547e-05
1.653678522809152e-07,-5.473166407857464e-05
1.653723165059088e-07,-5.13079711127557e-05
1.653773422486219e-07,-4.8853268203078e-05
1.653825684308158e-07,-4.547563491357073e-05
1.653879265715753e-07,-4.510298692755493e-05
1.653940462925139e-07,-4.798459793155847e-05
1.6540179545842e-07,-0.0001104239932519027
1.65410328844372e-07,-0.0003548606320254587
1.654166269953726e-07,-0.000686105959846026
1.65424206624037e-07,-0.001159735701131123
1.654302378856821e-07,-0.001462517435882255
1.654355315348074e-07,-0.001658287574100077
1.654438910249589e-07,-0.001814110018843641
1.654519126139443e-07,-0.00181860156995844
1.654605104764522e-07,-0.001581709510173918
1.654674743510462e-07,-0.001213240709741641
1.654722011567194e-07,-0.0009386057707372572
1.65476946215973e-07,-0.0007014576529537686
1.654822348894518e-07,-0.0004826861726823423
1.6548870421212e-07,-0.0002969664408362565
1.654948096737843e-07,-0.0001789769058600529
1.655e-07,-0.0001203800827632919
1.65504592737443e-07,-8.535134773130138e-05
1.655110361321506e-07,-4.997752594092774e-05
1.655175132661898e-07,-3.012841363180019e-05
1.655293315929958e-07,-1.283828493301398e-05
1.655409872057385e-07,-6.067043704954194e-06
1.655566318061558e-07,-3.261638984321748e-06
1.655796005325292e-07,-1.253186497701393e-06
1.656102033719592e-07,-1.486405985830613e-06
1.656532180162226e-07,-8.508627255256417e-07
1.657211173702877e-07,-1.458008147043738e-06
1.658288089845305e-07,-8.216666256041979e-07
1.659774686964052e-07,-1.437806739549922e-06
1.661859134837893e-07,-8.04610272329155e-07
1.664821864077294e-07,-1.427331494303295e-06
1.66912979606618e-07,-7.957267122617014e-07
1.675354619090265e-07,-1.421733957046125e-06
1.68431391806181e-07,-7.912067332499387e-07
1.692156959030905e-07,-1.419384536457734e-06
1.7e-07,-7.895458088724928e-07
1.7003125e-07,-6.1789638662516e-07
1.700834469393398e-07,-5.773334646264067e-07
1.701086992430469e-07,-5.924632828245868e-07
1.701592038504609e-07,-6.538148683712103e-07
1.702035037901553e-07,-1.271787464595348e-06
1.702214897798736e-07,-1.77608203840812e-06
1.702357233903822e-07,-2.129550816383684e-06
1.702544957398171e-07,-2.249603318511222e-06
1.702688704463832e-07,-2.281979403504361e-06
1.702942930062855e-07,-2.346794023353878e-06
1.70299757876544e-07,-2.269622340907387e-06
1.703106876170611e-07,-1.811663379778887e-06
1.70318983509173e-07,-1.198341822378347e-06
1.703262656765955e-07,-9.423070120629441e-07
1.703299067603067e-07,-9.246778544422424e-07
1.703362425868345e-07,-8.477938635418667e-07
1.703442271980698e-07,-8.181074443217876e-07
1.703601964205403e-07,-7.271275551540229e-07
1.703921348654813e-07,-7.046920425292847e-07
1.704560117553634e-07,-7.270836330052112e-07
1.705e-07,-8.582746876506325e-07
1.70512929377962e-07,-1.051572807809025e-06
1.70534482474592e-07,-1.107927951687801e-06
1.705531489856517e-07,-1.11534901317025e-06
1.70590482007771e-07,-1.117392138702028e-06
1.706226800393601e-07,-1.118511429955261e-06
1.706870761025382e-07,-1.117197181694366e-06
1.708126793604303e-07,-1.118421520316766e-06
1.710638858762145e-07,-1.116994367266303e-06
1.715662989077829e-07,-1.118215812438243e-06
1.725711249709197e-07,-1.116230915617414e-06
1.729020675201454e-07,-1.090254301496524e-06
1.730201128090205e-07,-1.051911806916834e-06
1.731391302653726e-07,-9.779314478563406e-07
1.732710433029798e-07,-8.835978078055966e-07
1.734173875197768e-07,-9.081067428415307e-07
1.734620868163803e-07,-1.374515428172705e-06
1.73484436464682e-07,-1.78760983681459e-06
1.734956112888329e-07,-1.95474930768202e-06
1.735179609371346e-07,-2.15463900036071e-06
1.735380253465964e-07,-2.297478532013881e-06
1.735592381847516e-07,-2.632428648590192e-06
1.735662886625913e-07,-3.441716092743084e-06
1.735715930822138e-07,-4.515905136610887e-06
1.735762613949637e-07,-5.635444894530355e-06
1.735813604821506e-07,-6.69911634906823e-06
1.735862728663572e-07,-7.524693061465233e-06
1.735931129917829e-07,-7.941850409472472e-06
1.735984365675692e-07,-7.654235045308678e-06
1.736017769975231e-07,-6.444587420218743e-06
1.736052658670338e-07,-4.94515322021012e-06
1.736086237487072e-07,-4.019472600155447e-06
1.736123574862163e-07,-3.865663777259596e-06
1.736156792588483e-07,-3.681292019929839e-06
1.736199349989329e-07,-3.617990514352832e-06
1.736278631327561e-07,-3.182150443845306e-06
1.736417760458317e-07,-2.005642757342512e-06
1.73653092118937e-07,-1.196983324601133e-06
1.736587501554897e-07,-1.170915575053897e-06
1.73670066228595e-07,-1.030056632615865e-06
1.736812284300052e-07,-1.095735101399852e-06
1.737021814047823e-07,-1.01012795483685e-06
1.737374864684882e-07,-1.091832830730571e-06
1.73778783188291e-07,-1.020787362723179e-06
1.738281232982268e-07,-1.106749429415332e-06
1.738952719592018e-07,-1.040311722490695e-06
1.740172357947601e-07,-1.136376757447435e-06
1.740605070488834e-07,-1.060374356414561e-06
1.7414704955713e-07,-1.141587623956477e-06
1.742520859445797e-07,-1.063277060862988e-06
1.744035994088812e-07,-1.142332744251017e-06
1.746221912062863e-07,-1.063294094706071e-06
1.75e-07,-1.142272982556207e-06
1.750351597097583e-07,1.827362598172865e-06
1.750948575702759e-07,1.872639055482125e-06
1.751643737326061e-07,1.327245423965688e-06
1.751858115495114e-07,2.231677178456673e-08
1.751965304579641e-07,-1.340013542168645e-06
1.752179682748694e-07,-6.37572396104745e-06
1.752425651084523e-07,-1.642938896149564e-05
1.752501250002273e-07,-2.036310419821651e-05
1.752526250002273e-07,-6.407375731998569e-05
1.752549144556348e-07,-3.894136035877824e-05
1.752565375770741e-07,-0.0001689330474189796
1.752580338664385e-07,-0.0001458797050027512
1.752591389165023e-07,-0.000267993518352839
1.752601250002273e-07,-0.0002313545290676588
1.752604223218712e-07,-0.0001997528047304189
1.75260894854979e-07,-0.0001903316074294486
1.752613213326459e-07,-0.0001844849925665052
1.752620692972951e-07,-0.0001805236952139598
1.752629939129477e-07,-0.0001833312319483045
1.752639487010124e-07,-0.0001866689345746014
1.752649588201705e-07,-0.0001917874673680336
1.752660601725802e-07,-0.0001931366114451681
1.752672916639449e-07,-0.0001904315126781333
1.752683324229576e-07,-0.0001806551320211006
1.752692365384296e-07,-0.0001814192136061599
1.752699099524642e-07,-0.0001765485761967754
1.752706505964125e-07,-0.0001633941111387543
1.752713412967668e-07,-0.0001434332668840298
1.75272257572933e-07,-0.0001072256873806003
1.752734788956166e-07,-6.001524594633985e-05
1.7527450438013e-07,-2.707975654383824e-05
1.752756475762942e-07,3.132595353405902e-06
1.752768891531195e-07,3.305265495240107e-05
1.752784632134715e-07,6.883692061323512e-05
1.752805245146043e-07,0.0001190588225458911
1.752829020933573e-07,0.0001803207163394572
1.752856345573536e-07,0.0002588242343200417
1.752878867989113e-07,0.0003281489382964311
1.752904360126548e-07,0.0004104024882996944
1.752935191207799e-07,0.0005049366682297013
1.75296845022563e-07,0.0006002013885981513
1.753001208547934e-07,0.0006820818583961171
1.753038181186676e-07,0.000761675476699471
1.75308416476777e-07,0.0008305998872109578
1.753107806273327e-07,0.0008512247849096607
1.753127226075388e-07,0.00085800128783448
1.753148122996943e-07,0.0008604158126525615
1.753165084384551e-07,0.0008539601174920756
1.753175769397111e-07,0.0008462903066473407
1.753188391129891e-07,0.0008330063538497105
1.753200054280432e-07,0.00082648033345026
1.753214984475932e-07,0.0008208825834691518
1.753227626983154e-07,0.0008200755669861143
1.753243281241212e-07,0.0008123061371713049
1.753259400444355e-07,0.0007989276688356107
1.753274214544268e-07,0.0007792569877848854
1.753290768637658e-07,0.0007539538523230151
1.753314660205467e-07,0.0007076775500870494
1.753345875057667e-07,0.0006473274996952213
1.753370875978031e-07,0.0006009579348641601
1.753399159935809e-07,0.0005537485635191205
1.753431170297557e-07,0.0004973944884302469
1.753463364185354e-07,0.0004397546562116902
1.753497873124108e-07,0.0003718560080621503
1.753538326771179e-07,0.000291901302723769
1.753592252625324e-07,0.000181847953367044
1.753664937466947e-07,4.370730803637105e-05
1.753751151749253e-07,-0.0001033863580103469
1.753849392567149e-07,-0.0002488743420009857
1.753953628702694e-07,-0.0003958768739301655
1.754061420634579e-07,-0.00053770436826579
1.754142091755525e-07,-0.000601942055193186
1.754190335728318e-07,-0.0006323249899392436
1.754240429082555e-07,-0.0006616890608734181
1.754291791218125e-07,-0.0006961759177243425
1.754342768640705e-07,-0.0007294868733103057
1.754401919773143e-07,-0.0007692086621386306
1.754457453649881e-07,-0.0008009801988114786
1.754532029541763e-07,-0.0008350607689405411
1.754606725303572e-07,-0.0008462345565683835
1.754691245336459e-07,-0.0008193071412917179
1.754752450768526e-07,-0.0007704875573942431
1.7548165618899e-07,-0.0007037832781814071
1.754869801583155e-07,-0.0006411154276768486
1.75494667265531e-07,-0.000551955522927931
1.755e-07,-0.0004922653450043789
1.755079974952801e-07,-0.0004195592823805652
1.755158390170649e-07,-0.0003492629784933262
1.755236996959214e-07,-0.0002892578895151798
1.755391529120125e-07,-0.0001957522506965773
1.755581160106976e-07,-0.0001190406697511537
1.755871499140138e-07,-5.289004861454483e-05
1.756181157646168e-07,-2.240703794237105e-05
1.756561607221355e-07,-7.630938592524277e-06
1.757040687713149e-07,-2.648684467407616e-06
1.757699754273138e-07,-1.05660839683634e-06
1.758693321981778e-07,-1.261735197351002e-06
1.760292354082821e-07,-9.814609801068026e-07
1.763490418284907e-07,-1.25638877135861e-06
1.768023896855904e-07,-9.689030947969874e-07
1.77438247476455e-07,-1.250389649680058e-06
1.783188564589076e-07,-9.639494374288395e-07
1.791594282294538e-07,-1.248000201293006e-06
1.8e-07,-9.621656463834257e-07
1.8003125e-07,-1.251721737605407e-06
1.800834469393398e-07,-1.276208794469203e-06
1.801878408180194e-07,-1.497551285198688e-06
1.802268607157669e-07,-2.793002980575957e-06
1.802424618758283e-07,-3.534745797621091e-06
1.802563777647387e-07,-4.219837544731092e-06
1.80269852583631e-07,-4.787979736730659e-06
1.802740798853896e-07,-5.125787724064669e-06
1.802825344889068e-07,-6.023568472514114e-06
1.802887561173167e-07,-7.293125932169617e-06
1.802943071390617e-07,-1.01182098480505e-05
1.802969044029219e-07,-1.619896380533148e-05
1.802989008837143e-07,-2.046749570606268e-05
1.803012298568586e-07,-2.871269713753969e-05
1.803033680035837e-07,-3.302099138893442e-05
1.803062869004605e-07,-4.626122275632621e-05
1.803073618870812e-07,-5.164204670149856e-05
1.803082254633377e-07,-5.298122331735387e-05
1.803090828000592e-07,-5.324573421551509e-05
1.803103322602048e-07,-4.954622718379096e-05
1.803113726470713e-07,-4.393240730231311e-05
1.803122746155049e-07,-3.667401018776115e-05
1.803130168563541e-07,-2.983329067782191e-05
1.803138692442593e-07,-2.121013860297346e-05
1.803150769447927e-07,-1.449315709764743e-05
1.803159361112789e-07,-1.087498940815171e-05
1.803168480583914e-07,-9.312314625881214e-06
1.803179530457377e-07,-6.853665099858691e-06
1.803201630204302e-07,-5.648618703764178e-06
1.803228022005988e-07,-4.108884260847928e-06
1.803262434995903e-07,-4.547934311783231e-06
1.803307778068889e-07,-3.8850594979726e-06
1.803383453530172e-07,-5.084962714691729e-06
1.803479328067843e-07,-5.127209162581813e-06
1.803621806779752e-07,-7.293390377193536e-06
1.803853804136046e-07,-9.260410652235403e-06
1.804287179522905e-07,-1.549530177258672e-05
1.804643589761452e-07,-1.717811770293687e-05
1.804821794880726e-07,-1.720755898677738e-05
1.805e-07,-1.422719822938683e-05
1.805093048482511e-07,-1.264593385414463e-05
1.805214136210955e-07,-1.05884089949098e-05
1.805329860595991e-07,-8.783689008446962e-06
1.805561309366062e-07,-5.82536721651927e-06
1.805830167207146e-07,-3.622713696672954e-06
1.806189126490217e-07,-2.119722966631355e-06
1.806636257863269e-07,-1.442904180821253e-06
1.807327633664409e-07,-1.154633304589448e-06
1.808449513022028e-07,-1.115682605590793e-06
1.809783772306041e-07,-1.097455817242239e-06
1.810925058252829e-07,-1.111546690311411e-06
1.812346483318141e-07,-1.097087456111253e-06
1.815151525474461e-07,-1.111391341563429e-06
1.820761609787099e-07,-1.096876055219397e-06
1.831981778412377e-07,-1.110934941691486e-06
1.85e-07,-1.096313930436938e-06
1.850688279231518e-07,-2.153409201633072e-06
1.851622475990255e-07,-2.43705608547214e-06
1.852084770153258e-07,-5.992433237609842e-06
1.852275301264334e-07,-6.044019654538554e-06
1.852411590185116e-07,-1.473842737690339e-06
1.852584263342675e-07,8.883894805280269e-06
1.852727297105871e-07,8.881485103416968e-06
1.85278519746206e-07,4.170900838630862e-06
1.852833283643695e-07,-4.116871523495068e-06
1.852876999057536e-07,-1.01587794487569e-05
1.852924633158369e-07,-1.145243179844895e-05
1.852968010931741e-07,-1.412725984413417e-05
1.852997693648116e-07,-1.795953862770365e-05
1.853028371542661e-07,-2.192230680521914e-05
1.853062139966804e-07,-2.629513800906581e-05
1.853097222280092e-07,-3.214473802271898e-05
1.853137125320745e-07,-4.574801271702708e-05
1.8531581383663e-07,-5.25646743591516e-05
1.853179592080001e-07,-5.915346454204051e-05
1.853200981731024e-07,-6.21380453191062e-05
1.853224578865609e-07,-6.875682183044634e-05
1.853243518200453e-07,-6.59820482156344e-05
1.85326138802425e-07,-6.273685407047206e-05
1.853277619924277e-07,-5.75146952148084e-05
1.853298620582445e-07,-5.5984969217568e-05
1.853319672367092e-07,-5.780512790335621e-05
1.853340614334263e-07,-6.526549314236763e-05
1.853363424778862e-07,-7.462128002733387e-05
1.853381697080107e-07,-8.256063145578284e-05
1.853401979182349e-07,-0.0001057689582772109
1.853417577420324e-07,-0.0001179844621646805
1.853431065970475e-07,-0.0001261476560608353
1.85344734224248e-07,-0.0001217155716820407
1.853465943387959e-07,-0.0001166071254927176
1.853484002016043e-07,-0.0001075715839436097
1.853507167928688e-07,-0.0001033778228351209
1.85353488818808e-07,-9.53754013126904e-05
1.853567984509339e-07,-9.408806616421785e-05
1.853603569669966e-07,-9.692812030411935e-05
1.853636261367053e-07,-0.0001045330844484801
1.853670572038135e-07,-0.0001045281144730266
1.853708505936721e-07,-0.0001023164375928517
1.853760922977199e-07,-9.385843983766374e-05
1.85381328443361e-07,-8.989722897244223e-05
1.853866612130902e-07,-8.525763003945244e-05
1.853924709866159e-07,-8.966421360366511e-05
1.853996505466473e-07,-0.0001566190246139562
1.854055368239022e-07,-0.0003611440307588903
1.854116139267554e-07,-0.0007230262768646653
1.854176143007399e-07,-0.001224961279508566
1.8542325438323e-07,-0.001643439181661791
1.854273092034394e-07,-0.001888511543929487
1.854332510453229e-07,-0.002098704523260614
1.85438214071087e-07,-0.002194795873159394
1.854435179137393e-07,-0.002167650867520617
1.854491878707597e-07,-0.001949931638902274
1.854538511689372e-07,-0.001652322471794039
1.854586597904385e-07,-0.001366543167481906
1.854629148482715e-07,-0.00118014715922422
1.854677447722751e-07,-0.001002252508486002
1.854722993585682e-07,-0.0008603926350008343
1.854777247069651e-07,-0.0006749329351298338
1.854829931209742e-07,-0.0005113239556137425
1.854884802119622e-07,-0.0003526397779117135
1.854944722928722e-07,-0.0002323896861415516
1.855e-07,-0.0001464358969163429
1.855041330849384e-07,-0.0001112838783073479
1.855100344602865e-07,-6.88347062555677e-05
1.855156670291905e-07,-4.43965417922968e-05
1.855244864412201e-07,-2.306324097741983e-05
1.855351066490214e-07,-1.121721723590923e-05
1.855490071219579e-07,-5.213491349431108e-06
1.855677009263381e-07,-2.225818312872157e-06
1.855949821028865e-07,-1.471080186358527e-06
1.856306337955691e-07,-1.054724334305281e-06
1.856842580166476e-07,-1.341647789403372e-06
1.857776974073621e-07,-1.005901739267628e-06
1.85905425209745e-07,-1.304814197333205e-06
1.860848973742914e-07,-9.740673449302823e-07
1.863359900492207e-07,-1.284430374582244e-06
1.867015446333805e-07,-9.571557618049581e-07
1.872311543511016e-07,-1.273261291852248e-06
1.879933141480833e-07,-9.483838052804905e-07
1.89090087486827e-07,-1.267628332427155e-06
1.9e-07,-9.44663465597664e-07
1.9003125e-07,-6.211103153250897e-07
1.900834469393398e-07,-5.836144028679932e-07
1.901095454090097e-07,-5.984124779141319e-07
1.901617423483495e-07,-6.6436136093173e-07
1.902060988236172e-07,-1.328012722407334e-06
1.902231593510152e-07,-1.800281436906747e-06
1.902371810840653e-07,-2.122941721383529e-06
1.902551177529376e-07,-2.217879009394165e-06
1.902695836836656e-07,-2.250386188149878e-06
1.902985155451217e-07,-2.258296561860201e-06
1.903037323125464e-07,-2.108326043192155e-06
1.903141658473957e-07,-1.534451169704021e-06
1.903217913869902e-07,-1.041930800344781e-06
1.903302757200148e-07,-8.401271417613359e-07
1.903392995550316e-07,-8.359845286643964e-07
1.903462755564808e-07,-7.42815249193656e-07
1.903602275593792e-07,-7.484749109243626e-07
1.90388131565176e-07,-6.685540309649125e-07
1.904358756162344e-07,-7.437568558797506e-07
1.905e-07,-8.079428180382628e-07
1.905133286887748e-07,-1.04948419670429e-06
1.905374993959857e-07,-1.11224367175552e-06
1.90560046443941e-07,-1.117198963088755e-06
1.906051405398518e-07,-1.119003372351554e-06
1.906400184486719e-07,-1.119189757220887e-06
1.907097742663122e-07,-1.118466777601566e-06
1.908492859015927e-07,-1.119067039601926e-06
1.911283091721537e-07,-1.118149197868144e-06
1.916863557132757e-07,-1.118787259661282e-06
1.922103341118095e-07,-1.118378959990186e-06
1.924723233110763e-07,-1.118686099943248e-06
1.926822004739881e-07,-1.111773701498629e-06
1.92787139055444e-07,-1.101973180559962e-06
1.929318231809899e-07,-1.061722235170858e-06
1.930849491520222e-07,-9.713564925717789e-07
1.932180460892421e-07,-8.763880626832428e-07
1.933659919469935e-07,-9.578304709185993e-07
1.93411914720799e-07,-1.594532421695595e-06
1.934348761077017e-07,-1.974331476034314e-06
1.934450594132187e-07,-2.084410247574134e-06
1.934654260242528e-07,-2.197912012808403e-06
1.934855286702036e-07,-2.394774501903852e-06
1.93506188736553e-07,-3.647875689815917e-06
1.935117603357794e-07,-5.028576815451532e-06
1.935164029747866e-07,-5.904151261696388e-06
1.935215933378304e-07,-7.15009104698468e-06
1.935280641131829e-07,-7.747487251846803e-06
1.935338038785257e-07,-8.010185043473497e-06
1.935391536527471e-07,-6.939146217115452e-06
1.935433502023455e-07,-5.030233179372115e-06
1.93546615600994e-07,-4.155225917235968e-06
1.935496589925865e-07,-3.848087937330862e-06
1.935529850273119e-07,-3.789808233880209e-06
1.935568372200161e-07,-3.603425771897473e-06
1.935636759289484e-07,-3.389543540560543e-06
1.93577353346813e-07,-2.215517925138343e-06
1.935886375685469e-07,-1.377652868803365e-06
1.936060116534948e-07,-9.894792516944531e-07
1.936186317793905e-07,-1.094728216663072e-06
1.936319694146718e-07,-1.026789441326096e-06
1.93652338246958e-07,-1.07058740581302e-06
1.936845460253344e-07,-1.035159401926e-06
1.937269535719032e-07,-1.081203189961976e-06
1.937811568430203e-07,-1.05196158490155e-06
1.938580421713354e-07,-1.10308878480596e-06
1.940016734771998e-07,-1.083242012395062e-06
1.940380789295425e-07,-1.12023927492318e-06
1.941108898342278e-07,-1.085348391984531e-06
1.94216649072148e-07,-1.121116300386489e-06
1.944091908673553e-07,-1.085782952974127e-06
1.94722367276467e-07,-1.120958102320959e-06
1.95e-07,-1.085674615054159e-06
1.950314628734501e-07,2.351466518369222e-06
1.950868991647732e-07,2.503051870217032e-06
1.951447804315411e-07,2.190783037507608e-06
1.951711165737127e-07,1.444165792029472e-06
1.9521062078697e-07,-5.204983141342554e-06
1.952298459483391e-07,-1.251522143819682e-05
1.952501250002273e-07,-2.308679963180794e-05
1.952526250002273e-07,3.202376043084533e-05
1.952554061982826e-07,-3.517367390992898e-05
1.952568309908866e-07,-3.08461422133751e-06
1.952586056274039e-07,-6.895562900570019e-05
1.952593653138156e-07,-2.991335815883159e-05
1.952601250002273e-07,-8.905490605134786e-05
1.952604411196691e-07,-8.063250468420711e-05
1.952608492204244e-07,-8.108560788924857e-05
1.952612293970415e-07,-8.106317423551875e-05
1.952619380872841e-07,-8.163026091549833e-05
1.952630330124005e-07,-7.937619818404431e-05
1.952641945841419e-07,-7.594557772644235e-05
1.952653893152032e-07,-7.217362417590396e-05
1.952665858693904e-07,-7.216603255155909e-05
1.952678405765842e-07,-6.925994929237009e-05
1.952687808161634e-07,-6.348676620855672e-05
1.952697534610843e-07,-6.074958651170522e-05
1.95270690945731e-07,-5.831183642773083e-05
1.952713943177738e-07,-5.651132524610701e-05
1.95272251201395e-07,-5.021752852725967e-05
1.952736556636318e-07,-3.615351328744074e-05
1.952746638671633e-07,-2.250138150823179e-05
1.952758459896086e-07,-5.715864256317601e-06
1.952772733550687e-07,1.850637450647738e-05
1.952794549631211e-07,6.021330939341079e-05
1.952818240069582e-07,0.0001150633845133634
1.95284258020975e-07,0.000178448611360138
1.952868485005917e-07,0.0002553646499226692
1.952893003790641e-07,0.000331127076575399
1.952921523026857e-07,0.0004185303269434868
1.95295253871052e-07,0.0005058618590209461
1.95298444238616e-07,0.0005874567191775257
1.953018937835819e-07,0.0006629132753281117
1.953059898245181e-07,0.0007342967026830673
1.953089697882467e-07,0.0007674766151522627
1.953110658217413e-07,0.000778959077623352
1.953135232129004e-07,0.0007807936846793386
1.953153669809307e-07,0.0007753571503446939
1.953172476500686e-07,0.0007492803980597002
1.953188533181944e-07,0.0007174781539523191
1.953200911087302e-07,0.0006984531404887141
1.953217042363964e-07,0.000689513149504015
1.953229761697187e-07,0.0006847861911135376
1.953245758171027e-07,0.000677226320190313
1.953261878435622e-07,0.0006618913184968564
1.953276713369553e-07,0.0006551132721233256
1.953289416136611e-07,0.0006379695269492055
1.953304210870092e-07,0.0006189374558418821
1.953319516096146e-07,0.0005820297360794065
1.953333495162763e-07,0.0005564355538498843
1.953349874004079e-07,0.0005201765503885775
1.953373709563569e-07,0.0004852022799075247
1.953404796590722e-07,0.0004346349506581345
1.953436702591207e-07,0.000393750398128906
1.953469759829661e-07,0.0003400359498221453
1.953504418655796e-07,0.0002926004249288115
1.953547125198086e-07,0.0002284321885311613
1.953603859744584e-07,0.0001647228319382068
1.953677467042216e-07,8.887415482409357e-05
1.953756276572313e-07,2.029404769662544e-05
1.953848410821972e-07,-0.0001062912529842407
1.953946851432667e-07,-0.0002433846983863517
1.954019994066513e-07,-0.0003674257245839715
1.954089782257286e-07,-0.0005243110514576115
1.954160599281668e-07,-0.0006825088329158655
1.954219719713681e-07,-0.0008028430165794972
1.954298853176874e-07,-0.0009417100489606339
1.954369415315829e-07,-0.001038652601367405
1.954450854982473e-07,-0.001096926722306337
1.954518997470092e-07,-0.001082998018919926
1.954588825875983e-07,-0.001054347371921547
1.954641164371686e-07,-0.001026038538975603
1.954700517720243e-07,-0.0009790554296986072
1.954763325755919e-07,-0.0009087092535349084
1.954815008172528e-07,-0.000843037254438885
1.954872269953937e-07,-0.0007631440115076491
1.954936134976969e-07,-0.0006770512182181088
1.955e-07,-0.0005920545963407104
1.955061010835952e-07,-0.0005251135202624606
1.955135035549532e-07,-0.0004434887428834672
1.955210365338947e-07,-0.0003715056395474374
1.955361024917777e-07,-0.0002551212173781302
1.955554153319376e-07,-0.0001539465106082267
1.955840238987721e-07,-6.906360826653771e-05
1.956147350647282e-07,-2.922279298780804e-05
1.956518934942841e-07,-9.981209588017944e-06
1.956973526718409e-07,-3.43565988651204e-06
1.957593003601614e-07,-1.137196782518369e-06
1.95845900105219e-07,-1.336466203991262e-06
1.959950983933808e-07,-9.548197396430097e-07
1.962605295021293e-07,-1.320964741595506e-06
1.966921195050167e-07,-9.298007858589121e-07
1.972802626449209e-07,-1.306363743637882e-06
1.981037521934265e-07,-9.194079296713176e-07
1.990518760967132e-07,-1.300421671295529e-06
2e-07,-9.154871426859627e-07
2.0003125e-07,-1.25406942365111e-06
2.000834469393398e-07,-1.278764868713905e-06
2.001878408180195e-07,-1.49992390362199e-06
2.00226860715767e-07,-2.794465629682324e-06
2.002424904495187e-07,-3.539179436422798e-06
2.002563923406227e-07,-4.221898234830512e-06
2.00269858465214e-07,-4.791532398906566e-06
2.002740798311216e-07,-5.127397474975759e-06
2.002825225629367e-07,-6.024919480406445e-06
2.002887439350237e-07,-7.29208174698246e-06
2.002942935449569e-07,-1.01029538264717e-05
2.002968964338486e-07,-1.618048050959156e-05
2.002988932634026e-07,-2.044865239044271e-05
2.003012253045975e-07,-2.869735357154652e-05
2.003033613741017e-07,-3.300877322057003e-05
2.003062800768293e-07,-4.620973749925512e-05
2.0030735578047e-07,-5.163050887210324e-05
2.003082176783533e-07,-5.296839909233552e-05
2.003090745131789e-07,-5.326245754553909e-05
2.003103250113389e-07,-4.957607281939283e-05
2.003113663753746e-07,-4.398590700429009e-05
2.003122701864592e-07,-3.67154508053987e-05
2.003130126173823e-07,-2.989440773717098e-05
2.003138639889872e-07,-2.125270020295894e-05
2.003150611772477e-07,-1.458033180333286e-05
2.003159214733866e-07,-1.091466422672486e-05
2.003168308877467e-07,-9.360587463355258e-06
2.003179321024752e-07,-6.875131190050592e-06
2.003201345319322e-07,-5.675387200641684e-06
2.003227674182e-07,-4.108585010582506e-06
2.003261955953862e-07,-4.560459034585161e-06
2.003307084651832e-07,-3.87590744920068e-06
2.00338222078126e-07,-5.087405781504156e-06
2.003477758364741e-07,-5.106979316076062e-06
2.003619315423251e-07,-7.27812136417842e-06
2.003849622053818e-07,-9.201919954194239e-06
2.00428146850382e-07,-1.544152713782195e-05
2.00464073425191e-07,-1.717091985693317e-05
2.004820367125955e-07,-1.723357393346728e-05
2.005e-07,-1.422497508734137e-05
2.005093162324814e-07,-1.264974641287385e-05
2.005214745583571e-07,-1.058349184144774e-05
2.005330889105811e-07,-8.772886011240195e-06
2.00556317615029e-07,-5.809173238512473e-06
2.005832236709029e-07,-3.61312569676407e-06
2.0061917656763e-07,-2.115322942445435e-06
2.006639724583347e-07,-1.442341099504329e-06
2.007333460115623e-07,-1.155898066583556e-06
2.008457716539434e-07,-1.117746729200352e-06
2.00978706612548e-07,-1.099425806377181e-06
2.010928873810623e-07,-1.11354962375897e-06
2.012351935627256e-07,-1.098974225344998e-06
2.015175890009173e-07,-1.113245543633597e-06
2.020823798773006e-07,-1.098499024142971e-06
2.032119616300671e-07,-1.1123611607845e-06
2.05e-07,-1.09739308319156e-06
2.05068581296256e-07,-2.131745912911021e-06
2.051617776752942e-07,-2.364350998616332e-06
2.052077794002315e-07,-5.365916870672778e-06
2.052271081654932e-07,-5.071953589756201e-06
2.052407720521044e-07,-2.669514281525345e-07
2.05258210398957e-07,1.069808325058282e-05
2.052724662960085e-07,1.119873612343375e-05
2.052782085121287e-07,6.929047622967553e-06
2.05283136978706e-07,-1.400346132967663e-06
2.05287527931104e-07,-7.628559300916622e-06
2.052923473274714e-07,-9.076505916996262e-06
2.052966732900073e-07,-1.255748126357586e-05
2.052995852865957e-07,-1.903848551231424e-05
2.053026633402961e-07,-2.560269729784533e-05
2.053059951941823e-07,-3.203533728317779e-05
2.053095501135044e-07,-3.96939094006823e-05
2.053134786934605e-07,-6.00974955589083e-05
2.053155198448799e-07,-7.039820397140036e-05
2.053176881141651e-07,-7.985756627439552e-05
2.053197267289261e-07,-8.226734602017035e-05
2.053222287018231e-07,-9.006917765938862e-05
2.053241335556283e-07,-8.491002406654716e-05
2.053259689653527e-07,-7.237230504888766e-05
2.053275683071401e-07,-6.196755235066824e-05
2.053299009408875e-07,-5.020799666127956e-05
2.053319131409622e-07,-4.950942096427583e-05
2.053340332794306e-07,-5.113345739150073e-05
2.053363456685095e-07,-5.889551322054447e-05
2.0533819260974e-07,-6.294384006975223e-05
2.053402711499084e-07,-8.356447099015005e-05
2.05341825822944e-07,-8.854460552493182e-05
2.053432704693196e-07,-9.77174817456168e-05
2.053450029457717e-07,-8.96798334997654e-05
2.053468431707549e-07,-8.945013286270392e-05
2.053488092991483e-07,-7.866855693895878e-05
2.053513569377751e-07,-7.920088578993726e-05
2.053541968946537e-07,-6.958875840835192e-05
2.053577027337329e-07,-7.37761358300345e-05
2.053613659236312e-07,-7.354492181569935e-05
2.053644747414164e-07,-8.196251213616616e-05
2.053677767360533e-07,-7.720181360796051e-05
2.05372230355778e-07,-7.811140183159759e-05
2.053772475781601e-07,-6.838773288920026e-05
2.053824805912962e-07,-6.948794676519521e-05
2.053878312923938e-07,-6.282547421982732e-05
2.053939369412585e-07,-7.334901701589137e-05
2.054016546311482e-07,-0.0001570708966013909
2.054102165204576e-07,-0.0004944649673522965
2.054164092808702e-07,-0.0008937256406512569
2.054227151050203e-07,-0.001342286425421013
2.054276547711523e-07,-0.001604636193913273
2.054329435784998e-07,-0.001812437877583373
2.054391528814457e-07,-0.001925089828052004
2.05445780309795e-07,-0.001926203688172159
2.054522258050663e-07,-0.001675684731726547
2.054574253857526e-07,-0.001413650571826868
2.054620850519003e-07,-0.001181373866745351
2.05466287512068e-07,-0.001047442771313585
2.05471400592062e-07,-0.0008672000047195719
2.054759305281553e-07,-0.0007391195364723879
2.05480964050345e-07,-0.0005594584193457454
2.054866218148401e-07,-0.0004081122791559672
2.054920484502142e-07,-0.0002635384145391129
2.054960242251071e-07,-0.0002083030138809678
2.055e-07,-0.000138757052544602
2.055038594127778e-07,-0.0001100683580719795
2.055092799227134e-07,-7.01724803855653e-05
2.055146318488975e-07,-4.547619434099552e-05
2.055238715564703e-07,-2.227066925325123e-05
2.055344519480656e-07,-1.055981963105949e-05
2.055477845981535e-07,-5.136413409542359e-06
2.055657623783242e-07,-2.167016879228371e-06
2.055911350753246e-07,-1.558376712979351e-06
2.056256383385949e-07,-9.823405058814631e-07
2.056763400937257e-07,-1.384826048807749e-06
2.057636801370375e-07,-9.397625194782629e-07
2.058863388400376e-07,-1.35464004961698e-06
2.060582810295798e-07,-9.129781791219861e-07
2.062985800407136e-07,-1.337586949353471e-06
2.06646851664613e-07,-8.990023358724554e-07
2.071518819228288e-07,-1.328246450294377e-06
2.078792788970073e-07,-8.917481650823696e-07
2.089259457693512e-07,-1.3234864085775e-06
2.1e-07,-8.884861358267196e-07
2.1003125e-07,-6.239933488671516e-07
2.100834469393398e-07,-5.881311700526866e-07
2.101095454090097e-07,-6.013091858752484e-07
2.101617423483496e-07,-6.580174555383267e-07
2.102062364442746e-07,-1.30877182537227e-06
2.102233853050941e-07,-1.781079608578042e-06
2.102374057883773e-07,-2.095372582297393e-06
2.102552789943674e-07,-2.186660412054746e-06
2.102697723973566e-07,-2.215622395642652e-06
2.10298759203335e-07,-2.218480859792665e-06
2.103039624923251e-07,-2.06167037275402e-06
2.103143690703052e-07,-1.484367444714874e-06
2.103219539767582e-07,-1.001913122172651e-06
2.103305889633675e-07,-8.083369971141843e-07
2.103394081458962e-07,-8.113244052201812e-07
2.103464324225849e-07,-7.225185027916968e-07
2.103604809759623e-07,-7.380862438422845e-07
2.10388578082717e-07,-6.670160209121609e-07
2.104384196763566e-07,-7.457255320158213e-07
2.105e-07,-8.071682903175488e-07
2.105133530646514e-07,-1.048452548561651e-06
2.105372318731405e-07,-1.111296704636282e-06
2.105593241426219e-07,-1.116773669769524e-06
2.106035086815848e-07,-1.118650294683068e-06
2.106381204263338e-07,-1.118975237169799e-06
2.107073439158319e-07,-1.118145634438081e-06
2.108455551547272e-07,-1.11888269986953e-06
2.111219776325179e-07,-1.11791211231549e-06
2.116748225880992e-07,-1.118744853290809e-06
2.121289888351547e-07,-1.11826960404367e-06
2.123560719586824e-07,-1.119003383545895e-06
2.126457044204183e-07,-1.109760991216048e-06
2.127488116605555e-07,-1.098722053251433e-06
2.129550261408297e-07,-1.019860829141538e-06
2.131001812660675e-07,-9.183411051191922e-07
2.132446522095713e-07,-8.427199448081573e-07
2.132914124828329e-07,-9.043670889112463e-07
2.133147926194636e-07,-1.039341603140632e-06
2.133615528927252e-07,-1.832239570426343e-06
2.133719616409198e-07,-1.965893129850863e-06
2.13392779137309e-07,-2.145171131519547e-06
2.134129924895641e-07,-2.281185648374139e-06
2.134344711570921e-07,-2.561092269268091e-06
2.134409901442827e-07,-3.107837136148755e-06
2.134472776359537e-07,-4.264671754193484e-06
2.134520609018298e-07,-5.365145303695335e-06
2.134575670954557e-07,-6.58381612469811e-06
2.134623300460302e-07,-7.378520847361012e-06
2.134670383628356e-07,-7.831225994069031e-06
2.134725222495176e-07,-7.878671085807824e-06
2.134777081701175e-07,-6.985717286920792e-06
2.134818234925113e-07,-4.966013943262493e-06
2.134850768609942e-07,-4.240766607554158e-06
2.134881537734242e-07,-3.758667180250159e-06
2.13491492232545e-07,-3.862739367106252e-06
2.134953308747376e-07,-3.51645517685159e-06
2.135020271394785e-07,-3.477914011069322e-06
2.135154196689603e-07,-2.206139237313388e-06
2.135268054187738e-07,-1.492093101943095e-06
2.135431837490638e-07,-9.138669203711611e-07
2.135561487463738e-07,-1.182823850941354e-06
2.135690707890734e-07,-9.441584573954834e-07
2.135887684526698e-07,-1.154674580863247e-06
2.136212583021048e-07,-9.517377598445169e-07
2.136632685237371e-07,-1.164520465632818e-06
2.137170767738963e-07,-9.68226521912771e-07
2.137924398779274e-07,-1.185592711541955e-06
2.139329569715642e-07,-9.9942294061725e-07
2.139712236154381e-07,-1.203250055889496e-06
2.140477569031859e-07,-1.002238548947111e-06
2.141543681524715e-07,-1.204465787601201e-06
2.143338431578058e-07,-1.002848775114585e-06
2.146192764082539e-07,-1.204313210811213e-06
2.15e-07,-1.002753403694806e-06
2.150352614734487e-07,2.093787165927985e-06
2.1509507446855e-07,2.181070198862799e-06
2.151649130454813e-07,1.505732580990708e-06
2.151862160341678e-07,2.675033279900959e-08
2.15196867528511e-07,-1.505484620176161e-06
2.152181705171975e-07,-7.052398696583848e-06
2.152426327606231e-07,-1.760601341811169e-05
2.152501250002273e-07,-2.173051190481711e-05
2.152526250002273e-07,3.834084073112128e-07
2.152549048598323e-07,-3.30371905302165e-05
2.15256520950827e-07,-5.491583561916605e-05
2.152580387437089e-07,-9.140698169626226e-05
2.152591485855886e-07,-0.0001062731340347068
2.152601250002273e-07,-0.0001374766369593937
2.15260421577134e-07,-0.0001201732149295914
2.152608924586528e-07,-0.0001175120898552173
2.152613168032798e-07,-0.0001156843339404735
2.152620635657105e-07,-0.0001149368020461771
2.15262988394627e-07,-0.0001148286922060853
2.152639504517358e-07,-0.0001146553301255541
2.152649610873388e-07,-0.0001145582736326142
2.152660629382811e-07,-0.0001150301373914977
2.152672937664285e-07,-0.0001151290762545986
2.152683341025993e-07,-0.0001094898553292708
2.152692381555424e-07,-0.0001088497421372219
2.152699112763506e-07,-0.0001067413832668092
2.15270651709496e-07,-0.0001033797716131482
2.152713424255763e-07,-9.632442535176001e-05
2.152722590679468e-07,-8.283662634968035e-05
2.152734810556996e-07,-6.15111624229069e-05
2.152745065870811e-07,-4.511401029924469e-05
2.152756499734145e-07,-2.691564170591651e-05
2.152768917584921e-07,-7.495124472061165e-06
2.152784666530242e-07,1.985897716117235e-05
2.152805292735098e-07,6.06457808314513e-05
2.152830442811129e-07,0.0001194771206492901
2.152853509335283e-07,0.0001819207395518162
2.152880998305254e-07,0.0002658803116300302
2.152905736016144e-07,0.0003443860052833231
2.15293894805087e-07,0.0004459340738427124
2.152972352827375e-07,0.0005391425550565923
2.153005734110825e-07,0.000621400504522108
2.153043050761972e-07,0.0006980684744790148
2.153090890548596e-07,0.0007643866441876775
2.153114387738375e-07,0.0007790884518013455
2.153133123972565e-07,0.0007829213384367738
2.153152624419168e-07,0.0007801496809045129
2.153170235628529e-07,0.0007636215170872693
2.153186341806843e-07,0.0007385350256501944
2.153198548917019e-07,0.0007227582911871982
2.153214075813233e-07,0.0007140945841095944
2.153226837503973e-07,0.0007099601308409774
2.153242114221785e-07,0.0007029614419797028
2.153258416462351e-07,0.000686730451401612
2.153273182942324e-07,0.0006799386534379526
2.153286105055189e-07,0.0006652481505396455
2.153299845687971e-07,0.000651758954120933
2.153315707733567e-07,0.0006181632038806648
2.153329461647576e-07,0.0005943357445354061
2.153345086754838e-07,0.0005594396334918018
2.15336629406054e-07,0.000526043731705761
2.153397635573397e-07,0.0004713606503763384
2.153427873085402e-07,0.0004289894036486662
2.15346088088435e-07,0.0003730386448080071
2.153494484434546e-07,0.0003224686001094229
2.153534974086387e-07,0.0002538723889526271
2.153587022424895e-07,0.0001822566176751702
2.153658919136543e-07,9.110178274111126e-05
2.153742699099395e-07,1.219901684963414e-05
2.153832439499528e-07,-8.646816434483235e-05
2.153933193860198e-07,-0.0002012393446130144
2.154022247979847e-07,-0.000309733010399924
2.154090075524211e-07,-0.0004160851661637128
2.154146639979761e-07,-0.0005191182795182763
2.154208434776439e-07,-0.0006302347032522005
2.154279302126535e-07,-0.000746764470259269
2.154352036555617e-07,-0.0008500349626433903
2.154435237299631e-07,-0.0009377823568841644
2.154524421114245e-07,-0.0009721256763781989
2.15459409585695e-07,-0.0009597583414318599
2.1546484986753e-07,-0.0009385719078439957
2.154715004127299e-07,-0.0008893349685285982
2.154779781941351e-07,-0.0008220706889945841
2.1548310202349e-07,-0.0007583312918112078
2.154891423356766e-07,-0.0006816418790062038
2.154953787561492e-07,-0.0006017484592029913
2.155e-07,-0.0005470014612009685
2.155067032728126e-07,-0.0004780175467818243
2.155134996742355e-07,-0.0004089067041270768
2.15520568194979e-07,-0.000346140137509088
2.155347052364659e-07,-0.0002435347099665151
2.155531368688068e-07,-0.0001507988869828906
2.155815109105288e-07,-6.847428953387064e-05
2.156118039048021e-07,-2.938282119490622e-05
2.156482785807864e-07,-1.03503106653833e-05
2.156934938817571e-07,-3.484320721407125e-06
2.157546952632559e-07,-1.195806060784462e-06
2.158412682401419e-07,-1.293435419124313e-06
2.159852525300829e-07,-9.725804943102749e-07
2.162520705736607e-07,-1.295724823050275e-06
2.166778994249082e-07,-9.474036670329878e-07
2.172607053245866e-07,-1.284897387647777e-06
2.180734049854311e-07,-9.376163665791602e-07
2.190367024927156e-07,-1.28034190491952e-06
2.2e-07,-9.337559247388656e-07
2.2003125e-07,-1.25414170363522e-06
2.200834469393398e-07,-1.277938439424661e-06
2.201878408180194e-07,-1.499425561167232e-06
2.202268607157669e-07,-2.793590063685056e-06
2.202424900542734e-07,-3.538577668780286e-06
2.20256392183577e-07,-4.221706294764139e-06
2.202698584444051e-07,-4.790690902692277e-06
2.202740798142333e-07,-5.126744474898099e-06
2.202825225538899e-07,-6.025127562131613e-06
2.202887414399694e-07,-7.291400343102003e-06
2.202942922267322e-07,-1.010914166260259e-05
2.202968931043542e-07,-1.619016278957256e-05
2.20298889332699e-07,-2.046108759664995e-05
2.203012198761073e-07,-2.871295036108308e-05
2.203033560350746e-07,-3.302652313650377e-05
2.203062737029187e-07,-4.624835233283988e-05
2.203073487590181e-07,-5.165218392260816e-05
2.20308211071167e-07,-5.29894126241135e-05
2.203090678451065e-07,-5.326690814037632e-05
2.203103176427913e-07,-4.957221926949544e-05
2.20311358411307e-07,-4.3970357646085e-05
2.203122612937305e-07,-3.67035502215435e-05
2.203130034856492e-07,-2.987446011360315e-05
2.203138551087225e-07,-2.123830151773944e-05
2.203150559440272e-07,-1.454803455242775e-05
2.203159157211538e-07,-1.089989099431925e-05
2.203168259121873e-07,-9.34198433672781e-06
2.203179282567492e-07,-6.867323496906409e-06
2.203201329458731e-07,-5.664671928307038e-06
2.203227679231831e-07,-4.108265174138266e-06
2.203262006890452e-07,-4.553851778426797e-06
2.203307214109357e-07,-3.877702767266181e-06
2.203382547961306e-07,-5.083303367017169e-06
2.203478138651188e-07,-5.111041440997819e-06
2.203619912738254e-07,-7.277289968728325e-06
2.203850540721068e-07,-9.21307418900028e-06
2.204283996985819e-07,-1.546032541724731e-05
2.20464199849291e-07,-1.716495968018494e-05
2.204820999246455e-07,-1.721102994672576e-05
2.205e-07,-1.421403440683782e-05
2.20509312610179e-07,-1.2636870191908e-05
2.205214493477162e-07,-1.057574185069102e-05
2.205330455277097e-07,-8.769244930773809e-06
2.205562378876966e-07,-5.810890790714745e-06
2.205831474087212e-07,-3.613765926661527e-06
2.206190945556795e-07,-2.115530638767511e-06
2.206638864803237e-07,-1.442104523208677e-06
2.207332131404589e-07,-1.15557173376303e-06
2.208454836169922e-07,-1.117202842353943e-06
2.209788265814872e-07,-1.098858893032158e-06
2.21092977751984e-07,-1.112971927579697e-06
2.212352263928337e-07,-1.09844250962617e-06
2.215165179610547e-07,-1.112711867676297e-06
2.220791010974965e-07,-1.09804881885153e-06
2.232042673703801e-07,-1.111957773875632e-06
2.25e-07,-1.0971050933542e-06
2.250687190751918e-07,-2.131232415902325e-06
2.251620402326858e-07,-2.369338437050854e-06
2.252081691295453e-07,-5.40891638275434e-06
2.252273432193621e-07,-5.038073518711541e-06
2.25240987410914e-07,-1.378323844494539e-07
2.252583298514203e-07,1.074158736075606e-05
2.2527261132948e-07,1.116028278394183e-05
2.252783796930041e-07,6.702223722410278e-06
2.252832411610743e-07,-1.591986793429198e-06
2.252876212774864e-07,-7.704591225781817e-06
2.252924096057986e-07,-9.062606453395371e-06
2.252967415206107e-07,-1.269782196487154e-05
2.25299683972127e-07,-1.923494109936273e-05
2.253027560202375e-07,-2.581527135099303e-05
2.253061114468771e-07,-3.222168298359876e-05
2.253096401422355e-07,-3.999760413853947e-05
2.253135889394753e-07,-6.084538171649381e-05
2.253156601262838e-07,-7.09309680183275e-05
2.253178147525693e-07,-8.031265280872854e-05
2.253198995379765e-07,-8.236198768835273e-05
2.253223266340783e-07,-9.068762136497067e-05
2.253242260864173e-07,-8.371354839761069e-05
2.253260393767762e-07,-7.25165787776838e-05
2.253276458930233e-07,-6.075286681423168e-05
2.253298602839689e-07,-5.10626985145747e-05
2.253318965955163e-07,-4.880368474636464e-05
2.253340026918755e-07,-5.18172408926894e-05
2.253363191743261e-07,-5.816419262169526e-05
2.253381580267039e-07,-6.345490733869655e-05
2.253401943148538e-07,-8.176808360742302e-05
2.253417664676831e-07,-8.927223136598992e-05
2.253431564723299e-07,-9.655971302156035e-05
2.253448219687753e-07,-9.131466413961924e-05
2.253466821832264e-07,-8.889489866411534e-05
2.253485471886937e-07,-8.042910853155649e-05
2.253510128696716e-07,-7.871481375582834e-05
2.253538111887606e-07,-7.117897069444911e-05
2.25357207311942e-07,-7.242265594723039e-05
2.253607932176883e-07,-7.367571979281723e-05
2.253639001426544e-07,-8.044881682233587e-05
2.253672620894093e-07,-7.852714471404316e-05
2.253711919388432e-07,-7.807764834555646e-05
2.253761498203781e-07,-7.060936391426672e-05
2.25381382018164e-07,-6.891453357550016e-05
2.253867526891565e-07,-6.417890465945493e-05
2.253925681348874e-07,-6.900573838411012e-05
2.253998321717784e-07,-0.000121781662504692
2.254063512798713e-07,-0.0003080991256209858
2.254128681545946e-07,-0.0006329019486282989
2.254188323505403e-07,-0.00104500974270741
2.254247754143927e-07,-0.001395789162310211
2.254292823754269e-07,-0.001612804019360273
2.254352477714054e-07,-0.001777287744785581
2.254407492268088e-07,-0.001859796597031149
2.254465905189641e-07,-0.001795282551181649
2.254517707170623e-07,-0.001635516676957572
2.25456791993542e-07,-0.001415676512083156
2.254623521540681e-07,-0.00120005207698303
2.254665087615285e-07,-0.001055554068584406
2.254717236700398e-07,-0.0008929495244871576
2.254774249468854e-07,-0.0007034367400888325
2.254828958908521e-07,-0.0005280168164212441
2.254883977593755e-07,-0.0003672987021439723
2.254950443560392e-07,-0.0002251617213942375
2.255e-07,-0.0001504221124490713
2.25503896272623e-07,-0.0001134339620967334
2.255100769730831e-07,-6.75484590472191e-05
2.255155312814424e-07,-4.327329270674576e-05
2.25524918873828e-07,-2.110254874345974e-05
2.255356051711985e-07,-9.864542810626792e-06
2.255489098552897e-07,-4.998596958238475e-06
2.255679688076329e-07,-1.946947277399749e-06
2.255931724963326e-07,-1.602758583932002e-06
2.256286468855253e-07,-9.167742519650893e-07
2.256804692119892e-07,-1.445794804618726e-06
2.257727730778868e-07,-8.766503920439737e-07
2.258981743887185e-07,-1.41491832333604e-06
2.260748725918974e-07,-8.51026250793859e-07
2.263214390041006e-07,-1.398058093972045e-06
2.26680554942385e-07,-8.375745983169419e-07
2.272009072953644e-07,-1.38886525480296e-06
2.279497750861025e-07,-8.3060402625574e-07
2.290271810135462e-07,-1.384222787203566e-06
2.3e-07,-8.276015212202714e-07
2.3003125e-07,-6.27120043875331e-07
2.300834469393398e-07,-5.926349097350847e-07
2.301095454090097e-07,-6.047684074496692e-07
2.301617423483495e-07,-6.519094293499402e-07
2.302063982505889e-07,-1.2919271337152e-06
2.302236244588869e-07,-1.761474227270857e-06
2.302376515516237e-07,-2.069329374221817e-06
2.302554604320616e-07,-2.154923155272931e-06
2.302699848085741e-07,-2.182371242884036e-06
2.302990335615989e-07,-2.178897736196929e-06
2.303042216294609e-07,-2.016919182052519e-06
2.30314597765185e-07,-1.434511073281417e-06
2.303221381196739e-07,-9.662205215613041e-07
2.303309624830602e-07,-7.828178286968192e-07
2.303395441667818e-07,-7.865573075321907e-07
2.303466737116164e-07,-7.125503119449363e-07
2.303609328012856e-07,-7.251353794087029e-07
2.303888710847561e-07,-6.7215826927381e-07
2.304357072467414e-07,-7.378230885552605e-07
2.305e-07,-8.088782740467347e-07
2.305134425031142e-07,-1.046515365690969e-06
2.305376021457038e-07,-1.111181262182662e-06
2.305601965996398e-07,-1.116653385171981e-06
2.306053855075118e-07,-1.118465446961226e-06
2.306404062103774e-07,-1.118783070005184e-06
2.307104476161086e-07,-1.117956649910799e-06
2.30850530427571e-07,-1.118707211056299e-06
2.311306960504957e-07,-1.117752041456934e-06
2.316910272963451e-07,-1.118650197869657e-06
2.320365602621109e-07,-1.118138742949479e-06
2.324199918364373e-07,-1.117667259681487e-06
2.326117076236006e-07,-1.107614891719555e-06
2.327075655171822e-07,-1.095062649873538e-06
2.328992813043455e-07,-1.016838323427266e-06
2.330354701544983e-07,-9.210768735090829e-07
2.331790188958569e-07,-8.429836493593801e-07
2.332268752975622e-07,-8.911684591854713e-07
2.332508034984149e-07,-1.009447481069315e-06
2.332986599001202e-07,-1.786286996758134e-06
2.333096171508112e-07,-1.939763529629733e-06
2.33331531652193e-07,-2.140129134702526e-06
2.333521362833782e-07,-2.277713569407744e-06
2.333741047138501e-07,-2.566103324466262e-06
2.333805644113913e-07,-3.114349418964671e-06
2.333869000960153e-07,-4.286545220579609e-06
2.333916827917932e-07,-5.388220869656189e-06
2.333971708768979e-07,-6.600592576477594e-06
2.334019432629133e-07,-7.392898827401449e-06
2.334067526802973e-07,-7.844057896603999e-06
2.334122210634399e-07,-7.872430303136092e-06
2.334174050870754e-07,-6.917324171580052e-06
2.334214553946521e-07,-4.925365592754509e-06
2.334247248502245e-07,-4.216262449216001e-06
2.334279061422447e-07,-3.74845004947276e-06
2.334312420780306e-07,-3.855272733732345e-06
2.334351449637224e-07,-3.507736286381677e-06
2.334421372371576e-07,-3.449137789205377e-06
2.334561217840281e-07,-2.08618226917522e-06
2.334674632889654e-07,-1.438283647335748e-06
2.334799553862444e-07,-9.517566512194774e-07
2.334927842680782e-07,-1.188627991777297e-06
2.335050754249753e-07,-9.344562629293494e-07
2.335258170501238e-07,-1.167667851507879e-06
2.335657636975758e-07,-9.391210757629793e-07
2.336081033008664e-07,-1.179020650285657e-06
2.336625402253671e-07,-9.556710198016606e-07
2.337374789437971e-07,-1.200166477303579e-06
2.338873563806572e-07,-9.868860360797909e-07
2.339238808603823e-07,-1.217421768825121e-06
2.339969298198326e-07,-9.888885950335677e-07
2.341035023990158e-07,-1.218070616161706e-06
2.343051174975498e-07,-9.892862994880963e-07
2.346368157386934e-07,-1.217941681620756e-06
2.35e-07,-9.89182705568998e-07
2.350346446147293e-07,2.092335977323125e-06
2.350937579871744e-07,2.182719281933993e-06
2.351616441276461e-07,1.616944641762924e-06
2.351837643457914e-07,2.974013277089418e-07
2.35194824454864e-07,-1.148118263700188e-06
2.352169446730093e-07,-6.62947949364002e-06
2.352422346959814e-07,-1.732668743165877e-05
2.352501250002273e-07,-2.171558845029538e-05
2.352526250002273e-07,3.34230835715638e-05
2.352549618149257e-07,-2.99201675557735e-05
2.352566190776689e-07,1.300692055593234e-06
2.352583970307343e-07,-6.660006808120244e-05
2.352592610154808e-07,-2.615657909651663e-05
2.352601250002273e-07,-8.916539703050132e-05
2.35260455267939e-07,-7.959002642846188e-05
2.352608942725691e-07,-8.013620435441225e-05
2.352613007054258e-07,-8.021794853629773e-05
2.352620275148893e-07,-8.090235143145733e-05
2.3526312094741e-07,-7.87497484220097e-05
2.352642914417875e-07,-7.587778279998967e-05
2.35265480272477e-07,-7.299160101156191e-05
2.35266682629554e-07,-7.448170875296956e-05
2.352679468388173e-07,-7.250007949908284e-05
2.352688739413909e-07,-6.877085397621634e-05
2.352698791538286e-07,-6.80190400949811e-05
2.352707482115219e-07,-6.819525664723583e-05
2.352714600521409e-07,-6.797012817767654e-05
2.352723341564071e-07,-6.429207310417057e-05
2.352737446752273e-07,-5.457852034903082e-05
2.352747596700297e-07,-4.483224426092749e-05
2.352759568874615e-07,-3.221526089944834e-05
2.352774227799265e-07,-1.329480720471238e-05
2.352796282363668e-07,2.098793797500921e-05
2.352820125209588e-07,6.86578104967939e-05
2.352844679078068e-07,0.0001280813627041277
2.352870945998863e-07,0.0002036763024978244
2.352895369059526e-07,0.0002795890567732056
2.35292422200663e-07,0.0003694778611101199
2.352955348838346e-07,0.0004603653442484274
2.352987360881287e-07,0.0005451877938353775
2.353022210256384e-07,0.0006249481609449605
2.35306403762566e-07,0.0006995959014810441
2.353092215001061e-07,0.0007323272868528729
2.353113150913931e-07,0.0007450939022699786
2.353136477816378e-07,0.0007492551723344492
2.353154496018035e-07,0.0007443078868370204
2.353173644347408e-07,0.0007201627237152474
2.3531885856756e-07,0.0006929986868891959
2.353201139738719e-07,0.0006753797481921916
2.353216725779237e-07,0.0006650880899831628
2.353229462441236e-07,0.0006594727120688378
2.353245752722116e-07,0.000646523759459431
2.353261837475812e-07,0.0006311025538045412
2.353276705154017e-07,0.0006349294472604768
2.353289396796724e-07,0.0006272083181502079
2.353304343009406e-07,0.0006192141060323423
2.353319630676911e-07,0.0005872195165316561
2.353333657619843e-07,0.0005660184024140387
2.353350143145329e-07,0.0005293643426900633
2.353374349184525e-07,0.0004936499724754997
2.353405225153045e-07,0.0004391037394680819
2.353437342340544e-07,0.0003969808308850361
2.353470355265472e-07,0.0003416984054096271
2.353505184526035e-07,0.0002956337441614763
2.353548099157078e-07,0.0002310890015827101
2.353605327595967e-07,0.0001695843357542839
2.353678840207244e-07,9.520924157592807e-05
2.353757762398206e-07,3.649449513219849e-05
2.353850022659233e-07,-5.895829937382242e-05
2.353947811625958e-07,-0.0001528687003262516
2.354020625003796e-07,-0.0002463874914992654
2.354090704141288e-07,-0.000374074281454812
2.354162749020805e-07,-0.0005187825882407634
2.354222091868682e-07,-0.0006271899809058464
2.354303044976154e-07,-0.0007650993184928269
2.35438033579703e-07,-0.0008677607223158587
2.354475613256883e-07,-0.0009529141433731519
2.354555319299676e-07,-0.0009577845734010251
2.354605186216415e-07,-0.0009503327635772189
2.354653552687671e-07,-0.0009263214885090753
2.354715377318016e-07,-0.0008846198653227919
2.354772854492871e-07,-0.0008215239773205871
2.354824957950864e-07,-0.0007628900644239862
2.354882479017805e-07,-0.0006853032305908337
2.354941239508903e-07,-0.0006153198862665659
2.355e-07,-0.0005398738357278497
2.355078245463015e-07,-0.0004639900988748361
2.355155529146197e-07,-0.0003877962758118576
2.355235177251626e-07,-0.0003207351146570597
2.355388933975011e-07,-0.0002176305067118678
2.35557353492945e-07,-0.0001341923121350037
2.355863324778714e-07,-5.955727596236959e-05
2.356171706793856e-07,-2.524654453016806e-05
2.356551160575948e-07,-8.506173285805502e-06
2.357025055795513e-07,-2.941600035267367e-06
2.357673242975778e-07,-1.076185823508526e-06
2.358601649666475e-07,-1.329725728925905e-06
2.360197209462103e-07,-9.644190897683912e-07
2.363127220163446e-07,-1.31042532746737e-06
2.367599371307381e-07,-9.397642534886375e-07
2.373759261133826e-07,-1.29612810424745e-06
2.38236251846826e-07,-9.295882027437962e-07
2.391181259234129e-07,-1.29044680771534e-06
2.4e-07,-9.259410585786486e-07
2.4003125e-07,-1.254350847994583e-06
2.400834469393398e-07,-1.278959673588779e-06
2.401878408180195e-07,-1.500251160280046e-06
2.40226860715767e-07,-2.794570778723298e-06
2.40242492794991e-07,-3.539592655167746e-06
2.402563936427418e-07,-4.222196842985655e-06
2.40269859107629e-07,-4.791675492406585e-06
2.40274079896676e-07,-5.127528465955119e-06
2.4028252147477e-07,-6.025995506684122e-06
2.402887397108074e-07,-7.292037900797573e-06
2.402942906476885e-07,-1.01098918447064e-05
2.402968915563055e-07,-1.619172486301126e-05
2.402988876711308e-07,-2.046307591206131e-05
2.403012181380837e-07,-2.871605695968294e-05
2.403033541256583e-07,-3.303057096176395e-05
2.4030627152571e-07,-4.625346219603195e-05
2.403073464928845e-07,-5.165754268247441e-05
2.403082087486177e-07,-5.299338261380822e-05
2.403090654616663e-07,-5.327120918829805e-05
2.403103151883714e-07,-4.957393422764628e-05
2.403113559040742e-07,-4.397330352366893e-05
2.403122587346854e-07,-3.670449082114933e-05
2.403130008869161e-07,-2.987694030141856e-05
2.403138524758856e-07,-2.123873859326719e-05
2.403150532234873e-07,-1.45501011912548e-05
2.403159129818354e-07,-1.089957816007234e-05
2.403168231262785e-07,-9.344265772516078e-06
2.403179253953302e-07,-6.866537322248779e-06
2.403201299334336e-07,-5.667164826873737e-06
2.403227648363509e-07,-4.107133235703477e-06
2.403261975004577e-07,-4.556121881039708e-06
2.403307181426121e-07,-3.876211039755804e-06
2.403382513346265e-07,-5.085294995300349e-06
2.403478085877829e-07,-5.109069390436396e-06
2.403619827654466e-07,-7.278468453078232e-06
2.403850377677549e-07,-9.209298023398876e-06
2.404284085527204e-07,-1.546272086594191e-05
2.404642042763602e-07,-1.716172870591474e-05
2.404821021381801e-07,-1.72107292800965e-05
2.405e-07,-1.421005243997284e-05
2.405093127853464e-07,-1.263492701195692e-05
2.405214488385414e-07,-1.057424081800073e-05
2.405330444615321e-07,-8.768207286117041e-06
2.405562357075136e-07,-5.810652409180954e-06
2.405831479261228e-07,-3.613874428971186e-06
2.406190989048251e-07,-2.115998452378783e-06
2.406638974614779e-07,-1.442807635336503e-06
2.407332344310097e-07,-1.156405564159026e-06
2.408454890244654e-07,-1.11804070769093e-06
2.409788865043631e-07,-1.099661845380436e-06
2.410930353036691e-07,-1.113759824608567e-06
2.412352851700488e-07,-1.09921113606153e-06
2.415164836768121e-07,-1.113441954357024e-06
2.420788806903387e-07,-1.098715964130518e-06
2.432036747173919e-07,-1.112521259737765e-06
2.45e-07,-1.097557752018789e-06
2.45068729676205e-07,-2.108724223018929e-06
2.451620604309702e-07,-2.306627573628875e-06
2.45208199115718e-07,-4.868549556136054e-06
2.452273613762879e-07,-4.006511050674043e-06
2.452410040678766e-07,1.30670946251581e-06
2.452583391681302e-07,1.263574138748549e-05
2.45272622709069e-07,1.340038782370965e-05
2.452783931433309e-07,9.025260021427188e-06
2.452832494750152e-07,7.574786660294328e-07
2.452876287613931e-07,-5.318460375228419e-06
2.45292414686e-07,-6.661945949300691e-06
2.452967471354473e-07,-1.136697394852856e-05
2.45299692091567e-07,-2.062512542893869e-05
2.453027637211875e-07,-2.985532761353719e-05
2.453061211696517e-07,-3.82859946683048e-05
2.453096478617814e-07,-4.809017722828776e-05
2.453136005617499e-07,-7.653210981535366e-05
2.453156745814214e-07,-8.981323581755288e-05
2.453178281995796e-07,-0.0001018698379324124
2.453199178743376e-07,-0.0001028847783963752
2.453223381648558e-07,-0.0001131299225331355
2.453242373750899e-07,-0.0001006063614154951
2.453260485914411e-07,-8.238141485513527e-05
2.453276563743467e-07,-6.310771558760144e-05
2.453298635763398e-07,-4.666498036455315e-05
2.453319054749837e-07,-3.947012044025324e-05
2.453340109476851e-07,-3.919624900232487e-05
2.453363456066079e-07,-4.148880002195496e-05
2.453381912096984e-07,-4.495922913878667e-05
2.453402730401576e-07,-5.68954417234329e-05
2.453418312250097e-07,-6.143619677596774e-05
2.453432763575784e-07,-6.599793958694021e-05
2.453450104262629e-07,-6.192185955553922e-05
2.453468499495559e-07,-6.028996422990904e-05
2.453488179781366e-07,-5.445853043362644e-05
2.453513668287766e-07,-5.337317148403444e-05
2.453542079858661e-07,-4.834809012725531e-05
2.453577168733728e-07,-4.971967382660128e-05
2.45361382745405e-07,-5.095304892376438e-05
2.453644928845816e-07,-5.518150730072802e-05
2.453677946639727e-07,-5.342530003693148e-05
2.453722613833937e-07,-5.262229945404295e-05
2.453772773526068e-07,-4.752792249669355e-05
2.453825106548888e-07,-4.684387020598547e-05
2.453878625315652e-07,-4.376394493559602e-05
2.453939752580503e-07,-4.934891339570329e-05
2.454017037280357e-07,-0.000107611529706704
2.454107503203868e-07,-0.0003649042064303363
2.45417554147504e-07,-0.0007091137549977678
2.454246043208207e-07,-0.001101578369362685
2.454302288780639e-07,-0.001340332553460725
2.454358953514148e-07,-0.001509981803786747
2.45443011627121e-07,-0.001609763648616198
2.454502037972672e-07,-0.001588738458627496
2.454572387502242e-07,-0.001370098108567651
2.454631331744226e-07,-0.001164081101041757
2.454678548933632e-07,-0.0009948892471361209
2.454733939635016e-07,-0.0008386227619546253
2.454791838218092e-07,-0.0006352209038403218
2.45484012318091e-07,-0.0004985183427653047
2.454898708161707e-07,-0.0003217222162561897
2.454953543425035e-07,-0.0002246106045578459
2.455e-07,-0.0001410450528732012
2.45503837757266e-07,-0.0001113299719361285
2.455094035659124e-07,-6.900658980528204e-05
2.455149472199925e-07,-4.32396401324048e-05
2.455243013894815e-07,-2.043064597201449e-05
2.455346556510278e-07,-9.604202105427049e-06
2.45547832875002e-07,-4.773120737043245e-06
2.455654530737217e-07,-2.018513637503062e-06
2.455903992457471e-07,-1.580852588403664e-06
2.456244168517514e-07,-9.230016120331836e-07
2.456741314222272e-07,-1.410742703827528e-06
2.457588681159463e-07,-8.855212699412873e-07
2.458801499791448e-07,-1.388783029784792e-06
2.460497468261678e-07,-8.640610018607092e-07
2.462867519544027e-07,-1.376222615026237e-06
2.46629282626891e-07,-8.532191999882514e-07
2.471263227505674e-07,-1.369363908445444e-06
2.478426162689238e-07,-8.476467202333187e-07
2.488733109213722e-07,-1.365849309167496e-06
2.5e-07,-8.450781115548847e-07
2.500312500000001e-07,-6.303639257407228e-07
2.500834469393399e-07,-5.96401374069626e-07
2.501095454090098e-07,-6.081623974875448e-07
2.501617423483497e-07,-6.456748113311035e-07
2.502065484766282e-07,-1.274329990993248e-06
2.502238542616393e-07,-1.742233484688249e-06
2.502378807719133e-07,-2.041974147330545e-06
2.502556255638477e-07,-2.124081701488458e-06
2.502701816113734e-07,-2.148571397184232e-06
2.502992937064248e-07,-2.142488164114271e-06
2.50304467162343e-07,-1.974369679864754e-06
2.503148140741795e-07,-1.390009798251193e-06
2.503223135928918e-07,-9.34314643512817e-07
2.503313395626175e-07,-7.611294537942879e-07
2.503397376890571e-07,-7.692730239907291e-07
2.503469505585113e-07,-7.025182162508897e-07
2.503613762974198e-07,-7.186136577781309e-07
2.503889921760432e-07,-6.733325132909304e-07
2.504363518286297e-07,-7.362221099223911e-07
2.505e-07,-8.08543499427263e-07
2.505135016403151e-07,-1.044924219614008e-06
2.505375964833773e-07,-1.110325619348045e-06
2.505600860290324e-07,-1.116089489678243e-06
2.506050651203425e-07,-1.11795222246872e-06
2.506400756486562e-07,-1.118337054278692e-06
2.507100967052835e-07,-1.117464789000663e-06
2.508501388185381e-07,-1.118298627962424e-06
2.511302230450474e-07,-1.117343746267195e-06
2.516903914980661e-07,-1.118398680435611e-06
2.519704757245754e-07,-1.117834551227683e-06
2.52530644177594e-07,-1.109671647595811e-06
2.526650138329687e-07,-1.091087799995985e-06
2.528043084137447e-07,-1.039734139503811e-06
2.529692213888931e-07,-9.271234075654468e-07
2.531013945069637e-07,-8.507216997764105e-07
2.531486170663913e-07,-8.598979801840938e-07
2.532430621852465e-07,-1.974718062045242e-06
2.532606750247219e-07,-2.097754865106406e-06
2.532694814444595e-07,-2.135930678143806e-06
2.532870942839349e-07,-2.2549742100752e-06
2.533069866715557e-07,-2.426570332335782e-06
2.533167388210669e-07,-2.817347363664351e-06
2.533223854438726e-07,-3.662269468836293e-06
2.533271742499079e-07,-4.618818863076759e-06
2.533336740701717e-07,-6.158213083513348e-06
2.533384914281759e-07,-6.991824139924324e-06
2.533447856662385e-07,-7.821025710391608e-06
2.533507559952356e-07,-7.793057423573087e-06
2.533561478265983e-07,-6.981527451380237e-06
2.533603833975834e-07,-4.809507091993496e-06
2.533636950121092e-07,-4.244105466128009e-06
2.533668451421215e-07,-3.668245275281552e-06
2.533702039151278e-07,-3.898984918596988e-06
2.533741499335793e-07,-3.429793463140857e-06
2.533813402636323e-07,-3.491287196092995e-06
2.533957209237383e-07,-1.983858654015174e-06
2.534071810418248e-07,-1.48357310317503e-06
2.534194854872059e-07,-8.939207503713001e-07
2.534323534437172e-07,-1.25095522141837e-06
2.53444774517958e-07,-8.732545216757381e-07
2.53466181465244e-07,-1.230774376202488e-06
2.535056615436639e-07,-8.770421251312525e-07
2.535486533822772e-07,-1.241859197759025e-06
2.536040002030292e-07,-8.934092547855411e-07
2.536816493727926e-07,-1.263131358474444e-06
2.538369477123195e-07,-9.246408035879351e-07
2.539834863250642e-07,-1.281322183492828e-06
2.541080367088886e-07,-9.262002674808495e-07
2.542500159683914e-07,-1.281057026825149e-06
2.545339744873969e-07,-9.262594267660756e-07
2.55e-07,-1.280863929889618e-06
2.550381194796119e-07,1.828328713134846e-06
2.551011222850093e-07,1.865582883112486e-06
2.551756236426183e-07,8.200961264525461e-07
2.551942489820205e-07,-1.021080044226871e-06
2.552035616517217e-07,-2.609114815619905e-06
2.55222186991124e-07,-7.721199098609974e-06
2.552441940891056e-07,-1.720815723996212e-05
2.552501250002273e-07,-2.027206336935975e-05
2.552526250002273e-07,-3.133939504624159e-05
2.552546921351738e-07,-3.069748764834824e-05
2.552561417954541e-07,-9.956877414078309e-05
2.552572048299822e-07,-9.593334522579831e-05
2.552582985103324e-07,-0.0001606556215575201
2.552592117552798e-07,-0.0001549796698295314
2.552601250002273e-07,-0.0002189692860944677
2.55260410570832e-07,-0.0001602811816030104
2.552608539325101e-07,-0.0001547447138072162
2.55261261621869e-07,-0.0001509276138859167
2.552619919758262e-07,-0.0001485206276474622
2.552629221246824e-07,-0.0001502014614984063
2.552638723542304e-07,-0.0001525490001254115
2.552648992477601e-07,-0.0001560049209416789
2.552659650844711e-07,-0.0001584950025573958
2.55267197721037e-07,-0.0001597320879597994
2.552682716151079e-07,-0.00015458641799847
2.552691742067391e-07,-0.0001565467691901863
2.552698694860998e-07,-0.0001561728366998733
2.552706309539355e-07,-0.0001502384270681224
2.552713189709927e-07,-0.0001405424219398819
2.552722023473904e-07,-0.0001204314638383237
2.552733964037938e-07,-9.364821320922388e-05
2.552744167397333e-07,-7.415174018668751e-05
2.552755457675204e-07,-5.778340993871446e-05
2.552767765799291e-07,-4.08383226773471e-05
2.552783114191496e-07,-2.089750586721779e-05
2.552803117462538e-07,1.114707083357137e-05
2.552827924216881e-07,5.828156091612691e-05
2.55285096295379e-07,0.0001142607408953126
2.552878722683475e-07,0.0001938933965194036
2.552903147332162e-07,0.0002729150663267069
2.552937808353729e-07,0.0003832777110519443
2.552971144545315e-07,0.0004844336481979892
2.553004506087291e-07,0.000573899977161459
2.553041279309707e-07,0.0006592249238933478
2.553088613821186e-07,0.0007354705332993113
2.553111752396169e-07,0.0007573579308210879
2.553130679193988e-07,0.0007650942291769369
2.553150698423962e-07,0.0007682404840877246
2.553167848593848e-07,0.0007596067199604572
2.553179698686997e-07,0.0007489372447399771
2.553192010951117e-07,0.0007341831210753073
2.553204508536569e-07,0.0007272632493953555
2.553218340119369e-07,0.0007213583699945445
2.553231311142257e-07,0.0007203656575823081
2.553247986180174e-07,0.0007071989526848838
2.553264027956718e-07,0.0006957253028602944
2.553278571246578e-07,0.0006864978640208455
2.55329125564784e-07,0.0006763469709865406
2.553307021464877e-07,0.0006558521897453541
2.553322299586256e-07,0.0006294582193657804
2.553336782178059e-07,0.0006025191564663316
2.553353569929386e-07,0.0005722673050212355
2.553379097613371e-07,0.0005278159470758824
2.553408916960668e-07,0.0004787259213150026
2.553442357841146e-07,0.000423820155143202
2.553475195688551e-07,0.000368545910316735
2.553510997885112e-07,0.0003057213393966922
2.553555038975012e-07,0.0002296803514670892
2.553614999561733e-07,0.0001321835097078422
2.553699090307316e-07,1.696565597352774e-05
2.553797992845229e-07,-9.323174452739865e-05
2.553897249999569e-07,-0.0001936192934791172
2.553994991954184e-07,-0.0002876440279972171
2.554080718709231e-07,-0.0003519681006248401
2.554152866284173e-07,-0.0004111782963943706
2.554204579126249e-07,-0.000468012856209953
2.554270282885917e-07,-0.0005383352442459504
2.554324185314021e-07,-0.0005987900697308244
2.554415638954415e-07,-0.0006848009714482244
2.554501488832973e-07,-0.0007522491951535941
2.554605891769054e-07,-0.0007906980851563629
2.554700492181191e-07,-0.0007712251386990405
2.554763978924226e-07,-0.000721484539527376
2.554829902013645e-07,-0.0006565530597583564
2.554884290523494e-07,-0.0005932965452076488
2.554942145261747e-07,-0.0005306675854484195
2.555e-07,-0.0004668328269011364
2.555073688092429e-07,-0.000402995305440326
2.555149094648643e-07,-0.0003375315641235351
2.555226762094231e-07,-0.0002799975203565942
2.555382096985406e-07,-0.0001888557772078156
2.555566111257698e-07,-0.0001165247271358574
2.555855775814572e-07,-5.185980703344947e-05
2.556160958931004e-07,-2.228308997878966e-05
2.556536209855279e-07,-7.738460359433333e-06
2.557004013628843e-07,-2.750197076692263e-06
2.557674636004725e-07,-1.068067697577509e-06
2.558643172702728e-07,-1.267506916109246e-06
2.560303063122906e-07,-9.951502102462541e-07
2.563582278751912e-07,-1.254801786686214e-06
2.568132515038701e-07,-9.786856644309669e-07
2.574496058769899e-07,-1.246067269214474e-06
2.583337249905653e-07,-9.721318784402505e-07
2.591668624952827e-07,-1.242591906098981e-06
2.600000000000001e-07,-9.698383621475869e-07
2.600312500000001e-07,-1.25263785427356e-06
2.600834469393399e-07,-1.277199782936963e-06
2.601878408180195e-07,-1.498497078518716e-06
2.602268607157671e-07,-2.793930721908769e-06
2.602424620400079e-07,-3.535570671981005e-06
2.602563779780485e-07,-4.220837794570525e-06
2.602698528008214e-07,-4.788814229459858e-06
2.602740798841636e-07,-5.126808714896178e-06
2.602825340508478e-07,-6.026260492400995e-06
2.602887497682064e-07,-7.294118411323893e-06
2.602943035516534e-07,-1.013453344444942e-05
2.602968962742434e-07,-1.622422406654284e-05
2.60298891344341e-07,-2.049869623862119e-05
2.603012168753865e-07,-2.875209894118901e-05
2.603033551918719e-07,-3.306529813854052e-05
2.603062716269735e-07,-4.635454271441331e-05
2.603073450951148e-07,-5.169555282268344e-05
2.603082096524948e-07,-5.303299631413089e-05
2.603090668664016e-07,-5.325852320322969e-05
2.603103147248487e-07,-4.951899640234405e-05
2.603113541809627e-07,-4.390929210815943e-05
2.603122539269363e-07,-3.661919519018006e-05
2.603129952146698e-07,-2.979905211390128e-05
2.603138485138451e-07,-2.115127828687278e-05
2.603150673547991e-07,-1.442120047977078e-05
2.603159250819969e-07,-1.081432073378755e-05
2.603168393480606e-07,-9.281384576922719e-06
2.60317947771252e-07,-6.813711418422698e-06
2.60320164617635e-07,-5.641013057147109e-06
2.603228102664969e-07,-4.091149200887427e-06
2.603262653983929e-07,-4.552727842235608e-06
2.603308232054481e-07,-3.874184419830621e-06
2.603384497727122e-07,-5.097826981737847e-06
2.603480571459579e-07,-5.124159493668926e-06
2.60362377096898e-07,-7.317922631309808e-06
2.603856890611941e-07,-9.282534186930196e-06
2.604294548201062e-07,-1.557489196842208e-05
2.604647274100531e-07,-1.714771145984093e-05
2.604823637050266e-07,-1.71711300436583e-05
2.605e-07,-1.418485953860508e-05
2.605092941117174e-07,-1.26176803185152e-05
2.605213397409734e-07,-1.057434163390346e-05
2.605328590178403e-07,-8.780707728740405e-06
2.605558975715743e-07,-5.836369800061328e-06
2.605827864399497e-07,-3.629500030199136e-06
2.606186547056533e-07,-2.124188517988984e-06
2.606633381320379e-07,-1.445294480035647e-06
2.607323079454784e-07,-1.156332919060707e-06
2.608441302009431e-07,-1.116610879873641e-06
2.609785390000639e-07,-1.098326483569039e-06
2.610925981691081e-07,-1.112303124498318e-06
2.612345914375965e-07,-1.097930679264495e-06
2.615124549035904e-07,-1.112090603149129e-06
2.62068181835578e-07,-1.097622732762262e-06
2.631796356995533e-07,-1.11147051873239e-06
2.650000000000001e-07,-1.096841106465047e-06
2.650691583017152e-07,-2.130516831902192e-06
2.651628766860007e-07,-2.386791618655985e-06
2.652094114784793e-07,-5.5462676046936e-06
2.652281037967242e-07,-4.919546795976497e-06
2.652416876879587e-07,2.877044060263488e-07
2.652587304416444e-07,1.088112264577584e-05
2.652731104267243e-07,1.101554580516645e-05
2.652789721345984e-07,5.878546330004286e-06
2.652836220146723e-07,-2.279814219789231e-06
2.652879677745365e-07,-7.97127743475314e-06
2.652926537463893e-07,-9.025629529722557e-06
2.652970177009772e-07,-1.327385808531533e-05
2.653000794668179e-07,-2.00419242792956e-05
2.653031375972556e-07,-2.666383527637556e-05
2.653066005866035e-07,-3.304379224345317e-05
2.653100528782554e-07,-4.147797668435225e-05
2.653128706948847e-07,-5.632491920284636e-05
2.653146721671249e-07,-6.658918962863716e-05
2.653167443620269e-07,-7.665044258474401e-05
2.653185754806638e-07,-8.118313776465975e-05
2.653210606904993e-07,-8.547748832037141e-05
2.653230921013376e-07,-9.160491216021619e-05
2.653250034777708e-07,-7.702106152429623e-05
2.65326662410247e-07,-7.056146874045089e-05
2.653284522047577e-07,-5.390063846726386e-05
2.653302990485928e-07,-5.277973971840108e-05
2.653323723672437e-07,-4.666897855601223e-05
2.653344794007814e-07,-5.551500453577105e-05
2.653366175990953e-07,-5.667975279337819e-05
2.653384326836942e-07,-6.705870612756189e-05
2.653398280486153e-07,-7.636417776139793e-05
2.653413248039084e-07,-8.924260926492434e-05
2.653426257679421e-07,-9.314713049207551e-05
2.653442356577538e-07,-9.52825196973804e-05
2.653464689718611e-07,-8.696677927387235e-05
2.653482299796584e-07,-8.395477864007564e-05
2.653505070284595e-07,-7.699019356679186e-05
2.653532542951053e-07,-7.465378751783022e-05
2.65356518270048e-07,-6.966763198388612e-05
2.653600627519128e-07,-7.501714494393946e-05
2.653650511295816e-07,-7.863743570568851e-05
2.653685482941254e-07,-8.032616463093133e-05
2.653727779124026e-07,-7.397173991200718e-05
2.653779742399474e-07,-7.144979691824815e-05
2.653830429795925e-07,-6.562503090502211e-05
2.653885102133519e-07,-6.644020041768498e-05
2.653946563957307e-07,-7.207358299763998e-05
2.654026472111478e-07,-0.000181719387887459
2.654112070284761e-07,-0.0005197697866318
2.654178421619111e-07,-0.0009273063895659536
2.654237294253893e-07,-0.001262037681710009
2.654286081843696e-07,-0.001474048553694691
2.654342902716193e-07,-0.001627507134271764
2.654400291504431e-07,-0.001703607888746574
2.654461979386259e-07,-0.001640360233273645
2.654515862885701e-07,-0.001434657472786406
2.654565457844709e-07,-0.001269371266363004
2.654613259583871e-07,-0.001153005102633346
2.654661175935951e-07,-0.001075021638408953
2.654712377382389e-07,-0.0009387251247776255
2.654763089167776e-07,-0.0008007578203992043
2.654822072250019e-07,-0.0005869937337613597
2.654887002644303e-07,-0.0004020623884637638
2.654941391769644e-07,-0.0002564810328666291
2.655e-07,-0.0001731926453829749
2.655038775959879e-07,-0.0001241588071894976
2.655101028278202e-07,-7.281572422621207e-05
2.65515996164153e-07,-4.470248952626702e-05
2.655261009050632e-07,-2.010393881639346e-05
2.655364939625632e-07,-9.658321745837856e-06
2.655498706445078e-07,-4.838099344266673e-06
2.655685482342558e-07,-1.972431741832405e-06
2.655938912266957e-07,-1.576905589996116e-06
2.656293268909412e-07,-9.481739097384344e-07
2.6568138914437e-07,-1.414407569492633e-06
2.657734011568273e-07,-9.082849114895736e-07
2.658994102579624e-07,-1.382852644303076e-06
2.660766868097389e-07,-8.830840966793506e-07
2.663241714779658e-07,-1.365777167268714e-06
2.666842784408312e-07,-8.698392941218598e-07
2.672062167712086e-07,-1.356500073055786e-06
2.679575167304165e-07,-8.629762561014372e-07
2.6903847088322e-07,-1.351825462120101e-06
2.700000000000001e-07,-8.600503114086672e-07
2.700312500000001e-07,-6.332716947417649e-07
2.700834469393399e-07,-6.017059849759572e-07
2.701095454090098e-07,-6.1215837946047e-07
2.701617423483497e-07,-6.418153313340816e-07
2.702067227879139e-07,-1.259894501996492e-06
2.702240968734655e-07,-1.724002495941352e-06
2.702381312505461e-07,-2.016923745487163e-06
2.702558116112758e-07,-2.092502724562006e-06
2.702704032422085e-07,-2.117089423042791e-06
2.702995865040739e-07,-2.106876920197966e-06
2.703047433754563e-07,-1.934610946541908e-06
2.703150571182211e-07,-1.346589176262844e-06
2.703225121703107e-07,-9.074116049207092e-07
2.703317960665206e-07,-7.433399212992943e-07
2.703400064480321e-07,-7.586288304525545e-07
2.703473201313204e-07,-6.914670724336657e-07
2.703619474978969e-07,-7.196583118740129e-07
2.703912022310499e-07,-6.7066762653448e-07
2.704497116973559e-07,-7.513793406349813e-07
2.705e-07,-8.11961515518943e-07
2.705132859494798e-07,-1.045724687387251e-06
2.705357277669898e-07,-1.107329285069135e-06
2.705556971804225e-07,-1.115604539626143e-06
2.705956360072878e-07,-1.117764891115502e-06
2.70629100352927e-07,-1.118483011830479e-06
2.706960290442053e-07,-1.117590805057865e-06
2.708298864267619e-07,-1.118440961826113e-06
2.710976011918751e-07,-1.117448556186375e-06
2.716330307221016e-07,-1.118474066876549e-06
2.719583165685863e-07,-1.117897534451024e-06
2.723296226966683e-07,-1.116890558951908e-06
2.725152757607092e-07,-1.104986142954545e-06
2.72606448692616e-07,-1.091174138550469e-06
2.727887945564294e-07,-1.011460627611103e-06
2.729215830200186e-07,-9.175902058748175e-07
2.730654982334786e-07,-8.438916648976813e-07
2.731178660127117e-07,-9.37985014939789e-07
2.731440499023283e-07,-1.153494214638369e-06
2.731781568786669e-07,-1.760636306426311e-06
2.7318824426033e-07,-1.92128241037132e-06
2.732084190236561e-07,-2.122888027966005e-06
2.732286421802735e-07,-2.250468025552205e-06
2.732512410573016e-07,-2.491678358586517e-06
2.732570953301814e-07,-2.767816110618891e-06
2.732688038759409e-07,-4.82779634964649e-06
2.732743161292028e-07,-6.004501631936986e-06
2.732801717869853e-07,-7.214777530172446e-06
2.732855772043016e-07,-7.749211357160269e-06
2.732914408384305e-07,-7.922222196855204e-06
2.732966542850787e-07,-7.013973184496526e-06
2.733009000486007e-07,-5.007508559262442e-06
2.733041498567149e-07,-4.238905974870104e-06
2.733057141378516e-07,-3.892320478357106e-06
2.73308842700125e-07,-3.905155137168521e-06
2.733122124801311e-07,-3.593908413026544e-06
2.733184563565444e-07,-3.591446136424979e-06
2.733267669141667e-07,-2.922864852885213e-06
2.73340124143404e-07,-1.861833746048048e-06
2.733516543714519e-07,-1.058728636216338e-06
2.733622881973809e-07,-1.180912281322901e-06
2.733736856610941e-07,-9.615733448733372e-07
2.733872728209613e-07,-1.152904601314207e-06
2.734144471406956e-07,-9.508976992876623e-07
2.734535042689988e-07,-1.157554649963576e-06
2.734983122703084e-07,-9.641209864647466e-07
2.735547446967997e-07,-1.174382443835596e-06
2.736415934250183e-07,-9.878755324711609e-07
2.738152908814556e-07,-1.205386612690702e-06
2.738482729031844e-07,-1.002411403217964e-06
2.739142369466419e-07,-1.205536195161341e-06
2.740262736110565e-07,-1.002027588064202e-06
2.742503469398855e-07,-1.205448812179553e-06
2.746984935975437e-07,-1.001854221955499e-06
2.750000000000001e-07,-1.205322776214575e-06
2.75032382220562e-07,2.087335874421582e-06
2.750888932211569e-07,2.188754241564337e-06
2.751496552476664e-07,1.875679449597805e-06
2.751747726858066e-07,1.045185938109393e-06
2.751873314048767e-07,-7.420480575189352e-08
2.75212448843017e-07,-5.209512759031922e-06
2.752312869216222e-07,-1.208348587628633e-05
2.752501250002273e-07,-2.165835995687239e-05
2.752526250002273e-07,3.34397820542296e-05
2.752554061982827e-07,-3.382964344952716e-05
2.75256872951334e-07,-2.353530536556433e-06
2.752586357575494e-07,-6.809353131190592e-05
2.752593803788884e-07,-2.927619311657154e-05
2.752601250002273e-07,-8.810861090670428e-05
2.752604390014899e-07,-7.988274950934397e-05
2.752608425265019e-07,-8.043915601020902e-05
2.752612188107501e-07,-8.053663012484633e-05
2.752619245234356e-07,-8.136150133833697e-05
2.752630205755227e-07,-7.968658140030597e-05
2.752641811922168e-07,-7.707322720086729e-05
2.752653769635185e-07,-7.449558260685795e-05
2.752665725033038e-07,-7.616626747751808e-05
2.752678257020133e-07,-7.59360898290814e-05
2.752687686617331e-07,-7.261848343534276e-05
2.752697364163581e-07,-7.313428158714123e-05
2.752706888959408e-07,-7.447296059590893e-05
2.752713911683928e-07,-7.609249151922048e-05
2.752722465353144e-07,-7.438606405418409e-05
2.752736465502058e-07,-6.936791802365316e-05
2.752746537921915e-07,-6.299094131991529e-05
2.752758334594845e-07,-5.575256745505145e-05
2.752772561789889e-07,-4.369081381593629e-05
2.752794340059357e-07,-2.126793976544826e-05
2.752818009096433e-07,1.457742562003387e-05
2.752842281527666e-07,6.239333536212068e-05
2.752868118238468e-07,0.0001293470763280379
2.75289265426796e-07,0.0002016818977704782
2.752921169979859e-07,0.000291007747070182
2.75295218652392e-07,0.0003844632561684461
2.752984085445622e-07,0.0004748745029026178
2.753018528910661e-07,0.0005601634638730501
2.75305937068489e-07,0.0006427278625624044
2.753089384541003e-07,0.000683863642883732
2.753110331389659e-07,0.0007011813812484109
2.753135123567723e-07,0.0007090874512065525
2.753153647267235e-07,0.0007070819037409996
2.753172367603612e-07,0.0006866161034101195
2.753188695972782e-07,0.0006588007456491095
2.753201055217161e-07,0.0006413462957759876
2.75321725835796e-07,0.0006321235073655728
2.753229977487517e-07,0.0006270378500008414
2.753245969338999e-07,0.0006166628232360402
2.753262091937816e-07,0.0006019810948265996
2.753276921156403e-07,0.0006077340866594299
2.75328960992731e-07,0.0006005709522076037
2.753304447689377e-07,0.0005950220446316199
2.753319739811597e-07,0.0005639230115488432
2.753333729077103e-07,0.0005447619149528585
2.753350137714658e-07,0.0005085856796341517
2.753374087133826e-07,0.0004750618290635017
2.753405183193532e-07,0.0004202863322079881
2.753437122405162e-07,0.0003800654011487174
2.753470179575177e-07,0.000325148808528773
2.753504864421159e-07,0.0002814021027762582
2.75354762065268e-07,0.0002179190594697397
2.753604459226798e-07,0.0001593058709103476
2.753677856428809e-07,8.567375583596796e-05
2.753756539566141e-07,2.792897362058027e-05
2.753848543873795e-07,-7.140270299452452e-05
2.75394611586366e-07,-0.0001619893301850221
2.75401942351861e-07,-0.0002439747556066293
2.754088970300875e-07,-0.0003517059256864326
2.754159788325494e-07,-0.0004756272877584265
2.754218812615344e-07,-0.0005684850841562165
2.75429981854734e-07,-0.0006920633587399009
2.754379989411402e-07,-0.0007849855523949372
2.754474087030264e-07,-0.0008483629003556695
2.754541594649331e-07,-0.0008565123212355323
2.754611679626905e-07,-0.000866237939941319
2.754680821358559e-07,-0.0008408661766894622
2.754745116544115e-07,-0.0007969492832886793
2.754810225019119e-07,-0.0007242904613602656
2.754862440684353e-07,-0.0006667148282277306
2.754932051983915e-07,-0.0005784704290829356
2.755000000000001e-07,-0.0005050331318824681
2.755074417223245e-07,-0.0004324383575745075
2.755154799289521e-07,-0.0003579200703173954
2.755236520361219e-07,-0.0002938014851673192
2.755394979387782e-07,-0.0001961100192962493
2.755584441477616e-07,-0.0001188527925900102
2.755874684081245e-07,-5.249271844003319e-05
2.756183530460998e-07,-2.225567417685202e-05
2.756563912265225e-07,-7.550986235866546e-06
2.757042803276822e-07,-2.687070786470059e-06
2.757712157885495e-07,-1.056004115213018e-06
2.758704917861278e-07,-1.315467979394866e-06
2.760355118559074e-07,-9.780663790176652e-07
2.763655519954666e-07,-1.293662673507544e-06
2.768235850183446e-07,-9.541626101339055e-07
2.774660618237689e-07,-1.280210875157986e-06
2.783571105716724e-07,-9.445658981766047e-07
2.791785552858363e-07,-1.274950047466809e-06
2.800000000000001e-07,-9.412979205553464e-07
2.8003125e-07,-1.254327126218393e-06
2.800834469393398e-07,-1.278893072805872e-06
2.801874090468127e-07,-1.494419120472469e-06
2.802264829159611e-07,-2.776308614000954e-06
2.802420525262824e-07,-3.518648079366414e-06
2.802558398083927e-07,-4.1937665678227e-06
2.802692545241443e-07,-4.760344997632176e-06
2.802735974537813e-07,-5.087367769863309e-06
2.802822833130552e-07,-5.98677593277551e-06
2.802886353225344e-07,-7.266507093301699e-06
2.802942047511586e-07,-9.988064813925524e-06
2.802968774557741e-07,-1.617411585826357e-05
2.802988813766062e-07,-2.044545148740635e-05
2.803012304147113e-07,-2.877369812665158e-05
2.803033617904369e-07,-3.305364244330345e-05
2.803062805987045e-07,-4.636014332049181e-05
2.803073535925682e-07,-5.168287292020876e-05
2.803082187976843e-07,-5.302941412237292e-05
2.803090763357011e-07,-5.324382636007753e-05
2.803103242222192e-07,-4.951171873603613e-05
2.80311363642844e-07,-4.388998851099565e-05
2.803122631037437e-07,-3.661147104512237e-05
2.803130044669056e-07,-2.977888615260971e-05
2.803138581189963e-07,-2.114490838720542e-05
2.803150800831033e-07,-1.439567043082958e-05
2.803159375975426e-07,-1.080956658663241e-05
2.803168526806112e-07,-9.266692740495336e-06
2.803179623485754e-07,-6.814043755843019e-06
2.803201816845038e-07,-5.632123788121532e-06
2.803228292805136e-07,-4.097956579916482e-06
2.80326288277722e-07,-4.548544368424522e-06
2.803308521466212e-07,-3.884372914735162e-06
2.803384940032964e-07,-5.097405454765955e-06
2.803481159351501e-07,-5.138901690932339e-06
2.803624708240207e-07,-7.324967426122015e-06
2.803858522469174e-07,-9.313293068765567e-06
2.804295844960401e-07,-1.55887022976926e-05
2.804647922480201e-07,-1.716268020478575e-05
2.804823961240101e-07,-1.717140513420857e-05
2.805e-07,-1.420086153326223e-05
2.8050929052657e-07,-1.262743386451995e-05
2.805213246204219e-07,-1.058512923556351e-05
2.805328340782854e-07,-8.79169829743644e-06
2.805558529940125e-07,-5.846423104079522e-06
2.805827280287344e-07,-3.636636913305773e-06
2.806185689624238e-07,-2.128763092998281e-06
2.806632094724359e-07,-1.448027536574272e-06
2.807320834752611e-07,-1.158094246169387e-06
2.808438695068243e-07,-1.118012298019253e-06
2.80978307736416e-07,-1.09974422472081e-06
2.810923564282383e-07,-1.113655672997878e-06
2.812342980910153e-07,-1.099272004509882e-06
2.815118048951511e-07,-1.113344347255298e-06
2.820668185034226e-07,-1.098785561041769e-06
2.831768457199656e-07,-1.112432038992698e-06
2.850000000000001e-07,-1.097621202343048e-06
2.85069207876265e-07,-2.108347695866566e-06
2.851629710417911e-07,-2.323601531804228e-06
2.852095516929865e-07,-4.98778021457857e-06
2.852281907106578e-07,-3.852172833183157e-06
2.852417680590563e-07,1.793809586540842e-06
2.852587775866097e-07,1.279715450695854e-05
2.852731704692539e-07,1.32530135943371e-05
2.852790437525566e-07,8.120957442173821e-06
2.852836702266613e-07,3.823563664460563e-09
2.852880122086769e-07,-5.613114262762236e-06
2.852926863691059e-07,-6.625433612327283e-06
2.852970556922496e-07,-1.221459987273294e-05
2.853014429811963e-07,-2.622844726919048e-05
2.853045177218467e-07,-3.431792181401174e-05
2.853084715257547e-07,-4.428275787594316e-05
2.853120534074502e-07,-6.254911853749269e-05
2.853140345006387e-07,-8.028020589056864e-05
2.853165841910189e-07,-9.533028685633977e-05
2.853183820963879e-07,-0.0001033337532926822
2.853208418540766e-07,-0.0001044693906047671
2.853229571850567e-07,-0.0001152009838963539
2.85324864953656e-07,-9.079908649592564e-05
2.853265540871553e-07,-8.099428213813991e-05
2.853282862327857e-07,-5.307332060968124e-05
2.85330163425819e-07,-4.980026728457425e-05
2.853322515784473e-07,-3.482348881386111e-05
2.8533433521901e-07,-4.373152096671641e-05
2.853365501790794e-07,-3.758693696691366e-05
2.853383751424024e-07,-4.979915675915045e-05
2.853397985061672e-07,-5.029354534496112e-05
2.853413267980797e-07,-6.410245662141282e-05
2.853426822885069e-07,-6.116916599366148e-05
2.853443327233498e-07,-6.747229356087639e-05
2.853465736298714e-07,-5.640004997919919e-05
2.853484247755097e-07,-5.956151178760326e-05
2.853508268609071e-07,-4.954000850732209e-05
2.853535916171365e-07,-5.332806224909247e-05
2.853569558253766e-07,-4.506629119224223e-05
2.85360514982414e-07,-5.447716268484764e-05
2.853636592389663e-07,-5.031817434168276e-05
2.853670750799728e-07,-5.806296875221373e-05
2.853709181455473e-07,-4.906929334808982e-05
2.853759705881427e-07,-5.28498839843345e-05
2.853812126244771e-07,-4.282153041933456e-05
2.853865988003874e-07,-4.84362795919104e-05
2.85392377244391e-07,-4.253796150238589e-05
2.853996149903864e-07,-8.447799731702262e-05
2.854091162823679e-07,-0.0002899719871651914
2.854160878065196e-07,-0.0005968680996748422
2.854226820135555e-07,-0.0009280139345350403
2.854291157114941e-07,-0.001189682550538099
2.854343237698954e-07,-0.001333695321978576
2.854407951322994e-07,-0.001436130904444451
2.854473591745849e-07,-0.001428593164742182
2.854535562368488e-07,-0.001290751059376678
2.854587799675695e-07,-0.001181913278955517
2.854631878415808e-07,-0.001101452914995824
2.85468789701962e-07,-0.0009975282008413996
2.854741410244666e-07,-0.0008537627861800854
2.854795521775796e-07,-0.0006827574738681255
2.854853653623545e-07,-0.0004901022256163695
2.854929862324618e-07,-0.0002862328486930062
2.854964931162309e-07,-0.0002162763250338545
2.855e-07,-0.0001635751486139459
2.855042922685556e-07,-0.0001187687454425465
2.855096262049937e-07,-7.445394149675328e-05
2.855152332409369e-07,-4.612054179084477e-05
2.855252164556958e-07,-2.007522991785208e-05
2.855353355438847e-07,-9.626836988163686e-06
2.85548475092325e-07,-4.704588732394297e-06
2.855655854660979e-07,-2.086837902007612e-06
2.855903349057356e-07,-1.561032077351926e-06
2.856240562596598e-07,-9.605023611450977e-07
2.856733785101785e-07,-1.375434835481674e-06
2.857564701159862e-07,-9.213925411296523e-07
2.858772228828883e-07,-1.353383667332965e-06
2.860456746308401e-07,-8.998870579644003e-07
2.862812155600698e-07,-1.340610227510608e-06
2.866208875634949e-07,-8.890461474309627e-07
2.871140101627934e-07,-1.333664791582827e-06
2.878249424357663e-07,-8.834687213806845e-07
2.888479832298614e-07,-1.330105625807389e-06
2.9e-07,-8.808817112003222e-07
2.9003125e-07,-6.36595674368008e-07
2.900834469393399e-07,-6.05375582962321e-07
2.901095454090097e-07,-6.156924974455896e-07
2.901617423483495e-07,-6.363580743476587e-07
2.902068809224881e-07,-1.243841796000583e-06
2.90224327531892e-07,-1.705687036124253e-06
2.902383603268588e-07,-1.990930423660013e-06
2.902559764926722e-07,-2.063509447947403e-06
2.902706038393316e-07,-2.085670898574706e-06
2.902998585326503e-07,-2.076425877933005e-06
2.903049997373359e-07,-1.898378253025019e-06
2.903152821467071e-07,-1.310233894907919e-06
2.903226975517522e-07,-8.843253226709518e-07
2.903322562645567e-07,-7.314162437447676e-07
2.903403079595971e-07,-7.468504968411931e-07
2.903477460509842e-07,-6.898323108695173e-07
2.903626222337584e-07,-7.136998094263404e-07
2.903923745993069e-07,-6.748938275167717e-07
2.904518793304037e-07,-7.489127655169765e-07
2.905e-07,-8.147496117153756e-07
2.905133062007027e-07,-1.044269140341933e-06
2.905354224301957e-07,-1.106015543422667e-06
2.90554973386945e-07,-1.114828919736306e-06
2.905940753004437e-07,-1.117185427592974e-06
2.906272745271303e-07,-1.118083533998059e-06
2.906936729805035e-07,-1.117046633958019e-06
2.908252033545939e-07,-1.118061880417709e-06
2.910882641027746e-07,-1.116996012024191e-06
2.916143855991362e-07,-1.118228356242001e-06
2.919179537840452e-07,-1.117557486556363e-06
2.923140001924297e-07,-1.115383700769483e-06
2.924785394418162e-07,-1.102050140318493e-06
2.926120447873913e-07,-1.071777227873977e-06
2.927986232168429e-07,-9.645205696061607e-07
2.929308815980517e-07,-8.73479858285739e-07
2.93085659718743e-07,-1.206330177955979e-06
2.931320579834278e-07,-2.010700739458233e-06
2.931488965976188e-07,-2.110040499923118e-06
2.931706669404025e-07,-2.279704019305564e-06
2.93191672707106e-07,-2.474904191128338e-06
2.931980233658042e-07,-2.83194238428503e-06
2.932058789951737e-07,-4.060726987789836e-06
2.932108322403086e-07,-5.181368866467086e-06
2.932168995570196e-07,-6.537739329642243e-06
2.932216595247678e-07,-7.331790526196823e-06
2.932264274328147e-07,-7.817365275193718e-06
2.932319557600831e-07,-7.867989143843411e-06
2.932371652654665e-07,-7.030751120356522e-06
2.932413412859896e-07,-4.978903426163096e-06
2.932445927531814e-07,-4.257766626161822e-06
2.932461995920474e-07,-3.865914827859219e-06
2.932494132697795e-07,-3.907654451057067e-06
2.932528319993673e-07,-3.586317218053775e-06
2.932587254190871e-07,-3.594962494346865e-06
2.932679621518869e-07,-2.872787169345053e-06
2.932808640620719e-07,-1.84088025897021e-06
2.932926450356202e-07,-1.050744041724064e-06
2.933033411078556e-07,-1.176424034022462e-06
2.933147229747205e-07,-9.769941912540789e-07
2.933283730108858e-07,-1.125538961157487e-06
2.933556730832164e-07,-9.798556678531019e-07
2.933935803833694e-07,-1.128318365412372e-06
2.934391873969212e-07,-9.935347287629777e-07
2.934959903271564e-07,-1.144979847485974e-06
2.935847566338257e-07,-1.017629511219941e-06
2.936291397871603e-07,-1.165881094373085e-06
2.937179060938295e-07,-1.030390630757654e-06
2.938284025056504e-07,-1.174426550071292e-06
2.939478422605409e-07,-1.03276015700863e-06
2.941018724167227e-07,-1.174672654415775e-06
2.943486702184392e-07,-1.032683166768037e-06
2.946743351092196e-07,-1.174591880504864e-06
2.95e-07,-1.032565922944068e-06
2.950332866976947e-07,1.822874128265938e-06
2.950908451428827e-07,1.875852662148131e-06
2.951544488401613e-07,1.560119972319471e-06
2.951783678801777e-07,6.582290822776178e-07
2.952142464402025e-07,-5.204933431952755e-06
2.952321857202149e-07,-1.15134735055583e-05
2.952501250002272e-07,-2.026527383053157e-05
2.952526250002273e-07,1.821381654843814e-06
2.952554061982827e-07,-3.996853269537606e-05
2.952565921819526e-07,-5.458510855848359e-05
2.952576427417329e-07,-8.234923816034753e-05
2.952586890304355e-07,-9.568169266272376e-05
2.952594070153314e-07,-0.0001188934776621013
2.952601250002273e-07,-0.0001286139963690997
2.952603894980121e-07,-0.0001192847047165967
2.952607754823337e-07,-0.0001171393788487259
2.952611345075801e-07,-0.0001153548717109721
2.952618337403549e-07,-0.0001142449849532112
2.952627699123762e-07,-0.0001144246655663304
2.952637126014861e-07,-0.0001146851818682009
2.952647655257823e-07,-0.0001151095478810584
2.952657902963543e-07,-0.0001162948681590959
2.952670233022047e-07,-0.0001183525920458194
2.95268150290074e-07,-0.0001152586237309698
2.952690549171255e-07,-0.0001151100135571853
2.952698071383422e-07,-0.0001161270400095935
2.952706010178789e-07,-0.0001141540636895459
2.952712904288432e-07,-0.0001110079600403656
2.952721539932842e-07,-0.0001013604121637798
2.952733326027573e-07,-8.811969787047533e-05
2.952743489312417e-07,-7.703496706780844e-05
2.952754725078628e-07,-6.82711929627446e-05
2.952766979698057e-07,-5.810336022544649e-05
2.952782139672867e-07,-4.664186557680665e-05
2.952801836202149e-07,-2.546542963861466e-05
2.9528265146951e-07,8.645360215123935e-06
2.952849159488661e-07,5.393039090048693e-05
2.952876641661268e-07,0.0001235096715357219
2.952900892332372e-07,0.00019716011465433
2.952936520328594e-07,0.0003075378133659681
2.952969443767778e-07,0.0004077285686994298
2.953002785194485e-07,0.000498722036125463
2.953039112566473e-07,0.0005858386385117335
2.953086018486732e-07,0.0006655359572753632
2.953109717970537e-07,0.0006904084259513892
2.953128777264832e-07,0.0006996564759632173
2.95314933902495e-07,0.0007035357762375246
2.953166328406329e-07,0.0006942767041967415
2.953177637409613e-07,0.0006827730032210713
2.953190118011234e-07,0.0006651159761690289
2.953202104555761e-07,0.0006543686791322659
2.953216787233302e-07,0.0006455912063376333
2.953229538531391e-07,0.0006432898656175665
2.953244949593934e-07,0.0006306338740528867
2.953260847510929e-07,0.000617235797874161
2.953275608907008e-07,0.0006203771483956077
2.953288313949904e-07,0.0006175910944730122
2.95330267908e-07,0.0006136885261849774
2.953318095578406e-07,0.0005889310106904221
2.95333195209008e-07,0.0005696647780001021
2.953347973277593e-07,0.0005375178177108716
2.953370648496443e-07,0.000502205825482994
2.9534029084847e-07,0.0004450560302169171
2.953434168770801e-07,0.0004001674441153437
2.953467479936846e-07,0.0003447896402873725
2.953501576588076e-07,0.0002955419339559433
2.953543729585009e-07,0.0002286975454089478
2.953599024430836e-07,0.0001583596536168761
2.953676245656834e-07,7.004011813029679e-05
2.953759861666996e-07,2.115743304636652e-06
2.953851593653961e-07,-7.284896712663125e-05
2.953950148783831e-07,-0.0001412735585698833
2.954033150825983e-07,-0.0001970855576049833
2.954101169075989e-07,-0.0002608224088776156
2.954156962649862e-07,-0.0003358643538074122
2.954216584092457e-07,-0.0004119009066215938
2.954290300036445e-07,-0.0005115391927727885
2.954408088505814e-07,-0.0006416272497404726
2.954527441169294e-07,-0.0007419126188350582
2.954651591347373e-07,-0.0007699944790682151
2.954739466929603e-07,-0.0007312783094516926
2.954793358710595e-07,-0.0006806729352553481
2.954852492543336e-07,-0.0006209889387857818
2.95490419294796e-07,-0.0005607131262503764
2.954960570294346e-07,-0.0005020677841835428
2.955e-07,-0.0004583949233779985
2.955048617801226e-07,-0.0004161940014043373
2.955102283002822e-07,-0.0003674822437696472
2.955156598221518e-07,-0.0003233491656462382
2.955251805036565e-07,-0.0002561293524027095
2.955420991992143e-07,-0.0001661936429302981
2.955675257999278e-07,-8.342848088044926e-05
2.955965491681046e-07,-3.695723644671939e-05
2.956294740372046e-07,-1.487259162457832e-05
2.956688789744279e-07,-5.124210093791795e-06
2.957229546610554e-07,-1.854603682788122e-06
2.957988259434139e-07,-1.068277054268805e-06
2.959177065220279e-07,-1.206375942511814e-06
2.961159155861158e-07,-1.074445494519571e-06
2.964468193751422e-07,-1.179773757371978e-06
2.969477595159502e-07,-1.059824856407386e-06
2.976421606289563e-07,-1.167745412022465e-06
2.986247195200114e-07,-1.053027121636117e-06
3e-07,-1.162482231938938e-06
3.000312500000001e-07,-1.254029941395838e-06
3.000834469393399e-07,-1.278007619874803e-06
3.001878408180195e-07,-1.499685903517088e-06
3.002268607157671e-07,-2.79404027003923e-06
3.002424816444472e-07,-3.538097751432351e-06
3.002563878201395e-07,-4.219255997321176e-06
3.0026985657093e-07,-4.789325440705179e-06
3.002740795648684e-07,-5.125861732371148e-06
3.00282525552745e-07,-6.025586415761903e-06
3.002887413064861e-07,-7.291727807206564e-06
3.002942940401773e-07,-1.012203804157741e-05
3.002968908399595e-07,-1.620909211988785e-05
3.002988861893869e-07,-2.048341163878151e-05
3.003012139603532e-07,-2.873897009065133e-05
3.00303350790197e-07,-3.30543624014112e-05
3.003062671430309e-07,-4.631455855966462e-05
3.003073411520275e-07,-5.168503388065196e-05
3.003082044740218e-07,-5.302181844434645e-05
3.003090613133972e-07,-5.326911266410235e-05
3.003103099201855e-07,-4.956030648530853e-05
3.003113496304102e-07,-4.393593040017846e-05
3.003122507857536e-07,-3.667811080492696e-05
3.003129926141233e-07,-2.983199959020457e-05
3.003138448486079e-07,-2.120927624261547e-05
3.003150535381555e-07,-1.448170221649247e-05
3.003159123320952e-07,-1.087072347493782e-05
3.003168242699443e-07,-9.304784451958467e-06
3.003179291843834e-07,-6.852613984244808e-06
3.003201390132617e-07,-5.643966678076915e-06
3.003227785773493e-07,-4.10973027601772e-06
3.00326221185144e-07,-4.542582130399836e-06
3.00330758468636e-07,-3.884600647443711e-06
3.00338333572028e-07,-5.078283360553644e-06
3.00347909383049e-07,-5.124246834537522e-06
3.003621421587007e-07,-7.281786828928113e-06
3.003852958590723e-07,-9.246763531141652e-06
3.004289045933172e-07,-1.550217251936413e-05
3.004644522966586e-07,-1.716096847400497e-05
3.004822261483293e-07,-1.717466968615426e-05
3.005e-07,-1.420229005659387e-05
3.005093046342764e-07,-1.262034425193543e-05
3.005213980275746e-07,-1.05686146741957e-05
3.005329576758118e-07,-8.76932257680927e-06
3.005560769722862e-07,-5.819649229257502e-06
3.005829850916097e-07,-3.619151820069762e-06
3.006189077314148e-07,-2.118783123137154e-06
3.006636699296809e-07,-1.443620336969693e-06
3.007328647145898e-07,-1.156397851457574e-06
3.008448611793376e-07,-1.117470180054354e-06
3.00978908948328e-07,-1.099077676325464e-06
3.010930070653585e-07,-1.113135303258091e-06
3.012351364484778e-07,-1.098660351156019e-06
3.015144379878701e-07,-1.11286324063182e-06
3.020730410666548e-07,-1.098250561992168e-06
3.031902472242241e-07,-1.112077325788033e-06
3.05e-07,-1.097257895242963e-06
3.050689694222996e-07,-2.108043056072152e-06
3.051625170915687e-07,-2.314453821793396e-06
3.052088772477289e-07,-4.928027770174116e-06
3.052277746665004e-07,-3.931239211128747e-06
3.052413840109668e-07,1.547788662850698e-06
3.052585544953807e-07,1.271721471469469e-05
3.052728887591715e-07,1.333171516369522e-05
3.052787083709952e-07,8.596465513213548e-06
3.052834484633614e-07,3.985121291157567e-07
3.052878088483923e-07,-5.460289477882543e-06
3.052925393394776e-07,-6.639877586092296e-06
3.052968864819531e-07,-1.174321139566503e-05
3.052998956299985e-07,-2.12371401191661e-05
3.053029584851407e-07,-3.042928248062711e-05
3.053063686118305e-07,-3.882370507382136e-05
3.053098507610039e-07,-4.899391750154753e-05
3.053139063394067e-07,-7.927772346783041e-05
3.053169243166696e-07,-9.592175487987091e-05
3.053190611406163e-07,-0.0001045824303235056
3.053215915357141e-07,-0.0001066449990591283
3.053236659913235e-07,-0.0001119995756472376
3.053255398459901e-07,-8.182482887830346e-05
3.053271535980763e-07,-7.543343812706017e-05
3.053292431421071e-07,-4.375223203930801e-05
3.053311018378684e-07,-4.80109007852315e-05
3.05333180645032e-07,-3.24527248831919e-05
3.053353661065512e-07,-4.669408341823729e-05
3.053373140036606e-07,-3.695126484787805e-05
3.053391587588585e-07,-5.519753646794439e-05
3.053402270274165e-07,-5.049754653493645e-05
3.053415694299872e-07,-6.669538046213266e-05
3.053429046012081e-07,-5.968587614087882e-05
3.053447985250111e-07,-6.851971389719055e-05
3.053466433122192e-07,-5.463336039506263e-05
3.053485398054703e-07,-6.10860655567249e-05
3.05350931608192e-07,-4.775667427227009e-05
3.053537302458013e-07,-5.492382789320904e-05
3.053570911962433e-07,-4.337634688010077e-05
3.053606752555195e-07,-5.630440712125023e-05
3.053638008565124e-07,-4.866010700804597e-05
3.053671844089813e-07,-5.972206995422391e-05
3.053710553863715e-07,-4.728045317609118e-05
3.053760503040727e-07,-5.451245034858013e-05
3.053812843776125e-07,-4.110544783642377e-05
3.053866590255597e-07,-5.014242864325709e-05
3.053924479067938e-07,-4.09133329358142e-05
3.053996785326013e-07,-8.649540935385442e-05
3.054091781276028e-07,-0.0002830081797087712
3.054161225861203e-07,-0.0005725467031766127
3.054222464951289e-07,-0.0008489938031684903
3.05429073704459e-07,-0.001108535225311398
3.054342518189332e-07,-0.001236420638751521
3.054403245867696e-07,-0.001333937550799604
3.054465926074549e-07,-0.001319369672285641
3.054519743276217e-07,-0.001243399331195887
3.054570155909343e-07,-0.001181785367685473
3.054621448097289e-07,-0.001132309204772144
3.054669589165771e-07,-0.001058605391317303
3.054725594543958e-07,-0.0009260540918886929
3.054788781187302e-07,-0.0007282973569462902
3.054851533589058e-07,-0.0005169208021227463
3.054929749058445e-07,-0.000297717908262257
3.054964874529223e-07,-0.0002263527911268785
3.055e-07,-0.000169766260771361
3.055042058008139e-07,-0.0001243948420227684
3.055095094503456e-07,-7.805169620456034e-05
3.055150812552036e-07,-4.829964719306916e-05
3.055248838917761e-07,-2.11709499777647e-05
3.05534887045124e-07,-1.01131834782634e-05
3.055477693464567e-07,-4.933617199278675e-06
3.05564494110855e-07,-2.190024250505107e-06
3.055884595759331e-07,-1.594794911796516e-06
3.056214659446397e-07,-9.664689371439578e-07
3.056692071766646e-07,-1.373963084435909e-06
3.057486500893279e-07,-9.24366773659738e-07
3.05866759804539e-07,-1.351752067494099e-06
3.060310776928126e-07,-9.024099617970313e-07
3.062608544699432e-07,-1.338529648343996e-06
3.065910230209623e-07,-8.914305464850866e-07
3.070706642781459e-07,-1.331359611839865e-06
3.077626279966895e-07,-8.857899459631465e-07
3.087583739419396e-07,-1.327696438639112e-06
3.1e-07,-8.831225793693631e-07
3.100312500000001e-07,-6.395888330176261e-07
3.100834469393399e-07,-6.09798279293875e-07
3.101095454090098e-07,-6.191704391259354e-07
3.101617423483495e-07,-6.321337358939731e-07
3.102070515800474e-07,-1.229005817507148e-06
3.102245640832059e-07,-1.688452765848986e-06
3.10238598330108e-07,-1.966258699827125e-06
3.102561500151766e-07,-2.035063288233865e-06
3.102708161463572e-07,-2.056260017008627e-06
3.102912956473021e-07,-2.133865617608776e-06
3.102969470796013e-07,-2.102814886690154e-06
3.103082499441996e-07,-1.72063864362874e-06
3.103168927113604e-07,-1.132762765726328e-06
3.103240829337948e-07,-8.246773295853854e-07
3.103309613801179e-07,-7.454053602265074e-07
3.103378805826087e-07,-7.388265035068279e-07
3.103454669316701e-07,-7.020010968508355e-07
3.103606396297929e-07,-7.028608265584026e-07
3.103909850260386e-07,-6.857051627271955e-07
3.104434205024262e-07,-7.299088135496503e-07
3.105e-07,-8.181179017816926e-07
3.105136382290022e-07,-1.0422057552637e-06
3.105368720288141e-07,-1.107277726288116e-06
3.105580925515652e-07,-1.114986775389021e-06
3.106005335970674e-07,-1.11718738398797e-06
3.106349637662467e-07,-1.117471766844143e-06
3.107038241046052e-07,-1.117019388895154e-06
3.108415447813223e-07,-1.117533623426107e-06
3.111169861347566e-07,-1.116964238225211e-06
3.11667868841625e-07,-1.117844635383868e-06
3.119433101950592e-07,-1.11755574699868e-06
3.1228873267265e-07,-1.113513205560374e-06
3.124285551001493e-07,-1.100751382470289e-06
3.125657478688015e-07,-1.066146492287797e-06
3.127381493015235e-07,-9.643619861763071e-07
3.12870121998724e-07,-8.733301420310932e-07
3.130234863821274e-07,-1.16127316773697e-06
3.130683368000557e-07,-1.936733241976256e-06
3.130862158689765e-07,-2.09182868521506e-06
3.131072970276591e-07,-2.237407304019375e-06
3.131282120961735e-07,-2.415185209395269e-06
3.131423996927671e-07,-3.228529294698619e-06
3.131477274144632e-07,-4.316239323295309e-06
3.131522339398271e-07,-5.279156121072131e-06
3.131578103502213e-07,-6.595756257014444e-06
3.131626149541744e-07,-7.327067079590203e-06
3.131673239731082e-07,-7.866088507763792e-06
3.131728315968504e-07,-7.844084636176207e-06
3.13178020367975e-07,-7.053515587934392e-06
3.131821655353227e-07,-4.942721696003066e-06
3.131854137076951e-07,-4.28977227581283e-06
3.131869652371557e-07,-3.839191483467057e-06
3.13190068296077e-07,-3.959344911358718e-06
3.131934442832694e-07,-3.542638034676773e-06
3.131996780056007e-07,-3.644719479939933e-06
3.13208028336328e-07,-2.869917595093285e-06
3.132213665502086e-07,-1.914144106533176e-06
3.132329056295907e-07,-1.006387605716784e-06
3.132435285604985e-07,-1.232906573615039e-06
3.132549242071972e-07,-9.094324300097264e-07
3.132685069384638e-07,-1.20486562220082e-06
3.132956724009969e-07,-8.987473413408798e-07
3.133347127276643e-07,-1.209482634838305e-06
3.133795877166026e-07,-9.119706634326791e-07
3.134361607113214e-07,-1.226336084421895e-06
3.135233255036265e-07,-9.357964530046879e-07
3.136976550882369e-07,-1.257342359264066e-06
3.137305974379558e-07,-9.502871219766496e-07
3.137964821373936e-07,-1.257463614015586e-06
3.13908658591244e-07,-9.498933652797262e-07
3.141330114989447e-07,-1.257382634864267e-06
3.145817173143463e-07,-9.497498006028014e-07
3.150000000000001e-07,-1.257266564711404e-06
3.150365474248062e-07,1.826050637632646e-06
3.150978059354207e-07,1.869148152898944e-06
3.151717300973923e-07,1.032894645177613e-06
3.15191328823101e-07,-6.083942731817183e-07
3.152207269116642e-07,-7.131788222155514e-06
3.152354259559458e-07,-1.293469034727149e-05
3.152501250002273e-07,-2.020388627467939e-05
3.152526250002273e-07,3.482646093103349e-05
3.152552879413805e-07,-3.117913424330206e-05
3.152575618913355e-07,-9.209155199676615e-06
3.152588434457814e-07,-6.713393826757172e-05
3.152601250002273e-07,-4.05349149773376e-05
3.152604155109339e-07,-7.846527288198002e-05
3.15260951999888e-07,-7.915373141471529e-05
3.152614370169406e-07,-7.931313864387708e-05
3.152622369335085e-07,-7.989355404516117e-05
3.152633485233115e-07,-7.739412653725596e-05
3.152645345883797e-07,-7.501723228844445e-05
3.152657173768948e-07,-7.319499844372714e-05
3.152669312839762e-07,-7.626154970683874e-05
3.152681286019588e-07,-7.360590543172006e-05
3.152690334904802e-07,-7.273090264511756e-05
3.152697826743784e-07,-7.279585871943429e-05
3.152705786415488e-07,-7.570883479542451e-05
3.152712694788197e-07,-7.679654206660711e-05
3.152721421949158e-07,-7.749139016580555e-05
3.152735359501353e-07,-7.356773333787139e-05
3.152745533955e-07,-7.058269183529512e-05
3.152757196976157e-07,-6.534788571534564e-05
3.152771237056428e-07,-5.951759312925245e-05
3.15279282113391e-07,-4.544540756877421e-05
3.152816412804745e-07,-2.297351970144162e-05
3.152840637775381e-07,1.343446730331377e-05
3.152866229450523e-07,6.725349107439119e-05
3.152890890686065e-07,0.0001338317725881809
3.152919030224383e-07,0.0002167213386212907
3.152950072423354e-07,0.0003110071984249378
3.152981914058364e-07,0.0004021619390773578
3.153016177057991e-07,0.0004919919006720789
3.153056470522033e-07,0.000577518625483865
3.153087553470988e-07,0.0006259489571407937
3.153108457577703e-07,0.0006456473748518513
3.153134204739878e-07,0.0006593922757911192
3.153153015351943e-07,0.0006579265411760678
3.153171656506587e-07,0.0006433075807554782
3.153188745761323e-07,0.0006163544416089835
3.153201081050218e-07,0.0006008090564672974
3.153217594929687e-07,0.0005884157725745726
3.153230331267342e-07,0.0005835338289732298
3.153246209578472e-07,0.0005680417970410817
3.153262374084938e-07,0.0005544780816721136
3.153277166891541e-07,0.0005704645612930909
3.153289863531979e-07,0.0005740020328698499
3.153304690865221e-07,0.0005797757977615869
3.153319982593373e-07,0.0005550950653279453
3.153333969763942e-07,0.0005403278965249369
3.153350378655268e-07,0.000505314615055508
3.153374318285039e-07,0.000471752575056452
3.153405260151405e-07,0.0004145481275292311
3.153437263687364e-07,0.0003734738277598248
3.153470293858057e-07,0.0003185316955998916
3.153505030032716e-07,0.0002764042741472722
3.153547814305141e-07,0.0002143718406340327
3.153604749282564e-07,0.0001586224674964944
3.153678029524647e-07,8.818972290029577e-05
3.153756700012186e-07,4.076597336774389e-05
3.153848714919722e-07,-2.558634585177673e-05
3.153945550437421e-07,-7.394718755262347e-05
3.154018836718366e-07,-0.0001244629444668099
3.15408830564505e-07,-0.0002003805366805606
3.154159362708224e-07,-0.00030665561900388
3.154218421487757e-07,-0.0003856045560080137
3.154296510869999e-07,-0.0004998736991960002
3.154387215116495e-07,-0.0006031559388751357
3.154489700284687e-07,-0.0007066993088009224
3.154613758371451e-07,-0.0007604653140692678
3.15470477049735e-07,-0.0007490261768143003
3.154769073100816e-07,-0.000695920577886899
3.154836378107351e-07,-0.0006354751884912983
3.154889239303613e-07,-0.0005707294208726934
3.154944619651807e-07,-0.0005169301613729556
3.155e-07,-0.000452467477609546
3.155069537311577e-07,-0.0003956154213287098
3.155142449505896e-07,-0.0003332155867822511
3.155217652269869e-07,-0.0002780618436271527
3.155364328803532e-07,-0.0001918605440557392
3.15554641176945e-07,-0.0001190842220921629
3.155833458414171e-07,-5.3671721937146e-05
3.15613500732713e-07,-2.293201156337683e-05
3.156505040447635e-07,-8.464120814769839e-06
3.156957540534127e-07,-2.716902027589758e-06
3.15761291679772e-07,-1.389993197889135e-06
3.158561140236864e-07,-1.018102181437838e-06
3.160120930756141e-07,-1.280142672441151e-06
3.163143637652271e-07,-9.977952888997953e-07
3.16756174567958e-07,-1.25414161994866e-06
3.173715345104759e-07,-9.831828443418671e-07
3.182260248506185e-07,-1.243463912865925e-06
3.191130124253093e-07,-9.773228839830426e-07
3.200000000000001e-07,-1.23956540247474e-06
3.200312500000001e-07,-1.254798466891612e-06
3.200834469393399e-07,-1.279066336439759e-06
3.201878408180195e-07,-1.500584998093259e-06
3.202268607157671e-07,-2.794709102969208e-06
3.202424926946314e-07,-3.539771628000195e-06
3.20256393650465e-07,-4.220869285633104e-06
3.202698591689624e-07,-4.791370825438951e-06
3.20274079887232e-07,-5.12695828011524e-06
3.202825213237713e-07,-6.026676320781079e-06
3.202887366447799e-07,-7.291742408259019e-06
3.202942889621509e-07,-1.011748336500994e-05
3.202968875874655e-07,-1.62036231363313e-05
3.202988830022678e-07,-2.04780761863043e-05
3.203012117465856e-07,-2.873496591105212e-05
3.203033478205213e-07,-3.305204099090758e-05
3.203062640027862e-07,-4.629914071826075e-05
3.203073382155327e-07,-5.168368512555224e-05
3.203082009503629e-07,-5.301851196890696e-05
3.203090575934326e-07,-5.327725593567821e-05
3.2031030651207e-07,-4.957013352472196e-05
3.203113465315367e-07,-4.395597646689674e-05
3.203122482833755e-07,-3.669145974820574e-05
3.203129901579149e-07,-2.985440192592711e-05
3.203138420371608e-07,-2.122277808666416e-05
3.203150470900852e-07,-1.451303833737047e-05
3.203159062503786e-07,-1.08828689293956e-05
3.203168173069085e-07,-9.323393845377196e-06
3.203179209043777e-07,-6.857946432780127e-06
3.203201280993163e-07,-5.655605079605711e-06
3.203227654747282e-07,-4.107350036814334e-06
3.203262035512355e-07,-4.549391685840671e-06
3.20330733460256e-07,-3.878956552196203e-06
3.203382899993696e-07,-5.081555247559509e-06
3.203478535596325e-07,-5.114553631715524e-06
3.203620534589615e-07,-7.278655338343165e-06
3.203851463522612e-07,-9.223220490302265e-06
3.204287110118905e-07,-1.548630438419438e-05
3.204643555059453e-07,-1.715526681923483e-05
3.204821777529727e-07,-1.718512356666991e-05
3.205e-07,-1.419785721283956e-05
3.205093085517921e-07,-1.262063995828185e-05
3.205214187780826e-07,-1.056608282322695e-05
3.205329926675921e-07,-8.764965241756445e-06
3.20556140446611e-07,-5.813726211397926e-06
3.2058305665772e-07,-3.615668388255602e-06
3.20619000508671e-07,-2.117218576165543e-06
3.206637939350191e-07,-1.443490601702644e-06
3.207330742152837e-07,-1.156940524425975e-06
3.208451450216761e-07,-1.11830819618458e-06
3.209790366509169e-07,-1.099863574770562e-06
3.210931511142938e-07,-1.113942472746316e-06
3.212353351295285e-07,-1.099413795261047e-06
3.215152405975416e-07,-1.113611122853792e-06
3.220750515335677e-07,-1.098900248328509e-06
3.231946734056199e-07,-1.112656086493325e-06
3.250000000000001e-07,-1.097691813964095e-06
3.250688904856076e-07,-2.085540179380707e-06
3.251623667633081e-07,-2.247642813508876e-06
3.252086539755378e-07,-4.354462457451497e-06
3.252276380563008e-07,-2.9190608548128e-06
3.252412582681189e-07,2.909624042873549e-06
3.252584826528373e-07,1.458499363718058e-05
3.252727993492704e-07,1.560272043292811e-05
3.252786022679686e-07,1.108564002443569e-05
3.252833805456471e-07,2.887146963673969e-06
3.252877471534816e-07,-3.020236781102725e-06
3.25292496077857e-07,-4.24632799626786e-06
3.252968377449752e-07,-1.032487938824177e-05
3.252998215608723e-07,-2.251256120446217e-05
3.253028871106224e-07,-3.433067579916707e-05
3.253062774641361e-07,-4.47518009620295e-05
3.253097741200156e-07,-5.683154912484223e-05
3.253137908423183e-07,-9.432935595122212e-05
3.253159113588078e-07,-0.0001099616495336686
3.253180524706419e-07,-0.000124370294895576
3.253202286035403e-07,-0.0001233666155261132
3.25322543948422e-07,-0.0001370806336293159
3.253244354040052e-07,-0.0001125328181633411
3.253262042637518e-07,-9.213409835661269e-05
3.253278375546087e-07,-6.04481862071231e-05
3.253298771673991e-07,-4.474882240173738e-05
3.253320019903e-07,-2.733524776901715e-05
3.253340900362076e-07,-2.896114034995357e-05
3.253364090971947e-07,-2.236186098472874e-05
3.253382472448707e-07,-2.87757399337175e-05
3.25340365814203e-07,-2.878001054589608e-05
3.253418922925761e-07,-3.600045326927174e-05
3.253433611893411e-07,-3.264526469873456e-05
3.253451110827736e-07,-3.570957933273527e-05
3.25346923047676e-07,-2.944793339674368e-05
3.253489129744504e-07,-3.181976134149696e-05
3.253514699078575e-07,-2.587510522847324e-05
3.253543277436751e-07,-2.870271548330572e-05
3.253578700605017e-07,-2.406940240183667e-05
3.253615692426319e-07,-3.007790874331883e-05
3.253647320841979e-07,-2.680503271574529e-05
3.253680364063354e-07,-3.121982125436548e-05
3.253726763223309e-07,-2.538054546494313e-05
3.253776874997866e-07,-2.819190639542978e-05
3.253829273331121e-07,-2.251760245562595e-05
3.253882985887184e-07,-2.634006595860373e-05
3.253945103461029e-07,-2.429989874079241e-05
3.254023941598556e-07,-6.426701357300292e-05
3.25410983308651e-07,-0.000198744624499339
3.254176974043071e-07,-0.0004049696812268508
3.254256377949827e-07,-0.0006870260002895149
3.254318408214633e-07,-0.0008777201807851346
3.254376900420854e-07,-0.001007408131553041
3.254455008376945e-07,-0.00111563686511705
3.254554950378892e-07,-0.001149178490986676
3.254659344177406e-07,-0.00106801366340632
3.254766341441264e-07,-0.0008030218089286366
3.254863567436635e-07,-0.0004877513758821524
3.254942544290798e-07,-0.0002671380982274042
3.255e-07,-0.0001726529451484532
3.255041806386202e-07,-0.0001230633915112952
3.255109081937243e-07,-6.668142247315505e-05
3.255174851840029e-07,-3.692011949544414e-05
3.255306391645599e-07,-1.224613572148214e-05
3.255411806566598e-07,-5.16217708547389e-06
3.255548971714998e-07,-3.947912778559546e-06
3.255771134620064e-07,-7.117071805380395e-07
3.256010870819422e-07,-2.094918348215963e-06
3.256396197344556e-07,-2.963013579924754e-07
3.256868468800277e-07,-1.980435691186724e-06
3.257516735342056e-07,-2.910139633440606e-07
3.258396614096371e-07,-1.961569623062594e-06
3.259564782059037e-07,-2.816633905062199e-07
3.261147769896971e-07,-1.951499019137713e-06
3.263275370223869e-07,-2.755820189838899e-07
3.26613555208157e-07,-1.945700323991335e-06
3.26998983157316e-07,-2.719898554537563e-07
3.275174726002727e-07,-1.942407632785208e-06
3.282154060003408e-07,-2.699217537193272e-07
3.291549755404232e-07,-1.940532861113779e-06
3.3e-07,-2.689013709594319e-07
3.3003125e-07,-6.416865881700488e-07
3.300834469393399e-07,-6.140979629706135e-07
3.301095454090098e-07,-6.225681407006887e-07
3.301617423483497e-07,-6.273146677411314e-07
3.302072541189273e-07,-1.21622618637165e-06
3.302248178171965e-07,-1.670528718565035e-06
3.302388655684426e-07,-1.94496793878323e-06
3.302563527515197e-07,-2.006174617554434e-06
3.302710632284961e-07,-2.030693616800627e-06
3.302913931288878e-07,-2.108961793880672e-06
3.302970701314545e-07,-2.079420912886432e-06
3.303084241365879e-07,-1.696101966230579e-06
3.303170310146357e-07,-1.110725189722987e-06
3.303242204594014e-07,-8.126888401800338e-07
3.30330990246698e-07,-7.401720181143158e-07
3.303378609840861e-07,-7.343704855713805e-07
3.303454883461911e-07,-7.001340890477966e-07
3.30360743070401e-07,-7.018370415773095e-07
3.303912525188209e-07,-6.860368969862944e-07
3.304450958516959e-07,-7.304222133289113e-07
3.305e-07,-8.1715334192177e-07
3.305136734150431e-07,-1.040343846884543e-06
3.305367103250201e-07,-1.105950533781912e-06
3.305576254470784e-07,-1.114310054675166e-06
3.30599455691195e-07,-1.116501135445953e-06
3.306338095368507e-07,-1.117090479861172e-06
3.307025172281621e-07,-1.116352412683238e-06
3.30839932610785e-07,-1.117172456343173e-06
3.311147633760308e-07,-1.116396007148543e-06
3.316644249065223e-07,-1.117630497870612e-06
3.319392556717681e-07,-1.117046266372056e-06
3.322251793331811e-07,-1.113609247993048e-06
3.323607871534181e-07,-1.10162112958784e-06
3.324982553655002e-07,-1.069372083094184e-06
3.32669030872383e-07,-9.716298926816355e-07
3.328016057824217e-07,-8.790645668261722e-07
3.329513687686153e-07,-1.011007584441294e-06
3.330004576799195e-07,-1.795140468341333e-06
3.330211564306721e-07,-2.046265254820128e-06
3.330304317348789e-07,-2.130470994495574e-06
3.330489823432924e-07,-2.228329243347151e-06
3.330696840359423e-07,-2.440586417970821e-06
3.330812155988765e-07,-2.945719109272562e-06
3.330865675043884e-07,-3.931191590168759e-06
3.330912587399454e-07,-4.854327451563507e-06
3.330972905839827e-07,-6.366748246272243e-06
3.331020332593821e-07,-7.097580923016109e-06
3.331094598263588e-07,-8.0063281677651e-06
3.33115046213012e-07,-7.706024558643158e-06
3.331187703430345e-07,-7.045124725164395e-06
3.331227261638952e-07,-4.969102365464822e-06
3.331258188482773e-07,-4.373778100410553e-06
3.331303029510467e-07,-3.628082522255239e-06
3.331336414255758e-07,-3.884025622552058e-06
3.331378217081273e-07,-3.41838611587991e-06
3.331441609777642e-07,-3.476699368541458e-06
3.331568395170378e-07,-2.118322434842582e-06
3.331679366438673e-07,-1.535753014202194e-06
3.33184984125879e-07,-8.648264546106922e-07
3.331975283084911e-07,-1.224498497005776e-06
3.33210702171217e-07,-9.004232826116879e-07
3.332303406038832e-07,-1.198095763811061e-06
3.332620992109528e-07,-9.080910318522802e-07
3.333041450779357e-07,-1.207929963955254e-06
3.333579245638454e-07,-9.245207052417917e-07
3.334334801420672e-07,-1.229069828287509e-06
3.335725798119565e-07,-9.555994319988773e-07
3.336109541634357e-07,-1.246727682550696e-06
3.33687702866394e-07,-9.58458745386196e-07
3.337942114762396e-07,-1.24803500488897e-06
3.339720694819415e-07,-9.590996578252375e-07
3.342539675792415e-07,-1.247933202550463e-06
3.346269837896207e-07,-9.590568841263379e-07
3.35e-07,-1.24781363288871e-06
3.350349917440228e-07,1.556971840936352e-06
3.350944993262209e-07,1.563114689013807e-06
3.351634836066805e-07,1.149469405282376e-06
3.351851439550672e-07,3.681283954009513e-08
3.351959741292606e-07,-1.132292472293061e-06
3.352176344776472e-07,-5.56740078292255e-06
3.352424545797577e-07,-1.485003237008069e-05
3.352501250002272e-07,-1.881726500096301e-05
3.352526250002273e-07,-9.049782667601243e-05
3.352549301634929e-07,-4.326087087460397e-05
3.352565647396979e-07,-0.0002175213477761997
3.352580472255861e-07,-0.0001761125633689889
3.352591515544892e-07,-0.0003426212414582771
3.352601250002272e-07,-0.0002842798492985626
3.352604210021869e-07,-0.0002476185900148223
3.352608908495533e-07,-0.0002364418537400329
3.352613144287317e-07,-0.0002294351603634205
3.352620607660836e-07,-0.0002249029455906109
3.352629856093749e-07,-0.000229746537858448
3.352639367744788e-07,-0.0002363181300311388
3.352649484482983e-07,-0.0002451101723468406
3.352660448567882e-07,-0.0002501092093574214
3.352672767290325e-07,-0.0002498669818022604
3.352683211029088e-07,-0.0002431601221355327
3.352692249206793e-07,-0.0002495099973668952
3.352699008288613e-07,-0.0002481215394568477
3.352706436681981e-07,-0.0002356305610112057
3.352713339965667e-07,-0.0002153458735666871
3.352722454288106e-07,-0.0001764914150177232
3.352734619008682e-07,-0.0001296680106994241
3.352744866125027e-07,-0.0001001806338878585
3.35275627624797e-07,-7.871411104591306e-05
3.352768673619346e-07,-5.984782404327361e-05
3.352784346272072e-07,-4.137855295709456e-05
3.352804852747578e-07,-1.329624042887755e-05
3.352828806332559e-07,2.333571094948716e-05
3.352855761307119e-07,7.83108905219277e-05
3.352878365008152e-07,0.0001338354527280435
3.352903736195391e-07,0.0002085334973143165
3.352934519637359e-07,0.0003016160610566871
3.352967943075314e-07,0.0004021309844036873
3.353000658121485e-07,0.000488229089922175
3.353037534383796e-07,0.0005713428632739868
3.35308327443858e-07,0.0006430476203468883
3.353107057205273e-07,0.0006685971083042205
3.353136237480066e-07,0.0006839258913026453
3.353157490903144e-07,0.0006927959494006868
3.353185394644644e-07,0.0006892674797204308
3.353201335953252e-07,0.0006854676591989108
3.353219298952645e-07,0.0006953400861182656
3.353232758425982e-07,0.0006985317350381232
3.353249330141504e-07,0.0007009443930849331
3.353265600285376e-07,0.0006927788140812509
3.353280809793951e-07,0.0006872428446529407
3.353298690578289e-07,0.0006728403466129355
3.353327406317473e-07,0.000647853536377322
3.353366148119987e-07,0.0005952696033164621
3.353413922426095e-07,0.0005203693870088378
3.353478581041114e-07,0.0003979899686465198
3.353547531958599e-07,0.0002592768843708559
3.35363986207993e-07,5.975936333495533e-05
3.353718265043887e-07,-0.0001060774939132793
3.353796428818852e-07,-0.000264325304130195
3.353885184315019e-07,-0.0004144612723956243
3.354011242330247e-07,-0.0005826848526854771
3.354134144460341e-07,-0.0006678523157268308
3.354226859533123e-07,-0.0006644199530773077
3.354287247163583e-07,-0.0006251974632511346
3.354352005842908e-07,-0.0005701772040697359
3.35440498115551e-07,-0.0005153543230416841
3.354499012050544e-07,-0.0004257281428026854
3.354578318167501e-07,-0.000353470385233447
3.354661445136926e-07,-0.0002919719569873652
3.35476387811847e-07,-0.0002247187040285341
3.354881939059235e-07,-0.000168080879636909
3.355e-07,-0.0001214721891677975
3.355093316318385e-07,-9.964875975896515e-05
3.355199536242191e-07,-7.488369874260616e-05
3.35530446798369e-07,-5.682683654553819e-05
3.355514331466688e-07,-3.196551759711392e-05
3.355880392341114e-07,-1.153598139288761e-05
3.356342434342601e-07,-3.26579887854084e-06
3.356949602681215e-07,-1.482662918782789e-06
3.357791132386206e-07,-9.774219862949151e-07
3.35917599265137e-07,-1.240361021097647e-06
3.361764575568195e-07,-9.959199136273812e-07
3.365689112141522e-07,-1.224325577458485e-06
3.371108323258648e-07,-9.93387327369952e-07
3.378692781934975e-07,-1.218725820657267e-06
3.389726861718287e-07,-9.919157259914145e-07
3.4e-07,-1.216346597366349e-06
3.4003125e-07,-1.252615227286131e-06
3.400834469393399e-07,-1.274594670467871e-06
3.401878408180195e-07,-1.497787210669086e-06
3.40226860715767e-07,-2.790520459801269e-06
3.402424883715263e-07,-3.536420238122352e-06
3.402563913856578e-07,-4.217313354484536e-06
3.402698581746671e-07,-4.787826609273855e-06
3.402740797553789e-07,-5.123619082037367e-06
3.402825229168027e-07,-6.023544631817005e-06
3.402887375433864e-07,-7.288763165657157e-06
3.4029429043471e-07,-1.011851667462247e-05
3.402968876771396e-07,-1.620632003423188e-05
3.402988828591878e-07,-2.048165763037312e-05
3.403012107147845e-07,-2.873908290886369e-05
3.403033471086802e-07,-3.305640929445069e-05
3.403062629955028e-07,-4.631558471517928e-05
3.403073369048171e-07,-5.168911436604512e-05
3.403082000122369e-07,-5.302395510214461e-05
3.403090567123169e-07,-5.327310879388138e-05
3.403103052708284e-07,-4.956175718447823e-05
3.403113449618421e-07,-4.394023418935783e-05
3.403122461600494e-07,-3.667896892828556e-05
3.403129879344788e-07,-2.983616025341061e-05
3.403138400391601e-07,-2.120933988563066e-05
3.403150478131822e-07,-1.448696530672744e-05
3.403159066536138e-07,-1.086958960229147e-05
3.403168183292886e-07,-9.307294630970192e-06
3.40317922842096e-07,-6.849621713391227e-06
3.403201318677106e-07,-5.645110078330756e-06
3.403227708462809e-07,-4.104623546233351e-06
3.403262123265759e-07,-4.542253274408953e-06
3.403307479130991e-07,-3.878230638260829e-06
3.403383187532261e-07,-5.076696087719323e-06
3.403478890397935e-07,-5.116212740810178e-06
3.403621096180189e-07,-7.277483778098614e-06
3.40385237810156e-07,-9.232851357789541e-06
3.404288785037842e-07,-1.549718783259771e-05
3.404644392518921e-07,-1.715176660304194e-05
3.404822196259461e-07,-1.717090664332999e-05
3.405e-07,-1.419220408544581e-05
3.405093057536257e-07,-1.261318567504919e-05
3.405214015574236e-07,-1.056158429883307e-05
3.405329632817776e-07,-8.762658337307802e-06
3.405560867304856e-07,-5.813959191896516e-06
3.405830009118649e-07,-3.614552594592867e-06
3.406189341863602e-07,-2.115198172053606e-06
3.406637136458155e-07,-1.440756486527998e-06
3.407329429670641e-07,-1.153943058935979e-06
3.408449304920483e-07,-1.115166698382965e-06
3.409790343233921e-07,-1.096802772334198e-06
3.410931323638173e-07,-1.110918468345609e-06
3.412352759585167e-07,-1.096494130254782e-06
3.415145619647039e-07,-1.11080366687353e-06
3.420731339770783e-07,-1.096365762145863e-06
3.431902780018271e-07,-1.110478626683954e-06
3.45e-07,-1.095972161069657e-06
3.450689688737225e-07,-2.152888917040296e-06
3.45162516046944e-07,-2.443125613840958e-06
3.452088756960924e-07,-6.04404619841448e-06
3.45227767456438e-07,-5.996415260636706e-06
3.452413576481644e-07,-1.307760091430272e-06
3.452585082559328e-07,8.997695339318715e-06
3.452728182311057e-07,8.967490408416379e-06
3.452786312213348e-07,4.004487304985935e-06
3.452833957757875e-07,-4.642529289139769e-06
3.452877600379005e-07,-1.086914069159771e-05
3.452925039672048e-07,-1.328123635705578e-05
3.452968468007539e-07,-1.572245770677908e-05
3.452998344197095e-07,-2.005776580092334e-05
3.453028993156952e-07,-2.504410111151673e-05
3.45306292984214e-07,-3.111544516352903e-05
3.453097867589321e-07,-3.786103948788625e-05
3.453138099866579e-07,-4.99703697504027e-05
3.45315935232305e-07,-5.590673421852788e-05
3.453180754820458e-07,-5.942055459688186e-05
3.453202610960515e-07,-5.976536052134877e-05
3.453225706966511e-07,-6.302282334333183e-05
3.453244610104247e-07,-5.895085654128224e-05
3.453262251973068e-07,-5.606956789263135e-05
3.453278654972604e-07,-5.174770980755764e-05
3.453298870217038e-07,-5.145437690608828e-05
3.45332026537094e-07,-5.441098998467424e-05
3.453341138139974e-07,-6.282286276742601e-05
3.453363676760622e-07,-7.299878565609198e-05
3.453381876347456e-07,-8.122889625657867e-05
3.45340219028263e-07,-0.0001042110605022286
3.453417796645594e-07,-0.0001177906073324494
3.453431091978359e-07,-0.0001251482938926786
3.453447267898567e-07,-0.0001220634036509093
3.453465733946933e-07,-0.0001160912282097703
3.453483521128777e-07,-0.0001082336746043422
3.453506316365671e-07,-0.0001030634677728908
3.453533972452417e-07,-9.610897434337787e-05
3.453566802381831e-07,-9.353286701918954e-05
3.453602358681205e-07,-9.705639948033587e-05
3.453636538659571e-07,-0.0001040224472743407
3.453671425453492e-07,-0.0001049564660717052
3.45370909462753e-07,-0.0001017641333077784
3.45376210881727e-07,-9.419108936868866e-05
3.453814306453301e-07,-8.935092300423327e-05
3.453867788246436e-07,-8.571247842881207e-05
3.453925885206743e-07,-8.940950485059398e-05
3.453997992155498e-07,-0.000159161509873122
3.454060719779173e-07,-0.0003827202041695319
3.45412394029151e-07,-0.000766704491389036
3.454183831986e-07,-0.00125739251883212
3.454224506845797e-07,-0.001534435934052958
3.454263159070182e-07,-0.001765646806763726
3.454312522947505e-07,-0.00193389795661704
3.45435303584508e-07,-0.002027351192231434
3.454396119024547e-07,-0.002036284895917809
3.454444028736032e-07,-0.001979661800881158
3.454498073457906e-07,-0.001697948899070301
3.454543341658043e-07,-0.00139559759242971
3.45458741659904e-07,-0.00106142503088252
3.454638091147396e-07,-0.000763842505341124
3.45468184346001e-07,-0.0005368719851861684
3.454731739661364e-07,-0.0003626483829873235
3.454778182517194e-07,-0.0002374143500339286
3.454831452951174e-07,-0.0001613396439677529
3.454878690480935e-07,-0.0001083113540699794
3.454929203513779e-07,-8.382796324227243e-05
3.454964601756889e-07,-6.292768121755477e-05
3.455e-07,-5.612719092160657e-05
3.45503335075144e-07,-4.287193037640883e-05
3.455064130699636e-07,-3.575005053587885e-05
3.455099367022771e-07,-2.931344735790891e-05
3.455153230784261e-07,-2.164892304035857e-05
3.455260958307241e-07,-1.186871800147336e-05
3.455451753153302e-07,-4.301229495393722e-06
3.45567521832256e-07,-1.824752522385949e-06
3.455957863456606e-07,-1.298484041172514e-06
3.456336915061777e-07,-1.167711129894395e-06
3.45697058948138e-07,-1.221384155462564e-06
3.457931225199263e-07,-1.122756290276069e-06
3.459269349289127e-07,-1.182906386324634e-06
3.461130771105901e-07,-1.094274356930571e-06
3.463789222973585e-07,-1.162367510490308e-06
3.467649331993597e-07,-1.078537624221412e-06
3.473220348154066e-07,-1.151357784994728e-06
3.481230269823607e-07,-1.070399496362624e-06
3.490615134911804e-07,-1.146247740296731e-06
3.5e-07,-1.067140415625303e-06
3.500312500000001e-07,-6.412806447859006e-07
3.500834469393399e-07,-6.194767769825784e-07
3.501095454090098e-07,-6.315267803859365e-07
3.501617423483497e-07,-6.379033062330625e-07
3.502075002480913e-07,-1.220707029305335e-06
3.502251995683822e-07,-1.665154118908568e-06
3.502392543074334e-07,-1.922881573725551e-06
3.502566450132613e-07,-1.973923832246217e-06
3.502714267483192e-07,-1.995294886020076e-06
3.50291525885806e-07,-2.076660996263989e-06
3.502972452871384e-07,-2.045753725449013e-06
3.503086840898032e-07,-1.664419929323608e-06
3.503172396291483e-07,-1.08286512169037e-06
3.503244434634225e-07,-7.937773602496984e-07
3.503270449746365e-07,-7.635705515420531e-07
3.503322479970644e-07,-7.479927428342122e-07
3.503384703783249e-07,-7.096404309903564e-07
3.50350915140846e-07,-7.124941761971263e-07
3.503709745459362e-07,-6.816277089405105e-07
3.504110933561165e-07,-7.138901298288459e-07
3.504555466780583e-07,-7.255002562118248e-07
3.505e-07,-8.396869767682154e-07
3.505128230995374e-07,-1.042189347327532e-06
3.505332194734724e-07,-1.10255576822084e-06
3.505518615074099e-07,-1.112997223582029e-06
3.505891455752848e-07,-1.117918551875688e-06
3.506215827417685e-07,-1.118109362510701e-06
3.506858753093768e-07,-1.117657030753786e-06
3.507941484350482e-07,-1.118101504108058e-06
3.51010694686391e-07,-1.117608424531823e-06
3.514437871890767e-07,-1.118162783518648e-06
3.519296289818292e-07,-1.117816963621159e-06
3.521725498782054e-07,-1.113925632338773e-06
3.522940103263935e-07,-1.103712935833375e-06
3.524382858693405e-07,-1.070405298658728e-06
3.526043030424189e-07,-9.772574071814708e-07
3.527382633947166e-07,-8.827059564539917e-07
3.528851200372063e-07,-9.618675920470595e-07
3.529369868309828e-07,-1.708661354595752e-06
3.529593222800774e-07,-2.029773912613927e-06
3.529691917065596e-07,-2.110816991382407e-06
3.52988930559524e-07,-2.227108183330378e-06
3.530100773056009e-07,-2.428021579514555e-06
3.530234016706266e-07,-3.096893905226521e-06
3.530287397248191e-07,-4.207623354493547e-06
3.530332942399954e-07,-5.089987496768393e-06
3.530390192730849e-07,-6.540223417273833e-06
3.53043774641764e-07,-7.202369823450999e-06
3.53048587895481e-07,-7.883225761339635e-06
3.530541608589073e-07,-7.808117241332149e-06
3.530593876632217e-07,-7.221632889761533e-06
3.53063677219378e-07,-4.962889610152658e-06
3.530669110108716e-07,-4.403535482484546e-06
3.530685135914568e-07,-3.785252411219115e-06
3.530717187526273e-07,-4.022305472662383e-06
3.530750742779999e-07,-3.492781572992335e-06
3.530807106878461e-07,-3.721254729935986e-06
3.530893871621985e-07,-2.849300808690434e-06
3.531026087955405e-07,-2.010928051460701e-06
3.531141666388611e-07,-9.689473741080793e-07
3.531199455605214e-07,-1.325007341387009e-06
3.531314455567406e-07,-8.641081299944875e-07
3.531433585740318e-07,-1.246938002254194e-06
3.531671846086142e-07,-8.623444133496586e-07
3.531997975744808e-07,-1.242272235942036e-06
3.532429164189394e-07,-8.750692942088219e-07
3.532929864183119e-07,-1.25680347603746e-06
3.533660482531282e-07,-8.95777434052113e-07
3.534948229004798e-07,-1.286895680310677e-06
3.535356123191912e-07,-9.146529079170464e-07
3.536171911566142e-07,-1.290600306722837e-06
3.5372276256908e-07,-9.168791948534277e-07
3.538858721518204e-07,-1.291158754004706e-06
3.541249789535877e-07,-9.168432693227226e-07
3.545597257143773e-07,-1.29099169976563e-06
3.55e-07,-9.166126147432514e-07
3.550372797905754e-07,2.363922285830732e-06
3.550993539559202e-07,2.482604307281437e-06
3.551747394780737e-07,1.136943381388358e-06
3.551935858586121e-07,-1.052807065556798e-06
3.552030090488813e-07,-2.965439657331063e-06
3.552218554294197e-07,-9.024199799646271e-06
3.552440572656612e-07,-1.946272798167669e-05
3.552501250002273e-07,-2.287777223970878e-05
3.552526250002273e-07,3.194467473235448e-05
3.552547107765119e-07,-2.937346348093445e-05
3.55256175396072e-07,5.65977492040712e-06
3.552579497492561e-07,-6.51473217974068e-05
3.55259223559538e-07,-2.58000309028846e-05
3.552601250002273e-07,-9.26674421732667e-05
3.552604762367619e-07,-8.153906253471735e-05
3.552609538291063e-07,-8.223002807989358e-05
3.552613748040313e-07,-8.238094179223585e-05
3.552621207847957e-07,-8.316604688774721e-05
3.552632157511531e-07,-8.108978812198688e-05
3.552643915661959e-07,-7.86787681583795e-05
3.552655765830124e-07,-7.652725428767285e-05
3.552667836325334e-07,-7.922180278433982e-05
3.552680598096267e-07,-7.798898496760269e-05
3.552689771469481e-07,-7.61304023167295e-05
3.552700257429915e-07,-7.760716443767661e-05
3.552708462472339e-07,-8.027763995467228e-05
3.55271570856679e-07,-8.204351627994558e-05
3.552724784132021e-07,-8.189329937635164e-05
3.552736970223847e-07,-7.969400308702025e-05
3.552747210404847e-07,-7.706556361854894e-05
3.552759023027677e-07,-7.41772477178534e-05
3.552774083507794e-07,-7.008679003999059e-05
3.552795935830883e-07,-6.271159395188502e-05
3.55281977760029e-07,-4.891415343380611e-05
3.552844247087689e-07,-2.526255010784962e-05
3.552870392308179e-07,1.545536446525332e-05
3.552894829066232e-07,6.671948727691592e-05
3.552923634834814e-07,0.0001375598113765855
3.55295471518879e-07,0.0002189611950194804
3.55298669901766e-07,0.0003026633530490214
3.553021440387928e-07,0.0003873943354627158
3.553063028862764e-07,0.0004682027282987531
3.553091843732383e-07,0.000507132758855036
3.553112832778569e-07,0.0005229075528050691
3.553136484514537e-07,0.0005332568604872359
3.553154608502336e-07,0.0005346439583049643
3.553173624951967e-07,0.0005178863088822176
3.553188783396605e-07,0.0004963135685845327
3.553201302224466e-07,0.0004865558610664897
3.553217012051481e-07,0.0004883534651023474
3.553229738898336e-07,0.0004921682638008263
3.5532459340109e-07,0.0004947043131672421
3.553262018230832e-07,0.0004918364590480205
3.553276878206421e-07,0.0005010899310684822
3.553289570824152e-07,0.0004974764631093272
3.553304494718116e-07,0.0004925176204128904
3.553319783931706e-07,0.0004690436297251403
3.553333803364671e-07,0.0004555363527431273
3.553350272206409e-07,0.0004321921815750291
3.553374421778659e-07,0.0004122822180370552
3.553405405205232e-07,0.0003756762643930718
3.553437453857904e-07,0.000342865103805899
3.55347048442077e-07,0.0002947979087700404
3.553505262076325e-07,0.0002507830554941305
3.553548127889031e-07,0.0001902540313905725
3.553605225988576e-07,0.0001293025870493459
3.553678463536221e-07,5.620262252511989e-05
3.55375711337832e-07,-1.374124160056777e-05
3.553849100202334e-07,-0.0001436710211202374
3.553948392997961e-07,-0.0002746278760730901
3.554021481430913e-07,-0.0003764158345150429
3.554091616817699e-07,-0.0005127590688154441
3.554162754984121e-07,-0.0006370835249748393
3.554222057199409e-07,-0.0007321164884595493
3.554297843275232e-07,-0.0008252072927477946
3.554361120575191e-07,-0.0008883114549086818
3.554430755827755e-07,-0.0009167834708657695
3.554501879716155e-07,-0.000885895156627258
3.554564648743446e-07,-0.0008170311248664383
3.554616161398571e-07,-0.0007564287737426098
3.554669653915824e-07,-0.000684069266213874
3.554714259506373e-07,-0.0006283508340790903
3.554762519824543e-07,-0.0005664043824088537
3.554832991952932e-07,-0.0004870191510401742
3.554894475145373e-07,-0.0004220105865463019
3.554947237572687e-07,-0.0003738136959184663
3.555e-07,-0.0003283257235380529
3.555076649900883e-07,-0.0002776279811746198
3.555150681397303e-07,-0.0002296664025711061
3.555227488603235e-07,-0.0001883007604348368
3.555381103015099e-07,-0.0001244748243867481
3.555639414851115e-07,-6.015449172655911e-05
3.555923204560749e-07,-2.661397910160903e-05
3.556250707128561e-07,-1.072763819797797e-05
3.556640026085003e-07,-3.848330105595561e-06
3.557178794436526e-07,-1.652338786194848e-06
3.557988874669101e-07,-1.064648089977462e-06
3.559419291517549e-07,-1.229087067000721e-06
3.561610158536048e-07,-1.05690530250991e-06
3.565514624658846e-07,-1.199128049590386e-06
3.570742573777901e-07,-1.041473736561162e-06
3.578181553199097e-07,-1.186686220700176e-06
3.588735287270026e-07,-1.034649989124463e-06
3.6e-07,-1.18143453860832e-06
3.600312500000001e-07,-1.255114528866644e-06
3.600834469393399e-07,-1.278086743858029e-06
3.601878408180195e-07,-1.500543077531657e-06
3.602268607157671e-07,-2.79397139753923e-06
3.602424860333173e-07,-3.539089426076266e-06
3.602563901719293e-07,-4.220701031898976e-06
3.602698576529528e-07,-4.790506097587379e-06
3.602740796855354e-07,-5.126980899844074e-06
3.602825237507007e-07,-6.026774671454017e-06
3.602887375266034e-07,-7.29228631231128e-06
3.602942909558484e-07,-1.012510538324561e-05
3.602968870818829e-07,-1.621492139019222e-05
3.602988820241501e-07,-2.049080119727691e-05
3.603012091187601e-07,-2.874961639386153e-05
3.603033457013712e-07,-3.306704300014324e-05
3.603062612294445e-07,-4.633716930862752e-05
3.603073348510022e-07,-5.170111749439351e-05
3.60308198241911e-07,-5.303603882897482e-05
3.603090549640335e-07,-5.327670713697629e-05
3.603103031975607e-07,-4.956149598039111e-05
3.603113425944695e-07,-4.39336578366542e-05
3.603122433144133e-07,-3.667503474725872e-05
3.603129849897858e-07,-2.982724004295109e-05
3.603138372658726e-07,-2.120449943723306e-05
3.603150472699505e-07,-1.447124428395134e-05
3.603159058402079e-07,-1.086459538678205e-05
3.603168180105372e-07,-9.299816921046182e-06
3.603179232525292e-07,-6.848652651792359e-06
3.603201337365134e-07,-5.642294186197464e-06
3.603227740204101e-07,-4.108192358413921e-06
3.603262182921388e-07,-4.542081785938087e-06
3.60330758574297e-07,-3.883321174276711e-06
3.60338341250064e-07,-5.078268165124349e-06
3.603479163814751e-07,-5.123070589954219e-06
3.603621528503282e-07,-7.281745387585539e-06
3.603853071456746e-07,-9.245543754008571e-06
3.604290226727363e-07,-1.551195383347488e-05
3.604645113363682e-07,-1.715361558707963e-05
3.604822556681841e-07,-1.716349131382299e-05
3.605e-07,-1.419194609118297e-05
3.60509303509127e-07,-1.26114886551595e-05
3.605213869308987e-07,-1.056253605288136e-05
3.605329382215698e-07,-8.765622199147651e-06
3.60556040802912e-07,-5.819361793632424e-06
3.605829544046861e-07,-3.61893594117127e-06
3.606188804045054e-07,-2.118938008687511e-06
3.606636509180803e-07,-1.443947067460113e-06
3.60732841835957e-07,-1.156898538263402e-06
3.608447533531225e-07,-1.117892356752206e-06
3.609790608615621e-07,-1.099455086837277e-06
3.610931444199959e-07,-1.11349188029048e-06
3.612352555000912e-07,-1.099024412390162e-06
3.615139879128483e-07,-1.113187700855023e-06
3.620714527383625e-07,-1.098559990201987e-06
3.631863823893909e-07,-1.112311683635061e-06
3.650000000000001e-07,-1.097449528123733e-06
3.650690382741046e-07,-2.131413950720606e-06
3.651626481917777e-07,-2.382711773316335e-06
3.652090719919995e-07,-5.508114489122706e-06
3.652278880372786e-07,-4.937531623657556e-06
3.652414687868023e-07,2.040454407779463e-07
3.652585722308033e-07,1.09130861845767e-05
3.652728983424654e-07,1.119163606202695e-05
3.652787263705853e-07,6.209278144178618e-06
3.652834570233717e-07,-2.390895082807297e-06
3.652878157568421e-07,-8.531541219901684e-06
3.652925432397576e-07,-1.088810259935584e-05
3.65296891146999e-07,-1.453302536645187e-05
3.652999024017744e-07,-2.174023813976442e-05
3.65302965004253e-07,-2.933014039178763e-05
3.653063770307023e-07,-3.744513046968411e-05
3.653098578574052e-07,-4.629788792895408e-05
3.653139172262376e-07,-6.67561865902698e-05
3.653169283767718e-07,-7.787438060210203e-05
3.653190654194611e-07,-8.15542280830075e-05
3.653215953319027e-07,-8.160273681640824e-05
3.653236682690669e-07,-8.398153847990015e-05
3.653255421490156e-07,-6.539860422485082e-05
3.653271556489107e-07,-6.232653654289866e-05
3.653292482623072e-07,-4.411620442475117e-05
3.653311081400073e-07,-4.903939858778194e-05
3.653331874816325e-07,-4.315214503993757e-05
3.653353737566163e-07,-5.697861334030825e-05
3.653373338809884e-07,-5.550151205732107e-05
3.653391837287007e-07,-7.376781893903738e-05
3.653403029527157e-07,-7.808258252372575e-05
3.65341673423138e-07,-9.221828000704834e-05
3.653430380739087e-07,-9.209000651541917e-05
3.653451371351398e-07,-9.399604435960139e-05
3.653469668352322e-07,-8.394680113749246e-05
3.653489741643463e-07,-8.314392908481685e-05
3.653515244462831e-07,-7.393239624714033e-05
3.653543908857226e-07,-7.431354499097381e-05
3.653579504583783e-07,-6.900080700887281e-05
3.653616738021178e-07,-7.897546154722474e-05
3.653648826762892e-07,-7.72641154909478e-05
3.653681925009736e-07,-8.187138332020113e-05
3.653729331436531e-07,-7.244190033871925e-05
3.653779494252647e-07,-7.266736300156529e-05
3.653831961941232e-07,-6.419544760004392e-05
3.65388581416731e-07,-6.771467338234027e-05
3.653948553002883e-07,-7.190705980813467e-05
3.654028379662709e-07,-0.0001911146844438519
3.654109488379605e-07,-0.0005224202067946665
3.654173706488321e-07,-0.0009474360466531956
3.654235876591989e-07,-0.001333345316159192
3.654281772212962e-07,-0.001552062256108396
3.654346276400953e-07,-0.00172203964919845
3.654406454150009e-07,-0.001778772679511851
3.654466754911889e-07,-0.001699658192965569
3.654528929970446e-07,-0.001411355584582029
3.654580048050644e-07,-0.001081435190615994
3.654625997230124e-07,-0.0007870667043066316
3.65466849222251e-07,-0.0005722888738495605
3.654720628982829e-07,-0.0003580225877658173
3.654767553121941e-07,-0.0002403292905430409
3.654825649089525e-07,-0.0001387087841759163
3.654885343222282e-07,-9.251273935359851e-05
3.654942671611141e-07,-5.781006883814327e-05
3.655e-07,-4.726395533144136e-05
3.65508181350412e-07,-2.829789759614059e-05
3.655159589725148e-07,-1.795023591140884e-05
3.655239975614659e-07,-1.169707340837098e-05
3.655400747393681e-07,-4.950726257213189e-06
3.655605337192402e-07,-2.20065929983107e-06
3.655872232067985e-07,-1.29316908059493e-06
3.65621428856556e-07,-1.206819192231824e-06
3.65675057212184e-07,-1.157996263605792e-06
3.657620692463384e-07,-1.171132882694612e-06
3.658825599805933e-07,-1.122898050623239e-06
3.660509020410952e-07,-1.146883721160747e-06
3.662884582600042e-07,-1.104282904972996e-06
3.666334006806616e-07,-1.133592362326306e-06
3.67132065042199e-07,-1.094268880163426e-06
3.678493318459266e-07,-1.126621113582344e-06
3.688819999533443e-07,-1.089217439463899e-06
3.700000000000001e-07,-1.123453765430221e-06
3.700312500000001e-07,-6.434304547620973e-07
3.700834469393399e-07,-6.243251126708179e-07
3.701095454090098e-07,-6.338928023781347e-07
3.701617423483497e-07,-6.351756517091805e-07
3.70207676897573e-07,-1.205236678519365e-06
3.7022546563987e-07,-1.654499064276074e-06
3.70239502127224e-07,-1.897136432579741e-06
3.70256813276496e-07,-1.952739384338861e-06
3.70271648928868e-07,-1.969609834085257e-06
3.70291590905475e-07,-2.064886189827821e-06
3.702973399879628e-07,-2.02707827146301e-06
3.703088381529385e-07,-1.654086878823962e-06
3.70317364401689e-07,-1.065414628537e-06
3.703245713579126e-07,-7.930282375382648e-07
3.703272215778523e-07,-7.568552987140589e-07
3.703325220177317e-07,-7.487535631076142e-07
3.703388392949985e-07,-7.052491543192651e-07
3.703514738495323e-07,-7.148526364002678e-07
3.703720299271529e-07,-6.787666782654035e-07
3.704131420823942e-07,-7.175791557635206e-07
3.704565710411971e-07,-7.234639045613633e-07
3.705e-07,-8.402954163887913e-07
3.705128713336273e-07,-1.040898602400743e-06
3.705330173613234e-07,-1.101362336312279e-06
3.705514548076393e-07,-1.112163913040365e-06
3.705883297002712e-07,-1.117391106442679e-06
3.706205737405401e-07,-1.117656801976459e-06
3.706843269850926e-07,-1.117178491436552e-06
3.70789784964052e-07,-1.117676978856983e-06
3.710007009219709e-07,-1.117205540174729e-06
3.714225328378087e-07,-1.117851314131714e-06
3.718756105856083e-07,-1.117505957431199e-06
3.72102149459508e-07,-1.11425756690565e-06
3.722154188964579e-07,-1.105942758442329e-06
3.723715279531636e-07,-1.073342700573399e-06
3.725394173306473e-07,-9.825553756275217e-07
3.726760454997136e-07,-8.855607850436492e-07
3.72820247458781e-07,-9.299579322289115e-07
3.728778288598656e-07,-1.708289510682957e-06
3.72900895334932e-07,-2.039308689181296e-06
3.729110514591516e-07,-2.110344263110806e-06
3.729313637075908e-07,-2.241255272200884e-06
3.729528095215946e-07,-2.440249438897852e-06
3.729633613015645e-07,-2.947949887707907e-06
3.729686145425255e-07,-3.863917733261779e-06
3.72973323176969e-07,-4.819001922446812e-06
3.729793610565983e-07,-6.295435078849164e-06
3.729841155260047e-07,-7.074425711725487e-06
3.729911202905043e-07,-7.945280426545103e-06
3.729967863318235e-07,-7.759518595761308e-06
3.730021676545949e-07,-6.62932784764585e-06
3.730060645381323e-07,-4.653445735540023e-06
3.730095175489916e-07,-4.107766019167676e-06
3.730141320340356e-07,-3.656300154673461e-06
3.730175152117554e-07,-3.776277932872974e-06
3.730222668748771e-07,-3.386044415204025e-06
3.730316813761878e-07,-3.108258886136339e-06
3.730443764951121e-07,-1.649885678857127e-06
3.730561852130663e-07,-1.280719051889114e-06
3.73061593708561e-07,-9.922005108353074e-07
3.730724106995503e-07,-1.192790694640084e-06
3.730843264176592e-07,-9.23449185774198e-07
3.731081578538768e-07,-1.185843521069635e-06
3.731430584798759e-07,-9.195572492486447e-07
3.731859418469319e-07,-1.198238441117952e-06
3.732366687585245e-07,-9.342571742105517e-07
3.733098702985842e-07,-1.218938504262889e-06
3.734448574654995e-07,-9.647288306160251e-07
3.734848098647542e-07,-1.237709500138209e-06
3.735647146632637e-07,-9.678807301882599e-07
3.73670737180595e-07,-1.239613721532457e-06
3.738405774103439e-07,-9.683749050414435e-07
3.740935933110529e-07,-1.239580199767276e-06
3.74555338810343e-07,-9.682230645401475e-07
3.750000000000001e-07,-1.239376249767027e-06
3.750374241689708e-07,2.095202569268378e-06
3.750996584996199e-07,2.174423292822063e-06
3.751748917499236e-07,9.950177273103819e-07
3.751937000624995e-07,-1.003878445197758e-06
3.752031042187875e-07,-2.743890322956256e-06
3.752219125313635e-07,-8.304604600793223e-06
3.752440807535627e-07,-1.821646796620464e-05
3.752501250002273e-07,-2.149993837046278e-05
3.752526250002273e-07,3.911807369408413e-07
3.752547075788855e-07,-3.010710447793737e-05
3.752561696360427e-07,-4.727162133460378e-05
3.752572385769198e-07,-7.694492835130107e-05
3.752583359265403e-07,-8.936076257040972e-05
3.752592304633838e-07,-0.0001168482406500341
3.752601250002273e-07,-0.0001296576981864693
3.752604085387161e-07,-0.0001207883293880008
3.752608465671273e-07,-0.0001184434223121316
3.75261249735087e-07,-0.0001166196222113473
3.752619771362452e-07,-0.0001159277847620911
3.752629079178131e-07,-0.0001161807547543499
3.752638602967895e-07,-0.0001165261648051267
3.752648898710828e-07,-0.0001170825205678446
3.75265951978297e-07,-0.0001185019876377474
3.752671845460358e-07,-0.0001206016735978524
3.752682622725286e-07,-0.0001173180457093799
3.752691648365784e-07,-0.0001183561066098381
3.752698623265887e-07,-0.0001189920263122446
3.752706263134633e-07,-0.000118103527629277
3.752713140776688e-07,-0.0001149010873161455
3.752721947437577e-07,-0.0001065766190305896
3.752733860849467e-07,-9.441112935694005e-05
3.752744060261654e-07,-8.612594145674639e-05
3.752755337518924e-07,-7.999131510481316e-05
3.752767634411029e-07,-7.512558071255111e-05
3.752782944799526e-07,-7.081366505993052e-05
3.752802890526559e-07,-6.404132347142443e-05
3.752827671367769e-07,-5.176810956024936e-05
3.752850546952735e-07,-3.090988242905407e-05
3.752878155746793e-07,1.016748119582149e-05
3.75290252227609e-07,6.079648666062775e-05
3.752937405773774e-07,0.0001455995408618921
3.75297070278786e-07,0.0002328190103702919
3.753004047452404e-07,0.0003186434141299539
3.753040700481584e-07,0.000402639750769631
3.753087877361778e-07,0.000480504352959967
3.753111060158507e-07,0.0005032944869609681
3.753130068876993e-07,0.0005140230856005177
3.753150237072475e-07,0.0005210659641497441
3.753167329871928e-07,0.0005159386570989232
3.753178998513824e-07,0.0005059826713827455
3.753191360156089e-07,0.0004931010719237868
3.753203663328822e-07,0.0004907671953321539
3.753217680522529e-07,0.0004923326220952757
3.753230577145018e-07,0.0004988722415377326
3.753246864719554e-07,0.0004976533532959019
3.753262831479082e-07,0.0004974490195411557
3.753277549183486e-07,0.0005043141231856222
3.753290210867701e-07,0.0005047899565898227
3.753305450386704e-07,0.0004985974181122515
3.753320703737567e-07,0.0004809520754694742
3.753334822741746e-07,0.0004662540639557491
3.753351497762962e-07,0.0004464993856843417
3.75337633095386e-07,0.0004219034188035115
3.75340681887957e-07,0.0003862160580154842
3.753439358828214e-07,0.0003471855994669319
3.753472294995278e-07,0.0002998769754926009
3.753507460109673e-07,0.0002491990995562917
3.753550776544744e-07,0.0001854884316265424
3.75360895793733e-07,0.000111686259773533
3.753690315427993e-07,2.37082931734335e-05
3.753774202674872e-07,-5.707487008975882e-05
3.753867815029929e-07,-0.0001653995198901427
3.753966949474593e-07,-0.0002669608572286861
3.754045067523319e-07,-0.0003458681188089262
3.754114551289512e-07,-0.000438512512147688
3.754171425737952e-07,-0.0005174034174380294
3.754230706864894e-07,-0.0005922164202219289
3.754296092433642e-07,-0.0006627372564490139
3.754370491531207e-07,-0.000726702812553339
3.754472298222402e-07,-0.0007667920974092884
3.754554543900107e-07,-0.0007263920091180977
3.754627328800784e-07,-0.0006478201597581547
3.754678497179747e-07,-0.0005893527805120729
3.754731448037454e-07,-0.0005270340077932939
3.754783481441351e-07,-0.0004712355101446502
3.754836252341165e-07,-0.0004177209857558463
3.754909869666291e-07,-0.0003521536646268355
3.754954934833146e-07,-0.0003156990672372722
3.755e-07,-0.0002828954435767094
3.755061054755037e-07,-0.0002469544974174727
3.755122564743292e-07,-0.0002108650063431092
3.755189962388645e-07,-0.0001773909863397064
3.75532475767935e-07,-0.0001238312528963154
3.755581693628873e-07,-6.048750161281914e-05
3.755857163903248e-07,-2.759874700442817e-05
3.756175046736879e-07,-1.151421482838437e-05
3.75654146006853e-07,-4.334597567921638e-06
3.757042182989303e-07,-1.909705338342214e-06
3.757772168156869e-07,-9.743257872586968e-07
3.758962117124541e-07,-1.327934812093519e-06
3.761342015059884e-07,-9.480232791736351e-07
3.765006742858299e-07,-1.302449251398671e-06
3.770070452011195e-07,-9.337463972710615e-07
3.777061124901745e-07,-1.292029845649949e-06
3.787179703165094e-07,-9.274639487142193e-07
3.800000000000001e-07,-1.287327062808944e-06
3.8003125e-07,-1.25384119333487e-06
3.800834469393398e-07,-1.277325274653965e-06
3.801878408180193e-07,-1.499819310075048e-06
3.802268607157669e-07,-2.793406564546173e-06
3.802424831471222e-07,-3.538143886423113e-06
3.8025638867499e-07,-4.212796326385462e-06
3.802698570110042e-07,-4.784719893546584e-06
3.802740796015123e-07,-5.121629824374208e-06
3.802825247825284e-07,-6.01870798147666e-06
3.802887483307981e-07,-7.297624542935056e-06
3.802942830127293e-07,-1.01086789281885e-05
3.80296874499586e-07,-1.618567957786106e-05
3.802988669520492e-07,-2.044872644892101e-05
3.803011949427141e-07,-2.871334143720968e-05
3.803033274410667e-07,-3.303511788952278e-05
3.803062408953361e-07,-4.621847104596521e-05
3.803073162359795e-07,-5.167382180279331e-05
3.803081751536357e-07,-5.301485644402895e-05
3.803090303944898e-07,-5.331965381271552e-05
3.803102808971834e-07,-4.964418659379292e-05
3.803113224692541e-07,-4.40660169287917e-05
3.803122278010981e-07,-3.678498078933149e-05
3.80312969905203e-07,-2.997808412747709e-05
3.803138194511399e-07,-2.131468561592341e-05
3.80315002230649e-07,-1.468561663617498e-05
3.803158638132609e-07,-1.096319173807719e-05
3.803167693275821e-07,-9.412246358490339e-06
3.803178646639279e-07,-6.899171049211151e-06
3.803200553366194e-07,-5.699621459678939e-06
3.803226792191859e-07,-4.10177182182418e-06
3.803260894282762e-07,-4.562396722848198e-06
3.803305743414872e-07,-3.853426570870098e-06
3.803380181255328e-07,-5.072363177638245e-06
3.80347502908747e-07,-5.06392351584244e-06
3.8036149683722e-07,-7.22908870097754e-06
3.803842029916746e-07,-9.085392025029963e-06
3.804275896561795e-07,-1.536409702961865e-05
3.804637948280897e-07,-1.71238624199809e-05
3.804818974140449e-07,-1.721102391265096e-05
3.805e-07,-1.417213527854338e-05
3.805093331273877e-07,-1.260535471469011e-05
3.805215410765358e-07,-1.053561199641189e-05
3.805331977607819e-07,-8.725333837125607e-06
3.805565111292742e-07,-5.767996475156541e-06
3.805834859936876e-07,-3.585738484716717e-06
3.806195713105142e-07,-2.100162987315438e-06
3.806645771514983e-07,-1.435829090135616e-06
3.807344099253803e-07,-1.153929377918445e-06
3.808470250361376e-07,-1.117279056999716e-06
3.809798075558726e-07,-1.098751893820951e-06
3.810940418676764e-07,-1.113034450006768e-06
3.812366112117486e-07,-1.098376910076233e-06
3.815208952821075e-07,-1.112766146843267e-06
3.820894634228254e-07,-1.09797974132139e-06
3.832265997042611e-07,-1.112008248564027e-06
3.850000000000001e-07,-1.097042965165367e-06
3.850683184092452e-07,-2.131424749949712e-06
3.85161276474555e-07,-2.353724652203232e-06
3.852070357521993e-07,-5.281948464238219e-06
3.85226658169907e-07,-5.116811761630351e-06
3.852403412639824e-07,-4.697621366239217e-07
3.852579446855028e-07,1.068306412317595e-05
3.852721347667237e-07,1.139851431248315e-05
3.852778248905847e-07,7.452976851976369e-06
3.852829092283466e-07,-1.358003398554963e-06
3.8528732510178e-07,-8.056445113839888e-06
3.852922164829936e-07,-1.086878302222899e-05
3.852965329459471e-07,-1.387141204885401e-05
3.852993783559083e-07,-2.046326175494553e-05
3.853024726406725e-07,-2.809813543225703e-05
3.853057256692318e-07,-3.596254231186525e-05
3.853093456590097e-07,-4.469603646905687e-05
3.853131820328155e-07,-6.215615967260376e-05
3.853151398140822e-07,-7.276953729029541e-05
3.853173467212584e-07,-7.920653790659536e-05
3.853192776412261e-07,-8.11922929152076e-05
3.853219910507506e-07,-8.255836524157565e-05
3.853239246747175e-07,-8.167709953573401e-05
3.853258059902405e-07,-6.464278913111166e-05
3.853274015234434e-07,-5.975416042037488e-05
3.853298441516325e-07,-4.334447314526391e-05
3.853317899469933e-07,-4.825296060306732e-05
3.853339198021535e-07,-4.568399971624628e-05
3.853361819025921e-07,-5.890980719849069e-05
3.853380339884676e-07,-5.847402378381916e-05
3.85340015304595e-07,-8.200152756910233e-05
3.853416502560125e-07,-8.552335031592707e-05
3.853430142779815e-07,-9.840545547356009e-05
3.853446444214886e-07,-8.895698868727651e-05
3.853466165887759e-07,-9.129888471317614e-05
3.853484499879303e-07,-7.814458630496887e-05
3.85350828037322e-07,-8.137434836590148e-05
3.853536020798724e-07,-6.90417476182663e-05
3.853569541318023e-07,-7.475434986874317e-05
3.853605168824919e-07,-7.085067368766509e-05
3.853636652625551e-07,-8.26769464663543e-05
3.8536707815261e-07,-7.618799603074757e-05
3.853708859096672e-07,-8.074727898499922e-05
3.853759332898987e-07,-6.837819061414463e-05
3.853811722252577e-07,-7.141232613127296e-05
3.853865535671112e-07,-6.184344368239449e-05
3.853923132981172e-07,-7.105898505752089e-05
3.853995110475302e-07,-0.0001142475604195675
3.854089505852127e-07,-0.000419043189220569
3.854158923374348e-07,-0.0008054874544198743
3.854220150096746e-07,-0.001200433502841351
3.854276589512131e-07,-0.00144543016205417
3.854329655456286e-07,-0.001611982647884372
3.854388328412285e-07,-0.00166757739550993
3.8544519179764e-07,-0.001636639574914475
3.854509273262988e-07,-0.001418802810634751
3.854558247834966e-07,-0.00119299254993084
3.854606025152281e-07,-0.0008979128749086815
3.854655090573506e-07,-0.0006578990289130677
3.854699616509936e-07,-0.0004342864824037854
3.854752837437156e-07,-0.0002888251048419551
3.854796768175071e-07,-0.0001730034844824912
3.854853077402078e-07,-0.0001276313713746965
3.854916217311082e-07,-5.978829064079555e-05
3.854958108655541e-07,-6.761807257143222e-05
3.855e-07,-3.227346674782485e-05
3.855059883943185e-07,-3.059157839302727e-05
3.855123017655825e-07,-2.130356870385252e-05
3.855189121108698e-07,-1.473110699504053e-05
3.855321328014443e-07,-7.265738558922606e-06
3.855514699308618e-07,-2.862279435111292e-06
3.855754898501762e-07,-1.542955399025237e-06
3.856058527032998e-07,-1.155622851285358e-06
3.856494202088564e-07,-1.235571090435503e-06
3.857240003476217e-07,-1.106021978444273e-06
3.858296186891475e-07,-1.201008437057779e-06
3.859775221952658e-07,-1.076732503407684e-06
3.861837299180654e-07,-1.18092121745122e-06
3.864816862239237e-07,-1.061270334927962e-06
3.869134942183649e-07,-1.169849956466936e-06
3.875353221859297e-07,-1.053139520339413e-06
3.884294995331048e-07,-1.164196121682865e-06
3.892147497665524e-07,-1.049667587126524e-06
3.9e-07,-1.162341184901579e-06
3.9003125e-07,-6.467030950730007e-07
3.900834469393399e-07,-6.281397913378942e-07
3.901087181824745e-07,-6.385495045076534e-07
3.901592606687436e-07,-6.259002046065241e-07
3.902055222680761e-07,-1.135503241936283e-06
3.902241998548436e-07,-1.599093472891299e-06
3.902384189064741e-07,-1.867811864787853e-06
3.902563629608013e-07,-1.927833697884595e-06
3.902710140231315e-07,-1.950163967128631e-06
3.902914674362395e-07,-2.051348707298059e-06
3.902971358642298e-07,-2.026039283928742e-06
3.903084727202104e-07,-1.662360574712486e-06
3.903170727118662e-07,-1.085036588979044e-06
3.903242586361787e-07,-8.001068606522968e-07
3.903268453047145e-07,-7.563101656440417e-07
3.903320186417861e-07,-7.542847536965578e-07
3.90338124578651e-07,-7.0283721444347e-07
3.903503364523809e-07,-7.202895608005775e-07
3.903693476087349e-07,-6.750145123682892e-07
3.90407369921443e-07,-7.196717638638044e-07
3.904536849607215e-07,-7.147210254808981e-07
3.905e-07,-8.418071537038854e-07
3.905131725202013e-07,-1.039265904335786e-06
3.905341001086471e-07,-1.101753747412603e-06
3.905531986278674e-07,-1.112457537634803e-06
3.905913956663079e-07,-1.117079947849251e-06
3.906244126661802e-07,-1.117446558028493e-06
3.906897857905564e-07,-1.11683719000907e-06
3.908022079427291e-07,-1.117492988952156e-06
3.910270522470746e-07,-1.116888098166475e-06
3.914767408557654e-07,-1.117775508848523e-06
3.917490935177359e-07,-1.117375508656154e-06
3.92045089234105e-07,-1.113961186043288e-06
3.921804427498628e-07,-1.102940493850015e-06
3.923210718575152e-07,-1.071047016822203e-06
3.924945002956592e-07,-9.735237467679508e-07
3.926279383495974e-07,-8.80274847685545e-07
3.927772879335601e-07,-1.033098539771494e-06
3.928275056600776e-07,-1.857610091050266e-06
3.928473096226765e-07,-2.066500703927248e-06
3.928563436028056e-07,-2.142061351427726e-06
3.928744115630638e-07,-2.24065434795061e-06
3.928945150417695e-07,-2.448831855687824e-06
3.929046543406e-07,-2.880491659726434e-06
3.929100249060037e-07,-3.787852244941407e-06
3.929147713990028e-07,-4.729051300214327e-06
3.929210124344679e-07,-6.254855126270254e-06
3.929257526600556e-07,-7.03683680685311e-06
3.929324373702253e-07,-7.911424727563848e-06
3.929382093400371e-07,-7.780491641076966e-06
3.929435921455742e-07,-6.81908023363237e-06
3.92947627588792e-07,-4.726117649661995e-06
3.929509947593167e-07,-4.181710712194449e-06
3.929542969275255e-07,-3.688082641805113e-06
3.929576186035333e-07,-3.87269652833764e-06
3.929617580365962e-07,-3.424822251075404e-06
3.92970036902722e-07,-3.391238489493277e-06
3.929828222277416e-07,-1.939158583258569e-06
3.929942941524821e-07,-1.446274989382071e-06
3.930055778007326e-07,-9.140260363236204e-07
3.930177579274076e-07,-1.239364682319599e-06
3.930300555460937e-07,-8.832626029492668e-07
3.930518384196807e-07,-1.221827558421981e-06
3.930911016832121e-07,-8.857686862549471e-07
3.931337909424981e-07,-1.233344475542389e-06
3.931878540280114e-07,-9.018338042164221e-07
3.932639649255297e-07,-1.25456938038954e-06
3.934161867205663e-07,-9.330982591050163e-07
3.934529575595357e-07,-1.272039144981784e-06
3.935264992374746e-07,-9.348446604797572e-07
3.936335467488389e-07,-1.272724615206987e-06
3.938381643058457e-07,-9.351610855222046e-07
3.941775217137997e-07,-1.272606058705252e-06
3.945887608568999e-07,-9.350092698533663e-07
3.95e-07,-1.27241162904487e-06
3.950363097371704e-07,2.093102433360276e-06
3.950973023609493e-07,2.177780863940041e-06
3.951704697468083e-07,1.257242359236311e-06
3.95190383560163e-07,-5.00778966484358e-07
3.952202542801951e-07,-7.658422790223204e-06
3.952351896402112e-07,-1.384932431159873e-05
3.952501250002272e-07,-2.150428266887656e-05
3.952526250002273e-07,3.345893401091575e-05
3.952553132296963e-07,-3.281945480719514e-05
3.95257607532315e-07,-1.12278459010583e-05
3.952588662662711e-07,-6.881185873929151e-05
3.952601250002273e-07,-4.22332463206686e-05
3.952604132416751e-07,-8.004362127896686e-05
3.952609438580006e-07,-8.075027887467887e-05
3.952614239079742e-07,-8.092486183196145e-05
3.952622200430712e-07,-8.156654351535597e-05
3.952633294516258e-07,-7.916856178995967e-05
3.952645152885334e-07,-7.687354613296418e-05
3.952656979674049e-07,-7.512753403216979e-05
3.952669114177944e-07,-7.831871900041e-05
3.952681171210374e-07,-7.597630361806377e-05
3.952690228014019e-07,-7.520571971906783e-05
3.952697809999521e-07,-7.557721455240695e-05
3.952705804699267e-07,-7.873231141694204e-05
3.952712720142483e-07,-8.024018020221732e-05
3.952721443555535e-07,-8.142283647932196e-05
3.952735391909963e-07,-7.894222577655231e-05
3.952745564517054e-07,-7.737810848538416e-05
3.952757237440531e-07,-7.466401831214001e-05
3.952771293759241e-07,-7.301213244420914e-05
3.952792893016818e-07,-6.920813513022903e-05
3.952816491932397e-07,-6.367907578544273e-05
3.952840686533146e-07,-5.093972269718457e-05
3.952866276550131e-07,-2.592811175416754e-05
3.9528909240761e-07,1.288299579698695e-05
3.952919118221126e-07,6.928046975670364e-05
3.952950157701361e-07,0.0001421470068276676
3.952982007822617e-07,0.0002200880996935749
3.953016277232389e-07,0.0003034335749362277
3.953056606354274e-07,0.0003844021686854915
3.953087584257593e-07,0.0004312056295312367
3.95310847491945e-07,0.0004500613986610026
3.953134197241975e-07,0.0004657622676450899
3.953152998814216e-07,0.0004682341268605486
3.95317163722596e-07,0.0004582527604505433
3.953188725028811e-07,0.000436243647281871
3.953201059681986e-07,0.0004272761461248113
3.953217583670055e-07,0.000426309231655249
3.953230320898431e-07,0.0004297152983716956
3.95324618862951e-07,0.0004278121546981382
3.953262356326029e-07,0.0004253126694629817
3.953277146612393e-07,0.0004451660611243832
3.953289841709485e-07,0.0004516559488589644
3.953304659028811e-07,0.0004587922392555791
3.95331995088882e-07,0.0004412666804913302
3.953333934330671e-07,0.0004328685666885369
3.95335033573017e-07,0.0004104779793575264
3.953374251796481e-07,0.0003919306420908463
3.953405210077731e-07,0.0003533339618928175
3.953437200660835e-07,0.0003217828515730818
3.953470229902058e-07,0.0002744633167162272
3.953504958546351e-07,0.0002340687254117879
3.953547731227363e-07,0.0001759740519479042
3.953604637897604e-07,0.0001203540171232198
3.953677710652173e-07,5.170360694998437e-05
3.953756212527287e-07,-5.296016710388435e-06
3.953848055480786e-07,-0.0001005932660859164
3.953948283947234e-07,-0.0001885065777120647
3.95402146341719e-07,-0.0002603220984949111
3.954091854610525e-07,-0.0003662804763876994
3.954163201626702e-07,-0.0004750050461807979
3.954222642333541e-07,-0.0005560698213322833
3.954302290356217e-07,-0.0006482765736259199
3.954370762497126e-07,-0.0007093093771987
3.9544519054404e-07,-0.0007517389507411752
3.95453641949465e-07,-0.0007289944235630128
3.954606158367067e-07,-0.0006621777100289199
3.954658616433153e-07,-0.0006028006579413437
3.954717750360555e-07,-0.0005343582762841548
3.954765005746895e-07,-0.0004826099940112101
3.954817994309433e-07,-0.0004287808452342118
3.954888917993122e-07,-0.0003634114758682143
3.954948327644007e-07,-0.0003158205228487113
3.955e-07,-0.0002775066162974284
3.955075757785282e-07,-0.0002351076963463943
3.955150032745195e-07,-0.0001940450812104823
3.955226227474096e-07,-0.0001593654270588492
3.955378616931896e-07,-0.0001056528303852945
3.955636598439763e-07,-5.137000033767294e-05
3.955919541132239e-07,-2.289949787859563e-05
3.956246016278778e-07,-9.470468450654326e-06
3.956633392550574e-07,-3.477718751618252e-06
3.957168972144976e-07,-1.68371106248065e-06
3.957971799359473e-07,-9.784187014100652e-07
3.959268632900569e-07,-1.324548443752229e-06
3.96186229998276e-07,-9.62865610261653e-07
3.965717686185639e-07,-1.294313737788954e-06
3.971084556233891e-07,-9.468879231914783e-07
3.978491036058271e-07,-1.282099776101447e-06
3.989273850334136e-07,-9.397331285401274e-07
4e-07,-1.276900021887564e-06
4.000312500000001e-07,-1.255183244103557e-06
4.000834469393399e-07,-1.27826151469592e-06
4.001878408180195e-07,-1.500875065127041e-06
4.002268607157671e-07,-2.79409710755466e-06
4.002424873224688e-07,-3.539491520531832e-06
4.002563908955455e-07,-4.220884600269692e-06
4.002698580168995e-07,-4.791000724452788e-06
4.002740797188255e-07,-5.127106721375694e-06
4.002825231226775e-07,-6.023429567748153e-06
4.002887455578968e-07,-7.301156601369478e-06
4.00294280595037e-07,-1.011245153508143e-05
4.002968720991778e-07,-1.619042965547409e-05
4.002988643715806e-07,-2.045432144374989e-05
4.00301192195974e-07,-2.872064441119943e-05
4.003033244534519e-07,-3.304351979876926e-05
4.003062374753901e-07,-4.622994587606434e-05
4.003073126501589e-07,-5.168369857008841e-05
4.0030817151548e-07,-5.302422367306014e-05
4.003090266672252e-07,-5.332626030405472e-05
4.003102770249262e-07,-4.964902227629416e-05
4.003113184871889e-07,-4.406932189079321e-05
4.003122236882004e-07,-3.678799892321484e-05
4.003129657212329e-07,-2.998059061766819e-05
4.003138152354679e-07,-2.131675378207295e-05
4.003149981142331e-07,-1.46865230350638e-05
4.003158596369232e-07,-1.096459254740935e-05
4.00316765134156e-07,-9.413564453198858e-06
4.003178604350597e-07,-6.900867381938475e-06
4.00320051036867e-07,-5.701226539798832e-06
4.003226749423475e-07,-4.103452386258231e-06
4.003260852889581e-07,-4.563620072928815e-06
4.003305705675691e-07,-3.854556089646648e-06
4.003380152818689e-07,-5.072980621966008e-06
4.003474978811234e-07,-5.064159038322858e-06
4.003614886660297e-07,-7.228362656737946e-06
4.003841861031964e-07,-9.083168358394098e-06
4.00427618455359e-07,-1.536602138430554e-05
4.004638092276795e-07,-1.712111502152438e-05
4.004819046138398e-07,-1.720640943077647e-05
4.005e-07,-1.416797338204461e-05
4.005093331166255e-07,-1.260148749676775e-05
4.0052153870846e-07,-1.053269983470538e-05
4.005331934336661e-07,-8.723334200542256e-06
4.005565028840782e-07,-5.76746336100597e-06
4.005834817967297e-07,-3.585619283986782e-06
4.006195721771913e-07,-2.100524142814963e-06
4.006645871643733e-07,-1.436497126528293e-06
4.007344315314148e-07,-1.154777650004393e-06
4.00847013516407e-07,-1.118124694870512e-06
4.009798971374159e-07,-1.099553683310419e-06
4.010941258501401e-07,-1.113821752248802e-06
4.012366921916807e-07,-1.099145628251852e-06
4.015207659805968e-07,-1.113495186936432e-06
4.020889135584289e-07,-1.098646412624696e-06
4.032252087140932e-07,-1.112569800911311e-06
4.05e-07,-1.097496120102265e-06
4.050683434336919e-07,-2.108910162946585e-06
4.051613241974437e-07,-2.293432943074267e-06
4.052071065424838e-07,-4.769709706384027e-06
4.052267001266685e-07,-4.101368351426425e-06
4.052403795134067e-07,9.683718955811624e-07
4.052579651810043e-07,1.25738494539025e-05
4.052721589063622e-07,1.362403595525768e-05
4.052778532044586e-07,9.753006929827683e-06
4.052829253461076e-07,9.710680699835452e-07
4.052873392868991e-07,-5.676233695586318e-06
4.052922252709624e-07,-8.470968779178425e-06
4.05296542268814e-07,-1.24214347810793e-05
4.0529939236735e-07,-2.158035004789403e-05
4.053024853983603e-07,-3.194895943260215e-05
4.053057441715403e-07,-4.185766779292081e-05
4.053093593206188e-07,-5.256050252500519e-05
4.053132017380956e-07,-7.676246676077506e-05
4.053151602220074e-07,-9.13156318886959e-05
4.053173636901901e-07,-0.000100159238008627
4.053192992906051e-07,-0.000102310379671013
4.053219946963003e-07,-0.0001039864602293612
4.053239269207291e-07,-0.0001011178766280953
4.053258061412182e-07,-7.43327705679938e-05
4.05327401314223e-07,-6.467767880047112e-05
4.05329847641913e-07,-3.754146016062803e-05
4.053317940513998e-07,-4.054089507374544e-05
4.053339244835429e-07,-3.179788560862389e-05
4.053361870774972e-07,-4.379939131898098e-05
4.053380477470913e-07,-3.869437328173815e-05
4.053400514326909e-07,-5.898273507733496e-05
4.053416784147785e-07,-5.621991127948424e-05
4.053430905795804e-07,-6.951598266870181e-05
4.053447633092516e-07,-5.799142005600956e-05
4.053467089715869e-07,-6.440205595029738e-05
4.053486217950639e-07,-5.063934700053898e-05
4.05351085961952e-07,-5.765058636415466e-05
4.053538867241508e-07,-4.457778012228672e-05
4.053573173672263e-07,-5.359888170591234e-05
4.053609163119172e-07,-4.648580922311688e-05
4.053640234984334e-07,-5.899431176991267e-05
4.053673543942742e-07,-4.954917730033574e-05
4.053714941631447e-07,-5.711195291352256e-05
4.053765800589589e-07,-4.389889501650615e-05
4.053818183052331e-07,-5.109699139007732e-05
4.053871498418372e-07,-3.985724418814049e-05
4.053930971649815e-07,-5.191826673033155e-05
4.054005836672943e-07,-8.753872134008435e-05
4.054102533929314e-07,-0.0003421514264647113
4.054174533080435e-07,-0.0006715293827773949
4.054246722197172e-07,-0.001041570357891323
4.054303747493889e-07,-0.001232001115824451
4.054365289642698e-07,-0.001373581022364039
4.054436663489351e-07,-0.001405608001045673
4.054510535332908e-07,-0.001327700412135986
4.054580811440733e-07,-0.001015080442417568
4.054640683952218e-07,-0.0007059739265428312
4.054687690293202e-07,-0.0004611915199113702
4.054744318588434e-07,-0.0002845135792726992
4.05479621090268e-07,-0.0001554683422349424
4.054847505803757e-07,-0.0001116192845701219
4.054924085789845e-07,-4.54871812920904e-05
4.054962042894922e-07,-5.156303498785862e-05
4.055e-07,-2.586964961490312e-05
4.055065975967772e-07,-2.320294842212301e-05
4.055129289607365e-07,-1.610318673701575e-05
4.055196170033535e-07,-1.130541281714239e-05
4.055329930885876e-07,-5.585954488044531e-06
4.055524518399497e-07,-2.478738825500872e-06
4.055766725965802e-07,-1.36057728148861e-06
4.056073539624027e-07,-1.217081073317026e-06
4.056516001297384e-07,-1.131465655943632e-06
4.057277659709698e-07,-1.176917978687858e-06
4.058346863620663e-07,-1.104701833498893e-06
4.05984553907631e-07,-1.154687874346235e-06
4.061935172807793e-07,-1.08986755596074e-06
4.064958935383821e-07,-1.143144732696618e-06
4.069340126458582e-07,-1.081796446772602e-06
4.075647689527227e-07,-1.137120267080508e-06
4.084717991956431e-07,-1.077676542055217e-06
4.092358995978216e-07,-1.134546340707886e-06
4.1e-07,-1.076368140212259e-06
4.100312500000001e-07,-6.494216425456893e-07
4.100834469393399e-07,-6.321252349887039e-07
4.101082930942909e-07,-6.420195536719184e-07
4.101579854041929e-07,-6.215440298009614e-07
4.102045375088357e-07,-1.09633560559677e-06
4.10223741885858e-07,-1.567879743538953e-06
4.102380558887408e-07,-1.843636583149065e-06
4.102562836627831e-07,-1.907993103322718e-06
4.102708943203243e-07,-1.933095146996977e-06
4.103001156354069e-07,-1.977405764598608e-06
4.10305248743313e-07,-1.805338234835257e-06
4.103155149591252e-07,-1.240110310122629e-06
4.103228896425359e-07,-8.401753999480062e-07
4.103327798912e-07,-7.095786516922098e-07
4.103407016816958e-07,-7.364938532762096e-07
4.103482480857281e-07,-6.829514674492973e-07
4.103633408937927e-07,-7.155823508785088e-07
4.103935265099218e-07,-6.757964651713164e-07
4.104538977421801e-07,-7.51097498724245e-07
4.105e-07,-8.01911263450182e-07
4.105138094900702e-07,-1.039261322288599e-06
4.105357030850832e-07,-1.102335652135285e-06
4.105549565800969e-07,-1.112639949171761e-06
4.105934635701243e-07,-1.116297470478478e-06
4.106269489959583e-07,-1.117147009966737e-06
4.106939198476264e-07,-1.116139290551208e-06
4.108126027266056e-07,-1.117215192950653e-06
4.110499684845642e-07,-1.116274418895136e-06
4.115247000004814e-07,-1.117670386124743e-06
4.117620657584399e-07,-1.116711891199492e-06
4.120477688010498e-07,-1.110454183348582e-06
4.121566638295936e-07,-1.098159662481006e-06
4.123013599980754e-07,-1.056528089922003e-06
4.124565118113268e-07,-9.602134279239828e-07
4.12589763016219e-07,-8.709842514010468e-07
4.12744654232141e-07,-1.410818008867642e-06
4.12785699765094e-07,-2.073332370924461e-06
4.128008553848756e-07,-2.126765092202577e-06
4.128300317286871e-07,-2.379901158074223e-06
4.128518062218294e-07,-3.548132094191557e-06
4.128582550831683e-07,-5.08771597018086e-06
4.128630271206073e-07,-5.967440942244402e-06
4.128684215290274e-07,-7.204321126249065e-06
4.128749422603632e-07,-7.723742557879562e-06
4.128805895944341e-07,-7.932289194860929e-06
4.128859543975156e-07,-6.732492601838455e-06
4.12890045269657e-07,-4.909719843112097e-06
4.128933725593042e-07,-4.063059426994426e-06
4.128966227102608e-07,-3.829713392226996e-06
4.128999511307765e-07,-3.726726701991305e-06
4.129040287122313e-07,-3.588715705765574e-06
4.129114435862972e-07,-3.293948486475702e-06
4.129259270609363e-07,-2.073779471658995e-06
4.129373442994265e-07,-1.284109766136155e-06
4.129487233362777e-07,-1.070840140327786e-06
4.129612874637708e-07,-1.080202946978797e-06
4.129737106234569e-07,-1.042507672176805e-06
4.12995892427969e-07,-1.062557233268821e-06
4.130350283914915e-07,-1.045504937273507e-06
4.130781754563405e-07,-1.073974877392527e-06
4.131331014445914e-07,-1.061739038634213e-06
4.132108299092665e-07,-1.095358438447123e-06
4.133662868386168e-07,-1.092963575420487e-06
4.134027017054823e-07,-1.112406715047989e-06
4.134755314392134e-07,-1.09453979272317e-06
4.135833380086664e-07,-1.112900844348203e-06
4.137986636830453e-07,-1.094835448727353e-06
4.141652516736081e-07,-1.112782651980932e-06
4.145826258368041e-07,-1.094719416730732e-06
4.150000000000001e-07,-1.112611281000485e-06
4.150365168531992e-07,1.824973325983568e-06
4.150977411975706e-07,1.868865273590072e-06
4.151715679801513e-07,1.041289695480737e-06
4.151912072351703e-07,-5.910707498988641e-07
4.152010268626797e-07,-2.090967013950688e-06
4.152206661176987e-07,-7.128859463796603e-06
4.152435607507213e-07,-1.66045669002454e-05
4.152501250002273e-07,-2.006147445872049e-05
4.152526250002273e-07,-3.101452357717496e-05
4.152547773510316e-07,-3.225051116168191e-05
4.152562955765145e-07,-0.0001041091533796166
4.152573863872554e-07,-0.0001001307973252967
4.152584809902947e-07,-0.0001666688854944191
4.15259302995261e-07,-0.0001571430705055262
4.152601250002273e-07,-0.0002197404104010292
4.152604004910339e-07,-0.0001603466093611733
4.152608174906207e-07,-0.0001551487302398378
4.152612028170923e-07,-0.0001513946769341876
4.152619187311333e-07,-0.000148687314056119
4.152628520964293e-07,-0.0001503301005396301
4.15263797206417e-07,-0.0001528404383668323
4.152648394150824e-07,-0.0001565637351697499
4.152658834275065e-07,-0.0001595105693616906
4.152671175163875e-07,-0.0001616416724872058
4.152682161807201e-07,-0.0001575033336538626
4.152691193631954e-07,-0.0001599147090206269
4.15269830898085e-07,-0.000161133031560293
4.152706082936192e-07,-0.0001562744545347632
4.152712953467784e-07,-0.0001486287455526587
4.152721650443646e-07,-0.0001310194652690977
4.152733454500728e-07,-0.0001091969063962163
4.152743637329033e-07,-9.421758139581965e-05
4.152754865122371e-07,-8.530313886645433e-05
4.152767124854625e-07,-7.801711002077802e-05
4.152782290468197e-07,-7.456781025595625e-05
4.152802012267813e-07,-6.945763720037692e-05
4.152826694309567e-07,-6.485353303642791e-05
4.152849733674879e-07,-5.284733338689442e-05
4.152877100592094e-07,-2.639233543713712e-05
4.152901505937737e-07,1.384154024663919e-05
4.152936531018332e-07,8.631143715953827e-05
4.152969464693645e-07,0.000167266103437961
4.153002737626169e-07,0.0002502849935464915
4.153039129147854e-07,0.0003358683561828669
4.153085929340403e-07,0.0004170204988692938
4.153109405575714e-07,0.0004448975093639044
4.153128641679181e-07,0.0004580334452298981
4.153149206642456e-07,0.0004694738510034455
4.15316621149657e-07,0.0004694320488909783
4.153177449433676e-07,0.0004663625951214202
4.15318995183787e-07,0.0004580195170824903
4.153201891666585e-07,0.0004588767161373119
4.153216347207244e-07,0.0004615576756179651
4.153229128291532e-07,0.0004694924176358627
4.153244805556843e-07,0.0004689991615421386
4.153260712173745e-07,0.0004687099635220028
4.153275543718218e-07,0.0004761159246164096
4.153288243199677e-07,0.0004802429863088942
4.153302693361278e-07,0.0004792185215411721
4.153318086831801e-07,0.0004675268485255599
4.153331964125322e-07,0.0004562001431199723
4.153348049010308e-07,0.0004399638988135996
4.15337093628098e-07,0.0004179907368563692
4.15340316977808e-07,0.0003811078305897154
4.15343449015708e-07,0.0003429000931150385
4.153467784276345e-07,0.0002959130584857584
4.1535019338287e-07,0.0002453596367222135
4.153544167745406e-07,0.0001791581699293718
4.15359964585604e-07,9.72664103718693e-05
4.153677127264014e-07,-5.86903636007306e-06
4.153775545113149e-07,-0.0001144639455175544
4.153872048773572e-07,-0.0002128625931654725
4.153972185873191e-07,-0.0002956416181586085
4.154065056014459e-07,-0.0003470664444024882
4.154137830214807e-07,-0.0003764859220732833
4.15419234101979e-07,-0.0004091041167408964
4.154264406786868e-07,-0.0004488523985240229
4.154333390591135e-07,-0.0004866904833538252
4.154400522053538e-07,-0.0005133496550217218
4.154488742835451e-07,-0.0005354877062941463
4.154579582126679e-07,-0.0005134524965881942
4.154653116581202e-07,-0.0004593697714268178
4.154725934060769e-07,-0.0003934809735945141
4.154776974647919e-07,-0.0003503643362709708
4.15485331404469e-07,-0.0002916337940968053
4.154909027801129e-07,-0.000255092215222592
4.154954513900564e-07,-0.0002274856970085294
4.155e-07,-0.0002032004542203682
4.155063082731906e-07,-0.0001763167737463751
4.155129109823579e-07,-0.0001483142549961925
4.155197949951152e-07,-0.000124069090463702
4.155335630206299e-07,-8.569347688746159e-05
4.155593595788561e-07,-4.181778020389453e-05
4.155869612476718e-07,-1.924449380876713e-05
4.156188750097857e-07,-8.247940925869172e-06
4.156558080039953e-07,-3.307900407732894e-06
4.15706501876273e-07,-1.651331841702127e-06
4.157806785339343e-07,-1.023981903519912e-06
4.159101490580946e-07,-1.253201783504122e-06
4.161632134815354e-07,-1.007177502768994e-06
4.165390064814939e-07,-1.233780872518943e-06
4.170582902482632e-07,-9.957995016522453e-07
4.177772389310399e-07,-1.225705358324861e-06
4.188252026740515e-07,-9.907444275332409e-07
4.200000000000001e-07,-1.222115833336937e-06
4.200312500000001e-07,-1.253066426932127e-06
4.200834469393399e-07,-1.276509932221103e-06
4.201878408180195e-07,-1.499195626982658e-06
4.202268607157671e-07,-2.792534290028241e-06
4.202424851482574e-07,-3.537628738341383e-06
4.202563897831575e-07,-4.219143648104107e-06
4.202698575546216e-07,-4.788495942050784e-06
4.202740796532439e-07,-5.12516457405835e-06
4.202825238504886e-07,-6.021897646190104e-06
4.202887446907211e-07,-7.29950441450272e-06
4.202942806915683e-07,-1.01158984885858e-05
4.202968706295367e-07,-1.619684489558352e-05
4.202988625187773e-07,-2.046224567284609e-05
4.203011891934859e-07,-2.87307583031821e-05
4.203033216667543e-07,-3.305441801079824e-05
4.203062340559997e-07,-4.625765961968868e-05
4.203073087567158e-07,-5.169716839919578e-05
4.20308168015588e-07,-5.303739438069321e-05
4.203090231601144e-07,-5.332651419509445e-05
4.203102729750984e-07,-4.964294395382737e-05
4.203113139902107e-07,-4.405383044126215e-05
4.203122184498236e-07,-3.677600013663433e-05
4.203129603104732e-07,-2.9961646884423e-05
4.20313810064807e-07,-2.130310491674735e-05
4.203149959136017e-07,-1.465840988711068e-05
4.203158569964014e-07,-1.095135537887738e-05
4.203167631558074e-07,-9.397135254790822e-06
4.203178594211534e-07,-6.893239964969173e-06
4.203200519518454e-07,-5.691298508394836e-06
4.203226775736376e-07,-4.102125014388923e-06
4.203260916702835e-07,-4.557296403354629e-06
4.203305832908066e-07,-3.855214222306854e-06
4.203380439194989e-07,-5.068910191596577e-06
4.203475319934457e-07,-5.067004728154073e-06
4.203615421796006e-07,-7.22748716509506e-06
4.203842705822761e-07,-9.092669251708677e-06
4.20427846191545e-07,-1.538377068777594e-05
4.204639230957725e-07,-1.711696357653564e-05
4.204819615478863e-07,-1.718835524109179e-05
4.205e-07,-1.416018917197224e-05
4.205093293985365e-07,-1.259194898446444e-05
4.205215154769295e-07,-1.052747262791702e-05
4.205331537478886e-07,-8.721387245948785e-06
4.205564302898066e-07,-5.769545321618068e-06
4.205834090001296e-07,-3.586242049146194e-06
4.206194890297911e-07,-2.100286409993433e-06
4.20664491642833e-07,-1.435539317535877e-06
4.207342780196015e-07,-1.153573793227935e-06
4.208467291022962e-07,-1.116702226609427e-06
4.209799358908641e-07,-1.098152839583909e-06
4.210941385816816e-07,-1.112420742795567e-06
4.212366457514213e-07,-1.097813806544171e-06
4.215197542801392e-07,-1.11219668211268e-06
4.22085971337575e-07,-1.097498965990667e-06
4.232184054524467e-07,-1.111570501050793e-06
4.250000000000001e-07,-1.096726308440893e-06
4.250684656952129e-07,-2.130900597300963e-06
4.251615573165581e-07,-2.358887954574427e-06
4.252074523960111e-07,-5.327672494354635e-06
4.252269059604566e-07,-5.083058455439693e-06
4.252405673762202e-07,-3.366666603773976e-07
4.252580666657461e-07,1.07304624650184e-05
4.252722792454077e-07,1.13625568624815e-05
4.252779945322796e-07,7.230772062928e-06
4.252830067307629e-07,-1.545212592502165e-06
4.252874111040955e-07,-8.140538163555103e-06
4.252922703032854e-07,-1.086972881926493e-05
4.252965902512373e-07,-1.397205553878795e-05
4.252994635917852e-07,-2.066687736478105e-05
4.253025504318992e-07,-2.829205593819656e-05
4.253058387738289e-07,-3.621943847283595e-05
4.25309430097293e-07,-4.494528857078637e-05
4.253133037131372e-07,-6.304688092181525e-05
4.253153025640508e-07,-7.331045090091203e-05
4.253174981665655e-07,-7.961762000510076e-05
4.253194640976443e-07,-8.096040605763261e-05
4.253220575592331e-07,-8.316445454561976e-05
4.253239777667588e-07,-8.067326213239656e-05
4.253258420280292e-07,-6.499214228798141e-05
4.253274360236217e-07,-5.878612280222611e-05
4.25329967727581e-07,-4.369890445481544e-05
4.25331945882761e-07,-4.7705236978524e-05
4.253340888001763e-07,-4.680871991456239e-05
4.253363735306003e-07,-5.899769770839044e-05
4.253382093225039e-07,-5.974369183952186e-05
4.253402512584885e-07,-8.348933831693789e-05
4.253417956282201e-07,-8.62435534865735e-05
4.253431745160022e-07,-9.850977448910955e-05
4.253448345769643e-07,-8.863924698486884e-05
4.25346664294733e-07,-9.122716788272278e-05
4.253485100106241e-07,-7.80583287766596e-05
4.25350941029647e-07,-8.12190462280078e-05
4.253537348344842e-07,-6.889538081857505e-05
4.253571062848635e-07,-7.476983997194646e-05
4.253606841492977e-07,-7.106641528671775e-05
4.253638038269173e-07,-8.273809172829407e-05
4.253671829087717e-07,-7.613011255235779e-05
4.253710429522516e-07,-8.058498204275816e-05
4.253760334918982e-07,-6.830391628896099e-05
4.253812675687448e-07,-7.136976894275395e-05
4.253866392479167e-07,-6.185159102669857e-05
4.2539242119773e-07,-7.123049722289595e-05
4.253996349702729e-07,-0.0001156930333355942
4.254091129646043e-07,-0.0004179552567786335
4.254163708715058e-07,-0.0008038826441286141
4.254224840951834e-07,-0.00115415928176118
4.254280422475175e-07,-0.001354518596255675
4.254334447684944e-07,-0.00148597316735712
4.254393289996019e-07,-0.001515012109770664
4.254457459748044e-07,-0.00144256383045901
4.254513515910635e-07,-0.001179018157142987
4.254563024463707e-07,-0.0009759788281663089
4.254608524672752e-07,-0.0007674608143022712
4.254657112453456e-07,-0.0006141412299373579
4.254708007285562e-07,-0.0004003333346080807
4.254754230212406e-07,-0.0002972064186137112
4.254798740485965e-07,-0.0001739127171484499
4.254849727024081e-07,-0.0001359826325815244
4.254903668451577e-07,-6.499523611404127e-05
4.254957413270484e-07,-6.940445393710629e-05
4.255e-07,-2.958424640872937e-05
4.255064755762443e-07,-2.928290475337652e-05
4.255131519337002e-07,-1.987959066989904e-05
4.255200035090531e-07,-1.35696228177932e-05
4.255337066597588e-07,-6.548784278812488e-06
4.255532060456749e-07,-2.644505629912577e-06
4.255776123167839e-07,-1.485668053430999e-06
4.256085121598272e-07,-1.158025214652489e-06
4.256534551709669e-07,-1.226603713018452e-06
4.257310142373419e-07,-1.112932287060888e-06
4.258391382217949e-07,-1.190988447316333e-06
4.259907413304152e-07,-1.084943765136193e-06
4.26202207477075e-07,-1.171096739584065e-06
4.265085843985058e-07,-1.069980567910554e-06
4.269524063635764e-07,-1.160202089672445e-06
4.275912187300076e-07,-1.062109676424462e-06
4.285098510664622e-07,-1.154670834655315e-06
4.292549255332311e-07,-1.058834891498457e-06
4.3e-07,-1.152938757256413e-06
4.3003125e-07,-6.527613420487505e-07
4.300834469393398e-07,-6.367859294635687e-07
4.301079075541154e-07,-6.466964656201774e-07
4.301568287836665e-07,-6.198192091188863e-07
4.302036919609243e-07,-1.064264086875572e-06
4.302234013413008e-07,-1.541581041220112e-06
4.302378027996397e-07,-1.823317426748222e-06
4.302562709856542e-07,-1.890241198563273e-06
4.302708622166166e-07,-1.920103475908507e-06
4.303000446785415e-07,-1.974927499280251e-06
4.303051850638817e-07,-1.806225600709654e-06
4.303154658345623e-07,-1.242948196680974e-06
4.303228492163327e-07,-8.420521878965482e-07
4.303326645810985e-07,-7.100706129655712e-07
4.303406184230495e-07,-7.380931604115466e-07
4.30348134983619e-07,-6.831220273854946e-07
4.303631681047581e-07,-7.171881270301336e-07
4.303932343470362e-07,-6.756978247300042e-07
4.304533668315924e-07,-7.51489564709259e-07
4.305e-07,-7.992734986531701e-07
4.305139326251085e-07,-1.03845580047525e-06
4.305359308608758e-07,-1.102027956097801e-06
4.305553137176782e-07,-1.112783085884984e-06
4.305940794312829e-07,-1.116347352751399e-06
4.30627768681262e-07,-1.117298128887704e-06
4.306951471812203e-07,-1.116215731941509e-06
4.308143507803064e-07,-1.117343271741599e-06
4.310527579784787e-07,-1.116348538287142e-06
4.315295723748232e-07,-1.117759348753001e-06
4.317679795729954e-07,-1.116388682519205e-06
4.319989795678798e-07,-1.109988664616857e-06
4.321005770585979e-07,-1.098026493797312e-06
4.323037720400341e-07,-1.026758569363466e-06
4.324476564908626e-07,-9.266442649560803e-07
4.325917292113062e-07,-8.507140322139228e-07
4.326358603078237e-07,-8.97379894262288e-07
4.326899386581037e-07,-1.431094332296443e-06
4.327103510129516e-07,-1.795878551724479e-06
4.327205571903756e-07,-1.945120138432956e-06
4.327409695452236e-07,-2.141558948794059e-06
4.327611954243422e-07,-2.265134263546575e-06
4.327829133561321e-07,-2.522800274604916e-06
4.327891595753431e-07,-2.913046720558488e-06
4.327965488243986e-07,-4.172392913133946e-06
4.328014768418848e-07,-5.262246980505806e-06
4.328073212597448e-07,-6.574161689830272e-06
4.328121001479545e-07,-7.330847936145134e-06
4.328168429112734e-07,-7.814104289160402e-06
4.328223546139631e-07,-7.82890120943204e-06
4.328275712279592e-07,-6.977692274032596e-06
4.328317169996756e-07,-4.930075114610832e-06
4.328349864425215e-07,-4.241068354420765e-06
4.328380672577886e-07,-3.729373037281142e-06
4.328414216053181e-07,-3.866019727406925e-06
4.328452757964832e-07,-3.489408971822914e-06
4.328520049802931e-07,-3.486768314829216e-06
4.328654633479129e-07,-2.199851079073491e-06
4.328769515417198e-07,-1.513628785736657e-06
4.328932334326878e-07,-9.008808684442217e-07
4.32906364563355e-07,-1.201036351141959e-06
4.329192849010037e-07,-9.293834751806547e-07
4.329389906358996e-07,-1.171603150400608e-06
4.329716320438664e-07,-9.365053123483032e-07
4.330137569691455e-07,-1.181026787200525e-06
4.330679176454593e-07,-9.527254383097631e-07
4.331439103677841e-07,-1.201771062365297e-06
4.332864434728619e-07,-9.837596733159492e-07
4.333253258910941e-07,-1.219458238507456e-06
4.334030907275587e-07,-9.865862623250548e-07
4.335106222083757e-07,-1.220663228071018e-06
4.336910585814975e-07,-9.871880428820077e-07
4.339783371722139e-07,-1.220496449288161e-06
4.344601975377884e-07,-9.870541157644755e-07
4.35e-07,-1.22025706058507e-06
4.350404287355648e-07,2.098364623294452e-06
4.351059509678721e-07,2.165940508698575e-06
4.351780379840497e-07,7.6627513798339e-07
4.351960597380941e-07,-1.390293254128344e-06
4.352050706151162e-07,-3.183793174461993e-06
4.352230923691606e-07,-8.688413924994853e-06
4.352446527359775e-07,-1.834321801128693e-05
4.352501250002272e-07,-2.122466922781925e-05
4.352526250002272e-07,3.359950686145767e-05
4.35254020675811e-07,-2.376007813258126e-05
4.35255390549436e-07,1.821943346029726e-05
4.352570800859716e-07,-5.635573593859099e-05
4.352584156957385e-07,-1.343242485070102e-05
4.352592703479829e-07,-7.951632034571805e-05
4.352601250002272e-07,-3.586385578864311e-05
4.352604474910308e-07,-7.96190518630492e-05
4.352608825101138e-07,-8.030462930587101e-05
4.352612852437443e-07,-8.041429375285397e-05
4.352620082044679e-07,-8.13236057750332e-05
4.352631052933483e-07,-7.952880067691823e-05
4.352642716539159e-07,-7.710690780004835e-05
4.352654636704402e-07,-7.477548991449847e-05
4.352666632190927e-07,-7.707304137663699e-05
4.352679232460793e-07,-7.680853104209006e-05
4.352688556898468e-07,-7.438641163227845e-05
4.352698454685665e-07,-7.572572361233243e-05
4.3527074170028e-07,-7.826583222906532e-05
4.352714493323309e-07,-8.066941108138747e-05
4.352723140405991e-07,-8.068594647088932e-05
4.352737366334161e-07,-7.911469710589328e-05
4.352747484503558e-07,-7.67166364723689e-05
4.352759407646308e-07,-7.523052155656059e-05
4.35277388610797e-07,-7.31022867941445e-05
4.352795862838307e-07,-7.196991544901492e-05
4.352819646763434e-07,-6.923500313940178e-05
4.352844059046804e-07,-6.345685825689342e-05
4.352870154389031e-07,-4.592821417177604e-05
4.352894596618999e-07,-1.818770449066431e-05
4.352923375482911e-07,2.851530248689294e-05
4.352954438504751e-07,8.994903795386668e-05
4.352986410333303e-07,0.000161285956858962
4.3530211039705e-07,0.0002390525696609152
4.353062583625798e-07,0.0003180527320470049
4.353091557172219e-07,0.0003581608754793745
4.353112540389723e-07,0.0003766478095582598
4.353136324070288e-07,0.000389760193478909
4.353154502080548e-07,0.0003930936685684
4.353173429592212e-07,0.0003808445212760233
4.353188772021915e-07,0.0003625901526203586
4.353201216313379e-07,0.0003541997673077226
4.353217013190551e-07,0.0003557173444614749
4.353229731515365e-07,0.0003594841234501008
4.353245882470671e-07,0.0003594925029195904
4.353261971221678e-07,0.0003575031852624164
4.353276848800258e-07,0.0003796387168247752
4.353289537356001e-07,0.0003867491186643836
4.353304420458615e-07,0.0003965327784125518
4.353319712396593e-07,0.000380373448381696
4.353333716655339e-07,0.000374607764250013
4.353350154146973e-07,0.000353643791724269
4.353374202735696e-07,0.0003385531467407494
4.35340528741536e-07,0.0003024505000583293
4.353437262422978e-07,0.0002750282012459651
4.353470312417236e-07,0.0002306909352203067
4.35350502968345e-07,0.0001948597865861737
4.353547832733526e-07,0.0001404104773760431
4.353604771170431e-07,9.06201790551691e-05
4.353677672179829e-07,2.658972096533854e-05
4.353755957452925e-07,-2.627679936873945e-05
4.35384750267739e-07,-0.0001226265812952647
4.353947456949147e-07,-0.0002064038765333704
4.354021035525487e-07,-0.0002664206095439795
4.354090995532526e-07,-0.0003532818802918874
4.354161541739827e-07,-0.000441301213149507
4.354220629634618e-07,-0.000506404674141616
4.354300302189592e-07,-0.0005814313769756637
4.354370647109893e-07,-0.0006299941178798554
4.354450991853265e-07,-0.0006511517968492108
4.354520208094194e-07,-0.0006261508767828071
4.354587043422681e-07,-0.0005862201431633572
4.354642908455184e-07,-0.0005363113768842604
4.354702136321e-07,-0.0004781652081319379
4.354746118270737e-07,-0.0004330047014175038
4.354822217390449e-07,-0.0003655479053693964
4.354900302103537e-07,-0.0003019200500076943
4.354950151051768e-07,-0.0002692133194075411
4.355e-07,-0.0002357355567951116
4.355057187996908e-07,-0.000208332681036701
4.355123303166e-07,-0.0001753059720677971
4.355191628602395e-07,-0.0001468542607276562
4.355328279475186e-07,-0.0001015184976637813
4.355584511972629e-07,-4.945500794920226e-05
4.355859912455377e-07,-2.250617595299234e-05
4.356177399404534e-07,-9.52986361173206e-06
4.356544246546376e-07,-3.682026886993946e-06
4.357045517295569e-07,-1.795440763133739e-06
4.357777225394777e-07,-1.002601143818242e-06
4.359045432761553e-07,-1.315401434808799e-06
4.361581847495106e-07,-9.734793289139276e-07
4.365307605907839e-07,-1.286242914492314e-06
4.370469908839804e-07,-9.559248235534579e-07
4.377596657539125e-07,-1.27415566847983e-06
4.388002572957274e-07,-9.481990744972128e-07
4.4e-07,-1.268743475751602e-06
4.4003125e-07,-1.254906634871804e-06
4.400834469393399e-07,-1.278051521134879e-06
4.401878408180195e-07,-1.500954556888073e-06
4.40226860715767e-07,-2.794062661559428e-06
4.402424846985157e-07,-3.539268628380756e-06
4.402563895677701e-07,-4.221197663393592e-06
4.402698574796666e-07,-4.791293729517272e-06
4.402740796385916e-07,-5.127428481924539e-06
4.402825239564416e-07,-6.024534318237717e-06
4.402887437537597e-07,-7.301532629319665e-06
4.402942803343553e-07,-1.012096360555315e-05
4.402968694385935e-07,-1.620339859582383e-05
4.4029886109219e-07,-2.047002569847645e-05
4.403011871226977e-07,-2.873971195666996e-05
4.403033196717766e-07,-3.306425647525351e-05
4.403062316483184e-07,-4.627679873605215e-05
4.403073060663003e-07,-5.170854687466105e-05
4.403081655298003e-07,-5.30484451645572e-05
4.403090206569718e-07,-5.333009160617437e-05
4.403102701572293e-07,-4.964288128463861e-05
4.40311310912208e-07,-4.404838147538812e-05
4.403122149501773e-07,-3.677236136507712e-05
4.403129567065427e-07,-2.995429010682367e-05
4.403138065856163e-07,-2.129836846313483e-05
4.40314994074077e-07,-1.464574566607323e-05
4.403158549106628e-07,-1.094676804731109e-05
4.403167614284706e-07,-9.390779696614367e-06
4.403178582143617e-07,-6.891826522647373e-06
4.403200517861439e-07,-5.688499278457399e-06
4.403226783508772e-07,-4.104125433800828e-06
4.403260945183912e-07,-4.556393832100077e-06
4.403305896629698e-07,-3.858180453884235e-06
4.403380591397395e-07,-5.069130176112352e-06
4.40347549873731e-07,-5.070989344359353e-06
4.403615701987406e-07,-7.22921888771245e-06
4.403843141660143e-07,-9.099998468772442e-06
4.404279595121492e-07,-1.539418691876406e-05
4.404639797560746e-07,-1.711644921159396e-05
4.404819898780373e-07,-1.718034882813005e-05
4.405e-07,-1.415748563120568e-05
4.405093277301456e-07,-1.258832431982296e-05
4.405215041360439e-07,-1.052610681850872e-05
4.405331342623328e-07,-8.721815129068264e-06
4.405563945149106e-07,-5.772273164821853e-06
4.405833744321341e-07,-3.588425840966493e-06
4.406194513174363e-07,-2.102211791021607e-06
4.406644511870519e-07,-1.437211294395363e-06
4.407342147279673e-07,-1.155161817155345e-06
4.408465981007462e-07,-1.118149342166365e-06
4.409799819939615e-07,-1.099549966899712e-06
4.410941716479671e-07,-1.11377483248264e-06
4.412366521774087e-07,-1.099147908639894e-06
4.415192714780232e-07,-1.113449075554316e-06
4.420845100792521e-07,-1.098653327047049e-06
4.432149872817099e-07,-1.112528198998115e-06
4.45e-07,-1.097502533672347e-06
4.450685270408824e-07,-2.108707529923817e-06
4.451616742610239e-07,-2.299498799521415e-06
4.452076259273687e-07,-4.816108397763157e-06
4.452270097634249e-07,-4.050084068893618e-06
4.45240662253975e-07,1.142573294381636e-06
4.452581184347827e-07,1.263630102122217e-05
4.452723411479115e-07,1.358204022019172e-05
4.452780673493484e-07,9.473058671579841e-06
4.452830493775523e-07,7.338087021867446e-07
4.452874489095185e-07,-5.784292944639113e-06
4.452922944741026e-07,-8.473972045045924e-06
4.45296616205338e-07,-1.259745374642607e-05
4.452995018290214e-07,-2.194978509334618e-05
4.453025856332018e-07,-3.227408200258305e-05
4.453058903816845e-07,-4.226784007302179e-05
4.453094696411794e-07,-5.297737743082765e-05
4.453133607489334e-07,-7.837092715827988e-05
4.453153733304909e-07,-9.176980883875896e-05
4.453175569690241e-07,-0.0001013118514175336
4.453195525873781e-07,-0.0001013843850172465
4.453221393167894e-07,-0.0001056174288215902
4.453240533472484e-07,-9.80915377963213e-05
4.453259078507111e-07,-7.500041897234891e-05
4.453275038391722e-07,-6.164789209158484e-05
4.453299699754242e-07,-3.8860627472187e-05
4.453319668884118e-07,-3.839764622689399e-05
4.453341031790117e-07,-3.385927734049968e-05
4.453364032769232e-07,-4.231336542663541e-05
4.453382478143552e-07,-4.114178188203509e-05
4.453403549184357e-07,-5.921915977227691e-05
4.453418803856222e-07,-5.810630919705148e-05
4.45343347085717e-07,-6.837517271478541e-05
4.453450935634976e-07,-5.864742255707728e-05
4.453469085264398e-07,-6.280837391959863e-05
4.453488942877536e-07,-5.141463287194062e-05
4.453514493180248e-07,-5.604738972217679e-05
4.453543041072221e-07,-4.54423564288635e-05
4.453578399064006e-07,-5.261230180552148e-05
4.453615323455964e-07,-4.835209985138003e-05
4.453646763815327e-07,-5.808946193615732e-05
4.453679794625019e-07,-5.050302309026403e-05
4.453725801068959e-07,-5.516775477140972e-05
4.453775906485457e-07,-4.447987894447228e-05
4.453828289151459e-07,-4.954275856541736e-05
4.453881952897693e-07,-4.097253425658184e-05
4.453943836967067e-07,-5.329291676818362e-05
4.454022300428446e-07,-0.0001129296268358866
4.454114838113984e-07,-0.0003766317569982106
4.454185637792835e-07,-0.0006899237224779368
4.45425011636723e-07,-0.0009637302717849705
4.454304238683287e-07,-0.00111491050325777
4.454373437630553e-07,-0.001226279338912187
4.454436919132795e-07,-0.001233094477352619
4.454505885039533e-07,-0.00110721574466799
4.454561246381219e-07,-0.0009140746270408801
4.454614691661283e-07,-0.0007261377465276072
4.454671769155677e-07,-0.0005132310773499023
4.454723973091338e-07,-0.0003450551601566472
4.454775111722492e-07,-0.0002063137486906842
4.454823241863071e-07,-0.0001371081695391352
4.454897947158198e-07,-6.145029249047146e-05
4.454948973579099e-07,-5.049213868559939e-05
4.455e-07,-2.856638425723633e-05
4.455078754570618e-07,-2.136113573346847e-05
4.455152670439368e-07,-1.374724519310473e-05
4.455229582371279e-07,-9.259047802094571e-06
4.4553834062351e-07,-4.205263522664667e-06
4.455584315625538e-07,-2.043714427134081e-06
4.455842440754367e-07,-1.263447291291695e-06
4.45617187037181e-07,-1.198136343235222e-06
4.45667529888554e-07,-1.136551479536128e-06
4.457519741618866e-07,-1.164785666566736e-06
4.458683146397358e-07,-1.110215139729819e-06
4.460311797322947e-07,-1.144836460602968e-06
4.46259841542287e-07,-1.096324433518544e-06
4.465920326108914e-07,-1.134258696388344e-06
4.470726332497215e-07,-1.088847054507024e-06
4.477639481665503e-07,-1.128759005175051e-06
4.48758720268757e-07,-1.085063081241168e-06
4.5e-07,-1.126130691386579e-06
4.5003125e-07,-6.55690810742226e-07
4.500834469393399e-07,-6.40812449890041e-07
4.501095454090098e-07,-6.492436012237605e-07
4.501617423483497e-07,-6.257735181791231e-07
4.50208468862433e-07,-1.166200144063564e-06
4.502264286131448e-07,-1.604010197929741e-06
4.502404726321451e-07,-1.824159818859476e-06
4.502575331676421e-07,-1.88105596440735e-06
4.502725887231332e-07,-1.914511283950623e-06
4.5029172208236e-07,-2.03714322372798e-06
4.502976243038301e-07,-1.996786764993452e-06
4.503094287467705e-07,-1.615792769444999e-06
4.503178230359596e-07,-1.03362803301978e-06
4.503251129323378e-07,-7.830215489766961e-07
4.503279561862605e-07,-7.478089989818445e-07
4.503336426941058e-07,-7.420846896939534e-07
4.503402697798087e-07,-7.095798741161171e-07
4.503535239512144e-07,-7.077019084219013e-07
4.503800322940258e-07,-6.8746481703265e-07
4.504330489796486e-07,-7.211120686201696e-07
4.505e-07,-8.00932852025007e-07
4.505150684906922e-07,-1.036444395239089e-06
4.505403343543437e-07,-1.106519229214586e-06
4.505637351661037e-07,-1.114114798718566e-06
4.506105367896237e-07,-1.116261678070608e-06
4.506472546478607e-07,-1.116733610054835e-06
4.507206903643347e-07,-1.11584324219297e-06
4.508652871248088e-07,-1.116859600010887e-06
4.511544806457569e-07,-1.116085302173926e-06
4.517328676876532e-07,-1.116663662102664e-06
4.519770332039722e-07,-1.105625117828104e-06
4.520936909704771e-07,-1.088831057292131e-06
4.522194279515972e-07,-1.040005319887499e-06
4.523639733355912e-07,-9.448918540368171e-07
4.524942422949957e-07,-8.612569669846475e-07
4.525380032008355e-07,-8.521434459345066e-07
4.526255250125153e-07,-1.3188571593204e-06
4.526528806542172e-07,-1.782408750879096e-06
4.526660759023521e-07,-1.986120036102444e-06
4.526924663986218e-07,-2.175441450566149e-06
4.527130378801788e-07,-2.356886603293102e-06
4.527347392102805e-07,-3.180433588895112e-06
4.52741467711951e-07,-4.626285246753022e-06
4.527463002577155e-07,-5.568274233137604e-06
4.527521646095554e-07,-6.953673790394667e-06
4.527573768002343e-07,-7.51573804458957e-06
4.527640128658266e-07,-7.9884292451374e-06
4.527693295627135e-07,-7.31857601949847e-06
4.527726058192065e-07,-6.064828382838721e-06
4.527759148609338e-07,-4.633541013067181e-06
4.527798899820593e-07,-3.902062874487544e-06
4.527833573936488e-07,-3.780502086367454e-06
4.527868645197913e-07,-3.673452318465009e-06
4.527915628846831e-07,-3.495992966473519e-06
4.528009596144666e-07,-3.035290573558889e-06
4.528136287528671e-07,-1.800967205189271e-06
4.528253926463178e-07,-1.192660918953291e-06
4.528312745930431e-07,-1.100861666568604e-06
4.528427904794429e-07,-1.089538923433363e-06
4.528547384233651e-07,-1.022366809798261e-06
4.528786343112094e-07,-1.087792902591568e-06
4.529114519449838e-07,-1.017112382465811e-06
4.529546962852519e-07,-1.100361377224023e-06
4.530050971790401e-07,-1.031370006567805e-06
4.530788886491448e-07,-1.120975489624465e-06
4.532098731115873e-07,-1.061374969660726e-06
4.532509866103308e-07,-1.139891231475318e-06
4.533332136078179e-07,-1.064951803536858e-06
4.534396138503991e-07,-1.142116129547867e-06
4.536044762498795e-07,-1.065495610525273e-06
4.538467441139183e-07,-1.142129036265581e-06
4.542875677574443e-07,-1.065373084123019e-06
4.55e-07,-1.141928067085358e-06
4.55045375214184e-07,1.831302020958695e-06
4.551161384534076e-07,1.844264096841775e-06
4.551822392914398e-07,3.414154470177627e-07
4.551992107186367e-07,-1.802674261353065e-06
4.552331535730304e-07,-1.152601135430221e-05
4.552501250002272e-07,-2.004445965181882e-05
4.552526250002273e-07,2.40133847010393e-06
4.552554061982827e-07,-3.970778732027694e-05
4.552566158687044e-07,-5.447209872609218e-05
4.552576738276863e-07,-8.263038618226145e-05
4.552587232609257e-07,-9.579909902064204e-05
4.552594241305765e-07,-0.0001191488884795402
4.552601250002273e-07,-0.0001280059213523539
4.552603877582154e-07,-0.0001189304570436234
4.552607685340319e-07,-0.0001167920577372789
4.552611231444854e-07,-0.0001150332044881269
4.552618198677926e-07,-0.0001138679246291983
4.552627567875942e-07,-0.0001140660863501394
4.552636986376176e-07,-0.0001143350833228275
4.552647494226751e-07,-0.0001148535191793515
4.552657707753533e-07,-0.0001161709760306385
4.552670036302589e-07,-0.0001184781847407935
4.552681305494567e-07,-0.0001156920880959587
4.552690352093074e-07,-0.0001158992351849224
4.552697893976251e-07,-0.0001173718218707338
4.552705839685162e-07,-0.0001160725661248301
4.552712734851522e-07,-0.000113576259890781
4.552721366787583e-07,-0.0001050264042411163
4.552733085772864e-07,-9.375054455302843e-05
4.552743248474477e-07,-8.504491515830758e-05
4.552754471823783e-07,-7.985695949689137e-05
4.552766707684856e-07,-7.524792179457517e-05
4.552781784659436e-07,-7.340787843694174e-05
4.552801348006994e-07,-7.093554083037891e-05
4.552825997840251e-07,-7.005760556269817e-05
4.552849060874287e-07,-6.445477285916693e-05
4.552876353817425e-07,-4.887170696112307e-05
4.552900641729068e-07,-2.182627519722567e-05
4.552933533750557e-07,2.800498881760741e-05
4.552966098152781e-07,9.177587535785372e-05
4.552999027446757e-07,0.0001624463701924801
4.553035165032745e-07,0.0002398870263536334
4.553080737835009e-07,0.0003154237056050754
4.553104926361537e-07,0.0003438094169117824
4.553124716731573e-07,0.0003577364835436632
4.553145899384712e-07,0.0003686603687942913
4.553162803076156e-07,0.0003679610233645643
4.553173310829234e-07,0.0003634435772754208
4.553186275768936e-07,0.0003524759222423685
4.553197723912494e-07,0.0003481467038085986
4.553213327547292e-07,0.0003486361182105536
4.553225957739976e-07,0.0003541496992333633
4.553241316393584e-07,0.0003543093708213418
4.553257630282966e-07,0.0003495947457553821
4.553272426730333e-07,0.0003671957554956426
4.553285406655259e-07,0.0003792232207547579
4.553299030252359e-07,0.0003931012944665284
4.553315061814716e-07,0.0003846791882407814
4.55332881072067e-07,0.000380493648255794
4.553344362700895e-07,0.0003634568929906552
4.553365280981228e-07,0.0003496536819002142
4.553396277368741e-07,0.0003146295995723975
4.553426445050473e-07,0.0002862857148545158
4.553459420903315e-07,0.0002435501694898081
4.553492989838114e-07,0.000205921414373042
4.553533334950838e-07,0.0001508215148428623
4.553585130263008e-07,9.495416059987757e-05
4.553656573759325e-07,2.029815092517779e-05
4.553738840788982e-07,-4.104971135964685e-05
4.553827150973266e-07,-0.0001111034533978062
4.553926694479685e-07,-0.0001743289689944256
4.554018113710722e-07,-0.0002129311792762225
4.554086503613327e-07,-0.0002494823413969239
4.55414544978394e-07,-0.0002988650541289278
4.55420933585461e-07,-0.0003494548319153122
4.554278019245565e-07,-0.0004025306833167962
4.554348504967038e-07,-0.0004462924022070545
4.554427244954151e-07,-0.0004863602371900457
4.554511981320709e-07,-0.0005035880351075664
4.554582606072037e-07,-0.0004866723307129397
4.554663623248674e-07,-0.0004264339322248034
4.554711560460887e-07,-0.0003865709574113254
4.554757301087405e-07,-0.0003470032441678583
4.554825760901307e-07,-0.0002962477092765334
4.554902930915971e-07,-0.0002443208446265612
4.554951465457986e-07,-0.0002175955637617622
4.555e-07,-0.0001915750212944254
4.555057289604093e-07,-0.0001688717036207381
4.555122798537726e-07,-0.0001422005299048357
4.555190625741109e-07,-0.0001192386549526624
4.555326280147875e-07,-8.279227110757095e-05
4.555583742615903e-07,-4.044079150588021e-05
4.555858590874785e-07,-1.869870505954711e-05
4.556175996493835e-07,-8.068752273098176e-06
4.556541960230921e-07,-3.294700096065227e-06
4.557042891915098e-07,-1.665174457920539e-06
4.557773135137245e-07,-1.04812977576663e-06
4.559040087065202e-07,-1.25363092782458e-06
4.561362609341868e-07,-1.023600165341788e-06
4.565066797583013e-07,-1.229464301947899e-06
4.570128792959807e-07,-1.007954319870785e-06
4.57718066879153e-07,-1.218959283841329e-06
4.587347764962639e-07,-1.001173566109395e-06
4.6e-07,-1.214199925442308e-06
4.600312500000001e-07,-1.253995752073502e-06
4.600834469393399e-07,-1.277468093856226e-06
4.601878408180195e-07,-1.500131202244237e-06
4.602268607157671e-07,-2.793551169986287e-06
4.60242483549462e-07,-3.538352664364208e-06
4.602563889731568e-07,-4.219889642365485e-06
4.602698572260367e-07,-4.790172469819254e-06
4.602740796053764e-07,-5.126613027891224e-06
4.602825243640558e-07,-6.023654901545057e-06
4.602887436737717e-07,-7.300901811029035e-06
4.602942805782704e-07,-1.01219497836098e-05
4.602968691100419e-07,-1.620557859238781e-05
4.602988606391344e-07,-2.047252337355774e-05
4.603011862635185e-07,-2.874296412373366e-05
4.603033189133881e-07,-3.306766418230801e-05
4.603062306955409e-07,-4.628607664017044e-05
4.603073049539522e-07,-5.171286340684112e-05
4.603081645683928e-07,-5.30523729449882e-05
4.603090197022174e-07,-5.332988978144781e-05
4.603102690173086e-07,-4.964012542229358e-05
4.603113096163726e-07,-4.404253867037841e-05
4.603122133924646e-07,-3.67677516431613e-05
4.603129550920901e-07,-2.994707040749518e-05
4.603138050631017e-07,-2.129329240445593e-05
4.603149936604981e-07,-1.463526869997512e-05
4.603158543412487e-07,-1.09417188333191e-05
4.603167611091339e-07,-9.384793445019367e-06
4.603178582605449e-07,-6.888729598084706e-06
4.603200525633671e-07,-5.684954651896336e-06
4.603226797731309e-07,-4.103376218625418e-06
4.603260973381074e-07,-4.55420828383791e-06
4.60330594833875e-07,-3.85822979133373e-06
4.603380702125803e-07,-5.067815591394165e-06
4.603475632338621e-07,-5.071936669878219e-06
4.603615912017967e-07,-7.229207809533072e-06
4.603843477003306e-07,-9.103771381202006e-06
4.6042803158493e-07,-1.539961024037045e-05
4.60464015792465e-07,-1.711496797899846e-05
4.604820078962325e-07,-1.717448571326111e-05
4.605e-07,-1.41548272293904e-05
4.605093265869119e-07,-1.258514132306032e-05
4.605214968194442e-07,-1.052428179707976e-05
4.605331217423416e-07,-8.721027060588896e-06
4.605563715881364e-07,-5.77276647316562e-06
4.605833514899386e-07,-3.588459947215997e-06
4.606194251495934e-07,-2.101983855267955e-06
4.606644212176691e-07,-1.436759450073814e-06
4.607341666082257e-07,-1.154639403185867e-06
4.608465102739815e-07,-1.117560764696853e-06
4.609799951900477e-07,-1.098975004270573e-06
4.610941770116156e-07,-1.113201403596854e-06
4.612366398678393e-07,-1.098602575238968e-06
4.615189667544381e-07,-1.112919965786727e-06
4.620836205276358e-07,-1.098187545079782e-06
4.632129280740311e-07,-1.112128069901369e-06
4.65e-07,-1.097199956207753e-06
4.650685639708448e-07,-2.108241917399897e-06
4.651617446533432e-07,-2.30024814164e-06
4.652077303918088e-07,-4.824896197879976e-06
4.652270724199025e-07,-4.039114547021189e-06
4.652407195676664e-07,1.179421437967305e-06
4.652581498728547e-07,1.264877672233927e-05
4.652723789101754e-07,1.357407259342423e-05
4.652781118083518e-07,9.413044351719964e-06
4.65283075646236e-07,6.855325006310231e-07
4.652874722504514e-07,-5.807107787050015e-06
4.652923095425193e-07,-8.472461675364728e-06
4.652966324512542e-07,-1.263520266773347e-05
4.652995256504955e-07,-2.202843984841686e-05
4.653026076507822e-07,-3.234491587816052e-05
4.653059227977149e-07,-4.235707495918232e-05
4.653094947813726e-07,-5.307358726154529e-05
4.653133970253232e-07,-7.867926108066701e-05
4.653154182836436e-07,-9.19730375121655e-05
4.653175969069898e-07,-0.000101440409822888
4.653196051854719e-07,-0.0001012990829141939
4.653221645185149e-07,-0.0001058398293117503
4.653240754884812e-07,-9.759733969601971e-05
4.653259241698955e-07,-7.508357502555819e-05
4.653275206428511e-07,-6.117476247564867e-05
4.653299415422348e-07,-3.931087646453572e-05
4.653319403350233e-07,-3.815205371328622e-05
4.65334070990612e-07,-3.416029994533642e-05
4.653363703664677e-07,-4.201988147822812e-05
4.65338208391178e-07,-4.124907715681106e-05
4.653402617826691e-07,-5.798328052710593e-05
4.653418082299132e-07,-5.846100108615371e-05
4.653432085333487e-07,-6.76948531689891e-05
4.653448909012494e-07,-5.971416179981486e-05
4.653467184492946e-07,-6.259009755133013e-05
4.653486013630977e-07,-5.255687819087174e-05
4.653510680754149e-07,-5.58529160709699e-05
4.653538750469894e-07,-4.645294770815113e-05
4.653572864208012e-07,-5.173966957514286e-05
4.653608818367759e-07,-4.826742729051392e-05
4.653639846747251e-07,-5.711500037230808e-05
4.653673350833605e-07,-5.136559188006621e-05
4.653713093237571e-07,-5.538485441306395e-05
4.653762420495226e-07,-4.603192057719211e-05
4.65381471677946e-07,-4.93255645683625e-05
4.653868410008167e-07,-4.181100268460723e-05
4.653926779365588e-07,-4.959020140328438e-05
4.653999719996563e-07,-8.165231744237855e-05
4.654095805045287e-07,-0.000299251753645772
4.654167984943717e-07,-0.0005722519254949343
4.654229116900314e-07,-0.0008256518461503262
4.654292430400193e-07,-0.0009983594105482569
4.654348530417741e-07,-0.001101532452551643
4.654408898353559e-07,-0.001128604698578172
4.654472694591845e-07,-0.001069588930080272
4.654525282080613e-07,-0.0009394944721592318
4.654577308748434e-07,-0.0008290687724408985
4.654633436178005e-07,-0.0006538312606870485
4.654682040433728e-07,-0.0004995163734937306
4.654734922632687e-07,-0.0003082746965003847
4.654793064327077e-07,-0.0001886518382092746
4.654841772835905e-07,-0.0001031414589201227
4.654909161043125e-07,-7.015524229248289e-05
4.654954580521563e-07,-3.507756436421217e-05
4.655e-07,-4.240136191176608e-05
4.655070338759315e-07,-2.182977210081903e-05
4.655134399025446e-07,-1.488405296811885e-05
4.655205420661899e-07,-1.022011130725496e-05
4.655347463934804e-07,-4.879654676252609e-06
4.655543878358605e-07,-2.260013442026853e-06
4.655789378491262e-07,-1.320760718585893e-06
4.656100400537103e-07,-1.20343328653727e-06
4.656557559389261e-07,-1.140312455634303e-06
4.657349791585653e-07,-1.165869282431545e-06
4.658445720698755e-07,-1.112977252912197e-06
4.659982597572775e-07,-1.14464100209737e-06
4.662126979923684e-07,-1.098295707337001e-06
4.66523835415436e-07,-1.133525139052641e-06
4.669744779200954e-07,-1.090345210845241e-06
4.676229270787637e-07,-1.127738808853832e-06
4.685554156600119e-07,-1.086324687656554e-06
4.69277707830006e-07,-1.125351545749677e-06
4.700000000000001e-07,-1.085110072422172e-06
4.700312500000001e-07,-6.585320277122459e-07
4.700834469393399e-07,-6.448571390917282e-07
4.701074418443059e-07,-6.542886176705113e-07
4.70155431654238e-07,-6.175907271922348e-07
4.702029043484966e-07,-1.023084804277544e-06
4.702232623941106e-07,-1.50800616931582e-06
4.702377656224459e-07,-1.791253854291737e-06
4.702564394241695e-07,-1.865577121837565e-06
4.70271042329178e-07,-1.90309724913568e-06
4.703002481391949e-07,-1.97048709839079e-06
4.703053788711079e-07,-1.796612254378843e-06
4.703156403349339e-07,-1.231333879236658e-06
4.703229947090119e-07,-8.374410105021304e-07
4.7033308465703e-07,-7.106138383739545e-07
4.703409383754403e-07,-7.362515153825149e-07
4.703485662917601e-07,-6.852175821653414e-07
4.703638221243997e-07,-7.15556784595161e-07
4.703943337896789e-07,-6.784369261112669e-07
4.704553571202373e-07,-7.506320625433874e-07
4.705e-07,-7.979871767153601e-07
4.705141340526498e-07,-1.036049837252542e-06
4.705358593928694e-07,-1.099925924573829e-06
4.705548884254388e-07,-1.11156689152146e-06
4.705929464905775e-07,-1.115370990701337e-06
4.706264999468687e-07,-1.116670539966005e-06
4.706936068594511e-07,-1.115347831498767e-06
4.708070694597174e-07,-1.11673872845216e-06
4.710339946602498e-07,-1.115606939355627e-06
4.714878450613148e-07,-1.117240941342865e-06
4.717147702618472e-07,-1.115078357317227e-06
4.719169309199968e-07,-1.106996181192441e-06
4.720055968942516e-07,-1.094591132006921e-06
4.721829288427612e-07,-1.031040588478182e-06
4.723213498493689e-07,-9.358762553706629e-07
4.724621813950288e-07,-8.539457797717734e-07
4.725052047176425e-07,-8.650588963398465e-07
4.725912513628701e-07,-1.782056868417709e-06
4.726106968286765e-07,-2.027196940196287e-06
4.726204195615797e-07,-2.093308477058684e-06
4.726398650273861e-07,-2.21546662118247e-06
4.726618192813084e-07,-2.398265318540846e-06
4.726832066635356e-07,-4.220957771440368e-06
4.726891816400565e-07,-5.654276794344694e-06
4.726942884671588e-07,-6.589104571084834e-06
4.726994287260127e-07,-7.535939310870242e-06
4.727065710915621e-07,-7.805978043674314e-06
4.727119112826105e-07,-7.538466646038457e-06
4.727152188909651e-07,-6.081369682488722e-06
4.727186203264974e-07,-4.855311844649917e-06
4.727222881151485e-07,-3.823917534593665e-06
4.727258627069733e-07,-3.917362136529103e-06
4.727292929005555e-07,-3.559138312724546e-06
4.7273377761418e-07,-3.646798235069452e-06
4.727427470414289e-07,-2.998529812073002e-06
4.727558727727455e-07,-2.012453471579431e-06
4.727675063758283e-07,-1.098559287908654e-06
4.727733231773698e-07,-1.237197442400961e-06
4.727849567804526e-07,-9.562022878886604e-07
4.727965826358088e-07,-1.172194038077658e-06
4.728190791632135e-07,-9.3752321894868e-07
4.728577487666693e-07,-1.16913723944757e-06
4.728998951372281e-07,-9.487441979602732e-07
4.729515381359231e-07,-1.18392925373109e-06
4.730235662159134e-07,-9.688275926379571e-07
4.731666856093691e-07,-1.214683409688875e-06
4.732068094586698e-07,-9.878526417377855e-07
4.732870571572711e-07,-1.21750632596657e-06
4.733942707571485e-07,-9.894392731329228e-07
4.735694389142576e-07,-1.218060043289477e-06
4.738463559011831e-07,-9.893731815356948e-07
4.743041250058861e-07,-1.21792275762545e-06
4.750000000000001e-07,-9.891878984175205e-07
4.750449244079317e-07,1.83075698602443e-06
4.751152181754671e-07,1.845961123498379e-06
4.75216341739694e-07,-5.833122420512788e-06
4.752501250002273e-07,-1.939917936887465e-05
4.752526250002273e-07,3.51706539811355e-05
4.752554061982827e-07,-3.137083310933962e-05
4.752569860998813e-07,-1.840696865501835e-06
4.752587224932727e-07,-6.600510691658548e-05
4.7525942374675e-07,-2.888527403931442e-05
4.752601250002273e-07,-8.497781798226055e-05
4.752604339986281e-07,-7.783828941513156e-05
4.752608244268663e-07,-7.824175190910918e-05
4.7526118962464e-07,-7.839183655405361e-05
4.752618914451427e-07,-7.907700485719469e-05
4.752629795697966e-07,-7.746291082622687e-05
4.752641437009296e-07,-7.473130024277208e-05
4.752653375013131e-07,-7.241777261730161e-05
4.752665349473995e-07,-7.425734608073745e-05
4.752677891260846e-07,-7.442161552406862e-05
4.752687282026285e-07,-7.161897309797795e-05
4.752697028873653e-07,-7.320511503026265e-05
4.752706341666467e-07,-7.536904678911921e-05
4.752713380352545e-07,-7.82988988097575e-05
4.752721956021413e-07,-7.796817466873482e-05
4.75273602049876e-07,-7.700940258665098e-05
4.752746106622539e-07,-7.417663015862651e-05
4.752757938202113e-07,-7.316295829824637e-05
4.752772231642909e-07,-7.061094049236751e-05
4.752794064077853e-07,-7.055648563197427e-05
4.752817768671675e-07,-6.989528287395817e-05
4.752844631100986e-07,-6.85779445929981e-05
4.752869896658414e-07,-5.870300434431762e-05
4.75289472327262e-07,-4.063566136904409e-05
4.752921768662739e-07,-9.292288898566355e-06
4.752952710799768e-07,3.708018793121009e-05
4.75298467259817e-07,9.572498259491851e-05
4.753019280925038e-07,0.0001634335313456426
4.753060430861005e-07,0.0002346138966018234
4.753088527363456e-07,0.0002710968174621294
4.75310975311078e-07,0.0002900364327302181
4.753133211629197e-07,0.0003037271475224569
4.753151329724314e-07,0.0003075517694356058
4.753170627462495e-07,0.0002981181832645929
4.753185568504235e-07,0.0002827864104484217
4.753198202734347e-07,0.000275257181424126
4.753213801662384e-07,0.0002748559228583995
4.75322659203347e-07,0.0002780662258478603
4.753243003753431e-07,0.0002740835338298581
4.753259152086293e-07,0.0002690315162826921
4.75327415338007e-07,0.0003014214081104365
4.753286908992635e-07,0.0003182514260746781
4.753301355196469e-07,0.0003424125842234181
4.753316778553256e-07,0.0003327426201341889
4.753330660524951e-07,0.0003343148694147463
4.753346783495648e-07,0.0003144135580293629
4.753369726450302e-07,0.0003041458750845026
4.753400541523234e-07,0.0002665694462919184
4.753432319040834e-07,0.0002429360650965949
4.753465341781348e-07,0.0001994746305178682
4.753499892818464e-07,0.0001697633145439663
4.753542306717591e-07,0.0001176894187227246
4.753598477135815e-07,7.591464806387572e-05
4.753671177693941e-07,1.601618280987745e-05
4.753748540095014e-07,-2.141144889698512e-05
4.753838692587804e-07,-8.337303072102708e-05
4.753938731436855e-07,-0.0001239720579670594
4.754014866710044e-07,-0.0001542000883482907
4.754082873301589e-07,-0.0002045134936868071
4.754149478694083e-07,-0.000272225195601561
4.754207218363625e-07,-0.0003198776445722819
4.754282385356629e-07,-0.0003860581450379076
4.754364265733309e-07,-0.0004367471014673349
4.754473706274331e-07,-0.0004888732487210729
4.754544284096471e-07,-0.0004871548932045733
4.75461156407255e-07,-0.0004588641553285353
4.754688226141038e-07,-0.0003938052382085337
4.75474588219073e-07,-0.0003499383222880196
4.754794141620501e-07,-0.000308261017462615
4.75484065543501e-07,-0.0002799679121152004
4.754892578879143e-07,-0.0002422620169523146
4.75493534429295e-07,-0.0002224477839471047
4.754967672146475e-07,-0.0002002552019495129
4.755e-07,-0.0001896730440126255
4.755034411282467e-07,-0.0001732458218182762
4.755068988748483e-07,-0.0001581865876358745
4.75511295715398e-07,-0.0001411797168577214
4.755192483639223e-07,-0.0001146084763530332
4.755321178440985e-07,-8.11780748878107e-05
4.755523033601515e-07,-4.666176108663572e-05
4.755796594559227e-07,-2.170027329689407e-05
4.756100673040544e-07,-9.515934660875149e-06
4.756462858566834e-07,-3.95469936203601e-06
4.756925261863011e-07,-1.742282082829364e-06
4.75760070226595e-07,-1.239715716646883e-06
4.75870164517962e-07,-1.109037197960476e-06
4.760580391351694e-07,-1.189193345905353e-06
4.76371509386172e-07,-1.083270596842238e-06
4.768332073425039e-07,-1.166261290079193e-06
4.774738656009671e-07,-1.069203448808162e-06
4.783820007419152e-07,-1.156388005380822e-06
4.791910003709576e-07,-1.063704893048169e-06
4.800000000000001e-07,-1.153090148650737e-06
4.8003125e-07,-1.254736551333433e-06
4.800834469393398e-07,-1.27868185024338e-06
4.801864243280375e-07,-1.482460931166463e-06
4.802256212870328e-07,-2.732251542006881e-06
4.802411247387112e-07,-3.476543196989797e-06
4.80254653707694e-07,-4.129400025389416e-06
4.802679522679207e-07,-4.692450817467765e-06
4.802726126569861e-07,-5.004020953258432e-06
4.802819334351169e-07,-5.931793692160695e-06
4.802885558727247e-07,-7.239229504756645e-06
4.802941976638741e-07,-9.992996389799146e-06
4.802969311541985e-07,-1.640763153494992e-05
4.802989457004485e-07,-2.06988738253402e-05
4.803012901197658e-07,-2.911479172793098e-05
4.803034400224018e-07,-3.330509815890989e-05
4.80306364376035e-07,-4.729960556394309e-05
4.80307424620956e-07,-5.189714450019089e-05
4.803083225280629e-07,-5.339891946827005e-05
4.803091954054088e-07,-5.281400486186656e-05
4.803104381850722e-07,-4.902369293928829e-05
4.803114466800254e-07,-4.278115931531762e-05
4.803123131187808e-07,-3.596983124582637e-05
4.80313052115864e-07,-2.851089214958285e-05
4.803139263868074e-07,-2.050947982322346e-05
4.803146572019708e-07,-1.611133160697611e-05
4.803155136917029e-07,-1.228536065205376e-05
4.803163581528955e-07,-9.955504880884931e-06
4.803174910398062e-07,-7.697929694560302e-06
4.803189955695623e-07,-6.092133992039684e-06
4.803215027642797e-07,-4.70400330979153e-06
4.803244850517865e-07,-4.285933908331577e-06
4.803285515975027e-07,-4.146868807900908e-06
4.803343293808513e-07,-4.458600422506166e-06
4.803429388826839e-07,-5.034073938993538e-06
4.803543873941405e-07,-6.125876003036094e-06
4.803726957156314e-07,-8.05486106629262e-06
4.804075992689333e-07,-1.2501004541978e-05
4.804537996344666e-07,-1.71685318278158e-05
4.804768998172333e-07,-1.723687606773182e-05
4.805e-07,-1.458976664827635e-05
4.80509835355679e-07,-1.256616124277675e-05
4.805237387743762e-07,-1.021578728891932e-05
4.805368356896696e-07,-8.227218176339465e-06
4.805630295202564e-07,-5.13761149229509e-06
4.805907676518385e-07,-3.191664103454771e-06
4.806291432949629e-07,-1.884542197070754e-06
4.806771792621098e-07,-1.352103007089626e-06
4.807565361647764e-07,-1.129450030919103e-06
4.808840223641386e-07,-1.117244524879538e-06
4.810024726126373e-07,-1.09821288342112e-06
4.811214444952828e-07,-1.115095915963543e-06
4.812750855010694e-07,-1.098392349767079e-06
4.815823675126426e-07,-1.11458567094537e-06
4.82196931535789e-07,-1.097801681015509e-06
4.834260595820818e-07,-1.113588056629953e-06
4.85e-07,-1.0966628222891e-06
4.850646298165591e-07,-2.088261652045785e-06
4.851542110823737e-07,-2.145524461583938e-06
4.851965966053498e-07,-3.547383747434095e-06
4.85217789366838e-07,-3.889567852619765e-06
4.852318164898816e-07,-1.787953421945097e-06
4.85245854864704e-07,6.531609969759343e-06
4.852602248226232e-07,1.491282472094082e-05
4.852757563770875e-07,1.511098132869392e-05
4.852821003431332e-07,4.574823710489289e-06
4.85286425069274e-07,-1.684518957709758e-06
4.852923173017694e-07,-7.054927356188428e-06
4.852966329230676e-07,-1.021686485257738e-05
4.852994661834887e-07,-2.397783536624446e-05
4.853026297497131e-07,-3.524392766306719e-05
4.853059436102079e-07,-4.936699693815569e-05
4.853095533841599e-07,-6.017196204567041e-05
4.853134658135459e-07,-9.552704886079526e-05
4.853155013300658e-07,-0.0001098809808752613
4.853176723640302e-07,-0.0001241169506830133
4.853197047626295e-07,-0.0001206972247870804
4.853222190543256e-07,-0.0001294652335900664
4.853241254208764e-07,-0.0001134111394371082
4.853259639012955e-07,-8.61868347211021e-05
4.853275625323056e-07,-6.245841315076121e-05
4.853299141615635e-07,-3.614078738419055e-05
4.853319231055388e-07,-2.762678136984382e-05
4.853340455042709e-07,-2.262277779007437e-05
4.853363553990885e-07,-2.402638691817536e-05
4.853382028731957e-07,-2.375364649297428e-05
4.853402775721167e-07,-3.116369280236595e-05
4.853418342915069e-07,-3.177610174010885e-05
4.853432773942271e-07,-3.567748160740603e-05
4.853450066979809e-07,-3.205037666482637e-05
4.853468499179878e-07,-3.28140827392591e-05
4.853488128585286e-07,-2.835536150300481e-05
4.853513594923297e-07,-2.932309257192477e-05
4.853541974056816e-07,-2.53256085079944e-05
4.853576997031078e-07,-2.743845090840258e-05
4.853613593854527e-07,-2.662132529335906e-05
4.853644642587032e-07,-3.013353830027258e-05
4.853677665709055e-07,-2.791483786003061e-05
4.853722026449132e-07,-2.883338288097063e-05
4.853772216836879e-07,-2.497999609931946e-05
4.853824547465461e-07,-2.589752453234611e-05
4.853878038905805e-07,-2.309988211781773e-05
4.85393900035621e-07,-2.700717514035522e-05
4.854016029149991e-07,-5.418985551338783e-05
4.854113869445986e-07,-0.0002012329656345821
4.854184314413935e-07,-0.0003931650253468447
4.85426719488623e-07,-0.0006334482968780109
4.854325861023094e-07,-0.0007528823176280538
4.85439503909666e-07,-0.0008413478662411448
4.854476520307736e-07,-0.0008683047696840442
4.854563567776644e-07,-0.0008092569713259224
4.854650361594333e-07,-0.0005780013519553975
4.854726681018534e-07,-0.0003266747241138916
4.854791988159297e-07,-0.0001557222054349085
4.854846192333981e-07,-9.540969794581286e-05
4.85491129590112e-07,-4.057635080967767e-05
4.85495564795056e-07,-3.812251514055122e-05
4.854999999999999e-07,-1.883734902511824e-05
4.855053921373004e-07,-1.638130513151742e-05
4.855115608827087e-07,-1.136470630801069e-05
4.855180285131744e-07,-8.027661118910254e-06
4.855309637741059e-07,-4.32928899786117e-06
4.855499885968867e-07,-2.074553981913325e-06
4.855733568711765e-07,-1.376805801599945e-06
4.856026999221101e-07,-1.131205470481898e-06
4.856442718222397e-07,-1.185980354988538e-06
4.857142122186131e-07,-1.092895451498296e-06
4.858167544867531e-07,-1.166964500003552e-06
4.859597093152558e-07,-1.076179188483053e-06
4.861589563741756e-07,-1.156703038148971e-06
4.864453304390762e-07,-1.068003344746924e-06
4.868608286155883e-07,-1.151258419411734e-06
4.874597751580199e-07,-1.063815770238054e-06
4.883210072493922e-07,-1.148478849391047e-06
4.891605036246961e-07,-1.061946024856097e-06
4.9e-07,-1.147505293752172e-06
4.9003125e-07,-6.611138724771003e-07
4.900834469393399e-07,-6.488695903288964e-07
4.901095454090098e-07,-6.569239613730144e-07
4.901617423483497e-07,-6.226157891227173e-07
4.902089186195917e-07,-1.155895650443956e-06
4.902269356993667e-07,-1.587939607752359e-06
4.902409940658937e-07,-1.800232171953175e-06
4.902579305605409e-07,-1.861672400277483e-06
4.90273120786202e-07,-1.906683871828319e-06
4.9029181302965e-07,-2.033806463256705e-06
4.902978242820687e-07,-1.990308824464334e-06
4.903060975861134e-07,-1.748629362084221e-06
4.903146801335785e-07,-1.259693579019346e-06
4.903217569114842e-07,-8.572411376390163e-07
4.903302471150182e-07,-7.294116227566613e-07
4.903379146335919e-07,-7.347999035005322e-07
4.903451016866261e-07,-6.980141861397943e-07
4.903588231289681e-07,-7.087836605298956e-07
4.903862660136521e-07,-6.854116239063685e-07
4.904398693886395e-07,-7.290701961327243e-07
4.905e-07,-7.971911239762691e-07
4.905148284691453e-07,-1.033332850724108e-06
4.905389492387317e-07,-1.102942211317052e-06
4.905610639642877e-07,-1.112623546575648e-06
4.906052934153997e-07,-1.115326469344078e-06
4.906413833460518e-07,-1.115788308124929e-06
4.90713563207356e-07,-1.115168467742242e-06
4.908579229299643e-07,-1.11605499870591e-06
4.91146642375181e-07,-1.115521284501388e-06
4.917240812656144e-07,-1.114039068250674e-06
4.918993082658024e-07,-1.101714610106878e-06
4.919869217658963e-07,-1.08739880916639e-06
4.921621487660842e-07,-1.008883793990522e-06
4.92293205709953e-07,-9.172566746048826e-07
4.924377709269504e-07,-8.531340097929507e-07
4.924936570379218e-07,-1.056587343562769e-06
4.925216000934075e-07,-1.427836988697631e-06
4.925355716211503e-07,-1.678825216483341e-06
4.925635146766361e-07,-2.100241064423667e-06
4.925872646403172e-07,-2.219724125607818e-06
4.926097284630476e-07,-2.454085264291243e-06
4.926213431873753e-07,-3.072849469161751e-06
4.926265253604224e-07,-4.110622655329763e-06
4.926311233302097e-07,-5.004929188636937e-06
4.926368709512349e-07,-6.434158972542767e-06
4.92641627441181e-07,-7.122989327790618e-06
4.926465389844573e-07,-7.818708489206876e-06
4.926521929133444e-07,-7.784392870839888e-06
4.926574734841004e-07,-7.267627394030202e-06
4.926619044605049e-07,-4.981994270587346e-06
4.926651470049061e-07,-4.4200627413071e-06
4.926667584801041e-07,-3.771759849063079e-06
4.926699814305001e-07,-4.020585692235379e-06
4.926733230193538e-07,-3.473394621534667e-06
4.926788440071087e-07,-3.730389759053492e-06
4.926872672134926e-07,-2.879014882509898e-06
4.927008806682621e-07,-2.060189910840156e-06
4.927124258405888e-07,-9.749940231908031e-07
4.92718198426752e-07,-1.341049269222172e-06
4.927297435990786e-07,-8.453530211411821e-07
4.927415875542957e-07,-1.281617439959497e-06
4.92764923993146e-07,-8.272304292740543e-07
4.928035305705515e-07,-1.279370351286222e-06
4.928460934243046e-07,-8.387353666920541e-07
4.928982642207523e-07,-1.294383444862683e-06
4.929722674602281e-07,-8.592292865082566e-07
4.931193505690181e-07,-1.325378774560371e-06
4.931582908687264e-07,-8.778503764298788e-07
4.932361714681431e-07,-1.327682324853032e-06
4.933432313497324e-07,-8.791350866614441e-07
4.93528089984464e-07,-1.328148536753853e-06
4.938238401699398e-07,-8.790879815393959e-07
4.943275409559559e-07,-1.328039610616191e-06
4.949999999999999e-07,-8.789467291257008e-07
4.950442790243446e-07,1.55777019349463e-06
4.951138979432079e-07,1.545473144874557e-06
4.952128873344342e-07,-4.249588606663873e-06
4.952501250002272e-07,-1.785349302348258e-05
4.952526250002271e-07,-6.243442111563549e-05
4.952554061982824e-07,-5.269348163011708e-05
4.952566360824676e-07,-0.0001687116499009227
4.952576977893838e-07,-0.000132710007553106
4.952587448208846e-07,-0.0002497590584848688
4.952595413592314e-07,-0.0002069824923975424
4.952601250002271e-07,-0.0003076710284665792
4.952603767331771e-07,-0.0001997019714546956
4.952607374207321e-07,-0.000192424782014607
4.952610626203728e-07,-0.0001871062949022355
4.952617130196542e-07,-0.0001811909204850177
4.952626558639699e-07,-0.000182598441701776
4.952635881788405e-07,-0.0001871353441935287
4.952646111877623e-07,-0.0001933774449599775
4.952656093414929e-07,-0.0001988456510034578
4.952668375258703e-07,-0.0002014907664117712
4.952680158688743e-07,-0.0001970370105961444
4.952689254454736e-07,-0.0001986721356750842
4.952699797206091e-07,-0.0002027417462080756
4.952707814013344e-07,-0.0001888695524371071
4.952715065757738e-07,-0.0001765563674673001
4.952724122330712e-07,-0.0001446088112991985
4.952736200503702e-07,-0.0001170389236973845
4.952746432974418e-07,-9.485001559485951e-05
4.952758209970526e-07,-8.706559069484709e-05
4.952770853673464e-07,-7.533862403633647e-05
4.952787220427815e-07,-7.539134200001717e-05
4.952808749105717e-07,-6.920114274595816e-05
4.952834693347949e-07,-7.453598986863166e-05
4.952859250585721e-07,-6.790856567654383e-05
4.952885312476069e-07,-6.068582907664518e-05
4.952911485033198e-07,-3.29026581635728e-05
4.952943109082074e-07,4.608481850264025e-06
4.952975428945324e-07,6.501123923272142e-05
4.95300905203317e-07,0.0001288436512598005
4.953047578687454e-07,0.0002085553519656052
4.953097121704055e-07,0.0002782201944977275
4.953132017621046e-07,0.0003137553931488782
4.953157068544767e-07,0.0003224182778277733
4.95318194286879e-07,0.0003299977103848014
4.953202026251278e-07,0.0003289178466269227
4.953218823392123e-07,0.0003468172916433387
4.953232720891463e-07,0.0003458399730440701
4.953250949835936e-07,0.000352992864395182
4.953266561161115e-07,0.0003504515610574935
4.9532804663354e-07,0.0003692848231755249
4.953293338949242e-07,0.0003672001978000636
4.953312203689981e-07,0.0003753115889224631
4.953326470674349e-07,0.0003608887485399114
4.953341816465112e-07,0.000361553760091668
4.95336118110915e-07,0.0003387754392059173
4.953391123331296e-07,0.0003211420974074147
4.953431863512253e-07,0.0002678363183154396
4.953484997281691e-07,0.0002106209686201399
4.953554619879873e-07,0.0001006273227374635
4.953632670974186e-07,-8.133240519421037e-06
4.953717479917505e-07,-0.0001398979659111938
4.953803144287084e-07,-0.0002368815935284793
4.953911988623647e-07,-0.0003513768609364746
4.954020335724136e-07,-0.0004048897621424364
4.954124331476023e-07,-0.0004054273989452147
4.954203069122094e-07,-0.0003447891494221121
4.954265427977969e-07,-0.0003099929476450976
4.954321076141248e-07,-0.0002619825224712472
4.954395299400237e-07,-0.0002286680848443706
4.954451095408234e-07,-0.0001892337738641697
4.954554604629704e-07,-0.0001548962223246055
4.954641207889158e-07,-0.0001141008927576543
4.954755484632725e-07,-9.338494827058444e-05
4.954890404081707e-07,-5.573594630712349e-05
4.955e-07,-5.046094477791737e-05
4.955083128108977e-07,-3.805871124845234e-05
4.955185939454248e-07,-2.858319564473731e-05
4.955285276297888e-07,-2.216074240344431e-05
4.955483949985168e-07,-1.292459211216997e-05
4.955853891587412e-07,-5.055329981677748e-06
4.956321438585598e-07,-1.867231565789002e-06
4.956940851704776e-07,-1.301843338384994e-06
4.95782455307646e-07,-1.023826289888706e-06
4.959490631577045e-07,-1.234545349396435e-06
4.962449205182655e-07,-1.010012525286356e-06
4.966509759843483e-07,-1.219871060216687e-06
4.972147301192632e-07,-1.002603566683858e-06
4.980141266522689e-07,-1.213914323402469e-06
4.991960276818885e-07,-9.991060059903227e-07
5e-07,-1.211478217334778e-06
5.000312499999999e-07,-1.25263076884207e-06
5.000834469393398e-07,-1.275505289190491e-06
5.001860252014319e-07,-1.475423334036021e-06
5.002252720512529e-07,-2.711460551381981e-06
5.002407494336747e-07,-3.457050274620866e-06
5.002541787390006e-07,-4.112880095217054e-06
5.002674380667113e-07,-4.673062192190427e-06
5.002722585035355e-07,-4.979202925053867e-06
5.002789665504046e-07,-5.542860408121436e-06
5.002862292072111e-07,-6.748966879638576e-06
5.002916455753757e-07,-8.035252956488233e-06
5.002972332028369e-07,-1.64081236673971e-05
5.00299607881277e-07,-2.281453743135324e-05
5.003024177538819e-07,-3.158997817596698e-05
5.003046430491787e-07,-3.709826913952821e-05
5.003058560978822e-07,-4.540154347628512e-05
5.003067102687324e-07,-4.824121452217196e-05
5.003074720554918e-07,-5.312587663402622e-05
5.003082536965794e-07,-5.259112561508086e-05
5.003092129773196e-07,-5.375642070395759e-05
5.003103369976164e-07,-4.842642171481309e-05
5.003113676633598e-07,-4.407072866520124e-05
5.003122300194781e-07,-3.549762199088386e-05
5.003129707414396e-07,-3.000424294435213e-05
5.003138330194372e-07,-2.001472006808121e-05
5.003146260019236e-07,-1.707416786749414e-05
5.003154864140495e-07,-1.128659878124551e-05
5.003163350148482e-07,-1.09057469304966e-05
5.003174405558447e-07,-6.75038860202827e-06
5.003189459921998e-07,-7.084810839186304e-06
5.003214451097149e-07,-3.734439081458852e-06
5.003244272129349e-07,-5.266210610895736e-06
5.003284811480294e-07,-3.163710716192062e-06
5.003342385504464e-07,-5.430557328955347e-06
5.003428139796657e-07,-4.041536340026544e-06
5.003542005591475e-07,-7.08457341821253e-06
5.0037236747794e-07,-7.033797794638438e-06
5.004068979782938e-07,-1.338667003362835e-05
5.004534489891469e-07,-1.616605751331291e-05
5.004767244945734e-07,-1.822410268175263e-05
5.005e-07,-1.360767726678963e-05
5.005098553669412e-07,-1.256052978862218e-05
5.005238168660015e-07,-1.02007381195568e-05
5.005369632455834e-07,-8.206529180713162e-06
5.005632560047471e-07,-5.113810207553407e-06
5.005910229598826e-07,-3.176028868762566e-06
5.006294856156718e-07,-1.875061197392415e-06
5.006776359747312e-07,-1.346976354509148e-06
5.007573687800899e-07,-1.126275898630193e-06
5.008858609462454e-07,-1.11490834422151e-06
5.010038742511227e-07,-1.095894678687093e-06
5.011231999687154e-07,-1.112970829948534e-06
5.012775076763957e-07,-1.096197428508332e-06
5.015861230917564e-07,-1.112628917225672e-06
5.022033539224777e-07,-1.095910063061384e-06
5.034378155839202e-07,-1.112118142943338e-06
5.049999999999999e-07,-1.095336881340242e-06
5.050644058218972e-07,-2.133036053779807e-06
5.051537799868726e-07,-2.233237382884503e-06
5.051959623332308e-07,-4.142154530733563e-06
5.052170535064099e-07,-5.513937146296954e-06
5.052309171162045e-07,-4.117680859032389e-06
5.052451386124264e-07,2.703039346743445e-06
5.052597204622198e-07,1.112199563582487e-05
5.052749905931052e-07,1.064861049130284e-05
5.052811413550697e-07,1.939754742593292e-06
5.052853948386248e-07,-5.296377494940063e-06
5.052915710957197e-07,-1.158986483766189e-05
5.052958963626981e-07,-1.200230176361645e-05
5.052986093725306e-07,-1.945075864163377e-05
5.053019211938625e-07,-2.584339717717591e-05
5.05304951951949e-07,-3.49753779474211e-05
5.053090804594569e-07,-4.304609324879889e-05
5.053127405318852e-07,-6.039076266198123e-05
5.053146921344822e-07,-6.984410664965012e-05
5.053170171163238e-07,-7.932245253419936e-05
5.05318864116237e-07,-8.050222560887786e-05
5.053214621086683e-07,-8.215746960691095e-05
5.053234588424833e-07,-8.41290827081234e-05
5.053253630231499e-07,-6.767185708515644e-05
5.053269815410627e-07,-6.26472445127804e-05
5.053289545016389e-07,-4.619357206001512e-05
5.053307873291823e-07,-4.829272763213926e-05
5.053328634749594e-07,-4.362486605131613e-05
5.053350005298954e-07,-5.494763969003268e-05
5.053370053094067e-07,-5.58004755311162e-05
5.053388215097814e-07,-6.807265972425179e-05
5.053399413634041e-07,-7.608530455002942e-05
5.053413296649752e-07,-8.805684432598734e-05
5.053426136050479e-07,-9.275604604207055e-05
5.053442578317165e-07,-9.472158600215207e-05
5.053464218495427e-07,-8.734476248153414e-05
5.053481677147004e-07,-8.378506142827688e-05
5.053503945592796e-07,-7.755088762265767e-05
5.053531401723076e-07,-7.45066685599949e-05
5.053563615596885e-07,-7.006392269332842e-05
5.053599126452358e-07,-7.428448224158916e-05
5.053646061456301e-07,-7.88216930896246e-05
5.053681751557162e-07,-8.000604107579467e-05
5.053721851337603e-07,-7.507150087736717e-05
5.053773778122684e-07,-7.140120108557029e-05
5.053825397424239e-07,-6.645298127501175e-05
5.053879421641853e-07,-6.597157115753191e-05
5.053939684108319e-07,-7.026605465806668e-05
5.054016894302911e-07,-0.0001565848209719392
5.054113448213771e-07,-0.0005028459123607109
5.054183578987848e-07,-0.0008840690196480016
5.054244461976409e-07,-0.001141642015566055
5.054293195628122e-07,-0.001269539067727183
5.054353544870654e-07,-0.001324239165135035
5.054409290708655e-07,-0.001307067146436858
5.054462583139172e-07,-0.001169006593247327
5.054512476990499e-07,-0.0009037224614246368
5.054561193469923e-07,-0.0006097555537385691
5.054612996074477e-07,-0.0003579344717449819
5.05465683668346e-07,-0.0002390097408222622
5.054709028163054e-07,-0.0001450559342898838
5.054763209107756e-07,-0.0001125099843646637
5.054817568567861e-07,-7.649210564619231e-05
5.054874071861005e-07,-6.938056986622503e-05
5.054937270807346e-07,-4.142400239796734e-05
5.054968635403672e-07,-4.742190069822112e-05
5.055e-07,-2.880229437111742e-05
5.055038140631407e-07,-2.718837990956883e-05
5.055072057442808e-07,-2.261305400235778e-05
5.055114643864707e-07,-1.798281683088868e-05
5.05518686324652e-07,-1.219383676902491e-05
5.055331302010148e-07,-5.668477299852777e-06
5.055542440151191e-07,-2.283396872281171e-06
5.055803821101778e-07,-1.32405837013141e-06
5.056144207282363e-07,-1.193387293224906e-06
5.056653397083439e-07,-1.170297796963923e-06
5.057481210188639e-07,-1.163587074337472e-06
5.058627570852688e-07,-1.133609300184635e-06
5.060235949033377e-07,-1.138652051989775e-06
5.062502844852657e-07,-1.113926136079885e-06
5.065788433431603e-07,-1.124957962796186e-06
5.070536220508981e-07,-1.103351027869483e-06
5.077366564905746e-07,-1.117780374095521e-06
5.087201197547691e-07,-1.098034351016513e-06
5.100000000000001e-07,-1.114348691570393e-06
5.100312500000001e-07,-6.632405787302185e-07
5.100834469393398e-07,-6.549711596616178e-07
5.101095454090098e-07,-6.613906732542316e-07
5.101617423483496e-07,-6.270313570170977e-07
5.102091204103581e-07,-1.152624686357116e-06
5.102271762614298e-07,-1.585057364483108e-06
5.102412270339848e-07,-1.789851259500886e-06
5.102581002326656e-07,-1.857911723612838e-06
5.102733587076071e-07,-1.903265681038112e-06
5.102918387939569e-07,-2.036792504913886e-06
5.102979063578099e-07,-1.986877721307611e-06
5.103060928948037e-07,-1.752447019473877e-06
5.103146603706509e-07,-1.259589322014798e-06
5.103217295872276e-07,-8.620172591999983e-07
5.10330218034019e-07,-7.28355766098282e-07
5.103378896761777e-07,-7.388265203502439e-07
5.103450719474847e-07,-6.96989565476252e-07
5.103587418819266e-07,-7.127074855415223e-07
5.103860817508105e-07,-6.8428628690471e-07
5.104394541784494e-07,-7.322367469172006e-07
5.105000000000001e-07,-7.937854179668541e-07
5.10514969408794e-07,-1.0338830556612e-06
5.10539170056238e-07,-1.10296572573995e-06
5.105613866758761e-07,-1.113229487757184e-06
5.106058199151523e-07,-1.115981480838826e-06
5.106421001596053e-07,-1.116357480121086e-06
5.107146606485115e-07,-1.115847644632603e-06
5.108597816263238e-07,-1.116574106253643e-06
5.111500235819483e-07,-1.116138788356432e-06
5.117305074931975e-07,-1.111820311642609e-06
5.118753890255641e-07,-1.098237511246172e-06
5.120230699172605e-07,-1.056620481079444e-06
5.122046827219482e-07,-9.427729896117215e-07
5.123380594002178e-07,-8.602979589256377e-07
5.123799442879673e-07,-8.58495569976388e-07
5.124637140634663e-07,-1.455565669277939e-06
5.124884962978241e-07,-1.869963046306301e-06
5.125005194660614e-07,-2.026629983886765e-06
5.125245658025359e-07,-2.184264528413925e-06
5.125450303486426e-07,-2.361560241491157e-06
5.125662181026519e-07,-3.209219913960147e-06
5.12572496214146e-07,-4.554391646635026e-06
5.125772731768399e-07,-5.487900182195192e-06
5.125831220051145e-07,-6.864639839942908e-06
5.125882547328746e-07,-7.452658331401577e-06
5.125951842109188e-07,-7.967031202579329e-06
5.126005270661404e-07,-7.347445859926065e-06
5.126038233103149e-07,-6.144317301392364e-06
5.126071871510873e-07,-4.662574528665671e-06
5.126109947591604e-07,-3.934168346388219e-06
5.12614517706323e-07,-3.768174787626218e-06
5.126179853033121e-07,-3.688427723422048e-06
5.126225711864367e-07,-3.492835668196982e-06
5.126317429526859e-07,-3.099113096248774e-06
5.12644739708687e-07,-1.835832671732594e-06
5.126564491954626e-07,-1.224481758299789e-06
5.126623039388504e-07,-1.094729814122677e-06
5.126740134256261e-07,-1.093542534419464e-06
5.126858496010856e-07,-1.034674165164647e-06
5.127091387285814e-07,-1.075561222805814e-06
5.127477326842374e-07,-1.032100619567322e-06
5.127903264941168e-07,-1.0869499265506e-06
5.128426145606826e-07,-1.046942055126616e-06
5.129168238231474e-07,-1.107357329968999e-06
5.130635031138286e-07,-1.077792100512459e-06
5.131029152055506e-07,-1.125854401083722e-06
5.131817393889947e-07,-1.080187742265795e-06
5.132897165360142e-07,-1.127206284934866e-06
5.134722767160681e-07,-1.080636095645369e-06
5.137639281273462e-07,-1.127109836884271e-06
5.142558693126392e-07,-1.080445320592042e-06
5.15e-07,-1.126852837488494e-06
5.150462260081177e-07,2.104304217559112e-06
5.151178710553846e-07,2.14184027829324e-06
5.151442330954005e-07,1.953803027033682e-06
5.151969571754322e-07,-1.578586517489475e-06
5.15210249131631e-07,-4.579013982677383e-06
5.152368330440286e-07,-1.413444493805827e-05
5.152501250002273e-07,-2.11847907361291e-05
5.152526250002273e-07,3.42194076399989e-05
5.152554061982826e-07,-3.327763141756134e-05
5.152575674852934e-07,-9.872257467820828e-06
5.152588462427603e-07,-6.821667676146661e-05
5.152601250002273e-07,-4.118593793636403e-05
5.152604152339162e-07,-7.932693630925648e-05
5.152609510050282e-07,-8.002016207547112e-05
5.152614354150203e-07,-8.019432423207433e-05
5.152622363202357e-07,-8.079188744716859e-05
5.152633484488761e-07,-7.833920677780015e-05
5.15264534856656e-07,-7.601492795361199e-05
5.152657176965731e-07,-7.433712457599387e-05
5.152669317662169e-07,-7.754515591903114e-05
5.152681257288728e-07,-7.511880497735648e-05
5.152690303117834e-07,-7.453435449747905e-05
5.152697758140724e-07,-7.484269773257442e-05
5.152705703773145e-07,-7.816513306672858e-05
5.152712609319839e-07,-7.963931152153886e-05
5.152721338546821e-07,-8.105879665093884e-05
5.152735272141211e-07,-7.871784770769036e-05
5.152745447447567e-07,-7.748824034584234e-05
5.152757106686203e-07,-7.50578071789751e-05
5.152771140783288e-07,-7.42702344178108e-05
5.15279271925696e-07,-7.296029845379529e-05
5.152816309986243e-07,-7.399560054369688e-05
5.152841264649946e-07,-7.38616226896127e-05
5.152866697356233e-07,-7.118160139238035e-05
5.15289141198452e-07,-6.166109199404341e-05
5.152918967867888e-07,-4.547667668018791e-05
5.152949922069327e-07,-1.60766471334418e-05
5.152981679331581e-07,2.35883412657919e-05
5.153016000676962e-07,7.879393566069175e-05
5.153056257510097e-07,0.0001403284645478508
5.153086692937844e-07,0.000179096527719281
5.153107662382965e-07,0.0001954646720574689
5.153133165478777e-07,0.0002101745001579804
5.15315203592485e-07,0.0002132457421534722
5.153170544450492e-07,0.0002050943777190651
5.153187991938765e-07,0.000184627719546786
5.153200309033154e-07,0.000178118875444195
5.153216737147008e-07,0.000180590172512612
5.153229476431179e-07,0.0001875292933239633
5.153245591207549e-07,0.0001894452850392355
5.153261728673898e-07,0.0001911433582803122
5.153276589840934e-07,0.0002150163207187321
5.153289280963854e-07,0.0002261008572413103
5.153304115805038e-07,0.0002389791611248527
5.153319411615478e-07,0.0002284544649914508
5.153333400443605e-07,0.000226197956424512
5.15334980943301e-07,0.0002114370347696208
5.15337375511281e-07,0.0002033647532352852
5.153404729664761e-07,0.0001776738280646902
5.153436723611493e-07,0.000158890899490244
5.153469756977909e-07,0.0001247040861919648
5.153504488659502e-07,9.739497411975798e-05
5.153547272897782e-07,5.432194430352197e-05
5.153604195239024e-07,1.615669322619535e-05
5.153676793252861e-07,-3.405150725491802e-05
5.153754807922793e-07,-7.793574636331141e-05
5.153846087934719e-07,-0.0001682656325961778
5.153949543412782e-07,-0.0002464485647268028
5.154023060040385e-07,-0.0002892237811165815
5.154094052923935e-07,-0.0003562985852161229
5.154165254370765e-07,-0.0004135962064135819
5.154224826780077e-07,-0.0004545066429598446
5.154307977081708e-07,-0.0004946170325165619
5.154378749378645e-07,-0.0005154027808562486
5.15445468293789e-07,-0.0004983674970212881
5.154522829965489e-07,-0.0004360242685471355
5.154592324870749e-07,-0.0003661636409414039
5.154645045468574e-07,-0.0003246297839219131
5.154703099298029e-07,-0.0002833593369450776
5.154767175106312e-07,-0.0002444809168814896
5.154826546065612e-07,-0.0002117873087899244
5.154921554875372e-07,-0.0001675457036859252
5.155000000000001e-07,-0.0001369034954042203
5.155069847388899e-07,-0.0001170372480027118
5.1551551606373e-07,-9.288973580378148e-05
5.155239325245303e-07,-7.41276300804665e-05
5.15540765446131e-07,-4.617185599698131e-05
5.155665797298815e-07,-2.21116159196566e-05
5.155955539762261e-07,-9.720324353910358e-06
5.156290566045259e-07,-4.239749421613067e-06
5.156699885000416e-07,-1.93933454822088e-06
5.157272695853819e-07,-1.287515150869804e-06
5.158157230057793e-07,-1.127398924913088e-06
5.159787901018858e-07,-1.176135863795285e-06
5.162632351948734e-07,-1.102993410304156e-06
5.166790183484658e-07,-1.149707030007969e-06
5.172514896948981e-07,-1.088291459281014e-06
5.180578640466024e-07,-1.138756109418472e-06
5.190289320233012e-07,-1.082010951981636e-06
5.200000000000001e-07,-1.134394641494648e-06
5.200312500000001e-07,-1.2550247301163e-06
5.200834469393398e-07,-1.278131686678132e-06
5.201878408180194e-07,-1.50090732981954e-06
5.202268607157669e-07,-2.793887418405556e-06
5.202424902038289e-07,-3.539515933352557e-06
5.202563925560927e-07,-4.220353790887997e-06
5.202698588913286e-07,-4.790771919412859e-06
5.202740797927245e-07,-5.127085040010726e-06
5.202825215955163e-07,-6.02507097763405e-06
5.202887371270371e-07,-7.300657767639176e-06
5.202942756966e-07,-1.012807854806121e-05
5.20296862822079e-07,-1.62167558181355e-05
5.202988536233717e-07,-2.048732377248566e-05
5.203011778296373e-07,-2.8763510299012e-05
5.203033101884451e-07,-3.309165566666498e-05
5.203062204830481e-07,-4.633253976459188e-05
5.20307293951233e-07,-5.174265637557008e-05
5.203081538415261e-07,-5.308068937051303e-05
5.203090087936054e-07,-5.334041576153647e-05
5.203102573034777e-07,-4.964083710301906e-05
5.203112972463833e-07,-4.403136990982307e-05
5.203122000448391e-07,-3.675932195288406e-05
5.203129414367404e-07,-2.993101441463772e-05
5.203137915756234e-07,-2.128154174283545e-05
5.203149833312344e-07,-1.460696091166197e-05
5.203158434723775e-07,-1.092901440875785e-05
5.203167508606766e-07,-9.36888426193342e-06
5.203178488954423e-07,-6.882388099086943e-06
5.203200449649737e-07,-5.676231037898936e-06
5.203226739361678e-07,-4.103576714076508e-06
5.203260955079066e-07,-4.548617551307852e-06
5.203306000513232e-07,-3.859766559448116e-06
5.203380931523709e-07,-5.063833396696592e-06
5.20347587326049e-07,-5.07457839415378e-06
5.203616284846671e-07,-7.226467931211344e-06
5.203843983956828e-07,-9.109149759712945e-06
5.204282931162346e-07,-1.541835754137918e-05
5.204641465581173e-07,-1.710541204662472e-05
5.204820732790586e-07,-1.714798272235119e-05
5.205e-07,-1.41390690635067e-05
5.205093235526402e-07,-1.256814809700382e-05
5.205214716358416e-07,-1.051315896284707e-05
5.205330779596304e-07,-8.714820107142703e-06
5.205562906072079e-07,-5.773294045808633e-06
5.205832795465791e-07,-3.588710529502875e-06
5.206193557280511e-07,-2.102555082901498e-06
5.206643619135496e-07,-1.437422911608818e-06
5.207340837356114e-07,-1.155481760235931e-06
5.208462466028185e-07,-1.118223688862034e-06
5.209802453982961e-07,-1.099542762366456e-06
5.210943949120955e-07,-1.113748526169401e-06
5.212368066980709e-07,-1.099154754160519e-06
5.215178892668548e-07,-1.113420934067921e-06
5.220800544044226e-07,-1.098664011571802e-06
5.232043846795582e-07,-1.112501981669129e-06
5.250000000000001e-07,-1.097509760905407e-06
5.250687169766433e-07,-2.108498964900894e-06
5.251620362342283e-07,-2.305877274681822e-06
5.252081631935543e-07,-4.863697931762026e-06
5.252273333386444e-07,-3.994236712563733e-06
5.252409586063e-07,1.329034249405152e-06
5.252582823417039e-07,1.270021880368538e-05
5.252725394062611e-07,1.353528117962158e-05
5.252783011000462e-07,9.156137251361499e-06
5.252831895585924e-07,4.707622126067518e-07
5.252875739865753e-07,-5.907437936902511e-06
5.25292376581388e-07,-8.476595479979113e-06
5.25296705405417e-07,-1.281533952301425e-05
5.25299631978354e-07,-2.239085442849299e-05
5.253027069030952e-07,-3.266697474208489e-05
5.253060497321571e-07,-4.271110645220673e-05
5.253095918169797e-07,-5.345745583679276e-05
5.253135408965775e-07,-7.990916044002658e-05
5.253155975511848e-07,-9.275240735960281e-05
5.253177590203719e-07,-0.0001019273581370746
5.253198221071176e-07,-0.0001009637797803783
5.253222807313744e-07,-0.0001067932048602491
5.253241829417553e-07,-9.534104190790737e-05
5.2532600601008e-07,-7.53747342851102e-05
5.253276089161882e-07,-5.89726452813491e-05
5.253298738627104e-07,-4.099622851253176e-05
5.25331897978166e-07,-3.688102201275857e-05
5.253340100562531e-07,-3.538474181452488e-05
5.253363314994675e-07,-4.059077069104481e-05
5.253381787397274e-07,-4.252227049149725e-05
5.253402516504223e-07,-5.68927158269606e-05
5.253418141529729e-07,-5.972819155128122e-05
5.253432559054329e-07,-6.652973786312112e-05
5.253449823453347e-07,-6.067801985061866e-05
5.253468297930372e-07,-6.114703588766837e-05
5.253487901128804e-07,-5.339874826642349e-05
5.253513372032477e-07,-5.435407727579649e-05
5.253541737071066e-07,-4.736016400620091e-05
5.253576735156342e-07,-5.073539168428496e-05
5.253613306286462e-07,-4.999601172381283e-05
5.253644355329483e-07,-5.617992041386256e-05
5.253677381444175e-07,-5.239073563783781e-05
5.253721639718751e-07,-5.359397854413784e-05
5.253771844175734e-07,-4.652269407594499e-05
5.253824175332796e-07,-4.786500768868874e-05
5.253877659239421e-07,-4.285852654618106e-05
5.253938565837601e-07,-5.041036972290971e-05
5.254015513498325e-07,-0.0001039118279971226
5.254116007596776e-07,-0.0003659175868937102
5.254190840654213e-07,-0.0006684919852700678
5.254256803677154e-07,-0.0008844834526232736
5.254311679293757e-07,-0.0009866680489779012
5.254380287629286e-07,-0.00102849741518293
5.254444230951458e-07,-0.0009887484208206752
5.254509287667695e-07,-0.0007947951964041106
5.254563091655041e-07,-0.0005286802260095178
5.254611948726544e-07,-0.000318106203512595
5.254668118209266e-07,-0.0001638124448984131
5.254714866833997e-07,-0.000112063574703647
5.254761984602628e-07,-7.408113969142357e-05
5.254819869715269e-07,-6.238019209333173e-05
5.254881545604776e-07,-3.90144812962408e-05
5.254940772802388e-07,-3.869229250652179e-05
5.255e-07,-2.046124273889739e-05
5.255074623759729e-07,-1.676631532744206e-05
5.255150956956968e-07,-1.10825458085721e-05
5.25522948095389e-07,-7.500955058480907e-06
5.255386528947736e-07,-3.476851984418373e-06
5.255600291496635e-07,-1.76481159499947e-06
5.255882928650271e-07,-1.197286565452876e-06
5.256252680883613e-07,-1.196141071467588e-06
5.25683614834906e-07,-1.126502455220857e-06
5.257724848451545e-07,-1.168853694338743e-06
5.258967805180806e-07,-1.101264815071886e-06
5.260706995837363e-07,-1.150705260056543e-06
5.263182512760951e-07,-1.08786805030683e-06
5.266767006818795e-07,-1.140943191634453e-06
5.271938806918703e-07,-1.080765660593252e-06
5.279379973278576e-07,-1.135901727384644e-06
5.290105144880593e-07,-1.0771886885062e-06
5.3e-07,-1.13370103048931e-06
5.300312500000001e-07,-6.664222910502537e-07
5.3008344693934e-07,-6.58213210309707e-07
5.301095454090099e-07,-6.658169871392038e-07
5.301617423483498e-07,-6.25560762898729e-07
5.302093592902631e-07,-1.152039129056376e-06
5.302274360200923e-07,-1.581120413101439e-06
5.302414965131752e-07,-1.787533833518195e-06
5.302583092194697e-07,-1.852616351944958e-06
5.302736456838888e-07,-1.905652435148701e-06
5.302918748119145e-07,-2.035444587279514e-06
5.302980151670656e-07,-1.985473619470005e-06
5.303060923188249e-07,-1.758122451345225e-06
5.303146978145223e-07,-1.248312687085546e-06
5.303216712532145e-07,-8.713120540338007e-07
5.303302886463695e-07,-7.210213353736704e-07
5.303379342832211e-07,-7.45493962339244e-07
5.303451594009499e-07,-6.907257426485768e-07
5.30358633582902e-07,-7.192998250352219e-07
5.303855819468064e-07,-6.780562593925707e-07
5.304366382135829e-07,-7.367223631890179e-07
5.305e-07,-7.842332809417456e-07
5.305151678546303e-07,-1.032194815113589e-06
5.305397305196976e-07,-1.102628965360258e-06
5.30562490138263e-07,-1.112911777806793e-06
5.30608009375394e-07,-1.11537836945487e-06
5.306446871960131e-07,-1.11631666078967e-06
5.307180428372514e-07,-1.11506322026356e-06
5.30850775856988e-07,-1.116468954174735e-06
5.311162418964614e-07,-1.115458125358424e-06
5.31647173975408e-07,-1.113153840561317e-06
5.317968118441453e-07,-1.100960543831393e-06
5.319460237934077e-07,-1.065743227957833e-06
5.32134621838846e-07,-9.536332719635537e-07
5.322688804168861e-07,-8.665454569162602e-07
5.324283298713794e-07,-1.937467636207088e-06
5.324618714723348e-07,-2.167250512254287e-06
5.324860456398841e-07,-2.306709317002285e-06
5.325113129380914e-07,-3.322528185292145e-06
5.325194398318671e-07,-5.087968946788383e-06
5.325245746783795e-07,-6.066347504959747e-06
5.325303604876592e-07,-7.279481974654628e-06
5.325370416439945e-07,-7.74121814216183e-06
5.325427392885444e-07,-7.808524180516992e-06
5.325480625317183e-07,-6.284369880489781e-06
5.325518916587282e-07,-4.728682173197469e-06
5.325554482542319e-07,-3.877781981594724e-06
5.325598468575975e-07,-3.810125675967441e-06
5.325632755604552e-07,-3.579429819090258e-06
5.325681199730763e-07,-3.539846228228228e-06
5.325778087983185e-07,-2.914663797192187e-06
5.325906456995714e-07,-1.818974299328801e-06
5.326026145731883e-07,-1.106583331646924e-06
5.326081860404423e-07,-1.168242909633019e-06
5.326193289749502e-07,-1.019248644196713e-06
5.326314544362862e-07,-1.098968667419806e-06
5.326557053589582e-07,-1.012598885186832e-06
5.326910987835258e-07,-1.09432812401699e-06
5.327345125021955e-07,-1.024692897971846e-06
5.327863309916312e-07,-1.108658260866356e-06
5.328622945094736e-07,-1.045319634709313e-06
5.330053240537527e-07,-1.139203979384433e-06
5.330453071870106e-07,-1.063777770794117e-06
5.331252734535265e-07,-1.141848672998899e-06
5.332333945583682e-07,-1.065334973623524e-06
5.334115102289324e-07,-1.142360243631987e-06
5.33691690066687e-07,-1.065278394810132e-06
5.341594669218464e-07,-1.142203454955632e-06
5.35e-07,-1.065060806493825e-06
5.350487222602792e-07,1.832392654908728e-06
5.351229239048769e-07,1.829162230075488e-06
5.351513786603611e-07,1.611129045609953e-06
5.352007518302941e-07,-2.07141385229351e-06
5.352130951227774e-07,-4.87997224571767e-06
5.352316100615023e-07,-1.095166206995603e-05
5.352501250002272e-07,-1.970781508527053e-05
5.352526250002272e-07,2.498648408407881e-06
5.352554061982825e-07,-3.93170268901432e-05
5.35256579064944e-07,-5.359573223733465e-05
5.352576255546548e-07,-8.139617732074688e-05
5.352586701341829e-07,-9.457242550506025e-05
5.35259397567205e-07,-0.0001180176595232795
5.352601250002272e-07,-0.0001279432216179321
5.352603904664781e-07,-0.0001186242907965412
5.35260779312586e-07,-0.0001164958878248709
5.35261140763768e-07,-0.0001147130053001304
5.352618415046836e-07,-0.0001136738550802457
5.352627772535562e-07,-0.0001139121146210226
5.352637204406942e-07,-0.0001142658769961266
5.352647745614056e-07,-0.0001147984127954416
5.35265801294847e-07,-0.0001161517867609131
5.352670344806882e-07,-0.0001184470156389618
5.35268158929269e-07,-0.0001156689536909661
5.352690633762509e-07,-0.0001159613743930633
5.352698112034754e-07,-0.0001173516324636329
5.352706034571759e-07,-0.0001159778387361244
5.352712925822382e-07,-0.0001134414503015201
5.352721565831534e-07,-0.0001048829221095057
5.352733362968933e-07,-9.363353457741215e-05
5.352743528067345e-07,-8.507520720268296e-05
5.352754763830409e-07,-8.007662354694911e-05
5.352767023429792e-07,-7.569879875807787e-05
5.352782195705957e-07,-7.427223963974811e-05
5.352801912591368e-07,-7.23027201661985e-05
5.352826595033679e-07,-7.37592095971994e-05
5.352849260102454e-07,-7.305931319631672e-05
5.352876773480637e-07,-6.975907018946808e-05
5.352901032080582e-07,-6.02721056893793e-05
5.352936620826012e-07,-4.013434027288347e-05
5.352969540700602e-07,-9.38457552942082e-06
5.353002884663406e-07,3.258390952017347e-05
5.353039229627155e-07,8.663012880442312e-05
5.353086159848468e-07,0.0001441210036132585
5.353109833759435e-07,0.000165161411104793
5.353128936304514e-07,0.0001747149496332014
5.353149515609154e-07,0.000182552712264933
5.353166500579985e-07,0.0001795383375753781
5.353177775725739e-07,0.0001736775165383082
5.353190262809969e-07,0.0001630559189912046
5.353202225001257e-07,0.0001611314077323345
5.353216865159567e-07,0.0001637248943452884
5.35322961627921e-07,0.0001716644022566647
5.35324506769686e-07,0.000171760868762608
5.353260962096066e-07,0.000172993107314421
5.353275731567789e-07,0.0001949242611760925
5.353288437555829e-07,0.0002093718717818956
5.353302848138751e-07,0.0002244815664394637
5.353318249248965e-07,0.0002195845130996711
5.353332118648739e-07,0.0002185113058138548
5.353348173952504e-07,0.0002067830020857539
5.353370960444547e-07,0.0001978373321218827
5.353403253904221e-07,0.0001718333832040033
5.35343453875571e-07,0.0001511584570784098
5.353467846761357e-07,0.00011823179026321
5.353501965783575e-07,8.912889670464456e-05
5.353544165169404e-07,4.454941255546522e-05
5.353599553320622e-07,-5.950197013886941e-07
5.353676905159817e-07,-6.136664071826957e-05
5.353758954073867e-07,-0.0001099163352697132
5.353849629003671e-07,-0.0001756691111811112
5.353950609356482e-07,-0.0002246061633748219
5.354034553219225e-07,-0.0002387056670030966
5.354102948315662e-07,-0.0002590028990133553
5.354158814830148e-07,-0.0002830456882507495
5.354218544331619e-07,-0.0003037008945725271
5.354293588749524e-07,-0.0003261252786009773
5.354368521818994e-07,-0.0003399452898290102
5.354461835063664e-07,-0.0003389395263023071
5.354547965570306e-07,-0.0002937622381265174
5.354619706738342e-07,-0.0002445386545058663
5.354671477289605e-07,-0.0002149890022340291
5.354742324236309e-07,-0.0001812004203039646
5.354811059338408e-07,-0.0001527640568644057
5.354874670875813e-07,-0.0001304390737237522
5.354937335437906e-07,-0.0001107884995351926
5.355e-07,-9.438652984718078e-05
5.355076879443138e-07,-7.95102746238873e-05
5.355155481182783e-07,-6.415081977487686e-05
5.355236095941062e-07,-5.17781945829066e-05
5.355397325457622e-07,-3.308707894804768e-05
5.355655208415884e-07,-1.613647364870615e-05
5.355942549225182e-07,-7.375695501718566e-06
5.356275595420181e-07,-3.455215185232695e-06
5.35667860456225e-07,-1.743943388186083e-06
5.357241699128672e-07,-1.283750497564335e-06
5.35810342353441e-07,-1.104759351678284e-06
5.359682663022576e-07,-1.185428622887794e-06
5.362776129647094e-07,-1.082758643483429e-06
5.366902401649854e-07,-1.162315922121326e-06
5.372666639569236e-07,-1.070634690305655e-06
5.380703643383907e-07,-1.15309188437811e-06
5.390351821691953e-07,-1.06538732830369e-06
5.4e-07,-1.149370047037228e-06
5.4003125e-07,-1.25427633522462e-06
5.400834469393397e-07,-1.277319612038633e-06
5.401878408180193e-07,-1.500273904674582e-06
5.402268607157669e-07,-2.793141739068121e-06
5.402424904390011e-07,-3.53883737058029e-06
5.402563927143811e-07,-4.209088203219817e-06
5.402698589945417e-07,-4.782226461966952e-06
5.402740797962193e-07,-5.119232151422226e-06
5.402825213995744e-07,-6.019635067731648e-06
5.402887352648444e-07,-7.295051125422289e-06
5.402942747288377e-07,-1.012787467113315e-05
5.40296860710688e-07,-1.621891516455918e-05
5.402988511494276e-07,-2.049194094112186e-05
5.403011744262119e-07,-2.87701191474009e-05
5.403033068462666e-07,-3.310024620046744e-05
5.403062164785282e-07,-4.635489954368189e-05
5.403072895174585e-07,-5.175403484015248e-05
5.403081496932799e-07,-5.309130358431681e-05
5.403090046101229e-07,-5.3340272914083e-05
5.403102526551305e-07,-4.963494093463396e-05
5.403112922060424e-07,-4.40180103315177e-05
5.403121943821498e-07,-3.674820084779106e-05
5.403129356152483e-07,-2.991490441563937e-05
5.403137859276049e-07,-2.126884797313031e-05
5.403149801160095e-07,-1.458291905932666e-05
5.4031583990055e-07,-1.091641906704085e-05
5.403167478111699e-07,-9.354218587464177e-06
5.40317846604055e-07,-6.874640520773249e-06
5.403200441898251e-07,-5.667026124805144e-06
5.403226745591583e-07,-4.101149089893394e-06
5.403260992003296e-07,-4.542481023971479e-06
5.403306089893527e-07,-3.859139859628903e-06
5.403381152731407e-07,-5.059845327118679e-06
5.403476131191788e-07,-5.07603675239883e-06
5.403616689165561e-07,-7.225265247530305e-06
5.403844606070328e-07,-9.115989524276362e-06
5.404284681586174e-07,-1.543122704735926e-05
5.404642340793088e-07,-1.710086121518914e-05
5.404821170396545e-07,-1.713256221538875e-05
5.405000000000001e-07,-1.413130335451864e-05
5.405093211292106e-07,-1.25592569426395e-05
5.405214542828101e-07,-1.050778733563501e-05
5.405330480452083e-07,-8.712253367367103e-06
5.405562355700049e-07,-5.774365422534599e-06
5.405832267282781e-07,-3.589011631609456e-06
5.406192986062116e-07,-2.102533249056999e-06
5.406643015036271e-07,-1.437077929100833e-06
5.407339898284655e-07,-1.155069565636293e-06
5.408460494272746e-07,-1.117662336940393e-06
5.409803379654864e-07,-1.098972713113171e-06
5.410944685448504e-07,-1.113173583683524e-06
5.412368434136424e-07,-1.098618230331702e-06
5.415171871842013e-07,-1.112889858449199e-06
5.42077874725319e-07,-1.098207742878156e-06
5.431992498075545e-07,-1.112100015514776e-06
5.45e-07,-1.097216174381499e-06
5.450688087746591e-07,-2.108018318142054e-06
5.451622111229827e-07,-2.308618477639292e-06
5.452084228526644e-07,-4.886395444400845e-06
5.452274908925195e-07,-3.965767296243299e-06
5.452411032362685e-07,1.420814762380019e-06
5.452583635353464e-07,1.273175517677489e-05
5.45272638880915e-07,1.35108540531419e-05
5.452784186900444e-07,8.992485931445081e-06
5.452832619060969e-07,3.372552388182343e-07
5.452876389859356e-07,-5.97015125140782e-06
5.452924204065648e-07,-8.477207579289808e-06
5.452967536359563e-07,-1.293238276811924e-05
5.452997015065224e-07,-2.26268892472515e-05
5.453027724837858e-07,-3.28768411484772e-05
5.453061322077456e-07,-4.293983707324567e-05
5.453096564558612e-07,-5.37104187658388e-05
5.453136135418811e-07,-8.058111352816886e-05
5.453156907367031e-07,-9.310449063341967e-05
5.45317843253182e-07,-0.0001022079846351089
5.453199384460186e-07,-0.0001007667001593141
5.453223507470464e-07,-0.0001073080127635475
5.453242492112279e-07,-9.396464837569073e-05
5.453260576875757e-07,-7.550187989324455e-05
5.453276664810227e-07,-5.762097309223528e-05
5.45329860013558e-07,-4.185469790868094e-05
5.453319046639207e-07,-3.612490103726283e-05
5.453340085067884e-07,-3.617816730675736e-05
5.453363234287319e-07,-3.988039957130518e-05
5.453381616337497e-07,-4.317969186537919e-05
5.453401996531844e-07,-5.546756143249071e-05
5.453417697921914e-07,-6.053265649772171e-05
5.453431605445312e-07,-6.546182106553453e-05
5.453448270794726e-07,-6.203647500426192e-05
5.453466846943927e-07,-6.045790993862596e-05
5.453485508860059e-07,-5.484852647217999e-05
5.453510165461841e-07,-5.371062079629026e-05
5.453538154247255e-07,-4.870748392166281e-05
5.453572124480725e-07,-4.953378010345653e-05
5.453607989182261e-07,-5.040865882528234e-05
5.453639056765557e-07,-5.488479827233558e-05
5.453672669207918e-07,-5.355962819886275e-05
5.453711994576799e-07,-5.322458349457619e-05
5.453761559400326e-07,-4.826536289839794e-05
5.453813885058057e-07,-4.715437898652551e-05
5.453867591145586e-07,-4.40515095949677e-05
5.453925759757266e-07,-4.736614094974234e-05
5.453998419582233e-07,-8.24996376175891e-05
5.454094040733433e-07,-0.0002841026119478995
5.454169897949853e-07,-0.0005484388520182284
5.454231127482873e-07,-0.0007506724631651057
5.454293278742614e-07,-0.0008691668179150621
5.45435590687776e-07,-0.0009201039517020932
5.454416254812565e-07,-0.0009012109504700921
5.45448073575015e-07,-0.0007745752295235381
5.454532104523568e-07,-0.0005866521291698108
5.454586543362425e-07,-0.0003825392612642952
5.454644849859648e-07,-0.000209633313133418
5.45469207799196e-07,-0.0001330505550178374
5.454743974431393e-07,-8.424532068069888e-05
5.454804286511066e-07,-6.279057964627992e-05
5.454869236828688e-07,-4.288715519294191e-05
5.454934618414344e-07,-3.596806901973498e-05
5.455e-07,-2.277347247768288e-05
5.455066488860328e-07,-1.676403876369127e-05
5.455142987121926e-07,-1.113707873488762e-05
5.455220896290621e-07,-7.500732291191086e-06
5.455376714628012e-07,-3.539557059491541e-06
5.455588081758702e-07,-1.749000989816077e-06
5.455866912877064e-07,-1.235388470559782e-06
5.456230125215789e-07,-1.163775058531317e-06
5.456800128824379e-07,-1.15987403847285e-06
5.457676380418008e-07,-1.13642655406017e-06
5.458900402999972e-07,-1.134259210944335e-06
5.460613203077991e-07,-1.118043881470886e-06
5.463047534635576e-07,-1.12064858845188e-06
5.466573042551303e-07,-1.108180200932381e-06
5.471660806551952e-07,-1.113434696379531e-06
5.47898086379024e-07,-1.103097379129347e-06
5.489529356876709e-07,-1.109820826543095e-06
5.5e-07,-1.100853453604498e-06
5.500312500000001e-07,-6.693030260749647e-07
5.5008344693934e-07,-6.623406749359004e-07
5.501095454090099e-07,-6.695324041976533e-07
5.501617423483498e-07,-6.261011129656253e-07
5.502095905524026e-07,-1.15166285666859e-06
5.502276923076621e-07,-1.581322643567204e-06
5.502417547004986e-07,-1.783399784450669e-06
5.502585055377825e-07,-1.852409531571388e-06
5.502739225572588e-07,-1.906750978402403e-06
5.502919025880465e-07,-2.036783550245496e-06
5.502981207014151e-07,-1.982518366302938e-06
5.503060880881941e-07,-1.759455300949511e-06
5.503146753579727e-07,-1.249331556342564e-06
5.503216416837458e-07,-8.735272558008369e-07
5.503302569350199e-07,-7.207502220705556e-07
5.503379073058022e-07,-7.469099648477207e-07
5.503451265542423e-07,-6.903924422848594e-07
5.503585493790866e-07,-7.206625875902287e-07
5.503853950287751e-07,-6.775958877647947e-07
5.504362280895599e-07,-7.374497517517399e-07
5.505000000000001e-07,-7.816647772489132e-07
5.505153164229557e-07,-1.031084903154989e-06
5.505399584287714e-07,-1.101996571229875e-06
5.505628188606595e-07,-1.112654632122746e-06
5.506085397244355e-07,-1.115031178959783e-06
5.506454117810679e-07,-1.116132352697169e-06
5.507191558943325e-07,-1.114738538423504e-06
5.508520864933451e-07,-1.116300171964809e-06
5.511179476913701e-07,-1.115175273504451e-06
5.516496700874202e-07,-1.109926206302954e-06
5.517752479768123e-07,-1.096368551486275e-06
5.519274720405015e-07,-1.050708567293665e-06
5.520985148129887e-07,-9.407616493507186e-07
5.522328112988884e-07,-8.598472115415548e-07
5.522750146541539e-07,-8.620261520010062e-07
5.523594213646849e-07,-1.573983081670095e-06
5.52381926975192e-07,-1.929945868084638e-06
5.523931797804455e-07,-2.053152229894901e-06
5.524156853909525e-07,-2.193139319173292e-06
5.524363528138101e-07,-2.371147249373183e-06
5.524572409093856e-07,-3.36947638513961e-06
5.524630927825595e-07,-4.686190985914557e-06
5.524678064821567e-07,-5.593140382453457e-06
5.524733979880826e-07,-6.902301568425397e-06
5.524787842571296e-07,-7.494708745354677e-06
5.524852411584924e-07,-7.950177407110891e-06
5.524906146772593e-07,-7.331533253982941e-06
5.524939168373684e-07,-6.112604042859936e-06
5.524972669621114e-07,-4.655327279964459e-06
5.52501105288278e-07,-3.919302128750378e-06
5.525046253249667e-07,-3.76936253474254e-06
5.525081055651095e-07,-3.677253717511734e-06
5.525127160488468e-07,-3.493852381151869e-06
5.525219370163212e-07,-3.084658563801852e-06
5.525349389072756e-07,-1.83556351783513e-06
5.52546677334716e-07,-1.216097978918077e-06
5.525525465484362e-07,-1.100507912408717e-06
5.525642849758766e-07,-1.087000570590242e-06
5.525761708641016e-07,-1.041160421624219e-06
5.525996315775905e-07,-1.069014671114899e-06
5.526381957411071e-07,-1.038563096027356e-06
5.526809013331854e-07,-1.080362955721645e-06
5.527333558579075e-07,-1.053373442116689e-06
5.528081159251289e-07,-1.100793566136637e-06
5.52955241780733e-07,-1.084124415506944e-06
5.529945674299133e-07,-1.119333649942459e-06
5.530732187282738e-07,-1.08641883907166e-06
5.531809116945048e-07,-1.120661839054423e-06
5.533654528794188e-07,-1.086859919661197e-06
5.536601906969063e-07,-1.120597232190322e-06
5.541600836636214e-07,-1.086703060226129e-06
5.55e-07,-1.120380069315296e-06
5.550487066969319e-07,1.83215331633803e-06
5.55122892539205e-07,1.829212825021905e-06
5.551513341685137e-07,1.611539172940492e-06
5.552007295843705e-07,-2.064382270999784e-06
5.552130784383347e-07,-4.865719273478883e-06
5.552377761462631e-07,-1.342871266785802e-05
5.552501250002272e-07,-1.972158149249101e-05
5.552526250002272e-07,3.57310423610388e-05
5.552553489920584e-07,-3.115006439591681e-05
5.552574276526823e-07,-6.621122893833391e-06
5.552587763264547e-07,-6.603957614041532e-05
5.55259450663341e-07,-2.947143601395251e-05
5.552601250002272e-07,-8.443543459952268e-05
5.552604264565767e-07,-7.767973951532486e-05
5.552608077247699e-07,-7.818098654640224e-05
5.552611649353782e-07,-7.827226708238416e-05
5.55261858974916e-07,-7.91494200445995e-05
5.552629540839268e-07,-7.762302787818344e-05
5.552641132135713e-07,-7.517294389108934e-05
5.552653112888488e-07,-7.268629116812492e-05
5.552665045891037e-07,-7.455632251998677e-05
5.552677537031681e-07,-7.50302709931049e-05
5.552687037109739e-07,-7.218081046877573e-05
5.552696605402374e-07,-7.339880227377185e-05
5.552706538571372e-07,-7.582632038208272e-05
5.552713539661032e-07,-7.854915106288663e-05
5.552722075430801e-07,-7.85098124001814e-05
5.552735992023507e-07,-7.736495665156118e-05
5.552746043499226e-07,-7.490050202981256e-05
5.552757796199446e-07,-7.373147697605674e-05
5.552771946684305e-07,-7.175555724653477e-05
5.552793660278799e-07,-7.174461441307194e-05
5.552817293379148e-07,-7.166400941620207e-05
5.552841824243989e-07,-7.326853418153235e-05
5.552867620036752e-07,-7.111068468614265e-05
5.552892216003548e-07,-6.707976312677249e-05
5.552920342694821e-07,-5.817595516018166e-05
5.552951337844905e-07,-4.444706593260029e-05
5.552983176839787e-07,-2.096906099463959e-05
5.553017592311422e-07,1.538604822822818e-05
5.553058241334295e-07,6.147627863625034e-05
5.553088386447737e-07,8.926417674477664e-05
5.553109347719433e-07,0.000102603191217385
5.553134362855843e-07,0.0001123863336762424
5.553152983129168e-07,0.0001139222133790247
5.553171652362274e-07,0.0001041588887242524
5.553188254708551e-07,8.677371317655049e-05
5.553200591591974e-07,7.853634563104959e-05
5.553216884229327e-07,7.952073365849656e-05
5.55322961099587e-07,8.349079371789238e-05
5.553245606529449e-07,8.211200448196644e-05
5.553261743072326e-07,8.1531768684224e-05
5.553276575986984e-07,0.0001177935993254703
5.553289282067163e-07,0.0001371852006185783
5.55330405174217e-07,0.0001646294258080396
5.553319361257439e-07,0.0001588587429919439
5.553333332910306e-07,0.0001645723784592014
5.553349695803013e-07,0.0001496722780330189
5.553373473522049e-07,0.0001468007721000354
5.553404581264693e-07,0.0001192445220946236
5.553436467680586e-07,0.0001063839515056478
5.553469527137819e-07,7.336595346550868e-05
5.553504172388795e-07,5.451486281771522e-05
5.553546860777481e-07,1.46279519449027e-05
5.55360354872721e-07,-1.244598390989309e-05
5.553675966859476e-07,-5.65603569631278e-05
5.553753706774782e-07,-8.213941323981203e-05
5.55384465180307e-07,-0.0001377455419081237
5.553948047887903e-07,-0.0001663624441401344
5.554022077729096e-07,-0.0001811755989531522
5.554092641214925e-07,-0.0002123664453606173
5.554162614700041e-07,-0.000253470649047109
5.554221801486215e-07,-0.0002746273412762635
5.554307043113192e-07,-0.0003090966005849817
5.554386234310331e-07,-0.0003215202528311359
5.554478822411643e-07,-0.0003218193265374999
5.554560842723474e-07,-0.0002697826349626589
5.554610549627962e-07,-0.0002423929667619326
5.554658620377914e-07,-0.0002099249592354598
5.554722151104279e-07,-0.0001844402154471355
5.554790276626564e-07,-0.0001514126747816021
5.554867586722155e-07,-0.0001294752951723456
5.554933793361078e-07,-0.0001044204860130967
5.555e-07,-9.281360258823352e-05
5.55506577358727e-07,-7.796903302030043e-05
5.55514241376294e-07,-6.324162938176387e-05
5.555220375910669e-07,-5.143643379967745e-05
5.555376300206128e-07,-3.337359802540777e-05
5.555633126573425e-07,-1.632372023996544e-05
5.555917344844936e-07,-7.517499466950335e-06
5.556246209898487e-07,-3.553598750109669e-06
5.556640461013716e-07,-1.796765010194475e-06
5.557188263022928e-07,-1.318373913025351e-06
5.558018286250121e-07,-1.111754538448916e-06
5.559516852531757e-07,-1.201089530174274e-06
5.562394080713493e-07,-1.083587745839203e-06
5.566408742620732e-07,-1.172768584130477e-06
5.571988886523565e-07,-1.067615307920619e-06
5.579761574758032e-07,-1.161239087446558e-06
5.591208144834027e-07,-1.06030071050479e-06
5.6e-07,-1.156518289718544e-06
5.6003125e-07,-1.255162571323956e-06
5.600834469393398e-07,-1.278319714477429e-06
5.601878408180193e-07,-1.501180455906984e-06
5.60226860715767e-07,-2.794016702644085e-06
5.602424933102593e-07,-3.539928689587649e-06
5.602563942358082e-07,-4.21150671184257e-06
5.602698596789179e-07,-4.784352624464975e-06
5.602740798815436e-07,-5.121198882640406e-06
5.602825202867949e-07,-6.021269866856006e-06
5.602887337643113e-07,-7.29639752732802e-06
5.6029427327995e-07,-1.012846997298016e-05
5.602968595412304e-07,-1.621986991059263e-05
5.602988499385519e-07,-2.049297410516596e-05
5.603011733123395e-07,-2.877207199260039e-05
5.603033055511804e-07,-3.31025788203691e-05
5.603062150338266e-07,-4.635640561857343e-05
5.603072880546537e-07,-5.175698496833599e-05
5.603081481311265e-07,-5.309392337664067e-05
5.603090029950225e-07,-5.334367638476792e-05
5.603102510447088e-07,-4.96381698454926e-05
5.603112906075311e-07,-4.402211015624984e-05
5.603121928325785e-07,-3.67515350135112e-05
5.603129340523397e-07,-2.991898707100661e-05
5.603137843042607e-07,-2.127202277174714e-05
5.60314978023224e-07,-1.458772619565136e-05
5.603158378458705e-07,-1.09191170913048e-05
5.603167456290652e-07,-9.35739013281641e-06
5.603178442295656e-07,-6.876465585335617e-06
5.603200414305663e-07,-5.669312088596624e-06
5.603226715073738e-07,-4.101923883002939e-06
5.603260955652761e-07,-4.543974722789156e-06
5.603306044476544e-07,-3.859337582499344e-06
5.603381084595195e-07,-5.060683650487724e-06
5.603476040047551e-07,-5.075458116756375e-06
5.603616544249085e-07,-7.224864242366191e-06
5.603844353084857e-07,-9.112851867170054e-06
5.604284512631964e-07,-1.542997071092111e-05
5.604642256315983e-07,-1.709999119878081e-05
5.604821128157991e-07,-1.713287063582018e-05
5.605000000000001e-07,-1.413021577448016e-05
5.60509321656394e-07,-1.255865625675585e-05
5.605214563213375e-07,-1.050709437296432e-05
5.605330513738596e-07,-8.711581560020247e-06
5.605562414789038e-07,-5.773918226056511e-06
5.605832349222697e-07,-3.589001021390797e-06
5.606193111261583e-07,-2.102918229380652e-06
5.606643209071549e-07,-1.437740542032647e-06
5.607340240620239e-07,-1.155869658693582e-06
5.608460842253479e-07,-1.118489568120802e-06
5.60980383402547e-07,-1.099768736897318e-06
5.610945146811474e-07,-1.113958354129383e-06
5.612368965268544e-07,-1.099379289958876e-06
5.615172629970542e-07,-1.11361759071923e-06
5.620779959374538e-07,-1.098868136082302e-06
5.63199461818253e-07,-1.112662655997833e-06
5.65e-07,-1.097663575057901e-06
5.65068804986889e-07,-2.085501834940845e-06
5.651622039074534e-07,-2.244936353885084e-06
5.652084121387045e-07,-4.336919430144183e-06
5.652274843766947e-07,-2.934235682897336e-06
5.652410972508973e-07,2.854075610290756e-06
5.652583601607118e-07,1.462186292836849e-05
5.652726347280357e-07,1.575530698107717e-05
5.652784137772688e-07,1.134063971430692e-05
5.652832588431223e-07,2.70769704821611e-06
5.652876362214954e-07,-3.574798176536385e-06
5.652924185120025e-07,-6.077158348157648e-06
5.652967515332935e-07,-1.158763105539273e-05
5.652996984475826e-07,-2.39954386391366e-05
5.65302769565152e-07,-3.689491870067778e-05
5.653061285080318e-07,-4.898068023928546e-05
5.653096534843142e-07,-6.177030650100477e-05
5.653136090570699e-07,-9.617512850206402e-05
5.653156851554522e-07,-0.000111919575589786
5.653178380435895e-07,-0.0001237147617980628
5.653199313217262e-07,-0.000121278050799322
5.653223464443903e-07,-0.0001296664958968183
5.653242450370043e-07,-0.0001110308031420853
5.653260543594303e-07,-8.535405661930721e-05
5.653276628198966e-07,-6.015372110645396e-05
5.653298594941907e-07,-3.737862379846936e-05
5.653319033115865e-07,-2.68942981130716e-05
5.653340074874783e-07,-2.344571345544583e-05
5.653363436236521e-07,-2.326369629698731e-05
5.653381892662046e-07,-2.452797932475971e-05
5.653402702120246e-07,-3.040295873797911e-05
5.653418296114612e-07,-3.255550429755073e-05
5.653432742749801e-07,-3.490660282268303e-05
5.653450073710802e-07,-3.279961481663013e-05
5.653468479737121e-07,-3.20603192426317e-05
5.653488150567428e-07,-2.907557400729212e-05
5.653513637804076e-07,-2.86028338768665e-05
5.653542043734144e-07,-2.601605030897206e-05
5.653577122666043e-07,-2.677835209338033e-05
5.653613771156372e-07,-2.733698685636411e-05
5.653644865352992e-07,-2.949915268344484e-05
5.653677884447101e-07,-2.851147970081581e-05
5.653722508406183e-07,-2.816488559277257e-05
5.653772674716783e-07,-2.554687137007843e-05
5.653825012115691e-07,-2.529991694629188e-05
5.65387852891412e-07,-2.371171150287886e-05
5.653939633139824e-07,-2.664406088740535e-05
5.654016882163744e-07,-5.540312744652572e-05
5.654117982248612e-07,-0.0001963101214814925
5.654194157065626e-07,-0.0003736402760409605
5.654267288605066e-07,-0.0005182826503988222
5.654323796868651e-07,-0.0005860086898190544
5.654410026863774e-07,-0.000618858997105233
5.654481471025416e-07,-0.0005863425043582754
5.654559238610283e-07,-0.0004199209071405151
5.654618143004399e-07,-0.0002409916408804447
5.654675392118054e-07,-0.0001141720329127335
5.654729902019444e-07,-6.429607087916449e-05
5.654782777573532e-07,-3.893784195038913e-05
5.654829478942034e-07,-3.384564732253302e-05
5.654891778269841e-07,-2.288591680121232e-05
5.654942982057995e-07,-2.113320850561579e-05
5.655e-07,-1.46330272537122e-05
5.655060986335735e-07,-1.011876458412432e-05
5.655127179197378e-07,-7.425532112485663e-06
5.655199232759644e-07,-5.193627982817948e-06
5.655343339884175e-07,-2.898897885668041e-06
5.655549689483047e-07,-1.546391774130834e-06
5.655814809215356e-07,-1.26388056185582e-06
5.656158967601561e-07,-1.097519926847992e-06
5.656677977939672e-07,-1.194999512228384e-06
5.657510665436006e-07,-1.076387872403809e-06
5.658666565338454e-07,-1.175709334995426e-06
5.66028802964615e-07,-1.063241470592855e-06
5.662577173091004e-07,-1.165952268994123e-06
5.665893932457707e-07,-1.056470465905339e-06
5.670684665388397e-07,-1.16087368258729e-06
5.67757777371525e-07,-1.052998558508844e-06
5.687503717623044e-07,-1.158318452178391e-06
5.7e-07,-1.051319793012719e-06
5.700312500000001e-07,-6.7186129610148e-07
5.7008344693934e-07,-6.661615954586941e-07
5.701095454090099e-07,-6.727318954968533e-07
5.701617423483498e-07,-6.26860783795136e-07
5.702098238440219e-07,-1.152360526595011e-06
5.702279501958622e-07,-1.583747452161898e-06
5.702420124389659e-07,-1.780501950734079e-06
5.70258701097526e-07,-1.85307436637777e-06
5.702742031608183e-07,-1.907587059478851e-06
5.702919304680087e-07,-2.038293816666479e-06
5.702982352462101e-07,-1.978545050652247e-06
5.70306085883246e-07,-1.760941274720547e-06
5.703146552137926e-07,-1.249350524259379e-06
5.703216134301621e-07,-8.75953557183459e-07
5.703302294484186e-07,-7.196428375573538e-07
5.703378831986315e-07,-7.485605647847711e-07
5.703450978862765e-07,-6.892578808916386e-07
5.703584700369263e-07,-7.222724941843614e-07
5.703852143382259e-07,-6.763586518974994e-07
5.704357967899259e-07,-7.384558388497124e-07
5.705000000000001e-07,-7.783812358492055e-07
5.705154679017458e-07,-1.029711360969324e-06
5.705401913202747e-07,-1.101159306682917e-06
5.705631565731146e-07,-1.112135444751961e-06
5.706090870787945e-07,-1.114462777690279e-06
5.706461591173603e-07,-1.115709671561739e-06
5.707203031944917e-07,-1.114198244809603e-06
5.708534821948782e-07,-1.115922920334848e-06
5.711198401956511e-07,-1.114711661669073e-06
5.716525561971968e-07,-1.1046477106319e-06
5.717586046112578e-07,-1.090016517500649e-06
5.719707014393797e-07,-9.96832895477256e-07
5.721225243786855e-07,-8.904923328463316e-07
5.722741900620595e-07,-1.088105363553159e-06
5.723432621654206e-07,-2.16078306924118e-06
5.723589101805845e-07,-2.171643451108006e-06
5.723902062109123e-07,-2.481006966230399e-06
5.723960458777168e-07,-2.686933777408053e-06
5.724077252113257e-07,-4.580396087701717e-06
5.724130755835375e-07,-5.66355906028497e-06
5.724192024368924e-07,-6.954949893174763e-06
5.724244207338201e-07,-7.520000262001985e-06
5.724308989292447e-07,-7.840029779450718e-06
5.724362445497162e-07,-7.178014870163822e-06
5.724409799605326e-07,-5.134003961983392e-06
5.72444297415585e-07,-4.27657834559096e-06
5.724459470641071e-07,-3.877017279657713e-06
5.724492463611512e-07,-3.862842633099732e-06
5.724525933441325e-07,-3.577994237733289e-06
5.724580807259934e-07,-3.585308912335228e-06
5.724664322040419e-07,-3.023461387926899e-06
5.724805197744663e-07,-1.954797601029724e-06
5.724921780144414e-07,-1.116142893611229e-06
5.724980071344289e-07,-1.217297172591188e-06
5.725096653744038e-07,-9.788658965708416e-07
5.725215034950478e-07,-1.153420293505331e-06
5.725446376284863e-07,-9.589130002107348e-07
5.725827752234524e-07,-1.149440363071749e-06
5.72625611209394e-07,-9.694138411309635e-07
5.72678435262879e-07,-1.163982859673284e-06
5.727539135594199e-07,-9.894258314865038e-07
5.728981756370654e-07,-1.19431696131693e-06
5.729391646413346e-07,-1.007955744716298e-06
5.73021142649873e-07,-1.197195318710456e-06
5.731303321555372e-07,-1.009536094536876e-06
5.733076220327163e-07,-1.197775241872259e-06
5.735874516059944e-07,-1.009480675870358e-06
5.7404871399033e-07,-1.197672188165778e-06
5.74524356995165e-07,-1.009359765846538e-06
5.75e-07,-1.197560447976882e-06
5.750384283786091e-07,1.555362127072384e-06
5.751017710856985e-07,1.557604735883491e-06
5.751759480429629e-07,6.792211335558287e-07
5.75194492282279e-07,-9.492216071822567e-07
5.752223086412531e-07,-6.752964540985586e-06
5.752362168207402e-07,-1.191476676408212e-05
5.752501250002273e-07,-1.816029073936465e-05
5.752526250002272e-07,-2.905845224900459e-05
5.752552024154601e-07,-3.999102970640089e-05
5.752565033024165e-07,-0.0001077441226616666
5.752575657410812e-07,-0.0001028664578991755
5.75258623470964e-07,-0.0001689474669134354
5.752593742355957e-07,-0.0001572215920420719
5.752601250002272e-07,-0.0002176235737399162
5.752603925716922e-07,-0.000158190899347401
5.752607883814329e-07,-0.0001532267179136319
5.752611557204198e-07,-0.0001495002869929877
5.752618601868891e-07,-0.0001464936107549123
5.752627959898159e-07,-0.0001479320312331756
5.752637377617193e-07,-0.0001504890351906118
5.752647856141691e-07,-0.0001541553601025605
5.75265813971244e-07,-0.0001572644006446967
5.752670468417442e-07,-0.0001594793014249295
5.75268169138597e-07,-0.0001556015361679867
5.752690734493573e-07,-0.0001574754451200214
5.752698188344477e-07,-0.0001593190731657569
5.752706101786626e-07,-0.0001539487438820112
5.752712991275514e-07,-0.0001467064567138798
5.752721632388246e-07,-0.0001287737286788584
5.752733427558095e-07,-0.0001075222987612976
5.752743593545272e-07,-9.226007112108651e-05
5.752754827234943e-07,-8.405378894686062e-05
5.752767086213423e-07,-7.675985492201311e-05
5.752782254333514e-07,-7.470703279722295e-05
5.752801965727895e-07,-7.120770027681813e-05
5.75282664458009e-07,-7.343823563438928e-05
5.752849409247542e-07,-7.292955268817125e-05
5.752877025554913e-07,-7.240305488179558e-05
5.752901304459739e-07,-6.569537236962854e-05
5.752936860039769e-07,-5.622978088121979e-05
5.752969607860546e-07,-3.953343397871273e-05
5.753002963093979e-07,-1.463117330864437e-05
5.753039308690577e-07,2.419931290640023e-05
5.753086292569596e-07,6.64330554829696e-05
5.753110053865654e-07,8.421084978732919e-05
5.753139207656134e-07,9.39342046869364e-05
5.753160238297636e-07,9.877007330330583e-05
5.753178111157508e-07,9.296228524789809e-05
5.753197598265529e-07,8.682766527852183e-05
5.753214734469415e-07,9.051211471284856e-05
5.753228954472231e-07,9.743313540912592e-05
5.75324313343314e-07,9.921610337029768e-05
5.753260058468936e-07,9.763658695470783e-05
5.753274703435977e-07,0.0001203347926234144
5.753287629652934e-07,0.000136211513279593
5.753301516854485e-07,0.0001568337527988853
5.753317162209036e-07,0.0001567235173521177
5.753330915938778e-07,0.000161550536668549
5.75334672040834e-07,0.0001523837680642375
5.753368484330879e-07,0.0001482299424614828
5.7534006337156e-07,0.0001236276073340697
5.753443284747272e-07,9.747317551707178e-05
5.7534994428331e-07,4.590686944694371e-05
5.753570984496912e-07,-1.87344798457066e-05
5.753639070224477e-07,-8.590553230912882e-05
5.753744121561346e-07,-0.0001642051233732236
5.753836279865258e-07,-0.0002221009114241922
5.753937683228708e-07,-0.0002559131188791834
5.75403677424948e-07,-0.0002507388449015546
5.754114485773697e-07,-0.000203363668500732
5.754190061507469e-07,-0.0001723009081944864
5.754246524982238e-07,-0.0001462335314342885
5.754313135076254e-07,-0.0001290769444226451
5.754369179046927e-07,-0.0001079183989685619
5.754437024145655e-07,-9.555390525494342e-05
5.75450747745751e-07,-7.52841405773635e-05
5.754582929324607e-07,-6.616278547257745e-05
5.75466649405811e-07,-4.857173819928557e-05
5.754757149553485e-07,-4.217314829247304e-05
5.754857057348947e-07,-2.779385090089941e-05
5.754928528674474e-07,-2.705328804403232e-05
5.755e-07,-1.793414125376449e-05
5.755064639720084e-07,-1.838213147760072e-05
5.75514327604207e-07,-1.459685093188756e-05
5.755222806897264e-07,-1.205605596250547e-05
5.755381868607651e-07,-7.908383681904186e-06
5.755699992028425e-07,-3.817631940254739e-06
5.756135487445804e-07,-1.717869613777994e-06
5.756698956817922e-07,-1.30393916507219e-06
5.757472156297983e-07,-1.081719949720211e-06
5.758797726458831e-07,-1.206764662315127e-06
5.761448866780527e-07,-1.059153451023087e-06
5.765087467092382e-07,-1.184798036199295e-06
5.770183404334464e-07,-1.046988823701041e-06
5.777274294551343e-07,-1.175952311743515e-06
5.787745379963888e-07,-1.041500443295753e-06
5.800000000000001e-07,-1.17193674458424e-06
5.8003125e-07,-1.253552268256889e-06
5.800834469393398e-07,-1.276316384929705e-06
5.801878408180193e-07,-1.499718250987642e-06
5.80226860715767e-07,-2.792426324355931e-06
5.802424844810931e-07,-3.537698590278215e-06
5.802563896493544e-07,-4.204010261217891e-06
5.802698577042424e-07,-4.778594585871906e-06
5.802740796175942e-07,-5.116331770701518e-06
5.80282523444298e-07,-6.018203207245129e-06
5.802887338787362e-07,-7.29329148332432e-06
5.802942755666838e-07,-1.013843885992479e-05
5.80296857951064e-07,-1.62360035569218e-05
5.802988475455798e-07,-2.051285402143609e-05
5.803011681856566e-07,-2.879539990422301e-05
5.803033011922299e-07,-3.31276287321487e-05
5.803062094481107e-07,-4.642114543543066e-05
5.803072814102394e-07,-5.178661033411182e-05
5.803081425780428e-07,-5.312318374986707e-05
5.803089975393553e-07,-5.334154116029973e-05
5.803102443732004e-07,-4.960076388526885e-05
5.803112833474597e-07,-4.399414689349961e-05
5.803121837479526e-07,-3.66913164341248e-05
5.803129241965422e-07,-2.988247415697082e-05
5.803137754301783e-07,-2.12100703746302e-05
5.803149792356986e-07,-1.452056768597716e-05
5.803158377393306e-07,-1.085874189536795e-05
5.803167477436571e-07,-9.328479213476572e-06
5.803178496382069e-07,-6.834915595000035e-06
5.803200534273064e-07,-5.661557204764375e-06
5.803226894358407e-07,-4.081181732773171e-06
5.803261260432442e-07,-4.548614877264442e-06
5.803306559039325e-07,-3.845957010532178e-06
5.803382123703401e-07,-5.073777417217727e-06
5.803477314641736e-07,-5.070807275215522e-06
5.803618555148765e-07,-7.251199789721632e-06
5.803847604990013e-07,-9.136397941270861e-06
5.804290767176917e-07,-1.550167628325829e-05
5.804645383588458e-07,-1.707563002737672e-05
5.804822691794229e-07,-1.711036671088524e-05
5.805000000000001e-07,-1.409773184475742e-05
5.805093116241557e-07,-1.25404681281922e-05
5.805213925419776e-07,-1.050003069021469e-05
5.805329422870542e-07,-8.712821987973712e-06
5.805560417772075e-07,-5.784871438112778e-06
5.805830291428421e-07,-3.595111205704886e-06
5.806190680766569e-07,-2.105806547188592e-06
5.806640294072108e-07,-1.438034066090034e-06
5.807335483933549e-07,-1.155131727535254e-06
5.808453481847131e-07,-1.117063345036022e-06
5.808790930517875e-07,-1.101210391928609e-06
5.809465827859363e-07,-1.11374576540061e-06
5.810507315084481e-07,-1.098005496663073e-06
5.812590289534717e-07,-1.112616654801875e-06
5.815550649571392e-07,-1.097794906899417e-06
5.821471369644742e-07,-1.112154976230978e-06
5.833312809791441e-07,-1.097164109338557e-06
5.85e-07,-1.11133577310762e-06
5.850664081001499e-07,-2.109047503968748e-06
5.85157625134832e-07,-2.234367080527841e-06
5.852016305943617e-07,-4.281860983673506e-06
5.852236333241265e-07,-4.500528925123465e-06
5.852376194079566e-07,-3.045975950813601e-07
5.852564516554177e-07,1.140224239940621e-05
5.852707116934397e-07,1.436331298400442e-05
5.85276986485107e-07,1.044468986536312e-05
5.852820765155968e-07,2.722466201202776e-06
5.852864352951481e-07,-4.812196136200397e-06
5.852915314613215e-07,-8.285237666906703e-06
5.852958360121843e-07,-1.10925391909771e-05
5.85298490345992e-07,-1.851441004057444e-05
5.853016975169111e-07,-2.952754951335888e-05
5.853046784724346e-07,-3.872410292419165e-05
5.853088576617531e-07,-5.095657415980547e-05
5.853124605384151e-07,-7.068225846908974e-05
5.853144164330526e-07,-8.687549607021903e-05
5.853168229893764e-07,-9.82810751738084e-05
5.853186404503909e-07,-0.0001030999470015395
5.853211697272095e-07,-0.0001012828048217451
5.853232101750613e-07,-0.0001083156343214278
5.853251178908182e-07,-8.034422338305465e-05
5.853267639435118e-07,-7.32188232851505e-05
5.853286005184281e-07,-4.416164516874617e-05
5.853304336989281e-07,-4.534291909923356e-05
5.853325096741356e-07,-3.019831945150108e-05
5.853346215851652e-07,-4.263537077742538e-05
5.853367158197188e-07,-3.518816856388001e-05
5.853385289462174e-07,-4.980019368811706e-05
5.853398326716253e-07,-4.810575026848335e-05
5.85341293466323e-07,-6.414226213699844e-05
5.853425946393312e-07,-5.935736714436572e-05
5.853442161538403e-07,-6.844703791342812e-05
5.853464854662888e-07,-5.537401390110505e-05
5.853482517726021e-07,-6.089489129048773e-05
5.853505342244339e-07,-4.878714524273241e-05
5.853532820311158e-07,-5.472568901199171e-05
5.853565613469543e-07,-4.396105859868635e-05
5.853601098303114e-07,-5.506205857124436e-05
5.853635792048064e-07,-4.919782979869591e-05
5.85367106436149e-07,-5.895411404602048e-05
5.853708610503564e-07,-4.804871601094925e-05
5.853761009987059e-07,-5.372227264340286e-05
5.853813979367497e-07,-4.175266817062738e-05
5.853867997546032e-07,-4.947524792526397e-05
5.853925584853727e-07,-4.194936937996835e-05
5.8539981243987e-07,-8.691017228349966e-05
5.854093514067244e-07,-0.0002671277288098549
5.854169545979425e-07,-0.0005128203488797369
5.854230824749988e-07,-0.0006618457450898489
5.854294083417611e-07,-0.0007485426154501004
5.854356838461607e-07,-0.0007511705392479857
5.854417397677095e-07,-0.0007183191556666322
5.854481842615345e-07,-0.0005379870754293485
5.854533190969129e-07,-0.000328612470281111
5.854586059415217e-07,-0.000169403840613386
5.854630891477886e-07,-0.0001175105970227415
5.854679383509369e-07,-8.845517385771881e-05
5.854731896036364e-07,-7.275648035136291e-05
5.85478204547195e-07,-6.009836209371678e-05
5.854849583274904e-07,-4.564031383261521e-05
5.854913885054943e-07,-3.442099712123509e-05
5.854956942527472e-07,-2.847432946675726e-05
5.855e-07,-2.335475186786677e-05
5.855061414598426e-07,-1.579190172245217e-05
5.855124916615655e-07,-1.125708480526605e-05
5.855192009440576e-07,-8.016651799607074e-06
5.855326195090419e-07,-4.114707813132965e-06
5.855537334398807e-07,-1.92777411166526e-06
5.855806736028282e-07,-1.219672062963591e-06
5.856160258325801e-07,-1.204515034734021e-06
5.856684351086176e-07,-1.119759197060313e-06
5.857512983567812e-07,-1.181536142261707e-06
5.858667156780098e-07,-1.092425858198795e-06
5.860289706886253e-07,-1.162478806706526e-06
5.862583867146443e-07,-1.077890054138824e-06
5.865903238098753e-07,-1.152232246132442e-06
5.870695171476116e-07,-1.070182906424269e-06
5.877591846014867e-07,-1.146926410461661e-06
5.887526038004505e-07,-1.066318351167921e-06
5.900000000000001e-07,-1.144414540176603e-06
5.900312500000001e-07,-6.748069559716777e-07
5.9008344693934e-07,-6.708877582600122e-07
5.901095454090099e-07,-6.769376841900033e-07
5.901617423483498e-07,-6.291808390812906e-07
5.902100694441107e-07,-1.156079300128487e-06
5.902282146595946e-07,-1.587679476638227e-06
5.902422809194404e-07,-1.779893605038709e-06
5.902589084678175e-07,-1.854947059478293e-06
5.902745022583346e-07,-1.909675445534562e-06
5.902919709217621e-07,-2.040183124641138e-06
5.902983768398017e-07,-1.97535018820098e-06
5.903060953448621e-07,-1.762088506529522e-06
5.90314645354828e-07,-1.249987439888803e-06
5.903215920715194e-07,-8.78201199381521e-07
5.903302193347712e-07,-7.199488894271837e-07
5.903378695069369e-07,-7.500937215021863e-07
5.903450848481223e-07,-6.897073690350133e-07
5.903584102773343e-07,-7.237209987616386e-07
5.903850611357582e-07,-6.767484900671056e-07
5.904352954496882e-07,-7.392658431154336e-07
5.905000000000001e-07,-7.767067733990204e-07
5.905156219899593e-07,-1.029280471395677e-06
5.905404325007373e-07,-1.100860478343995e-06
5.905635150253941e-07,-1.112344474410949e-06
5.906096800747075e-07,-1.114524559202914e-06
5.906469629923645e-07,-1.115937173372441e-06
5.907215288276785e-07,-1.114291031452816e-06
5.908550691622037e-07,-1.116127857663795e-06
5.911221498312541e-07,-1.114771789412482e-06
5.914782761610337e-07,-1.113170382381839e-06
5.916119146161192e-07,-1.103070166385851e-06
5.917652207271809e-07,-1.072609343447091e-06
5.919472321882051e-07,-9.720879269508669e-07
5.920834810186478e-07,-8.794452108731802e-07
5.922333319642275e-07,-1.240144273863315e-06
5.922836215916083e-07,-2.081441408932117e-06
5.922993770023192e-07,-2.127553417348409e-06
5.923305817067846e-07,-2.389414379880841e-06
5.923531057002187e-07,-3.973253645515165e-06
5.923590587582251e-07,-5.432011786123128e-06
5.923639333834328e-07,-6.289489254882141e-06
5.923691055563517e-07,-7.37899324197257e-06
5.923737068689442e-07,-7.615906497544399e-06
5.923793044003406e-07,-7.917686369743819e-06
5.923845298728466e-07,-6.925034291949541e-06
5.923888189563515e-07,-5.097097133807955e-06
5.923920833497527e-07,-4.159886701378808e-06
5.92393705124727e-07,-3.948341031563648e-06
5.923969486746757e-07,-3.791736163211677e-06
5.924003522045866e-07,-3.664481576536038e-06
5.924061161534162e-07,-3.495260888442229e-06
5.924150408928445e-07,-3.024194952228087e-06
5.92428489414612e-07,-1.795752985733589e-06
5.924402296422375e-07,-1.166558225888861e-06
5.924460997560503e-07,-1.125698073981547e-06
5.924577306458283e-07,-1.065293340610842e-06
5.924698578048449e-07,-1.049479977553764e-06
5.924941121228779e-07,-1.062045134617936e-06
5.92527717075153e-07,-1.044230675964701e-06
5.925714777695847e-07,-1.074239379472329e-06
5.926231439637016e-07,-1.05850752876112e-06
5.926998546065146e-07,-1.094977268673961e-06
5.928396347653855e-07,-1.088919605367968e-06
5.928799623147064e-07,-1.113393717065662e-06
5.929606174133483e-07,-1.091805968704223e-06
5.930685360988445e-07,-1.115077734555646e-06
5.932429589632017e-07,-1.092370245313722e-06
5.935152198022129e-07,-1.115021898089785e-06
5.939653493764207e-07,-1.092221032926967e-06
5.944826746882104e-07,-1.114861282340519e-06
5.95e-07,-1.092051710016448e-06
5.950397394056339e-07,1.825625672702796e-06
5.951045147142602e-07,1.861274238117733e-06
5.951773198572437e-07,7.139031229342552e-07
5.951955211429896e-07,-1.181451136857902e-06
5.952046217858625e-07,-2.760389821418296e-06
5.952228230716083e-07,-7.709404479335476e-06
5.952445616886625e-07,-1.660877571085509e-05
5.952501250002273e-07,-1.930242039821606e-05
5.952526250002272e-07,3.564392910066316e-05
5.952540311739954e-07,-2.170980548153895e-05
5.952554111933698e-07,2.013305230569501e-05
5.952571017344075e-07,-5.435985468018146e-05
5.952584358961278e-07,-1.136065102442105e-05
5.952592804481776e-07,-7.736994931928697e-05
5.952601250002272e-07,-3.351756070196473e-05
5.952604461638898e-07,-7.727851161664827e-05
5.952608782338743e-07,-7.794925118199885e-05
5.952612784632588e-07,-7.803161753635274e-05
5.952619997216061e-07,-7.895471173027063e-05
5.952630970802527e-07,-7.711432202636898e-05
5.952642625919361e-07,-7.470713381657277e-05
5.952654552479937e-07,-7.229199163882051e-05
5.952666542251814e-07,-7.459703815241579e-05
5.952679133610484e-07,-7.432307899064935e-05
5.952688470304734e-07,-7.192855972194191e-05
5.952698337365936e-07,-7.32025567613537e-05
5.952707363602859e-07,-7.581237970802588e-05
5.952714431774499e-07,-7.820259823263249e-05
5.952723062350476e-07,-7.83176789457596e-05
5.952737252979806e-07,-7.682016799336008e-05
5.952747364113328e-07,-7.458261905224689e-05
5.952759267199002e-07,-7.323108993337363e-05
5.95277370457289e-07,-7.15112104455079e-05
5.952795649920982e-07,-7.147460900550747e-05
5.952819415638618e-07,-7.190187445628786e-05
5.952843885843848e-07,-7.356826946389702e-05
5.952869978328384e-07,-7.230979702168174e-05
5.952894439782021e-07,-7.014657123498535e-05
5.952923097395395e-07,-6.70039926663726e-05
5.952954146057798e-07,-6.430851888393623e-05
5.952986094502177e-07,-5.684708571789724e-05
5.953020762235251e-07,-3.874147196859993e-05
5.953062145428154e-07,-1.324641120559874e-05
5.953091211919096e-07,1.709694502607318e-06
5.95311219821185e-07,7.494689970195054e-06
5.953136076549485e-07,1.068178404059732e-05
5.953154302377286e-07,7.762595692916692e-06
5.953173287262759e-07,-5.629279400797146e-06
5.95318890099566e-07,-2.429346507738148e-05
5.953201306206238e-07,-3.23114783505491e-05
5.953217118932997e-07,-3.196233372182164e-05
5.953229834127557e-07,-2.739216637811542e-05
5.953246061726457e-07,-2.926789741645842e-05
5.953262146831809e-07,-2.794005065556689e-05
5.953277000564575e-07,8.998117955421746e-06
5.953289679947939e-07,3.019389454915912e-05
5.953304633033091e-07,5.861869524887734e-05
5.953319911946846e-07,5.588942557783806e-05
5.95333393755794e-07,6.332416067130957e-05
5.953350425289979e-07,5.228065282030365e-05
5.953374653261401e-07,5.307434525178268e-05
5.953405601983874e-07,3.219126311174241e-05
5.953437690268158e-07,2.460922969113792e-05
5.953470715117643e-07,-1.229985743607899e-06
5.953505526187831e-07,-1.434699737754877e-05
5.953548433361925e-07,-4.595780258567136e-05
5.953605624433662e-07,-6.494138089007054e-05
5.953677884714007e-07,-9.866137047944817e-05
5.95375569976436e-07,-0.000117995286455287
5.953846778675337e-07,-0.0001701430674068614
5.953950179522507e-07,-0.0001920450782439546
5.954023799689613e-07,-0.0001942777599094629
5.954094788158462e-07,-0.0002073875843828295
5.954166360658364e-07,-0.0002265580139860025
5.954225962589955e-07,-0.0002303066265557155
5.954311162787294e-07,-0.0002409739253713314
5.954396114817558e-07,-0.0002326806808233772
5.954485759901649e-07,-0.0001986155860837303
5.954552971782127e-07,-0.0001553461067140018
5.954618444227777e-07,-0.0001367539503260029
5.954686477033974e-07,-0.0001124948491875337
5.95475209948536e-07,-0.0001008267539649506
5.954827740085434e-07,-7.934717674920717e-05
5.954915425667157e-07,-6.806315269088033e-05
5.955000000000001e-07,-5.005228249688418e-05
5.955069006960203e-07,-4.561318589625285e-05
5.955155081343316e-07,-3.584206957751002e-05
5.955240963694557e-07,-2.860263345519344e-05
5.955412728397038e-07,-1.757737930095917e-05
5.955671526436603e-07,-8.71342974785164e-06
5.95596395008472e-07,-4.054020946215438e-06
5.956302871636e-07,-2.273699438175644e-06
5.956720258916604e-07,-1.345027300465513e-06
5.957307362534787e-07,-1.287096629901346e-06
5.958222522148722e-07,-1.076273045658105e-06
5.959934677120809e-07,-1.232465625559536e-06
5.963108642233079e-07,-1.04586945407262e-06
5.967373477347789e-07,-1.206553089248074e-06
5.973311219944029e-07,-1.031170749619998e-06
5.981658231709109e-07,-1.195959348216656e-06
5.990829115854555e-07,-1.024995776913198e-06
6.000000000000001e-07,-1.191883596687981e-06
6.0003125e-07,-1.25521184829723e-06
6.000834469393398e-07,-1.278128941627553e-06
6.001878408180193e-07,-1.501317528761073e-06
6.00226860715767e-07,-2.793874663648359e-06
6.002424920688131e-07,-3.539914715757671e-06
6.002563936182402e-07,-4.215274208870069e-06
6.002698594388569e-07,-4.787653688935347e-06
6.002740798365389e-07,-5.123962445460363e-06
6.00282520631903e-07,-6.024142471396589e-06
6.002887322317538e-07,-7.29821782028102e-06
6.002942728496578e-07,-1.013580547785066e-05
6.002968575324713e-07,-1.623007845077165e-05
6.002988474980573e-07,-2.050534426077994e-05
6.003011696540153e-07,-2.878661124654931e-05
6.003033020692515e-07,-3.311857338057011e-05
6.003062108009979e-07,-4.639026944899087e-05
6.00307283291945e-07,-5.177557815644499e-05
6.00308143785534e-07,-5.311206475413852e-05
6.003089986370719e-07,-5.334723554798628e-05
6.003102461023278e-07,-4.963490294623812e-05
6.003112851631217e-07,-4.400828252449546e-05
6.003121865767062e-07,-3.674145599568421e-05
6.003129276047838e-07,-2.990145229177405e-05
6.003137781098842e-07,-2.125988794745381e-05
6.00314975199346e-07,-1.455944309228245e-05
6.003158345534542e-07,-1.09070364419774e-05
6.003167430739233e-07,-9.341787987159673e-06
6.003178427495589e-07,-6.870804152502595e-06
6.0032004210083e-07,-5.660845385717522e-06
6.003226741300082e-07,-4.103154586099152e-06
6.003261024327035e-07,-4.539333492643005e-06
6.003306185181978e-07,-3.862559850655057e-06
6.003381406339748e-07,-5.058338103214558e-06
6.003476422299102e-07,-5.080823073726203e-06
6.003617144936351e-07,-7.22579403698566e-06
6.003845294555569e-07,-9.125532770448223e-06
6.00428685487954e-07,-1.544841020760805e-05
6.00464342743977e-07,-1.709622866115201e-05
6.004821713719885e-07,-1.711415451212296e-05
6.005000000000001e-07,-1.412253392429161e-05
6.005093182884053e-07,-1.254903424681508e-05
6.005214329327438e-07,-1.050201685675964e-05
6.005330111327003e-07,-8.710066367445359e-06
6.005561675326133e-07,-5.776902501186419e-06
6.005831623801743e-07,-3.590716518130158e-06
6.006192303762754e-07,-2.103964647418283e-06
6.006642316548356e-07,-1.43818444441048e-06
6.007338827912276e-07,-1.156123490888794e-06
6.008458121289223e-07,-1.11850471882376e-06
6.009804793919814e-07,-1.099760186942161e-06
6.010945866198118e-07,-1.113921838776044e-06
6.012369187614535e-07,-1.09937588857794e-06
6.015163405117279e-07,-1.113581025182072e-06
6.020751840122767e-07,-1.098867174186725e-06
6.031928710133742e-07,-1.112628068593238e-06
6.05e-07,-1.097661217255622e-06
6.050689226404528e-07,-2.085314832899783e-06
6.051624280027838e-07,-2.248342363058484e-06
6.052087449258418e-07,-4.358865399687851e-06
6.052276873595945e-07,-2.891042782288602e-06
6.052412838969506e-07,2.978116364297771e-06
6.052584660567441e-07,1.466455690147498e-05
6.052727656627504e-07,1.572496482025463e-05
6.052785688590602e-07,1.112280896772798e-05
6.052833561010729e-07,2.52962782277343e-06
6.052877240669427e-07,-3.659692717565655e-06
6.05292478904361e-07,-6.080874998201423e-06
6.052968187035594e-07,-1.179734971163351e-05
6.052997945822074e-07,-2.441908499697598e-05
6.053028611366241e-07,-3.725268518541352e-05
6.053062444377077e-07,-4.936398945431465e-05
6.053097469020853e-07,-6.22452636269416e-05
6.053137498149895e-07,-9.772717022361538e-05
6.053158602782677e-07,-0.0001127501542160348
6.053180034624057e-07,-0.0001242484779859495
6.053201598662212e-07,-0.0001209032890909168
6.05322496373456e-07,-0.0001307416623782153
6.053243892994606e-07,-0.0001072394456846929
6.053261678246308e-07,-8.538988168484726e-05
6.053277940647731e-07,-5.640744165651648e-05
6.05329866581821e-07,-3.931869876739609e-05
6.053319694257985e-07,-2.476689474642758e-05
6.053340605206132e-07,-2.531656130928352e-05
6.053363871496622e-07,-2.139030084431883e-05
6.053382275063434e-07,-2.647219936357998e-05
6.053403330901257e-07,-2.872331137947466e-05
6.053418695656002e-07,-3.442258034899324e-05
6.05343332698034e-07,-3.309241024041394e-05
6.053450717687666e-07,-3.456097454519545e-05
6.053468934260879e-07,-3.019873559165767e-05
6.053488727115851e-07,-3.085107299969252e-05
6.053514273223456e-07,-2.674885026317545e-05
6.053542779897344e-07,-2.780884230462986e-05
6.053578066566323e-07,-2.499081971755834e-05
6.053614912382272e-07,-2.923459353677234e-05
6.05364615331119e-07,-2.769616911548296e-05
6.053679173442098e-07,-3.028394972723061e-05
6.053724752352764e-07,-2.625348510674722e-05
6.053774859488478e-07,-2.7296238957353e-05
6.053827230442211e-07,-2.344847143879594e-05
6.053880841773359e-07,-2.5555857899971e-05
6.053942474052616e-07,-2.524454441768715e-05
6.054020536833721e-07,-5.980008551715082e-05
6.054123023257161e-07,-0.0001877113647084528
6.054196705529316e-07,-0.0003250671003901095
6.05426355274676e-07,-0.0004018537263533871
6.054321548370368e-07,-0.0004380205388381077
6.054389518346055e-07,-0.0004320487049636753
6.054454505256714e-07,-0.0003962608376531208
6.054522298349498e-07,-0.0002447583600187036
6.054575868927817e-07,-0.0001354579332183746
6.054621155480174e-07,-6.902784096273612e-05
6.054692058644735e-07,-4.897519237264915e-05
6.054744283454404e-07,-3.343589640501199e-05
6.054793103063835e-07,-3.4826334371347e-05
6.054857126540925e-07,-2.140053172803624e-05
6.054915104528163e-07,-2.227517190695771e-05
6.054957552264082e-07,-1.406167494198557e-05
6.055000000000001e-07,-1.582294652090596e-05
6.055064083705362e-07,-8.738344845477228e-06
6.055128966523379e-07,-6.258468198717174e-06
6.055196955237765e-07,-4.723006744062308e-06
6.055332932666537e-07,-2.579078763549307e-06
6.055545390356562e-07,-1.610101055689746e-06
6.055818109108506e-07,-1.111405380439063e-06
6.056176297881887e-07,-1.235788897123327e-06
6.056711223752758e-07,-1.05416947693e-06
6.05754909250199e-07,-1.215946712690143e-06
6.058717846612735e-07,-1.035633460710139e-06
6.060360323254952e-07,-1.202604860317742e-06
6.062685959668e-07,-1.026282817320716e-06
6.066050310971116e-07,-1.195693166798137e-06
6.070906266435772e-07,-1.021430895583695e-06
6.077895152142284e-07,-1.192162411502467e-06
6.087963887283373e-07,-1.018989471349685e-06
6.100000000000001e-07,-1.190480897253166e-06
6.100312500000002e-07,-6.777774818251312e-07
6.1008344693934e-07,-6.740960448750888e-07
6.1010954540901e-07,-6.8081894919808e-07
6.101617423483498e-07,-6.299223338128806e-07
6.102103218413196e-07,-1.161371876515407e-06
6.102284831684122e-07,-1.592119857770677e-06
6.102425544340164e-07,-1.783984547868422e-06
6.102591213714467e-07,-1.854891153012465e-06
6.102748130420445e-07,-1.913162705858627e-06
6.102930318215395e-07,-2.036755676772608e-06
6.102994680999216e-07,-1.949938697193887e-06
6.103069139632912e-07,-1.732585351490573e-06
6.103153088029682e-07,-1.202217105719462e-06
6.103221875667845e-07,-8.602306255957289e-07
6.103313550938497e-07,-7.16716294906442e-07
6.103386300913464e-07,-7.479316892780815e-07
6.103461450165653e-07,-6.891679697488403e-07
6.103607363746964e-07,-7.22604463105819e-07
6.103899190909587e-07,-6.781150449838125e-07
6.104447229732462e-07,-7.448275864097289e-07
6.105000000000001e-07,-7.794689439031023e-07
6.105153512839456e-07,-1.028263625997208e-06
6.105388047824746e-07,-1.097484236135046e-06
6.105601142787338e-07,-1.110857096504966e-06
6.106027332712523e-07,-1.113802333193333e-06
6.106389330031841e-07,-1.115409611561478e-06
6.107097989323872e-07,-1.113837525715302e-06
6.108438331279078e-07,-1.115688637159391e-06
6.111119015189491e-07,-1.114349648890379e-06
6.114117674791069e-07,-1.113300536933265e-06
6.115451451164194e-07,-1.104109348918781e-06
6.11699327870261e-07,-1.076610451730771e-06
6.118828981600898e-07,-9.802152515424385e-07
6.120204328906309e-07,-8.854100437536135e-07
6.121675836754081e-07,-1.077816793460881e-06
6.122268730924687e-07,-2.067773297858562e-06
6.122439607240459e-07,-2.118812371630215e-06
6.122657624303314e-07,-2.303067292950171e-06
6.122869336176063e-07,-2.514849388490696e-06
6.122941455853856e-07,-3.145848023200568e-06
6.123000660384536e-07,-4.17457678292358e-06
6.123048348184982e-07,-5.281355973158059e-06
6.123104044450359e-07,-6.450716530083491e-06
6.123151979901001e-07,-7.281756289695471e-06
6.123200167512558e-07,-7.718513101275186e-06
6.12325595075404e-07,-7.823998168858548e-06
6.123308766433427e-07,-6.987028604697693e-06
6.12335151804336e-07,-4.973742936650818e-06
6.123384298786842e-07,-4.234169324428708e-06
6.12340061221795e-07,-3.84466719913243e-06
6.123433239080166e-07,-3.877090038406356e-06
6.123467524497423e-07,-3.565902982974625e-06
6.123526259203943e-07,-3.576335047482134e-06
6.123617960246043e-07,-2.897897214231731e-06
6.123751222669859e-07,-1.859672031981673e-06
6.123869633507024e-07,-1.065273306207296e-06
6.123924932973882e-07,-1.215522858790316e-06
6.124035531907598e-07,-9.739467694911949e-07
6.124156579952821e-07,-1.145541337412127e-06
6.124398676043268e-07,-9.660009754556461e-07
6.124750011255602e-07,-1.140715789506015e-06
6.125185256682478e-07,-9.777473094741446e-07
6.125705468898706e-07,-1.155122234551307e-06
6.126470705323347e-07,-9.983153816694585e-07
6.127908477641676e-07,-1.185758073847325e-06
6.128309452346451e-07,-1.016717123409419e-06
6.129111401755999e-07,-1.188461708502348e-06
6.130195080129477e-07,-1.018236720203916e-06
6.131981837470088e-07,-1.189007333269315e-06
6.134795251890299e-07,-1.01818969399503e-06
6.139494181057402e-07,-1.188897991149749e-06
6.144747090528702e-07,-1.018063032361762e-06
6.15e-07,-1.188772938158972e-06
6.150399850554971e-07,1.555334478258876e-06
6.151050270296978e-07,1.554813482953504e-06
6.151775760149625e-07,5.893887267719606e-07
6.151957132612787e-07,-1.105199036767204e-06
6.15222919130753e-07,-6.906521924479146e-06
6.152365220654901e-07,-1.19753633658111e-05
6.152501250002273e-07,-1.798697198518967e-05
6.152526250002273e-07,4.086395951227738e-06
6.152551690231004e-07,-3.327712762949763e-05
6.152564926850737e-07,-5.047919044728579e-05
6.152575600846223e-07,-7.808545757199412e-05
6.152586238779891e-07,-9.210078770898151e-05
6.152593744391082e-07,-0.0001152504491711076
6.152601250002273e-07,-0.0001264424636936392
6.152603928782744e-07,-0.0001167329603001596
6.152607886938772e-07,-0.0001145778757725819
6.152611560546891e-07,-0.0001127567027516098
6.152618604623062e-07,-0.0001117475693411407
6.152627963427184e-07,-0.0001119539849849701
6.152637402957241e-07,-0.0001123043913437085
6.152647960429987e-07,-0.0001128082146910402
6.152658258191417e-07,-0.00011417219894524
6.15267059449802e-07,-0.0001164196688598156
6.152681780956467e-07,-0.0001135673437974981
6.152690821944e-07,-0.0001139307584500238
6.152698207709667e-07,-0.0001152321246904272
6.152706096247076e-07,-0.0001139030566454473
6.152712981425471e-07,-0.0001113082909637121
6.152721630723252e-07,-0.000102786809949405
6.152733425507123e-07,-9.146789815108814e-05
6.152743594570283e-07,-8.29525233324913e-05
6.152754825556129e-07,-7.790404923325921e-05
6.152767084740404e-07,-7.359640253844391e-05
6.152782249593886e-07,-7.215661980787761e-05
6.152801958608267e-07,-7.028748087044532e-05
6.152826635339062e-07,-7.196056412195383e-05
6.152849220252388e-07,-7.196037645035546e-05
6.152876736243533e-07,-7.121812979887545e-05
6.152900978724537e-07,-6.77937544953794e-05
6.15293663492381e-07,-6.695742253103557e-05
6.152969389703711e-07,-6.689145861204364e-05
6.153002735301908e-07,-6.228170711907314e-05
6.153039022086507e-07,-4.891666154493711e-05
6.153085912913656e-07,-3.32425660417431e-05
6.153109737545479e-07,-2.693717821510723e-05
6.153138771102532e-07,-2.711609963555085e-05
6.153159942538171e-07,-3.066175838323309e-05
6.153178162268155e-07,-4.334244408844672e-05
6.153197749077994e-07,-5.810327735625925e-05
6.153214906663089e-07,-5.88046915362854e-05
6.15322912336995e-07,-5.517696403632846e-05
6.153243339788245e-07,-5.623852266866215e-05
6.15326020988561e-07,-6.043013598976197e-05
6.153274849572288e-07,-2.651855690842539e-05
6.153287756966143e-07,-3.443123070125545e-06
6.153301691396443e-07,2.977126222137117e-05
6.153317301344391e-07,3.230956478526593e-05
6.153331064247978e-07,4.392052854413322e-05
6.153346898806557e-07,3.441326762974117e-05
6.15336877215821e-07,3.746547641309754e-05
6.153401063258011e-07,1.553819577980538e-05
6.153443822642432e-07,2.651651816045419e-06
6.153500182112404e-07,-3.62786195842946e-05
6.153571837745222e-07,-7.223765053392448e-05
6.153642412354846e-07,-0.0001148155900442899
6.153728912044262e-07,-0.0001411474017772002
6.153811928919762e-07,-0.0001706741781502124
6.153909685614441e-07,-0.0001764768307678392
6.15400573412271e-07,-0.000156451484179547
6.154075516732075e-07,-0.0001161902898542193
6.154142780506562e-07,-0.0001057486888375605
6.154213047658017e-07,-8.408513097598901e-05
6.154278861766854e-07,-7.906742053596049e-05
6.154347025876462e-07,-6.088731678362277e-05
6.154419520315332e-07,-5.758089558939095e-05
6.154494343514363e-07,-4.130870424391e-05
6.154574151422762e-07,-3.985497448812088e-05
6.154659339473572e-07,-2.552469560092261e-05
6.154751006378147e-07,-2.586971407521704e-05
6.154850865971352e-07,-1.361357582113609e-05
6.154925432985677e-07,-1.702708232039274e-05
6.155000000000001e-07,-7.828440509807071e-06
6.15506580290485e-07,-1.055099349646087e-05
6.155146178390889e-07,-8.259733605509021e-06
6.155227271475462e-07,-6.930159112419214e-06
6.155389457644608e-07,-4.596145582483205e-06
6.1557138299829e-07,-2.492957595885046e-06
6.156158418904077e-07,-1.392014624813447e-06
6.156736647552748e-07,-1.267108636842406e-06
6.157535679935667e-07,-1.100237383091122e-06
6.158927274853322e-07,-1.210168170788392e-06
6.161675488347028e-07,-1.069693724102068e-06
6.165393258410023e-07,-1.183442451640403e-06
6.170603237427695e-07,-1.054552054271771e-06
6.177876011846967e-07,-1.172692496050957e-06
6.188640525785811e-07,-1.047683669478947e-06
6.200000000000001e-07,-1.167934984211503e-06
6.200312500000001e-07,-1.254593759373117e-06
6.200834469393398e-07,-1.277270079605348e-06
6.201878408180194e-07,-1.500725490250852e-06
6.202268607157669e-07,-2.79326694491777e-06
6.202424862493065e-07,-3.538834022511044e-06
6.202563905762716e-07,-4.217223709856048e-06
6.202698581107915e-07,-4.787869638808917e-06
6.202740796644514e-07,-5.12486848650566e-06
6.202825227717711e-07,-6.024795664999689e-06
6.202887332768151e-07,-7.299198574837318e-06
6.202942748269754e-07,-1.014215221508299e-05
6.202968576041969e-07,-1.623945283073074e-05
6.202988472408331e-07,-2.051553401500295e-05
6.203011681183565e-07,-2.879833078438991e-05
6.203033009964196e-07,-3.313002882337818e-05
6.203062092824371e-07,-4.642045646518242e-05
6.203072813147095e-07,-5.178860402054587e-05
6.203081423621715e-07,-5.312539171044534e-05
6.203089972943186e-07,-5.334595218220573e-05
6.203102442178041e-07,-4.960636888547624e-05
6.203112832758348e-07,-4.400151200288576e-05
6.203121838284158e-07,-3.66978127290147e-05
6.203129242977261e-07,-2.989032644169015e-05
6.20313775458578e-07,-2.121666176744047e-05
6.203149784553802e-07,-1.453042036940041e-05
6.203158370495984e-07,-1.086501090770729e-05
6.203167468643308e-07,-9.33530057976177e-06
6.203178484778489e-07,-6.839532086204336e-06
6.203200517048852e-07,-5.666579137211187e-06
6.20322687232097e-07,-4.083815702205689e-06
6.203261228285173e-07,-4.55228750256294e-06
6.20330651020774e-07,-3.847544458812628e-06
6.203382032915233e-07,-5.076221601633608e-06
6.203477200690509e-07,-5.071007898469653e-06
6.203618374774727e-07,-7.251794646732228e-06
6.203847307215152e-07,-9.133297701005858e-06
6.20429029264156e-07,-1.549842682528781e-05
6.204645146320781e-07,-1.707616370214739e-05
6.20482257316039e-07,-1.711384007782972e-05
6.205e-07,-1.40986879557868e-05
6.205093124541313e-07,-1.254198752657192e-05
6.205213974704754e-07,-1.050077319695288e-05
6.205329506747865e-07,-8.713017620678828e-06
6.205560570834087e-07,-5.78448665168866e-06
6.205830456035249e-07,-3.595190736293038e-06
6.206190884467137e-07,-2.106225293521279e-06
6.206640552655023e-07,-1.438710790409369e-06
6.207335913996882e-07,-1.155914642356754e-06
6.208454126243239e-07,-1.11789433480597e-06
6.208791435982316e-07,-1.102030590098659e-06
6.209466055460471e-07,-1.114564051197274e-06
6.210507644041879e-07,-1.098803933229075e-06
6.212590821204695e-07,-1.113390453978572e-06
6.215552940480234e-07,-1.098525293659822e-06
6.221477179031313e-07,-1.11282256443424e-06
6.233325656133471e-07,-1.097722265990224e-06
6.250000000000001e-07,-1.111795732732405e-06
6.250663843156564e-07,-2.086453709467676e-06
6.251575795690549e-07,-2.180776028395692e-06
6.252015632810837e-07,-3.865347486443068e-06
6.252235551370981e-07,-3.585863477952707e-06
6.252375406200982e-07,9.802641523082841e-07
6.252563972775334e-07,1.322154218786661e-05
6.252706557987178e-07,1.656605585793884e-05
6.252769627870458e-07,1.280387507864757e-05
6.252820454358236e-07,5.120039056941028e-06
6.252864004407527e-07,-2.360064296558117e-06
6.252915040492412e-07,-5.906274488224189e-06
6.252958087554274e-07,-9.194221126798405e-06
6.252984597221774e-07,-1.863913206833571e-05
6.253016732928844e-07,-3.262537314330946e-05
6.253046472031593e-07,-4.390788257335516e-05
6.253088617583582e-07,-5.842892967649969e-05
6.253124595336838e-07,-8.341378076557986e-05
6.253144153788342e-07,-0.0001041428435075576
6.253168239091426e-07,-0.000118679261666196
6.253186412788011e-07,-0.000124623348527741
6.253211709137208e-07,-0.000121919921618164
6.253232112927306e-07,-0.0001305570421411536
6.253251190617896e-07,-9.241659431598442e-05
6.253267650239528e-07,-8.15560885574857e-05
6.25328601962258e-07,-4.154336550625236e-05
6.253304350557395e-07,-4.120431202211465e-05
6.253325109981241e-07,-1.810301930994877e-05
6.253346229603628e-07,-3.060534111485325e-05
6.253367250152486e-07,-1.625324474353444e-05
6.253385404134467e-07,-3.228441064351351e-05
6.253398287007155e-07,-2.193622772979493e-05
6.253412884448887e-07,-3.893850486790819e-05
6.253426055829299e-07,-2.72599597175127e-05
6.253442417019251e-07,-4.083906519703088e-05
6.253465067419258e-07,-2.505268010830804e-05
6.25348299854867e-07,-3.691282122131845e-05
6.25350617624418e-07,-2.167780261808078e-05
6.253533701222649e-07,-3.377148240971118e-05
6.253566750557123e-07,-1.929328832495214e-05
6.253602247636406e-07,-3.404183135742975e-05
6.253635679103434e-07,-2.189248509643085e-05
6.253670613648639e-07,-3.591210989337565e-05
6.253708634677289e-07,-2.129139887416382e-05
6.25376175450828e-07,-3.320008006699153e-05
6.2538141451603e-07,-1.820181402524103e-05
6.25386765903848e-07,-3.111017023886131e-05
6.253925955564612e-07,-1.835331146745801e-05
6.253998391219971e-07,-5.005872401042174e-05
6.254094440612804e-07,-0.0001288145810647199
6.254170424435313e-07,-0.0002487401438881127
6.254231865516489e-07,-0.0002976937715065919
6.2542996302221e-07,-0.0003366681928279757
6.254362181027442e-07,-0.0003176101611901156
6.25442354142154e-07,-0.0003018427662017662
6.254487281435525e-07,-0.0001836850218665695
6.254537905096508e-07,-0.0001133937480533438
6.254592394317937e-07,-5.051997385037437e-05
6.254653396509998e-07,-5.646038336752751e-05
6.254703078411135e-07,-3.21352851017535e-05
6.254762039827075e-07,-4.159223218295444e-05
6.254843451285818e-07,-1.638676948599594e-05
6.254935161448683e-07,-2.491974861287436e-05
6.255e-07,-5.320055525650623e-06
6.255069154608633e-07,-7.906814557001279e-06
6.255149593999532e-07,-5.447563476625097e-06
6.255228671516935e-07,-3.771541474050397e-06
6.25538682655174e-07,-2.175294095803789e-06
6.255610785615907e-07,-1.333460443400421e-06
6.255910650302961e-07,-1.20564642912891e-06
6.256310681317887e-07,-1.10808408153252e-06
6.256951438102373e-07,-1.175105924115438e-06
6.257871721421345e-07,-1.088427365916875e-06
6.259170332660944e-07,-1.157885929831337e-06
6.260991041279326e-07,-1.076945042656408e-06
6.263603244314744e-07,-1.149080040352026e-06
6.267376105860512e-07,-1.070950746856112e-06
6.272810742622784e-07,-1.144561289786028e-06
6.28063250682588e-07,-1.06792504993467e-06
6.291918528160711e-07,-1.142310668967097e-06
6.3e-07,-1.066715042790014e-06
6.3003125e-07,-6.803038739213408e-07
6.300834469393397e-07,-6.782128036870641e-07
6.301091743809204e-07,-6.847811838554214e-07
6.301606292640817e-07,-6.31164328571761e-07
6.30209605075413e-07,-1.143358870752993e-06
6.30228102275621e-07,-1.581993306522583e-06
6.302422384559646e-07,-1.784028098102563e-06
6.302589922797039e-07,-1.853813942746653e-06
6.302745530207097e-07,-1.913249217609153e-06
6.30291959282064e-07,-2.039250243869961e-06
6.302983719070662e-07,-1.977888555047308e-06
6.303060825700917e-07,-1.761610411055159e-06
6.303146304965276e-07,-1.2535431818594e-06
6.303215790193344e-07,-8.777024164399965e-07
6.303301960209834e-07,-7.225008349707142e-07
6.303378540885808e-07,-7.493126404626384e-07
6.303450633118593e-07,-6.92111651705487e-07
6.303583751345932e-07,-7.229172295360188e-07
6.303849987800611e-07,-6.790219977091045e-07
6.304352817423384e-07,-7.378645039981227e-07
6.305e-07,-7.754770170146395e-07
6.305159053628441e-07,-1.027103420909537e-06
6.305407683297153e-07,-1.099236426015357e-06
6.305639048586037e-07,-1.111563256954157e-06
6.306101779163805e-07,-1.113805377906825e-06
6.306478756374392e-07,-1.114931875238008e-06
6.307222798450763e-07,-1.11384711942604e-06
6.308710882603505e-07,-1.115328248456874e-06
6.31168705090899e-07,-1.114123962689496e-06
6.313175135061732e-07,-1.114095992965029e-06
6.316151303367217e-07,-1.082547130886977e-06
6.317778939256847e-07,-1.019501381788369e-06
6.319513298978539e-07,-8.957086091164479e-07
6.320882190138936e-07,-9.156316336453486e-07
6.32151967762935e-07,-1.690258192399563e-06
6.321767472868744e-07,-2.048759655468555e-06
6.321872957914296e-07,-2.108335121648386e-06
6.322083928005401e-07,-2.251015299066511e-06
6.322301599680028e-07,-2.442139692806127e-06
6.322362830919285e-07,-2.64304341610735e-06
6.322485293397798e-07,-4.518929689248998e-06
6.322540322770688e-07,-5.685647186219287e-06
6.322602652654284e-07,-6.985032124336993e-06
6.322654382648544e-07,-7.582626466660979e-06
6.322719704918505e-07,-7.863827374010999e-06
6.322772582537265e-07,-7.193883331072429e-06
6.322819203477042e-07,-5.09534702022593e-06
6.322852102997058e-07,-4.297149555932026e-06
6.322868484686469e-07,-3.864595216214237e-06
6.322901248065292e-07,-3.893752293121046e-06
6.32293477023392e-07,-3.567813606444299e-06
6.322990159154416e-07,-3.608511088100076e-06
6.323074885626056e-07,-2.984407655945883e-06
6.323212877037162e-07,-1.950925913858882e-06
6.323329137204541e-07,-1.086628496500047e-06
6.32338726728823e-07,-1.232896053172425e-06
6.323503527455608e-07,-9.565984357027665e-07
6.32362262236809e-07,-1.172765989523108e-06
6.323857433125295e-07,-9.377508649278054e-07
6.324241455150136e-07,-1.169810256976958e-06
6.324669437455978e-07,-9.487882533176789e-07
6.325195539800325e-07,-1.184570311396565e-06
6.325947713385931e-07,-9.690691180010122e-07
6.327412388761402e-07,-1.215237978637735e-06
6.32781113231927e-07,-9.874213543360085e-07
6.328608619435008e-07,-1.21776515167447e-06
6.329694814408972e-07,-9.888120980559084e-07
6.331515290001719e-07,-1.218275614017219e-06
6.334414170678081e-07,-9.887592084218415e-07
6.339283347520371e-07,-1.218170547695908e-06
6.344641673760185e-07,-9.886321355266622e-07
6.35e-07,-1.218050819401727e-06
6.350403078456272e-07,1.555011900548726e-06
6.351056993964401e-07,1.554525910177134e-06
6.351779121983336e-07,5.691655910403376e-07
6.35195965398807e-07,-1.135723232655613e-06
6.35223045199517e-07,-6.928007557287913e-06
6.352365850998721e-07,-1.196236509668854e-05
6.352501250002272e-07,-1.789777247857981e-05
6.352526250002272e-07,3.7161468774338e-05
6.352551621000082e-07,-2.748122863895745e-05
6.352573347894872e-07,-3.912198026074438e-06
6.352589743683052e-07,-6.621123885517343e-05
6.352601250002272e-07,-3.776737549172716e-05
6.352604021955744e-07,-7.57351717943903e-05
6.352609344111256e-07,-7.646144454197277e-05
6.352613928192666e-07,-7.654848155248208e-05
6.352621832456933e-07,-7.728132537180806e-05
6.352632854518414e-07,-7.48771059451635e-05
6.352644696995805e-07,-7.258083380229227e-05
6.352656519472067e-07,-7.057468561789455e-05
6.352668639179891e-07,-7.371753553953274e-05
6.352680997463121e-07,-7.163671412914294e-05
6.352690086086274e-07,-7.062175411452274e-05
6.352701056180619e-07,-7.197025957789377e-05
6.35270887773883e-07,-7.514260291181598e-05
6.352716310840265e-07,-7.638311755545382e-05
6.352725689472964e-07,-7.673708397077277e-05
6.352736965197742e-07,-7.455079832255552e-05
6.352747306873348e-07,-7.313261294969643e-05
6.352759135853077e-07,-7.097085563914174e-05
6.352774753736029e-07,-7.008339846962217e-05
6.352796670375202e-07,-6.918286300693153e-05
6.352820640392151e-07,-7.032554795788019e-05
6.352844320807407e-07,-7.094886690290848e-05
6.352870212074463e-07,-7.066307950138174e-05
6.352894564418899e-07,-6.859304933542051e-05
6.35292520512685e-07,-7.028087848023143e-05
6.35295642821176e-07,-7.573613251841136e-05
6.352988684565495e-07,-8.343044129054873e-05
6.35302349782127e-07,-8.523326377371313e-05
6.353065836208894e-07,-8.675693609769912e-05
6.35309431224393e-07,-8.650701370088157e-05
6.353115126871113e-07,-9.029185546505146e-05
6.353138467811127e-07,-9.442685203270888e-05
6.353159580816969e-07,-0.0001065457236818456
6.353176863685454e-07,-0.0001218454714681601
6.353196320633633e-07,-0.0001466367204512804
6.353213252462645e-07,-0.0001515085023746489
6.353227695854191e-07,-0.000152512956360298
6.353241594153683e-07,-0.0001538823917026806
6.353259003208426e-07,-0.0001644148602262878
6.353273741921151e-07,-0.000121209904823841
6.353286818267962e-07,-9.126395457309269e-05
6.353300428087166e-07,-4.468389716188582e-05
6.353316365866939e-07,-3.934850034265514e-05
6.353330071830219e-07,-2.064570220653789e-05
6.353345724115425e-07,-3.186241511301617e-05
6.35336687914608e-07,-2.209648758028269e-05
6.353398313657302e-07,-4.409403438548752e-05
6.353440391457713e-07,-4.682503627217664e-05
6.353495505595896e-07,-7.961794661351425e-05
6.353566449640543e-07,-9.459713882538565e-05
6.353645980826743e-07,-0.0001252150386778159
6.353721330838388e-07,-0.0001260781232467221
6.353802544322188e-07,-0.0001444033723191597
6.35390003073375e-07,-0.0001313563138828946
6.353990553347624e-07,-0.0001050799668029353
6.354056125708795e-07,-7.246721646030917e-05
6.354124727304919e-07,-7.363623123258298e-05
6.354184967431335e-07,-5.567013529549117e-05
6.354258085816101e-07,-5.735248251826193e-05
6.354343011128266e-07,-3.85812030098565e-05
6.354434518778077e-07,-4.015689765153204e-05
6.354540054034262e-07,-2.21436134386992e-05
6.354660073468838e-07,-2.453976230182791e-05
6.354797279705126e-07,-8.464147343631679e-06
6.354898639852563e-07,-1.482364535927385e-05
6.355e-07,-2.59423566724121e-06
6.355079008116968e-07,-7.198306305698256e-06
6.35517463767982e-07,-5.401041034810508e-06
6.355269614401708e-07,-4.519136078849529e-06
6.355459567845483e-07,-2.90297252660368e-06
6.355839474733034e-07,-1.764753620132026e-06
6.35631931895421e-07,-1.209561226805035e-06
6.356962191311248e-07,-1.266356167675539e-06
6.357876755735731e-07,-1.09553716099485e-06
6.359669775913593e-07,-1.226114547088383e-06
6.36265984238064e-07,-1.057952242298479e-06
6.366807305156247e-07,-1.198958013397347e-06
6.372537860684507e-07,-1.041497277093393e-06
6.380738451435269e-07,-1.187588085473085e-06
6.390369225717635e-07,-1.034453912070696e-06
6.4e-07,-1.183125912097843e-06
6.400312500000001e-07,-1.255453735647641e-06
6.4008344693934e-07,-1.278212571705872e-06
6.401878408180197e-07,-1.501714101305638e-06
6.402268607157672e-07,-2.794022759515998e-06
6.40242490621925e-07,-3.540110635814682e-06
6.402563928986543e-07,-4.221042505124968e-06
6.402698591603534e-07,-4.791069247109884e-06
6.402740797919361e-07,-5.127592684092702e-06
6.402825210551017e-07,-6.027273578048653e-06
6.402887306802049e-07,-7.300867450847698e-06
6.402942724741431e-07,-1.0143661995478e-05
6.40296855470223e-07,-1.624172059449802e-05
6.402988449797465e-07,-2.051848129402237e-05
6.403011658363952e-07,-2.880284086228004e-05
6.403032984518606e-07,-3.313552404656545e-05
6.403062063928107e-07,-4.642709913370223e-05
6.403072783202161e-07,-5.179535654678544e-05
6.403081392698352e-07,-5.313168597640521e-05
6.403089941158897e-07,-5.335115020901654e-05
6.403102409622038e-07,-4.961055997616432e-05
6.403112799673594e-07,-4.400539063266585e-05
6.403121804811183e-07,-3.670106899297747e-05
6.403129209016225e-07,-2.98938124136251e-05
6.403137720028267e-07,-2.121926291333395e-05
6.40314974727505e-07,-1.453356898271934e-05
6.403158333137499e-07,-1.086696572833062e-05
6.403167430301205e-07,-9.337545196597272e-06
6.403178444892512e-07,-6.841126699365956e-06
6.403200474075125e-07,-5.668370338134508e-06
6.403226827441982e-07,-4.084749327856747e-06
6.403261180121181e-07,-4.553356801336932e-06
6.403306457793816e-07,-3.847852720397234e-06
6.403381969886673e-07,-5.076581199321523e-06
6.403477109478204e-07,-5.070390630216817e-06
6.40361822852316e-07,-7.250650836871653e-06
6.403847036330864e-07,-9.129630965613406e-06
6.404290361808842e-07,-1.549845662981886e-05
6.404645180904421e-07,-1.707374550049056e-05
6.404822590452211e-07,-1.711097470357197e-05
6.405000000000001e-07,-1.409536256580437e-05
6.405093128215567e-07,-1.253908963927894e-05
6.405213973571932e-07,-1.049839553779357e-05
6.405329501863835e-07,-8.711202153144441e-06
6.405560558447641e-07,-5.78369419760464e-06
6.405830482229866e-07,-3.594920565479545e-06
6.406190967896617e-07,-2.106492355609005e-06
6.406640733747426e-07,-1.439333226048727e-06
6.40733625654548e-07,-1.156735206533082e-06
6.408454294302654e-07,-1.118732091699592e-06
6.408791782373855e-07,-1.102856058658146e-06
6.409466758516255e-07,-1.115370989998336e-06
6.410508342160661e-07,-1.099594455126031e-06
6.412591509449472e-07,-1.114152042217457e-06
6.415552571446419e-07,-1.09924803837219e-06
6.421474695440315e-07,-1.113478022281056e-06
6.433318943428106e-07,-1.098273260041707e-06
6.45e-07,-1.112243615497161e-06
6.450663967450274e-07,-2.063922596445616e-06
6.451576033812779e-07,-2.128171294878335e-06
6.452015984579073e-07,-3.456491261918684e-06
6.45223595996222e-07,-2.660089480278082e-06
6.452375817911136e-07,2.043199106683713e-06
6.452566118653886e-07,1.549043638665061e-05
6.452706810151348e-07,1.848225956497944e-05
6.452763483792433e-07,1.593732228031407e-05
6.452820490163224e-07,7.521386781088065e-06
6.452865418234811e-07,-1.742257204419199e-07
6.452917469471873e-07,-3.541483305469679e-06
6.452960605940081e-07,-8.037027762652026e-06
6.452987526150534e-07,-2.034344164389553e-05
6.453019322773271e-07,-3.704646062215945e-05
6.453049842838697e-07,-5.046644077154899e-05
6.4530892604253e-07,-6.623220851038775e-05
6.453125955490304e-07,-9.771288110756563e-05
6.453145519348966e-07,-0.0001228612730439349
6.453169085386734e-07,-0.0001394300852928377
6.453187394620221e-07,-0.0001460712817260511
6.45321295918504e-07,-0.0001429287498330893
6.45323314753764e-07,-0.0001517906018171399
6.453252223092399e-07,-0.0001022596691943422
6.453268545199793e-07,-8.854325349619926e-05
6.453287490529392e-07,-3.630714490207861e-05
6.453305826121482e-07,-3.63452656592827e-05
6.453326484779599e-07,-4.966500093155475e-06
6.453347726470422e-07,-1.882224896908478e-05
6.453373630614039e-07,3.698462436675944e-06
6.4534073522287e-07,-1.431013403423489e-05
6.453458299129438e-07,5.808157301875967e-06
6.453535939508395e-07,-1.349247367691129e-05
6.453639170436978e-07,6.025858298693045e-06
6.453788759253414e-07,-1.342893651434158e-05
6.454052872198166e-07,6.04994214531759e-06
6.45458109808767e-07,-1.342064551602456e-05
6.455e-07,6.055190409234434e-06
6.455120916317239e-07,-1.209825913365331e-06
6.455335802005912e-07,-1.206229443662416e-06
6.455527199668536e-07,-1.141894005350092e-06
6.455909994993784e-07,-1.155042047550368e-06
6.456332638345809e-07,-1.115348202145949e-06
6.456970662478158e-07,-1.133407772331638e-06
6.457882647384241e-07,-1.103301998578708e-06
6.459188337842283e-07,-1.122890559832275e-06
6.461027968116053e-07,-1.097719040212459e-06
6.463654891888013e-07,-1.118085658829804e-06
6.467438234764235e-07,-1.095112621918971e-06
6.472892692985316e-07,-1.1157837853902e-06
6.480755031347617e-07,-1.093827577347248e-06
6.492097031723138e-07,-1.114625521854121e-06
6.5e-07,-1.093323614663968e-06
6.5003125e-07,-6.82672557756819e-07
6.500834469393398e-07,-6.818092303592221e-07
6.501088190834946e-07,-6.881348049258283e-07
6.501595633718044e-07,-6.331130346181113e-07
6.502089404798311e-07,-1.126949174858386e-06
6.502277759752268e-07,-1.574849751988216e-06
6.502419682608238e-07,-1.783240708587854e-06
6.502588931659691e-07,-1.85371015815242e-06
6.502743526359615e-07,-1.912397158003501e-06
6.502920642180087e-07,-2.038771713208033e-06
6.502983897259702e-07,-1.978188512387634e-06
6.503061780435256e-07,-1.759222749606786e-06
6.503147286706601e-07,-1.245915517012897e-06
6.503216654101655e-07,-8.76053742656097e-07
6.503303484916189e-07,-7.216038460781233e-07
6.503379507019528e-07,-7.495627270713879e-07
6.503452016689953e-07,-6.920181195296454e-07
6.503586033518626e-07,-7.232025253723096e-07
6.503854067175972e-07,-6.7914334541561e-07
6.504353787918496e-07,-7.380859206663603e-07
6.505000000000001e-07,-7.738890149051447e-07
6.505160254822162e-07,-1.025844460406234e-06
6.505408725835239e-07,-1.098234344067028e-06
6.505640118457329e-07,-1.110998734689384e-06
6.506102903701509e-07,-1.113238100123704e-06
6.506481181538125e-07,-1.114538140206885e-06
6.507224965411232e-07,-1.113308056428516e-06
6.508712533157447e-07,-1.114972762445179e-06
6.511687668649875e-07,-1.113347064933067e-06
6.513175236396089e-07,-1.112386707271279e-06
6.515247526987291e-07,-1.091228555759437e-06
6.516732023879257e-07,-1.045860403270283e-06
6.518391576376334e-07,-9.357105614901416e-07
6.519727074411582e-07,-8.594248066232504e-07
6.520162481636824e-07,-8.698035063905331e-07
6.521033296087307e-07,-1.807437292811838e-06
6.521224296863097e-07,-2.034505785792465e-06
6.521319797250993e-07,-2.097142448646258e-06
6.521510798026785e-07,-2.213286771096289e-06
6.521733649032601e-07,-2.39697207684758e-06
6.521948453456682e-07,-4.226199160221895e-06
6.522008711592051e-07,-5.656066827008905e-06
6.522060249477412e-07,-6.586467824980763e-06
6.522111990815623e-07,-7.518382357215615e-06
6.522182662974749e-07,-7.770382927425856e-06
6.52223630188881e-07,-7.50540025153653e-06
6.522269545922725e-07,-6.055991502392178e-06
6.522303716739717e-07,-4.835437835331845e-06
6.522340531314412e-07,-3.809769914617005e-06
6.522376460304757e-07,-3.902851823008433e-06
6.522410915697148e-07,-3.547121149860194e-06
6.522455981081136e-07,-3.635259468529023e-06
6.522546111849111e-07,-2.995824571187039e-06
6.522678904886573e-07,-2.013366023769705e-06
6.522795951653769e-07,-1.101301016784875e-06
6.522854475037368e-07,-1.237690259366433e-06
6.522971521804565e-07,-9.581405511112241e-07
6.523088261560272e-07,-1.171902801032954e-06
6.523314178811474e-07,-9.387698873191389e-07
6.523698790267202e-07,-1.168179509562689e-06
6.524121947303964e-07,-9.495402452191626e-07
6.524641721478762e-07,-1.182738313950902e-06
6.525371125870069e-07,-9.694090594762745e-07
6.526800703121369e-07,-1.21318861569256e-06
6.527209595047044e-07,-9.8837791220148e-07
6.528027378898394e-07,-1.216165182139565e-06
6.529108450926358e-07,-9.900588510692985e-07
6.530849760716261e-07,-1.216774494736141e-06
6.533594829440671e-07,-9.9003945548259e-07
6.538094916786835e-07,-1.216709307603674e-06
6.544047458393417e-07,-9.899616135547897e-07
6.55e-07,-1.216622460524541e-06
6.550420810663948e-07,1.284048001183722e-06
6.5510937662524e-07,1.246179121684303e-06
6.551797508127336e-07,3.702705071596156e-07
6.55197344359607e-07,-1.192267271186467e-06
6.552237346799172e-07,-6.345223861536669e-06
6.552369298400721e-07,-1.101174084261402e-05
6.552501250002272e-07,-1.65019066613527e-05
6.552526250002272e-07,-4.106071496425046e-06
6.552551240675019e-07,-6.308048829096774e-05
6.552564333447831e-07,-0.0002025281362812025
6.552574729217535e-07,-0.0002345650614826941
6.552585114697697e-07,-0.0003649790593200606
6.552593182349984e-07,-0.0003739707108651212
6.552601250002272e-07,-0.0004925206346406029
6.552603984281013e-07,-0.0003901005690564723
6.552608108671862e-07,-0.0003718588923328354
6.552611923046202e-07,-0.0003615414252513417
6.552619551794881e-07,-0.0003325768239726845
6.552627262635722e-07,-0.0003003773985983111
6.552635017107496e-07,-0.000270748862100352
6.552644107838253e-07,-0.0002540303037194844
6.55265395191073e-07,-0.000249914280635945
6.552663117648539e-07,-0.0002476194674369431
6.55267338627429e-07,-0.0002390234727659788
6.55268699638088e-07,-0.0002361301911802799
6.552699499622518e-07,-0.0002657970054880951
6.552711184357606e-07,-0.0002335843171613663
6.552722181169084e-07,-0.0002383578391339936
6.552733089307061e-07,-0.0001954366178596185
6.552741838664887e-07,-0.0002061535880880979
6.552753931783959e-07,-0.0001690695928946133
6.552766485063023e-07,-0.0001824346428977522
6.552781686432897e-07,-0.0001516587260190226
6.55279904072359e-07,-0.0001685790872523492
6.552822551428032e-07,-0.0001395811964457824
6.552856255189621e-07,-0.0001554015153674007
6.55289243213287e-07,-0.0001342503648930104
6.552928702322523e-07,-0.0001681242327563097
6.552966296630725e-07,-0.0001547042284834607
6.553003225140028e-07,-0.000181480305028975
6.553059777982961e-07,-0.0001555546217463409
6.553113628914177e-07,-0.000173810517959123
6.55316843500813e-07,-0.0001514393892294766
6.553226267482681e-07,-0.0001795177745968953
6.553300255507507e-07,-0.0002439565204292567
6.553366552253245e-07,-0.000555452650561374
6.55342569105509e-07,-0.0009508061494562009
6.553484620374447e-07,-0.001481517082055508
6.553520030399556e-07,-0.001677932688951508
6.553554795874991e-07,-0.001884329027937135
6.55359876818298e-07,-0.001949559847257517
6.553634387681483e-07,-0.002006657241973177
6.553671235844218e-07,-0.001928569973668971
6.553714874349443e-07,-0.001861124670137966
6.553755337220998e-07,-0.001634127763926298
6.553799524506179e-07,-0.001365244759577204
6.553846318140633e-07,-0.0009622584182637436
6.553896615470428e-07,-0.0006526323504825713
6.553941733636723e-07,-0.00037385327724143
6.553992206247314e-07,-0.0001897650651067721
6.554044346713108e-07,6.342013392342006e-06
6.554096168356491e-07,9.402369028930916e-05
6.554145558052438e-07,0.0002036371438194659
6.554197769448934e-07,0.000230550393770428
6.554244215528698e-07,0.0002893910456902698
6.554290724435667e-07,0.0002743104375831044
6.554333499370365e-07,0.0003045371394844685
6.554374594969554e-07,0.0002697405413200407
6.554412820330478e-07,0.0002879469892712419
6.554449500720947e-07,0.000246177012976484
6.554484225245309e-07,0.0002614405323025439
6.554518191253419e-07,0.0002175291619234571
6.55455155168273e-07,0.0002331638920220728
6.554585466373941e-07,0.0001879446033658005
6.554620959879462e-07,0.0002042686128132917
6.554660166330774e-07,0.0001566770348407127
6.554706339794953e-07,0.0001714712334465373
6.554758706824532e-07,0.0001205919780765316
6.554819569442834e-07,0.000134640143225758
6.554891101687047e-07,8.209363100432456e-05
6.554945550843524e-07,0.0001028339753933056
6.555e-07,5.79373742395426e-05
6.555064330964389e-07,6.293202470732287e-05
6.555126572319856e-07,5.373587548806392e-05
6.555198366052678e-07,4.42787283227858e-05
6.555316177675425e-07,3.225813899625955e-05
6.55554300070102e-07,1.688822308576835e-05
6.555984887965133e-07,3.635198426043883e-06
6.55643918857119e-07,-2.235401629133618e-09
6.557098418772983e-07,-1.063898885456841e-06
6.5579051430195e-07,-1.175943271465277e-06
6.559518591512534e-07,-1.129533064114192e-06
6.561885707898084e-07,-1.141449622142081e-06
6.56619147819527e-07,-1.110475714464281e-06
6.57188773083607e-07,-1.123302444755614e-06
6.580066645705e-07,-1.101574237157865e-06
6.591698165924232e-07,-1.115631639965654e-06
6.6e-07,-1.098537940008747e-06
6.600312500000001e-07,-1.264974295503664e-06
6.6008344693934e-07,-1.28335918851963e-06
6.601878408180197e-07,-1.494947527196895e-06
6.602268607157673e-07,-2.799253092805827e-06
6.602424625543585e-07,-3.550422288980161e-06
6.602563786112014e-07,-4.256130103904749e-06
6.602698534313515e-07,-4.882540465164752e-06
6.602740798795316e-07,-5.243788460044547e-06
6.602825327758919e-07,-6.209540198260765e-06
6.602887422932094e-07,-7.54737077735374e-06
6.602942856355313e-07,-1.047450008350422e-05
6.60296862902726e-07,-1.66103391057748e-05
6.602988519901525e-07,-2.091691175195617e-05
6.603011696179543e-07,-2.923214794791655e-05
6.603033043395009e-07,-3.359351202205429e-05
6.603062123109725e-07,-4.697195780635535e-05
6.603072834186039e-07,-5.231242215294227e-05
6.603081461495232e-07,-5.366422608286501e-05
6.603090015181033e-07,-5.386252453496254e-05
6.603102472576138e-07,-5.01300276448589e-05
6.603112851755145e-07,-4.451301138816375e-05
6.603121836590441e-07,-3.724023632117823e-05
6.603129238638743e-07,-3.042065264797048e-05
6.60313776041881e-07,-2.178437844005193e-05
6.60314990459024e-07,-1.506641111548291e-05
6.603158478331544e-07,-1.14706909225119e-05
6.603167603202898e-07,-9.945549809498146e-06
6.603178659065514e-07,-7.502628846503137e-06
6.603200770790745e-07,-6.361574654291165e-06
6.60322719421039e-07,-4.862956138352626e-06
6.60326169270655e-07,-5.381321884752027e-06
6.603307209616154e-07,-4.797077667215042e-06
6.603383323838591e-07,-6.166706998890847e-06
6.603478825685376e-07,-6.388064068544648e-06
6.603620950646535e-07,-8.832329905018547e-06
6.603851568048474e-07,-1.110253569027856e-05
6.604296948619114e-07,-1.750826049014264e-05
6.604648474309557e-07,-1.758897446348775e-05
6.604824237154779e-07,-1.615475889417988e-05
6.605000000000001e-07,-1.193863088928679e-05
6.605093007254327e-07,-1.013138986509994e-05
6.605213281689266e-07,-7.934679205487782e-06
6.605328327757382e-07,-6.305215969099715e-06
6.605558419893616e-07,-4.028364005890059e-06
6.605828107001272e-07,-2.593447463165738e-06
6.606187874738757e-07,-1.716994352371218e-06
6.606636586369698e-07,-1.336890142811485e-06
6.607329382681336e-07,-1.157557847844783e-06
6.608444486596779e-07,-1.115051822176433e-06
6.608783784798819e-07,-1.103203643698054e-06
6.609462381202898e-07,-1.112409608435933e-06
6.610502479043938e-07,-1.099185379850838e-06
6.612582674726017e-07,-1.111517257699114e-06
6.615519484228149e-07,-1.098751967731833e-06
6.621393103232415e-07,-1.111024310356116e-06
6.633140341240946e-07,-1.097888845327878e-06
6.65e-07,-1.109991424782443e-06
6.650667265978891e-07,-2.174822566232216e-06
6.651582350553116e-07,-2.393501227042884e-06
6.652025319457874e-07,-5.474575912886413e-06
6.652243235711571e-07,-6.090793380722113e-06
6.652383830851456e-07,-1.485173465978055e-06
6.652570260919948e-07,1.236805872706351e-05
6.652713265197692e-07,1.682067486263815e-05
6.652932403344099e-07,-5.183347394694862e-06
6.65311983147364e-07,-2.025269439678317e-05
6.653155258150749e-07,-2.677546159655715e-05
6.653226111504968e-07,-4.030265533835194e-05
6.653279921089145e-07,-5.21053208700728e-05
6.653307745774035e-07,-5.708630137155036e-05
6.653328239693056e-07,-6.71301658035898e-05
6.653345619713699e-07,-7.380744618130781e-05
6.653367371008655e-07,-8.840321457689145e-05
6.653385147678744e-07,-9.359150617094525e-05
6.65340723429373e-07,-9.898822688460951e-05
6.653419905754655e-07,-9.371815788295096e-05
6.653432722764396e-07,-8.284233983807725e-05
6.653446843936413e-07,-6.600014186930502e-05
6.653463075330932e-07,-5.09448202131044e-05
6.653480167882766e-07,-3.88665729750235e-05
6.653497769161847e-07,-3.351774117110142e-05
6.65351976650176e-07,-2.896487013841728e-05
6.653548031583007e-07,-2.725499618928206e-05
6.653583658648825e-07,-2.336602155578225e-05
6.653635159020392e-07,-1.877473882126799e-05
6.653727415304766e-07,-9.594938917516786e-06
6.653847067450383e-07,-6.040365661643784e-06
6.65394576221418e-07,-4.670684303320654e-06
6.654054950337668e-07,-5.384438266404129e-06
6.654197466936099e-07,-4.544817333535322e-06
6.654481591898819e-07,-5.382341062241037e-06
6.65474079594941e-07,-4.561427667535884e-06
6.655e-07,-5.395223067131058e-06
6.655138269173995e-07,-1.377826813882342e-06
6.655303268385154e-07,-1.050075720239669e-06
6.655459966926428e-07,-1.110799640659374e-06
6.655773364008975e-07,-1.102239071160605e-06
6.656263797755078e-07,-1.101904689738641e-06
6.657244665247284e-07,-1.106042730207765e-06
6.659206400231696e-07,-1.100453236891667e-06
6.66312987020052e-07,-1.106509973628722e-06
6.670976810138168e-07,-1.099962694175792e-06
6.686670690013464e-07,-1.106259837152641e-06
6.7e-07,-1.099473419286292e-06
6.7003125e-07,-6.009598352616336e-07
6.700834469393398e-07,-5.618233609549512e-07
6.701095454090097e-07,-5.816929066044505e-07
6.701617423483496e-07,-6.086730926863084e-07
6.702108413835302e-07,-1.190510811850743e-06
6.702290314108291e-07,-1.604157965088179e-06
6.702431109848906e-07,-1.776924377989668e-06
6.702595567314608e-07,-1.844596083715636e-06
6.702754641436642e-07,-1.90297958201782e-06
6.702949752310262e-07,-2.01344343755129e-06
6.703013728093636e-07,-1.883743559480416e-06
6.703084569495544e-07,-1.665177128416069e-06
6.703166371852447e-07,-1.079090240772209e-06
6.703233391883679e-07,-8.275509953362817e-07
6.703263032149646e-07,-7.324025945384391e-07
6.703322312681579e-07,-7.572940109897748e-07
6.703383961783058e-07,-6.810472775887023e-07
6.703507259986017e-07,-7.196389830397708e-07
6.703753856391934e-07,-6.539598092001789e-07
6.704233585259504e-07,-7.226204372977411e-07
6.705000000000001e-07,-7.423845460542398e-07
6.705168942441884e-07,-1.02925097599578e-06
6.705437064041687e-07,-1.109965130044615e-06
6.705691093255877e-07,-1.116357728714235e-06
6.706199151684256e-07,-1.119422875272388e-06
6.706593466744623e-07,-1.119515393876288e-06
6.707382096865356e-07,-1.118801813704202e-06
6.708959357106821e-07,-1.119815010092803e-06
6.712113877589752e-07,-1.118022511452904e-06
6.713691137831218e-07,-1.114610781701436e-06
6.715400280135147e-07,-1.093101301670533e-06
6.716815997079956e-07,-1.04511177544991e-06
6.718371394041619e-07,-9.393983645558606e-07
6.719690752045646e-07,-8.635981422869067e-07
6.720134436802342e-07,-8.689036048487322e-07
6.721021806315733e-07,-1.792330516247308e-06
6.721217921599041e-07,-2.032837596560332e-06
6.721315979240695e-07,-2.099231111838961e-06
6.721512094524002e-07,-2.21935001828204e-06
6.721733829037287e-07,-2.401175445313455e-06
6.721950249647504e-07,-4.308302640329566e-06
6.722011159549532e-07,-5.748754752523699e-06
6.722063836604073e-07,-6.691764950822666e-06
6.722116056460087e-07,-7.579239529718737e-06
6.72218262065027e-07,-7.76493471739167e-06
6.722236047296765e-07,-7.45811701937958e-06
6.722269110225475e-07,-5.95672446783875e-06
6.722302720665088e-07,-4.79877322172541e-06
6.722341040466542e-07,-3.767533850718385e-06
6.722376429664885e-07,-3.910436124510346e-06
6.722411302532582e-07,-3.525094736885204e-06
6.722457403718602e-07,-3.637584184436332e-06
6.722549606090641e-07,-2.941658296819902e-06
6.722680464493777e-07,-1.987977732480966e-06
6.722798002864859e-07,-1.070570076364866e-06
6.7228567720504e-07,-1.246985101400209e-06
6.722974310421483e-07,-9.390931699291578e-07
6.723093050359752e-07,-1.186408944950256e-06
6.723326708610138e-07,-9.207805312837809e-07
6.723712199772688e-07,-1.183606758363441e-06
6.724138832188217e-07,-9.320832382223109e-07
6.724662904848683e-07,-1.198431676910189e-06
6.725408633799589e-07,-9.524803010754537e-07
6.726871292148491e-07,-1.229296034569045e-06
6.72727017081433e-07,-9.711560727451417e-07
6.728067928146008e-07,-1.231850934294427e-06
6.729152155537906e-07,-9.726209623555087e-07
6.730965201101054e-07,-1.232381828265389e-06
6.733851728765468e-07,-9.726111786046105e-07
6.738691087604076e-07,-1.232320079965229e-06
6.744345543802038e-07,-9.725436903441318e-07
6.75e-07,-1.232245173732196e-06
6.750412010788766e-07,2.646535061982916e-06
6.751075551598398e-07,2.774524073998168e-06
6.751788400800335e-07,8.902260689025958e-07
6.75196661310082e-07,-1.777423538176895e-06
6.752055719251062e-07,-3.987308337098254e-06
6.752233931551546e-07,-1.060798526205214e-05
6.752447776904941e-07,-2.180428309142941e-05
6.752501250002273e-07,-2.511144839426711e-05
6.752526250002272e-07,2.940170622915984e-05
6.752540057661726e-07,-2.794089695659053e-05
6.7525536162943e-07,1.409157094210452e-05
6.752570498144981e-07,-6.062179970932494e-05
6.752583875680529e-07,-1.801413474521845e-05
6.752592562841401e-07,-8.420107261141276e-05
6.752601250002272e-07,-4.095732665699684e-05
6.752604493414375e-07,-8.459083687226632e-05
6.752608884507573e-07,-8.514434856790121e-05
6.752612946575443e-07,-8.502316366654186e-05
6.75262018209363e-07,-8.576163738013541e-05
6.752631148289093e-07,-8.35123910109074e-05
6.752642763813259e-07,-8.101560250160028e-05
6.75265468739848e-07,-7.875974351491676e-05
6.752666630737518e-07,-8.165826358902957e-05
6.752678965927695e-07,-7.993198425693644e-05
6.752693688839674e-07,-7.562835651570962e-05
6.75270843626206e-07,-6.830375440820526e-05
6.752729215689577e-07,-6.126814662275223e-05
6.752745690789336e-07,-5.739842617123956e-05
6.752764323617892e-07,-5.672914428208891e-05
6.75278364059417e-07,-5.711928416505311e-05
6.75280441084031e-07,-5.879908514335618e-05
6.752819291952397e-07,-5.787439026160361e-05
6.752835007104534e-07,-6.187442654455454e-05
6.752847784907524e-07,-6.832021239881397e-05
6.752858414851642e-07,-7.390066489762374e-05
6.752872272469936e-07,-7.700322829572519e-05
6.752885809676481e-07,-8.013037629522631e-05
6.752900926475785e-07,-8.198082035498593e-05
6.752920613027454e-07,-8.692934869436969e-05
6.752944312287678e-07,-9.383580187849561e-05
6.752968614881997e-07,-0.0001061242867128081
6.752999743473952e-07,-0.0001185714618863049
6.753026224372663e-07,-0.0001266253880789655
6.753051724314785e-07,-0.0001306917438328694
6.75308290254105e-07,-0.0001393327957783753
6.753114582032818e-07,-0.0001523082997383968
6.753138853813619e-07,-0.0001640373387465491
6.753161428867253e-07,-0.0001666469193537929
6.753188273373435e-07,-0.000169384540853586
6.753207706582655e-07,-0.0001603638624802977
6.753221969898437e-07,-0.0001495261941018464
6.753235724658968e-07,-0.0001333084147202568
6.753245798500179e-07,-0.0001227426693719051
6.753261195334856e-07,-0.0001050790572659235
6.753275815087406e-07,-9.234592859736209e-05
6.753292630457628e-07,-7.730282959052654e-05
6.753313565513289e-07,-6.355269023006952e-05
6.75334348490868e-07,-4.543125770771366e-05
6.753378698823216e-07,-3.479329108185617e-05
6.753420012002353e-07,-3.414795290929808e-05
6.753463635624873e-07,-4.209395264385333e-05
6.75350010546262e-07,-4.647491956559145e-05
6.753559904393654e-07,-4.798633664585118e-05
6.753613279792583e-07,-4.273370332960404e-05
6.753668214113011e-07,-3.655954222358413e-05
6.753727345928806e-07,-2.869426315018043e-05
6.753802310384166e-07,-2.117564032449395e-05
6.753901410572563e-07,-1.258077358031454e-05
6.754041445311018e-07,-6.356627026563317e-06
6.754208233882328e-07,-2.126703482926854e-06
6.754393069604729e-07,-1.229113520931683e-06
6.754614675166015e-07,-1.30825078512443e-07
6.754807337583008e-07,-5.645624863201227e-07
6.755e-07,5.24598672601445e-08
6.755119207334887e-07,-1.411185785542812e-06
6.755258592306712e-07,-1.085108497109842e-06
6.755392887432811e-07,-1.248250943034657e-06
6.755661477685008e-07,-1.11092124054353e-06
6.756198658189401e-07,-1.19272899937477e-06
6.757273019198189e-07,-1.086420222635768e-06
6.759052351629049e-07,-1.164069058198484e-06
6.761439859344142e-07,-1.073083444508187e-06
6.764728872965206e-07,-1.152149345871345e-06
6.769440440768338e-07,-1.06767340785407e-06
6.776421631501116e-07,-1.146470778518135e-06
6.786558200187454e-07,-1.064913136338586e-06
6.800000000000001e-07,-1.143779202004092e-06
6.800312500000001e-07,-1.266860818155457e-06
6.8008344693934e-07,-1.278085220231735e-06
6.801878408180197e-07,-1.49553511309739e-06
6.802268607157673e-07,-2.794362337365988e-06
6.802424826066608e-07,-3.550933149351982e-06
6.802563886848489e-07,-4.258587061063087e-06
6.802698572979287e-07,-4.880051282869241e-06
6.802740795608473e-07,-5.24108148002224e-06
6.802825240866844e-07,-6.206266216659365e-06
6.802887334379739e-07,-7.542888526775509e-06
6.80294275834927e-07,-1.045908364303266e-05
6.802968570869959e-07,-1.659332583137376e-05
6.802988464154635e-07,-2.089900189607514e-05
6.803011662224285e-07,-2.921659023668489e-05
6.803032994180238e-07,-3.358082155755747e-05
6.803062072389161e-07,-4.693010928666021e-05
6.803072788597654e-07,-5.230097605248119e-05
6.80308140348141e-07,-5.365068180759933e-05
6.803089953281652e-07,-5.387212954143071e-05
6.803102417818204e-07,-5.014760806010778e-05
6.803112804167074e-07,-4.45497132872715e-05
6.803121802572542e-07,-3.726634211518318e-05
6.803129205882708e-07,-3.046297677505504e-05
6.803137720152929e-07,-2.181109759109266e-05
6.803149783603301e-07,-1.512914028829938e-05
6.803158365460894e-07,-1.149596962391272e-05
6.803167471115517e-07,-9.978477963883378e-06
6.80317849830154e-07,-7.513458830473851e-06
6.803200552673586e-07,-6.378526654578153e-06
6.803226927607975e-07,-4.857006370657779e-06
6.803261325528306e-07,-5.38743516929993e-06
6.803306677823626e-07,-4.783779178056232e-06
6.803382377593695e-07,-6.16398423958217e-06
6.803477621748096e-07,-6.364954701116295e-06
6.803619039637693e-07,-8.81468493474505e-06
6.803848376297966e-07,-1.104930081333346e-05
6.804292474773514e-07,-1.74705844923627e-05
6.804646237386758e-07,-1.759624903708874e-05
6.80482311869338e-07,-1.618326981034403e-05
6.805000000000001e-07,-1.193107855723704e-05
6.80509309025916e-07,-1.012980117227368e-05
6.805213752823315e-07,-7.926377951922827e-06
6.805329126773024e-07,-6.294064941021704e-06
6.805559874672443e-07,-4.016019234305705e-06
6.805829723656549e-07,-2.585884108696313e-06
6.806189942236676e-07,-1.712099441085164e-06
6.806639309265787e-07,-1.33377045436527e-06
6.807333964920697e-07,-1.155121249149693e-06
6.808450879634581e-07,-1.11317043646314e-06
6.808789061432446e-07,-1.101280658359558e-06
6.809465425028177e-07,-1.110623707860398e-06
6.810506473536227e-07,-1.097384716174276e-06
6.812588570552329e-07,-1.109862501483754e-06
6.815540580070655e-07,-1.097136395507492e-06
6.821444599107307e-07,-1.10965813669348e-06
6.833252637180611e-07,-1.096735601043869e-06
6.85e-07,-1.109181472937883e-06
6.850665193941457e-07,-2.157595307257125e-06
6.851578383147398e-07,-2.341254794293015e-06
6.852019455656771e-07,-4.997289940909133e-06
6.852238174596331e-07,-5.424779390850341e-06
6.852378056541351e-07,-5.322074680794005e-07
6.852565735803506e-07,1.361030028808605e-05
6.852708692516126e-07,1.893347802496747e-05
6.852771193430837e-07,1.625270944821849e-05
6.852821776843253e-07,8.642342829899258e-06
6.852865337917041e-07,3.888370846188304e-07
6.852915990454678e-07,-3.592172785023304e-06
6.852959020306331e-07,-5.287095164986641e-06
6.85298563170681e-07,-9.345678195626785e-06
6.853017540297515e-07,-1.290178696750594e-05
6.853047511248305e-07,-1.762103714400955e-05
6.853088540230306e-07,-2.3049885699119e-05
6.853124690908497e-07,-3.452745013984055e-05
6.853144279729036e-07,-4.211754183795442e-05
6.853168324316656e-07,-5.146159720534784e-05
6.85318651967209e-07,-5.613984182912954e-05
6.853211834328643e-07,-6.20338742269766e-05
6.853225108429826e-07,-6.681882758291494e-05
6.853235363658828e-07,-6.509598643434289e-05
6.853245723159039e-07,-6.549258484690328e-05
6.853253076344404e-07,-6.446464937395536e-05
6.853261401427123e-07,-7.033832568904663e-05
6.853268883323604e-07,-7.268461604424495e-05
6.853278617057919e-07,-7.712798035945194e-05
6.853292588107258e-07,-7.634368414431861e-05
6.853303732290774e-07,-7.794225963276755e-05
6.853316782577125e-07,-7.647441676096107e-05
6.853332965472067e-07,-7.948628385507629e-05
6.853355435063315e-07,-8.253239497577243e-05
6.85337912501672e-07,-8.895922121820928e-05
6.8534099699251e-07,-8.697908230681637e-05
6.853437004457216e-07,-7.493929595310311e-05
6.85346236446321e-07,-5.617978470702529e-05
6.85349373303904e-07,-4.574051913287675e-05
6.853525335681627e-07,-3.980993762831392e-05
6.853554284054043e-07,-3.930083336570935e-05
6.853590104002153e-07,-3.413216589266819e-05
6.853637559427604e-07,-3.192452739771914e-05
6.853701325457423e-07,-2.488806261127037e-05
6.853795703827052e-07,-2.721795491458062e-05
6.853891156644968e-07,-5.18397161072379e-05
6.853993941156339e-07,-0.0001019556384256308
6.854078919700905e-07,-0.000124871194471768
6.85415716799044e-07,-0.0001475677121999731
6.854241172232361e-07,-0.0001435804038687813
6.854316406334286e-07,-0.0001486707968420353
6.854405713773475e-07,-0.0001326728157218653
6.854506311220837e-07,-0.0001048372369669969
6.854577629226482e-07,-5.378779379201968e-05
6.854649745735519e-07,-4.870293029653457e-05
6.854727567903522e-07,-3.509106210380497e-05
6.854788876226391e-07,-4.008098257485648e-05
6.854865376532059e-07,-2.763634351941714e-05
6.854944655726045e-07,-3.20247854702414e-05
6.855e-07,-2.106150785685045e-05
6.855058824209103e-07,-1.943725621122638e-05
6.855131261994204e-07,-1.61415118943815e-05
6.855202835572834e-07,-1.34058149740956e-05
6.855345982730096e-07,-9.189100950221686e-06
6.855601196603779e-07,-4.557747199350357e-06
6.855873266445328e-07,-2.440520092598906e-06
6.856184886273296e-07,-1.514730868169182e-06
6.856545175356289e-07,-1.223993942323031e-06
6.85703583836534e-07,-1.132300771586475e-06
6.857748322211936e-07,-1.12742894682914e-06
6.858975059735877e-07,-1.114498331755912e-06
6.860845607160706e-07,-1.117511846423359e-06
6.863447878606259e-07,-1.105561743004956e-06
6.867084440473624e-07,-1.112111387791789e-06
6.872317009972695e-07,-1.101342534552394e-06
6.879955476738159e-07,-1.109337607612547e-06
6.891006809107427e-07,-1.099209205856342e-06
6.900000000000001e-07,-1.108187685547122e-06
6.900461621628393e-07,-5.959569426024837e-07
6.901138643121256e-07,-5.81578946533526e-07
6.901417982413418e-07,-5.880100811341787e-07
6.901976660997742e-07,-8.888356710292181e-07
6.902237150743045e-07,-1.487943443340884e-06
6.902393097258261e-07,-1.753938114208842e-06
6.902592199529898e-07,-1.844195492727725e-06
6.902741619618181e-07,-1.895993737652781e-06
6.902927421315871e-07,-2.024020670457879e-06
6.902988242985827e-07,-1.952048571684232e-06
6.903067239575778e-07,-1.724625115947177e-06
6.903151662522415e-07,-1.201785387386883e-06
6.90322115867336e-07,-8.460834677998512e-07
6.903310402391068e-07,-7.073350917991514e-07
6.9033839175928e-07,-7.290255878100093e-07
6.903458384973043e-07,-6.806721085992892e-07
6.903597388957739e-07,-7.029012801590094e-07
6.903868168253648e-07,-6.683095920206646e-07
6.904371965211732e-07,-7.183838162594177e-07
6.905000000000001e-07,-7.596465675451334e-07
6.905160435595474e-07,-1.027913283823691e-06
6.905406165271672e-07,-1.106097536236624e-06
6.9056343088969e-07,-1.115604558346454e-06
6.906090596147355e-07,-1.119591839195493e-06
6.906467746981362e-07,-1.119841102825187e-06
6.907204545977021e-07,-1.119240425460793e-06
6.908662440744541e-07,-1.120153294708659e-06
6.91157823027958e-07,-1.118413158282258e-06
6.913036125047099e-07,-1.115613413162326e-06
6.914891221656266e-07,-1.093131278350436e-06
6.916350003414636e-07,-1.042564040401587e-06
6.917922302192914e-07,-9.359110809957866e-07
6.919252831254451e-07,-8.615832787194471e-07
6.919706202063796e-07,-8.833520842009539e-07
6.920612943682487e-07,-2.024962028588421e-06
6.920776304707854e-07,-2.110801051750336e-06
6.920857985220538e-07,-2.14926931133391e-06
6.921021346245905e-07,-2.24814793976872e-06
6.921217981825772e-07,-2.411780831486992e-06
6.921330064199469e-07,-2.816114787976619e-06
6.921386778449278e-07,-3.680434371157603e-06
6.921435913591198e-07,-4.630263406186317e-06
6.92150182540422e-07,-6.170181217145489e-06
6.921550447217573e-07,-6.960978779745603e-06
6.921616186440454e-07,-7.788705930867932e-06
6.921675573799263e-07,-7.697913007543349e-06
6.921730164652454e-07,-6.811092517851015e-06
6.921771961567659e-07,-4.683821271719879e-06
6.921805741948616e-07,-4.168509899316518e-06
6.921838751436642e-07,-3.640015946862205e-06
6.921872424173579e-07,-3.847342573589434e-06
6.921914042626215e-07,-3.404467071687059e-06
6.921991020628541e-07,-3.416228545584098e-06
6.922139122384195e-07,-1.89472973700828e-06
6.922255429664489e-07,-1.429257665277887e-06
6.922370126100307e-07,-9.189995644874142e-07
6.922497370411756e-07,-1.234610224213915e-06
6.922623805211167e-07,-8.891237087213565e-07
6.922853155678345e-07,-1.216354536255773e-06
6.923242114372729e-07,-8.9108117948156e-07
6.923682746797395e-07,-1.227226660781961e-06
6.924246766086418e-07,-9.070397261418392e-07
6.925064454350324e-07,-1.248624595248835e-06
6.926649871319068e-07,-9.379544810766508e-07
6.927022905423809e-07,-1.265334793193753e-06
6.927768973633291e-07,-9.395019779703371e-07
6.928872093358667e-07,-1.26582773960855e-06
6.931077390722291e-07,-9.398062487693863e-07
6.934846223245776e-07,-1.26574256318761e-06
6.941984530110043e-07,-9.396970084574198e-07
6.95e-07,-1.265568724728349e-06
6.950477284766932e-07,2.385245676318655e-06
6.951209176702369e-07,2.434748761839392e-06
6.951485362511264e-07,2.161830847694487e-06
6.951993306256768e-07,-2.276573211094799e-06
6.952120292193145e-07,-5.704211000873534e-06
6.952374264065897e-07,-1.623837836834782e-05
6.952501250002273e-07,-2.399197889840963e-05
6.952526250002272e-07,-1.798386654910302e-06
6.952553942790153e-07,-4.396791646945125e-05
6.952567408290913e-07,-6.177008575221196e-05
6.952582578747071e-07,-9.885490101689296e-05
6.9525934520126e-07,-0.0001141373114446864
6.952601250002272e-07,-0.0001412982814068717
6.952604019764554e-07,-0.0001239230035731818
6.952608292256427e-07,-0.0001214244610170662
6.95261207157174e-07,-0.0001195388805472449
6.952619260619445e-07,-0.0001184416051916133
6.952628555007652e-07,-0.0001183628496390673
6.952638056663027e-07,-0.0001185433313625872
6.95264840725613e-07,-0.0001190874788038886
6.952658883984968e-07,-0.0001208888289417582
6.952671024868585e-07,-0.0001230846120088741
6.952684167000569e-07,-0.0001179830186967097
6.952697120288553e-07,-0.0001202661123330809
6.952707783437668e-07,-0.0001087842526953115
6.952716586246919e-07,-0.0001040238101673607
6.952723206576271e-07,-9.662059860358047e-05
6.95273021820031e-07,-9.580812357621015e-05
6.952737226977254e-07,-9.013387622569968e-05
6.952746749984946e-07,-9.021497658017723e-05
6.952758152503046e-07,-8.42107420320247e-05
6.952768838561993e-07,-8.573479542682815e-05
6.95278057934374e-07,-8.172348120011561e-05
6.95279493408006e-07,-8.44543969695504e-05
6.952808961742702e-07,-8.027302282673891e-05
6.952822743267436e-07,-8.284094652942922e-05
6.952830997704014e-07,-8.039413588916561e-05
6.952842042089586e-07,-8.855962135825114e-05
6.952851497635054e-07,-8.983307373169765e-05
6.952864343739719e-07,-9.704485416035402e-05
6.952879862363215e-07,-9.619492462774033e-05
6.952893541935503e-07,-0.0001013598108330837
6.952910411713532e-07,-0.0001015355364838083
6.952932883083591e-07,-0.0001116662400147015
6.952957109268615e-07,-0.0001203059597876742
6.952982884480155e-07,-0.0001388696248319075
6.953016237095013e-07,-0.0001525776599757883
6.953040185392002e-07,-0.0001650297987198285
6.953071874822055e-07,-0.0001741713679895068
6.953102616361153e-07,-0.0001921006399128722
6.953130575776698e-07,-0.0002051938072801495
6.953152742498676e-07,-0.0002149155646226158
6.953177107685512e-07,-0.0002167564966848172
6.953188924573503e-07,-0.000221723650706333
6.953204845810378e-07,-0.000212980795174298
6.953216259028465e-07,-0.0002109419302015048
6.953229088271902e-07,-0.0001949683509795885
6.953238321317367e-07,-0.0001899929513707388
6.953251882291023e-07,-0.0001716444122610694
6.953266024335384e-07,-0.0001630963950856168
6.953281247598893e-07,-0.0001472597644529938
6.953298923310387e-07,-0.0001419149543300517
6.953322475336634e-07,-0.0001307352123873702
6.953357285601207e-07,-0.000140281838605025
6.953392886551203e-07,-0.0001613370573285283
6.953429442053607e-07,-0.0002063432268884582
6.95346753667064e-07,-0.0002498146568589875
6.953505537143483e-07,-0.0002906256737227247
6.95355700067513e-07,-0.0003107999145034206
6.953609299371585e-07,-0.0003108497103492836
6.953664002821496e-07,-0.000286802122825172
6.953722937177386e-07,-0.0002553609689616846
6.953788336121903e-07,-0.0001690296397828234
6.953842254641062e-07,-8.186516508203486e-05
6.953894021032507e-07,-4.100428490254911e-05
6.953944312768354e-07,-3.32722122000657e-05
6.953993013921486e-07,-2.97484614078149e-05
6.954049955323633e-07,-2.310193965604546e-05
6.954118065722854e-07,-1.754875600182225e-05
6.954203676842476e-07,-9.402122500806053e-06
6.954306269639237e-07,-4.712645662139895e-06
6.954435830689348e-07,-9.2500768375784e-08
6.954600461704065e-07,6.441109994938314e-07
6.954790106166746e-07,1.504641191494444e-06
6.955000000000001e-07,3.551185310046751e-07
6.955113584571076e-07,-6.902774873734087e-07
6.955255474247992e-07,-5.583981972230737e-07
6.955392818094923e-07,-9.10373279733442e-07
6.955667505788785e-07,-9.367012413565699e-07
6.956216881176508e-07,-1.196770252141832e-06
6.957315631951956e-07,-1.08845328126146e-06
6.959100352001832e-07,-1.185670011077157e-06
6.961501308820389e-07,-1.064148457101436e-06
6.964808375299976e-07,-1.170725218815135e-06
6.969560626265941e-07,-1.055065741977525e-06
6.976596659369721e-07,-1.163134892676761e-06
6.986804502311562e-07,-1.050643672019008e-06
7.000000000000001e-07,-1.159571601383698e-06
7.000312500000001e-07,-1.267304188761596e-06
7.0008344693934e-07,-1.278555111419719e-06
7.001878408180198e-07,-1.496127616288814e-06
7.002268607157673e-07,-2.794806928090231e-06
7.002424830590406e-07,-3.551454146582546e-06
7.002563889794401e-07,-4.259311347601753e-06
7.002698574825466e-07,-4.880923203270031e-06
7.002740795679406e-07,-5.241572907286302e-06
7.002825237387284e-07,-6.207629069653629e-06
7.00288730412151e-07,-7.542946777434232e-06
7.002942742872014e-07,-1.046632604546365e-05
7.002968537249879e-07,-1.660450619486464e-05
7.002988424713573e-07,-2.09137068252788e-05
7.003011607804577e-07,-2.923442459825587e-05
7.003032940870893e-07,-3.3601146163412e-05
7.003062008355428e-07,-4.697291948456721e-05
7.003072717577049e-07,-5.232494266352427e-05
7.003081337387678e-07,-5.367362294284958e-05
7.003089886825789e-07,-5.387667016619633e-05
7.003102343960371e-07,-5.014301027793588e-05
7.003112723762265e-07,-4.453175993361702e-05
7.003121711821866e-07,-3.725302563608911e-05
7.003129112628603e-07,-3.044012124892193e-05
7.003137629860952e-07,-2.179511332104681e-05
7.003149737153303e-07,-1.509188151335821e-05
7.003158313296223e-07,-1.147934439505411e-05
7.003167428280691e-07,-9.95735839459178e-06
7.003178469104288e-07,-7.505152494504276e-06
7.003200550751483e-07,-6.366738019870933e-06
7.00322695109087e-07,-4.857650126253842e-06
7.003261404055567e-07,-5.380678520904244e-06
7.003306850257679e-07,-4.787327091974147e-06
7.003382786554967e-07,-6.160979965190106e-06
7.003478104250688e-07,-6.371999658879331e-06
7.003619799397015e-07,-8.816461536312827e-06
7.003849553180106e-07,-1.106587706243686e-05
7.004295668227958e-07,-1.749067795993602e-05
7.004647834113979e-07,-1.757584985609421e-05
7.00482391705699e-07,-1.614818083690705e-05
7.005000000000001e-07,-1.19206382018432e-05
7.005093048293959e-07,-1.011797593541513e-05
7.005213438009655e-07,-7.921829031215504e-06
7.005328582545662e-07,-6.293703126769863e-06
7.005558871617676e-07,-4.01966909938722e-06
7.005828745454889e-07,-2.587776604827259e-06
7.006188861431996e-07,-1.713394319195447e-06
7.00663812868409e-07,-1.334625112537492e-06
7.00733210633811e-07,-1.155889736944398e-06
7.008447255716985e-07,-1.113670128817666e-06
7.008786791077053e-07,-1.101779524971623e-06
7.009465861797189e-07,-1.111033378704582e-06
7.010506278128813e-07,-1.097807631629994e-06
7.012587110792061e-07,-1.110230286989122e-06
7.015525613860054e-07,-1.09750461674891e-06
7.02140261999604e-07,-1.109939233152235e-06
7.033156632268012e-07,-1.096968799665539e-06
7.05e-07,-1.109303726749147e-06
7.0506669657829e-07,-2.157612812485045e-06
7.051581775878549e-07,-2.347602994853144e-06
7.052024469931622e-07,-5.054339013604672e-06
7.052240818606264e-07,-5.394313721039032e-06
7.052380406426407e-07,-3.881386405423295e-07
7.052566781207645e-07,1.368884996705645e-05
7.052709755316915e-07,1.893263001820904e-05
7.052771814480835e-07,1.618670285119006e-05
7.052822395016048e-07,8.535987538625377e-06
7.0528659963334e-07,2.749251484165487e-07
7.052916485085275e-07,-3.568393690583929e-06
7.052959513786082e-07,-5.372665072541825e-06
7.052986185998741e-07,-9.379648440987228e-06
7.053017982766995e-07,-1.299780503793616e-05
7.053048093159413e-07,-1.765635623725334e-05
7.053088570251499e-07,-2.309740565595069e-05
7.053124837499033e-07,-3.454125684937285e-05
7.053144428078821e-07,-4.222597870336166e-05
7.053168394264495e-07,-5.14413211160809e-05
7.05318661010796e-07,-5.621304932690184e-05
7.053211941470934e-07,-6.202294246516419e-05
7.053225188984222e-07,-6.688669094725478e-05
7.053235449021548e-07,-6.502332665859239e-05
7.053245797431329e-07,-6.5532616094551e-05
7.053253123954552e-07,-6.439707617021236e-05
7.053261429347096e-07,-7.034475750306973e-05
7.053268912225185e-07,-7.253412625707983e-05
7.053278678519357e-07,-7.709063798572388e-05
7.053292549838925e-07,-7.623782380380831e-05
7.053303703525505e-07,-7.798205614071568e-05
7.053316745496312e-07,-7.637150472932232e-05
7.053332953161573e-07,-7.938765824652953e-05
7.053355412462023e-07,-8.228065727667497e-05
7.053379104262325e-07,-8.915522395681945e-05
7.053408177350111e-07,-8.814710424201108e-05
7.053435461292144e-07,-7.713949258722095e-05
7.053460385150751e-07,-5.823475271903995e-05
7.053491596605216e-07,-4.687537539587052e-05
7.053523499868472e-07,-4.03141403696321e-05
7.053552314920527e-07,-3.978569524840214e-05
7.053587284836482e-07,-3.456376219024243e-05
7.053633862882154e-07,-3.26125478173015e-05
7.053696221473734e-07,-2.552338243405157e-05
7.053788253488461e-07,-2.710470570563115e-05
7.053884138578291e-07,-4.712552042871327e-05
7.0539857629397e-07,-9.587242182858348e-05
7.054078893100111e-07,-0.0001287579737132129
7.054160579984373e-07,-0.0001630715627263419
7.054237554881225e-07,-0.0001684289449716653
7.054322179134588e-07,-0.0001775263031691174
7.054409002722125e-07,-0.0001659666356260229
7.054505433873526e-07,-0.0001463381006243488
7.054586696372437e-07,-8.105621991514197e-05
7.054654672900204e-07,-5.570199348530097e-05
7.054714149213837e-07,-4.009134489324677e-05
7.054773889190225e-07,-4.168499740352808e-05
7.054834776332203e-07,-3.098895770439396e-05
7.054923517682507e-07,-3.2885520816999e-05
7.055000000000001e-07,-2.224009424235508e-05
7.055072202997581e-07,-1.929206982172217e-05
7.055156898647091e-07,-1.548209763154886e-05
7.055241110472625e-07,-1.243819321967826e-05
7.055409534123694e-07,-7.926195012006277e-06
7.055665002399768e-07,-3.976463499213676e-06
7.055945167225026e-07,-2.172712988054903e-06
7.056263998973853e-07,-1.419891426957861e-06
7.056646509760292e-07,-1.197834280517546e-06
7.057171975216661e-07,-1.123607091554724e-06
7.057961083351725e-07,-1.130062147055594e-06
7.059351165269833e-07,-1.109917388607271e-06
7.061357292399774e-07,-1.119935680543195e-06
7.064164784867324e-07,-1.101975601020153e-06
7.068090715532731e-07,-1.114785579395336e-06
7.073789962849309e-07,-1.098144441348629e-06
7.082094798507578e-07,-1.112116506260111e-06
7.091047399253789e-07,-1.096357592751168e-06
7.100000000000001e-07,-1.111102013418297e-06
7.100460706098807e-07,-5.998423729879074e-07
7.101136832142185e-07,-5.862845716463734e-07
7.101415372431809e-07,-5.917028925233388e-07
7.101972453011058e-07,-8.755733584295151e-07
7.102235513216887e-07,-1.480314904486397e-06
7.102391787803938e-07,-1.752311058688277e-06
7.102591938995425e-07,-1.84462164066247e-06
7.10274126651586e-07,-1.896323790568764e-06
7.102927430358966e-07,-2.024510855938377e-06
7.102988151369028e-07,-1.95293378999315e-06
7.103067277491481e-07,-1.725025862917713e-06
7.103151715033548e-07,-1.202126062875262e-06
7.103221219473246e-07,-8.464320388137568e-07
7.103310481005745e-07,-7.080422998059604e-07
7.103383979155518e-07,-7.294967248619642e-07
7.103458467734073e-07,-6.81423009293746e-07
7.103597554615925e-07,-7.033704083933921e-07
7.103868327376514e-07,-6.690558413779085e-07
7.104372288479313e-07,-7.186120584501868e-07
7.105000000000001e-07,-7.58757110955677e-07
7.105161875621133e-07,-1.027198643404049e-06
7.105407802457557e-07,-1.10552514170181e-06
7.105636150364251e-07,-1.115502119132472e-06
7.106092846177639e-07,-1.119382877746756e-06
7.106471563766582e-07,-1.119856512527289e-06
7.107209141066285e-07,-1.119057798654826e-06
7.10866006979342e-07,-1.120143674758277e-06
7.11156192724769e-07,-1.117440872568495e-06
7.112876342077055e-07,-1.113655134447878e-06
7.114661467333053e-07,-1.086465200263645e-06
7.116653691172972e-07,-9.940517302130209e-07
7.118095287301688e-07,-8.908524494592478e-07
7.119549969140982e-07,-1.065652561237187e-06
7.120232746488959e-07,-2.14254230234889e-06
7.120393361803435e-07,-2.158384270420584e-06
7.120714592432386e-07,-2.438434002115643e-06
7.120856924277871e-07,-3.339888890977823e-06
7.120916844372682e-07,-4.624495264932561e-06
7.120962844273069e-07,-5.529496080307853e-06
7.121017070091763e-07,-6.751330841620177e-06
7.121069424228829e-07,-7.392187486370702e-06
7.121136278487033e-07,-7.873963314045239e-06
7.121190672853075e-07,-7.393181980288815e-06
7.121224422907511e-07,-6.279906150199836e-06
7.121259336125119e-07,-4.731099436294492e-06
7.121294801467405e-07,-3.979645619106868e-06
7.121331721247515e-07,-3.747010789645632e-06
7.121365929481608e-07,-3.693495609203836e-06
7.121410133404906e-07,-3.487075194082134e-06
7.1214985412515e-07,-3.181679681634064e-06
7.121634814248919e-07,-1.907521640562642e-06
7.121752368309625e-07,-1.269763314650837e-06
7.121811145339978e-07,-1.091455723599759e-06
7.121928699400683e-07,-1.112819232210029e-06
7.122044033762763e-07,-1.019358322950862e-06
7.122263835096484e-07,-1.091727796273875e-06
7.122643110561396e-07,-1.014207559067274e-06
7.123066836843526e-07,-1.101726651455324e-06
7.123590224956778e-07,-1.028612518135335e-06
7.124324383955315e-07,-1.121382794190547e-06
7.125723012279471e-07,-1.058761689678269e-06
7.126147553740761e-07,-1.140682674753968e-06
7.126996636663342e-07,-1.062322925635193e-06
7.128086803924843e-07,-1.142738277268467e-06
7.129786038058651e-07,-1.062873045245073e-06
7.132314188987423e-07,-1.14274768745385e-06
7.13691783635258e-07,-1.062798355901795e-06
7.143458918176291e-07,-1.142602032344312e-06
7.15e-07,-1.062666243218626e-06
7.15043766592134e-07,2.379401103169182e-06
7.151128473458315e-07,2.457673114682238e-06
7.15210146964966e-07,-5.374889585061267e-06
7.152501250002273e-07,-2.293753201699117e-05
7.152526250002273e-07,3.119143605500947e-05
7.152554061982825e-07,-3.541718972220291e-05
7.152569859339783e-07,-6.275194004766487e-06
7.152587221775217e-07,-7.054706145863777e-05
7.152594235888745e-07,-3.336259139934642e-05
7.152601250002273e-07,-8.962270377541052e-05
7.152604339933367e-07,-8.233892439308981e-05
7.152608244648371e-07,-8.261767923581084e-05
7.152611896980168e-07,-8.257540727759789e-05
7.15261889446748e-07,-8.302087699482584e-05
7.152629785030688e-07,-8.10213732036911e-05
7.152641345192067e-07,-7.80698562931647e-05
7.152653297778454e-07,-7.575484601905428e-05
7.15266521634719e-07,-7.800885691363962e-05
7.152677502276543e-07,-7.685147391529942e-05
7.152692101784509e-07,-7.223553962264338e-05
7.15270675142766e-07,-6.541046169564581e-05
7.152727835219079e-07,-5.783831634244823e-05
7.152744254038486e-07,-5.430583319682309e-05
7.152762913480297e-07,-5.302250157801984e-05
7.152782100140738e-07,-5.323051842051167e-05
7.152798964862726e-07,-5.494345301996704e-05
7.152817036065258e-07,-5.53020934795936e-05
7.152831640471518e-07,-5.616785385256378e-05
7.152841927727713e-07,-5.799190332181175e-05
7.15285416433749e-07,-6.466625645532575e-05
7.152864509176168e-07,-7.005276074132463e-05
7.152878181234753e-07,-7.548087934753193e-05
7.152893599213327e-07,-7.964096695176324e-05
7.152908424042236e-07,-8.403223659380909e-05
7.152926965183369e-07,-8.975582107992697e-05
7.152950629100026e-07,-0.0001002110284855488
7.152975193429487e-07,-0.0001163243015790424
7.153002694369977e-07,-0.000138422411459646
7.153032573907367e-07,-0.0001619290283409501
7.153056623821141e-07,-0.0001800263114082446
7.153090790434091e-07,-0.0002069103448263571
7.153120938810474e-07,-0.0002327571452548266
7.153144323887308e-07,-0.0002468822356240552
7.153168538294477e-07,-0.000259857016654248
7.153181958087985e-07,-0.0002674110897024037
7.15319801591838e-07,-0.0002673935231423899
7.153209960570268e-07,-0.0002654921140872876
7.153222967498941e-07,-0.0002539535482026017
7.15323242002747e-07,-0.0002479025113535268
7.153247293959485e-07,-0.0002353143684906653
7.153258258836518e-07,-0.0002253620502131076
7.153268169296712e-07,-0.0002113434490407566
7.153275584979819e-07,-0.0002057086455057001
7.153283460752714e-07,-0.0001946706855433664
7.153291001823e-07,-0.0001893717797319044
7.153300770751263e-07,-0.0001767187207353193
7.15331343285381e-07,-0.0001662302485181437
7.153324623505092e-07,-0.000153306624651742
7.15333721501224e-07,-0.000145174351982538
7.153352543215048e-07,-0.0001320321974597266
7.153373324377519e-07,-0.0001237192743567886
7.153403805251198e-07,-0.0001136513342863502
7.153438095345018e-07,-0.0001137521381886508
7.153472943471792e-07,-0.0001128890964979581
7.153506069482451e-07,-0.0001153218980269711
7.153540340763784e-07,-0.0001098213787222627
7.153580281472371e-07,-0.0001041557296110973
7.153633134565754e-07,-8.97427211756133e-05
7.15368595873955e-07,-7.996324691600733e-05
7.153740341601809e-07,-6.765846761955432e-05
7.153798753913188e-07,-6.220708134780989e-05
7.153872689935664e-07,-7.109714264984425e-05
7.153969918382023e-07,-0.0001542752827353061
7.154049722196395e-07,-0.0002477264716716158
7.154115853053182e-07,-0.0002968500639635657
7.154177653741302e-07,-0.0003015974753727124
7.154250217740642e-07,-0.0002810280218240481
7.154315079328907e-07,-0.000236650177766634
7.154384089406283e-07,-0.0001243457782092967
7.154439712955474e-07,-2.888955805041376e-05
7.154493884943638e-07,8.316509607701522e-06
7.154551639099318e-07,1.010560608168258e-05
7.15460483629504e-07,5.737135671694402e-06
7.154659264585092e-07,7.933586549764861e-06
7.154760998634423e-07,5.78473362847017e-06
7.154860553207396e-07,1.025970289520643e-05
7.155000000000001e-07,6.286425485506037e-06
7.155086075457872e-07,6.051360127746705e-06
7.155194132658924e-07,5.232411909103999e-06
7.155303123869168e-07,3.801288301335999e-06
7.155521106289657e-07,1.946899833238149e-06
7.155833812632179e-07,8.021016578883353e-08
7.156300087343674e-07,-7.949181273564622e-07
7.156999702574478e-07,-1.213027494598739e-06
7.158398933036087e-07,-1.091359203981092e-06
7.160497165445649e-07,-1.186331995341544e-06
7.163537923166243e-07,-1.066327321686371e-06
7.167705001803589e-07,-1.170636895934982e-06
7.173722667555298e-07,-1.055931676908441e-06
7.18253991545452e-07,-1.163073138442605e-06
7.19126995772726e-07,-1.051542607355187e-06
7.200000000000001e-07,-1.160346949984954e-06
7.200312500000001e-07,-1.267231568315022e-06
7.200834469393398e-07,-1.280492550763891e-06
7.201878408180194e-07,-1.496077308869515e-06
7.202268607157669e-07,-2.796176588680173e-06
7.202424938305702e-07,-3.552513767711777e-06
7.202563946781634e-07,-4.256172737184444e-06
7.202698600355384e-07,-4.882943245568835e-06
7.202740798743864e-07,-5.242419504679422e-06
7.202825195520824e-07,-6.208604484320099e-06
7.202887248676899e-07,-7.542596768811995e-06
7.202942689039589e-07,-1.046397181455976e-05
7.202968494554861e-07,-1.660281512952237e-05
7.202988380653774e-07,-2.091301360343562e-05
7.203011567854742e-07,-2.923656058014898e-05
7.203032894007726e-07,-3.360527029389385e-05
7.203061956186609e-07,-4.697280646416004e-05
7.203072664943332e-07,-5.233135104264241e-05
7.203081280786681e-07,-5.367858944345526e-05
7.203089828178722e-07,-5.388544429767058e-05
7.203102285652134e-07,-5.01511652629898e-05
7.203112666162474e-07,-4.454424340039416e-05
7.203121656445417e-07,-3.726170047949139e-05
7.203129056802979e-07,-3.04529930501475e-05
7.203137571628928e-07,-2.180322334727522e-05
7.203149658348493e-07,-1.510837899251089e-05
7.20315823603538e-07,-1.14856878743279e-05
7.203167345639584e-07,-9.967436026930187e-06
7.203178378322143e-07,-7.508178999520474e-06
7.203200443687262e-07,-6.372565307480382e-06
7.203226831278197e-07,-4.856366954242154e-06
7.203261258772427e-07,-5.383128606521391e-06
7.203306664916525e-07,-4.783744867902666e-06
7.203382500460621e-07,-6.160586153193992e-06
7.203477724325246e-07,-6.365109315123619e-06
7.203619194170377e-07,-8.81074611812685e-06
7.203848503839323e-07,-1.104836088320283e-05
7.204294860048695e-07,-1.7482990101237e-05
7.204647430024348e-07,-1.75719176572515e-05
7.204823715012174e-07,-1.614904471555628e-05
7.205e-07,-1.191377048134157e-05
7.205093070653641e-07,-1.011376077258658e-05
7.205213532257707e-07,-7.917460294862293e-06
7.205328737983716e-07,-6.289719044502407e-06
7.205559149435734e-07,-4.016812291910108e-06
7.205829112674702e-07,-2.586472498238155e-06
7.206189404061049e-07,-1.713129705251221e-06
7.206638947502824e-07,-1.335015155191794e-06
7.207333539649697e-07,-1.156558412426972e-06
7.208448811932397e-07,-1.114451258786439e-06
7.208788384362714e-07,-1.102536100375828e-06
7.209467529223347e-07,-1.111790581077036e-06
7.210508136437412e-07,-1.098537717545065e-06
7.212589350865541e-07,-1.110943264563812e-06
7.21552944966773e-07,-1.098166992975973e-06
7.221409647272109e-07,-1.110546538406452e-06
7.233170042480867e-07,-1.097460599205182e-06
7.25e-07,-1.109705981563475e-06
7.250666718570464e-07,-2.135146249818745e-06
7.251581302601138e-07,-2.292846014434418e-06
7.252023770339007e-07,-4.620895933903214e-06
7.252240447361356e-07,-4.464899410127699e-06
7.252380075578021e-07,9.322806135080005e-07
7.252566630970818e-07,1.553585294596651e-05
7.252709602377575e-07,2.112780863567972e-05
7.252771725720331e-07,1.853228362533875e-05
7.252822306893388e-07,1.089847393013812e-05
7.252865902510542e-07,2.689374026446999e-06
7.252916415060253e-07,-1.183380098047344e-06
7.252959444097633e-07,-3.582678710334343e-06
7.252986109683707e-07,-9.71933258570871e-06
7.253017922654026e-07,-1.625721762907483e-05
7.253048014874856e-07,-2.298550465281217e-05
7.253088566825501e-07,-3.054069850469644e-05
7.25312481941937e-07,-4.734645045951237e-05
7.2531444096713e-07,-5.993232333860584e-05
7.253168384350289e-07,-7.284967601536849e-05
7.25318659859608e-07,-7.920940759594461e-05
7.253211927536523e-07,-8.447396628159979e-05
7.253225178346179e-07,-9.216428757647714e-05
7.253235437935368e-07,-8.542381428043187e-05
7.253245787685436e-07,-8.514003141782452e-05
7.253253117271436e-07,-8.058086593838624e-05
7.253261424841791e-07,-9.167412951468594e-05
7.253268907694664e-07,-9.38793400812366e-05
7.253278670471187e-07,-0.0001018582215799602
7.253292551142535e-07,-9.659094101804828e-05
7.253303703970554e-07,-9.836097753272512e-05
7.253316746785974e-07,-9.144628259789966e-05
7.253332951824182e-07,-9.373149435804787e-05
7.253355412113428e-07,-9.084704334771616e-05
7.253379103643123e-07,-0.0001005744818296758
7.253409963442932e-07,-9.780692562808474e-05
7.253436998993165e-07,-8.997562872488763e-05
7.253462360319694e-07,-6.890631079981558e-05
7.253493729612478e-07,-6.096818664758531e-05
7.25352532931136e-07,-5.076660548683788e-05
7.25355427609324e-07,-5.289516765232442e-05
7.25359008829581e-07,-4.471352114725938e-05
7.253637545970814e-07,-4.633053117471507e-05
7.253701311359988e-07,-3.756502089923941e-05
7.253795693541136e-07,-4.818508851206467e-05
7.253891148330398e-07,-9.575617745403029e-05
7.253993930148643e-07,-0.000195253682880855
7.254078747335218e-07,-0.0002447915882722301
7.254156886109757e-07,-0.0003009856803093123
7.254231828444729e-07,-0.0003010036705099176
7.254306865755609e-07,-0.0003172838630926075
7.254393210799009e-07,-0.0002912588891320726
7.25448152143278e-07,-0.0002666104788058422
7.254557826746267e-07,-0.0001573410137712355
7.254622939233074e-07,-0.0001132409824491792
7.254686927013743e-07,-7.583141324102307e-05
7.254743763867358e-07,-8.155377339138401e-05
7.254807994588418e-07,-5.807006925754698e-05
7.254894432334136e-07,-6.379807640913874e-05
7.254947216167068e-07,-4.322014869069562e-05
7.255e-07,-5.313776721782975e-05
7.255062395739786e-07,-3.728596843835184e-05
7.255131705110814e-07,-3.122569980207221e-05
7.255203216823908e-07,-2.590836339355601e-05
7.255346240250097e-07,-1.733494273799653e-05
7.255600922742612e-07,-8.119115855498407e-06
7.255872394172614e-07,-3.730555049307779e-06
7.256182276914292e-07,-1.978514634262484e-06
7.256539980188035e-07,-1.271610298498727e-06
7.257025339598766e-07,-1.208095092265898e-06
7.257729058239088e-07,-1.079214138360028e-06
7.258931401702927e-07,-1.180512787864171e-06
7.260789658027713e-07,-1.065651060712603e-06
7.263369485001599e-07,-1.167532895461828e-06
7.266976177850381e-07,-1.057473701155776e-06
7.272155447132717e-07,-1.161276378941073e-06
7.279719344548288e-07,-1.053164691044117e-06
7.29066712966153e-07,-1.158068689771381e-06
7.3e-07,-1.051315811366138e-06
7.300469213234364e-07,-6.040836503296481e-07
7.301153637174935e-07,-5.930463602760868e-07
7.301439616600926e-07,-5.966268739525511e-07
7.302011575452908e-07,-9.470159515819067e-07
7.302250850372069e-07,-1.513096196871353e-06
7.30240399606992e-07,-1.762486702676652e-06
7.302594607213498e-07,-1.846561337907129e-06
7.302745297350546e-07,-1.900399663834372e-06
7.302927085155757e-07,-2.026750546261166e-06
7.302989115144831e-07,-1.951083235553163e-06
7.303066677193676e-07,-1.728776734013225e-06
7.303150972263877e-07,-1.207988727354339e-06
7.303220398960975e-07,-8.505942353659454e-07
7.303309346053403e-07,-7.090989434249002e-07
7.303383118711831e-07,-7.319562494946487e-07
7.303457288026097e-07,-6.821048558140902e-07
7.303595329370614e-07,-7.05711487048825e-07
7.303866973890834e-07,-6.695465245547512e-07
7.304369784834551e-07,-7.20457380917424e-07
7.305e-07,-7.575557458642464e-07
7.305163518109228e-07,-1.027228814529699e-06
7.305410064697428e-07,-1.105812828975808e-06
7.305639161986376e-07,-1.116136851957819e-06
7.306097356564272e-07,-1.11993497757537e-06
7.306478091633151e-07,-1.120569962359212e-06
7.307217671809583e-07,-1.119611878650138e-06
7.308665585949343e-07,-1.120786243203539e-06
7.311561414228863e-07,-1.116602521731651e-06
7.312671610167044e-07,-1.112151280311527e-06
7.314892002043407e-07,-1.06228933508639e-06
7.316611153855788e-07,-9.623314057382714e-07
7.318074519715022e-07,-8.668883502237937e-07
7.319579801676625e-07,-2.103141723083055e-06
7.319861255942365e-07,-2.177648690990949e-06
7.31998011794185e-07,-2.251118047014144e-06
7.320216199106109e-07,-2.465287074645176e-06
7.320308651059846e-07,-3.036219534342351e-06
7.320364563926213e-07,-4.01346783445436e-06
7.320410974502766e-07,-4.961755493533465e-06
7.320469532670557e-07,-6.289939174133497e-06
7.320517700635667e-07,-7.046377858112873e-06
7.320569475008039e-07,-7.677531350438778e-06
7.320627095362985e-07,-7.716695939180577e-06
7.320681106368015e-07,-7.132357436946045e-06
7.320726346310187e-07,-4.942136881326568e-06
7.320759361215959e-07,-4.322628508687735e-06
7.32077579809164e-07,-3.760779998395279e-06
7.320808671843003e-07,-3.938315534353922e-06
7.320842726435213e-07,-3.473969278567567e-06
7.320899447033095e-07,-3.655930763518727e-06
7.320986692678623e-07,-2.889990125242632e-06
7.321126728852201e-07,-2.004385777128078e-06
7.321244742027765e-07,-1.012899881365591e-06
7.321303748615547e-07,-1.30281298987186e-06
7.321421761791111e-07,-8.873948541857193e-07
7.321543013684255e-07,-1.244003514133474e-06
7.321784582167988e-07,-8.678853764543094e-07
7.322166061077979e-07,-1.240435384283229e-06
7.322601255055754e-07,-8.785418777007341e-07
7.323139302538176e-07,-1.255059330903501e-06
7.323926394327166e-07,-8.989598248227013e-07
7.325404575606339e-07,-1.285471333664678e-06
7.325809950528354e-07,-9.169516243107117e-07
7.326620700372385e-07,-1.287976649733683e-06
7.327726347299992e-07,-9.183317221849459e-07
7.329576875351584e-07,-1.28846390182763e-06
7.332522844176362e-07,-9.182512693847406e-07
7.337471407256595e-07,-1.288318417785796e-06
7.343735703628297e-07,-9.180657520376281e-07
7.35e-07,-1.288134440981175e-06
7.350429821374975e-07,2.105752147363295e-06
7.351112349552412e-07,2.157209170564983e-06
7.352059558970901e-07,-3.689716891994971e-06
7.352501250002272e-07,-2.133800108860932e-05
7.352526250002272e-07,-3.334630407828747e-05
7.352554061982825e-07,-4.899722995667044e-05
7.352566432881157e-07,-0.0001155652815126627
7.35257708435557e-07,-0.0001110394391458081
7.352587589422047e-07,-0.000177164126123464
7.352595563183657e-07,-0.0001681600959878009
7.352601250002272e-07,-0.0002214320218169995
7.352603758249327e-07,-0.0001627112790692668
7.352607331105753e-07,-0.0001578789464808126
7.352610544933917e-07,-0.0001542600783408575
7.352616972590243e-07,-0.000150330272586352
7.352626411273488e-07,-0.0001505584485953766
7.35263572762774e-07,-0.0001527180137925691
7.352646009114061e-07,-0.0001558292261930982
7.352655946864257e-07,-0.0001594488658086362
7.352668077788417e-07,-0.0001620248423569522
7.352680729212211e-07,-0.0001566625882838116
7.352694122117832e-07,-0.0001613969114465672
7.352705449654362e-07,-0.0001531753384850353
7.352714389092642e-07,-0.0001398218103572904
7.352724460755785e-07,-0.0001300529878693223
7.352731962740742e-07,-0.0001241963836419754
7.352739157460347e-07,-0.0001211722865477362
7.352748591973748e-07,-0.0001165224069358671
7.352760253293728e-07,-0.0001119619156090277
7.352770963586695e-07,-0.0001084067822630921
7.352783047856415e-07,-0.000106289656247047
7.352798005927072e-07,-0.0001045991594971589
7.352814965871388e-07,-0.0001034818576109635
7.352829826740476e-07,-0.0001017056622039406
7.352845982999373e-07,-0.0001017723994634532
7.352861330619694e-07,-0.0001068802884140816
7.352872130537047e-07,-0.0001119911074031942
7.352885203633203e-07,-0.0001154395799762262
7.352902117045833e-07,-0.0001208944862165558
7.352916573884297e-07,-0.000125682037691884
7.352935767795371e-07,-0.0001344690884884302
7.352959499830625e-07,-0.0001470948418216775
7.352984355510474e-07,-0.0001669172626975545
7.353012712772837e-07,-0.0001924993145290578
7.353041632925143e-07,-0.0002191313516557862
7.353065903060713e-07,-0.0002388480918620065
7.353098781165977e-07,-0.0002678234918887222
7.353124436270174e-07,-0.0002889232287127627
7.353148254468452e-07,-0.0003029198819413245
7.353173820914921e-07,-0.0003141060094439059
7.35318731170994e-07,-0.0003179038847056658
7.353201539210352e-07,-0.0003134906047997073
7.353214826812272e-07,-0.0003079653831911188
7.353224767309736e-07,-0.0002971965366948028
7.353235665175058e-07,-0.0002889682139607253
7.35325026970964e-07,-0.0002731148630484039
7.353265044826865e-07,-0.0002631632657367243
7.353282419598721e-07,-0.0002501326459986987
7.353303278012836e-07,-0.0002453904260074804
7.353334047867114e-07,-0.0002494619196642378
7.353368694728436e-07,-0.0002882413336607718
7.353412819078791e-07,-0.0003698085470784402
7.35345392936351e-07,-0.0004683724274955499
7.353491441335042e-07,-0.0005485381735386778
7.353550136345417e-07,-0.000625223363018123
7.3536031757967e-07,-0.0006300241787750025
7.35365849729029e-07,-0.0006007084029871532
7.353718403289226e-07,-0.0005359020652245755
7.353783776596726e-07,-0.0003999271739721702
7.35383886968905e-07,-0.0001941379475750644
7.353889870745951e-07,-8.202538723324482e-05
7.353936857472582e-07,-2.874650881197054e-05
7.353985454740776e-07,-3.531162036978284e-05
7.35403757314621e-07,-1.50930330537315e-05
7.354086613388247e-07,-2.743858535886747e-05
7.354153103128148e-07,-3.636338161377089e-06
7.354215938146738e-07,-1.347376057041479e-05
7.35429012059624e-07,7.690538248390126e-06
7.354374429201072e-07,-3.814557497517164e-06
7.354469511149032e-07,1.312118457036005e-05
7.35458151754644e-07,-1.235612240500619e-06
7.354713429278119e-07,1.248203287031635e-05
7.354870677276244e-07,-3.197218906545603e-06
7.355e-07,9.905375987375868e-06
7.355091385192941e-07,1.118843816097965e-06
7.355204195365946e-07,7.988620672821376e-07
7.355312398792654e-07,1.928195426554462e-07
7.355528805646071e-07,-3.16463520594614e-07
7.355961619352905e-07,-1.00775354366314e-06
7.356733417788473e-07,-1.11907733743833e-06
7.35799345479119e-07,-1.196295768623675e-06
7.360061428273446e-07,-1.083730507358725e-06
7.362853783699256e-07,-1.170964007658211e-06
7.366797244085311e-07,-1.067982497832525e-06
7.372454587071035e-07,-1.159523559693596e-06
7.380771746302968e-07,-1.060430182015553e-06
7.390385873151484e-07,-1.154296374289823e-06
7.4e-07,-1.057660200461011e-06
7.4003125e-07,-1.265691940381571e-06
7.400834469393397e-07,-1.28172126066872e-06
7.401878408180193e-07,-1.494734230271405e-06
7.402268607157669e-07,-2.797150679750864e-06
7.40242490900738e-07,-3.552465174758236e-06
7.402563931769067e-07,-4.257377912732692e-06
7.402698594089753e-07,-4.882287477796358e-06
7.402740797823186e-07,-5.242290942154778e-06
7.402825205290052e-07,-6.209132760459035e-06
7.402887238363062e-07,-7.542315303989439e-06
7.402942691828733e-07,-1.047101689394364e-05
7.402968477442608e-07,-1.661309020379158e-05
7.402988358673747e-07,-2.092590581132958e-05
7.403011530946496e-07,-2.92521421447254e-05
7.403032860285627e-07,-3.36219477955944e-05
7.403061914331486e-07,-4.70120357682633e-05
7.403072616848586e-07,-5.235067503156736e-05
7.403081238492751e-07,-5.369797580271841e-05
7.403089786236639e-07,-5.388620198090813e-05
7.403102236870963e-07,-5.014422723202009e-05
7.403112611140785e-07,-4.452328922591176e-05
7.403121591239968e-07,-3.724649636724132e-05
7.40312898946043e-07,-3.042759158909958e-05
7.403137507776744e-07,-2.178560274626932e-05
7.403149641807033e-07,-1.506853206745405e-05
7.403158213793798e-07,-1.146822047926134e-05
7.40316733376434e-07,-9.944078749924426e-06
7.403178381704685e-07,-7.499297415857429e-06
7.403200477585375e-07,-6.359463565268846e-06
7.403226892893929e-07,-4.85706991170693e-06
7.403261379646106e-07,-5.375882990380117e-06
7.403306885801077e-07,-4.78782115602832e-06
7.403382973279544e-07,-6.157787323530421e-06
7.403478296349713e-07,-6.373475839993517e-06
7.403620097527552e-07,-8.814144354262007e-06
7.403849938818616e-07,-1.106902007429024e-05
7.404298115640521e-07,-1.750401276219527e-05
7.404649057820261e-07,-1.755359084442388e-05
7.40482452891013e-07,-1.611598655712143e-05
7.405e-07,-1.190592875227788e-05
7.405093025011344e-07,-1.010392364548635e-05
7.405213207532601e-07,-7.914440822394713e-06
7.405328178425229e-07,-6.29047239108416e-06
7.405558120210484e-07,-4.020920401106255e-06
7.405828076024524e-07,-2.601679972955826e-06
7.406188204318552e-07,-1.6920903370022e-06
7.40663757877612e-07,-1.357416794807867e-06
7.407331335097088e-07,-1.133516431439835e-06
7.408444962040104e-07,-1.138025118456746e-06
7.408785806215824e-07,-1.077937936493416e-06
7.409467494567263e-07,-1.136559449416458e-06
7.410507473876367e-07,-1.073389959958953e-06
7.412587432494575e-07,-1.135964285829996e-06
7.415514674195909e-07,-1.0728923307165e-06
7.421369157598578e-07,-1.135651642375865e-06
7.433078124403916e-07,-1.072158025563654e-06
7.45e-07,-1.134840080371085e-06
7.450668411212584e-07,-2.157958065017592e-06
7.451584542531957e-07,-2.353068051609504e-06
7.452028560302331e-07,-5.10105172784561e-06
7.452243003293954e-07,-5.368667760615374e-06
7.452382352706698e-07,-2.66680774145523e-07
7.452567668419487e-07,1.375390396429507e-05
7.452710671370273e-07,1.893232120253874e-05
7.452772363302963e-07,1.612909869650624e-05
7.452822931955502e-07,8.464930708423815e-06
7.452866565679993e-07,1.41119756926018e-07
7.452916913138147e-07,-3.51889765604264e-06
7.452959942523658e-07,-5.485517430073147e-06
7.452986669440988e-07,-9.381034950599424e-06
7.453018371902919e-07,-1.311412561334911e-05
7.453048612418387e-07,-1.766109579548561e-05
7.453088643079201e-07,-2.317543238780362e-05
7.453125028306927e-07,-3.455483370513168e-05
7.453144621617865e-07,-4.23676101348485e-05
7.453168508656569e-07,-5.142684660300254e-05
7.453186743679631e-07,-5.630831752714411e-05
7.453212111137674e-07,-6.202808616983708e-05
7.453225319828928e-07,-6.697362521669925e-05
7.453235588489757e-07,-6.494037942081729e-05
7.453245920439136e-07,-6.557835938920065e-05
7.453253204964333e-07,-6.432457267545118e-05
7.453261479563629e-07,-7.036193677423228e-05
7.453268964251872e-07,-7.235189430997137e-05
7.453278786354066e-07,-7.699806260452841e-05
7.453292499660922e-07,-7.603257302011055e-05
7.453303669794619e-07,-7.792045731600218e-05
7.453316699535134e-07,-7.619282007439181e-05
7.453332951427034e-07,-7.924366339580089e-05
7.453355396468899e-07,-8.204266405034898e-05
7.453379092674118e-07,-8.946052354867321e-05
7.453408170036431e-07,-8.942531035309246e-05
7.453435452055574e-07,-7.913580599009715e-05
7.453460375964461e-07,-6.009815737648742e-05
7.453491586610112e-07,-4.839696872909112e-05
7.453523486693322e-07,-4.125949566679379e-05
7.453552300238856e-07,-4.054416784247144e-05
7.453587261334128e-07,-3.506876616917636e-05
7.453633841694052e-07,-3.320515142850796e-05
7.453696201760596e-07,-2.616459257914557e-05
7.453788239461015e-07,-2.791129772178977e-05
7.453884128620338e-07,-4.526859630339262e-05
7.45398575009194e-07,-9.160627750389542e-05
7.454088584931403e-07,-0.0001370971269919475
7.454177285661076e-07,-0.0001875191495196544
7.454252911816611e-07,-0.0002060203770292618
7.454356611328985e-07,-0.000225414766539001
7.454447804758441e-07,-0.0002177121949708052
7.454548649406388e-07,-0.0001920605913567902
7.4546275554662e-07,-0.0001200105542207369
7.45470032124806e-07,-7.131343830370878e-05
7.454755243263903e-07,-4.740191699971744e-05
7.454819818778715e-07,-4.21375505448876e-05
7.454869764329589e-07,-3.247551252651653e-05
7.454942415701592e-07,-3.239785089261218e-05
7.455e-07,-2.42557604674565e-05
7.455072081758539e-07,-2.011636030450111e-05
7.455148797021845e-07,-1.644394080522389e-05
7.455226022536216e-07,-1.344950271463976e-05
7.455380473564959e-07,-8.892222582171928e-06
7.455635842724901e-07,-4.429910560045693e-06
7.45591011107885e-07,-2.361718559501465e-06
7.456222153767443e-07,-1.503480979611449e-06
7.456587455602129e-07,-1.207017698287057e-06
7.457085080467805e-07,-1.141081492941638e-06
7.457815078336499e-07,-1.117429382635409e-06
7.459073546982171e-07,-1.124633071576842e-06
7.460986712920285e-07,-1.107419422480549e-06
7.463647330426918e-07,-1.116009825806903e-06
7.467366355245502e-07,-1.101993500130674e-06
7.472721846885575e-07,-1.111952900619481e-06
7.480504563136324e-07,-1.099117575261775e-06
7.492015427252392e-07,-1.109810110729055e-06
7.5e-07,-1.097936009372549e-06
7.500438305498579e-07,-6.081258024362683e-07
7.501092333440438e-07,-5.93967482974341e-07
7.501351443628165e-07,-6.006388734075645e-07
7.501869664003621e-07,-7.28076204694687e-07
7.502310182068128e-07,-1.699710353666793e-06
7.502488591736678e-07,-1.807054117541959e-06
7.502692540355951e-07,-1.872554656041917e-06
7.502856978215997e-07,-2.006732482737293e-06
7.502992251632427e-07,-1.975336304267849e-06
7.503059888340642e-07,-1.717325370429952e-06
7.503158545970852e-07,-1.183197800087729e-06
7.503228342660407e-07,-8.103499379989052e-07
7.50333312093512e-07,-7.196419299011846e-07
7.503408539570803e-07,-7.084198286654862e-07
7.50348865064817e-07,-6.960620250718639e-07
7.503648872802905e-07,-6.864041800910639e-07
7.503963463343643e-07,-6.887935896748438e-07
7.504558749268235e-07,-7.146204533873549e-07
7.505000000000001e-07,-7.800348915824622e-07
7.505157328776605e-07,-1.026020058753908e-06
7.505375654092912e-07,-1.098935362157503e-06
7.505568041271554e-07,-1.113151237648277e-06
7.505952815628837e-07,-1.118370173725995e-06
7.506309008280082e-07,-1.119759161757326e-06
7.506936209013354e-07,-1.118858961211453e-06
7.508131134864146e-07,-1.120058647547773e-06
7.51052098656573e-07,-1.117318904554046e-06
7.511715912416522e-07,-1.114483907808726e-06
7.514105764118106e-07,-1.072093370338311e-06
7.515945754232141e-07,-9.743268187776303e-07
7.517451702681829e-07,-8.714378538679735e-07
7.518916490736136e-07,-1.749890338860393e-06
7.519298434504771e-07,-2.154828526384675e-06
7.519541272765042e-07,-2.271262149466865e-06
7.519802300616772e-07,-2.903890997218499e-06
7.519873230489956e-07,-4.083488792533859e-06
7.519923210427322e-07,-5.134724571601446e-06
7.519992397214829e-07,-6.675853117663372e-06
7.520041538705916e-07,-7.343286465628374e-06
7.520088694956249e-07,-7.80447611122386e-06
7.520144011580666e-07,-7.711010896468308e-06
7.520196270837134e-07,-6.723918010137206e-06
7.520236155205523e-07,-4.752236939159789e-06
7.520269777632185e-07,-4.139865974068708e-06
7.520303311647197e-07,-3.687060515597086e-06
7.520336895247718e-07,-3.80995207743796e-06
7.520378368546793e-07,-3.451477329493568e-06
7.520454201619474e-07,-3.381674358998811e-06
7.52060229844436e-07,-1.942885167201067e-06
7.520718205175504e-07,-1.389164752451661e-06
7.520832925696563e-07,-9.610487464999961e-07
7.520960123413955e-07,-1.192037661056554e-06
7.521086197314926e-07,-9.315301122855895e-07
7.521313988780773e-07,-1.173817451834209e-06
7.521704076628099e-07,-9.337123221359623e-07
7.522140594403863e-07,-1.184741896455034e-06
7.522697236545744e-07,-9.495991171096312e-07
7.523496912886377e-07,-1.205852732753945e-06
7.525072437814327e-07,-9.805713480299217e-07
7.525446827591004e-07,-1.22283872607487e-06
7.526195607144359e-07,-9.822275055565769e-07
7.527292999143736e-07,-1.223386798311242e-06
7.529447178167582e-07,-9.82551494840995e-07
7.533086710617589e-07,-1.223293981792112e-06
7.539936433491001e-07,-9.824248906564016e-07
7.55e-07,-1.223073719894419e-06
7.550527404239127e-07,2.390340422313426e-06
7.551309676006967e-07,2.391554836333313e-06
7.551607569505793e-07,1.884623869529919e-06
7.552054409754033e-07,-3.747791557217653e-06
7.552255833122877e-07,-1.070010200772347e-05
7.552501250002272e-07,-2.333838489584807e-05
7.552526250002272e-07,3.121840220519645e-05
7.552554061982825e-07,-3.585778310781281e-05
7.552569843011936e-07,-6.275178822437684e-06
7.552587189258064e-07,-7.107972746333445e-05
7.552594219630168e-07,-3.31708582076216e-05
7.552601250002272e-07,-9.026253373191352e-05
7.552604335267089e-07,-8.260255985390235e-05
7.552608243592098e-07,-8.3023137993732e-05
7.552611898641323e-07,-8.293459512333636e-05
7.552618868491067e-07,-8.355355518827558e-05
7.552629836463122e-07,-8.164994013231033e-05
7.552641355026252e-07,-7.896790156088635e-05
7.552653339392379e-07,-7.65962447707026e-05
7.55266523375303e-07,-7.895405512985388e-05
7.552677498672646e-07,-7.817116981928635e-05
7.552692007172558e-07,-7.347624190075241e-05
7.552706600277179e-07,-6.688640013995674e-05
7.552727464193482e-07,-5.885940369063684e-05
7.552743827949185e-07,-5.540948624676261e-05
7.552762457233533e-07,-5.381481503683264e-05
7.552781538198114e-07,-5.460092754842894e-05
7.552796539507872e-07,-5.55158672528943e-05
7.55281241975672e-07,-5.553682788461394e-05
7.552826190128897e-07,-5.617160465879492e-05
7.552834415741851e-07,-5.834560314686989e-05
7.55284524462038e-07,-6.462870664079867e-05
7.552854894911257e-07,-6.928633996982172e-05
7.552871366806963e-07,-7.475156533010685e-05
7.552885045852961e-07,-7.728377097493178e-05
7.552900099981297e-07,-8.070822836379487e-05
7.552918750706092e-07,-8.567917765858449e-05
7.552942445749358e-07,-9.627940597717128e-05
7.55296665891218e-07,-0.0001136833235076824
7.552996134774211e-07,-0.0001416717708835396
7.553023710946221e-07,-0.0001720579009711624
7.553048475147628e-07,-0.0002027698285096761
7.553080594045049e-07,-0.0002451718046522744
7.553112868204794e-07,-0.0002889197760771614
7.553137648656261e-07,-0.0003184054858387822
7.553160253561098e-07,-0.0003371560804233189
7.553186683928093e-07,-0.0003563933888612238
7.553205261817419e-07,-0.0003597014320325889
7.553219278620935e-07,-0.0003541595933580229
7.553232893264507e-07,-0.0003429557805984829
7.553242763443774e-07,-0.0003361469174914727
7.55325165948934e-07,-0.00032744701405592
7.553261375598778e-07,-0.0003165972943582515
7.553270490018685e-07,-0.0003029807949874639
7.553277495945928e-07,-0.0002957794684492567
7.553285126090898e-07,-0.0002846391928584552
7.553292581470816e-07,-0.000277192155823547
7.553302144175426e-07,-0.0002639018137058531
7.5533148025787e-07,-0.0002500469881080407
7.553325914168009e-07,-0.0002357509934908146
7.553338312855909e-07,-0.0002242368253433572
7.553353238193408e-07,-0.0002088765852152717
7.553373356899909e-07,-0.0001952464783281839
7.553402598156562e-07,-0.0001794522890067861
7.553437944765973e-07,-0.0001725003219210267
7.553472073438389e-07,-0.0001676178692605122
7.553516340319462e-07,-0.0001650402867390873
7.553551362172313e-07,-0.0001560420885042122
7.553593344952721e-07,-0.0001451385613168949
7.553645353827839e-07,-0.0001265136468952114
7.553697192240629e-07,-0.000112348811953521
7.553751472911726e-07,-9.651283735937242e-05
7.553812315046854e-07,-8.733771559203423e-05
7.553890164708519e-07,-9.962912810222359e-05
7.553990373408479e-07,-0.000195778606478694
7.55406677080834e-07,-0.000303004403648371
7.554140081398078e-07,-0.0003677421830150428
7.554196881891734e-07,-0.0003781337386665372
7.554283475763326e-07,-0.000349962685710048
7.554355224331196e-07,-0.0002919838795046614
7.554433465601628e-07,-0.0001479976975400964
7.554493037288113e-07,-1.975238626363569e-05
7.554551397404885e-07,4.76922667821414e-05
7.554606165113538e-07,5.567280802517333e-05
7.554660097282364e-07,5.298578274589322e-05
7.554707851307462e-07,4.382553194743267e-05
7.554772350128891e-07,3.931477600361569e-05
7.55482551285068e-07,3.354338671581814e-05
7.554887627108181e-07,3.0998575179722e-05
7.55495259477814e-07,2.641988621444214e-05
7.555e-07,2.455420233940657e-05
7.555070700795357e-07,1.995326622618291e-05
7.555142628228778e-07,1.719216147523943e-05
7.555215455818844e-07,1.431224096251569e-05
7.555361110998978e-07,9.800352094758193e-06
7.555622943256236e-07,4.346190063330911e-06
7.555973054562301e-07,9.105847897654222e-07
7.556463867367022e-07,-7.504173064442199e-07
7.557253345418688e-07,-1.147584787837312e-06
7.558385843445433e-07,-1.167405562518953e-06
7.560650839498922e-07,-1.106417276982495e-06
7.563724147134527e-07,-1.146730026880012e-06
7.568116873553513e-07,-1.089034401295953e-06
7.574216978172536e-07,-1.13727415386339e-06
7.583197379671687e-07,-1.081382013708947e-06
7.591598689835844e-07,-1.133275462793485e-06
7.6e-07,-1.078636882529559e-06
7.6003125e-07,-1.267134911112423e-06
7.600834469393398e-07,-1.281206313590136e-06
7.601878408180193e-07,-1.495427108036845e-06
7.602268607157669e-07,-2.797842592574409e-06
7.602424627081902e-07,-3.549751010454761e-06
7.602563787828835e-07,-4.25056331670479e-06
7.60269853594924e-07,-4.882787695626488e-06
7.602740798783993e-07,-5.24393404783692e-06
7.602825324453497e-07,-6.210709229321278e-06
7.602887377845455e-07,-7.546806365773967e-06
7.602942834743976e-07,-1.048511468975087e-05
7.602968578155712e-07,-1.662747521191746e-05
7.602988459877694e-07,-2.093852285554169e-05
7.603011612172965e-07,-2.925975525861924e-05
7.60303296167499e-07,-3.362424396883799e-05
7.60306202465128e-07,-4.703968360341475e-05
7.603072724628337e-07,-5.234895354746281e-05
7.603081360266861e-07,-5.369945603731361e-05
7.603089913695408e-07,-5.38677218746237e-05
7.603102359455509e-07,-5.01208585862865e-05
7.603112727981639e-07,-4.448161479348026e-05
7.603121696066828e-07,-3.721735573185778e-05
7.603129094206192e-07,-3.038110085591151e-05
7.603137620982743e-07,-2.175724032285006e-05
7.603149840457365e-07,-1.500258495549872e-05
7.603158405110613e-07,-1.144205772607911e-05
7.603167545969954e-07,-9.908499043702945e-06
7.603178625357869e-07,-7.487540362358641e-06
7.603200784133699e-07,-6.340721553422794e-06
7.60322725144203e-07,-4.862898305505666e-06
7.603261844216483e-07,-5.369185122629902e-06
7.603307521614209e-07,-4.802006754644023e-06
7.603384040772957e-07,-6.161120220091244e-06
7.603479679124339e-07,-6.399171646307882e-06
7.603622298726047e-07,-8.835411327515894e-06
7.60385367092215e-07,-1.113092747832926e-05
7.604302392553741e-07,-1.754135961466641e-05
7.604651196276872e-07,-1.755372385341094e-05
7.604825598138436e-07,-1.609586366170797e-05
7.605000000000001e-07,-1.192106317025636e-05
7.605092936734581e-07,-1.011145981438129e-05
7.605212745328235e-07,-7.926787851463376e-06
7.605327399786972e-07,-6.304176795094382e-06
7.605556708704445e-07,-4.033766709555613e-06
7.605826418251903e-07,-2.609008953351416e-06
7.606185973093398e-07,-1.69569981812771e-06
7.606634482552468e-07,-1.359211844270602e-06
7.607326044605367e-07,-1.13401756923643e-06
7.608438256227141e-07,-1.138401004513828e-06
7.608779857384749e-07,-1.077951420455505e-06
7.609463059699967e-07,-1.136914931052812e-06
7.610502127892469e-07,-1.073362790055199e-06
7.612580264277474e-07,-1.13631273681188e-06
7.615494876788713e-07,-1.072858764938825e-06
7.62132410181119e-07,-1.135993925759603e-06
7.632982551856143e-07,-1.072110916414239e-06
7.65e-07,-1.135159778048272e-06
7.650670166617193e-07,-2.135114465894633e-06
7.651587901219114e-07,-2.303943013288369e-06
7.652033527663398e-07,-4.714007204129293e-06
7.652245689274184e-07,-4.386681174773009e-06
7.652384750371507e-07,1.238850048748972e-06
7.652568785340105e-07,1.569898009799226e-05
7.652711842980873e-07,2.113190132442032e-05
7.652773079006709e-07,1.838560129489817e-05
7.652823622403853e-07,1.069681334766138e-05
7.652867295019666e-07,2.41608218109141e-06
7.652917461796493e-07,-1.100530877213019e-06
7.652960494108797e-07,-3.845884202234624e-06
7.652987291956357e-07,-9.879995877464108e-06
7.653018874562085e-07,-1.656692036701193e-05
7.653049291766461e-07,-2.311360799288195e-05
7.653088772466322e-07,-3.071181871942519e-05
7.653125330214843e-07,-4.755213577748278e-05
7.653144929044248e-07,-6.03656255598273e-05
7.653168703522754e-07,-7.288383738163345e-05
7.653186970350782e-07,-7.940437986613505e-05
7.653212401315142e-07,-8.453665139801824e-05
7.653225547528719e-07,-9.234158553912152e-05
7.653235831929112e-07,-8.50654572551249e-05
7.653246137995345e-07,-8.51940373264607e-05
7.653253354386722e-07,-8.046961984701149e-05
7.653261579650947e-07,-9.197944485181118e-05
7.653269068009082e-07,-9.364823121862833e-05
7.653278992323323e-07,-0.0001019022984642516
7.653292450933779e-07,-9.618713543810414e-05
7.653303651442208e-07,-9.839436613355157e-05
7.653316663823026e-07,-9.111930389899045e-05
7.65333300082085e-07,-9.382975005880514e-05
7.653355428091574e-07,-9.063571632145964e-05
7.65337913558273e-07,-0.0001012132172519675
7.653409978745226e-07,-9.910921725152747e-05
7.653436992215132e-07,-9.219797207164715e-05
7.653462357426685e-07,-7.063975282522841e-05
7.653493704823171e-07,-6.261110305277314e-05
7.653525299649349e-07,-5.154568262842636e-05
7.65355424119298e-07,-5.378843890532009e-05
7.653590043306293e-07,-4.506692201943144e-05
7.653637499073719e-07,-4.707925620991824e-05
7.653701264406633e-07,-3.807782278683782e-05
7.653795634738669e-07,-4.908893058067015e-05
7.653891096257405e-07,-9.332325855748711e-05
7.653993865168053e-07,-0.00019060097311003
7.654078612877653e-07,-0.0002455080436508156
7.654156671727862e-07,-0.0003143225351418283
7.654228474525404e-07,-0.0003286033952608948
7.65430339837965e-07,-0.0003561234312752437
7.654389328856059e-07,-0.0003397766451641677
7.654473106051304e-07,-0.0003284644328432193
7.654551464776452e-07,-0.0002382483716101554
7.65461516564145e-07,-0.0001807724905178389
7.654663671021874e-07,-0.0001219723677149773
7.654710893681462e-07,-0.0001071572623180358
7.654773928160668e-07,-7.049691470887525e-05
7.65483686451296e-07,-7.334106592158467e-05
7.654910952004507e-07,-4.886735984961079e-05
7.654955476002253e-07,-5.848988836778559e-05
7.655e-07,-3.946941905947544e-05
7.655074552637184e-07,-3.712117511826695e-05
7.6551440229237e-07,-3.101311614272735e-05
7.655216858558946e-07,-2.555847204163889e-05
7.655362529829439e-07,-1.695998995591154e-05
7.655617401437673e-07,-7.905508635629601e-06
7.655889296617097e-07,-3.667457077941899e-06
7.65619908236803e-07,-1.933826170877641e-06
7.656557585149064e-07,-1.285391473156873e-06
7.65704391522149e-07,-1.187263201543761e-06
7.657750650495637e-07,-1.099217056067519e-06
7.658956983522129e-07,-1.160442330751063e-06
7.660828209741447e-07,-1.085503012382689e-06
7.663424022962134e-07,-1.147622559572935e-06
7.667053401540574e-07,-1.077304155769812e-06
7.672263101236883e-07,-1.141443843385825e-06
7.679873192498249e-07,-1.072989188166439e-06
7.690889026999986e-07,-1.138269905430634e-06
7.7e-07,-1.071144944969804e-06
7.700464268038306e-07,-6.115816483720718e-07
7.701143874575894e-07,-6.027954570144431e-07
7.701425525603843e-07,-6.052483004763824e-07
7.701988827659742e-07,-9.012360005555163e-07
7.702240429162315e-07,-1.488870276917416e-06
7.702395287738699e-07,-1.758145890021259e-06
7.702591706368219e-07,-1.846873515590593e-06
7.702741250149528e-07,-1.899257492961863e-06
7.702927007871483e-07,-2.027019137163914e-06
7.702987857556019e-07,-1.956442029602033e-06
7.703066945012721e-07,-1.728346495713666e-06
7.70315142306133e-07,-1.207398545221541e-06
7.703220969102284e-07,-8.492709652920219e-07
7.703309982427594e-07,-7.112503718333567e-07
7.703383633385032e-07,-7.31968463929248e-07
7.70345795394737e-07,-6.843792024163334e-07
7.703596886624077e-07,-7.058143761381398e-07
7.703869555744809e-07,-6.718853741801372e-07
7.704375396120148e-07,-7.204444148637347e-07
7.705000000000001e-07,-7.569404397067839e-07
7.705166762442841e-07,-1.026395867015129e-06
7.705413105658373e-07,-1.104565119236607e-06
7.70564178634176e-07,-1.115848086250436e-06
7.706099147708533e-07,-1.11951097438471e-06
7.706481987478739e-07,-1.120530213156215e-06
7.707224997004289e-07,-1.119227451466961e-06
7.708652909979933e-07,-1.120473799806165e-06
7.71150873593122e-07,-1.111158706921917e-06
7.713186769086851e-07,-1.087877180436375e-06
7.714584611527069e-07,-1.0272038592387e-06
7.716113943547797e-07,-9.23565791719677e-07
7.717450306041522e-07,-8.647263678633539e-07
7.718009754950353e-07,-1.059998670227633e-06
7.718289479404768e-07,-1.416656056923551e-06
7.718429341631976e-07,-1.66282733742394e-06
7.718709066086391e-07,-2.095927695536514e-06
7.718953138699609e-07,-2.213753969589802e-06
7.719178136509455e-07,-2.43759967246355e-06
7.719313932957232e-07,-3.154319304579552e-06
7.719366907237606e-07,-4.216461755753072e-06
7.719413064266846e-07,-5.144211337498801e-06
7.719470277979869e-07,-6.492523427968726e-06
7.719518571475544e-07,-7.188254411350896e-06
7.719566896358733e-07,-7.778381131545522e-06
7.719622978539153e-07,-7.745531639355995e-06
7.719675895563917e-07,-7.080761891724863e-06
7.719719060354742e-07,-4.913056584357988e-06
7.719751859553276e-07,-4.313804804400045e-06
7.719768157852222e-07,-3.771360583830739e-06
7.719800754450116e-07,-3.950306177257087e-06
7.719834943357247e-07,-3.490379430193668e-06
7.719893086056914e-07,-3.65382939439953e-06
7.719983464542451e-07,-2.844606679102985e-06
7.720118309202973e-07,-1.952364829357151e-06
7.720236436845361e-07,-9.970511083938627e-07
7.720295223780292e-07,-1.291311360051841e-06
7.720411747439006e-07,-8.983218699939076e-07
7.720533909035342e-07,-1.216592570713876e-06
7.720778232228013e-07,-8.943898469066094e-07
7.721120027363741e-07,-1.211433431587481e-06
7.721558367369856e-07,-9.065243811071289e-07
7.722078191718056e-07,-1.225699377973932e-06
7.722851275540493e-07,-9.272451256445087e-07
7.724278564052451e-07,-1.256268966760863e-06
7.724682394413735e-07,-9.457039944055324e-07
7.725490055136304e-07,-1.259039844887982e-06
7.726576885312016e-07,-9.473041223368571e-07
7.728354472039511e-07,-1.259576682129878e-06
7.731142058592835e-07,-9.472410830392772e-07
7.735781852511502e-07,-1.259424447549313e-06
7.742890926255751e-07,-9.470455012880549e-07
7.75e-07,-1.259205316510517e-06
7.750453338838287e-07,2.107775823357548e-06
7.751160541463739e-07,2.14722748361655e-06
7.751826878022203e-07,3.522901090430406e-07
7.75199547101722e-07,-2.075352150706407e-06
7.752248360509747e-07,-9.477471228924797e-06
7.752419514044643e-07,-1.765797061106935e-05
7.752501250002273e-07,-2.203163553749615e-05
7.752526250002272e-07,-4.422151353227825e-07
7.752547943664314e-07,-3.201763191177479e-05
7.752564716142165e-07,-5.494403375249572e-05
7.752579940616595e-07,-9.179610761686771e-05
7.752591114193884e-07,-0.0001069447683136756
7.752601250002272e-07,-0.0001391517304174872
7.752604253161823e-07,-0.0001218806651433265
7.752609043900382e-07,-0.0001191390203770259
7.752613372194081e-07,-0.0001172131241888819
7.752620867916818e-07,-0.0001164816642858497
7.752630107999843e-07,-0.0001164256781499983
7.752639751333342e-07,-0.0001165978079160043
7.752649800277301e-07,-0.0001172531326182628
7.752660893168186e-07,-0.0001192293787217569
7.752672995396638e-07,-0.0001207636728736942
7.752686652360104e-07,-0.0001154218592450102
7.752699190096556e-07,-0.000117809650294738
7.752709242125242e-07,-0.0001045708326118765
7.752717974973425e-07,-0.0001013941138152814
7.752724280337897e-07,-9.322237658683096e-05
7.75273104478553e-07,-9.371161215104775e-05
7.752738310690398e-07,-8.700560621676305e-05
7.752748175434474e-07,-8.800124251219153e-05
7.752759770355402e-07,-8.101339128354677e-05
7.752770556602592e-07,-8.366201904202814e-05
7.752782515399157e-07,-7.867999606052433e-05
7.752797406737852e-07,-8.229393867169458e-05
7.752811086945003e-07,-7.694633893561527e-05
7.752825183505159e-07,-8.075990107521161e-05
7.752833375093483e-07,-7.800810907665574e-05
7.752843822855487e-07,-8.747032111586956e-05
7.752853457961034e-07,-8.742858576798509e-05
7.752868425859361e-07,-9.566099869336625e-05
7.75288190149598e-07,-9.328430108459871e-05
7.752896250032616e-07,-0.00010003872721449
7.75291421214774e-07,-0.0001004348561825132
7.752937470108905e-07,-0.0001147248088004473
7.752961639768529e-07,-0.0001279844701206175
7.752989050918425e-07,-0.0001587982535578948
7.753018915156065e-07,-0.000189256132574081
7.753042907896042e-07,-0.0002255810991450961
7.753076997930387e-07,-0.0002726485194414003
7.753109146191141e-07,-0.0003259819985081711
7.753135652212438e-07,-0.0003588908066867423
7.753157987449721e-07,-0.0003859118994533709
7.753183213270766e-07,-0.0004049348873400647
7.753202521231715e-07,-0.0004200419148522146
7.753216212626664e-07,-0.0004135113857970588
7.753229985848043e-07,-0.0004115925631918392
7.753239851412483e-07,-0.0003999316638739088
7.753252545629919e-07,-0.0003966301315681433
7.753262634115698e-07,-0.0003795499506446316
7.753272303832383e-07,-0.0003736519537885134
7.753279292560776e-07,-0.0003609976452426713
7.75328682068625e-07,-0.0003581701928855099
7.753294517637671e-07,-0.000345772528378254
7.753304324631327e-07,-0.0003415381323515443
7.753317013584847e-07,-0.0003259829999765637
7.753328236421784e-07,-0.0003235668540105882
7.753340923700983e-07,-0.000312854572082461
7.753356481702744e-07,-0.0003150202768483421
7.753377677266665e-07,-0.0003133198876448725
7.75340895126696e-07,-0.0003347231770081189
7.753444043100993e-07,-0.0003609131149739595
7.753478499688138e-07,-0.0003987464175399824
7.753526271208711e-07,-0.0004239874565986262
7.753560240411053e-07,-0.0004317322728127984
7.753608329887142e-07,-0.0004128801292149448
7.753660642480303e-07,-0.0003865965181392141
7.753712755440082e-07,-0.0003427041779633788
7.753767959246213e-07,-0.00028093972723098
7.75382517682817e-07,-0.0001677198131198074
7.753872836705915e-07,-0.0001374523325482589
7.753918620246327e-07,-0.0001372830690780107
7.753969079902816e-07,-0.000198999031773971
7.754020295183295e-07,-0.0002535636989899228
7.754073737488306e-07,-0.000335872785395545
7.754138065809275e-07,-0.0003734131327662208
7.754193182380298e-07,-0.0003931804192005731
7.754273839400032e-07,-0.0003542736889114539
7.754345990080669e-07,-0.0003100260317198391
7.754424066972999e-07,-0.0001676455085856072
7.754490046017083e-07,-2.906993464609804e-05
7.754553567785508e-07,5.417012440619062e-05
7.754602120993499e-07,5.360808110147531e-05
7.754666612255942e-07,5.746845434101481e-05
7.754724046263864e-07,3.949605333306723e-05
7.754797142590274e-07,4.269986783796086e-05
7.754874419884634e-07,2.755266607524798e-05
7.754937209942317e-07,3.347052611068689e-05
7.755e-07,2.073940258013697e-05
7.755080888701875e-07,2.033498309819874e-05
7.755160812772086e-07,1.725919374535738e-05
7.755242889216523e-07,1.389955186378956e-05
7.755407042105395e-07,9.074907356537565e-06
7.755679240686028e-07,3.707561749705e-06
7.756051145698824e-07,5.895344056452596e-07
7.756580416191469e-07,-9.466983915803326e-07
7.75747813908917e-07,-1.132568170386003e-06
7.758800918227722e-07,-1.206948177876853e-06
7.761260123516347e-07,-1.075677462619874e-06
7.764565889878857e-07,-1.18367964088002e-06
7.769282139063451e-07,-1.056579795005259e-06
7.775922218936341e-07,-1.17255940200356e-06
7.785703964639657e-07,-1.048067146475468e-06
7.792851982319828e-07,-1.168087558389079e-06
7.8e-07,-1.045573986460061e-06
7.8003125e-07,-1.267102048083785e-06
7.800834469393398e-07,-1.282810677768601e-06
7.80178810125541e-07,-1.400270777969708e-06
7.802225949099198e-07,-2.581413154007766e-06
7.802381306284905e-07,-3.348787572348393e-06
7.802509823563538e-07,-3.979019297164833e-06
7.802641956897666e-07,-4.619709963987216e-06
7.802708023564729e-07,-4.965134906869505e-06
7.802768870268135e-07,-5.484389810596146e-06
7.802822268638707e-07,-6.212967050145587e-06
7.802880718136928e-07,-7.354874061844515e-06
7.8029323083339e-07,-9.33725470673257e-06
7.802961045621755e-07,-1.454112173949833e-05
7.802980610281265e-07,-1.877208389129136e-05
7.803006488778347e-07,-2.731156037970661e-05
7.803026667961702e-07,-3.239644442247221e-05
7.803056088323812e-07,-4.25500511032795e-05
7.803067454640571e-07,-5.083011592829047e-05
7.803075320860128e-07,-5.182543671203178e-05
7.803084386789707e-07,-5.527853015945018e-05
7.803093753210564e-07,-5.217065706008887e-05
7.803105356530828e-07,-5.027046804869023e-05
7.803115392148718e-07,-4.169516557679581e-05
7.803123734572743e-07,-3.730709262458654e-05
7.803131214389102e-07,-2.738257253517986e-05
7.803139938617613e-07,-2.187411255578017e-05
7.803146933225925e-07,-1.541646479448419e-05
7.803155411528174e-07,-1.40150647764814e-05
7.80316384672489e-07,-9.378234162579112e-06
7.803175318124703e-07,-9.476429163751756e-06
7.803190473232185e-07,-5.573316280324951e-06
7.803215656130887e-07,-6.599010243056576e-06
7.803245627825153e-07,-3.910062937829173e-06
7.803286602925673e-07,-6.203573321151859e-06
7.803345008687376e-07,-4.300698650428154e-06
7.803431469466494e-07,-7.403626288589796e-06
7.803546903211897e-07,-6.396640555882158e-06
7.803732058394701e-07,-1.10167964415725e-05
7.804088515911407e-07,-1.352728551918084e-05
7.804544257955703e-07,-1.952735929814297e-05
7.804772128977852e-07,-1.553740148035378e-05
7.805000000000001e-07,-1.34856019776657e-05
7.80509804626195e-07,-1.007706027316997e-05
7.805236051450531e-07,-7.600857721590656e-06
7.805366147055416e-07,-5.861101242577347e-06
7.805626338265187e-07,-3.568844362145192e-06
7.80590401582551e-07,-2.341830426780118e-06
7.806287474412939e-07,-1.589103911046282e-06
7.806767923430813e-07,-1.284262677013242e-06
7.807559138371315e-07,-1.135748732465311e-06
7.808819360329987e-07,-1.112392470061578e-06
7.810012114244394e-07,-1.099723361017435e-06
7.811196829647416e-07,-1.111309721842075e-06
7.81272542930844e-07,-1.099324285124028e-06
7.815782628630487e-07,-1.111159377424973e-06
7.821897027274583e-07,-1.098644251967554e-06
7.834125824562774e-07,-1.110345721053962e-06
7.85e-07,-1.097580574540172e-06
7.850648856535475e-07,-2.136876397929648e-06
7.851547031684988e-07,-2.242331289565099e-06
7.851973209904358e-07,-4.172088534173333e-06
7.852186299014042e-07,-4.764073952986331e-06
7.85232675154723e-07,-2.205292721862703e-06
7.852467540242009e-07,7.863748634299029e-06
7.852610253071935e-07,1.800172317912662e-05
7.852769394071204e-07,2.053508941119044e-05
7.852825111198934e-07,9.282247635818793e-06
7.852867359232494e-07,3.862600455438707e-06
7.852923618917176e-07,-2.834191714940542e-06
7.852966654695052e-07,-3.278424965821844e-06
7.852995350784913e-07,-1.322219846085975e-05
7.853026724395384e-07,-1.659383932671837e-05
7.853060068580597e-07,-2.666305394288481e-05
7.853095999160026e-07,-3.107578129899234e-05
7.853135403961325e-07,-5.614438637278032e-05
7.853155956020338e-07,-6.416091824399634e-05
7.853177685988938e-07,-7.872169191428251e-05
7.853198160799369e-07,-7.886347910351692e-05
7.853222722685587e-07,-9.150969064565787e-05
7.853234892797749e-07,-8.62319410265337e-05
7.853247396926566e-07,-8.392681023687318e-05
7.853255660192424e-07,-8.293405270135594e-05
7.853264223675427e-07,-9.383648342441816e-05
7.853271979567077e-07,-9.611861314299821e-05
7.853284085391582e-07,-0.0001010801848811789
7.853295556889686e-07,-9.629120824418297e-05
7.85330759093193e-07,-9.667418314368346e-05
7.853321232426947e-07,-9.093746744734389e-05
7.853339749576746e-07,-9.276821407620008e-05
7.85336261252806e-07,-9.277384086343594e-05
7.853387144868612e-07,-0.0001028193983555241
7.853415254852078e-07,-9.945249912331731e-05
7.853440102023756e-07,-9.066543138031377e-05
7.853466588943931e-07,-6.954865024780642e-05
7.853496029231431e-07,-6.218978933010937e-05
7.853527538409481e-07,-5.200761591710725e-05
7.853556487026417e-07,-5.342869907422887e-05
7.853594249485843e-07,-4.538402344980398e-05
7.853642610736011e-07,-4.664419782946921e-05
7.853709206077502e-07,-3.872598400007767e-05
7.853806066995687e-07,-5.164120335096119e-05
7.853901268188943e-07,-0.0001004442848336008
7.854005597772758e-07,-0.0001956355898569506
7.854093578801378e-07,-0.0002591451675658827
7.85417766344907e-07,-0.0003356649019726187
7.854249486580697e-07,-0.0003510797000662339
7.854332296559483e-07,-0.0003783234547725749
7.854420458261473e-07,-0.0003591386403279197
7.854505323391276e-07,-0.0003360245290408229
7.854579505992408e-07,-0.0002304586022617139
7.854645683561381e-07,-0.0001576337296073171
7.854706675419226e-07,-9.788797225100222e-05
7.854754396408442e-07,-9.152494767970755e-05
7.854808162321856e-07,-6.574372590492634e-05
7.854872351525127e-07,-6.798385110389246e-05
7.854941756609371e-07,-4.704862730363706e-05
7.855e-07,-5.310753887305421e-05
7.855060118381707e-07,-3.858663252869332e-05
7.855132707587459e-07,-3.197490142387552e-05
7.855205704814309e-07,-2.641649141607991e-05
7.855351699268009e-07,-1.749891535352497e-05
7.855606386302259e-07,-8.200480427907742e-06
7.855877537190439e-07,-3.754291417432494e-06
7.856185582871643e-07,-2.002694660331715e-06
7.856541260750232e-07,-1.270249169813278e-06
7.857022470728362e-07,-1.217244140801703e-06
7.857719595328729e-07,-1.071571546235805e-06
7.858903867245665e-07,-1.188712313521338e-06
7.860757325310827e-07,-1.057933430072548e-06
7.863325401775003e-07,-1.175708179918508e-06
7.866916678952106e-07,-1.049641422431976e-06
7.872064578000178e-07,-1.169454158579339e-06
7.879586088218823e-07,-1.045267809120787e-06
7.89047678566876e-07,-1.166229341113211e-06
7.900000000000001e-07,-1.043355691459502e-06
7.900473414074827e-07,-6.150064562992418e-07
7.901161917017395e-07,-6.090186343490849e-07
7.901451582115733e-07,-6.094944347122666e-07
7.90203091231241e-07,-9.890497167780988e-07
7.902260298518776e-07,-1.536544033914471e-06
7.902412024617249e-07,-1.770314783163291e-06
7.902597796255996e-07,-1.850091667087543e-06
7.902750019562038e-07,-1.905316228800259e-06
7.902927131851577e-07,-2.029860986815444e-06
7.902990809289305e-07,-1.947589607005329e-06
7.903066417037772e-07,-1.732383442364529e-06
7.90315051242309e-07,-1.211509334936617e-06
7.90321977699685e-07,-8.554278227036551e-07
7.903308745699655e-07,-7.09937051902694e-07
7.903382632361471e-07,-7.352504325791476e-07
7.903456674305505e-07,-6.829370609739716e-07
7.903593680647998e-07,-7.089205501086157e-07
7.903863361561229e-07,-6.702030194571695e-07
7.904361714794806e-07,-7.224914324239927e-07
7.905000000000001e-07,-7.533716303041163e-07
7.905168935659057e-07,-1.025875580197439e-06
7.905417445156797e-07,-1.104424203480232e-06
7.905648967808065e-07,-1.115905096436548e-06
7.906112013110602e-07,-1.119400805890781e-06
7.906498479137161e-07,-1.12049754352964e-06
7.907247945354226e-07,-1.119085350526497e-06
7.908688043419392e-07,-1.120139347521142e-06
7.911568239549724e-07,-1.105553811228629e-06
7.913273938764647e-07,-1.069481659063998e-06
7.91468398371039e-07,-9.887976357193954e-07
7.916117166572202e-07,-8.921315718298842e-07
7.917534985146479e-07,-1.094382798589189e-06
7.918056526640109e-07,-1.965370807914664e-06
7.918239275449648e-07,-2.092922150096243e-06
7.918451483679174e-07,-2.24699682980903e-06
7.918664013842258e-07,-2.399760061849437e-06
7.918814749202162e-07,-3.27996482203407e-06
7.918869199758176e-07,-4.37435726943767e-06
7.91891498363893e-07,-5.336962527152978e-06
7.918970708056169e-07,-6.585529469323315e-06
7.919020340642751e-07,-7.306141040534613e-06
7.919072551921908e-07,-7.807305339935414e-06
7.919127833795676e-07,-7.711643761964465e-06
7.919180521312804e-07,-6.654199062142531e-06
7.919220080660543e-07,-4.715273551238978e-06
7.919254016177731e-07,-4.108053623758334e-06
7.919302587124811e-07,-3.630523805548161e-06
7.919336690476468e-07,-3.73513122067298e-06
7.919383735497801e-07,-3.399563382087106e-06
7.91946388691104e-07,-3.204147730829071e-06
7.919609297779218e-07,-1.728211758375626e-06
7.919724939160775e-07,-1.285274281795811e-06
7.919782759851554e-07,-1.03141542781087e-06
7.919898401233112e-07,-1.170383507092015e-06
7.920017467705111e-07,-9.460011518682476e-07
7.920255600649111e-07,-1.166333979385936e-06
7.920573245760942e-07,-9.38935580522674e-07
7.921008516912146e-07,-1.177960149865896e-06
7.921514633367889e-07,-9.527948000326487e-07
7.922263553292913e-07,-1.198000465265024e-06
7.923574064063084e-07,-9.824913378509966e-07
7.924004859005377e-07,-1.217207923827664e-06
7.924866448889963e-07,-9.866729029346356e-07
7.925948891476231e-07,-1.219656388080657e-06
7.927572917013479e-07,-9.872885385116797e-07
7.929937903044782e-07,-1.219651267542087e-06
7.93423524403378e-07,-9.871738785711831e-07
7.942829926011778e-07,-1.219408642310552e-06
7.95e-07,-9.869291766746124e-07
7.950454989948987e-07,2.107589030795733e-06
7.951163908674438e-07,2.146342617935889e-06
7.951809246475468e-07,5.235022297134229e-07
7.951982247357169e-07,-1.808101216606473e-06
7.952241748679721e-07,-9.199119980403945e-06
7.952371499340997e-07,-1.511806510648576e-05
7.952501250002273e-07,-2.202153723032528e-05
7.952526250002272e-07,3.269018634259976e-05
7.952550996334868e-07,-3.160599374665589e-05
7.952572220721206e-07,-7.492091836191852e-06
7.95258875221064e-07,-7.064041589855747e-05
7.952601250002272e-07,-4.258179497839756e-05
7.952604123454957e-07,-8.100645094938672e-05
7.952609649964016e-07,-8.157986841271918e-05
7.952614449597999e-07,-8.147574626960263e-05
7.952622474720956e-07,-8.184320911745364e-05
7.952633578692655e-07,-7.899265735855923e-05
7.952645392011789e-07,-7.660499555363331e-05
7.952657239392184e-07,-7.50213986194109e-05
7.952669269849798e-07,-7.852658462011698e-05
7.952681939106579e-07,-7.444868264402891e-05
7.952696969912165e-07,-7.068425572561633e-05
7.952712365683654e-07,-6.166208296749193e-05
7.952732383666355e-07,-5.679720141921222e-05
7.952749648558293e-07,-5.189299228383159e-05
7.95276826852002e-07,-5.301897733108814e-05
7.952788473571634e-07,-5.236294779950355e-05
7.952806443470181e-07,-5.440758464576318e-05
7.95282082957e-07,-5.2564709393084e-05
7.952830902929179e-07,-5.657024072247929e-05
7.952842371163072e-07,-6.0851420100093e-05
7.952852239877285e-07,-6.77384969949184e-05
7.952865917717262e-07,-7.016727024231402e-05
7.952879922813745e-07,-7.49219794615311e-05
7.95289443336228e-07,-7.571897311248226e-05
7.952912400334994e-07,-8.233545689623617e-05
7.952935507266524e-07,-8.98854403037189e-05
7.952959633990815e-07,-0.0001095692099515329
7.952986950048141e-07,-0.0001356955779401695
7.953016872235384e-07,-0.0001776944546666052
7.953040845490505e-07,-0.0002142631310828491
7.953075043490973e-07,-0.0002802920772394224
7.953107115716783e-07,-0.0003393912100480042
7.953134559883279e-07,-0.0003898429018637638
7.953156807089185e-07,-0.0004184921168641367
7.953181558006118e-07,-0.0004537347737737227
7.953195305843147e-07,-0.0004672374749434792
7.953209708357203e-07,-0.0004757628415254411
7.953222297520134e-07,-0.0004743687111769735
7.953232925868213e-07,-0.0004699573301687425
7.953242533194929e-07,-0.0004680062192900971
7.953251530067293e-07,-0.0004631126595992624
7.953261221810981e-07,-0.0004528773893686317
7.953270238074006e-07,-0.0004370939900512327
7.953277517971136e-07,-0.0004284495568477622
7.953285361961828e-07,-0.0004153242011688661
7.953292703157701e-07,-0.0004061981097991876
7.95330206518561e-07,-0.0003907989876268028
7.953314725780465e-07,-0.0003724119202072538
7.953325800849871e-07,-0.0003546184546293381
7.953338089656467e-07,-0.0003390050998088582
7.95335274912109e-07,-0.0003198302751439952
7.95337242461432e-07,-0.0003007160247858692
7.953400812490986e-07,-0.0002779802309009686
7.953437392361985e-07,-0.0002620547641346728
7.953471496271193e-07,-0.0002525810365401766
7.953513640500979e-07,-0.0002467791869972668
7.953549176644312e-07,-0.0002344768322829657
7.953589771894444e-07,-0.0002184343994441775
7.953641688314078e-07,-0.0001930811109411461
7.953693704588615e-07,-0.0001722028384094012
7.953747729392017e-07,-0.0001513302555847474
7.953807871378491e-07,-0.0001385728789848272
7.953883047916372e-07,-0.0001656745169185193
7.953983167778158e-07,-0.0003483775281879713
7.954059874426066e-07,-0.0005509842555240328
7.95412599766651e-07,-0.0006582250993459105
7.954181280326671e-07,-0.0006805953247511895
7.954251295484225e-07,-0.0006441567128042031
7.954315303731612e-07,-0.000565965134148124
7.954380725669171e-07,-0.0003849737983445257
7.954436454483357e-07,-0.0001676009109708766
7.954489082249591e-07,-1.845228426576188e-05
7.954544972228616e-07,5.478847917147452e-05
7.954593238039343e-07,5.879944651026174e-05
7.954644142119855e-07,6.269783029358906e-05
7.954701865333986e-07,4.745345242640709e-05
7.954777283705235e-07,4.948259867088016e-05
7.954852328413578e-07,3.60688605928363e-05
7.954926164206789e-07,4.104184752864875e-05
7.955e-07,2.756971343569732e-05
7.955063815158862e-07,2.755991036214899e-05
7.955143238722685e-07,2.375751788416966e-05
7.955223355708105e-07,1.967367990257346e-05
7.955374711048266e-07,1.361380249395236e-05
7.955640057643138e-07,6.203622492302277e-06
7.955997344885584e-07,1.5629982704177e-06
7.956503646762577e-07,-7.132721063006994e-07
7.957336713016258e-07,-1.162018214686001e-06
7.958421890443846e-07,-1.214555665130724e-06
7.960584888972657e-07,-1.095501007271397e-06
7.963666559644389e-07,-1.182588684936471e-06
7.96807638814509e-07,-1.069489442048838e-06
7.974185089440991e-07,-1.167999209795045e-06
7.983103362431578e-07,-1.058095831507258e-06
7.99155168121579e-07,-1.161968100135589e-06
8.000000000000001e-07,-1.053988060882468e-06
8.0003125e-07,-1.26939828744165e-06
8.000834469393398e-07,-1.282697230256622e-06
8.001878408180193e-07,-1.497406149061873e-06
8.00226860715767e-07,-2.799416733735253e-06
8.002424627675998e-07,-3.551523754178851e-06
8.002563788481585e-07,-4.255902869510408e-06
8.002698536566527e-07,-4.884553126543785e-06
8.002740798780466e-07,-5.244972390277468e-06
8.002825323208345e-07,-6.212109144389824e-06
8.002887361093375e-07,-7.547670849332699e-06
8.002942826812504e-07,-1.049020015433903e-05
8.00296855938448e-07,-1.663518748282625e-05
8.002988437706881e-07,-2.094810114614647e-05
8.003011581070716e-07,-2.927100752902866e-05
8.003032931457676e-07,-3.363720083737114e-05
8.003061988198663e-07,-4.706617872801864e-05
8.003072684030362e-07,-5.236396424032449e-05
8.003081322846103e-07,-5.371384330854322e-05
8.003089876227472e-07,-5.387102630587798e-05
8.003102317676113e-07,-5.011838536717521e-05
8.003112682180723e-07,-4.447140178187395e-05
8.003121643971337e-07,-3.720959168534651e-05
8.003129040662798e-07,-3.036786010786472e-05
8.003137569341971e-07,-2.174812037547471e-05
8.003146124247309e-07,-1.693830428392996e-05
8.003154783976718e-07,-1.247187024474603e-05
8.003163395178071e-07,-1.091618419938271e-05
8.003173920006316e-07,-8.020128358661481e-06
8.003190515157308e-07,-7.105858393084903e-06
8.003215530742678e-07,-4.999565440277945e-06
8.003245943321639e-07,-5.497711092179868e-06
8.003286598434983e-07,-4.60814095296432e-06
8.003345983755695e-07,-5.905234235842186e-06
8.003432361782957e-07,-5.815691864091772e-06
8.003548600811038e-07,-8.014137385256837e-06
8.003733845843577e-07,-9.442243309692752e-06
8.004097487272685e-07,-1.523980597605036e-05
8.004548743636343e-07,-1.792165664194871e-05
8.004774371818172e-07,-1.709351587171674e-05
8.005000000000001e-07,-1.193858860066735e-05
8.005097907595413e-07,-1.007771058923255e-05
8.005235191557202e-07,-7.593880525916633e-06
8.005364679546103e-07,-5.865705625492651e-06
8.005623655523905e-07,-3.578291004453915e-06
8.005901473232616e-07,-2.347298728311621e-06
8.006284962976923e-07,-1.591200814755191e-06
8.006765744536258e-07,-1.285996405803401e-06
8.007555646695268e-07,-1.136800832787653e-06
8.008808192847846e-07,-1.113579853246844e-06
8.010005817665902e-07,-1.100370591389263e-06
8.01118794507983e-07,-1.112264459077574e-06
8.012712425460783e-07,-1.099976150990213e-06
8.015761386222689e-07,-1.112024436261339e-06
8.021859307746501e-07,-1.099199805644258e-06
8.034055150794125e-07,-1.111028625929643e-06
8.05e-07,-1.097930944801073e-06
8.050650194115775e-07,-2.114279118148608e-06
8.051549603199071e-07,-2.197812693544135e-06
8.051976996951338e-07,-3.844706066088526e-06
8.052190693827473e-07,-4.009653468799971e-06
8.052330610845886e-07,-8.084563110911167e-07
8.052471750158046e-07,9.796274710651473e-06
8.052613986741739e-07,2.017934592027491e-05
8.052775126933218e-07,2.259251442528797e-05
8.052827271146282e-07,1.089928003873745e-05
8.052869144002747e-07,6.345158968046988e-06
8.052924162060763e-07,-7.124019501044812e-07
8.052967227154984e-07,-1.769387027486392e-06
8.052996271997585e-07,-1.499310583231797e-05
8.053027515869943e-07,-2.047575843225733e-05
8.053061085251852e-07,-3.31415891805932e-05
8.053096796947178e-07,-3.910113301590582e-05
8.053136623084688e-07,-7.320059387278221e-05
8.053157471724499e-07,-8.420715904983448e-05
8.053179078935515e-07,-0.0001023377163783379
8.053200074865899e-07,-0.0001010248976572392
8.053216790079462e-07,-0.0001150094266208845
8.05322718086369e-07,-0.0001110338150476751
8.053239513090865e-07,-0.000108246791308189
8.05324932888928e-07,-9.716181388942303e-05
8.053256269742767e-07,-0.0001049251322631693
8.053264060998174e-07,-0.0001112715760560432
8.053271838476651e-07,-0.000122660018598844
8.05328511483164e-07,-0.0001204741923028041
8.053296315643991e-07,-0.0001204293194873574
8.053308327550185e-07,-0.0001108273219946819
8.053321836522205e-07,-0.0001100675273247892
8.053341784669941e-07,-0.0001001967361863165
8.053364715230433e-07,-0.0001071367764931725
8.053389713123499e-07,-0.0001096462595323108
8.053419462553559e-07,-0.000114142677804276
8.053443870139787e-07,-9.646849781370065e-05
8.053471764487867e-07,-8.478575684083825e-05
8.053501173793712e-07,-6.91927935882461e-05
8.053531651277487e-07,-6.817531479280804e-05
8.053561142347635e-07,-5.999870010115458e-05
8.05360063367463e-07,-6.169069594524387e-05
8.053651158175265e-07,-5.404102236453308e-05
8.053721222386232e-07,-5.780430755747034e-05
8.053823657723926e-07,-7.598964261995945e-05
8.053918867479905e-07,-0.0001809227841881936
8.05402490249027e-07,-0.0003064457212281765
8.054103770646035e-07,-0.0003928569199455706
8.054192224353993e-07,-0.0004675798393325587
8.0542625808196e-07,-0.000486719437039462
8.054341174871599e-07,-0.0004978434859853452
8.054431118752874e-07,-0.0004744908664822793
8.05451773925499e-07,-0.0003969560816952483
8.054583666213438e-07,-0.0002748858591171674
8.054651340176171e-07,-0.0001860642731785276
8.054713608824039e-07,-0.0001337791144306524
8.054762672035071e-07,-0.0001166916823465086
8.054810292709277e-07,-9.956438369249249e-05
8.054866559499142e-07,-9.074345569770454e-05
8.054919892554391e-07,-7.833860280649277e-05
8.054959946277196e-07,-7.41548808074426e-05
8.055000000000001e-07,-6.629124409810294e-05
8.055056319308041e-07,-5.661690180759717e-05
8.055117256195405e-07,-4.862404255875608e-05
8.055181155939699e-07,-4.099254118142045e-05
8.055308955428288e-07,-2.875757792049745e-05
8.055537340413292e-07,-1.425736070921088e-05
8.055804008067461e-07,-6.342126289145065e-06
8.056100763772826e-07,-2.769780861805858e-06
8.056440651085508e-07,-1.617996707906e-06
8.056881068209672e-07,-1.164439392825112e-06
8.057507268690517e-07,-1.185935190928224e-06
8.058521347278275e-07,-1.096168128686366e-06
8.060238924535474e-07,-1.168884929419593e-06
8.062590980870274e-07,-1.078148180420913e-06
8.065891407533763e-07,-1.156748480945205e-06
8.070565056829102e-07,-1.069233913758742e-06
8.077406632759953e-07,-1.15040258895806e-06
8.087334888985721e-07,-1.064579689861237e-06
8.100000000000001e-07,-1.147284335745161e-06
8.100538036641661e-07,-6.185260734121547e-07
8.101287849572637e-07,-6.188084673955049e-07
8.101635225443241e-07,-6.208018779900044e-07
8.102250150226842e-07,-1.599564393850197e-06
8.1024237209769e-07,-1.786977642606895e-06
8.10257886150493e-07,-1.836627958905626e-06
8.102732968631221e-07,-1.901013517715643e-06
8.102912938231413e-07,-2.020907227579811e-06
8.102973019864992e-07,-1.998288421521648e-06
8.103056850928491e-07,-1.752112068967208e-06
8.103143630880495e-07,-1.274771848798924e-06
8.103214330473144e-07,-8.595347495330339e-07
8.103298161323362e-07,-7.26838007439078e-07
8.103376881736907e-07,-7.295577666136637e-07
8.103447939228184e-07,-6.931937720938061e-07
8.103581788047493e-07,-7.03286007070298e-07
8.10384948568611e-07,-6.790856725721105e-07
8.104384880963345e-07,-7.170167075284787e-07
8.105000000000001e-07,-7.620069667479591e-07
8.10517080966716e-07,-1.026378494912131e-06
8.105418101161843e-07,-1.104376890783844e-06
8.105645927381027e-07,-1.116454539479543e-06
8.106101579819396e-07,-1.119782473933411e-06
8.106487587681065e-07,-1.121334040448777e-06
8.107233748600677e-07,-1.119425869821583e-06
8.108649999739763e-07,-1.12048405498597e-06
8.111482502017935e-07,-1.10022608335568e-06
8.113928531911454e-07,-1.014040996646468e-06
8.115645310687869e-07,-8.921992034661894e-07
8.117131143513266e-07,-1.235390672219428e-06
8.117766974929075e-07,-2.17467575313115e-06
8.117913334167461e-07,-2.198865185197288e-06
8.118206052644235e-07,-2.504513833177696e-06
8.118264375535735e-07,-2.771500934440759e-06
8.118381021318735e-07,-4.772209842668289e-06
8.118436171006243e-07,-5.868711269308653e-06
8.118495859354724e-07,-7.058964752780798e-06
8.118550995390631e-07,-7.570891121883805e-06
8.118611299946296e-07,-7.776321919335771e-06
8.118665040834324e-07,-6.948258197487895e-06
8.118709693081991e-07,-4.964421611858395e-06
8.118742948565231e-07,-4.181588722987022e-06
8.118759514503493e-07,-3.837558281257677e-06
8.118792646380017e-07,-3.826183101068714e-06
8.118827285877038e-07,-3.563685001786845e-06
8.11888648617657e-07,-3.534852074685877e-06
8.118979129542451e-07,-2.922044696098857e-06
8.119115926008946e-07,-1.843812635273019e-06
8.119235626702824e-07,-1.093981141922518e-06
8.119295118046067e-07,-1.195492232148326e-06
8.119412821961352e-07,-9.978545483485982e-07
8.119536840096837e-07,-1.121939101302226e-06
8.119784876367809e-07,-9.926981676928756e-07
8.120135254931757e-07,-1.116276198222172e-06
8.120579668990698e-07,-1.004445110979778e-06
8.121113243281517e-07,-1.130357918202905e-06
8.121918230394222e-07,-1.025215214110987e-06
8.123391404707549e-07,-1.16071971770202e-06
8.123796548047702e-07,-1.043140448514121e-06
8.124606834728007e-07,-1.163173348465901e-06
8.125713470581003e-07,-1.044555130964786e-06
8.127563904348652e-07,-1.163620222884183e-06
8.130488062006149e-07,-1.044453739853953e-06
8.135419540416624e-07,-1.163410459481635e-06
8.142709770208312e-07,-1.044181983764233e-06
8.15e-07,-1.163117405907641e-06
8.150458224838966e-07,1.834187224255191e-06
8.151170499778008e-07,1.842861646841146e-06
8.151430761055697e-07,1.703477125981991e-06
8.151951283611074e-07,-1.155430303066956e-06
8.152088775208873e-07,-3.877774955876563e-06
8.152295012605573e-07,-1.043221768222454e-05
8.152501250002273e-07,-2.067203033342467e-05
8.152526250002273e-07,-6.46181195190942e-05
8.152554061982825e-07,-5.594649462836295e-05
8.152565238112394e-07,-0.0001669231879709506
8.152575508586079e-07,-0.0001310166323188577
8.152585830947364e-07,-0.0002459413340682371
8.152593540474818e-07,-0.0002025271492043818
8.152601250002273e-07,-0.0003107911412096534
8.1526039449222e-07,-0.0002027403000222628
8.152607962979916e-07,-0.0001947271207671826
8.152611687112646e-07,-0.0001889189219749005
8.152618750706463e-07,-0.0001837847854757515
8.152628091041095e-07,-0.0001862402833658584
8.15263750156374e-07,-0.0001907279734484888
8.152647939359679e-07,-0.000197571864176051
8.15265823519609e-07,-0.0002026039319785147
8.152670387546053e-07,-0.0002048715630928339
8.152683350424105e-07,-0.0001973518132418973
8.152696440120974e-07,-0.0002109684127486999
8.152707397369995e-07,-0.0001912818847744381
8.152716222336972e-07,-0.0001796780813626639
8.152722971499322e-07,-0.000166115084368225
8.152730097493206e-07,-0.0001633421279092573
8.152737045703886e-07,-0.0001535664237071982
8.152746443556593e-07,-0.0001527489204800837
8.152757798790961e-07,-0.0001407477220051871
8.152768460495008e-07,-0.0001410420900275649
8.152780148357873e-07,-0.0001319627133583895
8.152794366319892e-07,-0.0001341401941701394
8.152808316165571e-07,-0.0001257294934913941
8.152822018771644e-07,-0.0001284244304089833
8.15283050910613e-07,-0.0001223346689026208
8.152841693785202e-07,-0.0001306823400760952
8.152850989150018e-07,-0.0001286950123930968
8.152863103511717e-07,-0.0001363644112176885
8.152880211944758e-07,-0.0001319630488518089
8.152893275286984e-07,-0.0001385671324900861
8.152909708400233e-07,-0.0001372688869000322
8.152931207962892e-07,-0.0001520571878041036
8.15295554495307e-07,-0.0001642525282451942
8.152981007446242e-07,-0.0001961047149088586
8.153004669639901e-07,-0.0002201918610873564
8.153028839394754e-07,-0.0002605545066743097
8.153055235788754e-07,-0.0002992890224388486
8.153084025084875e-07,-0.0003583738192963111
8.153115799061328e-07,-0.0004128460949833937
8.153139457139887e-07,-0.0004579136474998905
8.153162150278616e-07,-0.000481431545202031
8.153181018834188e-07,-0.0005069133805500797
8.153192186218902e-07,-0.0005114559922207421
8.153205590213865e-07,-0.0005207530964783091
8.153217149684629e-07,-0.0005171741033612755
8.153228189129617e-07,-0.0005163515432036138
8.15323734833099e-07,-0.0005065245816136764
8.153250697314931e-07,-0.0004993082534372612
8.153264845746962e-07,-0.00048390954322689
8.153279911781884e-07,-0.0004768524242932904
8.153297321064525e-07,-0.0004647188077814538
8.153320159290637e-07,-0.0004674559209449473
8.153353730195702e-07,-0.000491208904798829
8.153389191659895e-07,-0.0005655777023216766
8.153438948005995e-07,-0.0007155743986232469
8.153477306953681e-07,-0.0008585094277319385
8.15351803392341e-07,-0.0009711138153217944
8.153558180268503e-07,-0.00104468073611432
8.15360995368522e-07,-0.001056780939908206
8.153663365488984e-07,-0.001019730941745754
8.153719321798655e-07,-0.0009267308949358706
8.153784780185475e-07,-0.0007324085317539249
8.153838529630819e-07,-0.0004428271383006741
8.153889850166277e-07,-0.0002153069198457799
8.153933823497976e-07,-7.411395695685885e-05
8.153982194132722e-07,-2.118515236671358e-05
8.154027599801447e-07,1.649033153342988e-05
8.154072239803585e-07,6.631871487593152e-06
8.154128144514638e-07,2.379339707148309e-05
8.154181612995932e-07,1.205487702028601e-05
8.154243807434648e-07,2.733418552847082e-05
8.154315621955003e-07,1.735107013047203e-05
8.154397100087922e-07,2.91404917310466e-05
8.15448100401375e-07,1.713862565299542e-05
8.154570539655441e-07,2.502022163423347e-05
8.154661073778623e-07,1.232481269132948e-05
8.154752867249809e-07,1.880370175315018e-05
8.15484401449673e-07,7.238659357466492e-06
8.154933992982e-07,1.353821163064796e-05
8.155000000000001e-07,4.04461790602561e-06
8.15507819384078e-07,5.304433844388853e-06
8.155151730019104e-07,4.606140838830762e-06
8.155233180808544e-07,3.311852646133633e-06
8.155376019830151e-07,2.069032849588634e-06
8.155661697873364e-07,1.751183225512849e-07
8.156233053959789e-07,-9.08796213153512e-07
8.157375216164106e-07,-1.289611326603244e-06
8.158922732027477e-07,-1.055842921173669e-06
8.161319614344534e-07,-1.218311898097688e-06
8.164559976101112e-07,-1.041837689519571e-06
8.169283477474694e-07,-1.196867121619822e-06
8.17612865323591e-07,-1.032480717575757e-06
8.186086255874343e-07,-1.187365042676254e-06
8.200000000000001e-07,-1.027748927753909e-06
8.200312500000001e-07,-1.265252553450877e-06
8.200834469393398e-07,-1.282636452980334e-06
8.201878408180194e-07,-1.495374387176938e-06
8.202268607157669e-07,-2.798589420695378e-06
8.202424822090893e-07,-3.551279001292808e-06
8.20256388673889e-07,-4.249747691180699e-06
8.20269857483559e-07,-4.884132690291574e-06
8.202740795334486e-07,-5.244321562107763e-06
8.20282523633228e-07,-6.211000554809693e-06
8.202887237983117e-07,-7.544529018155537e-06
8.202942714495231e-07,-1.048541335908598e-05
8.202968461119247e-07,-1.663480441276292e-05
8.202988334123974e-07,-2.095004529066227e-05
8.203011478419729e-07,-2.928201278063227e-05
8.203032815841146e-07,-3.36516127981043e-05
8.203061857090225e-07,-4.70848599322443e-05
8.203072548580155e-07,-5.238482888404158e-05
8.203081182167442e-07,-5.373209977311207e-05
8.203089731408333e-07,-5.388677438726383e-05
8.203102169840675e-07,-5.012950043663491e-05
8.203112532518304e-07,-4.448286921514588e-05
8.203121493499703e-07,-3.721772730706365e-05
8.203128888088041e-07,-3.037769047987077e-05
8.203137413583535e-07,-2.175344625747907e-05
8.203149643308185e-07,-1.499023838490498e-05
8.203158204668468e-07,-1.143463006618896e-05
8.203167345771707e-07,-9.900937824908707e-06
8.2031784250188e-07,-7.482508256711954e-06
8.203200583512985e-07,-6.33629303331814e-06
8.203227055293147e-07,-4.859567813160503e-06
8.20326166159348e-07,-5.36431568603573e-06
8.203307368498343e-07,-4.797552886209395e-06
8.203383962307801e-07,-6.155281271645756e-06
8.203479507538625e-07,-6.392479134194815e-06
8.203622015361791e-07,-8.825090303861596e-06
8.203853017601428e-07,-1.111501563296638e-05
8.204304538965772e-07,-1.754792066155724e-05
8.204652269482886e-07,-1.752132538006192e-05
8.204826134741443e-07,-1.605650121724792e-05
8.205e-07,-1.189523592052444e-05
8.205092933815092e-07,-1.00890129000025e-05
8.20521256445598e-07,-7.912238730809433e-06
8.205327070910431e-07,-6.29505113426362e-06
8.205556083819332e-07,-4.031241829200023e-06
8.205825985258845e-07,-2.607422636014342e-06
8.206185744501585e-07,-1.695172948638474e-06
8.206634646627732e-07,-1.35965473814927e-06
8.207326566099219e-07,-1.134657039980941e-06
8.20843710054128e-07,-1.139235347352151e-06
8.208780383961233e-07,-1.078485212778727e-06
8.209466950801139e-07,-1.13763641416083e-06
8.21050572214036e-07,-1.073809770367563e-06
8.212583264818803e-07,-1.13699584504501e-06
8.215486145494373e-07,-1.073246982035271e-06
8.221291906845512e-07,-1.136586279879062e-06
8.232903429547791e-07,-1.072350889232606e-06
8.25e-07,-1.13556758056611e-06
8.250671616404707e-07,-2.15819320798247e-06
8.251590674101381e-07,-2.365247877247638e-06
8.252037630043399e-07,-5.205744860789469e-06
8.252247934161212e-07,-5.306971831766401e-06
8.252386760082235e-07,1.149092720975949e-08
8.252569745236608e-07,1.390479926434834e-05
8.252712862671731e-07,1.892828090797704e-05
8.2527677203355e-07,1.638655668271198e-05
8.252824177045398e-07,8.592221680442388e-06
8.252869192969608e-07,-6.001453159536947e-07
8.252920181124954e-07,-3.202048208911115e-06
8.252963311814044e-07,-6.251107831100122e-06
8.252990587950479e-07,-9.481285556377013e-06
8.253021803598335e-07,-1.400680664771738e-05
8.253053391780571e-07,-1.784254829850384e-05
8.253090619055955e-07,-2.403912848620087e-05
8.253128483518009e-07,-3.548922356848828e-05
8.253148145491171e-07,-4.424162736496498e-05
8.253171013134617e-07,-5.175503403970084e-05
8.253189728276783e-07,-5.74137189492477e-05
8.253216246885507e-07,-6.274579319484238e-05
8.253228800178206e-07,-6.783116486878968e-05
8.253242999472724e-07,-6.337384908843973e-05
8.253253456457651e-07,-6.67903711335925e-05
8.25326423021238e-07,-6.940204607935196e-05
8.253272058295363e-07,-7.567396744070272e-05
8.253282386964452e-07,-7.484718986038661e-05
8.253295041806574e-07,-7.818103347450377e-05
8.25330655349818e-07,-7.529027365617886e-05
8.253320111909321e-07,-7.845518673563426e-05
8.253338002061888e-07,-7.728632433498456e-05
8.253360855212028e-07,-8.573426333477726e-05
8.25338506565521e-07,-8.855929185502672e-05
8.253413359320489e-07,-9.256215361572948e-05
8.253438715434581e-07,-7.710391885047892e-05
8.253464620293146e-07,-6.297352020358143e-05
8.253494436551817e-07,-4.818757493020277e-05
8.253525960422622e-07,-4.567696829330364e-05
8.253554827167206e-07,-3.969414805286164e-05
8.253591657523227e-07,-3.854181501168268e-05
8.253639304525656e-07,-3.143178805864593e-05
8.253704294025444e-07,-2.943269987841528e-05
8.253799088345541e-07,-2.738067609613689e-05
8.253894445004854e-07,-4.942891804432373e-05
8.253997676916656e-07,-8.906152811929414e-05
8.254094433026158e-07,-0.0001431113544957467
8.25419280360039e-07,-0.000208584361897986
8.254267816230166e-07,-0.0002472782308334224
8.254364434242562e-07,-0.0002781043098374463
8.254465424601216e-07,-0.0002883880626305454
8.254562024601861e-07,-0.0002755613663636423
8.254652947003235e-07,-0.0002167905644288019
8.254733668310729e-07,-0.0001331879888317626
8.25478211448317e-07,-9.239551964668912e-05
8.254829312961094e-07,-6.625072442819882e-05
8.254898707582016e-07,-4.479796706652275e-05
8.254955907125499e-07,-3.530885737928693e-05
8.255e-07,-3.110898476714198e-05
8.25507572970572e-07,-2.266284881762013e-05
8.255147198641852e-07,-1.815733033758757e-05
8.255220538495405e-07,-1.477355002605581e-05
8.255367218202512e-07,-9.816495804248771e-06
8.255624039251192e-07,-4.833867100843116e-06
8.255894319962548e-07,-2.521309083062202e-06
8.256200687551398e-07,-1.585654849037371e-06
8.256552801415662e-07,-1.209742755003925e-06
8.257028851997713e-07,-1.165199542438246e-06
8.257715709471353e-07,-1.098219427810916e-06
8.258877631730763e-07,-1.146001831436624e-06
8.260728270740573e-07,-1.087989656481882e-06
8.263285959556377e-07,-1.136985803468851e-06
8.26686281236404e-07,-1.082241030045245e-06
8.271977089269387e-07,-1.132737456455151e-06
8.279455119229674e-07,-1.07923348143842e-06
8.290289183961812e-07,-1.130494422655662e-06
8.3e-07,-1.07784852784378e-06
8.300477518234164e-07,-6.206870248980101e-07
8.301169994665971e-07,-6.201323415293549e-07
8.301463268406989e-07,-6.186251239597148e-07
8.302049815889023e-07,-1.037580171205114e-06
8.302270928484929e-07,-1.563562793662692e-06
8.302421424191552e-07,-1.777221241720608e-06
8.302602467560212e-07,-1.853102351075255e-06
8.30275704409249e-07,-1.910928095940642e-06
8.302926197358439e-07,-2.032765547712514e-06
8.302993008690895e-07,-1.941592765726705e-06
8.303065526069503e-07,-1.742908793217678e-06
8.303149955811096e-07,-1.206101000337688e-06
8.303218264853112e-07,-8.691805986627111e-07
8.303308526707963e-07,-7.019104912303688e-07
8.303382595617945e-07,-7.440469689485031e-07
8.303456827241215e-07,-6.759398479069108e-07
8.303590683393266e-07,-7.175346460791974e-07
8.303846538126291e-07,-6.630956284376358e-07
8.304320818301033e-07,-7.286588893310929e-07
8.305e-07,-7.422119713008336e-07
8.305173819787193e-07,-1.025043533207291e-06
8.305428336311704e-07,-1.103576183355375e-06
8.305667950144165e-07,-1.11548224622706e-06
8.306147177809086e-07,-1.118707234030497e-06
8.306542648281481e-07,-1.11956259721346e-06
8.307310124132737e-07,-1.118226545135018e-06
8.30879459652973e-07,-1.117684111755772e-06
8.310825091932929e-07,-1.102093593640749e-06
8.312417194006913e-07,-1.062542917249549e-06
8.314162345181873e-07,-9.548899017841258e-07
8.315527568915968e-07,-8.710023014775518e-07
8.315927605288859e-07,-8.692778152349798e-07
8.316727678034641e-07,-1.397569232611614e-06
8.316983191123492e-07,-1.830103014801445e-06
8.317107930517695e-07,-1.989906626199484e-06
8.3173574093061e-07,-2.186937173378197e-06
8.317566172328846e-07,-2.335448536707534e-06
8.317780228933567e-07,-2.984013886972862e-06
8.317851140624324e-07,-4.305619825774529e-06
8.317900163032636e-07,-5.289556500610646e-06
8.317963769458744e-07,-6.740098147322302e-06
8.318013396622836e-07,-7.354478356724209e-06
8.318064422645304e-07,-7.848937900191635e-06
8.318119185869154e-07,-7.642279398261453e-06
8.318171336604949e-07,-6.45811342485282e-06
8.318209247850273e-07,-4.637947078027854e-06
8.318244385689117e-07,-4.034599569821367e-06
8.318289259391272e-07,-3.657651669269245e-06
8.318323518000399e-07,-3.719125544517472e-06
8.318370974248692e-07,-3.397334140784408e-06
8.318465886745277e-07,-3.101071335452846e-06
8.318598025503973e-07,-1.70631108140632e-06
8.318717331944304e-07,-1.264613652595511e-06
8.318776985164469e-07,-1.026641157811057e-06
8.318893901670943e-07,-1.164858600233749e-06
8.31901581284744e-07,-9.497713478059158e-07
8.319259635200436e-07,-1.161583315470213e-06
8.319598458567655e-07,-9.439547460999388e-07
8.320037428400726e-07,-1.173672618744296e-06
8.320557323130896e-07,-9.579832620111896e-07
8.321331824094795e-07,-1.194318498858424e-06
8.322754711534122e-07,-9.883801019139581e-07
8.32316322983413e-07,-1.212920273117193e-06
8.323980266434145e-07,-9.912064026034833e-07
8.325070163261763e-07,-1.214631763385021e-06
8.326832802389056e-07,-9.917524009386024e-07
8.329591390902153e-07,-1.214600354128336e-06
8.334149399123692e-07,-9.916122636852163e-07
8.34326541556677e-07,-1.214410928013338e-06
8.349999999999999e-07,-9.913966471366435e-07
8.350443067615491e-07,2.378543930985069e-06
8.351139547511016e-07,2.454866158983848e-06
8.352130357270483e-07,-6.275827974930656e-06
8.352501250002272e-07,-2.262558443438582e-05
8.352526250002272e-07,3.167474385951994e-05
8.352554061982825e-07,-3.497808403826469e-05
8.352569858122324e-07,-5.708366211149127e-06
8.352587219391129e-07,-7.00787429649213e-05
8.3525942346967e-07,-3.276759061814112e-05
8.352601250002272e-07,-8.916616137260412e-05
8.35260433969466e-07,-8.181535560435158e-05
8.352608244695587e-07,-8.209362769872495e-05
8.352611897249948e-07,-8.206453196607646e-05
8.352618892989648e-07,-8.247801406258337e-05
8.352629786571985e-07,-8.049272090478865e-05
8.352641344105166e-07,-7.755515898843484e-05
8.352653298347368e-07,-7.524239153815324e-05
8.352665215584143e-07,-7.75166031474999e-05
8.352677500317699e-07,-7.637789619171108e-05
8.352692095154397e-07,-7.175532787366529e-05
8.352706741384533e-07,-6.488181579943914e-05
8.352727841326857e-07,-5.724291619838785e-05
8.352744258543468e-07,-5.365778870153075e-05
8.352762919416477e-07,-5.236250216973589e-05
8.352782101239915e-07,-5.264733681744741e-05
8.352798026494971e-07,-5.420991604278185e-05
8.35281548382671e-07,-5.438876669068447e-05
8.352829751531623e-07,-5.521605554967559e-05
8.352839059451397e-07,-5.677279350776481e-05
8.352851017725563e-07,-6.344075048059339e-05
8.352861009273395e-07,-6.853187812460596e-05
8.352874890597549e-07,-7.427987361766637e-05
8.352890258013464e-07,-7.822453317863064e-05
8.352904952008e-07,-8.298352404575247e-05
8.35292309293588e-07,-8.905874347356877e-05
8.352946548876992e-07,-0.0001019955087855362
8.352971006091872e-07,-0.0001237917763627911
8.352998197852093e-07,-0.0001597295066408213
8.353028505092193e-07,-0.0002112107687866244
8.353052491015626e-07,-0.0002606537564572996
8.353086941744366e-07,-0.0003409788637830969
8.353119139406165e-07,-0.0004187137704868284
8.353142680909466e-07,-0.0004660702030987448
8.353166504151064e-07,-0.0005052154577541368
8.353180380635293e-07,-0.0005262209206447479
8.353191783069187e-07,-0.0005361284527178753
8.353203316334963e-07,-0.0005438649216440885
8.353215907059595e-07,-0.0005426722964374089
8.353225431999792e-07,-0.0005392889092058323
8.353235333218652e-07,-0.0005325318125520325
8.353245132063363e-07,-0.0005276254150888643
8.353256104744626e-07,-0.0005159121406433861
8.353265095116905e-07,-0.0005047218942267005
8.35327654788311e-07,-0.000488166685830055
8.353285161169089e-07,-0.0004777164563856373
8.353292805438914e-07,-0.000465732106608717
8.353302203940303e-07,-0.0004535460101749957
8.353314886477087e-07,-0.0004334464789483191
8.353325962255338e-07,-0.0004190009824994946
8.353338683851089e-07,-0.0004003739864258867
8.353354152645406e-07,-0.0003826171059034331
8.353375407699588e-07,-0.0003587407920852335
8.353406456169278e-07,-0.0003358745641357633
8.353440916633998e-07,-0.0003149021009105555
8.353475816785272e-07,-0.000301855691814166
8.353508529577853e-07,-0.0002868229807457677
8.353542356158804e-07,-0.000272220818256454
8.3535833973231e-07,-0.0002478039839529208
8.353636163670696e-07,-0.0002199116264531666
8.35368885732338e-07,-0.0001907672259351726
8.353743306104293e-07,-0.0001681326232944872
8.353802120096627e-07,-0.0001453553212248979
8.353876869332284e-07,-0.0001437883204510006
8.353975357318074e-07,-0.0002170485333162254
8.354047755595656e-07,-0.0003313656044979999
8.354127477969659e-07,-0.0004430954981223843
8.354189817285959e-07,-0.0004825293591686183
8.354254693120614e-07,-0.0004816956905981008
8.354338126785178e-07,-0.0004385065386410785
8.354424877750743e-07,-0.0003478968732763696
8.35451440881874e-07,-0.0001676810122875571
8.354593725643464e-07,1.012036708398723e-05
8.354671359652865e-07,0.0001065299229226189
8.354726037310826e-07,0.0001161142628567811
8.354796569790266e-07,0.0001123463981037505
8.354862748238736e-07,9.449566992381176e-05
8.354931374119368e-07,8.221690856383693e-05
8.355e-07,6.699339220842431e-05
8.355071145664771e-07,5.680137870768702e-05
8.355150584393463e-07,4.687873813655121e-05
8.355231373933725e-07,3.793132053619386e-05
8.355392953014249e-07,2.484751024666519e-05
8.355640278273163e-07,1.217228450378648e-05
8.355972034330947e-07,4.187861147523928e-06
8.356426139422015e-07,9.526456528273929e-08
8.357080629404764e-07,-1.00925620375079e-06
8.357966194765127e-07,-1.21272911475061e-06
8.359416864983883e-07,-1.082241463537481e-06
8.361984248228987e-07,-1.179115134306159e-06
8.365760931088237e-07,-1.065913338823453e-06
8.371034503375922e-07,-1.164217701828676e-06
8.378453050272734e-07,-1.058425633020918e-06
8.389283258713527e-07,-1.157609406740628e-06
8.4e-07,-1.055289689992515e-06
8.400312500000001e-07,-1.264980748008371e-06
8.400834469393399e-07,-1.282451574382139e-06
8.401878408180197e-07,-1.494604393410195e-06
8.402268607157672e-07,-2.797776864028774e-06
8.402424879786072e-07,-3.551413959808923e-06
8.402563916791246e-07,-4.251897344918966e-06
8.402698587837259e-07,-4.883342163588634e-06
8.4027407969309e-07,-5.242585743021593e-06
8.402825215118183e-07,-6.210279515040274e-06
8.402887229176891e-07,-7.542873773421407e-06
8.402942695232579e-07,-1.047832970007198e-05
8.402968461748106e-07,-1.662392490678003e-05
8.402988338349881e-07,-2.093857275484463e-05
8.403011496301311e-07,-2.926800172746099e-05
8.403032828819644e-07,-3.36382348294271e-05
8.403061875150996e-07,-4.705062493371652e-05
8.403072571692471e-07,-5.236959347716842e-05
8.403081199034943e-07,-5.371693276543539e-05
8.403089747209335e-07,-5.388757518478492e-05
8.403102191337563e-07,-5.013754413976735e-05
8.40311255955576e-07,-4.450356992768177e-05
8.403121529814058e-07,-3.72322009280057e-05
8.403128926008382e-07,-3.040300463800703e-05
8.403137447749061e-07,-2.176943324035703e-05
8.403149628790608e-07,-1.502948051268708e-05
8.403158195320307e-07,-1.145137301585102e-05
8.40316732556439e-07,-9.922326684963626e-06
8.403178388669011e-07,-7.490791064337272e-06
8.403200514878254e-07,-6.34764605668673e-06
8.403226957797976e-07,-4.858003286584127e-06
8.403261503361086e-07,-5.369700944542249e-06
8.403307108716714e-07,-4.792140364943392e-06
8.403383446296552e-07,-6.15592911806568e-06
8.403478870224686e-07,-6.382088820915556e-06
8.403621004928221e-07,-8.818466989052562e-06
8.403851382384924e-07,-1.109002916545688e-05
8.404301358795278e-07,-1.752553887594249e-05
8.404650679397638e-07,-1.753581668735248e-05
8.404825339698819e-07,-1.608441636155496e-05
8.405e-07,-1.189890279992377e-05
8.405092980284088e-07,-1.009503290841898e-05
8.405212884637248e-07,-7.912199415490022e-06
8.405327621517491e-07,-6.291854412263845e-06
8.405557095277978e-07,-4.025498174147855e-06
8.405827038924988e-07,-2.604135425150153e-06
8.406187004653272e-07,-1.693351698108062e-06
8.406636180416832e-07,-1.358372908949057e-06
8.407329078629415e-07,-1.133959431915274e-06
8.408441091701002e-07,-1.138536371686745e-06
8.408783210083441e-07,-1.078099810622836e-06
8.40946744684832e-07,-1.137004948902537e-06
8.41050681322279e-07,-1.07349649134843e-06
8.412585545971731e-07,-1.136403361759329e-06
8.415500185261477e-07,-1.072990865757122e-06
8.421329463840971e-07,-1.136080014366252e-06
8.432988020999958e-07,-1.072234630944552e-06
8.45e-07,-1.135232529084661e-06
8.450670066288127e-07,-2.135214960189732e-06
8.451587709293173e-07,-2.303698532819331e-06
8.452033243762702e-07,-4.711303346996097e-06
8.452245534801122e-07,-4.38912865769006e-06
8.452384612318618e-07,1.229520103510955e-06
8.452568720212148e-07,1.569374094166592e-05
8.452711774257668e-07,2.113142915445799e-05
8.452773035690689e-07,1.839087907122765e-05
8.452823581183884e-07,1.070329963029357e-05
8.452867251626517e-07,2.425977601895031e-06
8.452917428870715e-07,-1.104784662733044e-06
8.452960460756043e-07,-3.838791628085722e-06
8.452987253295687e-07,-9.874917724863765e-06
8.453018842654672e-07,-1.655686720328457e-05
8.453049247720541e-07,-2.310825952544026e-05
8.453088760846936e-07,-3.070508855981371e-05
8.453125306020924e-07,-4.753982694167616e-05
8.453144904460937e-07,-6.035144698202234e-05
8.453168687492485e-07,-7.288842386335458e-05
8.45318695161689e-07,-7.940902198991077e-05
8.453212376904474e-07,-8.455396874745566e-05
8.453225528620138e-07,-9.234894496143364e-05
8.453235811631059e-07,-8.509413498018479e-05
8.453246119841147e-07,-8.518726689515082e-05
8.453253341890426e-07,-8.044740272317226e-05
8.453261571217036e-07,-9.186855210357142e-05
8.453269059164403e-07,-9.350332746937333e-05
8.453278974057295e-07,-0.0001016673811167941
8.453292454087094e-07,-9.593737987449976e-05
8.453303651650064e-07,-9.81217321901898e-05
8.453316665168163e-07,-9.0890889249629e-05
8.453332993917822e-07,-9.361620075880064e-05
8.453355422185805e-07,-9.053067810022789e-05
8.453379128298535e-07,-0.0001015669862915318
8.453409984155183e-07,-0.0001008377713002926
8.453436999537213e-07,-9.49126559174134e-05
8.453462364993725e-07,-7.374484826654823e-05
8.453493713493902e-07,-6.543539344885729e-05
8.453525306059287e-07,-5.387954061957896e-05
8.453554247820089e-07,-5.559390874301719e-05
8.453590051507177e-07,-4.651871426180739e-05
8.45363750985211e-07,-4.823353109978151e-05
8.453701277573525e-07,-3.931796442690341e-05
8.453795653487582e-07,-5.020534868814695e-05
8.453891113820405e-07,-9.124070632088275e-05
8.453993885922893e-07,-0.0001839789459479843
8.454078547886235e-07,-0.0002413965232895655
8.454156520255809e-07,-0.0003181823188479175
8.454231091247856e-07,-0.0003501151790974158
8.454305908763962e-07,-0.0003916065759439845
8.454392251926371e-07,-0.0003912355949634493
8.454482430270954e-07,-0.0003869612190650036
8.454558076696863e-07,-0.0003175048898375332
8.454623596504535e-07,-0.000281794252294128
8.454690855864422e-07,-0.0002014079591049033
8.454747569982688e-07,-0.0001566551102257805
8.454797042656233e-07,-0.0001052331454264816
8.454847113700371e-07,-9.309520376387252e-05
8.454899108166458e-07,-6.309074156700642e-05
8.454949554083228e-07,-6.534289026570606e-05
8.455e-07,-4.450320975856904e-05
8.455071632902799e-07,-4.010145408903518e-05
8.45514293338669e-07,-3.27069127650778e-05
8.455216998214416e-07,-2.660219343793235e-05
8.455365127869867e-07,-1.739343114143471e-05
8.455620187150528e-07,-8.070195844295808e-06
8.455890495407443e-07,-3.754439511314297e-06
8.456195969378099e-07,-1.967389716208925e-06
8.456547673178889e-07,-1.309374530871403e-06
8.457021769828142e-07,-1.183643070222046e-06
8.457705868262645e-07,-1.107518602559338e-06
8.458860005398614e-07,-1.153043161615337e-06
8.460705093062019e-07,-1.094058745888049e-06
8.463253505674358e-07,-1.139760609012159e-06
8.466818124121646e-07,-1.085782018038157e-06
8.471912100392533e-07,-1.133401544205611e-06
8.47936106292309e-07,-1.081430504930625e-06
8.490154128267913e-07,-1.130128898822955e-06
8.5e-07,-1.079512771794416e-06
8.500480451141245e-07,-6.254928271572965e-07
8.501175760128979e-07,-6.247895131693009e-07
8.5014716173902e-07,-6.255126209255556e-07
8.502063331912643e-07,-1.071591667854115e-06
8.502279421699684e-07,-1.588422657798374e-06
8.502428949406561e-07,-1.779160069883575e-06
8.502606581172423e-07,-1.859462774722635e-06
8.502763537909907e-07,-1.913572792389659e-06
8.502932900470986e-07,-2.036078239584214e-06
8.503002358787696e-07,-1.915056947359526e-06
8.50307132267609e-07,-1.730608786843734e-06
8.503155032873214e-07,-1.159331535463343e-06
8.503222183416484e-07,-8.678697007791153e-07
8.503319606079483e-07,-6.888762812244735e-07
8.503391207465049e-07,-7.513441318597895e-07
8.503468754846891e-07,-6.704974644085412e-07
8.503606836199176e-07,-7.227931045749523e-07
8.50382124833706e-07,-6.593549078700587e-07
8.504189154506005e-07,-7.29214318699568e-07
8.504594577253003e-07,-6.918925853944767e-07
8.505000000000001e-07,-8.054794516022736e-07
8.505150087967563e-07,-1.019530159176802e-06
8.505348183011024e-07,-1.091582165414938e-06
8.505530862830179e-07,-1.110142562545011e-06
8.505896222468489e-07,-1.117732649671364e-06
8.506247410612354e-07,-1.119887598636307e-06
8.506840364210458e-07,-1.118369249044364e-06
8.507820200039075e-07,-1.11900286139312e-06
8.509779871696311e-07,-1.108728663385152e-06
8.511447009241782e-07,-1.080023177028848e-06
8.513326896469597e-07,-9.802511664621234e-07
8.514739615549368e-07,-8.852348724996525e-07
8.516227976704138e-07,-1.41269722768619e-06
8.516728117781447e-07,-2.166261539474888e-06
8.516985237058269e-07,-2.234911531706855e-06
8.517270423646105e-07,-2.975634894105228e-06
8.51733952872698e-07,-4.125619710283981e-06
8.517390575826099e-07,-5.233996516711223e-06
8.517459229208625e-07,-6.709833442318046e-06
8.517508983561466e-07,-7.396195156613145e-06
8.517555880354012e-07,-7.789985647963834e-06
8.517610957568241e-07,-7.70088391527728e-06
8.517663013910945e-07,-6.575850383333512e-06
8.51770193894176e-07,-4.715294402741056e-06
8.517736092309714e-07,-4.072109720890651e-06
8.517783242867213e-07,-3.655472817918867e-06
8.517817376385075e-07,-3.712713581989678e-06
8.517864323186272e-07,-3.422438934057684e-06
8.517945936237839e-07,-3.179977779929312e-06
8.518090406951135e-07,-1.758617383721782e-06
8.518206396573937e-07,-1.265599225832535e-06
8.518264391385337e-07,-1.054278315173827e-06
8.518380381008139e-07,-1.136670531460546e-06
8.518500196129044e-07,-9.937244261649982e-07
8.518736567348141e-07,-1.117322371388042e-06
8.519120602933408e-07,-9.904550773039085e-07
8.519549156463632e-07,-1.128189865743329e-06
8.52007584616411e-07,-1.005096811078586e-06
8.520830925351435e-07,-1.148308480096971e-06
8.522291025408567e-07,-1.035632641554573e-06
8.522696363855376e-07,-1.166798929052503e-06
8.523507040748994e-07,-1.038328114802443e-06
8.524599229894275e-07,-1.168267252676194e-06
8.526403205493407e-07,-1.038849640878151e-06
8.52926422319012e-07,-1.168177091490977e-06
8.534028888508868e-07,-1.03869528955973e-06
8.543558219146363e-07,-1.167923712991845e-06
8.55e-07,-1.038445530632249e-06
8.550434867848959e-07,2.104828746044729e-06
8.55112272794001e-07,2.155320373223689e-06
8.552086515026438e-07,-4.380464287594133e-06
8.552501250002272e-07,-2.102725574264801e-05
8.552526250002272e-07,1.131792019129323e-07
8.552554061982825e-07,-4.088367801194826e-05
8.552566505975522e-07,-5.761964686865442e-05
8.552577195540125e-07,-8.462122880858039e-05
8.552587737288097e-07,-9.943193149452074e-05
8.552595720927222e-07,-0.0001241028861226896
8.552601250002272e-07,-0.0001303990391732279
8.552603750077146e-07,-0.0001209210921378401
8.552607287205024e-07,-0.0001186947771715122
8.552610460859484e-07,-0.0001168385926650283
8.552616808168404e-07,-0.0001151765902854901
8.552626257560651e-07,-0.0001146562251946695
8.552635569713291e-07,-0.0001146720228178865
8.552645905458045e-07,-0.0001147427227569661
8.552655827994374e-07,-0.0001162179360175588
8.552667963476804e-07,-0.0001185527460706472
8.552680575007935e-07,-0.0001147285038521684
8.552693982857568e-07,-0.0001147881403502934
8.552705319324007e-07,-0.0001080537827837677
8.552714268072327e-07,-9.957831943246477e-05
8.552724264825059e-07,-9.272720264067917e-05
8.552731812379544e-07,-8.891355809702144e-05
8.552738974519642e-07,-8.64350204685469e-05
8.552748349941611e-07,-8.363587218706013e-05
8.552759967158095e-07,-8.063610283825616e-05
8.552770656037713e-07,-7.898137017962237e-05
8.552782697445176e-07,-7.792486287396737e-05
8.552797558759199e-07,-7.779610566458961e-05
8.552813857408344e-07,-7.733455690695435e-05
8.552828420436538e-07,-7.677196329550082e-05
8.552844922032483e-07,-7.823084785552491e-05
8.55285828835781e-07,-8.46412592878747e-05
8.552869198014127e-07,-8.98065544585502e-05
8.552882267090499e-07,-9.4167727620644e-05
8.552896998547461e-07,-9.863310522594435e-05
8.552911800580346e-07,-0.000103869932125219
8.552930795393042e-07,-0.0001125453276386685
8.552954686313299e-07,-0.0001284717047754102
8.552979318491771e-07,-0.0001552606802903474
8.553007508250704e-07,-0.000198187387151886
8.553036544386102e-07,-0.0002546936632285027
8.553060750984019e-07,-0.0003094948079631168
8.553093905066265e-07,-0.0003935976769176035
8.553121826003589e-07,-0.0004644236759337959
8.553145187578943e-07,-0.0005148668707677971
8.553169709795605e-07,-0.0005602348140222167
8.553183041701938e-07,-0.0005831607029620009
8.553198373063899e-07,-0.0005966503405428316
8.553210611659974e-07,-0.0006049364895723201
8.553222301445752e-07,-0.0006006534210848194
8.553231833312617e-07,-0.0006000988826719971
8.553242095334186e-07,-0.000593625759552372
8.5532541293236e-07,-0.0005879303943130661
8.553263272049451e-07,-0.0005746401993626299
8.553274014606394e-07,-0.0005650984243354388
8.553283426306087e-07,-0.0005521667207990037
8.553290900880677e-07,-0.0005460049194252696
8.553300175498213e-07,-0.000533330401382329
8.553312789416433e-07,-0.000521671689926323
8.553323795644379e-07,-0.0005088000244118678
8.553336343479333e-07,-0.0005009972167793733
8.553351443076666e-07,-0.0004904983527551235
8.553372026049696e-07,-0.0004881316339437846
8.553401816626063e-07,-0.0004903923304443314
8.553436013702962e-07,-0.0005098229366851599
8.553470800508551e-07,-0.0005302215623080536
8.553504404213086e-07,-0.0005480636532633036
8.553539175824911e-07,-0.0005485487600566213
8.553578254150058e-07,-0.0005371887964304694
8.553631185874266e-07,-0.0004988810074906605
8.553684101244414e-07,-0.0004541946161485513
8.553738455266581e-07,-0.0003924553542001806
8.553796572333673e-07,-0.0002870621904171192
8.553846440205052e-07,-0.0002015641870655354
8.553900720695048e-07,-0.0001779408933962179
8.553963622756897e-07,-0.0002285659303776677
8.554012814365744e-07,-0.0002966284788154626
8.554075989513483e-07,-0.0003969997195152177
8.55414929174211e-07,-0.0004753914741507144
8.554203209287025e-07,-0.0004944307895230485
8.554286727867315e-07,-0.0004746261462427663
8.554370820390082e-07,-0.0004113889060770993
8.554461630689174e-07,-0.0002870335366994975
8.554547340485598e-07,-8.177616615418629e-05
8.554624581560601e-07,5.819328099962272e-05
8.55468135881912e-07,0.0001138320799134745
8.554742858963871e-07,0.0001141361204808769
8.554820470240799e-07,0.0001119274542917988
8.554880479321134e-07,8.821756857164633e-05
8.554940239660567e-07,8.476921715883632e-05
8.555e-07,6.451781866585634e-05
8.555071136408442e-07,5.7530125865797e-05
8.555146585818714e-07,4.79811642834633e-05
8.555224050486148e-07,3.915524616583246e-05
8.555378979821015e-07,2.616200684413813e-05
8.555624440406551e-07,1.290359075801291e-05
8.55595038596254e-07,4.605724831475932e-06
8.556395458771647e-07,2.170961869966124e-07
8.55702136381e-07,-9.618539549488358e-07
8.557902379234694e-07,-1.245002852474103e-06
8.559251406329675e-07,-1.074220910614541e-06
8.561856096790433e-07,-1.202213899849728e-06
8.565535391883016e-07,-1.05307004284337e-06
8.570736895112914e-07,-1.183651122399567e-06
8.577981707206114e-07,-1.043543683437528e-06
8.588611985904894e-07,-1.175408431973077e-06
8.6e-07,-1.039401646446111e-06
8.600312500000001e-07,-1.265565639594794e-06
8.6008344693934e-07,-1.2831663500131e-06
8.601878408180197e-07,-1.495319105927207e-06
8.602268607157673e-07,-2.798456348521582e-06
8.60242486473991e-07,-3.552069019586641e-06
8.602563909023528e-07,-4.254217777142137e-06
8.602698584544224e-07,-4.884795287416064e-06
8.602740796509067e-07,-5.242938974685416e-06
8.602825220438755e-07,-6.211029414884343e-06
8.602887228105289e-07,-7.543367116823791e-06
8.602942698709487e-07,-1.048148124321473e-05
8.602968457799732e-07,-1.66283253010218e-05
8.60298833276746e-07,-2.094418181581949e-05
8.603011485316775e-07,-2.927311190513079e-05
8.603032819294788e-07,-3.364496722891218e-05
8.603061863024749e-07,-4.706438225995212e-05
8.603072557398145e-07,-5.237704364572475e-05
8.603081187013572e-07,-5.372352528739276e-05
8.603089735448425e-07,-5.388836136620916e-05
8.603102177196472e-07,-5.013459412482028e-05
8.60311254315349e-07,-4.449653236658056e-05
8.603121509704328e-07,-3.722640817106643e-05
8.603128905180127e-07,-3.039409951010307e-05
8.603137428286426e-07,-2.176322968684283e-05
8.603149627785143e-07,-1.501472844815076e-05
8.603158192262533e-07,-1.144526131764266e-05
8.603167326564915e-07,-9.913977233290671e-06
8.603178395680689e-07,-7.48816034946693e-06
8.603200533912236e-07,-6.343092826888523e-06
8.603226987716699e-07,-4.859124314269781e-06
8.603261556338819e-07,-5.367409907133853e-06
8.603307200465331e-07,-4.794667588220006e-06
8.603383635848331e-07,-6.155432800761474e-06
8.603479101874703e-07,-6.386428798142622e-06
8.603621371712049e-07,-8.820591859815285e-06
8.603851969775201e-07,-1.109955075548004e-05
8.604302610462327e-07,-1.753417433263378e-05
8.604651305231163e-07,-1.753022270106834e-05
8.604825652615582e-07,-1.607291670748963e-05
8.605000000000001e-07,-1.189753284832868e-05
8.605092962795343e-07,-1.00925339228664e-05
8.605212759649569e-07,-7.912175519115579e-06
8.605327406081743e-07,-6.29315584278986e-06
8.605556698946092e-07,-4.027922052408546e-06
8.605826633318764e-07,-2.605686245575103e-06
8.606186529201536e-07,-1.694397312941026e-06
8.606635616418584e-07,-1.359269697850739e-06
8.607328162969437e-07,-1.134632455674689e-06
8.608439571334714e-07,-1.139217976080338e-06
8.608782172691613e-07,-1.078641667627685e-06
8.609467375405411e-07,-1.137648182794794e-06
8.610506508753345e-07,-1.073994117186358e-06
8.612584775449212e-07,-1.137005326214177e-06
8.615494660275206e-07,-1.073428094276625e-06
8.621314429927194e-07,-1.136588730215021e-06
8.63295396923117e-07,-1.07252227254392e-06
8.65e-07,-1.135560032123254e-06
8.650670690708842e-07,-2.135323253275448e-06
8.651588903713558e-07,-2.30584727965991e-06
8.652035010671875e-07,-4.728432631387699e-06
8.652246498028446e-07,-4.374239714716895e-06
8.652385473745414e-07,1.286300066518142e-06
8.652569128172036e-07,1.572419934723612e-05
8.652712206105792e-07,2.113149461340831e-05
8.652773302450026e-07,1.836127004005657e-05
8.652823836329855e-07,1.065894994877143e-05
8.652867520529585e-07,2.381807326762994e-06
8.652917631203114e-07,-1.095718244187057e-06
8.65296066466728e-07,-3.882846891796534e-06
8.65298748307128e-07,-9.911941034199687e-06
8.653019028851753e-07,-1.661069792418871e-05
8.653049500986736e-07,-2.31386219807288e-05
8.653088819984781e-07,-3.073804859195488e-05
8.653125432125703e-07,-4.76009539510888e-05
8.653145033179798e-07,-6.045077183416494e-05
8.653168771711845e-07,-7.291196034464224e-05
8.653187049601189e-07,-7.945383437050871e-05
8.653212503580004e-07,-8.458613192590873e-05
8.653225628751825e-07,-9.2385324951917e-05
8.653235919039301e-07,-8.500462596161723e-05
8.653246216496265e-07,-8.518327614504908e-05
8.653253409571762e-07,-8.041212861833391e-05
8.653261618177167e-07,-9.189149109664088e-05
8.653269107943915e-07,-9.338590146102254e-05
8.653279070632262e-07,-0.0001016191648395145
8.653292443845033e-07,-9.584688983367678e-05
8.65330365565368e-07,-9.814871548882086e-05
8.653316662814735e-07,-9.080590483050949e-05
8.653333032748725e-07,-9.350174582289299e-05
8.653355455317973e-07,-9.030603071869464e-05
8.653379167729386e-07,-0.0001017594656685269
8.653408233956053e-07,-0.0001018071310530038
8.653435478227082e-07,-9.695191149244372e-05
8.653460411047478e-07,-7.579736593704723e-05
8.653491617531307e-07,-6.667883724817449e-05
8.653523505444323e-07,-5.451141600423239e-05
8.653552319335926e-07,-5.610162307840143e-05
8.653587289348774e-07,-4.698220786948561e-05
8.653633886529282e-07,-4.882064010564679e-05
8.653696272891331e-07,-3.984564751832184e-05
8.653788346055149e-07,-4.939735018695769e-05
8.653884230458658e-07,-8.430141102909037e-05
8.653985865850009e-07,-0.0001727273360435709
8.6540782869834e-07,-0.0002391114733963268
8.654159440829407e-07,-0.0003242047707217871
8.654232200086315e-07,-0.0003609215634388098
8.654315959241272e-07,-0.000406477619261908
8.654401186753601e-07,-0.0004073068876478462
8.654491593480042e-07,-0.0004039440389022888
8.654573561357833e-07,-0.000325032786522431
8.654639623947175e-07,-0.0002684559006531478
8.654698081586671e-07,-0.000192745619128197
8.65475810070202e-07,-0.0001465848023734959
8.654805808785821e-07,-0.0001008569892330991
8.654862677805253e-07,-8.720804976944716e-05
8.654916073790444e-07,-5.996526044844711e-05
8.655e-07,-5.709553193831459e-05
8.655069439302681e-07,-4.049675045119321e-05
8.655151159179906e-07,-3.207256455799747e-05
8.655236452108945e-07,-2.534871862124772e-05
8.655407037967023e-07,-1.5431784864652e-05
8.655662907585751e-07,-7.19461005308316e-06
8.655938912163908e-07,-3.31517769843671e-06
8.656249137406517e-07,-1.836645485796682e-06
8.656617188896417e-07,-1.246084943452146e-06
8.657117261744051e-07,-1.187991166602841e-06
8.65785764404261e-07,-1.093406519572328e-06
8.65912874930411e-07,-1.164954069303738e-06
8.661071946394313e-07,-1.07971378417562e-06
8.663769837318744e-07,-1.15260935007212e-06
8.667542842920475e-07,-1.071814802502593e-06
8.672973514062571e-07,-1.146628748966816e-06
8.680904179496922e-07,-1.067651305299098e-06
8.690452089748461e-07,-1.143722573706583e-06
8.7e-07,-1.065946842439124e-06
8.70047395637833e-07,-6.286650456842909e-07
8.701162985014758e-07,-6.305469612159359e-07
8.701453126499766e-07,-6.296483939016644e-07
8.702033409469784e-07,-1.006955269562226e-06
8.702260931475318e-07,-1.543739929187246e-06
8.702412412888687e-07,-1.77549544436996e-06
8.702597672727334e-07,-1.853091108559452e-06
8.702750006228953e-07,-1.908548020593176e-06
8.70292698105273e-07,-2.032187073108675e-06
8.702990707904052e-07,-1.950849536030406e-06
8.703066300995549e-07,-1.734875275011086e-06
8.703150410529244e-07,-1.215401431808429e-06
8.703219690125272e-07,-8.577608689930194e-07
8.703308570987014e-07,-7.131642488278032e-07
8.703382513194045e-07,-7.37453814589254e-07
8.703456497917242e-07,-6.86110041431226e-07
8.703593444199511e-07,-7.110995973720482e-07
8.703863771507962e-07,-6.73306174935282e-07
8.704362761110903e-07,-7.239341966134219e-07
8.705000000000001e-07,-7.50998766789801e-07
8.705175182877149e-07,-1.024313950191127e-06
8.705424595553108e-07,-1.101953267051095e-06
8.705657060679028e-07,-1.115192650441845e-06
8.706121990930868e-07,-1.118366899004075e-06
8.706515902919115e-07,-1.119812536933578e-06
8.707270104464489e-07,-1.117284443632234e-06
8.708691301075415e-07,-1.114751958581948e-06
8.710363087036965e-07,-1.093139758438874e-06
8.712329850059609e-07,-1.015540878277723e-06
8.713804833218131e-07,-9.103283772238898e-07
8.715232839664009e-07,-9.221223932660989e-07
8.715806972814799e-07,-1.54151944759715e-06
8.716074491802843e-07,-1.987331650625716e-06
8.716187195268533e-07,-2.084739996466427e-06
8.716412602199914e-07,-2.2214017440144e-06
8.716619835349787e-07,-2.396057950263627e-06
8.716836997667883e-07,-4.101238224221304e-06
8.716896084043631e-07,-5.511124770434509e-06
8.716946447889223e-07,-6.40989820631566e-06
8.716997977003978e-07,-7.410657675843296e-06
8.71705054403018e-07,-7.665642453245399e-06
8.717105784810511e-07,-7.806265174931664e-06
8.717158264104523e-07,-6.465538768201397e-06
8.717197411445421e-07,-4.812037900833335e-06
8.717231595288525e-07,-3.961872650665398e-06
8.717278923383276e-07,-3.760711695784245e-06
8.717313098169428e-07,-3.604286389298668e-06
8.717360267624817e-07,-3.526738293544535e-06
8.71744244300334e-07,-3.06561706133963e-06
8.717586222508963e-07,-1.860276329726716e-06
8.717702310864695e-07,-1.156922360763772e-06
8.717760355042561e-07,-1.160555520478997e-06
8.717876443398293e-07,-1.042048261823856e-06
8.717995628057371e-07,-1.074663742105096e-06
8.718233997375526e-07,-1.038215747655279e-06
8.718551300956081e-07,-1.067447398803106e-06
8.718986277011128e-07,-1.049806228805246e-06
8.719491315786368e-07,-1.081201863636556e-06
8.720238207172794e-07,-1.069724904840712e-06
8.721542994989316e-07,-1.110744652003466e-06
8.721976710636695e-07,-1.088957211646062e-06
8.722844141931451e-07,-1.115024079617303e-06
8.723928145905479e-07,-1.091461602337809e-06
8.725544244323382e-07,-1.115642207323712e-06
8.727892956425164e-07,-1.091455816390666e-06
8.732162123152339e-07,-1.115519804418927e-06
8.74070045660669e-07,-1.091202626077589e-06
8.75e-07,-1.115232993814777e-06
8.750509284760106e-07,2.111678304929317e-06
8.751273535204118e-07,2.113210571693637e-06
8.751576790306604e-07,1.73867326154986e-06
8.752039020154438e-07,-3.024096938259052e-06
8.752243253863757e-07,-9.272581313618529e-06
8.752418779342605e-07,-1.728229720731322e-05
8.752501250002273e-07,-2.172881023789881e-05
8.752526250002272e-07,3.305187847904768e-05
8.752548125706997e-07,-2.893242317358232e-05
8.752564976485043e-07,2.471106476807003e-06
8.752582930190554e-07,-6.666062163440373e-05
8.752592090096413e-07,-2.586923747730885e-05
8.752601250002272e-07,-9.059419604026954e-05
8.752604632652667e-07,-8.054416478373483e-05
8.752609174546023e-07,-8.102227368148341e-05
8.752613368280479e-07,-8.096646209306712e-05
8.752620704821919e-07,-8.146025991605025e-05
8.752631648780275e-07,-7.909725159292154e-05
8.752643327222828e-07,-7.649133915581793e-05
8.752655211907575e-07,-7.436864748467765e-05
8.752667186003029e-07,-7.737092326313889e-05
8.752679575626865e-07,-7.506637399559342e-05
8.752694406847113e-07,-7.077833527458891e-05
8.752709290185109e-07,-6.298496578448112e-05
8.752729865166098e-07,-5.630483860136375e-05
8.752746444120296e-07,-5.212697173161119e-05
8.752765066519387e-07,-5.17218958588259e-05
8.752784549318686e-07,-5.180377878494575e-05
8.75280432407669e-07,-5.332912524903956e-05
8.752818966363537e-07,-5.208167458561118e-05
8.752834932108472e-07,-5.667097290174324e-05
8.752846973384717e-07,-6.257405875611425e-05
8.752857720599633e-07,-6.828508872208473e-05
8.752871968518312e-07,-7.125719639939051e-05
8.752885222181585e-07,-7.487744642185862e-05
8.752900517134468e-07,-7.738119258029037e-05
8.752920279770542e-07,-8.477516177748339e-05
8.752944065791974e-07,-9.69538581887139e-05
8.752968361510137e-07,-0.0001208993423139306
8.75300093535776e-07,-0.000164978715379955
8.753026862896532e-07,-0.000215233363961854
8.753053010988465e-07,-0.0002767100155731309
8.753083813637848e-07,-0.0003640852621743822
8.753115259641043e-07,-0.0004561691331038937
8.753139468987592e-07,-0.0005237803814737385
8.753161934355077e-07,-0.0005758777149028793
8.753180044481554e-07,-0.0006175116346975131
8.753192515107981e-07,-0.0006406497650040965
8.753205947123188e-07,-0.0006590489892008565
8.753217564661056e-07,-0.0006667972683230202
8.753229078175175e-07,-0.0006678380221414822
8.753238236303258e-07,-0.0006683922424872619
8.753251552880001e-07,-0.0006669251847776632
8.753261699973777e-07,-0.0006558809754944547
8.753271387748344e-07,-0.0006410339181784878
8.753278615096073e-07,-0.0006318435483049624
8.753286329380661e-07,-0.0006189045004667529
8.753293856898241e-07,-0.0006084347777548742
8.753303601101572e-07,-0.0005911433584025971
8.75331624993374e-07,-0.0005698515336116782
8.753327415302943e-07,-0.0005497098928043007
8.753339953954709e-07,-0.0005300651926342975
8.75335519418077e-07,-0.0005062453932575375
8.753375830969313e-07,-0.0004796166392064103
8.753406058915135e-07,-0.0004469287977880521
8.753441491543261e-07,-0.0004201005496711747
8.753475735167015e-07,-0.0004005622183902979
8.75352097585399e-07,-0.0003790927777810155
8.753555335599312e-07,-0.0003571775653911138
8.753599643688159e-07,-0.0003265713628830426
8.753651618967047e-07,-0.0002892819660383295
8.753703575637217e-07,-0.0002567467880203543
8.753758151774666e-07,-0.0002261630808074455
8.753820338388068e-07,-0.0002039084146246746
8.753900320969358e-07,-0.0002386001526559615
8.753993541648662e-07,-0.0004214651891914471
8.754064802293898e-07,-0.0006250685515523873
8.754129957710716e-07,-0.0007477544879044624
8.754183270233048e-07,-0.0007867330817927865
8.754251762105387e-07,-0.000763939628219362
8.754315671427693e-07,-0.0006932568452554242
8.754378310293898e-07,-0.0005341065184426647
8.754431385205892e-07,-0.0003724547993788169
8.754481566494324e-07,-0.0002296070095524825
8.754535335130466e-07,-0.0001028180894416211
8.754587578942745e-07,7.382218657966075e-06
8.754635822564589e-07,7.647640172712827e-05
8.754681798301387e-07,0.0001090426033555753
8.7547455046938e-07,0.0001233663161061462
8.754821402946071e-07,0.0001107405249512699
8.75488710917167e-07,9.926070282543055e-05
8.754943554585835e-07,8.409135565540755e-05
8.755e-07,7.771757593590428e-05
8.755070575844198e-07,6.362250674181777e-05
8.755142637290784e-07,5.405377316691625e-05
8.755218419144999e-07,4.464205302136061e-05
8.755369982853429e-07,3.047969621504448e-05
8.755613854274975e-07,1.535030550974504e-05
8.755935223003874e-07,5.714527212684612e-06
8.756372661870059e-07,5.325292041164817e-07
8.756955205482258e-07,-8.667499038697653e-07
8.757794236179671e-07,-1.281601722205925e-06
8.759007535853238e-07,-1.065932909084866e-06
8.761434135200373e-07,-1.233044483770018e-06
8.764960211775137e-07,-1.035780137343304e-06
8.769948776449139e-07,-1.210640631216873e-06
8.776850835017949e-07,-1.022596142049592e-06
8.786929834645039e-07,-1.200826111637456e-06
8.8e-07,-1.016528433803734e-06
8.800312500000001e-07,-1.267405031208442e-06
8.8008344693934e-07,-1.283872943239157e-06
8.801878408180197e-07,-1.496394993985898e-06
8.802268607157673e-07,-2.79956446137526e-06
8.80242483457682e-07,-3.5524628625865e-06
8.802563893296329e-07,-4.261579554749879e-06
8.802698577721006e-07,-4.881507788145363e-06
8.802740795647142e-07,-5.243852647118843e-06
8.802825231499413e-07,-6.211083118869082e-06
8.802887232672427e-07,-7.544742095394463e-06
8.80294270875604e-07,-1.048505716865453e-05
8.802968457450472e-07,-1.663453889699943e-05
8.802988330534936e-07,-2.095037832439387e-05
8.803011475940171e-07,-2.928059710326967e-05
8.803032812482673e-07,-3.365236022132169e-05
8.803061853548002e-07,-4.708246626754264e-05
8.803072545275785e-07,-5.23854747937248e-05
8.8030811781648e-07,-5.373174411531241e-05
8.803089727161578e-07,-5.388813897673432e-05
8.803102165931096e-07,-5.013094360141767e-05
8.803112528982427e-07,-4.448570714136936e-05
8.803121490673694e-07,-3.721951338475936e-05
8.803128885309711e-07,-3.038093832178756e-05
8.803137410383941e-07,-2.17553476466111e-05
8.803149635466834e-07,-1.499445978357559e-05
8.803158197241139e-07,-1.143684881323829e-05
8.803167337246008e-07,-9.903128862160085e-06
8.803178414842062e-07,-7.48428627152843e-06
8.803200570034169e-07,-6.337435166558279e-06
8.803227039009118e-07,-4.860531666367873e-06
8.803261639545515e-07,-5.364859439453345e-06
8.803307337033607e-07,-4.798192168332551e-06
8.803383907077621e-07,-6.155399974914459e-06
8.803479436904342e-07,-6.392661180915963e-06
8.803621902963649e-07,-8.824434073880176e-06
8.803852829462592e-07,-1.111352153176763e-05
8.80430428402316e-07,-1.754628095674554e-05
8.80465214201158e-07,-1.752327361218894e-05
8.80482607100579e-07,-1.605838320092081e-05
8.805000000000001e-07,-1.189627443500781e-05
8.805092938431658e-07,-1.008984529241058e-05
8.805212591240683e-07,-7.91274054111461e-06
8.805327116413937e-07,-6.29544005148933e-06
8.805556166760445e-07,-4.031611666906315e-06
8.80582607879357e-07,-2.608068426119735e-06
8.806185865830731e-07,-1.695985900425572e-06
8.80663480876687e-07,-1.360525887750497e-06
8.807326839902639e-07,-1.135580439409969e-06
8.808437473888188e-07,-1.140138574862023e-06
8.808780687231125e-07,-1.079411690539606e-06
8.809467113916999e-07,-1.138525107089169e-06
8.810505935481714e-07,-1.074710822247924e-06
8.812583578611143e-07,-1.137837063293355e-06
8.81548730873918e-07,-1.074077126429385e-06
8.821294768995254e-07,-1.137317294994863e-06
8.832909689507401e-07,-1.073002199748007e-06
8.85e-07,-1.136078181333465e-06
8.850671501815163e-07,-2.112747895318118e-06
8.851590454970618e-07,-2.252679462743282e-06
8.852037305801207e-07,-4.299572229367187e-06
8.852247755824023e-07,-3.399707827900194e-06
8.852386599730801e-07,2.721288800269546e-06
8.852569666721225e-07,1.763031923924796e-05
8.852712779730743e-07,2.333570735638919e-05
8.852767625818077e-07,2.105415724777271e-05
8.852824133976943e-07,1.329910886840765e-05
8.852869157312124e-07,4.203891885716178e-06
8.852920165373066e-07,1.578637271084694e-06
8.852963296508801e-07,-3.060533199528069e-06
8.85299057242164e-07,-1.106639713558941e-05
8.853021792787706e-07,-2.112093620016423e-05
8.853053375921925e-07,-2.912235346402976e-05
8.853090613351623e-07,-3.920734288549864e-05
8.853128472466739e-07,-6.28788182908899e-05
8.853148133932381e-07,-8.114950868812032e-05
8.853171004027726e-07,-9.520751224106221e-05
8.853189717327607e-07,-0.0001032591706616389
8.853216231095548e-07,-0.0001082978396559492
8.853228786155555e-07,-0.0001175732233708392
8.85324298863623e-07,-9.885108957756823e-05
8.853253444638806e-07,-0.000104470520886133
8.85326422807719e-07,-0.0001089171455593557
8.853272055880574e-07,-0.000124469802486801
8.853282382576119e-07,-0.0001185337293221798
8.85329504493012e-07,-0.0001227270752868486
8.853306555397695e-07,-0.0001095070767114256
8.853320114738599e-07,-0.0001122715896836324
8.853338002698021e-07,-9.898569746994249e-05
8.853360856911762e-07,-0.0001076759477893175
8.853385067341016e-07,-0.0001074718296449456
8.853415209537952e-07,-0.0001187048065624792
8.85344043997156e-07,-0.0001000728905107963
8.853466915805296e-07,-9.162973625263361e-05
8.853496795781525e-07,-7.194104971870866e-05
8.853528212667574e-07,-7.210266264212751e-05
8.853557296993036e-07,-6.102756300482628e-05
8.853595355669746e-07,-6.4506368429495e-05
8.853644042823313e-07,-5.448047548169164e-05
8.853710958984873e-07,-5.99128013246961e-05
8.853808755336899e-07,-6.830722559766512e-05
8.853903883638359e-07,-0.0001583649874212139
8.854008752674163e-07,-0.0002800616894159919
8.854090150283381e-07,-0.0003679308598051848
8.85417166433017e-07,-0.0004532433460213029
8.85423575891087e-07,-0.0004874350874826525
8.854311481745754e-07,-0.0005199425568488767
8.854388815899808e-07,-0.0005202789419388267
8.85445922789308e-07,-0.0005080270361252947
8.854528286779902e-07,-0.0004310018471028094
8.854588888528569e-07,-0.0003551076054427312
8.854648176767716e-07,-0.0002832816844744191
8.854700315999697e-07,-0.0002301255697815269
8.854758083180552e-07,-0.0001684749156479718
8.854798914068427e-07,-0.0001422062096324759
8.854874614852449e-07,-0.000100614481496233
8.854948484968825e-07,-8.323885517797408e-05
8.855e-07,-6.914746711799886e-05
8.855059620544159e-07,-5.893980220312997e-05
8.855130351247494e-07,-4.861148589280404e-05
8.855200679583217e-07,-4.002934473639535e-05
8.855341336254664e-07,-2.673263221471176e-05
8.85559602594913e-07,-1.210018520701168e-05
8.855864082803792e-07,-5.348268114715154e-06
8.856166891759854e-07,-2.478621304350579e-06
8.856511475690592e-07,-1.445497107416164e-06
8.85697359659386e-07,-1.217112636293963e-06
8.857633600891193e-07,-1.110681908662464e-06
8.858736293338427e-07,-1.169003080974501e-06
8.860536594087307e-07,-1.093331153965495e-06
8.863016571225193e-07,-1.151592280614136e-06
8.866487051533743e-07,-1.081864474154606e-06
8.87142995056665e-07,-1.143067387670527e-06
8.878661756655578e-07,-1.075823667910863e-06
8.889147127361454e-07,-1.138642064357141e-06
8.900000000000001e-07,-1.07305083926131e-06
8.900501779306639e-07,-6.334221594890473e-07
8.901217516394106e-07,-6.366461208922321e-07
8.901532279191986e-07,-6.3386129848937e-07
8.901689660590926e-07,-6.38344815900479e-07
8.902004423388805e-07,-9.27416558492229e-07
8.902181815878034e-07,-1.33017425799129e-06
8.902333999584748e-07,-1.686705480591821e-06
8.902526081851007e-07,-1.837563657480414e-06
8.902670279677506e-07,-1.864867423259848e-06
8.902879391820343e-07,-2.030624226616521e-06
8.903034398865172e-07,-1.900571038061462e-06
8.903092041117567e-07,-1.5721906617037e-06
8.903184408869926e-07,-1.034252522362264e-06
8.903252358810907e-07,-7.428340460834244e-07
8.903283113967738e-07,-7.910390098333419e-07
8.9033446242814e-07,-6.923061859237019e-07
8.903416211348044e-07,-7.498701249116885e-07
8.903559385481331e-07,-6.587969892621165e-07
8.903845733747906e-07,-7.299598186184692e-07
8.904407562869488e-07,-6.716548174924336e-07
8.905000000000001e-07,-8.082033741421761e-07
8.905177417519166e-07,-1.025140602810381e-06
8.905423651680737e-07,-1.101439633316047e-06
8.905648656502904e-07,-1.115434107640862e-06
8.906098666147238e-07,-1.118376257134204e-06
8.906490228768619e-07,-1.120353488764858e-06
8.907234364455627e-07,-1.116770190476343e-06
8.908595306816381e-07,-1.112917639739915e-06
8.910922684124118e-07,-1.060961968281288e-06
8.912559509860996e-07,-9.676072769661876e-07
8.914047348992886e-07,-8.704469780986641e-07
8.91553200435287e-07,-2.11924936057724e-06
8.915806107846276e-07,-2.178412463132988e-06
8.915924613738577e-07,-2.253825614470349e-06
8.916159650358487e-07,-2.458242210283876e-06
8.916218132849181e-07,-2.702198011221798e-06
8.916335097830567e-07,-4.514706396218648e-06
8.916390410372309e-07,-5.658889964737728e-06
8.916452134316439e-07,-6.886971347019915e-06
8.916504875521132e-07,-7.489149239295362e-06
8.916570567306571e-07,-7.757433541452611e-06
8.916624530035007e-07,-7.144113313816492e-06
8.916658033796702e-07,-5.705358551300812e-06
8.916691345902122e-07,-4.53123614778088e-06
8.916736707115217e-07,-3.699079945749095e-06
8.9167715026631e-07,-3.768861961986011e-06
8.91680898920512e-07,-3.529512848185944e-06
8.916859348597228e-07,-3.479023767607004e-06
8.916960067381442e-07,-2.847710024851594e-06
8.917087117823342e-07,-1.788616274001138e-06
8.917210034024868e-07,-1.108528453378927e-06
8.9173191263876e-07,-1.129579895549953e-06
8.917436230088182e-07,-1.036666570433057e-06
8.917576254902422e-07,-1.075252003604659e-06
8.917856304530904e-07,-1.037254569173064e-06
8.918237246915805e-07,-1.075608129836597e-06
8.918711010354937e-07,-1.049757035148735e-06
8.919312637455644e-07,-1.091463923312343e-06
8.920276125057486e-07,-1.073377935989779e-06
8.922049730275889e-07,-1.121361286615469e-06
8.922400429761617e-07,-1.087142605505554e-06
8.923101828733075e-07,-1.121518075835872e-06
8.924278883305061e-07,-1.086913541073976e-06
8.926632992449033e-07,-1.121414167459152e-06
8.931341210736977e-07,-1.086696519212379e-06
8.940757647312864e-07,-1.121077082622135e-06
8.95e-07,-1.086300525410347e-06
8.95050790242838e-07,1.835941636630889e-06
8.951270769329289e-07,1.817760659756454e-06
8.951572846438163e-07,1.511781146653411e-06
8.952037048220218e-07,-2.676769311902413e-06
8.952241508255917e-07,-8.395260556648086e-06
8.952417007815617e-07,-1.598281292769603e-05
8.952501250002273e-07,-2.034704738770849e-05
8.952526250002272e-07,-3.144533082994716e-05
8.952548290382761e-07,-3.374037995761759e-05
8.952565317366697e-07,-0.0001119302223574001
8.952580314311741e-07,-0.0001184617108157318
8.952591499017704e-07,-0.0001880434500233982
8.952601250002272e-07,-0.0001850710268855828
8.952604214575603e-07,-0.000160787773229562
8.952608926351394e-07,-0.0001547969441962012
8.95261316727745e-07,-0.0001509873803859397
8.952620612534537e-07,-0.0001487714159152039
8.952629859805176e-07,-0.0001504830950503762
8.952639436153289e-07,-0.0001528233251745425
8.952649527978832e-07,-0.0001566225852248185
8.95266048505014e-07,-0.0001597301003735037
8.952672595212933e-07,-0.0001612085318915998
8.952686146955649e-07,-0.0001549403676225473
8.952698771970974e-07,-0.0001637345746793696
8.95270894417131e-07,-0.0001436385265028146
8.952717667855993e-07,-0.0001392422931497185
8.952724024929293e-07,-0.0001263734606606648
8.952730828925946e-07,-0.0001277691311412498
8.952738040571583e-07,-0.0001173620927390301
8.952747733170768e-07,-0.0001195008691449475
8.952759272814176e-07,-0.0001078236464814468
8.952770020004584e-07,-0.0001115085759666321
8.952781917453622e-07,-0.0001023516170928091
8.95279663309124e-07,-0.0001073327361503509
8.952810291478421e-07,-9.824967468988016e-05
8.952824271116928e-07,-0.0001036575085129502
8.952832102689227e-07,-9.712506983064623e-05
8.952842646493035e-07,-0.0001084535041869394
8.952851990274369e-07,-0.0001050492839403125
8.952865863506838e-07,-0.000115236406485002
8.952879804319906e-07,-0.0001095509448551716
8.952893711834521e-07,-0.0001185939898925979
8.952910262691781e-07,-0.0001159783750244122
8.952933009890371e-07,-0.0001335820867824397
8.952957117735873e-07,-0.0001459527145003519
8.952983111468786e-07,-0.0001840472248982513
8.953016033789109e-07,-0.0002306800007290832
8.953039962947737e-07,-0.0002884254722065772
8.953071931107312e-07,-0.0003657803673462382
8.953102741733799e-07,-0.0004641125608494058
8.953131031086434e-07,-0.0005417559901315707
8.953153177350689e-07,-0.0006064369805704411
8.953177431034418e-07,-0.000655490431447596
8.953191437486828e-07,-0.0006922348697185069
8.95320687944101e-07,-0.0007048855984734164
8.953218769151966e-07,-0.0007234130896090728
8.953230998112241e-07,-0.0007162380557958183
8.953240315240556e-07,-0.0007262272682231661
8.953249569587336e-07,-0.000714495361570102
8.953259802094509e-07,-0.0007182548895521149
8.95326872372478e-07,-0.0006993905629175903
8.953276678862067e-07,-0.0007023033177694332
8.953285017850898e-07,-0.0006845016708647242
8.953292269009435e-07,-0.0006879686694456364
8.953301463001202e-07,-0.0006700111400434368
8.953314141442095e-07,-0.0006698140126975593
8.953325183166675e-07,-0.0006531435175807077
8.953337407116012e-07,-0.0006587648523891326
8.953351893918476e-07,-0.0006486101384330351
8.953371298101876e-07,-0.0006663556911782044
8.953399143706135e-07,-0.0006834243518441125
8.953435898637397e-07,-0.0007505212363177518
8.953469988417455e-07,-0.0008050617147659294
8.953511627485599e-07,-0.0008788992649788062
8.953547706284109e-07,-0.0008954637615279144
8.953587412561714e-07,-0.0009021103883484593
8.953639350880121e-07,-0.0008499667616651623
8.953691426845759e-07,-0.0007900829460670018
8.953745364837165e-07,-0.0006771942354253374
8.953805048290136e-07,-0.0004803750006368945
8.953853583844684e-07,-0.0002902685721592569
8.953905721358596e-07,-0.0002070564987397317
8.953951336769088e-07,-0.0002106059869725797
8.954000296090155e-07,-0.0002790867668802208
8.954053798350861e-07,-0.0003541116156841855
8.954110592251593e-07,-0.0004455370931999157
8.954161711070749e-07,-0.0004748359086084654
8.954233398844491e-07,-0.0004987945636042147
8.954301862053802e-07,-0.0004582601743989582
8.95439043223007e-07,-0.0003971667106473341
8.954477839051707e-07,-0.000250288673399777
8.954563382393295e-07,-5.577821011305473e-05
8.954614126513459e-07,4.584875007244119e-05
8.954663922722184e-07,9.671311128959122e-05
8.954716185252122e-07,0.0001223935161748898
8.954762660671219e-07,0.0001177458632580093
8.954807046543549e-07,0.0001148875734675109
8.954856165917928e-07,9.920472631846573e-05
8.954898835651162e-07,9.442610828799651e-05
8.954945333516023e-07,7.957979253774434e-05
8.954972666758012e-07,7.94030645250922e-05
8.955e-07,6.918587688534202e-05
8.955033874764577e-07,6.48470334754852e-05
8.955067062132785e-07,6.017337209987872e-05
8.955111386985703e-07,5.37936803240962e-05
8.955198256421207e-07,4.316929666928984e-05
8.955350426652103e-07,2.891780180160267e-05
8.95558277162634e-07,1.510758145331722e-05
8.955888766206537e-07,5.775547678239357e-06
8.956306065039571e-07,8.392481604219519e-07
8.956895142803602e-07,-9.58546805703159e-07
8.957722109007964e-07,-1.166844435038053e-06
8.958940102331649e-07,-1.17875663080712e-06
8.961197253594557e-07,-1.120046395084821e-06
8.964659193583243e-07,-1.149804275457241e-06
8.969507499157145e-07,-1.097361832894002e-06
8.976267006599238e-07,-1.136379636521059e-06
8.986057972338836e-07,-1.087389054204498e-06
9.000000000000001e-07,-1.129986554681278e-06
9.000312500000001e-07,-1.267508337313735e-06
9.0008344693934e-07,-1.283389921572684e-06
9.001878408180198e-07,-1.496777546651128e-06
9.002268607157673e-07,-2.798926018937268e-06
9.002424823099346e-07,-3.55271394489095e-06
9.002563888211675e-07,-4.255305399361447e-06
9.002698576389871e-07,-4.884457026530516e-06
9.002740795263665e-07,-5.243847942925473e-06
9.002825233011253e-07,-6.212980299901414e-06
9.002887191432422e-07,-7.544064510765474e-06
9.00294269324853e-07,-1.049772234882699e-05
9.002968409519028e-07,-1.665348125428059e-05
9.002988273000528e-07,-2.097506738552146e-05
9.003011392086616e-07,-2.931031749325642e-05
9.0030327321295e-07,-3.368612148430718e-05
9.003061755830568e-07,-4.715664698615495e-05
9.003072435592009e-07,-5.242447272621226e-05
9.003081078394023e-07,-5.376995063682444e-05
9.003089627650462e-07,-5.389213392814873e-05
9.003102053950703e-07,-5.011953415965651e-05
9.003112405133214e-07,-4.444958383030428e-05
9.003121348170533e-07,-3.719246461253736e-05
9.003128738695832e-07,-3.033615491164132e-05
9.003137269698262e-07,-2.172398504501655e-05
9.003145787371518e-07,-1.692916620762822e-05
9.003154439232457e-07,-1.247395269891628e-05
9.003163043422287e-07,-1.090637667965093e-05
9.003173573876906e-07,-8.020873790347035e-06
9.003190140073906e-07,-7.096120658655526e-06
9.0032151421996e-07,-5.000932005740009e-06
9.003245543442898e-07,-5.484309849896636e-06
9.003286197947012e-07,-4.605279590806938e-06
9.003345574829179e-07,-5.887609529665288e-06
9.00343176288157e-07,-5.806823564516742e-06
9.003547683844278e-07,-7.98662910193988e-06
9.00373222595457e-07,-9.414930639723796e-06
9.004094395085277e-07,-1.517772512878783e-05
9.004547197542638e-07,-1.789400789210338e-05
9.00477359877132e-07,-1.705346862434378e-05
9.005000000000001e-07,-1.190302785193247e-05
9.005098021939664e-07,-1.003939752483728e-05
9.005235569650414e-07,-7.560167032412474e-06
9.005365283747658e-07,-5.837959716282793e-06
9.005624711942145e-07,-3.56077351986297e-06
9.005903121672586e-07,-2.337112102381648e-06
9.006287752919495e-07,-1.586272514061418e-06
9.006770314309229e-07,-1.284252639735228e-06
9.007564231139214e-07,-1.136350151464649e-06
9.008816904385618e-07,-1.113589577942632e-06
9.010015842464717e-07,-1.10026886450141e-06
9.01119811266759e-07,-1.112247962800189e-06
9.012725039569015e-07,-1.099885644245338e-06
9.015778893371867e-07,-1.112010043602462e-06
9.02188660097757e-07,-1.099114889622272e-06
9.034102016188976e-07,-1.111021066788453e-06
9.05e-07,-1.097856557349733e-06
9.050649307443409e-07,-2.137084058257035e-06
9.051547898655523e-07,-2.243778891776947e-06
9.051974486561911e-07,-4.182839076112296e-06
9.052187780515106e-07,-4.760988943902268e-06
9.052328236434873e-07,-2.147402869292613e-06
9.052469062702709e-07,7.99850822523867e-06
9.052611578281919e-07,1.80611819722338e-05
9.052771398103257e-07,2.045797643917603e-05
9.052825811843392e-07,9.012091891621827e-06
9.052867885471416e-07,3.924666096378945e-06
9.052923713488692e-07,-2.944209781598296e-06
9.052966744305469e-07,-3.183798478553013e-06
9.052995517287262e-07,-1.33701964900183e-05
9.05302685079235e-07,-1.650661976988791e-05
9.053060234203889e-07,-2.680587898190558e-05
9.053096127169705e-07,-3.100053215614938e-05
9.053135604139055e-07,-5.640085140463934e-05
9.053156204065189e-07,-6.416794518305968e-05
9.053177912065895e-07,-7.895486738386717e-05
9.053198468461097e-07,-7.880599505555063e-05
9.053222927566235e-07,-9.178889647836639e-05
9.053240314711425e-07,-8.406684753068873e-05
9.053252494061214e-07,-8.380049021047351e-05
9.053259830217884e-07,-8.674430442354043e-05
9.053268134736302e-07,-9.63053990161108e-05
9.05327646892311e-07,-9.747236035601318e-05
9.053291620771236e-07,-9.941864872090146e-05
9.053302705268856e-07,-9.462701167114218e-05
9.05331585314011e-07,-9.43678949722019e-05
9.053331316422342e-07,-8.971094495481003e-05
9.053352439630645e-07,-9.323853878641737e-05
9.053375961061144e-07,-9.729151035083236e-05
9.053405362586751e-07,-0.0001071830465307414
9.053433824897715e-07,-9.592675992734381e-05
9.053458306386031e-07,-8.312329912503892e-05
9.053489421961611e-07,-6.473044158844054e-05
9.053521781378114e-07,-5.993083122298057e-05
9.053550493220499e-07,-5.284444914981331e-05
9.053584568204441e-07,-5.199413620997318e-05
9.053630437462121e-07,-4.540624135247695e-05
9.05369162154988e-07,-4.493630111351381e-05
9.053781956760881e-07,-4.511165685986187e-05
9.053878410353918e-07,-8.303793703847216e-05
9.053979100574664e-07,-0.0001562193335529904
9.054076009974054e-07,-0.0002357148734558869
9.054163379978747e-07,-0.0003226166750844191
9.054235465117842e-07,-0.0003762746570419919
9.05431963152971e-07,-0.0004171424904333116
9.054408471491503e-07,-0.0004326884948876298
9.054497595156617e-07,-0.0004249123964962645
9.054589164560552e-07,-0.0003550109647751516
9.054661385392998e-07,-0.0002556863099720045
9.054724493345957e-07,-0.0001750204023416057
9.054777160553617e-07,-0.0001284197079199865
9.054827129230114e-07,-9.797632607054609e-05
9.054880076638405e-07,-7.765438469727397e-05
9.054938119408858e-07,-6.272152869978492e-05
9.055000000000001e-07,-5.227187251674192e-05
9.055070791734133e-07,-4.11777919874095e-05
9.055146588448992e-07,-3.305032202974286e-05
9.055224667743743e-07,-2.658746385237725e-05
9.055380826333243e-07,-1.691575646223924e-05
9.055636538818543e-07,-7.847167617537888e-06
9.055909131971881e-07,-3.610757786777848e-06
9.056216886179165e-07,-1.931087139729767e-06
9.05657526857396e-07,-1.275204177075418e-06
9.057060389289407e-07,-1.193392344201609e-06
9.057767591512991e-07,-1.093364888496641e-06
9.05897030172455e-07,-1.166594570424167e-06
9.060855010706258e-07,-1.080043166706604e-06
9.063464518268212e-07,-1.153661427928646e-06
9.067113849006105e-07,-1.071923381631319e-06
9.072345446462308e-07,-1.147422101751325e-06
9.079991157730515e-07,-1.067619597535341e-06
9.091062190634029e-07,-1.14417736473881e-06
9.100000000000001e-07,-1.065762049417937e-06
9.100460372019737e-07,-6.361731917023828e-07
9.101136171163649e-07,-6.395654622206709e-07
9.101414419990718e-07,-6.414402501424526e-07
9.101970917644857e-07,-8.901385500393487e-07
9.102230419728307e-07,-1.475134066740447e-06
9.10238645422306e-07,-1.760009271158652e-06
9.102588046640965e-07,-1.85139290167319e-06
9.102736806889137e-07,-1.902345860298024e-06
9.102926326260507e-07,-2.03066278428749e-06
9.102986243778741e-07,-1.966927189239448e-06
9.103066813053144e-07,-1.731897042976652e-06
9.103151557724883e-07,-1.213831225256414e-06
9.103221273778986e-07,-8.512033116163403e-07
9.10331009169711e-07,-7.181626793053732e-07
9.103383802617801e-07,-7.348293479842817e-07
9.103458093665189e-07,-6.911660493762855e-07
9.103597774950476e-07,-7.087192894161771e-07
9.103873638432617e-07,-6.786329365651272e-07
9.104384694081243e-07,-7.224222069714687e-07
9.105000000000001e-07,-7.543208994005885e-07
9.105177323790099e-07,-1.0233144695967e-06
9.105424207670609e-07,-1.100198057814017e-06
9.105653142496296e-07,-1.114361185777798e-06
9.106111012147669e-07,-1.117312200649894e-06
9.106505993428196e-07,-1.118768606258312e-06
9.107254409092333e-07,-1.114658167268225e-06
9.108642974183416e-07,-1.106798495094126e-06
9.110645150285713e-07,-1.050943299835439e-06
9.112184466950192e-07,-9.565563088813772e-07
9.113610902671087e-07,-8.684603953018657e-07
9.113999883222403e-07,-8.812690447675564e-07
9.114777844325033e-07,-1.5405283419061e-06
9.114998645355622e-07,-1.906173905201295e-06
9.115109045870917e-07,-2.019810845412004e-06
9.115329846901507e-07,-2.188451822173013e-06
9.115538058950839e-07,-2.330239832443474e-06
9.115745399140684e-07,-2.853623502647651e-06
9.115815584679285e-07,-4.044045758654223e-06
9.115864477732194e-07,-5.008860501476112e-06
9.115932319211628e-07,-6.580000939914468e-06
9.115981054576831e-07,-7.222773674089098e-06
9.116029322091724e-07,-7.786851788903083e-06
9.116085431886004e-07,-7.687974095244071e-06
9.116138309768147e-07,-6.90768751812872e-06
9.116180047525682e-07,-4.794720282259194e-06
9.116213293897666e-07,-4.22855273833817e-06
9.116245202785786e-07,-3.637248883515914e-06
9.116279138624917e-07,-3.875701943957007e-06
9.116318678655128e-07,-3.404981615175172e-06
9.116389451999827e-07,-3.493430627443797e-06
9.116530998689224e-07,-2.074014924014412e-06
9.116647989812141e-07,-1.528892720023161e-06
9.11682186656885e-07,-8.534130641014727e-07
9.116953315608653e-07,-1.247464942432547e-06
9.11708853851342e-07,-8.832200598842142e-07
9.117297770118666e-07,-1.220525533652416e-06
9.117632825902699e-07,-8.897917223379985e-07
9.118071109134331e-07,-1.229968570130879e-06
9.11864488097974e-07,-9.059447824145251e-07
9.119477881775223e-07,-1.251413296692897e-06
9.121027248955435e-07,-9.367280968244072e-07
9.122546420687198e-07,-1.269192691886379e-06
9.123817318281702e-07,-9.384563793477713e-07
9.125271704328097e-07,-1.268900372623224e-06
9.128180476420888e-07,-9.384846683885757e-07
9.133998020606469e-07,-1.268643367165377e-06
9.141999010303234e-07,-9.382458596425126e-07
9.15e-07,-1.268350786806714e-06
9.150476911667778e-07,2.108194797419702e-06
9.151208422134443e-07,2.134763466563006e-06
9.151484294800965e-07,1.905596865604379e-06
9.15199277240162e-07,-2.033697547285091e-06
9.152119891801783e-07,-5.123696722368646e-06
9.15237413060211e-07,-1.470087175766873e-05
9.152501250002273e-07,-2.176085900708601e-05
9.152526250002273e-07,3.354481219471292e-05
9.152553959997787e-07,-3.391668454034966e-05
9.152575076420196e-07,-1.004214303090961e-05
9.152588163211234e-07,-6.893189653273031e-05
9.152601250002273e-07,-4.202752404366507e-05
9.152604181815987e-07,-8.02454505269931e-05
9.152609616045494e-07,-8.073817319550951e-05
9.15261452484204e-07,-8.066772806874266e-05
9.152622559176171e-07,-8.091257411084131e-05
9.15263370994917e-07,-7.80354416812013e-05
9.152645531515136e-07,-7.554855933806588e-05
9.152657386288344e-07,-7.409686386211386e-05
9.152669416165871e-07,-7.747410139934031e-05
9.152682133987904e-07,-7.324340609017471e-05
9.152697108058223e-07,-6.944106215922712e-05
9.152712584572869e-07,-6.035194550258338e-05
9.152732154768719e-07,-5.568409210280592e-05
9.152749498816645e-07,-5.070329313326443e-05
9.152768069734851e-07,-5.177648460266025e-05
9.152788353942799e-07,-5.105274325545155e-05
9.152806800213891e-07,-5.32644513929465e-05
9.152821339956957e-07,-5.132482038565889e-05
9.152832018283948e-07,-5.544038539969208e-05
9.152843767286151e-07,-5.978473034589071e-05
9.152853761094895e-07,-6.682857208143586e-05
9.152867312186088e-07,-6.930275317277082e-05
9.152881455808375e-07,-7.441774819023091e-05
9.152896006274247e-07,-7.568127255470551e-05
9.152914191847559e-07,-8.321284545601565e-05
9.152937368565033e-07,-9.253448919747885e-05
9.152961550948258e-07,-0.0001157766850597836
9.15298900202462e-07,-0.0001499855428863401
9.153018720729561e-07,-0.0002077584449382336
9.153042720838367e-07,-0.0002645870693428388
9.153076677471867e-07,-0.0003704515604391562
9.153108878001226e-07,-0.0004778931642499681
9.153135311630024e-07,-0.0005692720981457972
9.153157680049715e-07,-0.0006327548566845408
9.153182947963501e-07,-0.0007045888781127132
9.153202261464427e-07,-0.0007431723439283259
9.153215957567988e-07,-0.000760940821821313
9.153229726646481e-07,-0.0007654490607374295
9.153239585151208e-07,-0.0007705904701766711
9.153252399348858e-07,-0.0007694702143622137
9.153262470354192e-07,-0.0007607175072543432
9.153272173199569e-07,-0.0007453738973064137
9.153279144427569e-07,-0.0007388118175763579
9.153286656673086e-07,-0.0007245928051550916
9.153294373560631e-07,-0.0007158886651026869
9.153304251220489e-07,-0.0006960882943423056
9.153316953691616e-07,-0.0006759470996122055
9.153328196268062e-07,-0.0006529314555880567
9.153340914599908e-07,-0.0006336788377595435
9.153356555943577e-07,-0.0006056594731635614
9.153377884635687e-07,-0.0005773967774255622
9.153409437545917e-07,-0.0005375475945486704
9.153444455669367e-07,-0.0005079150873164313
9.153478988933356e-07,-0.0004815682689959783
9.153512865098391e-07,-0.0004624077332411719
9.153546431907109e-07,-0.0004352948998061705
9.153588816381711e-07,-0.0004022223618508701
9.153641078450988e-07,-0.0003557802402947877
9.153693877213344e-07,-0.0003170799505144922
9.153747641484966e-07,-0.0002781028055358537
9.153807954434791e-07,-0.0002487031943617392
9.153883027088723e-07,-0.0002543381999327305
9.153981404294969e-07,-0.0004218935971107421
9.154054824133867e-07,-0.0006431986852084194
9.154127747910014e-07,-0.000818737062661086
9.154181888779618e-07,-0.0008679811097168143
9.154253568133008e-07,-0.0008538914429160924
9.154324631419389e-07,-0.0007683945807724424
9.154391887240602e-07,-0.0006147803689235868
9.154456421575278e-07,-0.0003608462290199358
9.154516613940633e-07,-0.0001270087833946246
9.15456592511507e-07,2.128083858762272e-05
9.154619196400333e-07,0.0001058422763290957
9.154679488123216e-07,0.0001549646329583482
9.154731970662902e-07,0.0001508209031515217
9.154805588808508e-07,0.0001436366869926016
9.154885629223898e-07,0.0001145223014543791
9.154942814611949e-07,0.0001069697933700785
9.155000000000001e-07,8.674349185538973e-05
9.155078455808264e-07,7.505495819300327e-05
9.155155094500623e-07,6.270329151350706e-05
9.15523422830899e-07,5.137492758627901e-05
9.155392495925724e-07,3.424048193876714e-05
9.155642449798494e-07,1.698413023468078e-05
9.1559759549699e-07,6.047124263579754e-06
9.156425095084555e-07,5.384894145744543e-07
9.157015472621589e-07,-8.704805731625558e-07
9.157806050739012e-07,-1.281743044574445e-06
9.159059545142322e-07,-1.057531717608053e-06
9.161253823911869e-07,-1.244242706105782e-06
9.164817134051607e-07,-1.025200141005398e-06
9.169725314508936e-07,-1.222831336626063e-06
9.176611982481093e-07,-1.010594027876359e-06
9.18651905574666e-07,-1.213626150534294e-06
9.200000000000001e-07,-1.003843725680121e-06
9.200312500000002e-07,-1.26948552893818e-06
9.2008344693934e-07,-1.282543698779204e-06
9.201878408180198e-07,-1.497802509718934e-06
9.202268607157673e-07,-2.798704939289102e-06
9.202424829036947e-07,-3.552938936965655e-06
9.202563890950613e-07,-4.261304657553708e-06
9.202698577231883e-07,-4.881854183463314e-06
9.202740795461794e-07,-5.243677361759611e-06
9.202825231921617e-07,-6.211942430589215e-06
9.202887207691132e-07,-7.544324015283132e-06
9.202942698933337e-07,-1.04922823498506e-05
9.202968428597429e-07,-1.664572566920644e-05
9.202988295996628e-07,-2.09647054086693e-05
9.203011425922297e-07,-2.929823416469637e-05
9.203032764430139e-07,-3.36720891808915e-05
9.203061795191932e-07,-4.712628057238605e-05
9.203072479861671e-07,-5.240837995035005e-05
9.203081118508037e-07,-5.375443373280157e-05
9.203089667604625e-07,-5.389057297656012e-05
9.203102099007879e-07,-5.012448078371577e-05
9.203112455099173e-07,-4.446459695965975e-05
9.203121405844364e-07,-3.720389229983017e-05
9.203128798044813e-07,-3.035472081080207e-05
9.203137326563631e-07,-2.173716348992084e-05
9.203145863471859e-07,-1.693306371887741e-05
9.20315451863454e-07,-1.247103560004605e-05
9.203163125301497e-07,-1.091036693388811e-05
9.203173650627277e-07,-8.018750195056728e-06
9.203190227858723e-07,-7.100394062944634e-06
9.203215229367694e-07,-4.998509908825403e-06
9.203245634522318e-07,-5.489604038532162e-06
9.203286286903802e-07,-4.603876645157704e-06
9.203345668808117e-07,-5.893873418057543e-06
9.203431899335388e-07,-5.806908614424912e-06
9.203547894637702e-07,-7.995203824737984e-06
9.203732593012667e-07,-9.419289364271657e-06
9.204095114238026e-07,-1.519440100323092e-05
9.204547557119013e-07,-1.789857789906392e-05
9.204773778559507e-07,-1.706491066329252e-05
9.205000000000001e-07,-1.190936288978396e-05
9.205097995301081e-07,-1.004843261007711e-05
9.205235481684037e-07,-7.568185808012687e-06
9.205365143203638e-07,-5.844624279150433e-06
9.205624466242839e-07,-3.565099888362057e-06
9.205902737208309e-07,-2.339703715454271e-06
9.206287101183734e-07,-1.587628736124787e-06
9.206769245532946e-07,-1.284832508364001e-06
9.207562222213191e-07,-1.136639521815881e-06
9.208814705938319e-07,-1.113748210500245e-06
9.210013441013466e-07,-1.100468475673448e-06
9.211195623436064e-07,-1.112407471807432e-06
9.212721901712837e-07,-1.100079993251377e-06
9.215774458266383e-07,-1.112164172683823e-06
9.221879571373475e-07,-1.099300495410402e-06
9.23408979758766e-07,-1.111159927654039e-06
9.25e-07,-1.098020872148123e-06
9.250649538730542e-07,-2.114359415721448e-06
9.251548343318976e-07,-2.1963309904017e-06
9.251975141399516e-07,-3.847273688714878e-06
9.252188540439786e-07,-3.968321132860061e-06
9.252328998208501e-07,-9.288137328097349e-07
9.252469845230034e-07,9.671513163714114e-06
9.252612261510968e-07,2.004817521488662e-05
9.252772437024117e-07,2.275079897059884e-05
9.252826195090624e-07,1.123681828496946e-05
9.252868181951973e-07,6.347773937059177e-06
9.252923787223851e-07,-6.157607243181135e-07
9.252966819225354e-07,-1.756346392351985e-06
9.252995645779314e-07,-1.470121489934779e-05
9.25302695758044e-07,-2.041052534884933e-05
9.253060372729023e-07,-3.288398710766612e-05
9.25309623626656e-07,-3.896273110361397e-05
9.253135772316218e-07,-7.228096187611262e-05
9.253156413186707e-07,-8.371195867581569e-05
9.253178103015503e-07,-0.0001017774208596362
9.25319872998295e-07,-0.000101055449278959
9.253223100461365e-07,-0.0001161148579432865
9.253240377453249e-07,-0.0001042255737434412
9.253252538694674e-07,-0.000101181516039953
9.253259863452683e-07,-0.0001065163850931295
9.253268154270869e-07,-0.000118729128199394
9.253276497380016e-07,-0.0001210805089727974
9.253291540890463e-07,-0.0001211328826510156
9.253302623892499e-07,-0.0001139928610087452
9.253315757263394e-07,-0.0001108283376135064
9.253331219907173e-07,-0.000103263106543064
9.253352226730376e-07,-0.0001034442392531957
9.253375745258581e-07,-0.0001074407647078844
9.253405135839482e-07,-0.0001184193152745172
9.253433686560533e-07,-0.0001084389585879015
9.253458153728976e-07,-9.623747769529924e-05
9.253489250993543e-07,-7.816461456770831e-05
9.253521653037361e-07,-7.195456632308308e-05
9.253550358481051e-07,-6.484492630750369e-05
9.2535843791207e-07,-6.365063057629527e-05
9.253630184917487e-07,-5.805059290648725e-05
9.253691264872003e-07,-5.836382562750137e-05
9.253781452704676e-07,-6.276078413958711e-05
9.253877955583876e-07,-0.0001238700514209297
9.253978576716126e-07,-0.0002418450167447645
9.25406668385208e-07,-0.0003318545445969465
9.254142636875451e-07,-0.0004234104558903441
9.254206570536451e-07,-0.0004726802100876858
9.254281209192348e-07,-0.0005192884927789583
9.254361994619506e-07,-0.0005332438915511265
9.254439198705574e-07,-0.0005343752874487559
9.254501306245248e-07,-0.0004919363352047374
9.25456464455394e-07,-0.0004239255178132736
9.25463025336412e-07,-0.0003278021703941431
9.254691080601623e-07,-0.0002485865449557597
9.254741718113351e-07,-0.0001864484351047249
9.254787207178071e-07,-0.0001531346013165962
9.254835798525124e-07,-0.0001196108415933358
9.254899299757227e-07,-9.873688588556567e-05
9.254949649878614e-07,-8.067297342644816e-05
9.255000000000001e-07,-7.40938906850241e-05
9.255057092408253e-07,-6.016334666251447e-05
9.255123418271615e-07,-5.001665324865008e-05
9.255191910965736e-07,-4.143382382993109e-05
9.255328896353979e-07,-2.789766655660845e-05
9.255584063230276e-07,-1.267471207033663e-05
9.255851053178339e-07,-5.534029083477655e-06
9.256152692666932e-07,-2.603549135624717e-06
9.256493775703546e-07,-1.421618079986238e-06
9.256950336098894e-07,-1.269544455863935e-06
9.257599000765265e-07,-1.062757058627686e-06
9.258678294706371e-07,-1.21751355117519e-06
9.260456814739198e-07,-1.045724034327198e-06
9.262904044749327e-07,-1.199714190844132e-06
9.266329365101114e-07,-1.034215126570048e-06
9.271200667515521e-07,-1.191005743609474e-06
9.27832922697229e-07,-1.028150274242562e-06
9.28866795241199e-07,-1.186483338061856e-06
9.300000000000001e-07,-1.025315793456242e-06
9.300511616069871e-07,-6.403950395709511e-07
9.301236676952125e-07,-6.473746114776159e-07
9.301560228978124e-07,-6.420994381960738e-07
9.301722004991123e-07,-6.54719624125168e-07
9.302045557017122e-07,-1.017423405520256e-06
9.302219497262077e-07,-1.434553628395047e-06
9.302368141082407e-07,-1.737284442053392e-06
9.30254503662882e-07,-1.841770136677054e-06
9.302689754624913e-07,-1.877324949995101e-06
9.302950064127994e-07,-2.01962854209681e-06
9.303004103290541e-07,-1.939878350276443e-06
9.303112181615635e-07,-1.526865618339612e-06
9.303194033255977e-07,-9.508485078094379e-07
9.303267538349228e-07,-7.574581205029882e-07
9.303304290895853e-07,-7.532103224842169e-07
9.30336713378022e-07,-7.137852989533217e-07
9.303451441210886e-07,-7.1747170987571e-07
9.303620056072219e-07,-6.858062351396211e-07
9.303957285794884e-07,-7.046493164558125e-07
9.304478642897442e-07,-7.055749569036358e-07
9.305000000000001e-07,-7.801060702899013e-07
9.305120168503257e-07,-1.003905022834251e-06
9.305341645347326e-07,-1.092651939380182e-06
9.305542163501589e-07,-1.110805138592972e-06
9.305943199810116e-07,-1.116798274009637e-06
9.306294702690806e-07,-1.118746356257992e-06
9.306942973725819e-07,-1.114345695364607e-06
9.30799539650664e-07,-1.109180936234896e-06
9.309965734655629e-07,-1.059584784368185e-06
9.311466956769725e-07,-9.729339824985677e-07
9.312903024305122e-07,-8.771128310690891e-07
9.314380793845741e-07,-1.812673670307341e-06
9.314733651623045e-07,-2.151447885878209e-06
9.314973712740266e-07,-2.265892943242698e-06
9.315231846293811e-07,-2.778745343337573e-06
9.315301087273621e-07,-3.743228615587738e-06
9.315354132611131e-07,-4.859543967253716e-06
9.315402570201448e-07,-5.944788363968698e-06
9.315451583887116e-07,-6.862611896656988e-06
9.315512980621764e-07,-7.65063096418347e-06
9.315571731236251e-07,-7.773375327505571e-06
9.315626696593691e-07,-7.211910849487306e-06
9.315672984750546e-07,-5.039058306395053e-06
9.315706104954082e-07,-4.338896318506339e-06
9.315722536803261e-07,-3.800155769465293e-06
9.315755400501619e-07,-3.931572544952449e-06
9.315788987790432e-07,-3.503277697413661e-06
9.31584416745454e-07,-3.65321540080545e-06
9.315928263819148e-07,-2.946496183906733e-06
9.316069615281918e-07,-2.021683805592082e-06
9.316186673032599e-07,-1.043874920570693e-06
9.316245201907939e-07,-1.289341186992515e-06
9.316362259658618e-07,-9.081319356342538e-07
9.316481246558813e-07,-1.225929620297266e-06
9.316714558149597e-07,-8.880067617877832e-07
9.317096598767884e-07,-1.22183781479738e-06
9.317525425002093e-07,-8.984178003887018e-07
9.318053885893464e-07,-1.236276464188005e-06
9.318810814853813e-07,-9.182945470380094e-07
9.3202540620405e-07,-1.266488694160153e-06
9.320668172121313e-07,-9.368739561116399e-07
9.321496392282939e-07,-1.269434864522923e-06
9.322593292163606e-07,-9.384741689439495e-07
9.324361806570655e-07,-1.269980891142724e-06
9.327149705553871e-07,-9.383480644417076e-07
9.331726483758374e-07,-1.269774925418335e-06
9.340880040167381e-07,-9.380145721088753e-07
9.35e-07,-1.269393519661608e-06
9.350504931408485e-07,1.835319628954396e-06
9.35126482043011e-07,1.819538695871779e-06
9.351564368345879e-07,1.528279639549282e-06
9.352032809174076e-07,-2.583416701611834e-06
9.352237758764829e-07,-8.228193359309588e-06
9.352369504383552e-07,-1.359935830405582e-05
9.352501250002273e-07,-2.027377665102461e-05
9.352526250002273e-07,1.756159577507583e-06
9.35255121785862e-07,-3.50823195870507e-05
9.352564670206659e-07,-5.254953592157377e-05
9.352575364130939e-07,-8.045163618693376e-05
9.352586035088094e-07,-9.444510088573887e-05
9.352593642545183e-07,-0.0001180169080393092
9.352601250002273e-07,-0.0001293234560184861
9.352603939588471e-07,-0.0001196376389108531
9.352607928277325e-07,-0.0001173600873653664
9.352611627782095e-07,-0.000115345390868539
9.352618670981162e-07,-0.0001140828526196991
9.352628028045968e-07,-0.000113941264391552
9.352637469897004e-07,-0.000114084141086272
9.352647996678891e-07,-0.0001145090682011453
9.352658274371416e-07,-0.0001161714775895372
9.352670434265493e-07,-0.0001184167061839713
9.352683374817288e-07,-0.0001136829671863433
9.352696468595926e-07,-0.0001153621676097686
9.352707443785971e-07,-0.0001048895490104932
9.352716269453321e-07,-9.8983074425132e-05
9.352723027794439e-07,-9.224992409435063e-05
9.352730162094036e-07,-9.04022583311277e-05
9.352737106232942e-07,-8.549972223774039e-05
9.352746495907499e-07,-8.467766613014845e-05
9.352757848099693e-07,-7.941398657208044e-05
9.352768508256085e-07,-7.998438531984374e-05
9.352780192565608e-07,-7.669453433021341e-05
9.35279440150426e-07,-7.83521801660033e-05
9.352808184642435e-07,-7.47991110412519e-05
9.352821892633862e-07,-7.637849939775678e-05
9.352829963186189e-07,-7.482122222093398e-05
9.352840739373543e-07,-8.212417013994121e-05
9.35285011364273e-07,-8.406844278316424e-05
9.352863266543177e-07,-9.040165438552036e-05
9.352878006824109e-07,-9.028834369674301e-05
9.352891760707469e-07,-9.505409628563067e-05
9.352908465037217e-07,-9.699400789143124e-05
9.352930981596887e-07,-0.000109483654083341
9.352955104779698e-07,-0.0001263601227286321
9.352980907109802e-07,-0.0001605057545425257
9.353014189742885e-07,-0.0002167841973021358
9.353038129065169e-07,-0.0002761624858379241
9.353069862222608e-07,-0.0003698981636679341
9.35310058584454e-07,-0.0004789448162686147
9.353130056663871e-07,-0.0005823035939595319
9.353152230456536e-07,-0.0006575372961648974
9.353176202449678e-07,-0.0007287828417404619
9.353190446877682e-07,-0.0007728629829716203
9.353206512106616e-07,-0.0008037459453696162
9.353218315543671e-07,-0.0008243984334896603
9.353227570868732e-07,-0.0008271886854601291
9.353236763278174e-07,-0.0008370797328374578
9.353248727746308e-07,-0.0008387334550577575
9.353259477590797e-07,-0.0008391811615729736
9.353268832995633e-07,-0.0008242340015459551
9.353280307282993e-07,-0.0008160897597311706
9.35328855050467e-07,-0.0008018036193581863
9.353296334764708e-07,-0.0007967063875019145
9.353306032127848e-07,-0.0007792171002307264
9.353318823821222e-07,-0.0007660054703287185
9.353330030103373e-07,-0.0007474595020780198
9.353342961751538e-07,-0.0007378539429607112
9.353358925254429e-07,-0.000719984993608475
9.353381019194171e-07,-0.0007122803369772131
9.35341375875758e-07,-0.000704197640398707
9.353448860574418e-07,-0.00071671721779645
9.35348368242964e-07,-0.0007270275806617204
9.353516587183912e-07,-0.000736100242623893
9.353549733440351e-07,-0.0007240055395166874
9.353594721284262e-07,-0.0006952912499642583
9.353647107255451e-07,-0.0006373607333264607
9.353699855489864e-07,-0.000576631003204718
9.353753839627265e-07,-0.0004920432190616941
9.353814841166591e-07,-0.0003559822555904304
9.353862616822198e-07,-0.0002957577104979013
9.353911398903327e-07,-0.0003082794524041858
9.353965588014559e-07,-0.0004090830853699622
9.354015762527339e-07,-0.0005432838311813642
9.354071083541107e-07,-0.0007143784161777729
9.354135783188694e-07,-0.000842028168340448
9.354186399468452e-07,-0.0008836545015048547
9.354267090600608e-07,-0.0008475199010113604
9.354337927697361e-07,-0.0007532503661702289
9.354411288400257e-07,-0.000551492691129937
9.354477448836959e-07,-0.0002799033100054502
9.35453929800604e-07,-5.295986024204019e-05
9.354586777500602e-07,6.002976991144374e-05
9.354640161063076e-07,0.0001298018444828006
9.354698169325548e-07,0.0001566485773278029
9.354762587463377e-07,0.0001511286775909453
9.35483986068893e-07,0.0001332894156683592
9.354916743118021e-07,0.0001103832771407135
9.355000000000001e-07,9.264778860934506e-05
9.355068031565052e-07,7.768168043290942e-05
9.355152096956129e-07,6.384097922212981e-05
9.355237035392675e-07,5.146316950203349e-05
9.355406912265769e-07,3.328040591925647e-05
9.355657477188977e-07,1.635835747814077e-05
9.355996985049083e-07,5.68551541489475e-06
9.356458684379161e-07,3.378430720620868e-07
9.357048078173442e-07,-9.151155271279695e-07
9.3578653548356e-07,-1.277696638444645e-06
9.359124089839219e-07,-1.086223819485143e-06
9.361487567728224e-07,-1.225827980415366e-06
9.365099560181828e-07,-1.052967816786712e-06
9.370138209487404e-07,-1.199625817381914e-06
9.377156317204839e-07,-1.038154999059861e-06
9.387340551847344e-07,-1.18812565556917e-06
9.400000000000001e-07,-1.031494196667207e-06
9.400312500000001e-07,-1.267391444448849e-06
9.400834469393398e-07,-1.285514513238487e-06
9.401878408180194e-07,-1.49668695059806e-06
9.402268607157669e-07,-2.800794282810257e-06
9.402424842346493e-07,-3.553158108700766e-06
9.402563898148257e-07,-4.260964728301467e-06
9.402698580598993e-07,-4.883239084808013e-06
9.402740795777676e-07,-5.244433744243711e-06
9.402825226135044e-07,-6.212778718224393e-06
9.402887191995434e-07,-7.544895362611943e-06
9.402942688318554e-07,-1.049469710740202e-05
9.402968413542853e-07,-1.66497473531649e-05
9.402988278952269e-07,-2.096973969092423e-05
9.403011404545707e-07,-2.930470564995313e-05
9.403032742704909e-07,-3.367967284412463e-05
9.40306176945079e-07,-4.714062932072348e-05
9.403072451812642e-07,-5.241744765981056e-05
9.403081091738137e-07,-5.376261556849459e-05
9.403089640582937e-07,-5.38933943469373e-05
9.403102069693132e-07,-5.012402475551771e-05
9.403112423670375e-07,-4.44602000995545e-05
9.40312137124571e-07,-3.720084238716038e-05
9.403128762610023e-07,-3.034864112868005e-05
9.403137291888949e-07,-2.173313297154564e-05
9.403145821560748e-07,-1.693233573516025e-05
9.403154475375578e-07,-1.247245021129588e-05
9.403163080955166e-07,-1.09097389292197e-05
9.403173607907703e-07,-8.019881028737116e-06
9.403190180452719e-07,-7.09961040204495e-06
9.403215181165748e-07,-4.999862213493735e-06
9.403245584584682e-07,-5.488238302695634e-06
9.403286237433866e-07,-4.60476279105631e-06
9.403345617536832e-07,-5.891935069113411e-06
9.403431824549414e-07,-5.807057445220932e-06
9.40354777970092e-07,-7.992001022043758e-06
9.403732391279358e-07,-9.417138519461309e-06
9.404094724694452e-07,-1.518681089188728e-05
9.404547362347226e-07,-1.789631748281643e-05
9.404773681173613e-07,-1.706005668836972e-05
9.405e-07,-1.190610174623579e-05
9.405098009730589e-07,-1.004430941875473e-05
9.40523552933473e-07,-7.564651459200616e-06
9.405365219335607e-07,-5.841843005756983e-06
9.405624599337361e-07,-3.563614326321365e-06
9.405902945456663e-07,-2.339136175027817e-06
9.406287454187759e-07,-1.587721040014967e-06
9.406769824402585e-07,-1.285317371901689e-06
9.407563310227849e-07,-1.137276973596544e-06
9.408815852805289e-07,-1.114424397721228e-06
9.410014725526552e-07,-1.101115301037037e-06
9.411196940019335e-07,-1.113046552993844e-06
9.412723548521707e-07,-1.100691313766604e-06
9.415776765526451e-07,-1.112746240968749e-06
9.421883199535939e-07,-1.099809847326066e-06
9.434096067554914e-07,-1.111578813070536e-06
9.450000000000001e-07,-1.098343624864303e-06
9.450649420055992e-07,-2.114534272414842e-06
9.451548115163164e-07,-2.196213709155275e-06
9.451974805399723e-07,-3.829140941619928e-06
9.452188150518003e-07,-4.022990117955227e-06
9.452328071469298e-07,-9.185102677106393e-07
9.452469134037014e-07,9.557841101842983e-06
9.452611695663152e-07,2.007123914278121e-05
9.45277162302236e-07,2.273336948453237e-05
9.45282591994902e-07,1.139549101984177e-05
9.452867978269216e-07,6.271320004701413e-06
9.45292375824884e-07,-5.194319482786964e-07
9.452966790349591e-07,-1.841037068648722e-06
9.452995586870292e-07,-1.458521246528153e-05
9.453026913145172e-07,-2.049362638327254e-05
9.453060312964297e-07,-3.277300476191429e-05
9.453096188515069e-07,-3.904056604964021e-05
9.453135695909287e-07,-7.211026641319119e-05
9.453156317866249e-07,-8.376127910554728e-05
9.453178015542254e-07,-0.0001016375341298891
9.453198610126362e-07,-0.0001011601464234148
9.453223020750602e-07,-0.0001159488512280356
9.453240348572911e-07,-0.0001044331682422658
9.453252518058233e-07,-0.0001009660233748022
9.453259848094038e-07,-0.0001066100963879118
9.453268145256508e-07,-0.0001184352759877435
9.453276484101393e-07,-0.0001211432304417207
9.453291578598098e-07,-0.0001208943244998678
9.453302662301657e-07,-0.0001141412651170396
9.453315802468288e-07,-0.0001106000924419977
9.453331265281253e-07,-0.0001032951070711507
9.45335252694776e-07,-0.0001030745414943601
9.453376043443007e-07,-0.0001078320491717923
9.453405467672426e-07,-0.0001190510762559679
9.45343389897438e-07,-0.0001096360189224225
9.453458390451323e-07,-9.68530301476512e-05
9.453489518295585e-07,-7.892010337974644e-05
9.453521855396888e-07,-7.209877569753947e-05
9.453550571067177e-07,-6.530477963842332e-05
9.45358467595421e-07,-6.366169955561926e-05
9.453630582607661e-07,-5.852741632939619e-05
9.453691819619675e-07,-5.85618540981355e-05
9.453782245260008e-07,-6.366490594180543e-05
9.453878672328189e-07,-0.0001228210202827032
9.453979403287836e-07,-0.0002367952958154054
9.454069771540202e-07,-0.0003281508124415867
9.454149974912184e-07,-0.0004278392420713186
9.454211987274414e-07,-0.0004763277625613094
9.454295626617447e-07,-0.0005278342574206086
9.454377278395452e-07,-0.0005391255614136971
9.454452768570817e-07,-0.0005387967658577776
9.454538451763019e-07,-0.0004701443655397952
9.454604666507642e-07,-0.0003751608734357713
9.454673074386273e-07,-0.0002658673566929556
9.454721950219979e-07,-0.0002123340107421227
9.454776735707467e-07,-0.0001562535648156817
9.454823273271077e-07,-0.0001318238622947883
9.454883233631787e-07,-9.998201032437317e-05
9.454948713292612e-07,-8.600200224895622e-05
9.455e-07,-6.98741729786377e-05
9.455057692133274e-07,-6.03384403729228e-05
9.455126600721627e-07,-4.985619349904471e-05
9.455195957843048e-07,-4.114077925005765e-05
9.455334672085889e-07,-2.759427317280029e-05
9.455589451661323e-07,-1.249863532572964e-05
9.455857028496195e-07,-5.490178712433948e-06
9.456159424370118e-07,-2.542627272556492e-06
9.456502553370457e-07,-1.43968105614571e-06
9.456962388644323e-07,-1.236516790069784e-06
9.45761757077428e-07,-1.092275456125273e-06
9.458710598533197e-07,-1.187901128548051e-06
9.460500778050954e-07,-1.075003107511958e-06
9.462965989642169e-07,-1.170413470801976e-06
9.466415986986262e-07,-1.063426617356274e-06
9.471327101697039e-07,-1.161861166085013e-06
9.478512808131315e-07,-1.057315423455268e-06
9.488932399804983e-07,-1.157408229866124e-06
9.5e-07,-1.054471588461705e-06
9.500506210987343e-07,-6.442694553984709e-07
9.501226156123255e-07,-6.514160013871854e-07
9.501544873222037e-07,-6.466189009998495e-07
9.501704231771427e-07,-6.536069144190904e-07
9.502022948870208e-07,-9.722272218120197e-07
9.502198803666169e-07,-1.381263179859039e-06
9.502349561066138e-07,-1.715091066975827e-06
9.502534528943645e-07,-1.840915028857632e-06
9.502678533522221e-07,-1.872628076800022e-06
9.5029050963785e-07,-2.036049375380201e-06
9.503036427805544e-07,-1.88958998559338e-06
9.503090959924802e-07,-1.587895085087746e-06
9.503179833492884e-07,-1.061188932352744e-06
9.503246910306335e-07,-7.530415864677697e-07
9.503280448713061e-07,-7.963934476609545e-07
9.503346337178866e-07,-6.925626727363686e-07
9.503417469746498e-07,-7.532793870649607e-07
9.503559734881764e-07,-6.593988024838328e-07
9.503844265152296e-07,-7.336100996475227e-07
9.504389991499641e-07,-6.708432835526212e-07
9.505e-07,-8.07292927406985e-07
9.505182684102431e-07,-1.023037005125058e-06
9.505431747926093e-07,-1.099707857768509e-06
9.505660853341553e-07,-1.113381059455632e-06
9.506119064172472e-07,-1.11569115756499e-06
9.506518790532734e-07,-1.116142078848534e-06
9.507278667198187e-07,-1.109067303191189e-06
9.508707290497922e-07,-1.087815262408468e-06
9.510266111523455e-07,-1.017031436229356e-06
9.511667081692208e-07,-9.214037219031012e-07
9.513042338134295e-07,-8.813976759453524e-07
9.51364861444381e-07,-1.293854692894716e-06
9.513951752598569e-07,-1.819020720008769e-06
9.514086895944855e-07,-2.006802107436018e-06
9.514357182637427e-07,-2.191844508593661e-06
9.514564699993803e-07,-2.365062680796865e-06
9.514783747137765e-07,-3.361997715708351e-06
9.514846917209386e-07,-4.767858724297937e-06
9.514895253503035e-07,-5.673470669374163e-06
9.514951701694063e-07,-6.958431994391711e-06
9.515008261623959e-07,-7.514890675103836e-06
9.515070515345047e-07,-7.894880981449934e-06
9.515124638205833e-07,-7.181076174458844e-06
9.515171956776072e-07,-5.217995263875216e-06
9.515205144177806e-07,-4.261852183936987e-06
9.515221607563616e-07,-3.926045536468343e-06
9.515254534335237e-07,-3.833270535517401e-06
9.515287712841192e-07,-3.620130517417031e-06
9.515341657067629e-07,-3.558600597312822e-06
9.515423188264762e-07,-3.08479596198454e-06
9.51556548205783e-07,-1.944188900364959e-06
9.515681762940796e-07,-1.161669377473116e-06
9.515739903382279e-07,-1.184802458175038e-06
9.515856184265246e-07,-1.016906484151888e-06
9.515973318188299e-07,-1.117589167430185e-06
9.516200061091077e-07,-9.962996743342428e-07
9.516581709004292e-07,-1.113174410729768e-06
9.51700691223405e-07,-1.006579702735637e-06
9.51753036684591e-07,-1.127614699909958e-06
9.518270140804582e-07,-1.026261000244313e-06
9.519691146961763e-07,-1.157817399079032e-06
9.520109084609273e-07,-1.045202151383719e-06
9.520944959904293e-07,-1.161051202540293e-06
9.522035471363388e-07,-1.047015780393431e-06
9.523772924963935e-07,-1.16151952112912e-06
9.526379071339574e-07,-1.046934170328156e-06
9.531137651170834e-07,-1.161328286137575e-06
9.540654810833357e-07,-1.046561646202749e-06
9.55e-07,-1.160931134520855e-06
9.55051038535774e-07,1.835240335315729e-06
9.551275736468974e-07,1.815848006944016e-06
9.551579930036456e-07,1.496464303835832e-06
9.552040590019365e-07,-2.738665288216137e-06
9.552244643881355e-07,-8.450705767275135e-06
9.552420193407989e-07,-1.597731121678735e-05
9.552501250002272e-07,-2.008155132674942e-05
9.552526250002272e-07,3.477013333083566e-05
9.552547993621475e-07,-2.703850464090642e-05
9.552564703052553e-07,4.684730524709394e-06
9.552582630693662e-07,-6.454152213330018e-05
9.552591940347967e-07,-2.363945674377896e-05
9.552601250002273e-07,-8.872647707986858e-05
9.552604655266951e-07,-7.857002325814975e-05
9.55260924033316e-07,-7.903695886647778e-05
9.552613470833045e-07,-7.896795047585411e-05
9.552620833965594e-07,-7.943075424680728e-05
9.552631781383148e-07,-7.700097676212305e-05
9.552643470464895e-07,-7.436551305284504e-05
9.552655350217148e-07,-7.223180807922892e-05
9.552667329201886e-07,-7.523596862335387e-05
9.552679731639637e-07,-7.280045551070393e-05
9.552694592871116e-07,-6.844530379614631e-05
9.552709444670815e-07,-6.059587302493386e-05
9.552729966642185e-07,-5.390680227030751e-05
9.552746554712013e-07,-4.966094195628901e-05
9.552765176248141e-07,-4.921161087203525e-05
9.552784681761687e-07,-4.919842041357528e-05
9.552804414392618e-07,-5.064299736051958e-05
9.552819052588686e-07,-4.932032617068335e-05
9.552835043155819e-07,-5.389291304125592e-05
9.552847055667352e-07,-5.973981750702509e-05
9.552857813584946e-07,-6.544573519673767e-05
9.552872104202443e-07,-6.845198584946079e-05
9.552885348931947e-07,-7.22076789261864e-05
9.552900667487246e-07,-7.501718767681329e-05
9.55292045260587e-07,-8.308974784182838e-05
9.552944251475239e-07,-9.684557591747938e-05
9.552968552108069e-07,-0.0001238695031856326
9.553001297707567e-07,-0.0001759907108271157
9.553027170839463e-07,-0.0002365685245787916
9.5530533987845e-07,-0.0003133045800940372
9.553084170185768e-07,-0.0004242580448746263
9.553115598070501e-07,-0.0005450145350722356
9.553139721575323e-07,-0.0006381194069990622
9.553162210679942e-07,-0.0007175244021340522
9.553180199163037e-07,-0.0007830840686352997
9.553192623252181e-07,-0.0008224022482904411
9.553205985502755e-07,-0.0008581006948657457
9.553217623683695e-07,-0.0008785451959400381
9.553229058013082e-07,-0.0008910358815122582
9.553238219852601e-07,-0.0009008562296274658
9.553251557790385e-07,-0.0009121339515340995
9.553261700558278e-07,-0.0009050735129774484
9.553271392289069e-07,-0.0008914759638647878
9.553278618307631e-07,-0.0008836091818242004
9.553286331159243e-07,-0.0008705063585714864
9.553293859802985e-07,-0.0008601810338928006
9.553303606900576e-07,-0.0008413698645360712
9.553316256056951e-07,-0.0008172694646043617
9.553327422228427e-07,-0.0007937834920464968
9.553339962449882e-07,-0.0007705836271967828
9.5533552065935e-07,-0.0007417847627464433
9.553375849694253e-07,-0.0007086423783072935
9.553406090492973e-07,-0.000665155866988532
9.553441513127978e-07,-0.0006262225223818715
9.553475759385012e-07,-0.0005965506538037607
9.55352102944322e-07,-0.0005638794264142288
9.553555385315166e-07,-0.0005320981781093963
9.553599707062457e-07,-0.0004883360237608024
9.553651683889847e-07,-0.0004356958457139471
9.553703641503912e-07,-0.0003893835593203573
9.55375822254314e-07,-0.0003455432308510459
9.553820424825156e-07,-0.0003129615720590288
9.55390043050247e-07,-0.0003656667536073249
9.553988497713937e-07,-0.000622819513038816
9.554058416836944e-07,-0.0009264896729804397
9.554122448074724e-07,-0.001115647350628298
9.554168048019521e-07,-0.001174702839589298
9.554234603856346e-07,-0.001153371883084244
9.554293222024547e-07,-0.001070253169802181
9.554344115511537e-07,-0.0009243656081277074
9.55439854932976e-07,-0.0006684754082108785
9.554448977529139e-07,-0.0003990946773922693
9.554498526309504e-07,-0.0001689083218986031
9.554540426248538e-07,-3.750423106844866e-05
9.554593471407428e-07,8.346700205943905e-05
9.554640029751285e-07,0.0001301915536949165
9.554692558517335e-07,0.0001599439219682681
9.554753828256581e-07,0.0001527189281965781
9.554820692887144e-07,0.0001451730401534401
9.554886678092526e-07,0.0001203347749845472
9.554943339046262e-07,0.00011406344201553
9.555e-07,9.294717161637986e-05
9.555063870112329e-07,8.373069593039453e-05
9.555127661049448e-07,7.259801201287028e-05
9.555200241663677e-07,6.094688556683051e-05
9.555320328459819e-07,4.531437924059502e-05
9.555551494948788e-07,2.43704996286435e-05
9.55585233277231e-07,1.005828564983715e-05
9.556258180520968e-07,2.130706915649989e-06
9.556780603592595e-07,-5.403469744983982e-07
9.557454400842072e-07,-1.257229719591366e-06
9.55848506078038e-07,-1.105324355228968e-06
9.560116913248282e-07,-1.256175207375372e-06
9.563299542398525e-07,-1.049218926300268e-06
9.567557781473274e-07,-1.224595114601527e-06
9.573608406918605e-07,-1.024408889454977e-06
9.582073956677148e-07,-1.211510533082025e-06
9.591036978338574e-07,-1.013982785108247e-06
9.599999999999999e-07,-1.207357204149092e-06
9.6003125e-07,-1.267142618993469e-06
9.600834469393399e-07,-1.286912982643401e-06
9.601878408180196e-07,-1.49754603885841e-06
9.602268607157671e-07,-2.801263328581139e-06
9.602424932320364e-07,-3.555338622371168e-06
9.602563945549907e-07,-4.257632374609381e-06
9.602698601642027e-07,-4.885481418590286e-06
9.602740798347084e-07,-5.245830542801505e-06
9.602825191757199e-07,-6.214274099666064e-06
9.602887155292941e-07,-7.545195566267802e-06
9.602942647850669e-07,-1.049107044786687e-05
9.6029683886779e-07,-1.664489851700455e-05
9.602988254917609e-07,-2.096450662995317e-05
9.603011389137633e-07,-2.930168867832249e-05
9.603032720914687e-07,-3.36764030249724e-05
9.603061746835011e-07,-4.712667411702842e-05
9.603072431226451e-07,-5.241492919615372e-05
9.603081065846083e-07,-5.376007378990228e-05
9.603089612903431e-07,-5.389996172504488e-05
9.603102044730561e-07,-5.013405204259748e-05
9.603112401744789e-07,-4.447809126674366e-05
9.60312135492879e-07,-3.721423486318484e-05
9.603128746734615e-07,-3.03688415891674e-05
9.603137272815919e-07,-2.17467674563474e-05
9.603145819980803e-07,-1.693672091135313e-05
9.60315447626838e-07,-1.246982436995787e-05
9.60316308326592e-07,-1.091388480250884e-05
9.603173603946757e-07,-8.017836760288459e-06
9.603190183715863e-07,-7.104505091167894e-06
9.603215178355069e-07,-4.997210169771573e-06
9.603245583930515e-07,-5.493560706625936e-06
9.603286233078718e-07,-4.601897299299343e-06
9.603345618268313e-07,-5.897249949004313e-06
9.603431823804238e-07,-5.804117337858656e-06
9.60354778174464e-07,-7.997276468558555e-06
9.603732386349171e-07,-9.414065913759693e-06
9.604094745629089e-07,-1.519225770511691e-05
9.604547372814544e-07,-1.789332271399247e-05
9.604773686407271e-07,-1.706522258630356e-05
9.605e-07,-1.190311008016289e-05
9.60509800897919e-07,-1.004542985370341e-05
9.605235526803483e-07,-7.5657686741904e-06
9.605365215279791e-07,-5.842944291008514e-06
9.605624592232407e-07,-3.564664161765115e-06
9.605902934798177e-07,-2.34013267728873e-06
9.606287436532281e-07,-1.588677521867117e-06
9.606769795926414e-07,-1.286238016184158e-06
9.607563256822307e-07,-1.138174202161881e-06
9.6088155265683e-07,-1.115286028474958e-06
9.610014574988536e-07,-1.101959666644465e-06
9.611196697334783e-07,-1.113867339235198e-06
9.612723163833789e-07,-1.101494605805178e-06
9.615776096831802e-07,-1.113500818375854e-06
9.621881962827826e-07,-1.100501567187071e-06
9.634093694819875e-07,-1.11215207583815e-06
9.649999999999999e-07,-1.098824776264348e-06
9.650649464968386e-07,-2.092030060416048e-06
9.651548201509539e-07,-2.148571829201664e-06
9.651974932559022e-07,-3.488245425941855e-06
9.652188298083764e-07,-3.232830575960352e-06
9.652328218762086e-07,2.734515811807228e-07
9.652469285480761e-07,1.117370712476039e-05
9.652611827855334e-07,2.203252176234749e-05
9.652771824031137e-07,2.505877691272815e-05
9.65282599435514e-07,1.373572267161775e-05
9.652868036401695e-07,8.671493168090098e-06
9.652923773641199e-07,1.855212488517053e-06
9.65296680647571e-07,-4.458614165622357e-07
9.652995615475256e-07,-1.584851808682393e-05
9.65302693809487e-07,-2.44256868223269e-05
9.653060345901253e-07,-3.878697836235642e-05
9.653096215804896e-07,-4.702321497783386e-05
9.653135738338439e-07,-8.785991607830118e-05
9.653156370871561e-07,-0.0001032833816054661
9.6531780639718e-07,-0.0001243569711051593
9.653198676865995e-07,-0.0001234341185569023
9.653223064844219e-07,-0.000140149118340455
9.653240364246357e-07,-0.0001247474675061899
9.653252529157875e-07,-0.0001182115641662907
9.653259856394099e-07,-0.0001264907665697725
9.653268150093115e-07,-0.0001407371502393758
9.653276491562252e-07,-0.0001448957839345958
9.653291556016736e-07,-0.0001425397601538423
9.653302639552567e-07,-0.0001336799426797854
9.653315776036632e-07,-0.0001269421654665458
9.65333123918591e-07,-0.0001168804728141539
9.653352530761489e-07,-0.0001129792603753911
9.653376045519912e-07,-0.0001180361791451008
9.65340565684155e-07,-0.0001300523301540854
9.653434056394405e-07,-0.0001220654755667759
9.653458581539876e-07,-0.0001095655341592048
9.653489734153729e-07,-9.234413977446793e-05
9.653522025397687e-07,-8.390400721902608e-05
9.653550749291011e-07,-7.741503242413674e-05
9.653584923006157e-07,-7.51337693178138e-05
9.653630913224457e-07,-7.130001524079476e-05
9.653692274814827e-07,-7.185064980883803e-05
9.65378290872716e-07,-8.182737352935988e-05
9.653879279872508e-07,-0.000164861959081393
9.653976584192765e-07,-0.0003178596229065593
9.654062887925415e-07,-0.0004219161057009871
9.654138031883785e-07,-0.000529946024505351
9.654195293116043e-07,-0.000575393365467116
9.654269982404481e-07,-0.0006293839010596448
9.65434561845798e-07,-0.0006386161312867546
9.654413537838226e-07,-0.0006446003495096302
9.654495948507082e-07,-0.0005831058547225476
9.654561387081117e-07,-0.0004853016419862805
9.654622945238314e-07,-0.0003713115273951065
9.654671825518183e-07,-0.0003084679883692762
9.654724316724831e-07,-0.0002344592471752838
9.654769448158949e-07,-0.0001997054628054887
9.654815294866627e-07,-0.0001584025359040093
9.654880343623113e-07,-0.0001331946519209109
9.65493993528412e-07,-0.0001045974752996911
9.654999999999999e-07,-9.58395597929889e-05
9.655080462379647e-07,-7.421662074447383e-05
9.655158975915217e-07,-5.971849058481015e-05
9.655239889882737e-07,-4.773239314801649e-05
9.655401717817776e-07,-2.942887308177998e-05
9.655657064864072e-07,-1.31482384090674e-05
9.655932208759124e-07,-5.449482072051131e-06
9.656243321893414e-07,-2.545316196286107e-06
9.656609810575507e-07,-1.344656162203984e-06
9.657108168824188e-07,-1.277286513316772e-06
9.657842429335406e-07,-1.052459384139455e-06
9.659104847287686e-07,-1.239930310765397e-06
9.661035801524473e-07,-1.031771758426481e-06
9.663717544503577e-07,-1.21949805937317e-06
9.667466922716796e-07,-1.018915832085133e-06
9.672862380969276e-07,-1.209412333695756e-06
9.680741868764428e-07,-1.012024691056111e-06
9.692142558737595e-07,-1.204210745224331e-06
9.7e-07,-1.009248694637221e-06
9.700435277987536e-07,-6.488775273221373e-07
9.701086290736644e-07,-6.533876211481571e-07
9.701342792454993e-07,-6.593190055364085e-07
9.701855795891692e-07,-7.500039253671613e-07
9.702310609222889e-07,-1.718558218745694e-06
9.702490524740688e-07,-1.821694272559514e-06
9.702696290902885e-07,-1.883977999447943e-06
9.702861047388997e-07,-2.020265130888912e-06
9.702991400249656e-07,-1.984523559616766e-06
9.703056576679985e-07,-1.73783614113715e-06
9.703154346094342e-07,-1.224105998335293e-06
9.703224243404508e-07,-8.287352593957045e-07
9.703323285328936e-07,-7.334476565449735e-07
9.703400192942146e-07,-7.190373520287785e-07
9.703477411558296e-07,-7.078377884759554e-07
9.703631848790596e-07,-6.958024555502272e-07
9.703940723255196e-07,-6.985116102835085e-07
9.70451898893212e-07,-7.169614979026318e-07
9.705000000000001e-07,-7.727489527932709e-07
9.705116894845001e-07,-1.000773623946613e-06
9.70533405469587e-07,-1.08975533065648e-06
9.705526225256383e-07,-1.108566913522185e-06
9.705910566377409e-07,-1.114267293597779e-06
9.706256780082569e-07,-1.11579014281886e-06
9.706893351800123e-07,-1.108477973634029e-06
9.70790872386188e-07,-1.096008882121562e-06
9.709474517747181e-07,-1.034500225855302e-06
9.710829511833759e-07,-9.456162252285232e-07
9.712205460536054e-07,-8.677950439869901e-07
9.712650394235612e-07,-9.080869664359998e-07
9.713245789461423e-07,-1.479006102813729e-06
9.713450772923459e-07,-1.831763075599622e-06
9.713553264654476e-07,-1.968957521769538e-06
9.713758248116512e-07,-2.153067965123295e-06
9.713963678722233e-07,-2.275762297920362e-06
9.714178653552814e-07,-2.526723798259577e-06
9.714243961905427e-07,-2.965971824467638e-06
9.714313391456155e-07,-4.141527411397375e-06
9.714362836422745e-07,-5.218539232471533e-06
9.714421185423986e-07,-6.483562747087729e-06
9.714469480489064e-07,-7.244624271073235e-06
9.714517721275232e-07,-7.719909150350738e-06
9.714573633703795e-07,-7.756165273269317e-06
9.714626668900246e-07,-6.952884180899148e-06
9.71466935504745e-07,-4.912482029594929e-06
9.71470240219239e-07,-4.210600515588692e-06
9.714718798841644e-07,-3.81606167875404e-06
9.714751592140153e-07,-3.867037915635398e-06
9.714786357714425e-07,-3.544294515839695e-06
9.714846367844394e-07,-3.565880806268925e-06
9.714940897775794e-07,-2.862740460989789e-06
9.715074829736283e-07,-1.845836926918219e-06
9.715194937908524e-07,-1.054482453790003e-06
9.715302218480661e-07,-1.187041351223878e-06
9.715418594968465e-07,-9.77964340732159e-07
9.715557112125069e-07,-1.133387005048339e-06
9.715834146438277e-07,-9.78994495880518e-07
9.716213718355604e-07,-1.134400892457767e-06
9.716679991102623e-07,-9.917167852286394e-07
9.717267008098484e-07,-1.150406002639765e-06
9.718204014046286e-07,-1.01531810236773e-06
9.718645457945876e-07,-1.170806954403375e-06
9.719528345745056e-07,-1.027683605725371e-06
9.720679942500434e-07,-1.179419816884287e-06
9.721897616486443e-07,-1.03020954288013e-06
9.723461226419686e-07,-1.179612328827329e-06
9.725906855002337e-07,-1.030053780984055e-06
9.73079811216764e-07,-1.179364362036211e-06
9.740580626498244e-07,-1.029597401898029e-06
9.75e-07,-1.178866769294281e-06
9.750512169023572e-07,1.559552995824645e-06
9.75127930223495e-07,1.518626067319083e-06
9.75158478917678e-07,1.253383066382997e-06
9.752043019589525e-07,-2.473419987111266e-06
9.75224678454334e-07,-7.702426429781557e-06
9.752422372855259e-07,-1.487381683718634e-05
9.752501250002272e-07,-1.868739128846012e-05
9.752526250002272e-07,-9.063997326026658e-05
9.752547788791927e-07,-3.795873057315941e-05
9.752564279127407e-07,-0.0002112393677950662
9.752579333467149e-07,-0.0001711837371276572
9.752590376024191e-07,-0.0003366933035208959
9.752601250002273e-07,-0.0002843518416667539
9.752604321659457e-07,-0.0002478057031196067
9.752609253355388e-07,-0.000236043052138112
9.752613744925783e-07,-0.0002288181772019843
9.752621333872293e-07,-0.0002248469190327006
9.752630561942357e-07,-0.0002299609192665516
9.752640128727651e-07,-0.0002364015743136024
9.752650116016156e-07,-0.0002455188465368224
9.752661395566386e-07,-0.0002503916718790635
9.752673502458451e-07,-0.000249888206518662
9.752687265559243e-07,-0.0002425389239810579
9.752699698000159e-07,-0.0002625805224863625
9.75270961280471e-07,-0.000225547619356549
9.752718362651856e-07,-0.0002204056267862748
9.752724610916493e-07,-0.0001973006315995566
9.752731334459062e-07,-0.0002016597344263306
9.752738670510858e-07,-0.0001826146892500815
9.75274878279265e-07,-0.0001870424347077495
9.752760455335615e-07,-0.0001645918935182793
9.752771300190382e-07,-0.0001711694399365731
9.752783342942954e-07,-0.0001524021142935766
9.752798485478367e-07,-0.0001607338473353703
9.752811926307284e-07,-0.0001429199647001062
9.75282622300507e-07,-0.0001528855865579269
9.752834220401741e-07,-0.0001389329488722439
9.752844362355712e-07,-0.0001556167939263973
9.752853804039567e-07,-0.0001446981782925028
9.752868200398078e-07,-0.0001602091636203767
9.752881293031053e-07,-0.0001478417890266618
9.752895013070352e-07,-0.0001641833303319433
9.752911644106974e-07,-0.0001579978953221245
9.752934561354084e-07,-0.0001880224427913739
9.752958684305109e-07,-0.0002029639947211646
9.752984872219528e-07,-0.0002595576948003337
9.753017366479685e-07,-0.0003126224146393732
9.753041283125807e-07,-0.0003825036505837376
9.753073601428401e-07,-0.0004562757823058657
9.753104538122897e-07,-0.00056117318584736
9.753132188037922e-07,-0.0006334064844510533
9.753154326184845e-07,-0.0007097870904396881
9.753178831665785e-07,-0.0007571159068683215
9.753187159430708e-07,-0.0007950707449744972
9.753197392446593e-07,-0.0008035113782049435
9.753207679141521e-07,-0.0008422364810182474
9.753219994266531e-07,-0.0008465608250932351
9.753229416806705e-07,-0.0008743687878399785
9.753238890045534e-07,-0.0008676924667984797
9.753253621023592e-07,-0.0008963204941753595
9.753267939710016e-07,-0.0008910767316493525
9.75328331776625e-07,-0.0009171493066573358
9.753300970521673e-07,-0.0009111257878059225
9.753326326633071e-07,-0.0009436322696073591
9.753361348097281e-07,-0.0009708120160976502
9.753397316104533e-07,-0.001072016799158301
9.753433447770243e-07,-0.001186740733554338
9.753470450519861e-07,-0.001364833507377928
9.75350976898644e-07,-0.001503380136615683
9.753550087067491e-07,-0.001628460579468078
9.75360149142526e-07,-0.001656703574878014
9.753654292850828e-07,-0.001627212765016203
9.753713527190343e-07,-0.001486501690084965
9.753778494763608e-07,-0.001255405814228956
9.753833815962906e-07,-0.0008719566800807145
9.753884225217206e-07,-0.0005670754424933339
9.753928629086442e-07,-0.0003081679644067842
9.753976946021749e-07,-0.0001583737057786542
9.754024002306776e-07,-1.09682146793971e-05
9.754068769043379e-07,2.434005048596598e-05
9.754119653574681e-07,9.349080899462558e-05
9.75417188022626e-07,7.841263328953554e-05
9.754229880369444e-07,0.0001077147802844953
9.754296580552729e-07,7.412557978550059e-05
9.75437247407366e-07,9.156192110225615e-05
9.754465331050636e-07,5.36212502578095e-05
9.75456643625127e-07,6.750820023635264e-05
9.754674631809434e-07,3.069648480796027e-05
9.754793659855906e-07,4.527687036232479e-05
9.754913898999916e-07,1.213246276291112e-05
9.755e-07,3.169935542957336e-05
9.755070158646097e-07,1.540029697232668e-05
9.755160754558541e-07,1.220599651124007e-05
9.755247989772096e-07,9.384205703855835e-06
9.755394296342767e-07,6.067568152673756e-06
9.755686909484109e-07,1.975350132920843e-06
9.75623163837512e-07,-6.459252173329202e-07
9.756919622267042e-07,-1.197385637285967e-06
9.758269644215122e-07,-1.141755479558853e-06
9.759902990098011e-07,-1.178333030743573e-06
9.762888104151513e-07,-1.102070313071321e-06
9.766853146777811e-07,-1.154730599183071e-06
9.772665156580761e-07,-1.084454828480419e-06
9.780897887186321e-07,-1.14368221362379e-06
9.790448943593159e-07,-1.07678531585468e-06
9.799999999999999e-07,-1.139565645368353e-06
9.8003125e-07,-1.267876648547338e-06
9.800834469393401e-07,-1.282958552146759e-06
9.801878408180203e-07,-1.497153168091491e-06
9.802268607157678e-07,-2.798395567910781e-06
9.802424913519882e-07,-3.553312637452911e-06
9.802563935912471e-07,-4.258594366765441e-06
9.802698597613941e-07,-4.882499922755186e-06
9.802740797740848e-07,-5.243656083392749e-06
9.802825197994663e-07,-6.21161520878756e-06
9.802887148843256e-07,-7.543154696133909e-06
9.802942649987405e-07,-1.049275030486334e-05
9.802968378247653e-07,-1.664990342670162e-05
9.80298824140142e-07,-2.097068981365971e-05
9.803011366077581e-07,-2.930892167997378e-05
9.80303270000937e-07,-3.368527236951164e-05
9.803061720731554e-07,-4.714945035844631e-05
9.803072401099412e-07,-5.242551652150681e-05
9.803081039674671e-07,-5.376963492542517e-05
9.803089587120157e-07,-5.389831757936494e-05
9.803102014655033e-07,-5.012637045289319e-05
9.803112367501231e-07,-4.446191565048008e-05
9.803121313994017e-07,-3.720160940151661e-05
9.80312870446235e-07,-3.034923363457704e-05
9.803137232912651e-07,-2.173297849135298e-05
9.803145762875159e-07,-1.693078302925387e-05
9.803154416277805e-07,-1.247044374572772e-05
9.803163021190552e-07,-1.09081492130673e-05
9.803173546701714e-07,-8.017819045047093e-06
9.803190117018729e-07,-7.098290935783803e-06
9.803215113068323e-07,-4.997770031081515e-06
9.803245515358317e-07,-5.486394254667474e-06
9.803286166678319e-07,-4.601952810096376e-06
9.803345547275091e-07,-5.889332187367913e-06
9.803431721020682e-07,-5.803257165570624e-06
9.803547622477997e-07,-7.987689109149763e-06
9.803732110363774e-07,-9.410167016249117e-06
9.804094200084113e-07,-1.517661741423705e-05
9.804547100042055e-07,-1.788926188553682e-05
9.804773550021026e-07,-1.705341283729408e-05
9.805e-07,-1.189765264296628e-05
9.805098029195908e-07,-1.003673775647372e-05
9.805235593540994e-07,-7.557938712048364e-06
9.80536532190101e-07,-5.836192870224702e-06
9.805624778621043e-07,-3.55976714514156e-06
9.805903226650414e-07,-2.336525400229109e-06
9.806287931477341e-07,-1.586014634254839e-06
9.806770607836626e-07,-1.284137022131455e-06
9.807564783187907e-07,-1.136342705468358e-06
9.80881724933955e-07,-1.113567994350027e-06
9.810016414298141e-07,-1.100275256230072e-06
9.811198619788458e-07,-1.112219884478591e-06
9.812725602911172e-07,-1.099893282216648e-06
9.815779569156599e-07,-1.111983192784388e-06
9.821887501647453e-07,-1.099123256471497e-06
9.834103366629161e-07,-1.110995597587182e-06
9.849999999999999e-07,-1.097866508102681e-06
9.850649281875735e-07,-2.160157852304052e-06
9.851547849498577e-07,-2.292024161478461e-06
9.851974414172512e-07,-4.522909737543925e-06
9.852187696509479e-07,-5.53972668977587e-06
9.852327981544061e-07,-3.313006938134855e-06
9.85246853843718e-07,6.440123081537945e-06
9.852610837962106e-07,1.61859658353632e-05
9.852770283885628e-07,1.830475822009018e-05
9.852825367227498e-07,6.440171802587232e-06
9.85286753275787e-07,8.835669564395347e-07
9.852923604875333e-07,-7.339042243147575e-06
9.85296663546884e-07,-6.626820352609881e-06
9.852995339441303e-07,-1.43864200778701e-05
9.853026701084196e-07,-1.621487234937972e-05
9.853060042404196e-07,-2.613039019780511e-05
9.853095980625496e-07,-2.990619955466888e-05
9.853135380322793e-07,-4.57124193568291e-05
9.853155925909932e-07,-4.902511089080584e-05
9.853177660143724e-07,-5.724832367960384e-05
9.853198123419222e-07,-5.488714075254636e-05
9.85322270078013e-07,-6.12167275642258e-05
9.85323486946532e-07,-5.740683483395135e-05
9.853247380072342e-07,-5.811974096119219e-05
9.853255657417772e-07,-5.731282946485783e-05
9.853264225785894e-07,-6.476152151252435e-05
9.853271982159293e-07,-6.580417382455215e-05
9.853284069781448e-07,-7.085284075988376e-05
9.85329554458572e-07,-6.920817452246676e-05
9.853307573389015e-07,-7.237676313824369e-05
9.853321215211403e-07,-7.062385730244975e-05
9.853339715592605e-07,-7.635834989031921e-05
9.853362576676431e-07,-8.026725606420445e-05
9.853387101023175e-07,-9.056954896672423e-05
9.853415215711652e-07,-8.972094437732993e-05
9.853440073804709e-07,-8.159739464507424e-05
9.853466542610604e-07,-6.20772433317613e-05
9.853495987311995e-07,-5.483635517837825e-05
9.853527493411668e-07,-4.601467804891245e-05
9.853556458208127e-07,-4.626885805586066e-05
9.853594253384034e-07,-3.808779011303656e-05
9.853642607526767e-07,-3.706206569425303e-05
9.853709192449098e-07,-2.826865676847618e-05
9.853806057353972e-07,-3.308063189574167e-05
9.853901257158642e-07,-4.675454992571337e-05
9.854005547743008e-07,-8.931828929468707e-05
9.854097123679009e-07,-0.0001338239380071635
9.854207834505142e-07,-0.0002174184950081543
9.854286411679397e-07,-0.0002580059410810706
9.854364830363695e-07,-0.0002966395622285866
9.854454926629265e-07,-0.0003109596295514535
9.854552437164805e-07,-0.0003223062123098087
9.8546744446967e-07,-0.000284518917656303
9.854778821726049e-07,-0.0002058992983557724
9.854859691064483e-07,-0.0001163584671200793
9.854919276002497e-07,-7.876763688366847e-05
9.854959638001247e-07,-5.266058626658323e-05
9.854999999999999e-07,-4.679082380441425e-05
9.855050899366684e-07,-3.182316001894111e-05
9.855110028552062e-07,-2.371669337179221e-05
9.855167617514991e-07,-1.908830245306133e-05
9.855281584285053e-07,-1.348049342871433e-05
9.855406942934901e-07,-9.59067213229988e-06
9.855617552534642e-07,-5.356941855529971e-06
9.855883765903459e-07,-2.745232761899583e-06
9.856183288172404e-07,-1.650432467592229e-06
9.856532862493058e-07,-1.238821984718022e-06
9.856981825678879e-07,-1.150705470149488e-06
9.857626265497463e-07,-1.115699962042129e-06
9.858669944885511e-07,-1.129620934930221e-06
9.86046994411799e-07,-1.106779588917872e-06
9.862925833188896e-07,-1.119762049443821e-06
9.866373661894864e-07,-1.100917926589329e-06
9.871246021385893e-07,-1.115192418302752e-06
9.878387879610731e-07,-1.097844264052857e-06
9.888758079216214e-07,-1.112756047800193e-06
9.900000000000003e-07,-1.096305806204874e-06
9.900509780391233e-07,-6.464779352295021e-07
9.90123310588889e-07,-6.622049469494285e-07
9.901555014385497e-07,-6.542052433539133e-07
9.9017159686338e-07,-6.62632397921963e-07
9.902037877130405e-07,-1.008256999884021e-06
9.902212473277797e-07,-1.42045397754784e-06
9.902361797853212e-07,-1.733236217730868e-06
9.902541368924294e-07,-1.842787736799932e-06
9.902685704784103e-07,-1.877100185553739e-06
9.902932214404613e-07,-2.029799525381584e-06
9.902986850966755e-07,-1.981412895460248e-06
9.90309612409104e-07,-1.614588476838692e-06
9.903181243278705e-07,-1.01562783137846e-06
9.903252683841807e-07,-7.849497626625953e-07
9.903284478630747e-07,-7.473711730198997e-07
9.903348068208627e-07,-7.371334983357766e-07
9.903418363535958e-07,-7.085023854360556e-07
9.90355895419062e-07,-7.045412611583695e-07
9.903840135499944e-07,-6.888258561491319e-07
9.904388175936705e-07,-7.1517805623396e-07
9.905000000000003e-07,-7.591625587330309e-07
9.905128812881734e-07,-1.003918773932471e-06
9.90536924632888e-07,-1.091953840968197e-06
9.905588786266998e-07,-1.106648177448709e-06
9.906027866143234e-07,-1.110585100828757e-06
9.906398439743355e-07,-1.108248787553362e-06
9.907108094036864e-07,-1.098316059394163e-06
9.90841635028296e-07,-1.061593950097144e-06
9.909771182183877e-07,-9.818434962565175e-07
9.911112244920757e-07,-8.921915774027706e-07
9.912595230653003e-07,-1.254657333841027e-06
9.913067015092817e-07,-2.040530765908856e-06
9.91323052064554e-07,-2.119489153693085e-06
9.91354809443916e-07,-2.357102829342431e-06
9.91377208286723e-07,-3.329719240307896e-06
9.913846267607026e-07,-4.966894545066733e-06
9.913895516066923e-07,-5.862962076431528e-06
9.91395229198829e-07,-7.113470361231102e-06
9.914014309495022e-07,-7.604063761394601e-06
9.914073174008716e-07,-7.847140541227232e-06
9.914127338547679e-07,-6.794895924468922e-06
9.914170314959183e-07,-4.929799395615337e-06
9.914203711996656e-07,-4.07437618889387e-06
9.914235028547531e-07,-3.783960264576383e-06
9.914269022810274e-07,-3.72613012823216e-06
9.914308552369631e-07,-3.551126214795026e-06
9.914379552302967e-07,-3.344934040438487e-06
9.914521552169638e-07,-2.221655880792863e-06
9.914638797623984e-07,-1.381037632785264e-06
9.914812582644474e-07,-1.001059285179906e-06
9.914944355601518e-07,-1.100228991473753e-06
9.915079624985372e-07,-1.030541642417934e-06
9.915289202133321e-07,-1.073132745667966e-06
9.915624974858363e-07,-1.037013871531033e-06
9.916065967767857e-07,-1.082546015134832e-06
9.916645467175382e-07,-1.053225170309975e-06
9.917490139677296e-07,-1.1041802262442e-06
9.919048194618165e-07,-1.083951440905364e-06
9.919426285499349e-07,-1.120490902235401e-06
9.920182467261716e-07,-1.085678331081405e-06
9.921292502398516e-07,-1.12105149706019e-06
9.923431364644836e-07,-1.086002680426077e-06
9.927031638654538e-07,-1.12092387684082e-06
9.933739080904357e-07,-1.085830241651124e-06
9.941869540452181e-07,-1.120655193495415e-06
9.950000000000002e-07,-1.085612373624584e-06
9.95048023731978e-07,2.382182109455561e-06
9.951215144544869e-07,2.432022798235753e-06
9.951493810436335e-07,2.146792032437466e-06
9.951997530219306e-07,-2.338038957295918e-06
9.952123460165048e-07,-5.714716910994939e-06
9.95231235508366e-07,-1.289687368786743e-05
9.952501250002275e-07,-2.293297521967727e-05
9.952526250002274e-07,3.211122838072804e-05
9.952554061982828e-07,-3.524764462832908e-05
9.95256871350801e-07,-3.846640044905373e-06
9.952586345715652e-07,-6.97790907689478e-05
9.952593797858964e-07,-3.103897975988801e-05
9.952601250002275e-07,-8.993546432261212e-05
9.952604390635092e-07,-8.164245087530717e-05
9.952608427648189e-07,-8.207798662943709e-05
9.952612191979722e-07,-8.198444335650608e-05
9.952619233562933e-07,-8.259852805398561e-05
9.952630196574412e-07,-8.054771506762607e-05
9.952641731886166e-07,-7.794192871016931e-05
9.952653701049255e-07,-7.550585278593649e-05
9.952665607326346e-07,-7.806224000485843e-05
9.952677889962292e-07,-7.691964613415806e-05
9.952692459387344e-07,-7.232222939411094e-05
9.952707086313071e-07,-6.540352455248143e-05
9.952728297588863e-07,-5.744556593680277e-05
9.952744707159016e-07,-5.377530108414152e-05
9.952763378141753e-07,-5.241478734677422e-05
9.952782531305159e-07,-5.291350354728815e-05
9.952803166161557e-07,-5.379190381144952e-05
9.952817944435925e-07,-5.294100000707445e-05
9.952833602940551e-07,-5.637908370523186e-05
9.952846266869773e-07,-6.301722978029173e-05
9.952856848695087e-07,-6.830960983273921e-05
9.952870668627199e-07,-7.181056588894355e-05
9.95288413788341e-07,-7.518004820706785e-05
9.952899194884369e-07,-7.813774240602109e-05
9.952918754045127e-07,-8.490279252231886e-05
9.952942398772959e-07,-9.672112526454572e-05
9.95296666524512e-07,-0.0001204492549250563
9.952997620412168e-07,-0.0001622506870299887
9.953024184313326e-07,-0.0002120721324364278
9.953049602554368e-07,-0.000270953286584621
9.953080842456814e-07,-0.0003605666229909588
9.953112567136591e-07,-0.0004637099951110557
9.95313749330255e-07,-0.0005496906924247174
9.953159857200969e-07,-0.0006208903339902476
9.953185791292985e-07,-0.0007021435562612379
9.953204527302128e-07,-0.0007483986771521311
9.953218296969797e-07,-0.0007712729226861971
9.953231916802773e-07,-0.0007893925845553942
9.953241682352603e-07,-0.0008022373805564668
9.953251038200803e-07,-0.0008155629416102889
9.953261036181779e-07,-0.0008260413501313846
9.9532700820316e-07,-0.0008310699912600549
9.953277390268109e-07,-0.0008349816058467726
9.953285248137284e-07,-0.0008361778013258171
9.953292608305673e-07,-0.0008376585257048595
9.953302002424883e-07,-0.0008368289403785721
9.953314658944709e-07,-0.0008344647562291275
9.953325739369937e-07,-0.0008293031468828521
9.953338053983036e-07,-0.0008224473108472025
9.953352768948421e-07,-0.0008106635203417652
9.953372538969426e-07,-0.0007926248276814248
9.953401098372636e-07,-0.0007638038128509639
9.95343721733987e-07,-0.000728931923199715
9.953471303575458e-07,-0.0006967114987126159
9.953513938335005e-07,-0.0006570217217904274
9.953549486531326e-07,-0.0006193608931031868
9.953590155232499e-07,-0.0005736950220442366
9.953642114263194e-07,-0.0005136455125991734
9.95369405992677e-07,-0.0004571319409464598
9.953748139937446e-07,-0.0004018216704505609
9.953808384616448e-07,-0.0003479387593707662
9.953883788925697e-07,-0.0003049839503061691
9.953982925060441e-07,-0.000341309131816612
9.954056051506786e-07,-0.000448749702576956
9.954132458557315e-07,-0.0005675143499029679
9.95419631214844e-07,-0.0006219249037678545
9.954262765023133e-07,-0.0006354528302380423
9.954330284843222e-07,-0.0006090433200164147
9.954420957104084e-07,-0.0005342438827751174
9.954526819049302e-07,-0.000398612479483618
9.954638972284364e-07,-0.000188626163216277
9.954736668510312e-07,4.335767466681493e-06
9.954822928207171e-07,0.0001213767645579928
9.954901077769484e-07,0.0001631819120821868
9.954950538884742e-07,0.0001721951010204012
9.955000000000003e-07,0.0001659971469270435
9.955065158555531e-07,0.0001517423192936957
9.955123758365633e-07,0.0001390838050304993
9.955193669638479e-07,0.0001204619705122558
9.95533349218417e-07,8.731009459832256e-05
9.955477154682017e-07,6.007908739815773e-05
9.955704894668105e-07,3.241822418971899e-05
9.955967937579005e-07,1.515623664626553e-05
9.95635928218185e-07,4.039252571281811e-06
9.956827582812196e-07,1.277658392506852e-07
9.957445448212131e-07,-1.108758770160024e-06
9.958296565606128e-07,-1.06260964452378e-06
9.959728189231432e-07,-1.232414763036068e-06
9.962260290404058e-07,-1.024503877521559e-06
9.966303636216403e-07,-1.22070234622453e-06
9.971859241344526e-07,-1.007667655688421e-06
9.979657185835576e-07,-1.215054076607111e-06
9.990923667051112e-07,-1.000297765238364e-06
1e-06,-1.213269668496621e-06
1.00003125e-06,-1.262058294087348e-06
1.00008344693934e-06,-1.284491474351525e-06
1.00018784081802e-06,-1.493285475216691e-06
1.000226860715767e-06,-2.798538545405705e-06
1.000242492876882e-06,-3.551511294931842e-06
1.000256394421468e-06,-4.252073548103732e-06
1.000269860156327e-06,-4.88455459707699e-06
1.000274079820307e-06,-5.242122921962153e-06
1.000282519148267e-06,-6.211697709543609e-06
1.000288713108805e-06,-7.540929608478456e-06
1.000294263804329e-06,-1.0494517769726e-05
1.000296836126448e-06,-1.665162281642377e-05
1.00029882221617e-06,-2.097494879208629e-05
1.000301134190995e-06,-2.931424072566505e-05
1.000303267545731e-06,-3.369197563374931e-05
1.000306169162056e-06,-4.716397464888942e-05
1.000307236936281e-06,-5.24334422197232e-05
1.000308100941069e-06,-5.377745133822347e-05
1.000308955658065e-06,-5.389921265106799e-05
1.000310198151082e-06,-5.012380188792808e-05
1.000311233194457e-06,-4.445521225841446e-05
1.000312127481978e-06,-3.719537125894373e-05
1.00031286643384e-06,-3.034100462331882e-05
1.000313719366312e-06,-2.172574618064353e-05
1.00031457153306e-06,-1.692813744424438e-05
1.000315436719501e-06,-1.247008662441592e-05
1.000316297086472e-06,-1.090521182971874e-05
1.000317349824886e-06,-8.017147014286783e-06
1.000319006321561e-06,-7.095364180050541e-06
1.000321505837586e-06,-4.997111719025521e-06
1.000324545868559e-06,-5.482960856447949e-06
1.000328611054797e-06,-4.600584033380828e-06
1.000334548908118e-06,-5.885316508862849e-06
1.000343163617619e-06,-5.800934827223485e-06
1.000354749210172e-06,-7.982245165958916e-06
1.000373188161194e-06,-9.40516975268143e-06
1.000409375825001e-06,-1.516621545928123e-05
1.000454687912501e-06,-1.788420728833209e-05
1.00047734395625e-06,-1.70462969215412e-05
1.0005e-06,-1.189157111124349e-05
1.000509804559228e-06,-1.003004218347528e-05
1.000523564761366e-06,-7.55184789183425e-06
1.000536540827591e-06,-5.830918793780541e-06
1.00056249296004e-06,-3.555920597933091e-06
1.00059034635551e-06,-2.333770604221127e-06
1.00062883336908e-06,-1.58404309050252e-06
1.00067712681638e-06,-1.282675675896641e-06
1.000756602491881e-06,-1.13507957272072e-06
1.000881855645065e-06,-1.112425320710491e-06
1.001001788055149e-06,-1.099132151046765e-06
1.001120012207084e-06,-1.111141380284473e-06
1.001272748188082e-06,-1.098821396915762e-06
1.001578220150078e-06,-1.111012153113635e-06
1.002189164074071e-06,-1.098246906507864e-06
1.003411051922057e-06,-1.110334819274329e-06
1.005e-06,-1.097343211380008e-06
1.005064914644004e-06,-2.136868061411601e-06
1.005154758910189e-06,-2.243120114937182e-06
1.005197403071436e-06,-4.178883009137631e-06
1.005218725152059e-06,-4.752433843268851e-06
1.005232753562725e-06,-2.144459026122041e-06
1.005246808106678e-06,7.999721506848222e-06
1.005261043956168e-06,1.812238084699291e-05
1.005276968091426e-06,2.066094695393309e-05
1.005282515829173e-06,8.891634473051747e-06
1.005286737639294e-06,3.259052062605488e-06
1.005292357839869e-06,-4.917957921688684e-06
1.005296661071486e-06,-5.264398982917896e-06
1.005299529207768e-06,-1.555406689445493e-05
1.005302666546389e-06,-2.016535031440883e-05
1.005305999529768e-06,-3.206013762574181e-05
1.005309594382968e-06,-3.789716911773466e-05
1.00531353223397e-06,-6.123681710575636e-05
1.005315585404207e-06,-6.848570684957589e-05
1.005317759476049e-06,-7.982912464325425e-05
1.005319803431836e-06,-7.72480256416761e-05
1.005322264112356e-06,-8.521269084354026e-05
1.005323480581612e-06,-7.957675003781288e-05
1.005324733041486e-06,-7.577367447980653e-05
1.005325564031286e-06,-7.566344455900827e-05
1.005326421994811e-06,-8.587102228330255e-05
1.00532719774164e-06,-8.921528234748971e-05
1.005328402190744e-06,-9.368097779560861e-05
1.005329550469111e-06,-9.020534391637657e-05
1.005330752112463e-06,-9.036268602712714e-05
1.005332116366404e-06,-8.621351445462644e-05
1.005333962401844e-06,-8.831702686971709e-05
1.005336248194566e-06,-9.030504467466455e-05
1.005338698833511e-06,-0.0001013240368755269
1.005341693446497e-06,-0.0001011642342995186
1.005344172641464e-06,-9.333944704877117e-05
1.005346877154271e-06,-7.435001202454864e-05
1.005349835809628e-06,-6.72637369881947e-05
1.005352982212679e-06,-5.771763772011503e-05
1.005355902034799e-06,-5.77724140676244e-05
1.00535979373496e-06,-4.962584039075384e-05
1.005364736493275e-06,-4.939657905830328e-05
1.005371593442566e-06,-4.215929999944883e-05
1.005381595956616e-06,-5.631051915300845e-05
1.005391108980286e-06,-0.0001061647000377621
1.005401255620618e-06,-0.0001888664814857651
1.005409291129177e-06,-0.0002430830732886515
1.005417554077153e-06,-0.0003168464953095067
1.005425173075056e-06,-0.0003524266768148467
1.005432809367184e-06,-0.0003939684243460708
1.005440824788587e-06,-0.0003988741149789578
1.00544749518417e-06,-0.0004015993818279602
1.005454666418774e-06,-0.000352136419849211
1.005460787891185e-06,-0.0003394591572522721
1.005467833039827e-06,-0.0002986183115244533
1.005473443798912e-06,-0.0002678912175084163
1.00548027006249e-06,-0.0001888422310349802
1.005486324957598e-06,-0.000141360263849456
1.005491220644998e-06,-9.44692713634588e-05
1.005495610322499e-06,-8.283507497772255e-05
1.0055e-06,-5.671756116365478e-05
1.005505353696241e-06,-4.863419846060167e-05
1.005511542076773e-06,-3.823945412680776e-05
1.005517982576504e-06,-3.106665803594395e-05
1.005530863575967e-06,-2.131976756196522e-05
1.005544010505142e-06,-1.460270527399698e-05
1.005567589207649e-06,-7.21168518180106e-06
1.005594318154639e-06,-3.39327119682872e-06
1.005625546457959e-06,-1.855477050962498e-06
1.005661800601542e-06,-1.23719221878946e-06
1.005710419517123e-06,-1.196626023334471e-06
1.005780843346433e-06,-1.083842114471907e-06
1.005900330513297e-06,-1.1750873665583e-06
1.006092002157675e-06,-1.070900317507987e-06
1.006356546140875e-06,-1.162125927402446e-06
1.006726475202157e-06,-1.062951848839822e-06
1.007255024510017e-06,-1.155917472726341e-06
1.008028484369518e-06,-1.058788232059291e-06
1.009149312616804e-06,-1.152716607984172e-06
1.01e-06,-1.057057717523043e-06
1.010045053015027e-06,-6.497612119539973e-07
1.010111666312169e-06,-6.646746095777977e-07
1.010138634845337e-06,-6.64478104969545e-07
1.010192571911674e-06,-8.364393397051625e-07
1.010221245836574e-06,-1.44274193142115e-06
1.010237187813021e-06,-1.753611677089353e-06
1.010252006270272e-06,-1.832657139997627e-06
1.010266507776563e-06,-1.876376125441006e-06
1.01028993127508e-06,-2.030692606689281e-06
1.010311214741541e-06,-1.64434913094922e-06
1.010314942488277e-06,-1.203278113662401e-06
1.010322397981751e-06,-9.074268256694747e-07
1.010329489224188e-06,-6.731422032384759e-07
1.010335767383322e-06,-8.021759909146603e-07
1.010342505629135e-06,-6.439220008758891e-07
1.010355257851575e-06,-7.699070949186823e-07
1.010380218942752e-06,-6.254588307043855e-07
1.010420643218895e-06,-7.730529636954412e-07
1.0105e-06,-6.883094010480848e-07
1.010519345869636e-06,-1.018137480909083e-06
1.010546488901706e-06,-1.100071719552135e-06
1.010572739189525e-06,-1.103613199789536e-06
1.010625239765163e-06,-1.106858594970536e-06
1.010668005945977e-06,-1.095283928467248e-06
1.010753538307605e-06,-1.077635317602411e-06
1.010886268478859e-06,-1.006997528268676e-06
1.01101428277559e-06,-9.223957896392827e-07
1.011156449991826e-06,-8.860958483751318e-07
1.01122539379264e-06,-1.529063393235793e-06
1.011254053142855e-06,-1.99407913583784e-06
1.011266013152665e-06,-2.092336996158289e-06
1.011289933172285e-06,-2.238411698951212e-06
1.011310987780815e-06,-2.420050737881648e-06
1.011323680750541e-06,-3.007495758329595e-06
1.011329041994858e-06,-4.005817908649164e-06
1.011333791113845e-06,-4.920708238513608e-06
1.011339790623289e-06,-6.36121882214072e-06
1.011344617333826e-06,-7.057404513794472e-06
1.011349865234748e-06,-7.757176647595776e-06
1.011355591133476e-06,-7.7085350866398e-06
1.01136095731693e-06,-7.122770304406061e-06
1.011365369612823e-06,-4.898425198057675e-06
1.011368667547264e-06,-4.332741451380445e-06
1.011370304017722e-06,-3.743072830900657e-06
1.011373576958637e-06,-3.963182172607766e-06
1.011376995679303e-06,-3.460840482698508e-06
1.011382770830686e-06,-3.672081211480362e-06
1.011391724295023e-06,-2.838159727147222e-06
1.011405422260415e-06,-1.989673536390875e-06
1.011417250129136e-06,-9.823713885302982e-07
1.011423164063496e-06,-1.316571178945539e-06
1.011434940427585e-06,-8.791732081606428e-07
1.011447127366274e-06,-1.237907840899455e-06
1.011471501243651e-06,-8.75558203000507e-07
1.011504942975658e-06,-1.231707094334864e-06
1.01154896501453e-06,-8.873489300610742e-07
1.01160100172561e-06,-1.245661137878615e-06
1.011678850229951e-06,-9.078031674117424e-07
1.011820835967419e-06,-1.275935109917273e-06
1.011862075263591e-06,-9.263370235628278e-07
1.011944553855934e-06,-1.278898905842441e-06
1.012053849756461e-06,-9.280483663173628e-07
1.012229114217743e-06,-1.279457059290186e-06
1.012502851869362e-06,-9.279692308627095e-07
1.012952886644148e-06,-1.279279201644502e-06
1.013852956193719e-06,-9.277054128540622e-07
1.015e-06,-1.278930701203849e-06
1.015055923569379e-06,2.114156925460072e-06
1.015137267502597e-06,2.061085952482698e-06
1.015165481877004e-06,1.503770120022301e-06
1.015179589064208e-06,7.050950732489211e-07
1.015207803438616e-06,-3.909494098444707e-06
1.01522870517285e-06,-1.08952441737381e-05
1.015250125000227e-06,-2.142056985674435e-05
1.015252625000227e-06,5.034811075486708e-07
1.015255406198283e-06,-4.125954450116951e-05
1.015256522131611e-06,-5.454119236233389e-05
1.015257551153538e-06,-8.210536277425199e-05
1.015258588544282e-06,-9.514304176909566e-05
1.015259356772255e-06,-0.0001192661792924163
1.015260125000227e-06,-0.0001303612476448941
1.015260394699963e-06,-0.0001208588135505125
1.015260795793817e-06,-0.0001185185591958101
1.015261167628629e-06,-0.0001165311297782738
1.015261873582763e-06,-0.0001152893358141117
1.015262807665807e-06,-0.0001151362736264555
1.015263752903615e-06,-0.0001152683034759477
1.015264802038046e-06,-0.0001156993370080342
1.015265833748612e-06,-0.0001173465219831573
1.015267049700791e-06,-0.0001196193877716949
1.01526834683252e-06,-0.0001146570556619042
1.015269654249186e-06,-0.0001165822810119982
1.015270745595232e-06,-0.0001057633266173579
1.015271627761344e-06,-0.0001002276414710789
1.015272300921635e-06,-9.321241353435666e-05
1.015273011930082e-06,-9.171080435639532e-05
1.015273707466226e-06,-8.6502209917852e-05
1.015274648640848e-06,-8.5982111607928e-05
1.015275784702926e-06,-8.037264787112172e-05
1.015276851146043e-06,-8.117830861351194e-05
1.015278020525251e-06,-7.75154275361134e-05
1.015279443833644e-06,-7.944877860559016e-05
1.015280852962141e-06,-7.557951047002958e-05
1.015282225892178e-06,-7.730475647675632e-05
1.015283060534808e-06,-7.523454167233031e-05
1.015284176973796e-06,-8.262815629650559e-05
1.01528512276399e-06,-8.452509854023625e-05
1.015286384009261e-06,-9.120911602941596e-05
1.015287992175333e-06,-9.149650670088148e-05
1.01528935048111e-06,-9.679217194661369e-05
1.015291039374984e-06,-9.900080620402194e-05
1.015293275440956e-06,-0.000111407445789735
1.015295701124001e-06,-0.0001286446464778445
1.015298274280407e-06,-0.0001628567884188008
1.015301618821232e-06,-0.0002168814380480084
1.015304014116148e-06,-0.000271684142046355
1.015307178015568e-06,-0.0003555186357935046
1.0153102508678e-06,-0.0004558835382268279
1.015313050504426e-06,-0.0005511662740260377
1.015315267041728e-06,-0.0006286811802542502
1.015317702152254e-06,-0.000708096822226726
1.015319095350821e-06,-0.0007559451505430877
1.015320630718286e-06,-0.0007917312280612798
1.01532182732915e-06,-0.0008194952528232946
1.01532304353919e-06,-0.0008351099999514301
1.015323975076462e-06,-0.0008547865307314879
1.015324903761192e-06,-0.0008664770430070488
1.015325932816643e-06,-0.0008865256904608778
1.015326824789381e-06,-0.0008905356776418309
1.01532762800209e-06,-0.0009023984224269127
1.015328467736728e-06,-0.0009032789427774269
1.015329192515768e-06,-0.0009117968719005393
1.015330110871058e-06,-0.0009117625450688174
1.015331379032595e-06,-0.0009200954246372256
1.01533248292956e-06,-0.0009182679008201838
1.015333705258144e-06,-0.0009239811062982746
1.015335153384155e-06,-0.0009206442231081497
1.015337093233759e-06,-0.0009246849536477888
1.015339876072216e-06,-0.0009218343957298849
1.015343524154821e-06,-0.0009317611356087566
1.015346930314842e-06,-0.0009353738894720334
1.01535111062751e-06,-0.0009392193847292884
1.015354734466047e-06,-0.0009178012571286363
1.01535868778045e-06,-0.0008855397971604392
1.01536388916272e-06,-0.0008152870638728454
1.015369093535418e-06,-0.0007419524933192288
1.015374489536295e-06,-0.0006424778543771075
1.015380453049729e-06,-0.0004918676453005654
1.015385303729162e-06,-0.0003835270263219867
1.015390515494835e-06,-0.0003351550209144332
1.015396385322166e-06,-0.000350514890928547
1.015401336796639e-06,-0.0004046737044354312
1.015407338376156e-06,-0.0004979584366244266
1.015412964769251e-06,-0.0005786366451099869
1.015418611972053e-06,-0.0006261080174134571
1.015425110648681e-06,-0.0006432742271565509
1.015432391078574e-06,-0.0006158636084090284
1.015442823913898e-06,-0.0005285884597656418
1.015453422217463e-06,-0.0003862362681885216
1.015464727461154e-06,-0.0001714192348422644
1.015475421646112e-06,3.492534736331292e-05
1.015484036876066e-06,0.0001360031425533876
1.015491551415702e-06,0.0001680874645590064
1.015495775707851e-06,0.0001723649637479093
1.0155e-06,0.0001676705109418445
1.015506334311882e-06,0.0001530043848430879
1.015512066776076e-06,0.0001405656284054999
1.015518731476016e-06,0.0001227913621811846
1.015532060875897e-06,9.055670872335156e-05
1.015546453154748e-06,6.245626959850502e-05
1.015568271862004e-06,3.466623661110801e-05
1.015594270287006e-06,1.643142697136344e-05
1.015633478464007e-06,4.413990670398448e-06
1.015679206177706e-06,2.811381539918763e-07
1.015740099482494e-06,-1.109270698366118e-06
1.015821785365528e-06,-1.056795430820794e-06
1.015963279041559e-06,-1.257158531425347e-06
1.016194610594032e-06,-1.014135022518194e-06
1.01659184839816e-06,-1.241533497199005e-06
1.017129607150221e-06,-9.934234908805257e-07
1.017890903294396e-06,-1.23368663357063e-06
1.01897952385721e-06,-9.844122747950284e-07
1.02e-06,-1.230838742263361e-06
1.02003125e-06,-1.262432859072975e-06
1.02008344693934e-06,-1.285410705062185e-06
1.02018784081802e-06,-1.493648711911813e-06
1.020226860715767e-06,-2.799461006673124e-06
1.020242489516378e-06,-3.551710355633651e-06
1.020256392653293e-06,-4.255047560091608e-06
1.020269859372738e-06,-4.883613666847619e-06
1.020274079717747e-06,-5.242926211788603e-06
1.020282520407766e-06,-6.212235763413993e-06
1.020288714201258e-06,-7.542118161410019e-06
1.020294265189613e-06,-1.049746027507653e-05
1.020296836751973e-06,-1.665577743412178e-05
1.020298822754464e-06,-2.097912387027311e-05
1.020301134258037e-06,-2.931855498982486e-05
1.020303267867716e-06,-3.369608712666993e-05
1.020306169410515e-06,-4.717479799729303e-05
1.020307237039015e-06,-5.243770484489669e-05
1.02030810129955e-06,-5.378178240484382e-05
1.020308956085452e-06,-5.389795532390991e-05
1.020310198406244e-06,-5.012069348544972e-05
1.020311233265653e-06,-4.444717359674632e-05
1.020312127235292e-06,-3.719025461053306e-05
1.020312866147048e-06,-3.033157629817395e-05
1.020313719233223e-06,-2.17200819032542e-05
1.020314570474524e-06,-1.692700444600822e-05
1.020315435522922e-06,-1.247241148707283e-05
1.020316295801192e-06,-1.090434354447171e-05
1.020317348845756e-06,-8.019118229250143e-06
1.020319004916659e-06,-7.094086420550735e-06
1.020321504663956e-06,-4.999438193571296e-06
1.020324544558557e-06,-5.481290264705822e-06
1.020328609911806e-06,-4.60289643704448e-06
1.020334547506503e-06,-5.883449522327362e-06
1.020343161649041e-06,-5.803076294544704e-06
1.020354746052801e-06,-7.980017187316371e-06
1.020373182974585e-06,-9.406726436108859e-06
1.020409364548272e-06,-1.516267945343346e-05
1.020454682274136e-06,-1.788557912540864e-05
1.020477341137068e-06,-1.704342379966332e-05
1.0205e-06,-1.189258053043053e-05
1.020509804977086e-06,-1.002912387232301e-05
1.020523566140597e-06,-7.551146961450236e-06
1.020536543031031e-06,-5.830470464617399e-06
1.020562496811899e-06,-3.555883885551317e-06
1.020590352387878e-06,-2.333981292155355e-06
1.020628843601415e-06,-1.584430548474021e-06
1.02067714360537e-06,-1.283146074968479e-06
1.020756634065358e-06,-1.135591943711588e-06
1.020881900440712e-06,-1.112930207054643e-06
1.021001828930951e-06,-1.099629007863448e-06
1.021120057815874e-06,-1.111615955366583e-06
1.021272808737896e-06,-1.099284540857856e-06
1.02157831058194e-06,-1.111434695463634e-06
1.022189314270028e-06,-1.098616157221417e-06
1.023411321646204e-06,-1.110609861355541e-06
1.025e-06,-1.097547933948215e-06
1.025064909535992e-06,-2.136962564961292e-06
1.025154749088996e-06,-2.243035725581177e-06
1.025197388609115e-06,-4.177667622284083e-06
1.025218708369175e-06,-4.752969890681366e-06
1.025232736745564e-06,-2.15121441681916e-06
1.025246790866613e-06,7.984294575761897e-06
1.025261028951623e-06,1.811532676482914e-05
1.025276945415872e-06,2.066990718067914e-05
1.025282508080458e-06,8.921958749505037e-06
1.025286731879686e-06,3.253095466087632e-06
1.025292356964224e-06,-4.904858605418602e-06
1.025296660272764e-06,-5.273506875084221e-06
1.025299527591333e-06,-1.553714552361031e-05
1.02530266535749e-06,-2.017402985641764e-05
1.025305997939655e-06,-3.204383307423903e-05
1.025309593124085e-06,-3.790533211251065e-05
1.025313530233737e-06,-6.121297353267641e-05
1.025315582918791e-06,-6.849294687752155e-05
1.025317757216762e-06,-7.981979787944933e-05
1.025319800368277e-06,-7.726699184401361e-05
1.025322262098997e-06,-8.519873943806115e-05
1.025323478438993e-06,-7.960475600040504e-05
1.025324731384524e-06,-7.574526076245431e-05
1.025325563478627e-06,-7.563793608163366e-05
1.025326421827908e-06,-8.57579250721965e-05
1.025327197612974e-06,-8.911956434453721e-05
1.02532840064664e-06,-9.357519179922624e-05
1.02532954919067e-06,-9.01956766901676e-05
1.025330750428269e-06,-9.033052411705853e-05
1.025332114708382e-06,-8.617556173425427e-05
1.025333959445419e-06,-8.809562088439852e-05
1.025336245133278e-06,-9.020818386861159e-05
1.025338695189372e-06,-0.0001016076117896839
1.025341507699898e-06,-0.0001025242041544509
1.025343996369892e-06,-9.535127752638507e-05
1.025346639032251e-06,-7.648896988522743e-05
1.025349585542566e-06,-6.839718604695737e-05
1.02535273608798e-06,-5.853299682734865e-05
1.02535562945622e-06,-5.828905649183441e-05
1.02535939434393e-06,-5.035045678618253e-05
1.025364222603349e-06,-5.002490244250827e-05
1.025370864458103e-06,-4.281655199736643e-05
1.025380526931751e-06,-5.383572589921932e-05
1.025390048392703e-06,-9.554791856504397e-05
1.025400467975894e-06,-0.0001776371773756554
1.025409252231916e-06,-0.0002377464701699282
1.025417600751474e-06,-0.0003171940631312839
1.025424962847039e-06,-0.0003524553054120562
1.025432785027372e-06,-0.0003955541350944953
1.025440989140131e-06,-0.000400508514909049
1.025450159559146e-06,-0.0003997507068996138
1.025457775902023e-06,-0.0003394257462002493
1.025464424657085e-06,-0.0003127311507595536
1.025470266030268e-06,-0.0002683026308728309
1.025476085800898e-06,-0.0002310357235946883
1.02548168409229e-06,-0.0001656928422413913
1.02548645788619e-06,-0.0001352027596459213
1.025491704481137e-06,-8.883380167527814e-05
1.025495852240569e-06,-8.053752574300662e-05
1.0255e-06,-5.600244136451121e-05
1.02550765678445e-06,-4.537093505673799e-05
1.025513972614217e-06,-3.601389845563749e-05
1.025521139558572e-06,-2.870113922848908e-05
1.025535473447284e-06,-1.897197978873837e-05
1.025552103527928e-06,-1.159497416700508e-05
1.025574312919386e-06,-6.061125366381245e-06
1.025602123644574e-06,-2.846893034214601e-06
1.025634143734669e-06,-1.660218186391184e-06
1.025673633077041e-06,-1.191019174862108e-06
1.025726365833834e-06,-1.170051516726572e-06
1.025806295246757e-06,-1.099563095675243e-06
1.025921243614869e-06,-1.157486042315553e-06
1.026087164459611e-06,-1.087328191420685e-06
1.02632889198768e-06,-1.146501763570698e-06
1.026678155931612e-06,-1.079230364509897e-06
1.027184210592858e-06,-1.140284793100897e-06
1.027917511206986e-06,-1.074802132087631e-06
1.028978928354929e-06,-1.137036284025715e-06
1.03e-06,-1.072806414678833e-06
1.030048828614268e-06,-6.539897245553397e-07
1.030119113394292e-06,-6.679195355661538e-07
1.030149391212425e-06,-6.64124903571195e-07
1.03020994684869e-06,-1.188662904848476e-06
1.030230288093636e-06,-1.657038060075465e-06
1.030245080419109e-06,-1.797763540950473e-06
1.030262036372907e-06,-1.874875926143417e-06
1.030278682153885e-06,-1.938815605920107e-06
1.030304375353179e-06,-1.916914577654084e-06
1.030309347388959e-06,-1.567272424598412e-06
1.030316249749598e-06,-1.228792769642583e-06
1.030323084428765e-06,-7.473408828922182e-07
1.030326501768349e-06,-8.47062150294087e-07
1.030333300936767e-06,-6.624976518697632e-07
1.030339585096706e-06,-7.962863043591967e-07
1.030352153416584e-06,-6.267236016484561e-07
1.030377290056341e-06,-7.717355527465111e-07
1.030422422887818e-06,-6.275220908819613e-07
1.0305e-06,-8.325304177752173e-07
1.030519635494774e-06,-1.016663159741892e-06
1.030546847908912e-06,-1.094985516596957e-06
1.030572866780713e-06,-1.100418573310675e-06
1.030624904524315e-06,-1.097920441348671e-06
1.030667744384768e-06,-1.085898518349425e-06
1.030753424105674e-06,-1.056487897122751e-06
1.030878506972613e-06,-9.806709854054726e-07
1.031007372025211e-06,-8.947985854512421e-07
1.031165134360924e-06,-1.37742707888831e-06
1.031209682463018e-06,-2.085945795557618e-06
1.031225153063011e-06,-2.133313715838287e-06
1.031255434487711e-06,-2.38314333709042e-06
1.031277695975033e-06,-3.687993831536721e-06
1.031284065168032e-06,-5.199722884330166e-06
1.031288919005689e-06,-6.043777107034261e-06
1.031294258919617e-06,-7.210210957054887e-06
1.031299669460099e-06,-7.563996473454231e-06
1.031305368682054e-06,-7.869998231650764e-06
1.031310735735192e-06,-6.912469823315197e-06
1.031315134267634e-06,-5.060193970912236e-06
1.031318437987284e-06,-4.139772082568554e-06
1.031320078901968e-06,-3.916182173396369e-06
1.031323360731335e-06,-3.77524285659223e-06
1.031326794180826e-06,-3.636652066492345e-06
1.031332615837107e-06,-3.484068458921384e-06
1.031341664390754e-06,-3.00902115857083e-06
1.03135537242887e-06,-1.799831471640712e-06
1.031367248732024e-06,-1.161797204856111e-06
1.031373186883601e-06,-1.134339084360251e-06
1.031384967566247e-06,-1.060715005770427e-06
1.031397227356506e-06,-1.057290551143077e-06
1.031421746937024e-06,-1.056574838408061e-06
1.031455686023466e-06,-1.051186496840967e-06
1.031499941945263e-06,-1.06831213927123e-06
1.031552591492473e-06,-1.065182425928523e-06
1.031631751618771e-06,-1.088919684165089e-06
1.031776354957505e-06,-1.095525809082236e-06
1.031817236589156e-06,-1.107174016418815e-06
1.031898999852459e-06,-1.098234238198026e-06
1.032008864236708e-06,-1.108739427387003e-06
1.032188564351086e-06,-1.098739155715949e-06
1.032470666178459e-06,-1.108655437034435e-06
1.032940255411029e-06,-1.098553773269104e-06
1.03387943387617e-06,-1.108377049082414e-06
1.035e-06,-1.098200830036058e-06
1.03505533848217e-06,2.113518319523242e-06
1.035136114060248e-06,2.068626240214111e-06
1.035164616795243e-06,1.535468601269973e-06
1.035207370897735e-06,-3.834064571762414e-06
1.035227044274193e-06,-1.024340642928002e-05
1.035250125000227e-06,-2.12503727814976e-05
1.035252625000227e-06,3.352376394289147e-05
1.035255406198283e-06,-3.344055835677044e-05
1.035256984247037e-06,-3.700898536752466e-06
1.035258718818203e-06,-6.846614303622099e-05
1.035259421909215e-06,-3.044249614808965e-05
1.035260125000227e-06,-8.757225672792944e-05
1.035260433516802e-06,-7.985500968946099e-05
1.035260824362379e-06,-8.025533700023098e-05
1.035261189877538e-06,-8.015743814286589e-05
1.035261886800182e-06,-8.073596901657009e-05
1.03526298387685e-06,-7.87466910198957e-05
1.035264135676753e-06,-7.604837133562288e-05
1.03526533420022e-06,-7.354993797258569e-05
1.035266523570755e-06,-7.590859518083062e-05
1.035267750018115e-06,-7.499327207247957e-05
1.035269200643952e-06,-7.027486414392005e-05
1.035270659842948e-06,-6.352450556843144e-05
1.03527274443408e-06,-5.540836021446113e-05
1.035274380621965e-06,-5.17439304518171e-05
1.03527624332275e-06,-5.00313568405636e-05
1.03527815112069e-06,-5.048695821257301e-05
1.035279648083436e-06,-5.120499705515405e-05
1.035281223586048e-06,-5.080809066659929e-05
1.035282598985013e-06,-5.138405305323059e-05
1.035283446692798e-06,-5.356459180045592e-05
1.035284511904331e-06,-5.980636425613521e-05
1.035285495143171e-06,-6.436276113559612e-05
1.035287146612041e-06,-6.990578932464781e-05
1.035288495345798e-06,-7.264157724594526e-05
1.035290010679704e-06,-7.679854431663394e-05
1.035291888951889e-06,-8.297590363575494e-05
1.035294265587766e-06,-9.662896928717205e-05
1.035296686274015e-06,-0.0001213266947303955
1.035299699410252e-06,-0.0001664481579708429
1.035302412158791e-06,-0.0002213893513314378
1.035304914740043e-06,-0.0002854678327682008
1.035308086873883e-06,-0.0003837507024549699
1.035311287150324e-06,-0.0004967119074920524
1.035313763696076e-06,-0.0005889835268317521
1.03531601593107e-06,-0.0006716058984210748
1.035318645902375e-06,-0.000770815616526558
1.035320507354313e-06,-0.0008297182016132845
1.035321900207046e-06,-0.0008620867045462004
1.035323260919294e-06,-0.0008883146249421683
1.035324243093616e-06,-0.0009109079790417774
1.035325136602869e-06,-0.000929253904440566
1.035326117322672e-06,-0.0009449800063090413
1.035327023289866e-06,-0.0009503117161062567
1.035327735558863e-06,-0.0009581848037011697
1.035328507780956e-06,-0.0009591483741251979
1.035329248380788e-06,-0.0009642986164383248
1.035330195537888e-06,-0.0009630202690261228
1.03533146126261e-06,-0.000963702572157879
1.035332570725512e-06,-0.0009573685599330738
1.035333805833249e-06,-0.000953193666314792
1.035335286559149e-06,-0.0009402293275489274
1.035337278782316e-06,-0.0009244853766326392
1.035340164738081e-06,-0.0008927613836523225
1.035343728291009e-06,-0.0008575451573529858
1.035347137466712e-06,-0.0008213853362680527
1.035351479700448e-06,-0.0007805180537733685
1.035355008923622e-06,-0.0007375150838842841
1.035359119101847e-06,-0.0006872145677510172
1.035364317299403e-06,-0.0006172430482055801
1.035369504982129e-06,-0.0005547839060126013
1.035374920586916e-06,-0.0004900356517321021
1.035380971922139e-06,-0.0004317363608728613
1.035388561397138e-06,-0.0004024125043626443
1.03539868216612e-06,-0.0005344310317922686
1.035406032144674e-06,-0.0007323886050218564
1.035412687086935e-06,-0.0008770791568990142
1.035418209762189e-06,-0.0009300326778972155
1.035425087063905e-06,-0.0009267598708732418
1.035431491402669e-06,-0.0008599511190733004
1.035438250051594e-06,-0.0006916300311498684
1.035443681709231e-06,-0.0005374470248683526
1.035448662180817e-06,-0.0004321422559046484
1.035455596071934e-06,-0.0003239509417123712
1.035460795735116e-06,-0.0002284397614436511
1.035465839135845e-06,-0.000128093617948225
1.035472348923183e-06,-3.463859443177201e-06
1.035478678957001e-06,9.080763477319944e-05
1.03548451428138e-06,0.0001429896631272644
1.035492908652592e-06,0.0001760196743140525
1.0355e-06,0.000171159704476975
1.035505509687598e-06,0.0001585124101981937
1.035513202859074e-06,0.0001405140872244474
1.035520623501445e-06,0.0001202922736007388
1.035533200724053e-06,8.952570366998709e-05
1.035548940981315e-06,5.984638024350825e-05
1.035570436345305e-06,3.328811455558097e-05
1.035600132805775e-06,1.408907387632536e-05
1.03563872135759e-06,3.686380573335946e-06
1.035683267534589e-06,1.696292396497708e-07
1.035749364293224e-06,-1.179148790979798e-06
1.035829571671482e-06,-1.080985380477965e-06
1.0359766219322e-06,-1.245952427401528e-06
1.036181119939006e-06,-1.042878859224714e-06
1.036567831709349e-06,-1.223104191593012e-06
1.037099202514497e-06,-1.02045685460743e-06
1.037861624375318e-06,-1.211011082176098e-06
1.038933159721765e-06,-1.010839260318927e-06
1.04e-06,-1.206264265089037e-06
1.04003125e-06,-1.266383057982082e-06
1.04008344693934e-06,-1.284307321776163e-06
1.04018784081802e-06,-1.496322635460072e-06
1.040226860715767e-06,-2.799152859872607e-06
1.0402424883796e-06,-3.553141399177695e-06
1.040256392084677e-06,-4.256216999154569e-06
1.04026985914926e-06,-4.883810925158651e-06
1.040274079682037e-06,-5.243575842304764e-06
1.040282520747592e-06,-6.213537878131092e-06
1.040288713202042e-06,-7.54252479883774e-06
1.040294265057578e-06,-1.050280608927467e-05
1.040296835457055e-06,-1.666299366344741e-05
1.040298821146449e-06,-2.098843330235375e-05
1.040301131734008e-06,-2.932929844519273e-05
1.040303265514739e-06,-3.370803712515861e-05
1.040306166508646e-06,-4.720099641969213e-05
1.040307233735253e-06,-5.245099929657603e-05
1.040308098368924e-06,-5.379556973863777e-05
1.040308953185269e-06,-5.389898055507197e-05
1.040310195086804e-06,-5.011719199956027e-05
1.040311229532695e-06,-4.443442624886527e-05
1.040312122849629e-06,-3.718114609018043e-05
1.040312861627237e-06,-3.031605436195467e-05
1.040313714936318e-06,-2.170949238021542e-05
1.040314564508232e-06,-1.692442995971191e-05
1.040315429277804e-06,-1.247596297566863e-05
1.040316289347828e-06,-1.090118802997073e-05
1.040317342852067e-06,-8.022792902538571e-06
1.040318997994107e-06,-7.090789803443914e-06
1.040321497840098e-06,-5.0031219067531e-06
1.040324537408257e-06,-5.477272246568097e-06
1.040328602960203e-06,-4.605680829616828e-06
1.040334540118419e-06,-5.878772972837816e-06
1.040343150942689e-06,-5.804680406510276e-06
1.040354729491713e-06,-7.973603966862042e-06
1.040373154217119e-06,-9.404990857963054e-06
1.040409307949145e-06,-1.514988372946525e-05
1.040454653974573e-06,-1.788345193968946e-05
1.040477326987286e-06,-1.703439649394676e-05
1.0405e-06,-1.188888009419176e-05
1.040509807079533e-06,-1.00227676960524e-05
1.040523573068928e-06,-7.545706903472858e-06
1.040536554096993e-06,-5.82621380287404e-06
1.040562516153122e-06,-3.553549845318587e-06
1.040590382782741e-06,-2.332997050711109e-06
1.040628895251399e-06,-1.584376236275507e-06
1.040677228458202e-06,-1.283660059499682e-06
1.040756793684552e-06,-1.136317983055298e-06
1.040882077511674e-06,-1.113730951863738e-06
1.041002020380539e-06,-1.100386603331859e-06
1.041120256934503e-06,-1.112378638332526e-06
1.041273060579013e-06,-1.100004808878146e-06
1.041578667868034e-06,-1.112135663826456e-06
1.042189882446076e-06,-1.099228408988308e-06
1.043412311602161e-06,-1.11113625027288e-06
1.045e-06,-1.097959347261833e-06
1.045064890784846e-06,-2.114442181373536e-06
1.045154713035045e-06,-2.194969310563279e-06
1.04519733551879e-06,-3.833361164919956e-06
1.045218646760663e-06,-3.971232159023291e-06
1.04523267501478e-06,-9.927294665877506e-07
1.045246727626457e-06,9.523131747193442e-06
1.045260973971914e-06,2.004172037228502e-05
1.04527686248469e-06,2.302997529615815e-05
1.045282480322392e-06,1.140078702843301e-05
1.045286711503578e-06,5.621027757349806e-06
1.045292354473982e-06,-2.47071112183898e-06
1.045296658166161e-06,-3.915267716960307e-06
1.045299522904811e-06,-1.668220837102516e-05
1.045302662203635e-06,-2.41298012347627e-05
1.045305993648569e-06,-3.795844896506402e-05
1.045309589747845e-06,-4.590117811120496e-05
1.045313524769819e-06,-7.669462447259884e-05
1.045315576142763e-06,-8.794554774819542e-05
1.045317751038216e-06,-0.0001023811117530453
1.045319792004345e-06,-9.964476754348077e-05
1.045322256572131e-06,-0.0001091641082661554
1.045323472564562e-06,-0.0001018555228820346
1.04532472682964e-06,-9.338485370498894e-05
1.045325916678286e-06,-9.743467459482748e-05
1.045326751034092e-06,-0.0001106380330885097
1.045327603423172e-06,-0.0001137791224714077
1.045329031344024e-06,-0.0001153331064706063
1.045330129266799e-06,-0.0001086633366727672
1.045331404540115e-06,-0.0001063878296114801
1.045332914306178e-06,-9.928284607274355e-05
1.045335108784683e-06,-9.988882271708439e-05
1.045337446628019e-06,-0.0001044051992927515
1.045340293341964e-06,-0.0001166319889201348
1.045343241786885e-06,-0.00010891042392863
1.045345667962576e-06,-9.813907607331597e-05
1.045348770884952e-06,-8.093809019087246e-05
1.045351981652122e-06,-7.511599724192677e-05
1.045354848260161e-06,-6.796676339520436e-05
1.045358183941959e-06,-6.650914997504319e-05
1.045362702234095e-06,-6.048986080082126e-05
1.045368674867946e-06,-6.014056767048108e-05
1.045377486723372e-06,-6.273982550266889e-05
1.045387203774322e-06,-0.0001189641183830339
1.045397179156056e-06,-0.0002336334831666804
1.04540618199634e-06,-0.0003196247716391821
1.04541374134711e-06,-0.0003976615538374972
1.045420784243533e-06,-0.0004448029543312989
1.045427734927144e-06,-0.0004811251047595865
1.045435842574622e-06,-0.0004964415125818751
1.045444952799958e-06,-0.0004934104828485614
1.045453712581597e-06,-0.0004145785833386276
1.045460098781787e-06,-0.0003557875123454463
1.04546697847408e-06,-0.0003130915213888422
1.04547286575312e-06,-0.000275953986728926
1.045478975882004e-06,-0.0002172819138909682
1.045485247628771e-06,-0.0001627594118954896
1.045489794044302e-06,-0.0001259759483583224
1.045494897022151e-06,-0.0001010454342749782
1.0455e-06,-7.885050451836252e-05
1.045505313286098e-06,-6.571705641801897e-05
1.045511841425274e-06,-5.27484297945554e-05
1.04551806379406e-06,-4.387342317116698e-05
1.045529987290012e-06,-3.10328442498359e-05
1.045542794392426e-06,-2.136687882579067e-05
1.045568408597253e-06,-9.524897881470802e-06
1.04559508265897e-06,-4.300486339151311e-06
1.045626725966236e-06,-2.091688581682826e-06
1.045662750698729e-06,-1.297918731056037e-06
1.0457123065609e-06,-1.208713339320524e-06
1.045783589833345e-06,-1.091038919686988e-06
1.04590717016432e-06,-1.184780845532289e-06
1.046100617804382e-06,-1.073062211680987e-06
1.046368856824637e-06,-1.1691965317366e-06
1.046743206810138e-06,-1.062196328453342e-06
1.047279956571075e-06,-1.161305042361617e-06
1.048064972971877e-06,-1.056579568155159e-06
1.049201870200462e-06,-1.157182841285832e-06
1.05e-06,-1.054302530847787e-06
1.050043822777602e-06,-6.574065489868312e-07
1.050109217839856e-06,-6.714894196038436e-07
1.050135122156919e-06,-6.729446850445077e-07
1.050186930791044e-06,-7.754212219843559e-07
1.050232970778122e-06,-1.759182346269149e-06
1.050251236682148e-06,-1.829402452052336e-06
1.050271529418462e-06,-1.895046288092287e-06
1.0502884158508e-06,-2.033595864221857e-06
1.050294764574253e-06,-2.043011691436233e-06
1.050307462021158e-06,-1.698422267205822e-06
1.050316478563512e-06,-1.118396382540164e-06
1.050323826937502e-06,-8.169454561808245e-07
1.050333297109345e-06,-7.145312308315693e-07
1.05034043423765e-06,-7.398805112404776e-07
1.050348576128798e-06,-6.893459520727062e-07
1.050364859911094e-06,-7.156384139519133e-07
1.050397338746933e-06,-6.806742692300963e-07
1.050449147529529e-06,-7.319938129675694e-07
1.0505e-06,-7.432356217834105e-07
1.0505119433703e-06,-9.908522800416268e-07
1.050533827168247e-06,-1.078887962123066e-06
1.050553611208288e-06,-1.091729210156218e-06
1.050593179288372e-06,-1.093408088751418e-06
1.050628230770787e-06,-1.083736262406109e-06
1.050693877588053e-06,-1.059335876409061e-06
1.050800495412201e-06,-9.990114724106337e-07
1.050926267130363e-06,-9.121331018290418e-07
1.051075721201317e-06,-9.492403936825349e-07
1.051131970807351e-06,-1.660281704751623e-06
1.051156007439526e-06,-2.022848038062633e-06
1.051166637093664e-06,-2.105038460336073e-06
1.051187896401941e-06,-2.229761011335674e-06
1.051209123272328e-06,-2.413831833293495e-06
1.051224203968775e-06,-3.22903714676111e-06
1.051229664947354e-06,-4.342752739309442e-06
1.051234254388567e-06,-5.2705477863015e-06
1.051239898302586e-06,-6.569115196222208e-06
1.051244829856695e-06,-7.255927440570602e-06
1.05124985956076e-06,-7.795402983587955e-06
1.051255417745061e-06,-7.703338020282878e-06
1.051260702933249e-06,-6.811538089665928e-06
1.05126478707904e-06,-4.766386710934926e-06
1.051268132049579e-06,-4.176564385817357e-06
1.051271404300499e-06,-3.669866564060681e-06
1.051274768519482e-06,-3.834710303218217e-06
1.051278844632301e-06,-3.435781682503931e-06
1.051286144375672e-06,-3.430528494088901e-06
1.051300743862413e-06,-2.00749666040075e-06
1.051312372936236e-06,-1.446849022574493e-06
1.051324828866671e-06,-9.332182862934184e-07
1.051337866555315e-06,-1.218483902043178e-06
1.051350460629722e-06,-9.112608331187689e-07
1.051372296466308e-06,-1.197421140669519e-06
1.051411617206234e-06,-9.140075828918009e-07
1.051455166933307e-06,-1.207776104244133e-06
1.051511476712798e-06,-9.29909553478843e-07
1.051591628516123e-06,-1.228652878918999e-06
1.051748558655095e-06,-9.606397327032162e-07
1.051786360004036e-06,-1.245443734522952e-06
1.051861962701919e-06,-9.624268092273424e-07
1.051972067530532e-06,-1.245971077626576e-06
1.052184423121351e-06,-9.627297978103595e-07
1.052539898705673e-06,-1.245770594205613e-06
1.053204748291108e-06,-9.624586721098793e-07
1.054102374145554e-06,-1.245359826969996e-06
1.055e-06,-9.621033599470092e-07
1.055050142067056e-06,1.834236307423647e-06
1.055125778330924e-06,1.82134124270358e-06
1.055155434723321e-06,1.546949969479045e-06
1.055202779861774e-06,-2.471487150920119e-06
1.055223254481577e-06,-8.00601274962694e-06
1.055236689740902e-06,-1.337879093874958e-05
1.055250125000227e-06,-2.008782971176087e-05
1.055252625000227e-06,-3.096351514315772e-05
1.055255150586228e-06,-4.083089098282205e-05
1.055256473354345e-06,-0.0001090672043214192
1.055257537363008e-06,-0.0001042921333690323
1.055258598317526e-06,-0.0001704913384055761
1.055259361658877e-06,-0.0001591579490924272
1.055260125000227e-06,-0.0002200436080105473
1.055260393936451e-06,-0.0001605096607015008
1.055260793521104e-06,-0.0001554103426397505
1.055261164063427e-06,-0.0001514689849933325
1.055261868816291e-06,-0.0001482353760984366
1.055262804369362e-06,-0.0001493459899583449
1.055263746417017e-06,-0.0001516825144798642
1.055264795518129e-06,-0.0001552931005346092
1.055265822724432e-06,-0.0001586481387611638
1.055267038539708e-06,-0.0001608692387650479
1.055268332024862e-06,-0.000154814430345159
1.055269642110481e-06,-0.0001622637514822252
1.055270741593135e-06,-0.0001474359216765352
1.05527162431463e-06,-0.0001383901124150886
1.055272300942512e-06,-0.0001284164092094721
1.055273015094553e-06,-0.0001258434890170451
1.055273709204174e-06,-0.0001186839178014257
1.055274647578287e-06,-0.000117618604060406
1.055275782565942e-06,-0.0001091474267503228
1.05527684847104e-06,-0.0001093023299941814
1.055278016656475e-06,-0.0001032283154664299
1.055279436919117e-06,-0.0001047246214035048
1.055280810034896e-06,-9.874923810537911e-05
1.05528217975134e-06,-0.0001004942308814963
1.055282981718395e-06,-9.688584160117076e-05
1.055284058394376e-06,-0.0001044744694394685
1.055284987361486e-06,-0.0001045879087102706
1.055286258295492e-06,-0.0001113346934422261
1.055287777513225e-06,-0.0001093107725436214
1.055289116213554e-06,-0.000114829564176209
1.055290757832822e-06,-0.0001154218379924995
1.055292967939432e-06,-0.0001289925879009383
1.055295383208998e-06,-0.0001449886368300441
1.055297927211734e-06,-0.00018073951011023
1.05530031912273e-06,-0.0002158915808555768
1.055302731196743e-06,-0.00026892579870682
1.055305402607858e-06,-0.0003330911077551346
1.055308285286644e-06,-0.0004252260999217176
1.05531146178925e-06,-0.0005324896295499428
1.055313883114734e-06,-0.0006262725445365362
1.05531612269709e-06,-0.0007054227190952759
1.055318739773193e-06,-0.0008062273936053602
1.055320593804724e-06,-0.0008632800703306316
1.05532197581858e-06,-0.0008999253085922052
1.0553233340693e-06,-0.000926704109671421
1.055324310073087e-06,-0.0009506256408355574
1.055325202926795e-06,-0.0009680818504798736
1.055326182707833e-06,-0.0009895571468611667
1.055327087949882e-06,-0.0009999217259955393
1.055327801464979e-06,-0.001013306532679468
1.05532857461302e-06,-0.001019141307693946
1.055329314351068e-06,-0.001030939943806665
1.055330260213247e-06,-0.001037571941284583
1.055331525453718e-06,-0.001053133084218246
1.055332634548312e-06,-0.001059981308386226
1.055333868712212e-06,-0.001074246219811631
1.055335347522739e-06,-0.001084438674220542
1.055337336447977e-06,-0.001106350608872486
1.055340216359917e-06,-0.001136405229473088
1.055343833906605e-06,-0.001189854483858192
1.055347245374765e-06,-0.001240342825555176
1.055351517173087e-06,-0.001290028023353932
1.055355052264175e-06,-0.001297637670574202
1.055359159139289e-06,-0.001277140006332485
1.055364343060936e-06,-0.001205683476405573
1.055369536334266e-06,-0.001107508652205874
1.055374946437208e-06,-0.000962499211241099
1.05538099260441e-06,-0.0006984972023449939
1.055385789349976e-06,-0.0004884133707461929
1.055390763622581e-06,-0.0003681514497459117
1.055395461424012e-06,-0.0003548574475152954
1.055400379306512e-06,-0.0003939610319122202
1.055405673908746e-06,-0.0004723673747694223
1.055412128624752e-06,-0.0005683326421577594
1.055417902992475e-06,-0.0006209761261402417
1.055424146483175e-06,-0.0006416582558445766
1.055431120897883e-06,-0.0006203848696121662
1.055441343240912e-06,-0.0005413511579078455
1.055450825710778e-06,-0.00042250524994648
1.055462185595772e-06,-0.0002256708434171963
1.055472891732329e-06,-4.529363039620174e-06
1.05547975131334e-06,9.194599638362346e-05
1.05548678738864e-06,0.0001548176736557329
1.0554946784359e-06,0.0001711070450590408
1.0555e-06,0.0001725992774337971
1.05550755998234e-06,0.00015153491146436
1.055515282308777e-06,0.0001340829724476232
1.055522983670718e-06,0.0001133584032020514
1.05553663975453e-06,8.189854547623865e-05
1.055551893151443e-06,5.492107949462546e-05
1.055575334209573e-06,2.888913279189593e-05
1.055604798003478e-06,1.208223724545736e-05
1.055646547455524e-06,2.652139936904283e-06
1.055694643643581e-06,-2.937095628022452e-07
1.055761894443635e-06,-1.176506519880145e-06
1.055851949103985e-06,-1.108212731463725e-06
1.056018469474913e-06,-1.211580692627733e-06
1.056283102905926e-06,-1.067115878572779e-06
1.056715868770077e-06,-1.191248680071571e-06
1.057302999283795e-06,-1.046729226171513e-06
1.058138763476897e-06,-1.181729062163529e-06
1.059069381738448e-06,-1.038159297117568e-06
1.06e-06,-1.178793746623131e-06
1.06003125e-06,-1.264459312274221e-06
1.06008344693934e-06,-1.285736140607467e-06
1.06018784081802e-06,-1.494833745101701e-06
1.060226860715767e-06,-2.800126172921554e-06
1.060242492212361e-06,-3.552591298247881e-06
1.060256394100419e-06,-4.248353257991277e-06
1.060269860040758e-06,-4.88578802777937e-06
1.060274079792015e-06,-5.244521867768206e-06
1.060282519294529e-06,-6.214089048852962e-06
1.060288711804559e-06,-7.543100542875194e-06
1.060294263406792e-06,-1.050060724341218e-05
1.060296834578201e-06,-1.666054996476418e-05
1.060298820336988e-06,-2.098485395658945e-05
1.060301131382682e-06,-2.932754101015598e-05
1.060303264879565e-06,-3.370507983989098e-05
1.060306165901478e-06,-4.719263034172395e-05
1.060307233257268e-06,-5.244854192250403e-05
1.060308097626662e-06,-5.379282613174604e-05
1.060308952363192e-06,-5.390192939930683e-05
1.060310194421901e-06,-5.012171099717826e-05
1.06031122904252e-06,-4.444330645813411e-05
1.060312122666398e-06,-3.718809843776833e-05
1.060312861476641e-06,-3.03258784123268e-05
1.060313714626845e-06,-2.171666637622552e-05
1.060314565122234e-06,-1.692653542910832e-05
1.060315430024901e-06,-1.247414045811447e-05
1.060316290178456e-06,-1.090420760847948e-05
1.060317343366871e-06,-8.020214082483787e-06
1.060318998914635e-06,-7.094043237719246e-06
1.060321498496678e-06,-5.000567113132199e-06
1.06032453819194e-06,-5.480589120658373e-06
1.060328603566559e-06,-4.603283112659686e-06
1.060334540984486e-06,-5.881977919317725e-06
1.06034315212285e-06,-5.802397569574267e-06
1.060354731450371e-06,-7.976842718120494e-06
1.060373157265913e-06,-9.402988414185528e-06
1.060409315218835e-06,-1.515381968173098e-05
1.060454657609417e-06,-1.788155492005516e-05
1.060477328804709e-06,-1.703788949820912e-05
1.0605e-06,-1.188724682314156e-05
1.060509806810135e-06,-1.00236474745552e-05
1.060523572179878e-06,-7.546452631763591e-06
1.060536552676699e-06,-5.826762689939307e-06
1.060562513670342e-06,-3.553848141055459e-06
1.060590378894077e-06,-2.33311491098688e-06
1.06062888865437e-06,-1.584402110472835e-06
1.060677217632737e-06,-1.283613219756494e-06
1.060756773320965e-06,-1.136255482855239e-06
1.060882044465215e-06,-1.113644173917515e-06
1.061001992483993e-06,-1.100311731990004e-06
1.061120224507622e-06,-1.112291294047564e-06
1.061273016501859e-06,-1.099930724331605e-06
1.061578600490335e-06,-1.112050182089605e-06
1.062189768467286e-06,-1.099157502772414e-06
1.063412104421187e-06,-1.111056181922893e-06
1.065e-06,-1.097894892641608e-06
1.065064894709591e-06,-2.137169874103751e-06
1.065154720581524e-06,-2.242868154232025e-06
1.065197346630987e-06,-4.173390059195854e-06
1.065218659655719e-06,-4.75523267040604e-06
1.065232687935036e-06,-2.169930253052819e-06
1.065246740857228e-06,7.938935222998442e-06
1.065260985466812e-06,1.809601334935896e-05
1.065276879803346e-06,2.069483474660498e-05
1.065282486088282e-06,9.010067735354675e-06
1.06528671574653e-06,3.23306117830925e-06
1.065292354997977e-06,-4.866802461824258e-06
1.065296658627456e-06,-5.306145295962485e-06
1.065299523984039e-06,-1.549027541723637e-05
1.06530266299214e-06,-2.020533648877995e-05
1.065305994744118e-06,-3.199832183250775e-05
1.065309590674426e-06,-3.793563968014771e-05
1.065313526273906e-06,-6.115206235939654e-05
1.06531557802087e-06,-6.851926264714051e-05
1.0653177527464e-06,-7.977923531374952e-05
1.06531979434112e-06,-7.732203989598155e-05
1.065322258098179e-06,-8.515064725656658e-05
1.065323474192416e-06,-7.968627204024757e-05
1.06532472808152e-06,-7.568208440265676e-05
1.065325918946896e-06,-7.812578935212201e-05
1.065326752966431e-06,-8.833825292283969e-05
1.065327605854761e-06,-9.008802079566738e-05
1.065329037597953e-06,-9.314376106808561e-05
1.065330135525046e-06,-8.886557550533723e-05
1.0653314119013e-06,-8.940909545324819e-05
1.06533292292642e-06,-8.527476398292371e-05
1.06533511715124e-06,-8.950069259810846e-05
1.065337455519559e-06,-9.459924871466896e-05
1.065340320724538e-06,-0.0001067628649775254
1.065343177356364e-06,-9.884570134021462e-05
1.065345601278495e-06,-8.748691213982467e-05
1.065348671000047e-06,-6.946658677809438e-05
1.065351862601025e-06,-6.432274484066052e-05
1.065354725024697e-06,-5.693112049436857e-05
1.065358031593009e-06,-5.560248273202256e-05
1.065362506431251e-06,-4.868121255387495e-05
1.065368407379154e-06,-4.758561942319549e-05
1.065377074843382e-06,-4.61498444919433e-05
1.065386843122134e-06,-7.692301465172075e-05
1.065396764590541e-06,-0.0001398035604952648
1.065406031875966e-06,-0.0002059142820269883
1.065414761043908e-06,-0.0002795910619140251
1.065422702904857e-06,-0.0003403928755448122
1.065429709272573e-06,-0.0003726286285581698
1.065438664514657e-06,-0.0003990919721180685
1.065448165127182e-06,-0.0003983177247663291
1.065458111803444e-06,-0.0003549104087464728
1.065465519292725e-06,-0.0002866391994262648
1.065472279359878e-06,-0.000234901662218895
1.065477768153922e-06,-0.0001855071369255748
1.065484096711148e-06,-0.0001364330145928289
1.065488919210884e-06,-0.0001009859794090996
1.065494294418417e-06,-7.872532682404064e-05
1.0655e-06,-5.785105061366807e-05
1.065505754579676e-06,-4.688547167304608e-05
1.065512415149359e-06,-3.710097972991108e-05
1.06551949089771e-06,-3.000498142234579e-05
1.065533561117153e-06,-2.002961399989864e-05
1.065547427166467e-06,-1.34104527187599e-05
1.065575022248108e-06,-5.819499563106697e-06
1.065602057080729e-06,-2.777932104319841e-06
1.065635182992183e-06,-1.658701260272869e-06
1.065673106218574e-06,-1.125233970799696e-06
1.065727556817307e-06,-1.22970729568835e-06
1.065807147145561e-06,-1.035294921362304e-06
1.065944826728663e-06,-1.221178501657725e-06
1.066152717818611e-06,-1.021140086823722e-06
1.066442450331758e-06,-1.20998676001063e-06
1.066847801063008e-06,-1.013558770798001e-06
1.067432291482131e-06,-1.204426755648099e-06
1.068285690499668e-06,-1.009595507068387e-06
1.069142845249834e-06,-1.201834370096528e-06
1.07e-06,-1.008127899862063e-06
1.070045202085894e-06,-6.597096409298773e-07
1.070111962241634e-06,-6.747487522771064e-07
1.070139060198014e-06,-6.724706542118107e-07
1.070193256110775e-06,-8.55014817523949e-07
1.070221062076646e-06,-1.443121873240249e-06
1.070236924411229e-06,-1.755351550530705e-06
1.070251708771108e-06,-1.835405841604039e-06
1.070266184188719e-06,-1.878365977621884e-06
1.070289063881786e-06,-2.031519389577264e-06
1.070310328312547e-06,-1.694986094722754e-06
1.070314231648842e-06,-1.239670812216775e-06
1.070322038321434e-06,-9.220829822168774e-07
1.070329061719497e-06,-6.683391798725579e-07
1.070335549851994e-06,-8.122952548495084e-07
1.070342196323179e-06,-6.390698449388742e-07
1.07035469669009e-06,-7.782620036815868e-07
1.070377772098478e-06,-6.192678340672485e-07
1.070414496109844e-06,-7.767907490350496e-07
1.070457248054922e-06,-6.395465760921174e-07
1.0705e-06,-8.329750251799044e-07
1.070511078090259e-06,-9.813348066491382e-07
1.07053071404161e-06,-1.06675055962461e-06
1.070548638609047e-06,-1.080166859878285e-06
1.070584487743921e-06,-1.081429212833658e-06
1.070617695348803e-06,-1.067650889286776e-06
1.070676635927688e-06,-1.041850616773386e-06
1.070777131750189e-06,-9.773933442282927e-07
1.070905227669859e-06,-8.921952214843289e-07
1.071078587577587e-06,-1.695655932803781e-06
1.071118446950544e-06,-2.151739520991974e-06
1.071143524363363e-06,-2.262930667517857e-06
1.071170845350474e-06,-2.987667250034264e-06
1.071178006794512e-06,-4.258170248908963e-06
1.071182945030531e-06,-5.296391781719911e-06
1.071189636502186e-06,-6.766131297292418e-06
1.071194624585418e-06,-7.407243583596859e-06
1.071199701070685e-06,-7.835708474552772e-06
1.071205162179145e-06,-7.645429333464888e-06
1.071210349533292e-06,-6.333891325708674e-06
1.071214071689528e-06,-4.631113928814792e-06
1.071217651888752e-06,-3.973060009550632e-06
1.071221983449347e-06,-3.700185599125471e-06
1.071225424095245e-06,-3.6776890750253e-06
1.071230219500039e-06,-3.434698561316084e-06
1.071239810309628e-06,-3.04503820722873e-06
1.071252891458661e-06,-1.738487013857955e-06
1.07126484986393e-06,-1.220946484931529e-06
1.071270829066565e-06,-1.066987838609734e-06
1.071282476175452e-06,-1.124005684644975e-06
1.07129471928406e-06,-9.925395945443693e-07
1.071319205501274e-06,-1.120331040798831e-06
1.071353646898489e-06,-9.871138708193872e-07
1.071397444552992e-06,-1.132427751989003e-06
1.071449432925135e-06,-1.001125302140078e-06
1.071526651500527e-06,-1.152994797510826e-06
1.071669901071398e-06,-1.031457789350695e-06
1.071710509439396e-06,-1.171454460042912e-06
1.071791726175393e-06,-1.034149783929656e-06
1.07190070820016e-06,-1.173075085048944e-06
1.072078550410783e-06,-1.034640672810408e-06
1.072357589961699e-06,-1.172996200109384e-06
1.072821109664296e-06,-1.034437081237416e-06
1.073748149069489e-06,-1.17270403870475e-06
1.075e-06,-1.034037782987532e-06
1.075058181821056e-06,2.114824170537003e-06
1.075141701109616e-06,2.025797625179424e-06
1.075168807082269e-06,1.365334036520368e-06
1.075182360068595e-06,4.6242190063125e-07
1.075209466041248e-06,-4.326519576559085e-06
1.075229795520738e-06,-1.127403352076148e-05
1.075250125000227e-06,-2.121663985224221e-05
1.075252625000227e-06,3.376302734976269e-05
1.075255406198283e-06,-3.336947431581888e-05
1.075256829534253e-06,-1.539061800377694e-06
1.075258604463846e-06,-6.756800163931806e-05
1.075259364732036e-06,-2.883543587370889e-05
1.075260125000227e-06,-8.802511047960365e-05
1.075260441166125e-06,-7.966351177503148e-05
1.07526084943598e-06,-8.008522902383794e-05
1.075261229754679e-06,-7.997124573939031e-05
1.07526193673686e-06,-8.057775775670855e-05
1.075263032250251e-06,-7.843271149548747e-05
1.075264186703607e-06,-7.579972377495322e-05
1.075265382784911e-06,-7.333326339628971e-05
1.075266574070716e-06,-7.590506448278836e-05
1.075267803216837e-06,-7.459273427186954e-05
1.075269263085305e-06,-6.999080646976385e-05
1.075270727673283e-06,-6.2924259626836e-05
1.075272839105446e-06,-5.505081570062594e-05
1.075274480791831e-06,-5.124564747030216e-05
1.075276346968028e-06,-4.990052156131353e-05
1.075278265019e-06,-5.022619341334701e-05
1.075280343118025e-06,-5.113848548951509e-05
1.075281826527863e-06,-5.015553089911055e-05
1.075283392481133e-06,-5.359626778675166e-05
1.075284670013492e-06,-6.016117739141364e-05
1.07528572933356e-06,-6.557358404234075e-05
1.075287108845684e-06,-6.906959662372822e-05
1.075288461036223e-06,-7.272482417316475e-05
1.07528996704965e-06,-7.597484278472976e-05
1.075291927018402e-06,-8.353933417791826e-05
1.075294292372046e-06,-9.692418931173921e-05
1.075296720401094e-06,-0.0001237493889933152
1.075299812666657e-06,-0.0001719026987153488
1.075302470420677e-06,-0.0002301217730638181
1.075305011087217e-06,-0.0002988853809995607
1.075308136175728e-06,-0.0004031400917480775
1.075311309303497e-06,-0.0005222382757291475
1.075313780826386e-06,-0.000622028070482675
1.075316024349563e-06,-0.0007106829311442962
1.075318644499424e-06,-0.0008190307240343102
1.075320506751271e-06,-0.0008844313366502589
1.07532189290057e-06,-0.0009222461624338733
1.075323253004225e-06,-0.000953138732685551
1.075324231732836e-06,-0.0009795235077221607
1.075325128602631e-06,-0.001001154285059629
1.075326115327518e-06,-0.001021356409407635
1.075327018421203e-06,-0.001029901268082544
1.07532773856705e-06,-0.001040789751457934
1.075328516956578e-06,-0.001044393707946589
1.075329254799902e-06,-0.001052226600586744
1.075330197184407e-06,-0.001053838222035261
1.075331462960448e-06,-0.001058474909713778
1.075332571576109e-06,-0.001054975069727802
1.075333804172233e-06,-0.001053877320873113
1.075335278737091e-06,-0.001043673727916147
1.075337260693405e-06,-0.00103093085824167
1.075340126855636e-06,-0.001001302079338574
1.075343719130993e-06,-0.0009660763671024402
1.075347127585846e-06,-0.0009282694163778093
1.075351418126534e-06,-0.0008851309983324184
1.0753549611535e-06,-0.0008387788035211322
1.075359038053099e-06,-0.0007849739260895181
1.075364234223811e-06,-0.0007088997364042413
1.075369426480699e-06,-0.0006400204107908739
1.075374836258023e-06,-0.0005678542277979214
1.075380867310262e-06,-0.0005011100198942347
1.075388419748474e-06,-0.0004579959973307986
1.075398489291918e-06,-0.0005761322151274765
1.075406052002692e-06,-0.0007922503586489365
1.075413434995752e-06,-0.0009703966948261678
1.075418931841592e-06,-0.001026567892097613
1.075425992176515e-06,-0.001018093022300003
1.075432554836746e-06,-0.000941959059127451
1.075439119781955e-06,-0.0007899214062064857
1.075444981240829e-06,-0.0005771919671641538
1.075450952996075e-06,-0.0003832845401891844
1.075456008599173e-06,-0.0002562286471898295
1.07546091687394e-06,-0.000165067702619875
1.075466964477985e-06,-4.763061618726575e-05
1.075473096511655e-06,4.8215620015006e-05
1.075480383411944e-06,0.0001417437494429547
1.075486531699538e-06,0.0001741171416162186
1.075493265849769e-06,0.0001937698437944249
1.0755e-06,0.0001809859885851517
1.075505563686903e-06,0.000168689047856555
1.075512948953977e-06,0.0001496060902813552
1.075520417499326e-06,0.0001276754688399241
1.075533135917822e-06,9.466705282242034e-05
1.075548890317278e-06,6.314751577172743e-05
1.075570563505106e-06,3.502521558951607e-05
1.075599602868276e-06,1.512565919938584e-05
1.075638104237114e-06,4.083468914210701e-06
1.075682665594319e-06,2.339268963788225e-07
1.075745654197948e-06,-1.109026604400435e-06
1.075825977315087e-06,-1.117956691981789e-06
1.075970217067223e-06,-1.207738650574412e-06
1.076183910058739e-06,-1.084076633375421e-06
1.07658562173253e-06,-1.18030723634831e-06
1.07711958078739e-06,-1.063726778208383e-06
1.077884215418767e-06,-1.167056196696084e-06
1.078964147878856e-06,-1.055235555454311e-06
1.08e-06,-1.161573986121006e-06
1.08003125e-06,-1.269434469114707e-06
1.08008344693934e-06,-1.282477730017258e-06
1.08018784081802e-06,-1.497941921801363e-06
1.080226860715767e-06,-2.798375554487438e-06
1.080242489160772e-06,-3.553398421458317e-06
1.080256392499225e-06,-4.260961921615549e-06
1.080269859336094e-06,-4.881694364934257e-06
1.080274079703608e-06,-5.243225698378738e-06
1.080282520438636e-06,-6.21291150585788e-06
1.08028871272746e-06,-7.542644109717264e-06
1.080294264637671e-06,-1.050216029924573e-05
1.080296835069688e-06,-1.666336820096423e-05
1.080298820734033e-06,-2.098789088993493e-05
1.080301131310503e-06,-2.93304904958754e-05
1.080303265044962e-06,-3.370812905551917e-05
1.080306165972065e-06,-4.720261496018646e-05
1.080307233176271e-06,-5.245157460892677e-05
1.08030809779566e-06,-5.379668621335991e-05
1.080308952596713e-06,-5.389938990820823e-05
1.080310194480445e-06,-5.011775289952971e-05
1.080311228913396e-06,-4.443435866391474e-05
1.080312122217562e-06,-3.718172386109976e-05
1.080312860985155e-06,-3.031569625816272e-05
1.08031371428546e-06,-2.170996273928127e-05
1.080314563858152e-06,-1.69241093154286e-05
1.080315428622769e-06,-1.247583806718967e-05
1.080316288685173e-06,-1.090180189624148e-05
1.080317342174227e-06,-8.021578570595984e-06
1.080318997290482e-06,-7.091431687687167e-06
1.080321497085416e-06,-5.002199752877482e-06
1.080324536640735e-06,-5.477759430262643e-06
1.08032860217616e-06,-4.604877222815677e-06
1.0803345393391e-06,-5.879097905230832e-06
1.080343149795254e-06,-5.803886014980729e-06
1.080354727749331e-06,-7.973722219943077e-06
1.080373151106042e-06,-9.403928229045554e-06
1.08040930213503e-06,-1.514936835905396e-05
1.080454651067515e-06,-1.788241938486881e-05
1.080477325533758e-06,-1.703426309380078e-05
1.0805e-06,-1.188772202168568e-05
1.08050980729595e-06,-1.002210529769709e-05
1.080523573781134e-06,-7.545154004192241e-06
1.080536555234302e-06,-5.825763532530547e-06
1.08056251814064e-06,-3.553313650543974e-06
1.080590385914649e-06,-2.332884607661317e-06
1.080628900581369e-06,-1.584378547755307e-06
1.080677237223766e-06,-1.283706864346356e-06
1.080756810178241e-06,-1.136403851439934e-06
1.08088209372691e-06,-1.113809233601891e-06
1.081002039266772e-06,-1.100477389928001e-06
1.08112027581525e-06,-1.112455008247612e-06
1.08127308386847e-06,-1.100094222781071e-06
1.081578699974909e-06,-1.112209458383012e-06
1.082189932187789e-06,-1.099313311274188e-06
1.083412396613548e-06,-1.11120162921298e-06
1.085e-06,-1.098032071292221e-06
1.085064889174359e-06,-2.114433351458036e-06
1.085154709938387e-06,-2.19489164562602e-06
1.085197330958987e-06,-3.832992234177895e-06
1.085218641469287e-06,-3.971488356998477e-06
1.085232669713202e-06,-9.948975111745965e-07
1.085246722198391e-06,9.518195949554228e-06
1.085260969257272e-06,2.003951761723313e-05
1.085276855384578e-06,2.303270437900623e-05
1.085282477991391e-06,1.141020050413846e-05
1.085286709814372e-06,5.618868065163374e-06
1.085292354318801e-06,-2.466660855450367e-06
1.085296658053005e-06,-3.918911897019584e-06
1.085299522608975e-06,-1.667704759716861e-05
1.085302662038091e-06,-2.413324931667786e-05
1.085305993416506e-06,-3.795363552561872e-05
1.085309589571204e-06,-4.590434822624072e-05
1.08531352447318e-06,-7.668942850150487e-05
1.085315575777116e-06,-8.795336653162341e-05
1.085317750702139e-06,-0.0001023849837463997
1.085319791555513e-06,-9.966138970287225e-05
1.085322256271388e-06,-0.0001091685666294215
1.085323472246001e-06,-0.000101865632667588
1.085324726580536e-06,-9.336694771466609e-05
1.085325916249346e-06,-9.736087897922617e-05
1.085326750667189e-06,-0.0001104847473175632
1.085327602968798e-06,-0.0001135942005847793
1.085329030222458e-06,-0.0001151188780936574
1.085330128147867e-06,-0.0001084989141308321
1.08533140323095e-06,-0.0001062446928070899
1.085332912779902e-06,-9.919640697673946e-05
1.085335106976374e-06,-9.98422484422886e-05
1.085337444735368e-06,-0.0001047057883141272
1.085340290287497e-06,-0.0001179110275404357
1.085343239976544e-06,-0.0001109066135163343
1.085345665906974e-06,-0.0001001541163300377
1.085348768738855e-06,-8.250219358049457e-05
1.085351978394022e-06,-7.620374592039038e-05
1.085354844965126e-06,-6.873267411370914e-05
1.085358179592446e-06,-6.712124829602339e-05
1.085362696987008e-06,-6.105618866571259e-05
1.085368667355328e-06,-6.086763501523062e-05
1.085377475651608e-06,-6.364703072003509e-05
1.085387194005576e-06,-0.0001174176630028881
1.085397167959148e-06,-0.0002252057405810597
1.085406093177533e-06,-0.0003067612498798805
1.08541363956684e-06,-0.0003832018039787095
1.085420571731443e-06,-0.0004330060426244576
1.085427557478514e-06,-0.0004693062661066122
1.085435604671182e-06,-0.0004862820700140826
1.085444991837343e-06,-0.0004834856904146889
1.085453750267065e-06,-0.0004191389250775871
1.085460160228052e-06,-0.0003560662488054885
1.085466951272881e-06,-0.0002952098761062513
1.085471838615942e-06,-0.0002588847070132417
1.085477847635465e-06,-0.0002065022382859012
1.085483140726814e-06,-0.0001649373275426361
1.085487584201568e-06,-0.0001316495650674352
1.085493862403428e-06,-0.0001007023930519409
1.0855e-06,-7.737763530339606e-05
1.085506306193509e-06,-6.314105693495196e-05
1.085513680086362e-06,-5.003348309422515e-05
1.085520449080548e-06,-4.123024460496546e-05
1.085533987068921e-06,-2.7880337291688e-05
1.0855485419397e-06,-1.809913018328536e-05
1.085576062109906e-06,-7.58227524197876e-06
1.085603356875261e-06,-3.415611577230862e-06
1.085636601164156e-06,-1.821652286385366e-06
1.085675052594692e-06,-1.16683452354229e-06
1.085730263991371e-06,-1.233589077132568e-06
1.085811653226938e-06,-1.048586989577054e-06
1.085946746267042e-06,-1.223172956311354e-06
1.086154008926115e-06,-1.030735794381709e-06
1.086444998583083e-06,-1.208611638693449e-06
1.08685326055195e-06,-1.020737039460433e-06
1.087439817374697e-06,-1.201243154779315e-06
1.088294925415128e-06,-1.015555855668906e-06
1.089147462707564e-06,-1.197852792437141e-06
1.09e-06,-1.013695964811516e-06
1.090045095705197e-06,-6.63534908333096e-07
1.090111751075499e-06,-6.745992773897241e-07
1.090138756661861e-06,-6.766352294796401e-07
1.090192767834585e-06,-8.510218481007633e-07
1.090220793232285e-06,-1.43987353973387e-06
1.090236686487198e-06,-1.75489365533329e-06
1.090251417923507e-06,-1.836505330984556e-06
1.090265896240441e-06,-1.879023448365071e-06
1.090288276874224e-06,-2.030628788774663e-06
1.090309526594497e-06,-1.735810159592432e-06
1.090313602144488e-06,-1.275583304596319e-06
1.090321753244472e-06,-9.323558208241391e-07
1.090328735593272e-06,-6.653917626488247e-07
1.090335465013903e-06,-8.226080501242981e-07
1.09034202756734e-06,-6.266817548065643e-07
1.090355152674215e-06,-7.919901145722722e-07
1.090381402887964e-06,-6.054959421714923e-07
1.090433903315462e-06,-7.923674910556613e-07
1.0905e-06,-6.534906944657904e-07
1.090504635785667e-06,-9.341749534010682e-07
1.090513907357002e-06,-1.007247305095103e-06
1.090532450499671e-06,-1.06122948847023e-06
1.090561373043392e-06,-1.069499500906192e-06
1.09058931162098e-06,-1.060061751143266e-06
1.09062939056351e-06,-1.036990422515978e-06
1.090694694214754e-06,-1.000629478559863e-06
1.090820712301576e-06,-9.10227878422903e-07
1.090978798238591e-06,-9.696830216204065e-07
1.091024546229936e-06,-1.533542825785796e-06
1.091047420225608e-06,-1.92111467196821e-06
1.091058426955847e-06,-2.062949204993547e-06
1.091080440416325e-06,-2.181332879537947e-06
1.091100575233731e-06,-2.368052742798312e-06
1.091121503349845e-06,-3.111416386917816e-06
1.091127668241889e-06,-4.382225750140001e-06
1.091132445518364e-06,-5.296718143386254e-06
1.091138514781925e-06,-6.7391928572091e-06
1.091143489492183e-06,-7.327164533666035e-06
1.091148693572459e-06,-7.883316109256339e-06
1.091154172092516e-06,-7.635390408014127e-06
1.09115938987502e-06,-6.497376707713325e-06
1.091163183752049e-06,-4.623290606960789e-06
1.091166689108312e-06,-4.064960842625779e-06
1.091171181079171e-06,-3.639335910670735e-06
1.091174600916922e-06,-3.747430476635947e-06
1.091179339775984e-06,-3.377960211265427e-06
1.091188817494108e-06,-3.125000865158992e-06
1.091201973822462e-06,-1.682403684882316e-06
1.091213883899955e-06,-1.288304751098945e-06
1.091219838938702e-06,-1.00392141205288e-06
1.091231494563697e-06,-1.18925984086428e-06
1.091243672318912e-06,-9.277801706921105e-07
1.091268027829343e-06,-1.186068921453503e-06
1.091301969600426e-06,-9.221618153641543e-07
1.09134576765252e-06,-1.19819755600533e-06
1.09139760168439e-06,-9.361873015154771e-07
1.091474611915023e-06,-1.218805449703798e-06
1.091616016910024e-06,-9.664730946157118e-07
1.09165671645122e-06,-1.237312358144023e-06
1.091738115533611e-06,-9.69273441862935e-07
1.091846738667035e-06,-1.238994049235503e-06
1.092022270347132e-06,-9.69766764345085e-07
1.092296779757661e-06,-1.238886305334697e-06
1.09275019643667e-06,-9.695195392541965e-07
1.093657029794686e-06,-1.23852859142787e-06
1.095e-06,-9.69016601344736e-07
1.095060076202094e-06,1.837754432116458e-06
1.095145398699549e-06,1.711011748511808e-06
1.095171580274719e-06,1.051978884858399e-06
1.095184671062303e-06,1.631223063832871e-07
1.095210852637473e-06,-4.253641209361853e-06
1.09523048881885e-06,-1.060940366375969e-05
1.095250125000227e-06,-1.984735304985007e-05
1.095252625000227e-06,2.210278171571548e-06
1.095255406198283e-06,-3.950878725003144e-05
1.095256555367634e-06,-5.342130607778617e-05
1.095257594547665e-06,-8.107548509075949e-05
1.095258636088464e-06,-9.42771254898155e-05
1.095259380544346e-06,-0.0001179589605765195
1.095260125000227e-06,-0.0001284227459313605
1.095260392223159e-06,-0.0001189524156612682
1.095260786201249e-06,-0.000116644927463581
1.095261152003106e-06,-0.0001146647368470509
1.095261853948103e-06,-0.0001133374526736511
1.095262789064417e-06,-0.0001131727594676713
1.095263732937783e-06,-0.0001132618798998908
1.09526478687475e-06,-0.0001136616748640313
1.095265813466275e-06,-0.0001152757849279467
1.095267029492099e-06,-0.000117496508321801
1.095268323084139e-06,-0.0001126967044682708
1.095269633329697e-06,-0.0001143495921827858
1.09527073309291e-06,-0.0001038641562316744
1.095271615853495e-06,-9.792901122371739e-05
1.095272292561721e-06,-9.117278119239891e-05
1.095273006782337e-06,-8.929797053562964e-05
1.095273700881554e-06,-8.437585977092358e-05
1.095274639230255e-06,-8.351099781698621e-05
1.095275774208724e-06,-7.817097177895161e-05
1.095276840113572e-06,-7.862166948353966e-05
1.095278008298372e-06,-7.521993451982613e-05
1.09527942854926e-06,-7.676001263650799e-05
1.095280829952103e-06,-7.311770358678398e-05
1.095282201014523e-06,-7.447662099618036e-05
1.09528302910844e-06,-7.272084508259504e-05
1.095284136053349e-06,-7.979200489637521e-05
1.09528507943639e-06,-8.193366701163221e-05
1.095286348620189e-06,-8.829403240069304e-05
1.095287925079699e-06,-8.883914727621058e-05
1.095289285044889e-06,-9.39748429653366e-05
1.095290968054399e-06,-9.674319585343054e-05
1.095293205628489e-06,-0.0001097678910944182
1.095295627884724e-06,-0.0001291130775633128
1.095298199294688e-06,-0.0001667403210684542
1.095301550295123e-06,-0.0002291635283923425
1.095303945904511e-06,-0.0002917748419727688
1.095307106199049e-06,-0.0003888804018550493
1.09531017730367e-06,-0.0005031826096989224
1.095313020502993e-06,-0.0006151457769903464
1.095315236923947e-06,-0.0007078017144331328
1.095317658299397e-06,-0.0008084927026781638
1.095319062192243e-06,-0.0008715199854614292
1.095320623689212e-06,-0.0009255463987597645
1.095321808827217e-06,-0.0009651476443170807
1.095323058569247e-06,-0.0009939698845366719
1.095323989916976e-06,-0.001024778652756575
1.095324925157806e-06,-0.001047561068668912
1.095325955100649e-06,-0.001077296064135626
1.095326848399964e-06,-0.001086320655817883
1.095327647468427e-06,-0.001103967146715604
1.095328483967798e-06,-0.001109614453004782
1.095329209213135e-06,-0.001122555059375434
1.095330128693387e-06,-0.001127061416538278
1.095331396453495e-06,-0.001140735798352048
1.095332500542628e-06,-0.00114285105983622
1.095333723304581e-06,-0.001152678420425944
1.095335172615975e-06,-0.001153375404146656
1.095337114263557e-06,-0.001161215838353236
1.095339900713549e-06,-0.001161162881225518
1.095343562179638e-06,-0.001170142988976952
1.095346969673018e-06,-0.001172353778392448
1.095351143413322e-06,-0.001173212958800689
1.095354752204213e-06,-0.001147139840223583
1.095358712038021e-06,-0.001106337907097961
1.095363908937337e-06,-0.001023470742315736
1.095369114826083e-06,-0.0009353319214298512
1.095374509643021e-06,-0.0008199078672137586
1.095380475494757e-06,-0.0006500025870449839
1.095385313788458e-06,-0.0005357100223582364
1.09539048045344e-06,-0.0004994013033549858
1.095396299069552e-06,-0.0005593089666933656
1.095401246163416e-06,-0.0006754582262103262
1.09540716744071e-06,-0.0008478843878857134
1.095413285758856e-06,-0.0009830836071335735
1.095418849491399e-06,-0.001037655061428461
1.095425230739674e-06,-0.001029915478464175
1.095432465625053e-06,-0.0009478240374777897
1.09543999714292e-06,-0.0007666302557307024
1.095446810122378e-06,-0.0005130714919137149
1.095452936714301e-06,-0.0003315955755363804
1.095457568681027e-06,-0.0002242750206379023
1.095464126888255e-06,-0.0001043026256187887
1.095470301851499e-06,9.144776330818069e-06
1.095476703431139e-06,9.792121201250168e-05
1.095483794764947e-06,0.0001665494352364285
1.095491071414902e-06,0.0001880206647985593
1.0955e-06,0.000188166219180165
1.095508512065782e-06,0.0001621112810418501
1.095517564870596e-06,0.0001373857113354081
1.095526829520487e-06,0.0001125654034088885
1.09554535882027e-06,6.962346568701431e-05
1.095567273715079e-06,3.974274135391469e-05
1.095589501611863e-06,1.995311486536901e-05
1.095621347426895e-06,8.702534832966461e-06
1.095656948373558e-06,1.15654620112274e-06
1.095701758055125e-06,5.167259307507583e-07
1.095757904877616e-06,-1.952548532143993e-06
1.09583229957439e-06,-2.952394761198319e-07
1.095926456815532e-06,-2.049650648609687e-06
1.096056041502919e-06,-2.70010716581596e-07
1.096222070977246e-06,-2.026182110230815e-06
1.096441827322879e-06,-2.506048067103738e-07
1.09673187956942e-06,-2.010057844358199e-06
1.097111904831878e-06,-2.376094047286598e-07
1.097612976704574e-06,-1.999735927913866e-06
1.098272049053255e-06,-2.294947557267905e-07
1.099138922356082e-06,-1.99342817773272e-06
1.1e-06,-2.250630022510985e-07
1.10003125e-06,-1.269360986333041e-06
1.10008344693934e-06,-1.284075362360656e-06
1.10018784081802e-06,-1.498029604814196e-06
1.100225442256704e-06,-2.728586646205273e-06
1.100240823106154e-06,-3.474397794735676e-06
1.10025430679648e-06,-4.149268954977555e-06
1.100267557003431e-06,-4.765667796625029e-06
1.10027235091892e-06,-5.098900057755472e-06
1.100278991632434e-06,-5.705128556446303e-06
1.100286186393284e-06,-6.971968663243945e-06
1.100291589600914e-06,-8.310941778949431e-06
1.100297181201599e-06,-1.680977119285026e-05
1.100299551827242e-06,-2.329211866286162e-05
1.100302355645911e-06,-3.216467649000813e-05
1.100304574660893e-06,-3.777100900981765e-05
1.100305780126004e-06,-4.613697125894077e-05
1.100306627995436e-06,-4.89395684062682e-05
1.100307388025535e-06,-5.384946205614972e-05
1.100308165728023e-06,-5.324604628187902e-05
1.100309130401753e-06,-5.439345529939207e-05
1.100310248227832e-06,-4.898160468730046e-05
1.100311276790462e-06,-4.464369782004634e-05
1.100312134534321e-06,-3.602599025888196e-05
1.10031287376753e-06,-3.057238958292209e-05
1.100313735901498e-06,-2.055077041736026e-05
1.10031451944514e-06,-1.771748003988892e-05
1.10031537813703e-06,-1.190231099481781e-05
1.100316224519259e-06,-1.157398265390489e-05
1.100317330642477e-06,-7.396553759365811e-06
1.100318830644187e-06,-7.798576345512841e-06
1.100321328529941e-06,-4.454561490726927e-06
1.100324307918326e-06,-6.075858608984242e-06
1.100328362309757e-06,-4.012466402785898e-06
1.100334120374956e-06,-6.42836430739652e-06
1.100342638679894e-06,-5.170220629350812e-06
1.100353933039322e-06,-8.462367015264882e-06
1.100371896185226e-06,-8.658076388133741e-06
1.100406019526619e-06,-1.530286536011347e-05
1.100453009763309e-06,-1.731164632238521e-05
1.100476504881655e-06,-1.774941489587338e-05
1.1005e-06,-1.125833094811753e-05
1.100509888257566e-06,-1.001420510341446e-05
1.100523924078046e-06,-7.51471411262161e-06
1.100537134190192e-06,-5.77381279547567e-06
1.100563554414484e-06,-3.498305000375106e-06
1.100591501979453e-06,-2.303344343743251e-06
1.100630302514622e-06,-1.571312218615109e-06
1.100678984849213e-06,-1.278511456992817e-06
1.100759957415201e-06,-1.135333815318903e-06
1.100888359735249e-06,-1.113227151747087e-06
1.10100680346153e-06,-1.101846177233656e-06
1.101126131095663e-06,-1.112467829439748e-06
1.101281175307343e-06,-1.101259883947033e-06
1.101591263730702e-06,-1.112274790013203e-06
1.102211440577421e-06,-1.10031300412767e-06
1.103451794270858e-06,-1.111112684858986e-06
1.105e-06,-1.098839927262882e-06
1.10506413845889e-06,-2.115165219297413e-06
1.105153265110955e-06,-2.178989477622421e-06
1.105195205199567e-06,-3.67772854138593e-06
1.105216175243873e-06,-4.194899369688722e-06
1.105230048231271e-06,-1.750494368941171e-06
1.10524426861617e-06,7.102924265949767e-06
1.105259002031939e-06,1.922488304535453e-05
1.105274007116447e-06,2.346096653605354e-05
1.105279968696827e-06,1.721053332404684e-05
1.105284383176919e-06,8.753815898368743e-06
1.105288703373679e-06,1.426616163195098e-06
1.105293237229914e-06,-8.530664281185912e-07
1.105297733319164e-06,-8.783008216106925e-06
1.105301575420591e-06,-2.207569720730312e-05
1.105304690608583e-06,-3.247773745504243e-05
1.105308740737281e-06,-4.443321136364991e-05
1.105312254708023e-06,-6.389821639718952e-05
1.105314214431927e-06,-8.093200906556754e-05
1.105316679844047e-06,-9.606630361653642e-05
1.105318480581671e-06,-0.0001022903585200951
1.105320956546411e-06,-0.0001019119623979894
1.105322342207304e-06,-0.0001111122888854949
1.105323357913299e-06,-0.0001006672240221319
1.105324421570069e-06,-9.767097771351446e-05
1.105325566687596e-06,-9.014617856614921e-05
1.105326414963085e-06,-0.0001083699826252154
1.105327212027089e-06,-0.000109047997618743
1.105328223371881e-06,-0.0001190567901075632
1.105329390610615e-06,-0.000109009530155701
1.105330531401737e-06,-0.0001119059100303645
1.105331853027304e-06,-9.998619243351408e-05
1.105333603614818e-06,-0.0001026760477568891
1.105335861860469e-06,-9.614814351953701e-05
1.105338259669414e-06,-0.000113264731590313
1.105341117969889e-06,-0.0001143740963315404
1.105343732666345e-06,-0.0001149046586322417
1.105346267073957e-06,-9.248426049549643e-05
1.105349314467243e-06,-8.671698010060548e-05
1.105352478264163e-06,-7.028272218709738e-05
1.105355359401299e-06,-7.374094578716236e-05
1.105358940779407e-06,-6.128806583153253e-05
1.105363644094361e-06,-6.617540639746796e-05
1.105369993888789e-06,-5.578099674099958e-05
1.105379303905508e-06,-7.364274179694169e-05
1.105388862377367e-06,-0.0001259122886707416
1.105398893318017e-06,-0.000240353104810459
1.105407446607024e-06,-0.0003027605793927447
1.105415468493306e-06,-0.0003975998263488687
1.105421688685097e-06,-0.0004235367334736791
1.105429164627541e-06,-0.0004740308939604538
1.105436613506667e-06,-0.000470693642968405
1.105444009759568e-06,-0.0004861361144257526
1.105452227215429e-06,-0.0004278232119882147
1.105458989098243e-06,-0.0003663650020470168
1.105465673079375e-06,-0.0002832776609369341
1.10547055208263e-06,-0.0002634836998777058
1.105476337435652e-06,-0.0002021407986030726
1.105482413180255e-06,-0.0001714229827203068
1.105487166906698e-06,-0.0001234270115117667
1.105492436814268e-06,-0.0001122338845958345
1.105496218407134e-06,-8.179111229291688e-05
1.1055e-06,-8.612614976189281e-05
1.10550578666506e-06,-6.404082494133827e-05
1.105511083159091e-06,-5.41931575204771e-05
1.105517338612007e-06,-4.519343586648901e-05
1.105529849517839e-06,-3.15049773658652e-05
1.105543171782672e-06,-2.136932823788964e-05
1.105568498266213e-06,-9.620966083427092e-06
1.105595259951777e-06,-4.310151565595901e-06
1.105626870547092e-06,-2.089260498783525e-06
1.105663147874609e-06,-1.284401163997433e-06
1.10571288705001e-06,-1.204678713316684e-06
1.105784809461282e-06,-1.086004489733669e-06
1.105903462137084e-06,-1.187870573343322e-06
1.106075437651846e-06,-1.071917071949456e-06
1.106339913262007e-06,-1.171722912383831e-06
1.106705480239245e-06,-1.060771234936434e-06
1.107230376863953e-06,-1.163430479759753e-06
1.107986331880191e-06,-1.055003921548149e-06
1.109085317845459e-06,-1.159197621716242e-06
1.11e-06,-1.052517005224988e-06
1.110046507051904e-06,-6.666436655918145e-07
1.110114545995805e-06,-6.807163260164719e-07
1.110142781261541e-06,-6.75110310512899e-07
1.110199251793014e-06,-9.612596093836715e-07
1.110223329095142e-06,-1.500828165354256e-06
1.110238711802617e-06,-1.776266766206688e-06
1.110258450367032e-06,-1.861009072818569e-06
1.110273299751102e-06,-1.909540697438698e-06
1.110292479487249e-06,-2.037393091300787e-06
1.110298420533874e-06,-1.979783268680807e-06
1.110306598120253e-06,-1.73961990594496e-06
1.110315105367583e-06,-1.226245117702684e-06
1.110322101038608e-06,-8.558506076657674e-07
1.110330916706991e-06,-7.257674607153509e-07
1.110338326711877e-06,-7.387164281995965e-07
1.110345719332244e-06,-6.973178482865405e-07
1.110359716228045e-06,-7.112713993698621e-07
1.110387710019645e-06,-6.808124302281442e-07
1.110439596247884e-06,-7.102997867176237e-07
1.1105e-06,-7.225281774400321e-07
1.110504339767751e-06,-9.217096825755546e-07
1.110513019303254e-06,-9.925861975172221e-07
1.110530378374259e-06,-1.044576203076465e-06
1.110557790982767e-06,-1.047994000083809e-06
1.110584619368946e-06,-1.035374207653212e-06
1.110623634054366e-06,-1.008616947921195e-06
1.110688507899721e-06,-9.681479957540478e-07
1.11081825559043e-06,-8.791227820735161e-07
1.110876804830662e-06,-8.676310575326911e-07
1.110952672648544e-06,-1.215314344760058e-06
1.110981739789153e-06,-1.702300124178502e-06
1.110995957641309e-06,-1.908938017599565e-06
1.111024393345622e-06,-2.183071449821e-06
1.111045874084733e-06,-2.31588330974784e-06
1.111068182502254e-06,-2.943128998445174e-06
1.111076593418805e-06,-4.516487460643376e-06
1.111081685237946e-06,-5.532122789903439e-06
1.111088030322629e-06,-6.936365395062436e-06
1.111093202884381e-06,-7.489772938021824e-06
1.111100028135366e-06,-7.892686316881673e-06
1.111105364402876e-06,-7.202148388382373e-06
1.111108672442168e-06,-5.857722392465477e-06
1.111111982807015e-06,-4.553518166740178e-06
1.111116339262304e-06,-3.789306532321238e-06
1.11111979821274e-06,-3.759638258318812e-06
1.111123454461241e-06,-3.605724802581699e-06
1.111128352734021e-06,-3.468069582429451e-06
1.111138149279579e-06,-2.929008850797579e-06
1.111150716328371e-06,-1.767573228753269e-06
1.111162790613739e-06,-1.155999701386654e-06
1.111168184117419e-06,-1.121160396036451e-06
1.111178971124778e-06,-1.071433884622859e-06
1.111191048772961e-06,-1.053090238024305e-06
1.111215204069328e-06,-1.061467173458192e-06
1.111251137260726e-06,-1.047749036366498e-06
1.111294555338021e-06,-1.072921463287855e-06
1.111346748679069e-06,-1.061928346934778e-06
1.111423159054298e-06,-1.093232064635665e-06
1.111567482516242e-06,-1.092333769088162e-06
1.111608194671291e-06,-1.111767041056811e-06
1.111689618981389e-06,-1.095080700912922e-06
1.111798630007724e-06,-1.113324788484297e-06
1.111976536882638e-06,-1.095568143908194e-06
1.112256464787896e-06,-1.113193005017e-06
1.112720625846197e-06,-1.095321194091624e-06
1.113648947962801e-06,-1.112812161784261e-06
1.115e-06,-1.094804422547839e-06
1.115060241348272e-06,1.837501025108161e-06
1.115145720138747e-06,1.707624978887815e-06
1.115171821354117e-06,1.040512902769821e-06
1.115184871961802e-06,1.450897972325742e-07
1.115210973177172e-06,-4.276576995592517e-06
1.1152305490887e-06,-1.060659185143518e-05
1.115250125000227e-06,-1.976750918948801e-05
1.115252625000227e-06,3.528281172123862e-05
1.115255406198283e-06,-3.178283251348936e-05
1.115256850844905e-06,-1.805990783236313e-07
1.115258619759351e-06,-6.601263775535938e-05
1.115259372379789e-06,-2.73258456547081e-05
1.115260125000227e-06,-8.625748780840931e-05
1.115260440093446e-06,-7.795653662262696e-05
1.115260846044691e-06,-7.837017671630572e-05
1.115261224391223e-06,-7.826061513168737e-05
1.115261929940522e-06,-7.882627842515132e-05
1.115263025819809e-06,-7.669474232092547e-05
1.115264179798123e-06,-7.402352982252517e-05
1.115265376299689e-06,-7.152419130820592e-05
1.115266567251139e-06,-7.404377513787719e-05
1.115267795947173e-06,-7.276035916995437e-05
1.115269254347071e-06,-6.810792193105854e-05
1.115270717962646e-06,-6.104608211602883e-05
1.115272834198143e-06,-5.304025307315603e-05
1.115274475491804e-06,-4.92169583086714e-05
1.115276342117658e-06,-4.776371083426094e-05
1.115278258771149e-06,-4.806557744896931e-05
1.115280329992951e-06,-4.883481626108227e-05
1.115281810726115e-06,-4.783852608713308e-05
1.115283376568127e-06,-5.118626818547407e-05
1.115284648802232e-06,-5.774761041848522e-05
1.115285707560002e-06,-6.30705994213735e-05
1.115287088186536e-06,-6.661022177596272e-05
1.11528843787107e-06,-7.025816527487426e-05
1.115289943712847e-06,-7.370542286463612e-05
1.115291901708804e-06,-8.158769541891699e-05
1.115294266612204e-06,-9.589984583374582e-05
1.115296693966187e-06,-0.0001243564672292455
1.115299787645269e-06,-0.000176105844371802
1.115302444805802e-06,-0.0002387689141061385
1.115304985966143e-06,-0.0003129110195442947
1.115308110577604e-06,-0.0004245087509283142
1.115311283423945e-06,-0.0005508855531865603
1.11531376520615e-06,-0.0006577601396687876
1.115316005164546e-06,-0.0007556506821469161
1.11531861193622e-06,-0.0008792904608962652
1.115320479680267e-06,-0.0009583665764136543
1.115321860887448e-06,-0.001005234132820873
1.115323221728008e-06,-0.001044469082854353
1.115324199000363e-06,-0.001079296666554736
1.115325109501991e-06,-0.001107726719096012
1.115326103535494e-06,-0.001133479691827314
1.115327005784145e-06,-0.001143058928791368
1.115327733237271e-06,-0.001157393891994685
1.115328517048343e-06,-0.001161995038923462
1.115329253106945e-06,-0.001172675729703731
1.1153301925183e-06,-0.001175223995973505
1.115331458361279e-06,-0.001182507830216566
1.115332566443566e-06,-0.001179480018839567
1.115333797619915e-06,-0.00118081036860027
1.115335268603223e-06,-0.001171506418450417
1.115337244676799e-06,-0.001161522581614432
1.115340099136972e-06,-0.001132206822606331
1.115343704609035e-06,-0.001097123457451811
1.115347112779913e-06,-0.001058111923859728
1.11535138044144e-06,-0.001016071317515382
1.115354930540512e-06,-0.000966727916837994
1.115358988270429e-06,-0.000909836043174211
1.115364183793001e-06,-0.0008262480327602134
1.115369378368471e-06,-0.0007511586175980705
1.115374785093747e-06,-0.0006708552709365428
1.115380804991706e-06,-0.0005985300464511226
1.115388337319276e-06,-0.0005661531269801828
1.115397941889248e-06,-0.0007543804050045503
1.115405106401588e-06,-0.001040199370109592
1.115411666607488e-06,-0.001258839949186345
1.115416446311586e-06,-0.001330710426174429
1.115423673352289e-06,-0.001330309466174478
1.11542978825779e-06,-0.001237878763066215
1.115435616110068e-06,-0.00105542550385065
1.115441319749449e-06,-0.000758892155043572
1.115446559180778e-06,-0.0005127601597060872
1.115451558149669e-06,-0.0003343977338556687
1.115455988497385e-06,-0.0002459093449947962
1.115461492219058e-06,-0.0001287081788278133
1.115467287561878e-06,-3.866414918636239e-05
1.115473959870908e-06,8.046712924151684e-05
1.115479950152154e-06,0.0001348570047633763
1.115487105563432e-06,0.0001924707526813606
1.11549440861452e-06,0.0001885711494004497
1.1155e-06,0.0001958169302442588
1.115507236966907e-06,0.0001680034699044484
1.115514868472453e-06,0.0001480792218307448
1.115522541258314e-06,0.0001253736555885537
1.115537295378711e-06,8.837771684625148e-05
1.115553134457805e-06,5.847614733789786e-05
1.115577290057474e-06,3.012098302679955e-05
1.115607039026871e-06,1.254734947239426e-05
1.11564716186948e-06,2.958160083875674e-06
1.115694360827466e-06,-1.803142793655135e-07
1.115759735991932e-06,-1.207239338275085e-06
1.11584824095677e-06,-1.114160294031822e-06
1.116005243808878e-06,-1.247809389560897e-06
1.116263486653792e-06,-1.062170473356371e-06
1.116688543147357e-06,-1.216318251686601e-06
1.117266861431286e-06,-1.035460681631127e-06
1.118086002866054e-06,-1.201960037051279e-06
1.119043001433027e-06,-1.024489057192724e-06
1.12e-06,-1.196907181713294e-06
1.12003125e-06,-1.267758080932392e-06
1.12008344693934e-06,-1.286649823766206e-06
1.12018784081802e-06,-1.497719616746394e-06
1.120226860715767e-06,-2.801313575231325e-06
1.120242491438848e-06,-3.554713661097117e-06
1.12025639373509e-06,-4.249922535699578e-06
1.12026985991872e-06,-4.886992692137328e-06
1.120274079764025e-06,-5.246443127672027e-06
1.120282519454634e-06,-6.216228548996061e-06
1.12028871005585e-06,-7.544725319098313e-06
1.120294262853403e-06,-1.050793828394359e-05
1.120296832529684e-06,-1.667132586508177e-05
1.120298817854339e-06,-2.099778910175952e-05
1.120301127685721e-06,-2.934322981021604e-05
1.120303261366326e-06,-3.372217409149935e-05
1.120306161604936e-06,-4.722894522922733e-05
1.120307228411148e-06,-5.246799987250203e-05
1.120308093261824e-06,-5.381202062731794e-05
1.120308948026818e-06,-5.390515723928312e-05
1.12031018951901e-06,-5.011761331096328e-05
1.120311223581191e-06,-4.442770989345583e-05
1.120312116332376e-06,-3.717696279657461e-05
1.120312854957487e-06,-3.030591565547634e-05
1.120313708394798e-06,-2.170383205781854e-05
1.12031455668097e-06,-1.69235740869347e-05
1.12031542121203e-06,-1.247951916438574e-05
1.120316281083095e-06,-1.09010492726683e-05
1.120317334867293e-06,-8.025196858995209e-06
1.120318989165723e-06,-7.09077140358014e-06
1.12032148883307e-06,-5.005671111523477e-06
1.120324528085586e-06,-5.476224761313498e-06
1.120328593708419e-06,-4.607233662397327e-06
1.120334530554422e-06,-5.876580594844636e-06
1.120343136996081e-06,-5.80474524410562e-06
1.120354708082867e-06,-7.968930016407589e-06
1.120373116620789e-06,-9.400641141793302e-06
1.120409235490314e-06,-1.513687676345275e-05
1.120454617745157e-06,-1.787865363351024e-05
1.120477308872579e-06,-1.702622385749136e-05
1.1205e-06,-1.188216143691037e-05
1.120509809775678e-06,-1.001526537876513e-05
1.120523581943007e-06,-7.539375111407098e-06
1.120536568268159e-06,-5.821333406220173e-06
1.120562540918464e-06,-3.551144749283996e-06
1.120590421801126e-06,-2.332301269421969e-06
1.120628961648799e-06,-1.584919291979136e-06
1.120677337650271e-06,-1.284918704839352e-06
1.120756999166569e-06,-1.137866450888165e-06
1.120882293023763e-06,-1.115334287063289e-06
1.121002262601786e-06,-1.101942489186585e-06
1.121120504725678e-06,-1.113906629773925e-06
1.121273370421373e-06,-1.101483982193278e-06
1.121579101812763e-06,-1.113538660514019e-06
1.122190564595543e-06,-1.100491086867457e-06
1.123413490161104e-06,-1.112188606248907e-06
1.125e-06,-1.098816319057552e-06
1.12506486845423e-06,-2.092125867741265e-06
1.125154670096455e-06,-2.147060336766079e-06
1.125197272293481e-06,-3.490288266593698e-06
1.125218573391994e-06,-3.193766456339731e-06
1.12523260150837e-06,1.562310117670694e-07
1.125246652410101e-06,1.104757804916069e-05
1.125260908703184e-06,2.195965149875072e-05
1.125276764351673e-06,2.539219369910066e-05
1.125282448657062e-06,1.389631017602989e-05
1.125286688779898e-06,7.983004514913459e-06
1.125292352948927e-06,-2.862199309421215e-08
1.125296657286162e-06,-2.564178524063913e-06
1.125299519763791e-06,-1.781744272239164e-05
1.125302660796635e-06,-2.809521169765196e-05
1.125305991524141e-06,-4.386888530488126e-05
1.125309588099661e-06,-5.39070744440768e-05
1.125313521829648e-06,-9.21749263116152e-05
1.125315572526054e-06,-0.0001074198241820699
1.125317747679566e-06,-0.0001249501552562804
1.125319787551401e-06,-0.0001220554412298395
1.125322253548988e-06,-0.000133136821799841
1.125323469362646e-06,-0.0001241208868824821
1.125324724305995e-06,-0.0001109926639826457
1.125325912392788e-06,-0.0001165643673053557
1.12532674735891e-06,-0.0001324620189351372
1.125327598889684e-06,-0.0001370632956471507
1.125329020286956e-06,-0.0001370815160146895
1.12533011823843e-06,-0.0001282764030050538
1.125331391644805e-06,-0.000123076166670751
1.125332899283326e-06,-0.0001130320740816051
1.125335090994402e-06,-0.0001097600926005272
1.125337428011331e-06,-0.0001147173739605738
1.125340263458765e-06,-0.0001295762670916335
1.125343224019459e-06,-0.0001244182220826096
1.125345647836352e-06,-0.000114118341179843
1.125348749839762e-06,-9.670976041089487e-05
1.125351949856042e-06,-8.869113523777167e-05
1.125354816139118e-06,-8.112771600919693e-05
1.12535814154404e-06,-7.899776566522895e-05
1.125362651101868e-06,-7.400176504087344e-05
1.125368601769617e-06,-7.456805485271072e-05
1.125377379133783e-06,-8.116985008928237e-05
1.125387109145418e-06,-0.0001535389478815443
1.125396998450056e-06,-0.0002980646137954184
1.125405258924563e-06,-0.0003856627333797299
1.125412739526094e-06,-0.0004733971477174401
1.125418833296112e-06,-0.0005168698794130258
1.125425763952477e-06,-0.0005550293821448928
1.125433454904509e-06,-0.0005655798564679424
1.125442126746912e-06,-0.0005639934103936556
1.125448563432787e-06,-0.0005220698335543748
1.125455388978341e-06,-0.0004304296940038087
1.125461520905521e-06,-0.0003485374567864736
1.125466784256985e-06,-0.0003064471594968185
1.125471616312833e-06,-0.0002667140660939363
1.125477372567771e-06,-0.0002252094185812573
1.125482360640958e-06,-0.0001843161122362981
1.125487379317896e-06,-0.0001537249358225643
1.125492458466639e-06,-0.0001242035796736889
1.125496229233319e-06,-0.0001111477197046951
1.1255e-06,-9.62578531469341e-05
1.125505583148197e-06,-8.150810523114996e-05
1.12551153916584e-06,-6.840449297924502e-05
1.125517808924289e-06,-5.727891015663061e-05
1.125530348441188e-06,-3.997955530411499e-05
1.125544394081573e-06,-2.63091433885402e-05
1.125569429162979e-06,-1.182266478672094e-05
1.125596393413236e-06,-5.068813774903356e-06
1.125628099505719e-06,-2.34307377537547e-06
1.125664918184321e-06,-1.308827460643753e-06
1.125715323864815e-06,-1.239634783602592e-06
1.125788823306716e-06,-1.069773090267839e-06
1.125906285395504e-06,-1.219453765661715e-06
1.126073316594991e-06,-1.053888878442617e-06
1.126339020877631e-06,-1.199542264026785e-06
1.126705695548274e-06,-1.040033554678946e-06
1.127232307037726e-06,-1.189090688027787e-06
1.127986765779595e-06,-1.032900636967252e-06
1.12908484382706e-06,-1.183787822416062e-06
1.13e-06,-1.029849442172509e-06
1.130046517652589e-06,-6.703488264515082e-07
1.130114566935166e-06,-6.831553527463377e-07
1.130142811471555e-06,-6.778473065004912e-07
1.130199300544334e-06,-9.662045395072029e-07
1.130223280034087e-06,-1.502548749900277e-06
1.130238652921094e-06,-1.778285405369852e-06
1.130258394338361e-06,-1.862692502344623e-06
1.130273236299532e-06,-1.910867133505108e-06
1.130292460923213e-06,-2.037992227710686e-06
1.13029839267091e-06,-1.981374645485448e-06
1.13030658997439e-06,-1.739982784004437e-06
1.130315102112354e-06,-1.227264220602426e-06
1.130322101136253e-06,-8.554838667369375e-07
1.130330910246107e-06,-7.260108879799309e-07
1.130338324257662e-06,-7.378858389167551e-07
1.130345713712303e-06,-6.969609194810776e-07
1.130359718177554e-06,-7.095184107639032e-07
1.130387727108056e-06,-6.77945111233853e-07
1.130439706667698e-06,-7.001286411968644e-07
1.1305e-06,-7.098573712647834e-07
1.13051648519095e-06,-9.605246081143713e-07
1.130540811885895e-06,-1.027554493757009e-06
1.130563254983532e-06,-1.015591522772816e-06
1.130608141178806e-06,-9.837381006958422e-07
1.130647112614887e-06,-9.566663904759283e-07
1.130725055487048e-06,-9.037642426714309e-07
1.130880941231371e-06,-9.916054672169069e-07
1.130915740892032e-06,-1.3845504460436e-06
1.130933140722363e-06,-1.692859947137751e-06
1.130957030660129e-06,-2.066741028610794e-06
1.130982402803418e-06,-2.205557184538055e-06
1.131004284955901e-06,-2.416041614887953e-06
1.131026562021192e-06,-4.422576113460132e-06
1.131032712418398e-06,-5.898238658590951e-06
1.131038155978218e-06,-6.831095539023859e-06
1.131043470021237e-06,-7.679781254820894e-06
1.131049721638276e-06,-7.747754401770737e-06
1.131055021337871e-06,-7.340697549892095e-06
1.131059675775672e-06,-5.055544178508903e-06
1.131062959401463e-06,-4.437451278691631e-06
1.131064589081295e-06,-3.779966696511912e-06
1.131067848440958e-06,-4.011616100254162e-06
1.131071160827998e-06,-3.473025152212753e-06
1.131076543775431e-06,-3.732739857337561e-06
1.131084671912848e-06,-2.925596945727445e-06
1.131098658463538e-06,-2.104267186242304e-06
1.131110185853092e-06,-9.976916782487362e-07
1.131115949547869e-06,-1.34597688886764e-06
1.131127476937423e-06,-8.538703084101832e-07
1.131139123980731e-06,-1.279704566693585e-06
1.131161642947559e-06,-8.341673645613372e-07
1.131200139316232e-06,-1.27613268210376e-06
1.131242343362152e-06,-8.449785824406298e-07
1.131294071501508e-06,-1.290780486951003e-06
1.131366398927381e-06,-8.647894659263916e-07
1.131509106495701e-06,-1.321316068452939e-06
1.131549874584495e-06,-8.837950209774749e-07
1.131631410762082e-06,-1.324312120124488e-06
1.131739147567956e-06,-8.853893483129425e-07
1.131912739745095e-06,-1.324835485566601e-06
1.132186372251767e-06,-8.852033491557825e-07
1.132635111183904e-06,-1.324548611951142e-06
1.133532589048176e-06,-8.847382882878288e-07
1.135e-06,-1.323895043821253e-06
1.135062570759554e-06,1.55931071811218e-06
1.135150239115856e-06,1.387431077622374e-06
1.135175210586949e-06,7.093147706485223e-07
1.135187696322496e-06,-1.701835203390418e-07
1.135212667793588e-06,-4.221148896423405e-06
1.135240509361425e-06,-1.358675326456982e-05
1.135250125000227e-06,-1.849166674658432e-05
1.135252625000227e-06,-6.199837490743253e-05
1.135255179185464e-06,-4.557849816615392e-05
1.135257008109434e-06,-0.0001845872639198484
1.135258430209388e-06,-0.0001593816090699983
1.135259277604808e-06,-0.0002735596429958299
1.135260125000227e-06,-0.0002303381528609487
1.135260404843565e-06,-0.0001994401573070318
1.135260829566876e-06,-0.0001909275108532872
1.135261221523116e-06,-0.0001851330095225049
1.135261942257004e-06,-0.0001806138997804233
1.135262871325781e-06,-0.0001833226703463581
1.135263816949459e-06,-0.0001878192261625892
1.135264847463959e-06,-0.0001945026358273972
1.135265900398963e-06,-0.000199321949399833
1.135267114268666e-06,-0.0002009961103302964
1.135268434784942e-06,-0.0001933659584307867
1.135269726114527e-06,-0.000207909835875734
1.135270784972979e-06,-0.0001848367886296287
1.135271664788796e-06,-0.0001759620816686037
1.135272323341061e-06,-0.0001604869712202354
1.135273021498878e-06,-0.0001599549234632541
1.135273728078065e-06,-0.0001483291508143913
1.135274655329971e-06,-0.000149274261297273
1.135275795846603e-06,-0.0001353591551392936
1.135276862551045e-06,-0.0001372693603374825
1.135278037867604e-06,-0.0001262505359028566
1.135279468829573e-06,-0.0001300223788913719
1.1352808904344e-06,-0.0001196214095643786
1.135282266141704e-06,-0.0001239002762841263
1.13528320030281e-06,-0.0001157561852708908
1.135284353276949e-06,-0.0001259057097979993
1.135285295527635e-06,-0.0001221190819703247
1.135286504840443e-06,-0.0001317488646805332
1.13528823387295e-06,-0.000126226510891389
1.135289547527441e-06,-0.0001357663744790483
1.135291211880902e-06,-0.0001343837953576129
1.135293387941519e-06,-0.0001536494461879534
1.13529582806523e-06,-0.0001710055251583102
1.135298390977278e-06,-0.0002166630806293597
1.13530077042996e-06,-0.0002566243418855029
1.135303176686423e-06,-0.0003222268126375505
1.135305855074089e-06,-0.0003946652972460836
1.135308736068652e-06,-0.0005022784149145689
1.135311909905065e-06,-0.0006204404402646684
1.135314199988907e-06,-0.0007237169489138398
1.135316523288905e-06,-0.0008167599740546289
1.135318091923671e-06,-0.0008940766011067787
1.135319258909429e-06,-0.0009377915313932813
1.135320495384294e-06,-0.000992099439289673
1.13532172105413e-06,-0.001027504250843823
1.135322766667601e-06,-0.001065094887089297
1.135323699171341e-06,-0.001086926778300937
1.135325101426528e-06,-0.00113669602933827
1.135326117644599e-06,-0.001159737353465029
1.135327098730146e-06,-0.001188748971115908
1.135327817765836e-06,-0.00120071072220925
1.135328585365294e-06,-0.001221348162447932
1.135329342847269e-06,-0.001232513573414516
1.135330329407314e-06,-0.001256347015291126
1.135331596122836e-06,-0.001275941136494413
1.135332716404388e-06,-0.001301308177844346
1.135333977236078e-06,-0.001320710953597403
1.135335518046565e-06,-0.001354891894056762
1.135337608889331e-06,-0.001393273548999268
1.135340685996945e-06,-0.001471296211590819
1.135344173234838e-06,-0.001564676033588458
1.135347615230506e-06,-0.001674467151677642
1.135352350981278e-06,-0.001780976226184621
1.135355777085213e-06,-0.001824480290446221
1.135360390897449e-06,-0.00181202234725154
1.135365595174162e-06,-0.00174029103852239
1.135370791645175e-06,-0.001601674092848524
1.13537628275946e-06,-0.001388740465865986
1.135382020910273e-06,-0.001002725306800277
1.135386756976735e-06,-0.0006955988451406238
1.135391340348371e-06,-0.0004622787550556858
1.135396302838661e-06,-0.0003799387810357399
1.135401004603916e-06,-0.000372210102539773
1.135405938924143e-06,-0.0004508973696137112
1.135412005852833e-06,-0.0005288990712959015
1.135417128501145e-06,-0.0005956360903477401
1.13542305749287e-06,-0.0006111767283429702
1.135430410038928e-06,-0.0006108590746120219
1.13544022148344e-06,-0.0005298251495278485
1.135449919700808e-06,-0.0004284285490888221
1.135461082755037e-06,-0.0002309448091159521
1.135471864614605e-06,-2.247595374432898e-05
1.135478795258639e-06,9.271742133544849e-05
1.135485870110955e-06,0.0001476877614838839
1.135493660449668e-06,0.0001801346200164271
1.1355e-06,0.0001692498070809749
1.13550744286201e-06,0.0001541795055740083
1.135515441305908e-06,0.0001356736277954211
1.135523465386991e-06,0.0001136092177652753
1.135537160714332e-06,8.190279266766824e-05
1.13555247283741e-06,5.472248365543916e-05
1.135576284612482e-06,2.850140597882639e-05
1.135606034865467e-06,1.172866634730812e-05
1.135647034824112e-06,2.699397402683099e-06
1.135695790277823e-06,-3.817451519422279e-07
1.135762169124091e-06,-1.128382303703671e-06
1.135854645416503e-06,-1.17702666786494e-06
1.136021596405119e-06,-1.159308987557683e-06
1.136312440929843e-06,-1.131022630386264e-06
1.13674854361722e-06,-1.133959573621091e-06
1.137349817501126e-06,-1.109036353399831e-06
1.138198201631171e-06,-1.122668054759988e-06
1.139099100815586e-06,-1.099864008693418e-06
1.14e-06,-1.119103456780761e-06
1.14003125e-06,-1.266246694614114e-06
1.14008344693934e-06,-1.285968170394591e-06
1.14018784081802e-06,-1.496387274616208e-06
1.140226860715767e-06,-2.800535540859447e-06
1.140242493243062e-06,-3.553758643738353e-06
1.140256394659801e-06,-4.241063138586424e-06
1.14026986030476e-06,-4.891625403165856e-06
1.140274079820041e-06,-5.245100687346034e-06
1.140282518850602e-06,-6.215523580027186e-06
1.140288710601037e-06,-7.543642265113302e-06
1.14029426260077e-06,-1.050313723204927e-05
1.140296833432712e-06,-1.666393530701486e-05
1.140298819038746e-06,-2.09892195014373e-05
1.14030112975011e-06,-2.933298111331464e-05
1.140303263221865e-06,-3.371130581842964e-05
1.140306163934327e-06,-4.720424399545749e-05
1.140307231111549e-06,-5.245591816343291e-05
1.140308095583357e-06,-5.379937843231585e-05
1.140308950302766e-06,-5.390480638475676e-05
1.140310192185328e-06,-5.012117795211572e-05
1.140311226640412e-06,-4.444069546698794e-05
1.140312120016986e-06,-3.718559022173331e-05
1.140312858763069e-06,-3.032164576282781e-05
1.140313711973988e-06,-2.171380281430472e-05
1.140314561897015e-06,-1.692629089692489e-05
1.140315426694968e-06,-1.247561031313522e-05
1.140316286763151e-06,-1.090426125755595e-05
1.140317340082101e-06,-8.021132674078885e-06
1.140318995264113e-06,-7.094208709052741e-06
1.140321494787653e-06,-5.001524917015385e-06
1.140324534347525e-06,-5.480358415572311e-06
1.14032859976054e-06,-4.603831749470463e-06
1.140334537037121e-06,-5.881300053289877e-06
1.140343146370435e-06,-5.802347472707642e-06
1.140354722611641e-06,-7.975164472701181e-06
1.140373141764237e-06,-9.401142967703272e-06
1.140409285267886e-06,-1.514874237512522e-05
1.140454642633943e-06,-1.787961979867855e-05
1.140477321316972e-06,-1.703496714983994e-05
1.1405e-06,-1.18846044440709e-05
1.140509807923932e-06,-1.002079247475944e-05
1.140523575847411e-06,-7.54402370385668e-06
1.140536558533826e-06,-5.824884475230503e-06
1.140562523906655e-06,-3.552948463348012e-06
1.140590395006913e-06,-2.332934068942669e-06
1.140628916059067e-06,-1.584746460054042e-06
1.140677262682399e-06,-1.284275137658646e-06
1.140756858082553e-06,-1.13703221429637e-06
1.140882134773779e-06,-1.114449094485928e-06
1.141002092551171e-06,-1.101086031223724e-06
1.141120327217427e-06,-1.113058284096287e-06
1.141273145359493e-06,-1.100667513027003e-06
1.141578781643625e-06,-1.112756998779417e-06
1.142190054211888e-06,-1.099786721845792e-06
1.143412599348414e-06,-1.111589313534332e-06
1.145e-06,-1.098322632717701e-06
1.145064885333515e-06,-2.137481652196533e-06
1.14515470255313e-06,-2.242909290140916e-06
1.145197320084319e-06,-4.170848974380827e-06
1.145218628849913e-06,-4.756580277808264e-06
1.145232657069985e-06,-2.181979245184782e-06
1.145246709254344e-06,7.910495038771691e-06
1.14526095801634e-06,1.808373430932629e-05
1.145276838465667e-06,2.071013563188154e-05
1.145282472496694e-06,9.06500335654689e-06
1.145286705877347e-06,3.219962783132378e-06
1.145292354051852e-06,-4.842933134463322e-06
1.145296657912571e-06,-5.327012637915145e-06
1.145299522147897e-06,-1.546187869679476e-05
1.145302661903673e-06,-2.02258729714297e-05
1.145305993219457e-06,-3.197100607454097e-05
1.145309589479959e-06,-3.795559548937019e-05
1.145313524283924e-06,-6.1117562384667e-05
1.145315575559649e-06,-6.853989137555102e-05
1.145317750489411e-06,-7.976341338192907e-05
1.145319791308417e-06,-7.736160152608723e-05
1.145322256154275e-06,-8.513795931932239e-05
1.145323472147929e-06,-7.973706808483567e-05
1.145324726511888e-06,-7.565148686533121e-05
1.145325916187505e-06,-7.806584351403326e-05
1.145326750613669e-06,-8.816231723912057e-05
1.145327602924365e-06,-8.992280698126164e-05
1.145329030285317e-06,-9.290649902778956e-05
1.145330128222182e-06,-8.868863683202281e-05
1.14533140334536e-06,-8.916745424730639e-05
1.145332912937926e-06,-8.504641763901251e-05
1.145335107160244e-06,-8.917708610423944e-05
1.145337444932027e-06,-9.46982016830242e-05
1.145340303580584e-06,-0.0001080035190265451
1.145343157617406e-06,-0.0001015108119377359
1.145345579742484e-06,-9.061936962384526e-05
1.145348669249402e-06,-7.247133380727107e-05
1.145351855841293e-06,-6.680363185905719e-05
1.1453547229505e-06,-5.898728306513802e-05
1.145358032705432e-06,-5.718166324771014e-05
1.14536250938769e-06,-5.00314097472715e-05
1.145368408489015e-06,-4.88565195652116e-05
1.145377078517028e-06,-4.768530132837217e-05
1.14538684625669e-06,-7.599041478334447e-05
1.145396768643675e-06,-0.0001309609879227455
1.145405746600926e-06,-0.0001867307085456291
1.145415446708677e-06,-0.0002580360340072621
1.145423959312778e-06,-0.000315589347724688
1.145430927340958e-06,-0.0003395872379992158
1.145441011859186e-06,-0.0003607561369996431
1.145450868661766e-06,-0.0003529021419473436
1.145458235751849e-06,-0.0003314516812979246
1.145465411010412e-06,-0.0002675058525376029
1.145472696683129e-06,-0.0001924877111237346
1.145477810764267e-06,-0.0001412022997772277
1.145482421727856e-06,-0.0001126357112775397
1.145487277160135e-06,-8.45077872772774e-05
1.145492808828917e-06,-6.986968629936329e-05
1.145496404414459e-06,-5.809729142838202e-05
1.1455e-06,-5.548055413471297e-05
1.145505273845802e-06,-4.430536419153019e-05
1.145510638389526e-06,-3.799434740640857e-05
1.145516650162501e-06,-3.232577054820578e-05
1.145528673708449e-06,-2.327323768347628e-05
1.145542830068701e-06,-1.557231204549472e-05
1.145567619881844e-06,-7.336669485371876e-06
1.145594527489994e-06,-3.440526293536313e-06
1.145625823222829e-06,-1.811127115418457e-06
1.145662132652834e-06,-1.239232930949338e-06
1.145711413805542e-06,-1.159795831075249e-06
1.14578302577221e-06,-1.101650734969389e-06
1.145894228364126e-06,-1.153270610300152e-06
1.14604856608078e-06,-1.094918690363809e-06
1.146286264238572e-06,-1.141457101817661e-06
1.146638351549057e-06,-1.08619298414269e-06
1.147139590535108e-06,-1.134688310741774e-06
1.147855272638304e-06,-1.081557382542273e-06
1.148888033229611e-06,-1.131264101500896e-06
1.15e-06,-1.079364606681835e-06
1.150050727975683e-06,-6.720125723472492e-07
1.150122823788916e-06,-6.848063257916255e-07
1.150154790996593e-06,-6.746583076066363e-07
1.150170774600431e-06,-6.855634652517255e-07
1.150202741808107e-06,-1.005698111495809e-06
1.150220787547202e-06,-1.435826335320204e-06
1.150235684696874e-06,-1.732086602868432e-06
1.150253865400899e-06,-1.860713511913784e-06
1.150268293736971e-06,-1.875164692007446e-06
1.150292167162526e-06,-2.045439714513441e-06
1.150297655795576e-06,-1.997747794090801e-06
1.150308633061675e-06,-1.666329013988765e-06
1.150317323741102e-06,-1.060761357296509e-06
1.150324462114869e-06,-8.086626455230658e-07
1.150327158199198e-06,-7.442403455411836e-07
1.150332550367857e-06,-7.578491759428075e-07
1.150338841384938e-06,-6.989907419965607e-07
1.150351423419101e-06,-7.18265280386321e-07
1.150376587487427e-06,-6.650396456649856e-07
1.15042691562408e-06,-6.932587011046535e-07
1.1505e-06,-6.745263542930273e-07
1.150516705249544e-06,-9.328481142626258e-07
1.150543067641195e-06,-9.943024898595673e-07
1.150567832127804e-06,-9.721234824412938e-07
1.150617361101022e-06,-9.339771013348028e-07
1.15065894741534e-06,-9.08514907968824e-07
1.150742120043976e-06,-8.597008205294496e-07
1.150839855722206e-06,-1.054564400694202e-06
1.150871268295412e-06,-1.480457950149772e-06
1.150886974582015e-06,-1.75300962409083e-06
1.150918387155221e-06,-2.149046012524836e-06
1.150941400726843e-06,-2.275481764970815e-06
1.150964990864491e-06,-2.707741554594799e-06
1.150971658280537e-06,-3.547276695721936e-06
1.150977120913369e-06,-4.674207852528176e-06
1.150981882674361e-06,-5.778118784541096e-06
1.150986891021276e-06,-6.772884384082535e-06
1.150992204134591e-06,-7.570043570097271e-06
1.150998452920792e-06,-7.857389576821048e-06
1.151003852457222e-06,-7.523583935490331e-06
1.151007191138667e-06,-6.227510139577447e-06
1.151010625072671e-06,-4.844894759222425e-06
1.151014164542447e-06,-3.919520901027218e-06
1.151017809642972e-06,-3.853418285923315e-06
1.151021207044185e-06,-3.631376211828239e-06
1.15102559401041e-06,-3.587835304152294e-06
1.151034367942862e-06,-3.103225675696968e-06
1.1510477207441e-06,-1.985822606523991e-06
1.151059349082465e-06,-1.183387467144854e-06
1.151065163251648e-06,-1.173807360874804e-06
1.151076791590013e-06,-1.028636476312405e-06
1.151088252707625e-06,-1.1032848750831e-06
1.151110092739618e-06,-1.008672926153443e-06
1.151148144754328e-06,-1.099118631780217e-06
1.151190113395235e-06,-1.01923840238707e-06
1.151241545562188e-06,-1.11369160649748e-06
1.15131280240347e-06,-1.038921313303082e-06
1.151452109985867e-06,-1.144063231171236e-06
1.15149360561325e-06,-1.058296903692453e-06
1.151576596868017e-06,-1.147447564538075e-06
1.151683999416161e-06,-1.060235344963241e-06
1.151853375227416e-06,-1.147932290065226e-06
1.152106445895541e-06,-1.060173259823062e-06
1.152567595793925e-06,-1.147749132476134e-06
1.153489895590694e-06,-1.059822334347943e-06
1.155e-06,-1.147271670459831e-06
1.155063403990746e-06,2.116794837820274e-06
1.15515184892742e-06,1.897879513056257e-06
1.155176417945622e-06,9.314256652966711e-07
1.155188702454723e-06,-2.339489285483269e-07
1.155213271472925e-06,-5.366124235816884e-06
1.1552406460056e-06,-1.591840084597266e-05
1.155250125000227e-06,-2.104686348077712e-05
1.155252625000227e-06,3.425410158513217e-05
1.155255156667279e-06,-3.08444323459401e-05
1.155256972076095e-06,-2.588563560723788e-06
1.15525868041723e-06,-6.775452124016984e-05
1.155259402708729e-06,-2.921380977429613e-05
1.155260125000227e-06,-8.728027632739322e-05
1.155260435458827e-06,-7.919535967558633e-05
1.155260832071084e-06,-7.957046773508687e-05
1.155261202454136e-06,-7.951473168914007e-05
1.155261903301856e-06,-7.997517564210465e-05
1.155262998091624e-06,-7.799168885686342e-05
1.155264152065746e-06,-7.514778583339348e-05
1.155265349356545e-06,-7.27485362400856e-05
1.155266539765286e-06,-7.50325307030512e-05
1.155267767144233e-06,-7.401967448659648e-05
1.1552692221028e-06,-6.921323482954602e-05
1.155270683744542e-06,-6.24197160977956e-05
1.155272801388351e-06,-5.42203882789463e-05
1.15527444140698e-06,-5.062617892242947e-05
1.155276308090518e-06,-4.892158914171834e-05
1.155278221608481e-06,-4.939200888359965e-05
1.155279726147775e-06,-5.008747057422845e-05
1.155281312213841e-06,-4.976879808806856e-05
1.155282693896006e-06,-5.030357091624787e-05
1.155283535424488e-06,-5.255311909215211e-05
1.155284608840554e-06,-5.868139452065929e-05
1.155285593608378e-06,-6.348231848202241e-05
1.155287218468741e-06,-6.913141099541426e-05
1.155288577734305e-06,-7.236002540879435e-05
1.155290087923548e-06,-7.695237471539689e-05
1.155291967708201e-06,-8.407816255467151e-05
1.155294342380201e-06,-9.961815448800179e-05
1.155296765565921e-06,-0.0001279519001498211
1.155299735786206e-06,-0.0001798533951210892
1.155302476212809e-06,-0.0002454156158574436
1.155304961989964e-06,-0.0003205870127551545
1.155308158327065e-06,-0.0004374342510454123
1.155311375128702e-06,-0.0005725027464964079
1.155313822805962e-06,-0.00068210476912792
1.155316091379223e-06,-0.0007846645808912231
1.155317915965797e-06,-0.0008707825147707409
1.155319151263886e-06,-0.0009273439714475936
1.155320479891186e-06,-0.0009802761400865881
1.155321663574631e-06,-0.001021384543731923
1.155322774442374e-06,-0.001053636644772576
1.155323698306447e-06,-0.001083449185949571
1.155325084295024e-06,-0.001128355079893286
1.155326107081861e-06,-0.001156295139629728
1.15532708428361e-06,-0.001173538104834111
1.155327807207183e-06,-0.001189813594043583
1.155328578347582e-06,-0.001198647321672036
1.155329333422131e-06,-0.001212054380801249
1.15533031351892e-06,-0.001220146703298035
1.155331579331414e-06,-0.001232910942014219
1.155332697819722e-06,-0.001236020917664886
1.155333955426083e-06,-0.00124191076964039
1.155335487968288e-06,-0.001238467081615488
1.155337565475866e-06,-0.001233097390124336
1.155340615465252e-06,-0.001209391462953452
1.155344113711431e-06,-0.001179756131160821
1.155347547290633e-06,-0.001142601596900833
1.155352227989099e-06,-0.001091244863619047
1.155355661982214e-06,-0.001040961406318514
1.155360162519378e-06,-0.0009733993935127322
1.155365376051217e-06,-0.0008872535541241129
1.15537057049029e-06,-0.0008072960530809793
1.15537605218288e-06,-0.0007212853868436992
1.155382333687203e-06,-0.0006366971180374303
1.155390446642357e-06,-0.0005845982501754051
1.15539945094921e-06,-0.0006974601504638014
1.155407063167821e-06,-0.0009266322276839177
1.155412324742134e-06,-0.001066519717204721
1.155417544007879e-06,-0.001150168184517306
1.155425235001048e-06,-0.001166319024243482
1.155431132121071e-06,-0.001110448661456083
1.155437725727594e-06,-0.0009901664701846434
1.155444891378038e-06,-0.0007868929660748965
1.155452936675018e-06,-0.0004499672132762335
1.155459607517641e-06,-0.0001797895530533502
1.155464471865892e-06,-2.121708482923689e-05
1.155472578637396e-06,0.0001428989232156127
1.155478484676956e-06,0.0002068201804193954
1.155483881692146e-06,0.0002305263160379231
1.155491602362713e-06,0.0002396367877288881
1.155495801181357e-06,0.0002295967669516733
1.1555e-06,0.0002194196081027811
1.155505071560175e-06,0.0001998260413896175
1.155509818362751e-06,0.0001838127400314015
1.155515888259509e-06,0.0001620834510464654
1.15552711023297e-06,0.0001253215988403407
1.155542345684022e-06,8.538472954629055e-05
1.155562887663316e-06,4.930356713523492e-05
1.155588027949766e-06,2.441894970473967e-05
1.155622835036155e-06,8.226344966418645e-06
1.155662082692055e-06,1.927810582177576e-06
1.155716708320024e-06,-8.209479251049171e-07
1.155782804979542e-06,-1.006102028082983e-06
1.155903150394486e-06,-1.311693871796242e-06
1.156058588857881e-06,-9.959795580454383e-07
1.156369465784671e-06,-1.282714838851111e-06
1.156823442918311e-06,-9.700097485107202e-07
1.157473946079876e-06,-1.267637570973348e-06
1.158374933029109e-06,-9.583742403682295e-07
1.159187466514555e-06,-1.262303981114822e-06
1.16e-06,-9.539804111885049e-07
1.16003125e-06,-1.271648027676113e-06
1.16008344693934e-06,-1.281097470179005e-06
1.160186704423133e-06,-1.484502937037473e-06
1.160225866370241e-06,-2.747554673951974e-06
1.160241389469481e-06,-3.501901586667539e-06
1.160254991218933e-06,-4.1891419996681e-06
1.160268319961164e-06,-4.802142672036354e-06
1.1602728791018e-06,-5.140151046057503e-06
1.160281997383072e-06,-6.130220690473682e-06
1.16028851425716e-06,-7.484186778196669e-06
1.160294142518096e-06,-1.031981759932988e-05
1.160296853729541e-06,-1.674822914613897e-05
1.160298858908658e-06,-2.10851773149419e-05
1.160301196999065e-06,-2.957046840511608e-05
1.160303335092357e-06,-3.384703197627042e-05
1.160306244193578e-06,-4.780696231414584e-05
1.160307302835217e-06,-5.255628627499048e-05
1.16030819004617e-06,-5.393076910406653e-05
1.160309053746714e-06,-5.365854484189775e-05
1.160310287984772e-06,-4.972884823067451e-05
1.160311310183133e-06,-4.374354175674545e-05
1.16031218146737e-06,-3.665202415094608e-05
1.160312919383921e-06,-2.951247235255485e-05
1.160313786169135e-06,-2.119008262617114e-05
1.160314551428122e-06,-1.684514566101735e-05
1.160315408161837e-06,-1.272264256927529e-05
1.160316255394794e-06,-1.072310708992473e-05
1.160317373513316e-06,-8.201240659392803e-06
1.160318881836632e-06,-6.937490930070446e-06
1.160321383750814e-06,-5.278606095374065e-06
1.160324369481057e-06,-5.234369299710814e-06
1.16032843617609e-06,-4.850858734222635e-06
1.160334228016005e-06,-5.598036960171725e-06
1.160342780074445e-06,-6.020190135202376e-06
1.160354146933965e-06,-7.6482894866448e-06
1.160372258612298e-06,-9.540869357028452e-06
1.160406852192428e-06,-1.457273149460776e-05
1.160453426096214e-06,-1.814321560450669e-05
1.160476713048107e-06,-1.687264523679478e-05
1.1605e-06,-1.20870788874135e-05
1.16050986508481e-06,-1.001055403329361e-05
1.160523832246775e-06,-7.523254165596068e-06
1.160536983921543e-06,-5.786938519730864e-06
1.160563287271079e-06,-3.512414614703416e-06
1.160591209339522e-06,-2.310698316805612e-06
1.160629920302917e-06,-1.574685893594108e-06
1.160678489688678e-06,-1.279645694179695e-06
1.160759053740276e-06,-1.135533305529441e-06
1.160886349956959e-06,-1.112812198082099e-06
1.161005297241103e-06,-1.101386668093018e-06
1.161124235313409e-06,-1.111906526739257e-06
1.161278535748096e-06,-1.100836406456636e-06
1.161587136617472e-06,-1.111768559238947e-06
1.162204338356222e-06,-1.099992619913664e-06
1.163438741833723e-06,-1.110766653373689e-06
1.165e-06,-1.098688698973018e-06
1.165064388140348e-06,-2.114821110761584e-06
1.165153745947112e-06,-2.184023683090363e-06
1.165195912263584e-06,-3.728085686125226e-06
1.16521699542182e-06,-4.184885098276547e-06
1.165230859808198e-06,-1.463401280804438e-06
1.165245080892545e-06,7.821644925611311e-06
1.165259672277063e-06,1.960525985339819e-05
1.165274923506763e-06,2.333869652007038e-05
1.16528106083198e-06,1.521986100066548e-05
1.165285308834862e-06,7.04024584322072e-06
1.165289629933259e-06,5.275474865430265e-07
1.165294029808164e-06,-1.319614226059676e-06
1.165297395234206e-06,-8.15307179742541e-06
1.165300987362619e-06,-1.986948504402687e-05
1.165303914796613e-06,-3.024455425225011e-05
1.165308005068158e-06,-4.193866051824441e-05
1.165311524897614e-06,-5.849054439882934e-05
1.165313543361582e-06,-7.516835945722475e-05
1.165315274157728e-06,-8.870311375221307e-05
1.165317062509088e-06,-9.827382805243665e-05
1.1653192148781e-06,-0.0001021893874753872
1.165321691954649e-06,-0.0001044076900864374
1.165322912159666e-06,-0.0001099458545908288
1.165324309117053e-06,-9.245386763885459e-05
1.165325343650875e-06,-9.541846814943878e-05
1.165326425800752e-06,-0.0001016678280646541
1.165327204880439e-06,-0.0001156178406753009
1.165328220493353e-06,-0.0001122185274062062
1.165329523331589e-06,-0.0001150572669247992
1.16533066388287e-06,-0.00010448597672598
1.165332016410018e-06,-0.0001060243043702184
1.165333776137227e-06,-9.568730857084437e-05
1.165336061111426e-06,-0.0001035038663990724
1.165338473389522e-06,-0.0001077955900058807
1.165341493921113e-06,-0.0001219897172296004
1.165344034382683e-06,-0.0001083361403966372
1.165346664193305e-06,-9.931620569513799e-05
1.165349665019186e-06,-8.111293089626761e-05
1.165352806289393e-06,-7.838990675976863e-05
1.165355711834801e-06,-6.810213703856967e-05
1.165359490063068e-06,-6.882969749361583e-05
1.165364336885168e-06,-5.99397929556314e-05
1.165370978266343e-06,-6.357832086127754e-05
1.16538069332377e-06,-7.209705310784688e-05
1.165390204862591e-06,-0.0001459147799368567
1.165399542558054e-06,-0.0002337383092370524
1.165407813235113e-06,-0.0003007396796520606
1.165415499403954e-06,-0.0003662063616289095
1.165421774494018e-06,-0.0004007439288632979
1.165429212858641e-06,-0.0004302451179464476
1.165436270331559e-06,-0.0004373699030791858
1.165444050841317e-06,-0.0004342086198542787
1.16545267326416e-06,-0.0003845435261093673
1.16545886246919e-06,-0.0003425528484543986
1.165465034163931e-06,-0.0002872614440866115
1.165471052362727e-06,-0.0002289181388719358
1.1654762724577e-06,-0.0001765927623418025
1.165480516890957e-06,-0.0001475366863555226
1.165485361215813e-06,-0.0001168555981589082
1.165490718191339e-06,-9.778757658914205e-05
1.165495296560594e-06,-8.203353849476556e-05
1.1655e-06,-7.422195011327897e-05
1.165505393559805e-06,-6.165161588867733e-05
1.165511102649846e-06,-5.28314422580864e-05
1.165517602961265e-06,-4.448862930854114e-05
1.165530603584103e-06,-3.097108859288619e-05
1.165545231948592e-06,-2.018376968584427e-05
1.165572271171251e-06,-8.581016129164451e-06
1.165599337277456e-06,-3.830958465322123e-06
1.165631734321608e-06,-1.942685538173243e-06
1.165669085964016e-06,-1.202413082720281e-06
1.165721828561439e-06,-1.220583511389875e-06
1.165798953070474e-06,-1.053684565902179e-06
1.165914591461793e-06,-1.215923590995656e-06
1.166073545514065e-06,-1.042212897682448e-06
1.166313870266292e-06,-1.202048225604351e-06
1.166682238297244e-06,-1.031011317465481e-06
1.167204677618736e-06,-1.193582962182704e-06
1.167950517507146e-06,-1.024982092195864e-06
1.169022332998049e-06,-1.189364060848806e-06
1.17e-06,-1.022388059610153e-06
1.17004789505812e-06,-6.750880427464894e-07
1.170117281107374e-06,-6.846198765599569e-07
1.170146734604008e-06,-6.801820458090169e-07
1.170205641597275e-06,-1.104556873860682e-06
1.170227045457623e-06,-1.599754506249302e-06
1.170241981610736e-06,-1.798623934528631e-06
1.170259976164493e-06,-1.873368649189941e-06
1.170275425198085e-06,-1.920547735568428e-06
1.170292514277693e-06,-2.043328017736534e-06
1.170299107811595e-06,-1.951431092214207e-06
1.170306474421255e-06,-1.75310654102554e-06
1.170314937759148e-06,-1.214405071907649e-06
1.17032179209228e-06,-8.748572491120627e-07
1.170330733624236e-06,-7.028838633634533e-07
1.170338182167655e-06,-7.461176796866498e-07
1.170345562720198e-06,-6.725812767559935e-07
1.170358958043722e-06,-7.137873075374073e-07
1.170385189222509e-06,-6.446933347410793e-07
1.170433438521647e-06,-6.77520021541158e-07
1.1705e-06,-6.455625737081617e-07
1.170514937067762e-06,-8.969097029383061e-07
1.170539815806655e-06,-9.540727520450598e-07
1.170563100897934e-06,-9.286116866127365e-07
1.170609671080492e-06,-8.964434623703802e-07
1.170650979498062e-06,-8.730491302520873e-07
1.170733596333202e-06,-8.489435861967883e-07
1.170763939649495e-06,-8.947756419784139e-07
1.170824626282082e-06,-1.582490321160224e-06
1.17084069947997e-06,-1.853208006864551e-06
1.170872845875746e-06,-2.15652936499642e-06
1.170895707528524e-06,-2.343971076335343e-06
1.170919030279384e-06,-3.260595211040918e-06
1.170927580610389e-06,-5.200626774469365e-06
1.170932755858402e-06,-6.131332363385703e-06
1.170938478837551e-06,-7.40005166732711e-06
1.1709452666031e-06,-7.77214841627912e-06
1.170950871513183e-06,-7.854950763017728e-06
1.170956123438112e-06,-6.074806288543221e-06
1.170959802484969e-06,-4.744546013023239e-06
1.170963496785032e-06,-3.766612687264605e-06
1.170967645896902e-06,-3.916202445472357e-06
1.170971081875985e-06,-3.498257994724178e-06
1.170976066703096e-06,-3.629093565795159e-06
1.170986036357318e-06,-2.761411948231213e-06
1.17099838119275e-06,-1.864920918008026e-06
1.171010458547242e-06,-9.974379153096706e-07
1.171021396046684e-06,-1.217451492777326e-06
1.171032795693225e-06,-9.365998303686172e-07
1.171046684631755e-06,-1.168430322480924e-06
1.171074462508816e-06,-9.395803990946227e-07
1.171112496968751e-06,-1.171385180078229e-06
1.17115847196101e-06,-9.532923505370306e-07
1.17121596447033e-06,-1.187946318534629e-06
1.171306873856271e-06,-9.776023195884169e-07
1.171488692628153e-06,-1.218584568717767e-06
1.171521436087159e-06,-9.91528379827421e-07
1.171586923005172e-06,-1.218286107562311e-06
1.171701102942077e-06,-9.9094864841396e-07
1.171929462815887e-06,-1.218037045140701e-06
1.172355848337482e-06,-9.907035581105298e-07
1.173199904572651e-06,-1.217662353695666e-06
1.174099952286325e-06,-9.902440084983303e-07
1.175e-06,-1.217293703219809e-06
1.175050201407045e-06,1.832932085281331e-06
1.175125897332996e-06,1.820714435630494e-06
1.175155604126669e-06,1.543113935486823e-06
1.175202864563448e-06,-2.470743618324613e-06
1.175223329265641e-06,-7.945458057192478e-06
1.175236727132934e-06,-1.319276653882954e-05
1.175250125000227e-06,-1.965839991425648e-05
1.175252625000227e-06,2.477495841247764e-06
1.175255146465539e-06,-3.471036736263257e-05
1.175256480190892e-06,-5.195758771405012e-05
1.175257548451923e-06,-7.980171032969497e-05
1.175258613770484e-06,-9.373795107708238e-05
1.175259369385355e-06,-0.0001172051033355141
1.175260125000228e-06,-0.0001283443603825824
1.175260393413186e-06,-0.0001186614745091996
1.175260790745089e-06,-0.0001163764477153617
1.175261159391916e-06,-0.0001143583234574964
1.1752618628893e-06,-0.0001130497279983969
1.175262798747553e-06,-0.0001128844589437536
1.175263742682012e-06,-0.0001129832658360609
1.175264796315632e-06,-0.0001133779262900239
1.175265823218269e-06,-0.0001149909961059009
1.175267039326311e-06,-0.0001172065855226119
1.175268332448035e-06,-0.000112433791490865
1.175269642503839e-06,-0.0001140474773066013
1.175270741640266e-06,-0.0001035706112632631
1.175271624343593e-06,-9.75878227025532e-05
1.175272300870521e-06,-9.084372687794932e-05
1.175273014928006e-06,-8.893191413913225e-05
1.175273709072404e-06,-8.401579744300082e-05
1.17527464751042e-06,-8.311545885371345e-05
1.175275782525505e-06,-7.779692416167851e-05
1.175276848443336e-06,-7.824611097634095e-05
1.175278016654889e-06,-7.486123959852295e-05
1.175279436984201e-06,-7.631214922740582e-05
1.175280815200012e-06,-7.259946999561982e-05
1.175282185782324e-06,-7.39759414558884e-05
1.17528299285964e-06,-7.237535712759862e-05
1.175284070477683e-06,-7.956983603340015e-05
1.175285007834853e-06,-8.154692226120947e-05
1.175286322672542e-06,-8.791168187300429e-05
1.175287797079268e-06,-8.810519136515031e-05
1.175289172230562e-06,-9.324456784125941e-05
1.175290842510402e-06,-9.597437727228889e-05
1.175293093901037e-06,-0.0001095436272878606
1.175295506186071e-06,-0.0001296524594582888
1.175298086170853e-06,-0.0001697045648544788
1.1753014151154e-06,-0.0002365296481904609
1.175303809077263e-06,-0.000304475581053523
1.17530698204221e-06,-0.0004110165100530818
1.175310054286399e-06,-0.0005367497954748788
1.175313003615039e-06,-0.000665637921774141
1.175315221117311e-06,-0.0007698108698928088
1.175317617885215e-06,-0.0008824493342011792
1.175319042857537e-06,-0.0009551017647234572
1.175320650658334e-06,-0.001021404901045854
1.175321830837219e-06,-0.001068255318333976
1.175322756330318e-06,-0.001095390004332244
1.17532367558247e-06,-0.001129688333030254
1.175324870903703e-06,-0.001169679250378187
1.175325946377879e-06,-0.001207693079279743
1.175326881717293e-06,-0.001225726285407914
1.175328028223784e-06,-0.001255257628402031
1.175328853171435e-06,-0.001266786544421798
1.175329631226714e-06,-0.001284942810117817
1.175330600286729e-06,-0.001295925701570026
1.175331879104008e-06,-0.001316841132128446
1.175332999427767e-06,-0.001325762622495853
1.175334292050695e-06,-0.00134234885970468
1.175335887153171e-06,-0.001350757385917003
1.175338094378261e-06,-0.001366993356169394
1.175341363991993e-06,-0.001376637241617627
1.175344873838235e-06,-0.001391011466113763
1.175348354808753e-06,-0.001394586044936733
1.175351652472011e-06,-0.001391687589144442
1.175354970907604e-06,-0.001365115933068567
1.175359437921626e-06,-0.001311516085285386
1.175364674457226e-06,-0.00121877991197535
1.175369946770813e-06,-0.001115719753812822
1.175375344588782e-06,-0.0009819557366085765
1.175381395122262e-06,-0.0007822338748197869
1.175386150203212e-06,-0.0006673608825939237
1.175390989366354e-06,-0.0006203365943623173
1.175396347413153e-06,-0.0006642501422151571
1.175401359350668e-06,-0.000771294297191774
1.175406834350141e-06,-0.0009407101872461061
1.175413344619964e-06,-0.001102455844981896
1.175418701515099e-06,-0.00117304269696882
1.175424874600276e-06,-0.001175137252526857
1.175433387060631e-06,-0.001083765845575876
1.175441925541225e-06,-0.0008896697069999462
1.175450676953259e-06,-0.0005595615809956581
1.17545807664252e-06,-0.0002421650115290605
1.175464472684906e-06,-2.195079562682546e-05
1.175470109047784e-06,9.777582263660734e-05
1.175476247718948e-06,0.000188538097639903
1.175481647826065e-06,0.0002202819988437502
1.175489047675134e-06,0.0002439323473061656
1.175495052345196e-06,0.0002302395208504546
1.1755e-06,0.0002233212861110561
1.175506385766022e-06,0.0001964025357335124
1.175513017192273e-06,0.0001740590029390295
1.17552006720811e-06,0.0001490826372493084
1.175534110688081e-06,0.000106707185058799
1.175550089544782e-06,7.044929445474934e-05
1.175573121174596e-06,3.761410871946227e-05
1.175601230466994e-06,1.674360849271075e-05
1.175639493298545e-06,4.629829077447035e-06
1.17568287037715e-06,4.827599663123667e-07
1.17574355625907e-06,-1.121245614682606e-06
1.17582114114617e-06,-1.067766373457883e-06
1.175959433282521e-06,-1.28236930397468e-06
1.176160615560491e-06,-1.022947568898305e-06
1.176555642582717e-06,-1.254924975211715e-06
1.177074582596919e-06,-9.956781506695925e-07
1.1778366890294e-06,-1.240776720179819e-06
1.178873814339109e-06,-9.84425442564596e-07
1.18e-06,-1.235130749169203e-06
1.18003125e-06,-1.266739123230852e-06
1.18008344693934e-06,-1.285914249270967e-06
1.18018784081802e-06,-1.496591044753003e-06
1.180226860715767e-06,-2.800744932598378e-06
1.180242487024861e-06,-3.55344153327137e-06
1.180256391373436e-06,-4.25791489155921e-06
1.180269858836026e-06,-4.884667719232524e-06
1.180274079644027e-06,-5.243939188719977e-06
1.180282521260028e-06,-6.214043186435445e-06
1.180288713660134e-06,-7.54373535855718e-06
1.180294265626014e-06,-1.0504275353111e-05
1.180296835727994e-06,-1.666542629664524e-05
1.180298821385247e-06,-2.09906642902903e-05
1.180301131790366e-06,-2.933114415678046e-05
1.180303265674072e-06,-3.371044972014391e-05
1.180306166644066e-06,-4.72052786639315e-05
1.180307233815498e-06,-5.245370415085763e-05
1.180308098550755e-06,-5.379707298201779e-05
1.1803089533958e-06,-5.389962467740217e-05
1.180310195232322e-06,-5.011599129154253e-05
1.180311229606683e-06,-4.4432119848945e-05
1.180312122800134e-06,-3.717964179627916e-05
1.180312861563015e-06,-3.031278269646568e-05
1.180313714933141e-06,-2.170797188578488e-05
1.180314564140334e-06,-1.692459084634182e-05
1.180315428856566e-06,-1.247726697498291e-05
1.180316288892097e-06,-1.090228085988823e-05
1.18031734251826e-06,-8.023015020877804e-06
1.180318997495278e-06,-7.091594708497497e-06
1.18032149743561e-06,-5.003861628993899e-06
1.180324536951154e-06,-5.477772898052739e-06
1.18032860257e-06,-4.606657333739776e-06
1.180334539626841e-06,-5.879090361864737e-06
1.180343150256368e-06,-5.805722662466727e-06
1.180354728383831e-06,-7.973749553497291e-06
1.180373152415897e-06,-9.405904339491075e-06
1.180409303963633e-06,-1.514957597806003e-05
1.180454651981817e-06,-1.788439687150092e-05
1.180477325990908e-06,-1.703444627123558e-05
1.1805e-06,-1.188979112179987e-05
1.180509807227375e-06,-1.002318110294939e-05
1.180523573556514e-06,-7.546164249053551e-06
1.180536554875858e-06,-5.826697836538303e-06
1.180562517514544e-06,-3.554163010307236e-06
1.180590384918502e-06,-2.333685408270204e-06
1.180628898877661e-06,-1.585152873387023e-06
1.180677234411981e-06,-1.284464917900547e-06
1.180756804885195e-06,-1.137144127337566e-06
1.180882095641978e-06,-1.114532826932597e-06
1.18100203476438e-06,-1.101182341868347e-06
1.181120273381554e-06,-1.113145913677963e-06
1.181273083123936e-06,-1.100762128372415e-06
1.181578702608701e-06,-1.112843370850733e-06
1.182189941578231e-06,-1.099878314338183e-06
1.183412419517291e-06,-1.111670758893481e-06
1.185e-06,-1.098407292960179e-06
1.185064888740456e-06,-2.114577720333197e-06
1.185154709104072e-06,-2.194973425225636e-06
1.185197329730466e-06,-3.832696270168097e-06
1.185218640043664e-06,-3.972048579302968e-06
1.185232668284967e-06,-9.956513417150788e-07
1.18524672073598e-06,9.516724697166482e-06
1.185260967987081e-06,2.003895743248671e-05
1.185276853471911e-06,2.303287856622571e-05
1.185282477335977e-06,1.141289129168705e-05
1.185286709311388e-06,5.618624501927444e-06
1.185292354217014e-06,-2.464949485464457e-06
1.185296657943399e-06,-3.917452358265954e-06
1.185299522365604e-06,-1.667466978097658e-05
1.185302661813923e-06,-2.413220315683422e-05
1.185305993103572e-06,-3.795196112698063e-05
1.185309589283389e-06,-4.590284380535648e-05
1.185313524012866e-06,-7.66880077061752e-05
1.185315575196832e-06,-8.796194993256255e-05
1.185317750178971e-06,-0.0001023962805837882
1.185319790817752e-06,-9.969339787173938e-05
1.185322255798067e-06,-0.0001091816596116006
1.185323471738092e-06,-0.000101888101193994
1.185324726194195e-06,-9.334129838763466e-05
1.185325915527531e-06,-9.723709130777416e-05
1.185326750054478e-06,-0.0001102270966549758
1.185327602190291e-06,-0.0001132914320430337
1.185329028182728e-06,-0.0001148035744498725
1.185330126104026e-06,-0.0001082361872806344
1.185331400818703e-06,-0.0001059717332170815
1.185332909948233e-06,-9.887799114063745e-05
1.185335103607149e-06,-9.946821262711678e-05
1.185337441205422e-06,-0.0001049788446026496
1.185340297471156e-06,-0.0001200575654869199
1.185343150688648e-06,-0.0001150069768979686
1.185345572177042e-06,-0.0001046928935803983
1.185348636157128e-06,-8.670993707675293e-05
1.185351815312274e-06,-7.94568219942521e-05
1.185354677192054e-06,-7.133905411486926e-05
1.185357970171226e-06,-6.918171138103269e-05
1.185362430535133e-06,-6.288393475223348e-05
1.185368300332089e-06,-6.262175952978242e-05
1.185376915076296e-06,-6.482459290537942e-05
1.185386705355285e-06,-0.0001109628533607873
1.185396607099369e-06,-0.0002028778733560338
1.185404901898761e-06,-0.0002658977525405023
1.185412852395669e-06,-0.0003311016809775651
1.185420005104489e-06,-0.0003798863968486652
1.185426620113543e-06,-0.0004046464387437408
1.185434670290626e-06,-0.00042100968239703
1.185443712262845e-06,-0.0004158020386663826
1.185453553838626e-06,-0.0003726017306446168
1.185460489903907e-06,-0.0003088187799271319
1.185467481450922e-06,-0.0002454014426476524
1.185474029750393e-06,-0.0001847824236095235
1.185478614688324e-06,-0.0001517796631242758
1.18548415343673e-06,-0.0001188854455203829
1.185488809843661e-06,-0.0001013543887293624
1.185494388119892e-06,-8.384502318991884e-05
1.1855e-06,-7.309285059543793e-05
1.185506023980952e-06,-6.057818759294596e-05
1.185512973608732e-06,-5.03480085187332e-05
1.185519988030201e-06,-4.184092622327406e-05
1.185533759960309e-06,-2.839539465740223e-05
1.185549110229695e-06,-1.802049496736025e-05
1.185576370127427e-06,-7.618084718077959e-06
1.185603860938833e-06,-3.420746014794035e-06
1.185637186481817e-06,-1.792969580592861e-06
1.185676186739799e-06,-1.168479910994965e-06
1.185732084468596e-06,-1.206840594194811e-06
1.185815184658748e-06,-1.061815649507402e-06
1.185934880426269e-06,-1.205839388610154e-06
1.186098420899033e-06,-1.049905457877577e-06
1.186340275598431e-06,-1.193201609778129e-06
1.186724793504439e-06,-1.039088454341413e-06
1.187267624913058e-06,-1.184839931556249e-06
1.188043057323762e-06,-1.033315098776808e-06
1.18915238615141e-06,-1.180727906010644e-06
1.19e-06,-1.030948704531659e-06
1.1900449819978e-06,-6.767088498631203e-07
1.190111525274688e-06,-6.872707860952541e-07
1.190138432186476e-06,-6.833371143995368e-07
1.190192246010051e-06,-8.623096209417616e-07
1.190219909955203e-06,-1.426388841654761e-06
1.19023579906719e-06,-1.754436906503865e-06
1.190250376769348e-06,-1.838987516185376e-06
1.19026485324796e-06,-1.881334506509831e-06
1.190285697023859e-06,-2.014279290092601e-06
1.190306985581619e-06,-1.828633064064572e-06
1.190311682213785e-06,-1.391507618973192e-06
1.190321055754037e-06,-9.358847919094619e-07
1.190327987041134e-06,-6.590945540605164e-07
1.190335761522885e-06,-8.040233803427065e-07
1.190342298484612e-06,-6.104678915629284e-07
1.190355341313342e-06,-7.658437015964058e-07
1.190381426970804e-06,-5.703451563371589e-07
1.190432950935273e-06,-7.043739175480329e-07
1.1905e-06,-5.538359982832506e-07
1.190514313912016e-06,-8.552904892165178e-07
1.190539377778503e-06,-9.04717057887739e-07
1.190562653564754e-06,-8.794308193220826e-07
1.190609205137257e-06,-8.528978980439266e-07
1.190652669548003e-06,-8.384854587941556e-07
1.190739598369497e-06,-1.016067494977573e-06
1.190767225371582e-06,-1.373235487920903e-06
1.190781038872624e-06,-1.61407841271903e-06
1.190808665874709e-06,-2.085021215309668e-06
1.190832855587571e-06,-2.199573753095606e-06
1.190854825420029e-06,-2.447179214172686e-06
1.190868655966923e-06,-3.202715436296971e-06
1.190873841349057e-06,-4.318066617753962e-06
1.19087834772989e-06,-5.246308302691391e-06
1.19088389961356e-06,-6.627089386153603e-06
1.190888654988152e-06,-7.323160850652983e-06
1.190893357664697e-06,-7.927990149603537e-06
1.190898843782524e-06,-7.869108658754468e-06
1.190904003073547e-06,-7.145655246734863e-06
1.190908145901249e-06,-4.965729003383055e-06
1.190911368110924e-06,-4.347947967906248e-06
1.190912964656548e-06,-3.8355461268973e-06
1.190916157747795e-06,-3.988756420230283e-06
1.190919544073119e-06,-3.549813062386442e-06
1.190925349763101e-06,-3.67171243993525e-06
1.190934417059226e-06,-2.829391898185399e-06
1.19094713047855e-06,-1.906669454548166e-06
1.190958779653819e-06,-9.937971483421206e-07
1.190969388964885e-06,-1.23346709000593e-06
1.190980655212979e-06,-9.190561402541778e-07
1.190994147985813e-06,-1.183014908125202e-06
1.191021133531482e-06,-9.227600765660236e-07
1.191059067210238e-06,-1.186399871196794e-06
1.191104025026942e-06,-9.367767193786825e-07
1.191159590969602e-06,-1.203189784154732e-06
1.191245098159683e-06,-9.607761932879845e-07
1.191416112539846e-06,-1.234208791965536e-06
1.191448575612962e-06,-9.753092130868298e-07
1.191513501759196e-06,-1.234312611175748e-06
1.191624208773314e-06,-9.749156482038065e-07
1.191845622801551e-06,-1.234171454987663e-06
1.192288450858024e-06,-9.746445804675227e-07
1.193174106970971e-06,-1.233773880164709e-06
1.194087053485485e-06,-9.741603209400316e-07
1.195e-06,-1.233394901036962e-06
1.195050516277059e-06,1.832800295593399e-06
1.195126528389781e-06,1.818619665035781e-06
1.195156502863961e-06,1.525963763595955e-06
1.195203313932094e-06,-2.556336506090553e-06
1.195223726249607e-06,-8.062686112307529e-06
1.195236925624917e-06,-1.324751420093009e-05
1.195250125000227e-06,-1.957004538291813e-05
1.195252625000227e-06,3.553465304599815e-05
1.195255124534279e-06,-2.896423650377059e-05
1.195257267002996e-06,-4.854300367038619e-06
1.195258914466559e-06,-6.778066162491313e-05
1.195260125000228e-06,-3.936010264582329e-05
1.195260408378743e-06,-7.764768165133473e-05
1.195260952990354e-06,-7.817615813863565e-05
1.195261424494515e-06,-7.803540997350505e-05
1.195262220999735e-06,-7.836322178976637e-05
1.195263327806757e-06,-7.550335599739111e-05
1.195264508302976e-06,-7.298615928963314e-05
1.195265692824721e-06,-7.12525047289138e-05
1.195266895522332e-06,-7.461431993679236e-05
1.195268157729197e-06,-7.069095419466397e-05
1.195269659953701e-06,-6.670520154548139e-05
1.195271191524596e-06,-5.7727059470471e-05
1.195273243639027e-06,-5.229075922606771e-05
1.195274962780311e-06,-4.737341694387397e-05
1.195276830129714e-06,-4.811939844692787e-05
1.19527884225957e-06,-4.727406364761787e-05
1.195280622990693e-06,-4.877256820560945e-05
1.195282055725744e-06,-4.68490311434036e-05
1.195283042028468e-06,-5.05122158460119e-05
1.195284179843326e-06,-5.484143161955967e-05
1.195285162240527e-06,-6.149009027510819e-05
1.195286534788564e-06,-6.425497793376039e-05
1.195287930860911e-06,-6.91985827432893e-05
1.195289380412787e-06,-7.099442989934512e-05
1.195291169572422e-06,-7.895201991825994e-05
1.195293477765032e-06,-8.968482251032637e-05
1.195295888531574e-06,-0.0001168581963084692
1.195298615679021e-06,-0.0001587255514952472
1.195301614897553e-06,-0.0002293707380635176
1.195304011388957e-06,-0.0002987686579951273
1.195307439498768e-06,-0.000428178948455688
1.19531064266939e-06,-0.0005640397767114001
1.195313426443274e-06,-0.0006968177814078008
1.195315649502388e-06,-0.000802935007786654
1.195318108252969e-06,-0.000933065175004194
1.195319486813973e-06,-0.001003408851115673
1.19532094426806e-06,-0.001070381666126463
1.195322179538671e-06,-0.001117383501103804
1.195323272537219e-06,-0.001156362942385702
1.195324220184036e-06,-0.001195475566222591
1.195325124131512e-06,-0.001230714251447748
1.195326101905594e-06,-0.001262702975271734
1.195327000195772e-06,-0.001279728970515967
1.195327742145811e-06,-0.001298336864829371
1.195328537392238e-06,-0.001310252855436291
1.195329268088865e-06,-0.001324299586111475
1.195330198608699e-06,-0.001334973007594831
1.195331465218513e-06,-0.001349034419520167
1.19533257182031e-06,-0.001354815576615855
1.195333797831563e-06,-0.001361831105376944
1.19533525671155e-06,-0.001362211084232919
1.195337212560773e-06,-0.001359747543352815
1.195340029193906e-06,-0.00134211408689107
1.195343721415335e-06,-0.001312187831336814
1.195347133194178e-06,-0.001277840284112304
1.195351309353835e-06,-0.001235756145703212
1.195354879313158e-06,-0.001186208771240372
1.195358895423244e-06,-0.001124706526284377
1.19536408658671e-06,-0.001035465471474534
1.195369291191976e-06,-0.0009488824968263197
1.195374689755585e-06,-0.00085773155084557
1.195380684170913e-06,-0.0007671198549511628
1.195388167180008e-06,-0.0007070246933753773
1.195397455229577e-06,-0.0008469105587646598
1.195404653489368e-06,-0.001127125668643915
1.195411190939267e-06,-0.001367834196534061
1.195416073806179e-06,-0.001461205411267257
1.195423479551075e-06,-0.001478528658195913
1.195429465238113e-06,-0.001393147967686095
1.19543543400969e-06,-0.00121461496488767
1.195441271959624e-06,-0.0009455860065491838
1.195446520643122e-06,-0.00070519976331131
1.195451336821532e-06,-0.0004853260022783203
1.195456769610366e-06,-0.0002654035672006492
1.195462301465779e-06,-6.759169455682264e-05
1.195466884072158e-06,4.280869501024046e-05
1.195475015868463e-06,0.0001843049744393686
1.195480885887377e-06,0.0002218600710029984
1.195487407162854e-06,0.0002456419401201785
1.195493703581427e-06,0.0002352063310471375
1.1955e-06,0.0002256129595925004
1.195508027497471e-06,0.0001927310551244042
1.195516008321551e-06,0.0001662871590226708
1.195524200792138e-06,0.0001378682021142715
1.195538983239964e-06,9.646741275365033e-05
1.195555262084091e-06,6.275918915087724e-05
1.195581645729582e-06,3.036347427585984e-05
1.195611482391988e-06,1.245296537038774e-05
1.195649850067889e-06,3.31266354383103e-06
1.195697099314673e-06,-1.905820054583609e-07
1.195759959034569e-06,-1.110399804530408e-06
1.19585095332257e-06,-1.190335777914471e-06
1.196000181432404e-06,-1.174083682644764e-06
1.196288212521302e-06,-1.134827339389377e-06
1.196712320235089e-06,-1.142191185083526e-06
1.197304215062882e-06,-1.108481308869318e-06
1.198128104781238e-06,-1.1285435460618e-06
1.199064052390619e-06,-1.097600117328598e-06
1.2e-06,-1.123933558476465e-06
1.20003125e-06,-1.267157017641207e-06
1.20008344693934e-06,-1.287169526910827e-06
1.20018784081802e-06,-1.497330415096608e-06
1.200226860715767e-06,-2.801698543651019e-06
1.200242491962108e-06,-3.554820074602529e-06
1.200256393916044e-06,-4.251856620952639e-06
1.20026985990883e-06,-4.887698255851724e-06
1.200274079791414e-06,-5.246168673883936e-06
1.200282519556581e-06,-6.215248822008719e-06
1.200288714477503e-06,-7.54522158034886e-06
1.200294264654428e-06,-1.049622000432828e-05
1.200296837481356e-06,-1.665214361154166e-05
1.200298823769659e-06,-2.097382807813932e-05
1.200301136208572e-06,-2.931258919357528e-05
1.200303269567953e-06,-3.368858132708645e-05
1.200306171574289e-06,-4.715385021660249e-05
1.200307239584373e-06,-5.242882258330742e-05
1.20030810343816e-06,-5.37736928670237e-05
1.200308958170869e-06,-5.390111188669639e-05
1.200310200901113e-06,-5.012933365453866e-05
1.200311236166509e-06,-4.446441117725146e-05
1.200312130791567e-06,-3.720387756641724e-05
1.200312869827383e-06,-3.035132896426282e-05
1.200313722670032e-06,-2.17357210753894e-05
1.200314575631596e-06,-1.693324207323489e-05
1.200315440961884e-06,-1.247290443892372e-05
1.200316301442585e-06,-1.091082808973606e-05
1.200317353991118e-06,-8.019981685987639e-06
1.200319010982145e-06,-7.101036844504831e-06
1.200321510547854e-06,-4.999791064893518e-06
1.200324550759558e-06,-5.489013575805285e-06
1.200328615882425e-06,-4.60377746222427e-06
1.200334553936813e-06,-5.891763199877232e-06
1.200343170940957e-06,-5.804826023841638e-06
1.200354760477867e-06,-7.989781139403928e-06
1.20037320789264e-06,-9.411221538601844e-06
1.200409414073615e-06,-1.517788336866822e-05
1.200454707036807e-06,-1.789019407651385e-05
1.200477353518404e-06,-1.705506699081916e-05
1.2005e-06,-1.189842933516294e-05
1.200509803139671e-06,-1.003792531192105e-05
1.200523560080248e-06,-7.559196578999399e-06
1.200536533350126e-06,-5.837548354568713e-06
1.200562479889882e-06,-3.561301166215597e-06
1.200590325844833e-06,-2.338193795299119e-06
1.200628798544468e-06,-1.587778942751675e-06
1.200677069641252e-06,-1.285946994958658e-06
1.200756494971803e-06,-1.138148989273133e-06
1.200881744329669e-06,-1.115343348526255e-06
1.201001660329722e-06,-1.102010263364899e-06
1.201119881392938e-06,-1.113923443246935e-06
1.201272585207419e-06,-1.101546490401888e-06
1.20157799283638e-06,-1.113556113928387e-06
1.202188808094302e-06,-1.100552519133252e-06
1.203410438610146e-06,-1.112205192755893e-06
1.205e-06,-1.098873673917931e-06
1.205064926257356e-06,-2.092054911868525e-06
1.20515478123876e-06,-2.148108975247654e-06
1.205197435952248e-06,-3.499886361099237e-06
1.205218763308992e-06,-3.178068709657895e-06
1.20523279179904e-06,2.418202803588774e-07
1.205246847323285e-06,1.123229432514849e-05
1.205261078113699e-06,2.204469359764146e-05
1.205277019780455e-06,2.52989107111118e-05
1.205282533741416e-06,1.355819327458223e-05
1.205286751061983e-06,8.061649294937075e-06
1.205292360139805e-06,-1.722839811008795e-07
1.205296663239742e-06,-2.436922670513885e-06
1.205299533409816e-06,-1.802331316315612e-05
1.205302669759854e-06,-2.798077960902417e-05
1.205306003795467e-06,-4.405869916709736e-05
1.205309597766809e-06,-5.38018221454378e-05
1.205313537567384e-06,-9.250569491882184e-05
1.205315592036398e-06,-0.0001073937371157483
1.205317765499832e-06,-0.0001251969591059794
1.205319811658804e-06,-0.0001218768119981373
1.205322269517916e-06,-0.0001334583625197335
1.205323486337736e-06,-0.0001236170076470788
1.205324737496668e-06,-0.0001112247642056801
1.205325565512031e-06,-0.0001120398967331448
1.205326422442963e-06,-0.0001279258332795449
1.205327198089181e-06,-0.0001353320500328888
1.205328406433478e-06,-0.0001390766680212459
1.205329553990391e-06,-0.0001317246747378243
1.205330756752986e-06,-0.0001262698379388828
1.205332120940798e-06,-0.0001166667577396711
1.20533397057823e-06,-0.0001112004037674009
1.205336256665606e-06,-0.000109489782477018
1.205338708933969e-06,-0.0001243822288320337
1.205341702567867e-06,-0.000129985218650228
1.205344179865591e-06,-0.0001256191275390154
1.205346887481158e-06,-0.0001076106331339202
1.205349845060044e-06,-9.848034265939866e-05
1.205352991889805e-06,-8.565579930912759e-05
1.205355912706957e-06,-8.447563345203926e-05
1.205359807513906e-06,-7.602604113982446e-05
1.205364754433113e-06,-7.752767723598969e-05
1.205371619827841e-06,-7.372415958634903e-05
1.205381635109718e-06,-0.0001035492039774175
1.205391148410473e-06,-0.0002040217891568101
1.205399838826772e-06,-0.0003191080268767299
1.205407757557965e-06,-0.0003806555246945541
1.205415429423684e-06,-0.0004589710390718495
1.205420971502041e-06,-0.0004718424958887794
1.205428411114465e-06,-0.0005067827892194213
1.205434808768679e-06,-0.0004941402992192126
1.205441277388012e-06,-0.0005007183530281785
1.205448351520455e-06,-0.0004493447792056978
1.20545480806135e-06,-0.0003879314623702732
1.205460871691435e-06,-0.0003133958255292905
1.2054658662374e-06,-0.0002837512020128451
1.205471305484709e-06,-0.0002224702026594916
1.205475313775409e-06,-0.0002032508872793522
1.205481298838787e-06,-0.0001513023276027235
1.205485925497447e-06,-0.0001411491442774195
1.205491381939049e-06,-0.0001087029291750685
1.205495690969524e-06,-0.0001081751440436766
1.2055e-06,-8.61427468082876e-05
1.205504896343878e-06,-7.964860851749144e-05
1.205510136774883e-06,-6.968206562517049e-05
1.205515978455439e-06,-5.979544755727133e-05
1.205525934109627e-06,-4.557525657446261e-05
1.205540070470436e-06,-3.015466934367491e-05
1.205564674230326e-06,-1.383190970726568e-05
1.205591605183706e-06,-5.89239286305886e-06
1.205622361691379e-06,-2.620270556735671e-06
1.205657904941546e-06,-1.418930876351332e-06
1.205705604559561e-06,-1.221056917835299e-06
1.205774536000736e-06,-1.0916450616568e-06
1.205880580985078e-06,-1.191913556100552e-06
1.206020654587976e-06,-1.083874988531105e-06
1.206215549347281e-06,-1.174906378325526e-06
1.206515027677596e-06,-1.070628350459292e-06
1.206977962860133e-06,-1.16275738589029e-06
1.207633391570002e-06,-1.062124698503995e-06
1.208567031753757e-06,-1.156538186922203e-06
1.209283515876879e-06,-1.0587398530986e-06
1.21e-06,-1.154556355147155e-06
1.210041839980998e-06,-6.801644289527161e-07
1.210105247293003e-06,-6.876411273286508e-07
1.210166829813752e-06,-7.023557931797807e-07
1.210184932930199e-06,-7.769401000369984e-07
1.210221139163092e-06,-1.479047155898273e-06
1.210237288266745e-06,-1.782255171658476e-06
1.210258375092103e-06,-1.860205628648728e-06
1.210273286440576e-06,-1.918085511123505e-06
1.210292373437565e-06,-2.020715111756341e-06
1.210298283226018e-06,-1.976450366657035e-06
1.210306521979169e-06,-1.720369866583457e-06
1.210315038455507e-06,-1.220282657276178e-06
1.210322054837174e-06,-8.294729370840031e-07
1.210330807495144e-06,-7.08370733455742e-07
1.210338258233134e-06,-7.04099420810313e-07
1.210345614372718e-06,-6.714096470404558e-07
1.210359599528186e-06,-6.634423497910752e-07
1.210387569839122e-06,-6.216534483789914e-07
1.210439991525824e-06,-5.69940132904953e-07
1.2105e-06,-6.099428071568292e-07
1.210512722574799e-06,-8.129185937251957e-07
1.210536388950603e-06,-8.532894292283815e-07
1.210558082974694e-06,-8.348077150073754e-07
1.210601471022878e-06,-8.186840462093272e-07
1.210646639300783e-06,-8.278878617204645e-07
1.210736975856595e-06,-1.831896429369132e-06
1.210753566188428e-06,-2.03356666916481e-06
1.210761861354345e-06,-2.070801576299833e-06
1.210778451686178e-06,-2.199301238105334e-06
1.210800862074544e-06,-2.379979735239465e-06
1.210820226048444e-06,-3.58335060242443e-06
1.210825720324427e-06,-4.906212039774379e-06
1.210830240690343e-06,-5.843716206174011e-06
1.210835431166706e-06,-7.098180361515872e-06
1.210841122573008e-06,-7.758282501119244e-06
1.210847038520505e-06,-8.111688649257887e-06
1.210852294505816e-06,-7.381943496471413e-06
1.210856786604566e-06,-5.321621149638718e-06
1.210859979302708e-06,-4.397763056842392e-06
1.210861558766451e-06,-4.00642763977521e-06
1.210864717693938e-06,-3.953112660819418e-06
1.210867936887313e-06,-3.682185178134452e-06
1.210873141786799e-06,-3.655450266142541e-06
1.210880949707894e-06,-3.092310531465874e-06
1.210894074272923e-06,-1.971301668993531e-06
1.210905180534798e-06,-1.12898155693695e-06
1.210910733665737e-06,-1.202972011837926e-06
1.210921839927613e-06,-9.844261294530297e-07
1.210933139648462e-06,-1.138414296875484e-06
1.210954808792296e-06,-9.678337241573531e-07
1.210992529541724e-06,-1.137621062979288e-06
1.211033857310579e-06,-9.805157147540309e-07
1.211083280791657e-06,-1.153365214576252e-06
1.211150085075528e-06,-1.001172313676559e-06
1.21127646361444e-06,-1.183935094202624e-06
1.211315247706156e-06,-1.020301149592523e-06
1.211392815889587e-06,-1.187523194459139e-06
1.21149493108789e-06,-1.022370478089116e-06
1.211655225883173e-06,-1.188042652831942e-06
1.211891879211939e-06,-1.02224555465689e-06
1.212320519229614e-06,-1.18777952364359e-06
1.213177799264962e-06,-1.021743404590777e-06
1.214088899632481e-06,-1.187224287893309e-06
1.215e-06,-1.021267707994927e-06
1.215050471331593e-06,1.557278436674768e-06
1.21512643835117e-06,1.521939828438099e-06
1.215156374591026e-06,1.289728987845006e-06
1.215203249795627e-06,-2.251980716321073e-06
1.215223669580763e-06,-7.246754604307917e-06
1.215236897290495e-06,-1.213499165271942e-05
1.215250125000227e-06,-1.818822359297166e-05
1.215252625000227e-06,-2.897673226727407e-05
1.215255127670836e-06,-3.814218278433261e-05
1.215256460820454e-06,-0.0001066019050819904
1.215257525793469e-06,-0.0001017194560926345
1.215258588334092e-06,-0.0001679722803847348
1.21525935666716e-06,-0.0001566557347708561
1.215260125000227e-06,-0.0002177672679152071
1.215260394481811e-06,-0.0001581730496064101
1.215260795560512e-06,-0.0001530380185697463
1.21526116737078e-06,-0.0001490724501471626
1.215261872921315e-06,-0.0001458361979232221
1.215262808321229e-06,-0.0001469078933753307
1.215263750582766e-06,-0.0001492138627330434
1.215264800221589e-06,-0.0001527737953505267
1.215265828427233e-06,-0.0001560891110026974
1.215267044295472e-06,-0.0001582303564934099
1.215268338868778e-06,-0.0001521098753760316
1.215269648050578e-06,-0.0001595472498238128
1.215270745231608e-06,-0.000144542525482648
1.215271627768151e-06,-0.0001355688758693368
1.21527230341789e-06,-0.0001254891803241313
1.215273016680606e-06,-0.0001229822347912928
1.215273711187302e-06,-0.0001157082721218024
1.215274650312103e-06,-0.0001146800788223941
1.215275785593269e-06,-0.0001060651845779931
1.215276851651071e-06,-0.0001062481593991337
1.215278020167818e-06,-0.0001000211608756293
1.215279441260577e-06,-0.0001015226916286601
1.215280814297205e-06,-9.538725578166882e-05
1.215282184385076e-06,-9.715488121574019e-05
1.215282986071964e-06,-9.343762223788927e-05
1.215284062408343e-06,-0.0001010829884137494
1.215284991444946e-06,-0.0001011069579115511
1.215286263537423e-06,-0.0001079877011162988
1.215287780712894e-06,-0.0001060791661720518
1.215289119932783e-06,-0.0001120752225427506
1.215290761650515e-06,-0.0001133007302651547
1.215292973180848e-06,-0.0001287052232730045
1.215295388347156e-06,-0.0001482889034023478
1.215297932930296e-06,-0.0001910565989712861
1.215300325173041e-06,-0.000236074516725611
1.215302736921619e-06,-0.0003026316172769218
1.215305409509309e-06,-0.0003850264230212397
1.215308292233269e-06,-0.0004999606558070209
1.215311468683741e-06,-0.0006346710125385976
1.215313888263493e-06,-0.0007524195397319688
1.215316128382018e-06,-0.0008587566810665332
1.215318747959396e-06,-0.0009986704560138084
1.215320600814113e-06,-0.001085428661572211
1.215321983806271e-06,-0.001144329260251603
1.215323341900153e-06,-0.001192112699565838
1.21532431816319e-06,-0.001234949160071824
1.215325210023139e-06,-0.001267120448768362
1.215326188124154e-06,-0.001304629692594557
1.215327094122032e-06,-0.001325138053910372
1.215327805709399e-06,-0.001350222008507957
1.215328577341379e-06,-0.001364198342415131
1.215329317779684e-06,-0.001387263246595262
1.215330264866029e-06,-0.001403567797910388
1.215331530079795e-06,-0.00143451895954051
1.215332639395419e-06,-0.001451276575128316
1.215333874201807e-06,-0.001479165043479863
1.215335354597212e-06,-0.001500638891889138
1.215337346156691e-06,-0.001538590850483153
1.215340231158052e-06,-0.001582086249040136
1.215343843871554e-06,-0.001648422772308458
1.215347255422809e-06,-0.001704438568205503
1.215351534018213e-06,-0.001761157242238028
1.215355061697161e-06,-0.001766995392589172
1.21535917137465e-06,-0.001742424598815638
1.215364352268174e-06,-0.001655187525999703
1.215369545102196e-06,-0.001536370480215955
1.215374955239306e-06,-0.001357462411459272
1.215381003766104e-06,-0.001044865473652462
1.215385781831802e-06,-0.0008013604317184374
1.215390717045545e-06,-0.0006636378032840712
1.215395595312702e-06,-0.0006659076330096982
1.215400534775975e-06,-0.000754117248443727
1.215405960283792e-06,-0.0009150088954054644
1.215412369470339e-06,-0.001084284447264839
1.215417607857459e-06,-0.001162799175975136
1.215423795479051e-06,-0.001179765456517764
1.215431406390236e-06,-0.001110990488059337
1.215439943291454e-06,-0.0009427049050883402
1.215448662063346e-06,-0.000644372602258874
1.215456516485372e-06,-0.0003026243131997084
1.215461649926364e-06,-0.0001094786848601443
1.215466743896383e-06,3.147813439358607e-05
1.215473167304384e-06,0.000151860099526437
1.215479675092045e-06,0.0002138640011992114
1.215486725851597e-06,0.0002418304998873415
1.215493869010727e-06,0.0002363589016006356
1.2155e-06,0.0002228436449644903
1.215507526056262e-06,0.0001935888994663023
1.215515403827549e-06,0.0001671435869739909
1.21552337326915e-06,0.0001393479917020799
1.215538341006337e-06,9.68381771794425e-05
1.215554694595597e-06,6.291266621205581e-05
1.215579754006885e-06,3.154381081653786e-05
1.215609756292948e-06,1.299142029951919e-05
1.215648868256041e-06,3.293072784932199e-06
1.215695105754592e-06,-7.518547785492166e-08
1.215759180360763e-06,-1.174427394535413e-06
1.215845734862587e-06,-1.122194630300536e-06
1.216001028856787e-06,-1.239400656867993e-06
1.216246325945179e-06,-1.069403235898176e-06
1.216668394036314e-06,-1.210316802149911e-06
1.21723780155617e-06,-1.041605402498211e-06
1.218047786344727e-06,-1.1963870577557e-06
1.21920663375062e-06,-1.02952371217537e-06
1.22e-06,-1.191634243116212e-06
1.22003125e-06,-1.266552593571548e-06
1.22008344693934e-06,-1.287533241238694e-06
1.220185180601365e-06,-1.463569298169845e-06
1.220224533026194e-06,-2.684006692044936e-06
1.22023995836927e-06,-3.435087586476996e-06
1.220253191339873e-06,-4.091561463194755e-06
1.220266382146995e-06,-4.715440818828696e-06
1.220271635454185e-06,-5.040023022681859e-06
1.220278261003966e-06,-5.624487299122792e-06
1.220285894620127e-06,-6.911566793093404e-06
1.220291348916793e-06,-8.202296816436091e-06
1.220296971921669e-06,-1.62044268726411e-05
1.220299293561631e-06,-2.255539550650136e-05
1.220302164977491e-06,-3.151729776416087e-05
1.22030435521487e-06,-3.69361888345105e-05
1.220305704306551e-06,-4.529194101372617e-05
1.2203066067015e-06,-4.900532336352224e-05
1.220307363307288e-06,-5.33544407152756e-05
1.22030816068067e-06,-5.353939289368397e-05
1.220309078382246e-06,-5.415335686488431e-05
1.220310213677698e-06,-4.957210879594605e-05
1.220311241316649e-06,-4.467104917783875e-05
1.22031211313247e-06,-3.676389363762497e-05
1.22031285240597e-06,-3.068524150136151e-05
1.220313707265895e-06,-2.129405288012826e-05
1.22031454573002e-06,-1.736114845393716e-05
1.220315410392549e-06,-1.212486148598732e-05
1.220316267450991e-06,-1.132589912868707e-05
1.220317321114699e-06,-7.66307684087102e-06
1.220318961992152e-06,-7.508823880398293e-06
1.220321451398214e-06,-4.635450695960934e-06
1.220324482113274e-06,-5.874100391696907e-06
1.22032853396993e-06,-4.223954680405123e-06
1.220334435629974e-06,-6.264068127430068e-06
1.220343015726255e-06,-5.413093265043982e-06
1.220354523361926e-06,-8.34473509529426e-06
1.220372801818144e-06,-8.98334857591916e-06
1.220408456366824e-06,-1.543879856506317e-05
1.220454228183412e-06,-1.753019657846009e-05
1.220477114091706e-06,-1.749248422989831e-05
1.2205e-06,-1.148108634030928e-05
1.220509817736053e-06,-1.004879241510875e-05
1.220523651535238e-06,-7.574590846504501e-06
1.220536689543387e-06,-5.838912350144452e-06
1.220562765559685e-06,-3.554854131222127e-06
1.220590585300035e-06,-2.334904856017576e-06
1.220629038003794e-06,-1.587107341891889e-06
1.220677244961348e-06,-1.285160531262834e-06
1.220756758916115e-06,-1.137833846745e-06
1.220882991473529e-06,-1.114882326908088e-06
1.221002261338649e-06,-1.102108884177966e-06
1.221120812519658e-06,-1.113704452263378e-06
1.221274002448476e-06,-1.101599050887691e-06
1.221580382306111e-06,-1.113371416442145e-06
1.222193142021381e-06,-1.10059289122055e-06
1.223418661451921e-06,-1.112030883775422e-06
1.225e-06,-1.0989215272398e-06
1.22506477038076e-06,-2.114909201105403e-06
1.225154481487152e-06,-2.192552983401705e-06
1.225196994610275e-06,-3.807612361427395e-06
1.225218251171837e-06,-3.993049500625151e-06
1.225232278776441e-06,-1.15475619826541e-06
1.225246323275518e-06,9.150423767645143e-06
1.225260624664316e-06,1.987358657736189e-05
1.225276341262336e-06,2.320781199606612e-05
1.225282326850335e-06,1.205442589361027e-05
1.225286607696584e-06,5.425708702299825e-06
1.225292363154248e-06,-2.181971941293813e-06
1.225296672086322e-06,-4.242805413432312e-06
1.225299533019907e-06,-1.64218634567427e-05
1.22530268000055e-06,-2.449034768182874e-05
1.225306013960164e-06,-3.77185414051456e-05
1.225309605125125e-06,-4.627048589563029e-05
1.225313544922174e-06,-7.659460559398146e-05
1.225315601430618e-06,-8.841083549880914e-05
1.225317773112149e-06,-0.000102193817702673
1.225319823314484e-06,-9.996637484718183e-05
1.225322276176185e-06,-0.0001090543157833004
1.225323493502058e-06,-0.0001018079518404169
1.225324742512721e-06,-9.313239908275484e-05
1.225325565754544e-06,-9.404024941422192e-05
1.22532642103964e-06,-0.0001063214670949781
1.225327196514814e-06,-0.0001121049655044996
1.225328411121869e-06,-0.0001156209074976539
1.225329557542815e-06,-0.0001108234654046523
1.225330762074757e-06,-0.0001076630886956929
1.225332126123102e-06,-0.0001013480018414844
1.225333981533133e-06,-9.887190209045566e-05
1.225336268076704e-06,-0.0001001094688661216
1.225338722969661e-06,-0.0001141559190113159
1.225341533769431e-06,-0.0001205237740398416
1.225344016477613e-06,-0.0001153538556609001
1.225346667921112e-06,-9.772011566838182e-05
1.225349610428456e-06,-8.725550547912109e-05
1.225352761203772e-06,-7.557853509300437e-05
1.225355663713611e-06,-7.326377026641023e-05
1.225359465948188e-06,-6.547463224267017e-05
1.225364309814942e-06,-6.507459842703378e-05
1.225370987833997e-06,-6.071607648603989e-05
1.225380697995905e-06,-7.774695554448388e-05
1.225390216184369e-06,-0.0001357913424470544
1.225399215468333e-06,-0.000215039044146639
1.225407145274822e-06,-0.0002580586584744748
1.225415545075616e-06,-0.0003280043636630372
1.225421454023103e-06,-0.0003470477338253601
1.225429137091862e-06,-0.0003783416971608481
1.225436319418856e-06,-0.0003730922983235542
1.225443741197322e-06,-0.0003784782227680714
1.225452705512085e-06,-0.0003406956808736215
1.22546069287834e-06,-0.0002821110144346688
1.225466639250917e-06,-0.0002104176718514429
1.225471218081086e-06,-0.0001835594100138616
1.225476228920796e-06,-0.0001399687636442911
1.225480610256303e-06,-0.0001281961249551984
1.225484897438212e-06,-0.000101804048334118
1.225490392823431e-06,-9.548964167509328e-05
1.225494681495761e-06,-7.659633310980396e-05
1.22549734074788e-06,-8.055105029211697e-05
1.2255e-06,-6.745561700678026e-05
1.225503325665604e-06,-6.368094575500383e-05
1.225506633710769e-06,-5.875592057593862e-05
1.225510995693973e-06,-5.256961666267002e-05
1.225517992198871e-06,-4.393578015013798e-05
1.225529461756013e-06,-3.204147430630307e-05
1.225547320725312e-06,-1.893711080805794e-05
1.225573672624522e-06,-8.253887351962803e-06
1.225601563491463e-06,-3.670053147568907e-06
1.225633713471645e-06,-1.840782266390326e-06
1.225672346725383e-06,-1.251851661202687e-06
1.225726168626821e-06,-1.150977076719007e-06
1.225807229156348e-06,-1.119612442729126e-06
1.225922843121563e-06,-1.146417448778065e-06
1.226076517187943e-06,-1.109960642619596e-06
1.226290199357238e-06,-1.135159006289652e-06
1.226617867050229e-06,-1.099537150430541e-06
1.227130422505012e-06,-1.126574295544387e-06
1.227854563994652e-06,-1.093022868880707e-06
1.22888649240661e-06,-1.122141010203938e-06
1.23e-06,-1.090104553330341e-06
1.230050759560406e-06,-6.819230949859626e-07
1.230122885296511e-06,-6.90243533672121e-07
1.230154880736031e-06,-6.842714087073171e-07
1.23021887161507e-06,-1.478127682236243e-06
1.230237250397343e-06,-1.788254437352219e-06
1.230252157594327e-06,-1.840078417652005e-06
1.230267859055913e-06,-1.897177194900956e-06
1.230292129191492e-06,-2.004763013390609e-06
1.230297509466193e-06,-2.001957169030151e-06
1.230308270015593e-06,-1.632753672311374e-06
1.230317012969136e-06,-1.079089621851602e-06
1.230324157335167e-06,-7.507862029323611e-07
1.230330956693442e-06,-7.099702993552731e-07
1.230337826649868e-06,-6.706785416992673e-07
1.230345417447633e-06,-6.648981210831226e-07
1.230360599043162e-06,-6.205654266569625e-07
1.23039096223422e-06,-5.944815978891435e-07
1.230444065545224e-06,-4.898375485474947e-07
1.230458049158918e-06,-4.95394771674798e-07
1.230479024579459e-06,-5.162386025135225e-07
1.2305e-06,-6.318116755415968e-07
1.230507859713094e-06,-7.862662715180845e-07
1.230520648405378e-06,-8.030852622189973e-07
1.23053269413226e-06,-7.96945265285221e-07
1.230556785586025e-06,-7.949157005539031e-07
1.230601510361978e-06,-8.016869987457608e-07
1.230690959913884e-06,-1.817777658809799e-06
1.230706789742542e-06,-2.014799420192082e-06
1.230714704656871e-06,-2.059244801227606e-06
1.230730534485529e-06,-2.183026656530207e-06
1.230752338424071e-06,-2.371700310933992e-06
1.230771087156707e-06,-3.281509081972863e-06
1.23077674724087e-06,-4.567487827767318e-06
1.230781215335032e-06,-5.546970728515076e-06
1.230786760651505e-06,-6.970047630783625e-06
1.230791569589432e-06,-7.65114680356255e-06
1.230798719980479e-06,-8.255009305861772e-06
1.230803856174941e-06,-7.621642472792371e-06
1.230807014740585e-06,-6.335068558539154e-06
1.230810237988424e-06,-4.833916672437896e-06
1.23081395372601e-06,-4.037125052981082e-06
1.23081733115001e-06,-3.894179472474606e-06
1.230820680060537e-06,-3.774403649715969e-06
1.230825092162142e-06,-3.590177421048137e-06
1.230833916365353e-06,-3.091871093373923e-06
1.230845712142819e-06,-1.827684642826959e-06
1.230856933968116e-06,-1.187870701384728e-06
1.230862544880764e-06,-1.095362459296825e-06
1.230873504122066e-06,-1.081530680044292e-06
1.230884878784667e-06,-1.017964905882345e-06
1.230907628109868e-06,-1.083861889391468e-06
1.230938712605322e-06,-1.015934096545905e-06
1.230980790954864e-06,-1.098598604439848e-06
1.231027816568174e-06,-1.031761800394969e-06
1.231093481270977e-06,-1.120208107743565e-06
1.231202234473161e-06,-1.061635632559694e-06
1.231241367791507e-06,-1.139392893257056e-06
1.231319634428198e-06,-1.066384493352309e-06
1.231418580657011e-06,-1.142317661355384e-06
1.231564299694294e-06,-1.067062607286426e-06
1.231772974094886e-06,-1.142286975191651e-06
1.23214891948536e-06,-1.066855545790313e-06
1.232900810266307e-06,-1.141897294020786e-06
1.233950405133154e-06,-1.066349213275302e-06
1.235e-06,-1.141415157070159e-06
1.23505373879184e-06,1.833764338186453e-06
1.235132950098659e-06,1.794083618781069e-06
1.235162243824051e-06,1.393344112174863e-06
1.235176890686747e-06,7.700794038869135e-07
1.23520618441214e-06,-3.117156491032047e-06
1.235227330174598e-06,-9.259760779702937e-06
1.235250125000227e-06,-1.925607761700173e-05
1.235252625000227e-06,3.569958731314834e-05
1.235255406198283e-06,-3.116513398627264e-05
1.235256984188833e-06,-1.302821985281809e-06
1.235258718703131e-06,-6.602362569218959e-05
1.235259421851679e-06,-2.790918296160588e-05
1.235260125000227e-06,-8.505988683008006e-05
1.235260433505757e-06,-7.729837689076245e-05
1.235260824365225e-06,-7.768275012783208e-05
1.235261189891229e-06,-7.75569235589555e-05
1.235261886742153e-06,-7.812697679769219e-05
1.23526298413345e-06,-7.605941098070471e-05
1.235264135876689e-06,-7.333300271764669e-05
1.235265334496148e-06,-7.074023116391782e-05
1.235266523800425e-06,-7.307009549286869e-05
1.235267750192336e-06,-7.206416360314592e-05
1.235269200554352e-06,-6.730934887357716e-05
1.235270659615699e-06,-6.044777345676334e-05
1.235272742314651e-06,-5.225779581628003e-05
1.235274378295644e-06,-4.845892445038749e-05
1.235276240773381e-06,-4.666525960324169e-05
1.235278148243596e-06,-4.697023018747033e-05
1.235279645056646e-06,-4.762946005933135e-05
1.235281220994834e-06,-4.71281385893235e-05
1.23528259618262e-06,-4.765987769705037e-05
1.235283442307915e-06,-4.979348593886748e-05
1.235284507938189e-06,-5.603408499497793e-05
1.235285490675135e-06,-6.063152384699853e-05
1.235287136171032e-06,-6.636069457146924e-05
1.235288485793208e-06,-6.950502734256381e-05
1.235289999080188e-06,-7.43558998355621e-05
1.235291875602758e-06,-8.195353649801192e-05
1.23529425081886e-06,-9.889273082137301e-05
1.235296671358e-06,-0.0001298179126127727
1.235299673482942e-06,-0.0001879108770116605
1.235302393008296e-06,-0.0002605471860349909
1.235304891131747e-06,-0.0003449514182302078
1.235308069089035e-06,-0.000473997992673243
1.235311273394862e-06,-0.0006218910466078322
1.235313755047071e-06,-0.0007449560922406858
1.235316006902091e-06,-0.000861037784201714
1.235318632068017e-06,-0.001006538334892417
1.235320495727231e-06,-0.00110160102520448
1.235321886788438e-06,-0.001160375276551862
1.235323247678237e-06,-0.001212315936712262
1.235324229191125e-06,-0.001256514553707171
1.235325124377916e-06,-0.00129324451671187
1.235326108020385e-06,-0.001328283562801892
1.23532701268371e-06,-0.001347391758933476
1.235327728388337e-06,-0.001369043150232438
1.235328503308112e-06,-0.001381406259031616
1.23532924268956e-06,-0.001399660639342349
1.235330187711802e-06,-0.001411643066222067
1.235331453489591e-06,-0.001431117329901828
1.235332562577768e-06,-0.001438535772093281
1.235333796575246e-06,-0.001450572470750381
1.235335274546419e-06,-0.001453136856445153
1.235337262191587e-06,-0.001456451910796386
1.235340139280074e-06,-0.001441722510378669
1.23534370709667e-06,-0.001418123608516275
1.235347115566755e-06,-0.001384294294686801
1.23535144326448e-06,-0.001342507261356968
1.23535498181975e-06,-0.001291221192414955
1.235359070484562e-06,-0.001228834386731442
1.235364269061927e-06,-0.001135878656930964
1.235369457021884e-06,-0.001047941942364372
1.235374870668244e-06,-0.0009505946865009297
1.23538091149445e-06,-0.0008545412177688693
1.235388483183236e-06,-0.0007849960871042423
1.235397363488184e-06,-0.0009130665383714342
1.235404356154389e-06,-0.001189865425125976
1.23540908674058e-06,-0.001388964246021032
1.235413765575662e-06,-0.001521576557269472
1.23541929436921e-06,-0.00158865419584444
1.235424210355076e-06,-0.001569317013869607
1.235429207770643e-06,-0.001495352959115829
1.235435280262903e-06,-0.001326864139649223
1.235440761119668e-06,-0.00107449628395079
1.235445763935828e-06,-0.000774060043471951
1.235450775559182e-06,-0.0004741708967128087
1.23545644774432e-06,-0.0002010678930989374
1.235461061765351e-06,-4.044932461867287e-05
1.235465934314105e-06,8.068763529201025e-05
1.235472161302544e-06,0.0001817730179037784
1.235477328839689e-06,0.0002300427732063739
1.235483698741494e-06,0.0002553979725581097
1.235490512265884e-06,0.0002587450491558959
1.235495256132942e-06,0.0002457991462845376
1.2355e-06,0.0002340920785139211
1.235505873126833e-06,0.0002086922931651554
1.235511822917087e-06,0.000187213627007706
1.235518537337129e-06,0.0001617305737028342
1.235530823371719e-06,0.0001213931958518145
1.23554666534684e-06,8.083869031169461e-05
1.235569126255604e-06,4.422233281988028e-05
1.235596008324527e-06,2.048707201404178e-05
1.235630795647978e-06,6.869230736111852e-06
1.235673464950036e-06,1.039069228811461e-06
1.235726938906268e-06,-8.457373604248992e-07
1.235802780509856e-06,-1.171388487407623e-06
1.235914815054542e-06,-1.206097933799878e-06
1.236127290998874e-06,-1.126696757736091e-06
1.236494329926309e-06,-1.165243501033676e-06
1.23699775394479e-06,-1.096466704944004e-06
1.237698465098348e-06,-1.147123236112638e-06
1.238691458985507e-06,-1.083444708631555e-06
1.24e-06,-1.138891793155687e-06
1.24003125e-06,-1.269697082516877e-06
1.24008344693934e-06,-1.286071123429699e-06
1.24018784081802e-06,-1.498329082441696e-06
1.240226860715767e-06,-2.801714557757597e-06
1.240242483324869e-06,-3.554494522763367e-06
1.240256389201896e-06,-4.262189357574706e-06
1.240269857660566e-06,-4.885296459258099e-06
1.240274079570255e-06,-5.246465269145511e-06
1.240282523389633e-06,-6.212780439090876e-06
1.240288726276579e-06,-7.547255346806348e-06
1.240294272292301e-06,-1.048019015115845e-05
1.240296849096091e-06,-1.662495773328783e-05
1.240298837013003e-06,-2.093734996784981e-05
1.240301153153426e-06,-2.926505648661621e-05
1.240303286654092e-06,-3.363311730020284e-05
1.240306191879848e-06,-4.703975007824517e-05
1.240307261796127e-06,-5.236248734021815e-05
1.240308124520094e-06,-5.371070216382258e-05
1.240308979432148e-06,-5.388641785465085e-05
1.240310224086246e-06,-5.013970455651743e-05
1.24031126110855e-06,-4.450860081931378e-05
1.240312158403704e-06,-3.72374015148015e-05
1.240312898128039e-06,-3.040939659382704e-05
1.240313750297188e-06,-2.17758786160977e-05
1.240314967677196e-06,-1.503960372756161e-05
1.240315824464229e-06,-1.145849984653574e-05
1.240316737377388e-06,-9.929870240986206e-06
1.240317843535449e-06,-7.496284729942539e-06
1.240320055851572e-06,-6.353542110697229e-06
1.240322699755118e-06,-4.862133036237281e-06
1.240326153389091e-06,-5.375150477069649e-06
1.240330712211144e-06,-4.796240897952261e-06
1.240338341642421e-06,-6.16120126430722e-06
1.240347885197594e-06,-6.386348770209656e-06
1.240362097883204e-06,-8.824208875536891e-06
1.24038513882739e-06,-1.10952405764531e-05
1.240430051961515e-06,-1.752548818105299e-05
1.240465025980757e-06,-1.754879011352907e-05
1.240482512990379e-06,-1.610055758903296e-05
1.2405e-06,-1.190920924368147e-05
1.240509298568555e-06,-1.010480758838981e-05
1.240521296056844e-06,-7.919449976142188e-06
1.240532775638993e-06,-6.297468438171543e-06
1.240555734803291e-06,-4.029247928691276e-06
1.240582724742545e-06,-2.60784866583216e-06
1.240618718125212e-06,-1.696911354309145e-06
1.24066362841799e-06,-1.361669296767958e-06
1.240732918515186e-06,-1.137220857217795e-06
1.240844178128035e-06,-1.141655772695393e-06
1.240878334069485e-06,-1.081321673146538e-06
1.240946645952384e-06,-1.140092586436614e-06
1.241050595645608e-06,-1.076633418509187e-06
1.241258495032056e-06,-1.139312659755072e-06
1.241550388661268e-06,-1.075862111507846e-06
1.242134175919692e-06,-1.138575351318099e-06
1.243301750436539e-06,-1.074435024886466e-06
1.245e-06,-1.136906873028067e-06
1.245066952516963e-06,-2.090539255442845e-06
1.245158667407384e-06,-2.191953995069605e-06
1.245203171255018e-06,-3.815191223180423e-06
1.245224463819729e-06,-2.496279900720188e-06
1.245238361228044e-06,3.915723014576008e-06
1.245256791249816e-06,1.94677392467724e-05
1.245271072811234e-06,2.569014997410684e-05
1.245277228728651e-06,2.327371318988447e-05
1.245282293453091e-06,1.515116245222192e-05
1.245286659432049e-06,6.673596204154998e-06
1.245291695052723e-06,1.730814167117833e-06
1.245295998152035e-06,-2.388427274959319e-06
1.245298671258497e-06,-1.254648425080203e-05
1.245301840883963e-06,-2.652972145931927e-05
1.245304865950006e-06,-3.827488647075857e-05
1.245308865230031e-06,-5.256691147438986e-05
1.24531250466378e-06,-7.867065339197955e-05
1.245314464009186e-06,-0.0001009808912362816
1.245316852029737e-06,-0.0001179862144981834
1.24531867568711e-06,-0.0001257742746135777
1.245321212709703e-06,-0.0001246154072937383
1.245322533274638e-06,-0.0001371305474064896
1.245323560206819e-06,-0.000118228309322714
1.2453245932693e-06,-0.0001170998233560324
1.245325321384532e-06,-0.0001044809980793088
1.245326148595001e-06,-0.0001269345863590502
1.245326897066045e-06,-0.0001277381207829048
1.245327879675058e-06,-0.0001437227256586572
1.24532924977082e-06,-0.0001290813756270637
1.245330366877125e-06,-0.0001328150408644567
1.24533166971286e-06,-0.0001148580619096487
1.245333295172026e-06,-0.0001176791693273824
1.245335539532734e-06,-0.0001034129283280472
1.24533790914538e-06,-0.000124364111318413
1.245340994325786e-06,-0.0001270802642662038
1.245343697933415e-06,-0.0001340986326582128
1.245346233503151e-06,-0.0001090724780652658
1.245349370102788e-06,-0.0001058872631208452
1.245352529853565e-06,-8.375484696658974e-05
1.245355424206301e-06,-9.006591123268502e-05
1.245359003634396e-06,-7.324996136312752e-05
1.245363748555894e-06,-8.256847624216182e-05
1.24537012324113e-06,-6.980214570471642e-05
1.24537955864737e-06,-9.780929509619672e-05
1.24538910479138e-06,-0.0001674606186192832
1.245398010655244e-06,-0.0002924755234241643
1.245405621199867e-06,-0.0003354568301229379
1.245412952099001e-06,-0.0004121062888521775
1.245418640191599e-06,-0.0004230441121395463
1.245425762591459e-06,-0.0004618681124062143
1.24543271813003e-06,-0.0004461879897945571
1.245440958186298e-06,-0.0004551280454637189
1.245447472424034e-06,-0.0004094637055478391
1.245454482344889e-06,-0.0003635155753979263
1.245460575261563e-06,-0.0002818018600989098
1.245466557957567e-06,-0.0002440312283726218
1.245471442299384e-06,-0.000188847613165851
1.245475764041672e-06,-0.0001801042529824259
1.245480120222252e-06,-0.0001407318246583154
1.245485235653876e-06,-0.0001382547973224608
1.24549065640638e-06,-0.0001042424506621682
1.24549532820319e-06,-0.0001097791774033957
1.2455e-06,-8.246759658450206e-05
1.245506311918806e-06,-7.693320872795638e-05
1.245512975905201e-06,-6.505875537341003e-05
1.24551991135118e-06,-5.425055060354089e-05
1.245533782243139e-06,-3.66754813229465e-05
1.245549475549012e-06,-2.286519918329169e-05
1.245576755522651e-06,-9.529277568704156e-06
1.24560436001181e-06,-4.072391693778358e-06
1.245637802448431e-06,-2.028417540010785e-06
1.245677126670723e-06,-1.17507753569595e-06
1.245733574123159e-06,-1.262407260677926e-06
1.245817864528894e-06,-1.026074738709098e-06
1.245937125487519e-06,-1.256501167695821e-06
1.246094519468435e-06,-1.010242170137787e-06
1.246310752014901e-06,-1.243131372908732e-06
1.246632551575462e-06,-9.979439421401053e-07
1.247156170632133e-06,-1.232721202807447e-06
1.247901124513565e-06,-9.899351467978221e-07
1.248947411383989e-06,-1.227271926594707e-06
1.25e-06,-9.865518478268112e-07
1.250049495454296e-06,-6.843402506865767e-07
1.250120418694218e-06,-6.912849955980488e-07
1.250151287761944e-06,-6.872826957248469e-07
1.250213025897394e-06,-1.310766156081037e-06
1.250232393896979e-06,-1.721243283793732e-06
1.250247102310397e-06,-1.821932170291282e-06
1.250263478880076e-06,-1.890406040870661e-06
1.250281501877099e-06,-1.955214291811216e-06
1.250304925206237e-06,-1.86156998368364e-06
1.250309956895805e-06,-1.470998499968617e-06
1.250316805625259e-06,-1.141709227726269e-06
1.250323563654298e-06,-6.650488923402063e-07
1.250326942668817e-06,-7.937000270095022e-07
1.250333474032798e-06,-5.789916554916765e-07
1.250339986416276e-06,-7.30120140284353e-07
1.250353011183234e-06,-5.183453957716683e-07
1.250379060717149e-06,-6.456692771813073e-07
1.250428117635048e-06,-3.70835823790496e-07
1.250464058817524e-06,-5.145102504202192e-07
1.2505e-06,-4.993106684904903e-07
1.25050901872981e-06,-7.448953394569103e-07
1.25052645037222e-06,-7.615425746731291e-07
1.250542435966197e-06,-7.557350305803615e-07
1.25057440715415e-06,-7.964544867787907e-07
1.250636895999005e-06,-1.534720385923177e-06
1.250651246349468e-06,-1.806859039570581e-06
1.250679947050394e-06,-2.128327180322834e-06
1.250701315179053e-06,-2.341586816857289e-06
1.250723396601599e-06,-3.172291089628612e-06
1.250731041625741e-06,-5.00475715790078e-06
1.250735758112334e-06,-6.035810040013753e-06
1.250741339407995e-06,-7.511180127409772e-06
1.250746572838943e-06,-8.048304059500197e-06
1.250752317842048e-06,-8.411398453155693e-06
1.250757271458321e-06,-7.367069760954401e-06
1.250761319876505e-06,-5.361327778052679e-06
1.250764386180213e-06,-4.407075592391227e-06
1.250765907616141e-06,-4.136405553465263e-06
1.250768950487999e-06,-4.004907410796114e-06
1.250772149015976e-06,-3.815813648927633e-06
1.250777541468285e-06,-3.652744258576278e-06
1.250785810610806e-06,-3.015413335671832e-06
1.250797289434187e-06,-1.794605713042323e-06
1.250808250372072e-06,-1.116329930323922e-06
1.250818564342154e-06,-1.087162031220996e-06
1.25082912601765e-06,-1.044198661562678e-06
1.250841896865181e-06,-1.042147996735078e-06
1.250867438560243e-06,-1.053552688307685e-06
1.250903873388077e-06,-1.04845337705688e-06
1.250946864048376e-06,-1.071517736575932e-06
1.250996977975434e-06,-1.066821839964549e-06
1.251069694176448e-06,-1.097304727639578e-06
1.251206029343143e-06,-1.097638894414145e-06
1.251234860243479e-06,-1.112037224969795e-06
1.251292522044151e-06,-1.09811268269375e-06
1.251391868145186e-06,-1.112562766894681e-06
1.251590560347257e-06,-1.098000428033115e-06
1.251917169762598e-06,-1.112364902417831e-06
1.252570388593282e-06,-1.097548990635776e-06
1.253876826254648e-06,-1.111698980932894e-06
1.255e-06,-1.096864197009825e-06
1.255055396378081e-06,1.557506367134211e-06
1.255136228285383e-06,1.48862350747349e-06
1.255164702464094e-06,1.110294997592207e-06
1.25517893955345e-06,5.088512466890865e-07
1.255207413732161e-06,-3.026755193707014e-06
1.25522837874893e-06,-8.731565588666081e-06
1.255250125000227e-06,-1.791189799465703e-05
1.255252625000227e-06,4.15847284705956e-06
1.255255406198283e-06,-3.733485771972409e-05
1.255256516571151e-06,-5.047332300559402e-05
1.255257543902381e-06,-7.789257560131946e-05
1.255258580608314e-06,-9.086774867867599e-05
1.255259352804271e-06,-0.0001149506138316455
1.255260125000227e-06,-0.0001261471500750001
1.255260395115432e-06,-0.0001165843967650262
1.255260797391256e-06,-0.0001142101735960608
1.255261170228201e-06,-0.0001122056051124679
1.255261876850937e-06,-0.000110896101112919
1.25526281077127e-06,-0.0001106953448358474
1.255263756239409e-06,-0.0001107324864430874
1.255264804587903e-06,-0.0001111082336314983
1.255265837073478e-06,-0.0001126600369421366
1.255267052935059e-06,-0.000114852776189466
1.255268350923588e-06,-0.0001097580622756797
1.255269657735074e-06,-0.0001116195398752449
1.255270747711278e-06,-0.0001006562414516701
1.255271629764625e-06,-9.511008845737394e-05
1.255272302330454e-06,-8.798736759809733e-05
1.255273012806292e-06,-8.649961858287505e-05
1.255273708584385e-06,-8.116080706424382e-05
1.255274650259953e-06,-8.063935844634693e-05
1.255275786511257e-06,-7.484031867453805e-05
1.255276853041244e-06,-7.56272850008258e-05
1.255278022619301e-06,-7.176328794235113e-05
1.255279446453038e-06,-7.364387511000392e-05
1.255280857047823e-06,-6.956757354640585e-05
1.255282230327518e-06,-7.125469511497167e-05
1.255283066239758e-06,-6.905328975055271e-05
1.255284184522956e-06,-7.645898367295041e-05
1.255285130767889e-06,-7.829162201469308e-05
1.255286390587543e-06,-8.514385865739208e-05
1.255288005050829e-06,-8.577169234628554e-05
1.255289363079331e-06,-9.18803316454857e-05
1.25529105313185e-06,-9.533399639771847e-05
1.255293288922218e-06,-0.0001110153440386842
1.255295715261722e-06,-0.0001347631522859131
1.255298288876247e-06,-0.000180983784891288
1.25530163180088e-06,-0.000259525628108932
1.255304027002907e-06,-0.0003379638836055349
1.255307191870926e-06,-0.0004587309354708212
1.255310265136036e-06,-0.0005989560230104511
1.255313056467011e-06,-0.0007333225333278037
1.255315273344028e-06,-0.0008504732418937636
1.255317711040098e-06,-0.0009834827725250189
1.255319098203126e-06,-0.001066919105254698
1.255320629713946e-06,-0.001142739794936219
1.25532182683884e-06,-0.001200830468125737
1.255323035364087e-06,-0.001245895813707731
1.25532396718082e-06,-0.001293141282062427
1.255324897717095e-06,-0.001331213521874009
1.255325929314181e-06,-0.001377516521447704
1.255326821126372e-06,-0.001396528462487659
1.25532762802365e-06,-0.00142566412746826
1.255328470492751e-06,-0.001441346205269654
1.255329195024236e-06,-0.001463772417477188
1.255330112813882e-06,-0.001478629655433919
1.255331380847126e-06,-0.001506648695194731
1.255332484514882e-06,-0.001519916633681022
1.2553337066675e-06,-0.001542494415436531
1.255335154368861e-06,-0.001556238168297935
1.255337093639463e-06,-0.001580140239950472
1.255339875193925e-06,-0.001596894148175166
1.25534351697399e-06,-0.001620146548691535
1.255346922558175e-06,-0.001630543298484205
1.255351104744237e-06,-0.001637917162424147
1.255354724550155e-06,-0.00161198349165742
1.255358650841966e-06,-0.001567515081892994
1.255363820443244e-06,-0.001473329831363093
1.255369096063868e-06,-0.001365927406468426
1.255374536358325e-06,-0.001224124750186494
1.255380435361133e-06,-0.001020522863771444
1.255385259366388e-06,-0.0008803342034903257
1.255390367096429e-06,-0.0008307464337536963
1.255396110825875e-06,-0.0009068832923726671
1.25540104356365e-06,-0.00107426380583732
1.255406882561388e-06,-0.001324496020551482
1.255411962664309e-06,-0.001498635698003537
1.255417072436779e-06,-0.001586480866080706
1.255423060630564e-06,-0.001591236136439544
1.255430282726472e-06,-0.001479313472784964
1.255437728471836e-06,-0.001239204302465824
1.255444814047695e-06,-0.0008382164193863277
1.255450870000135e-06,-0.0004787671414861728
1.255455517986109e-06,-0.0002391362550512215
1.255461151549045e-06,-4.310883506742615e-05
1.255466453903765e-06,9.748179389927931e-05
1.255471302188893e-06,0.0001653739547711732
1.255477682170299e-06,0.000238266440977752
1.255482968120365e-06,0.0002503123548179856
1.255489263713361e-06,0.0002646239084465891
1.255495294878957e-06,0.0002434801972888054
1.2555e-06,0.0002378914679747569
1.255506495452172e-06,0.0002074013739768336
1.255513420961155e-06,0.0001821404458857944
1.255520464268569e-06,0.0001559109541569785
1.255534186960826e-06,0.0001123300769777904
1.255550719838137e-06,7.326630882599867e-05
1.255573920298017e-06,3.886809494607345e-05
1.255602595168331e-06,1.706403291249473e-05
1.255640997953747e-06,4.612904069728496e-06
1.255683290027903e-06,5.943639702312465e-07
1.255744716593799e-06,-1.205410496490911e-06
1.255819708487737e-06,-1.031471239105288e-06
1.255958317812671e-06,-1.358011350929933e-06
1.256143511515129e-06,-9.793202559703262e-07
1.256508265830283e-06,-1.322321450361663e-06
1.257017367438037e-06,-9.448032499904156e-07
1.257748612129554e-06,-1.302691423420398e-06
1.258768375368893e-06,-9.299200314554737e-07
1.26e-06,-1.294498565209501e-06
1.26003125e-06,-1.268555568432409e-06
1.26008344693934e-06,-1.287961740188883e-06
1.26018784081802e-06,-1.498357963685699e-06
1.260226860715767e-06,-2.802859249312792e-06
1.26024248437664e-06,-3.555753654804105e-06
1.260256389579755e-06,-4.262159293830102e-06
1.260269857658945e-06,-4.887471402092148e-06
1.260274079612661e-06,-5.246862106832697e-06
1.260282523520091e-06,-6.212165342334104e-06
1.26028873456139e-06,-7.548594141994301e-06
1.260294275919407e-06,-1.046007383288966e-05
1.260296858715928e-06,-1.659057592983214e-05
1.260298848442487e-06,-2.089564532038032e-05
1.260301169420869e-06,-2.920987750631636e-05
1.260303302404122e-06,-3.357397669683007e-05
1.26030621090236e-06,-4.690467416575231e-05
1.260307283022061e-06,-5.229154741353627e-05
1.260308144081799e-06,-5.364093153968813e-05
1.260308999053344e-06,-5.387666490922488e-05
1.260310246056056e-06,-5.015862549167018e-05
1.260311285176189e-06,-4.457111354821637e-05
1.260312185807992e-06,-3.728361193556847e-05
1.260312926313418e-06,-3.048833577507333e-05
1.2603137774821e-06,-2.182977862840404e-05
1.260314980338797e-06,-1.516557108369838e-05
1.260315838971224e-06,-1.151472974465864e-05
1.260316748773228e-06,-1.000180948799131e-05
1.260317850372909e-06,-7.525929584805936e-06
1.260320053572271e-06,-6.394231623004406e-06
1.26032268903301e-06,-4.862386241274417e-06
1.260326124447628e-06,-5.398845730238876e-06
1.260330652271504e-06,-4.786706055056193e-06
1.260338203610336e-06,-6.172173389888329e-06
1.260347721175757e-06,-6.364804877443652e-06
1.260361839339998e-06,-8.818511709986039e-06
1.260384735513494e-06,-1.104047202408666e-05
1.260429007513775e-06,-1.746086162130407e-05
1.260464503756888e-06,-1.761589529295995e-05
1.260482251878444e-06,-1.62143359978899e-05
1.2605e-06,-1.194330898438706e-05
1.260509312455549e-06,-1.01434355775155e-05
1.260521399259713e-06,-7.93477684026831e-06
1.260532953949233e-06,-6.29952380645634e-06
1.260556063328275e-06,-4.018768933817554e-06
1.260583047893913e-06,-2.590093875723931e-06
1.260619079864332e-06,-1.716863099497234e-06
1.260664028115539e-06,-1.338892689841722e-06
1.260733551873139e-06,-1.160263782621645e-06
1.260845375160002e-06,-1.118392664775219e-06
1.260879095362893e-06,-1.106465642242169e-06
1.260946535768675e-06,-1.11579149360432e-06
1.261050689647561e-06,-1.102426246184349e-06
1.261258997405332e-06,-1.114724419777868e-06
1.261555227543911e-06,-1.101714449499426e-06
1.262147687821069e-06,-1.113796611844373e-06
1.263332608375385e-06,-1.100147795531717e-06
1.265e-06,-1.111924557280257e-06
1.265066383523788e-06,-2.09102412758318e-06
1.265157578051967e-06,-2.178722865182878e-06
1.265201561039983e-06,-3.722027989410235e-06
1.265223552533991e-06,-2.677094860493335e-06
1.265237537997119e-06,3.332006331080526e-06
1.265256395468445e-06,1.905855309981286e-05
1.265270653941061e-06,2.57853694910496e-05
1.265276962012579e-06,2.338813861057515e-05
1.265282044406297e-06,1.57216402954068e-05
1.265286399283803e-06,7.023605965421217e-06
1.265291503138276e-06,1.822491455442025e-06
1.265295807850165e-06,-1.975513620809389e-06
1.265298458702818e-06,-1.163250185689662e-05
1.265301672487667e-06,-2.58383810336811e-05
1.265304646166294e-06,-3.750931116534626e-05
1.265308861919459e-06,-5.253096439684506e-05
1.265312459531918e-06,-7.825798690679466e-05
1.265314418126846e-06,-0.0001005087331116812
1.265316830061486e-06,-0.0001179422676561485
1.265318648973393e-06,-0.0001257288355096972
1.265321180819507e-06,-0.0001245874076474757
1.26532250852616e-06,-0.0001370808197967479
1.265323533970963e-06,-0.0001186732581011091
1.265324570066844e-06,-0.0001171563454441413
1.265325305710081e-06,-0.0001044917407784195
1.265326138451925e-06,-0.0001264868491177755
1.265326886626459e-06,-0.0001276522595024847
1.26532785960158e-06,-0.0001434261587132926
1.265329257817007e-06,-0.0001291936868664158
1.265330372122426e-06,-0.0001325823998493366
1.265331677233509e-06,-0.0001149909459533095
1.26533329521105e-06,-0.0001173163954602217
1.265335542224064e-06,-0.0001034515044132367
1.265337911153067e-06,-0.0001242734430569323
1.265340817110091e-06,-0.0001278551286634859
1.265343545417053e-06,-0.0001355531186036004
1.265346037255555e-06,-0.0001113600751371603
1.265349158918853e-06,-0.0001070705296333053
1.265352349051662e-06,-8.490567782468126e-05
1.265355237122608e-06,-9.034962729455193e-05
1.265358757204842e-06,-7.404910337345903e-05
1.265363418055735e-06,-8.269931092474407e-05
1.26536966348724e-06,-7.043280046099976e-05
1.265378876892036e-06,-9.550587548522952e-05
1.265388460651463e-06,-0.00015755246813162
1.26539741428652e-06,-0.0002773783601987927
1.26540482887763e-06,-0.0003150546751348761
1.26541254069248e-06,-0.0003874279352809316
1.265418286251399e-06,-0.0004002908159368516
1.265424710881155e-06,-0.0004326403045704778
1.265432397646924e-06,-0.0004199689425206413
1.265440909455426e-06,-0.000425257411209752
1.265450975977314e-06,-0.0003666190242483387
1.265458444703365e-06,-0.0003010786427287454
1.26546465473729e-06,-0.0002231339732005729
1.265469669723317e-06,-0.0002040249844194007
1.265474796804661e-06,-0.0001588699405487582
1.265479166820538e-06,-0.0001556004318142372
1.265483554543914e-06,-0.0001238975089002223
1.265489259522283e-06,-0.0001228397845074967
1.265494139378764e-06,-9.554608939953916e-05
1.2655e-06,-9.825978276281248e-05
1.26550671050291e-06,-7.627501431909579e-05
1.265513576285223e-06,-6.417296023277254e-05
1.26552106824895e-06,-5.279717821380955e-05
1.265536052176403e-06,-3.438546355214903e-05
1.265552406682985e-06,-2.100536701047252e-05
1.265579938952268e-06,-8.646218082801583e-06
1.265607874743061e-06,-3.75956449267922e-06
1.265642083615625e-06,-1.880094319746733e-06
1.265682768341345e-06,-1.185420943805257e-06
1.265741888085347e-06,-1.226844807669921e-06
1.265831373677775e-06,-1.063589911904895e-06
1.265954870540949e-06,-1.218989294115134e-06
1.266117786332482e-06,-1.045894089728976e-06
1.266338234771584e-06,-1.206255490727074e-06
1.266668549070541e-06,-1.0338261209707e-06
1.267168908419822e-06,-1.196560581908168e-06
1.267935646567721e-06,-1.026053224973397e-06
1.269001442454531e-06,-1.191138448885832e-06
1.27e-06,-1.022712209666844e-06
1.270048346626531e-06,-6.860974388127974e-07
1.270118168121098e-06,-6.920912743764942e-07
1.270148019851345e-06,-6.900448241980783e-07
1.27020772331184e-06,-1.172809608991338e-06
1.270228294699092e-06,-1.640043638046148e-06
1.270243115034676e-06,-1.812089799903346e-06
1.270260610622229e-06,-1.87927379915403e-06
1.270276446255586e-06,-1.913873643510826e-06
1.270294466440329e-06,-1.979098259003663e-06
1.270301322926669e-06,-1.825928562455626e-06
1.270304751169839e-06,-1.746582290815972e-06
1.27031160765618e-06,-1.389375702453489e-06
1.270318456429617e-06,-9.172165145550842e-07
1.270325512074172e-06,-6.629411418877942e-07
1.270328165130439e-06,-6.702208124447599e-07
1.270333471242975e-06,-6.138404875187617e-07
1.27034046578624e-06,-6.075305730813749e-07
1.270354454872771e-06,-5.429917841283928e-07
1.270382433045833e-06,-4.986836354709377e-07
1.270438389391957e-06,-3.514406391751482e-07
1.270453792043968e-06,-3.679357629463416e-07
1.270476896021984e-06,-4.285139308522475e-07
1.2705e-06,-5.688419803277722e-07
1.270510268180544e-06,-7.117989815591084e-07
1.270524269257727e-06,-7.354793203966368e-07
1.270537473621273e-06,-7.562818895605737e-07
1.270563882348366e-06,-9.177033092837494e-07
1.270594510373809e-06,-1.459379221665019e-06
1.270617169827065e-06,-1.951119781981567e-06
1.270624058263568e-06,-2.017696902151016e-06
1.270637835136574e-06,-2.147180844473269e-06
1.27065526783387e-06,-2.325658781948969e-06
1.270672560201386e-06,-2.661240210794774e-06
1.270679769845742e-06,-3.613997672750267e-06
1.270684260537261e-06,-4.708290110648623e-06
1.270688429039793e-06,-5.880568779652645e-06
1.270693026644849e-06,-7.079659236949267e-06
1.27069750123438e-06,-8.009704657552297e-06
1.270704084215462e-06,-8.582106150693865e-06
1.270708991989968e-06,-8.214989440612702e-06
1.270712023676487e-06,-6.871279243886375e-06
1.27071516506772e-06,-5.300873653303501e-06
1.270718346775255e-06,-4.285021753675747e-06
1.270721714288653e-06,-4.117872605144751e-06
1.270724808041517e-06,-3.901361837390124e-06
1.270728732200819e-06,-3.811859332507053e-06
1.270736013064799e-06,-3.243919313125745e-06
1.270747347439457e-06,-1.997285094399085e-06
1.270757535473297e-06,-1.163283324744316e-06
1.270762629490218e-06,-1.158073990847968e-06
1.270772817524059e-06,-1.004858377559124e-06
1.270783163491184e-06,-1.092472697640253e-06
1.270802486098198e-06,-9.944131931657125e-07
1.270835370940895e-06,-1.097026270139317e-06
1.270876859905605e-06,-1.011705620034477e-06
1.270921399384486e-06,-1.116684441170435e-06
1.270977457036461e-06,-1.035219282656594e-06
1.271067674103089e-06,-1.147135484169977e-06
1.271101413756412e-06,-1.054105136939425e-06
1.271168893063057e-06,-1.152410263567679e-06
1.271258225128595e-06,-1.057415174737656e-06
1.271388775549382e-06,-1.153316112558289e-06
1.271573210951092e-06,-1.057392511263757e-06
1.271899430504301e-06,-1.153059018038017e-06
1.272551869610718e-06,-1.056974461790107e-06
1.273856747823552e-06,-1.152366730795201e-06
1.275e-06,-1.056279941921206e-06
1.275055840160412e-06,1.557241780007432e-06
1.275137103191531e-06,1.484339621039087e-06
1.275165358643705e-06,1.091729019213222e-06
1.275179486369793e-06,4.754429770319592e-07
1.275207741821967e-06,-3.087735732856598e-06
1.275228653673085e-06,-8.803534266079736e-06
1.275250125000227e-06,-1.784307110794417e-05
1.275252625000227e-06,3.723138610516726e-05
1.275255406198283e-06,-2.961816515565733e-05
1.275256799450839e-06,2.590292537617836e-06
1.275258583079225e-06,-6.344728715663191e-05
1.275259354039726e-06,-2.466040401679935e-05
1.275260125000227e-06,-8.40438493144446e-05
1.275260442683615e-06,-7.560810778471321e-05
1.2752608541876e-06,-7.60023247820776e-05
1.275261237257959e-06,-7.587982944480526e-05
1.275261946240576e-06,-7.639979822774977e-05
1.275263041345903e-06,-7.417370014681093e-05
1.275264196486556e-06,-7.144889270438816e-05
1.275265391990114e-06,-6.891723834302394e-05
1.275266583734228e-06,-7.144496730018127e-05
1.275267813533465e-06,-6.995032849073477e-05
1.275269275430808e-06,-6.528673740200034e-05
1.275270741447995e-06,-5.80353636455108e-05
1.275272846567703e-06,-5.012494209995736e-05
1.275274488905632e-06,-4.612214956688937e-05
1.275276354480652e-06,-4.469425893923347e-05
1.275278274545481e-06,-4.476610168397259e-05
1.27528036289068e-06,-4.558517463901943e-05
1.275281850287749e-06,-4.441952030555642e-05
1.275283416564448e-06,-4.780589014828324e-05
1.275284701992401e-06,-5.429864602478021e-05
1.275285762214353e-06,-5.982877603190853e-05
1.275287140348098e-06,-6.346268960045085e-05
1.275288496275307e-06,-6.765742458591503e-05
1.275290002717399e-06,-7.172422678969856e-05
1.27529196582035e-06,-8.11899951793582e-05
1.275294331942262e-06,-9.869684925148938e-05
1.275296761011845e-06,-0.0001331967819805398
1.27529985217569e-06,-0.0001971173274074305
1.275302510328047e-06,-0.0002748817442436283
1.275305050709764e-06,-0.0003663021667653147
1.275308176152073e-06,-0.0005022730093905073
1.275311349456184e-06,-0.0006550679715486346
1.275313805658921e-06,-0.0007836743958661505
1.275316054802952e-06,-0.0009074417128462114
1.275318696549002e-06,-0.001069411113960471
1.275320554770471e-06,-0.001174539842484474
1.275321952504443e-06,-0.00124239544293759
1.275323313247282e-06,-0.001300604122222609
1.27532429683582e-06,-0.001354516344993372
1.275325185337077e-06,-0.001394543586824191
1.275326157451334e-06,-0.001434100812024528
1.275327067658505e-06,-0.001452031218583238
1.275327770068885e-06,-0.001477994284907719
1.275328534541844e-06,-0.001488337257078459
1.275329278960907e-06,-0.001511327361972079
1.275330233233435e-06,-0.001521658807045462
1.27533149878987e-06,-0.001545375025422057
1.275332609492947e-06,-0.001550881053211271
1.27533384817224e-06,-0.001567385212912088
1.275335337957877e-06,-0.001568898307229266
1.275337345218157e-06,-0.001577548287531233
1.275340260521613e-06,-0.001562160738005586
1.27534381920726e-06,-0.001543453679928856
1.275347231160018e-06,-0.001509285550972894
1.275351607010431e-06,-0.001473220742109517
1.275355113392647e-06,-0.001420153610201513
1.275359273779308e-06,-0.001358548154343416
1.27536446984857e-06,-0.001260405417295734
1.275369655520029e-06,-0.001172197127084838
1.275375078082419e-06,-0.001067819223140265
1.27538115975509e-06,-0.0009706631995303155
1.275388799463976e-06,-0.0009175154092175365
1.275397224848101e-06,-0.001114211481699883
1.27540363678371e-06,-0.001438861087513291
1.275407873150728e-06,-0.001664030635542983
1.275412024108977e-06,-0.001815681326526063
1.27541646364012e-06,-0.001901229060995716
1.275420454336705e-06,-0.001905100713642085
1.275424437107196e-06,-0.001866658823159536
1.27542896028929e-06,-0.001758225503447839
1.275433225587558e-06,-0.001602714959771806
1.2754379366988e-06,-0.001315041790998996
1.275442820322097e-06,-0.0009671554413461837
1.275447428538745e-06,-0.0006329869959230869
1.275451819514096e-06,-0.0003925215588276153
1.275456642582387e-06,-0.0001646950657427442
1.275461500347293e-06,-2.021221008796717e-05
1.275466851717213e-06,0.0001155013078752796
1.275471863755798e-06,0.0001767870607592234
1.275477553389018e-06,0.0002424658632540323
1.275482613497492e-06,0.0002495529618012064
1.275488035205033e-06,0.0002693628335118865
1.275493018754798e-06,0.0002477316545259301
1.275496509377399e-06,0.0002535072015681153
1.2755e-06,0.0002271347181251496
1.275503646072669e-06,0.000219651774072457
1.275507095860564e-06,0.000207291480577048
1.275511313432248e-06,0.0001908354418376497
1.275518203035867e-06,0.0001649398125970828
1.275531982243107e-06,0.0001191585885290442
1.275550173168943e-06,7.471922035476754e-05
1.275572517206639e-06,4.062538942244238e-05
1.275600938563716e-06,1.802609265670721e-05
1.275638091005316e-06,5.205978707689457e-06
1.275680059381191e-06,7.449050460650242e-07
1.275739415116995e-06,-1.138758250141647e-06
1.275813456060357e-06,-1.078421371700764e-06
1.275949180384697e-06,-1.333625327575859e-06
1.276133283536795e-06,-1.023955346553713e-06
1.276501489840992e-06,-1.289594062233682e-06
1.27700487009969e-06,-9.858647450953466e-07
1.277728831189712e-06,-1.266832905258508e-06
1.27873790732634e-06,-9.696822226343842e-07
1.28e-06,-1.257140867929489e-06
1.28003125e-06,-1.270558489102309e-06
1.28008344693934e-06,-1.288361283126383e-06
1.28018784081802e-06,-1.499862680638993e-06
1.280226860715767e-06,-2.803616592726144e-06
1.280242483537095e-06,-3.557069675777394e-06
1.280256388921532e-06,-4.266349085992312e-06
1.280269857159808e-06,-4.887669289406155e-06
1.280274079608646e-06,-5.248590083153855e-06
1.280282524506323e-06,-6.210585243153798e-06
1.280288746017241e-06,-7.551179297124143e-06
1.280294281751844e-06,-1.043535496197819e-05
1.280296871856136e-06,-1.655001299721591e-05
1.280298863868186e-06,-2.084390077922484e-05
1.280301190745263e-06,-2.914439144381013e-05
1.2803033233015e-06,-3.35000515612299e-05
1.28030623595367e-06,-4.674276652613881e-05
1.280307310781576e-06,-5.220199642060673e-05
1.280308170019339e-06,-5.3554998747248e-05
1.280309025204107e-06,-5.386041623171322e-05
1.280310275144769e-06,-5.019898350540722e-05
1.280311316258868e-06,-4.462808093495669e-05
1.280312220860421e-06,-3.736642088381234e-05
1.280312962772265e-06,-3.056454488314657e-05
1.280313812513735e-06,-2.192127014983045e-05
1.280314997979736e-06,-1.529884851202124e-05
1.280315859138889e-06,-1.160587336661631e-05
1.28031676523064e-06,-1.006813192004654e-05
1.280317861402163e-06,-7.583711040425478e-06
1.280320053745208e-06,-6.422853993762221e-06
1.280322679160945e-06,-4.883927310184503e-06
1.28032609276912e-06,-5.407058497862612e-06
1.280330583504283e-06,-4.796400182075297e-06
1.280338041904611e-06,-6.16545420114837e-06
1.280347530317956e-06,-6.360489538399531e-06
1.28036153967666e-06,-8.792849991736773e-06
1.280384268405545e-06,-1.099797630125027e-05
1.280427810297355e-06,-1.73643087132822e-05
1.280463905148677e-06,-1.771360512573413e-05
1.280481952574339e-06,-1.632914900616077e-05
1.2805e-06,-1.200666038315196e-05
1.280509329671263e-06,-1.019131589507063e-05
1.280521518751766e-06,-7.955001009852674e-06
1.280533159534572e-06,-6.303894741760284e-06
1.280556441100184e-06,-4.007988598342596e-06
1.280583415770816e-06,-2.585796804279188e-06
1.280619485364152e-06,-1.714761724891382e-06
1.280664469883038e-06,-1.33838431697574e-06
1.280734247415924e-06,-1.160017560110292e-06
1.280846711945995e-06,-1.119029765172631e-06
1.280979847321789e-06,-1.104714388304492e-06
1.281094048832735e-06,-1.114664150205959e-06
1.281236549858408e-06,-1.103790195420517e-06
1.281519755468473e-06,-1.11434211572571e-06
1.282086166688601e-06,-1.102675329357064e-06
1.283218989128858e-06,-1.112706142628943e-06
1.285e-06,-1.100490081872087e-06
1.285068455214518e-06,-2.067186597974103e-06
1.285161537335342e-06,-2.169849703937973e-06
1.285207422748559e-06,-3.525229708653711e-06
1.285226888260963e-06,-9.036851197888192e-07
1.285240551207435e-06,6.695472770396592e-06
1.285258057876715e-06,2.261606873088684e-05
1.285272268772086e-06,2.772191757617426e-05
1.285279330342843e-06,2.37233088141669e-05
1.285283615239682e-06,1.41615178101254e-05
1.285287826402842e-06,8.136681851052463e-06
1.285292487443117e-06,3.295244521888568e-06
1.285296835101213e-06,-2.812835637524452e-06
1.285299835529572e-06,-1.979184900998437e-05
1.285302895109748e-06,-3.422255167888875e-05
1.285306288215183e-06,-5.005763541228568e-05
1.285309783861997e-06,-6.416131771323388e-05
1.285313806497398e-06,-0.0001110283317917128
1.285315933036598e-06,-0.0001305480028979545
1.285318079983149e-06,-0.0001483716354110726
1.285320253904795e-06,-0.0001445850731378746
1.285321810726974e-06,-0.000158845276085357
1.285322825689137e-06,-0.0001509772107618218
1.285324001702867e-06,-0.0001403465064140522
1.285324991127894e-06,-0.0001239456729016189
1.285325724459366e-06,-0.0001353922037577925
1.285326493164441e-06,-0.0001472412879491587
1.285327297121163e-06,-0.0001622509166161628
1.285328368590679e-06,-0.000158559310036165
1.285329447261834e-06,-0.000156418772163232
1.285330634124517e-06,-0.0001418167020267887
1.285331996266885e-06,-0.0001361534367376141
1.285333816002416e-06,-0.0001199272396818618
1.285336092693613e-06,-0.0001220285731977269
1.285338522172727e-06,-0.0001311873159161578
1.285340853419041e-06,-0.0001470669853437332
1.285343438647565e-06,-0.0001403978291042318
1.28534586937284e-06,-0.000132923245858437
1.285348800728099e-06,-0.0001138592855701863
1.285352024196679e-06,-0.0001056341318008289
1.285355288890681e-06,-9.407304314267576e-05
1.285358978765255e-06,-9.359649937482982e-05
1.285363579978128e-06,-8.723682489308002e-05
1.285369929440348e-06,-9.231588716961509e-05
1.285379074933707e-06,-0.0001070231879462514
1.285386941409328e-06,-0.0001853478540631271
1.285395739093708e-06,-0.0003255578431008873
1.285402899836213e-06,-0.0004001396447966896
1.285410203649716e-06,-0.0004528646721676253
1.285416361424254e-06,-0.000494484424089169
1.285421661839254e-06,-0.0004995730014733447
1.285428979700249e-06,-0.0005097051555556542
1.285436214971787e-06,-0.0004902742581326274
1.285443321129209e-06,-0.0004757217761259919
1.285451697613198e-06,-0.0003926894008071183
1.285457777617902e-06,-0.0003177564492281672
1.285463992787139e-06,-0.0002493553277044534
1.285468737110414e-06,-0.0002268224770768275
1.285474223549056e-06,-0.0001883066374900929
1.285478388397257e-06,-0.000179361163953286
1.285483770261756e-06,-0.0001506375831421668
1.285488679070604e-06,-0.0001444908507872347
1.285493503083697e-06,-0.0001218640002672852
1.2855e-06,-0.000114610276865993
1.28550614729755e-06,-9.419371354969565e-05
1.285513390402421e-06,-7.871228827224916e-05
1.285520954398032e-06,-6.449429852928225e-05
1.285536082389256e-06,-4.176950807640576e-05
1.285553251795664e-06,-2.465202028702463e-05
1.285580762007889e-06,-1.008945601347815e-05
1.285608906266146e-06,-4.178295124059286e-06
1.2856432211432e-06,-2.066813892074949e-06
1.285684450455641e-06,-1.162162988670385e-06
1.285744398832744e-06,-1.297840465280289e-06
1.28583590453981e-06,-1.017970966892551e-06
1.285961312131103e-06,-1.282413236167779e-06
1.286125922045483e-06,-9.94912113546991e-07
1.286350727308165e-06,-1.266161633411659e-06
1.286666703875003e-06,-9.807532599564924e-07
1.287148952835961e-06,-1.254992965166851e-06
1.2879092385277e-06,-9.715212120517402e-07
1.288975020374852e-06,-1.248374038861513e-06
1.29e-06,-9.674424236106103e-07
1.290048911793561e-06,-6.884861529046003e-07
1.290119276370781e-06,-6.938087900032321e-07
1.290149627828576e-06,-6.929903052789772e-07
1.290210330744165e-06,-1.243666592049342e-06
1.29023021714066e-06,-1.684552706055881e-06
1.290244948672318e-06,-1.819163153173604e-06
1.290261849096396e-06,-1.883806318860936e-06
1.290278502256739e-06,-1.911038909861242e-06
1.290304093849127e-06,-1.811858823509716e-06
1.290309136203776e-06,-1.463670454146074e-06
1.290316030196561e-06,-1.112196774219075e-06
1.290322904049024e-06,-6.138344133230485e-07
1.290325923829168e-06,-6.971740612821517e-07
1.290331963389455e-06,-5.143734068479594e-07
1.290337944594908e-06,-6.173827605461224e-07
1.290349907005813e-06,-4.369815356982191e-07
1.29037267207193e-06,-5.063709046934812e-07
1.290417590408411e-06,-2.594111659169962e-07
1.290458795204205e-06,-3.744955723170523e-07
1.290469096403154e-06,-2.965924400897024e-07
1.290484548201577e-06,-5.368133017231477e-07
1.2905e-06,-4.840775403493134e-07
1.29050936304907e-06,-7.289984798904412e-07
1.290520694809363e-06,-8.06934985871959e-07
1.290531626099197e-06,-9.251448997406986e-07
1.290553488678864e-06,-1.370341821133427e-06
1.290583676325627e-06,-2.034646699508361e-06
1.290606277349591e-06,-2.224981511696799e-06
1.290626137782895e-06,-2.565741377784579e-06
1.290631349628148e-06,-2.825308966593988e-06
1.290641773318655e-06,-5.122252745085807e-06
1.290646612227995e-06,-6.442370475476225e-06
1.290651823446003e-06,-7.93401070387907e-06
1.290656500834502e-06,-8.576577013251516e-06
1.29066187589948e-06,-8.877618995208321e-06
1.290666448458056e-06,-7.762916710992768e-06
1.290670108033389e-06,-5.629905838418695e-06
1.290672982109055e-06,-4.664035109902801e-06
1.290675741070033e-06,-4.20027545058275e-06
1.290678727657416e-06,-4.169255558247166e-06
1.290682114318827e-06,-3.87690690722968e-06
1.290687727309743e-06,-3.645659547839515e-06
1.290698793035943e-06,-2.194471056370186e-06
1.29070819554019e-06,-1.392767465326501e-06
1.290717412845039e-06,-1.001876153930765e-06
1.290727909162322e-06,-1.114373300062288e-06
1.290738257116e-06,-9.70810971706353e-07
1.290755186805916e-06,-1.104852929992735e-06
1.290789046185747e-06,-9.826317203303217e-07
1.29083103314723e-06,-1.124851136742359e-06
1.290875256688192e-06,-1.006051840199737e-06
1.290928816533265e-06,-1.151026857657713e-06
1.291013708339651e-06,-1.036972143358111e-06
1.291041097801624e-06,-1.167613588877073e-06
1.29109587672557e-06,-1.041108922888837e-06
1.291180165832119e-06,-1.17008596254928e-06
1.291309541233497e-06,-1.04222830382359e-06
1.291501314691256e-06,-1.169884934748532e-06
1.291806185953888e-06,-1.041968767837548e-06
1.292415928479152e-06,-1.169383675318537e-06
1.29363541352968e-06,-1.041190715926173e-06
1.295e-06,-1.168499417631388e-06
1.295060516904954e-06,1.279279335416188e-06
1.295146256162499e-06,1.175285648562331e-06
1.295172223371931e-06,6.522187063391833e-07
1.295224157790795e-06,-6.32940060880626e-06
1.295250125000227e-06,-1.637777242589965e-05
1.295271666810785e-06,-2.40762719475267e-05
1.295288780880704e-06,-3.88825665624068e-05
1.295294458257777e-06,-7.793568498983337e-05
1.295299995044682e-06,-0.0001773380564255584
1.295306218926501e-06,-0.0004022878818513998
1.295312758567942e-06,-0.0007199884065533015
1.295314405426303e-06,-0.0008076543803002376
1.295317699143023e-06,-0.001002165434672448
1.295320093657472e-06,-0.001147913038886722
1.295321999410342e-06,-0.001249432353270901
1.295324266558426e-06,-0.001366764080117907
1.295325316896346e-06,-0.001441821258152538
1.295326577317708e-06,-0.001470496648055787
1.295327533395585e-06,-0.001513623291355475
1.295328277757965e-06,-0.001521127102958818
1.295329023347183e-06,-0.001551471602185089
1.295329877522862e-06,-0.001557938484263262
1.295331169533494e-06,-0.001590313922151679
1.29533228449319e-06,-0.001593086474197443
1.295333500171268e-06,-0.001617146582774028
1.295334912807191e-06,-0.001616307774725233
1.295336791617952e-06,-0.001633613710559924
1.295339454920468e-06,-0.001615154638557835
1.295343327115119e-06,-0.001593614646047269
1.295347091599094e-06,-0.00154471367958042
1.295350628227969e-06,-0.001520464500667627
1.295354333359752e-06,-0.001461902715709244
1.295358127872243e-06,-0.001414291300288355
1.295363662927999e-06,-0.001309643197073307
1.295368987223548e-06,-0.001228093466167024
1.295374470158631e-06,-0.001122100869113527
1.295380300261671e-06,-0.001037200865654983
1.295387773163072e-06,-0.0009865569343407979
1.295396018662013e-06,-0.001223787560664885
1.295402288093702e-06,-0.001584310985571751
1.295408242449486e-06,-0.001959036580538591
1.29541246908839e-06,-0.002098997551828444
1.295418260367634e-06,-0.002184776317228406
1.295423750211451e-06,-0.00210904271723072
1.295428826201682e-06,-0.001979481595611268
1.295435194562882e-06,-0.001596619402426092
1.295440079897434e-06,-0.001203799340132177
1.295445371627879e-06,-0.0007690975651619596
1.295449371593467e-06,-0.0005328242450672585
1.295454191741304e-06,-0.0002688536681918615
1.295458847784142e-06,-0.0001109079322101484
1.295464065773458e-06,5.292760629736523e-05
1.295470105543748e-06,0.0001452010612624523
1.295476176719463e-06,0.0002309051548827011
1.295482530605139e-06,0.0002429657409069516
1.295490551439146e-06,0.0002686891575063232
1.295495275719573e-06,0.0002379099348103688
1.2955e-06,0.000244503639499646
1.295506227022243e-06,0.0002093272323302088
1.295512510642083e-06,0.0001869359888694421
1.295519384812352e-06,0.0001612182390532006
1.295532458558014e-06,0.0001189876010130662
1.295548792143246e-06,7.837322792926706e-05
1.29557213144219e-06,4.174234379531557e-05
1.295599869068346e-06,1.883855274845819e-05
1.295635458964902e-06,5.956339612042056e-06
1.295678076256918e-06,8.362998630348568e-07
1.295733827886453e-06,-1.012757119012454e-06
1.295810055196734e-06,-1.130824144890924e-06
1.295932739912651e-06,-1.289178910489668e-06
1.296136486239325e-06,-1.070298513377814e-06
1.296514757176551e-06,-1.242802487089909e-06
1.297023055858954e-06,-1.03147841198572e-06
1.29774216595244e-06,-1.220994369546981e-06
1.298757102029475e-06,-1.015240709873255e-06
1.3e-06,-1.211615712614343e-06
