P_inst X,P_inst Y
1.5e-08,7.485981311471467e-06
1.50375e-08,3.508636075505e-06
1.504699039417077e-08,3.75376171104081e-06
1.506597118251231e-08,6.401036109446402e-06
1.507115572107965e-08,7.875017059220618e-06
1.507578977401463e-08,8.845996772842487e-06
1.508118708888497e-08,1.012057891575442e-05
1.508641662960048e-08,1.100141632384997e-05
1.509587409180221e-08,1.326531562115913e-05
1.50998009608311e-08,1.325891566068584e-05
1.510233385191978e-08,1.244101282313409e-05
1.510538713053329e-08,1.071897929280605e-05
1.510785522743571e-08,9.261656908591727e-06
1.511038882153138e-08,8.32573957152782e-06
1.511281621753785e-08,8.076576708550737e-06
1.511535527368564e-08,8.006525652477852e-06
1.511787582625003e-08,8.035740110722176e-06
1.512147346736478e-08,8.024283409109005e-06
1.512809455451487e-08,8.165664227648623e-06
1.513551178174922e-08,8.72941992084687e-06
1.514275589087461e-08,1.003351568958617e-05
1.51463779454373e-08,1.083348898542143e-05
1.515e-08,1.178492699566104e-05
1.515214391549893e-08,1.346315246138028e-05
1.515490537660779e-08,1.380785440556836e-05
1.515757973905524e-08,1.420107617748182e-05
1.516245390658296e-08,1.468329482838842e-05
1.516782361120565e-08,1.625366755928676e-05
1.517138892891646e-08,1.865107542948039e-05
1.517412161026543e-08,2.058664403703301e-05
1.517705437434948e-08,2.373972117496003e-05
1.517985630357821e-08,2.690958430061575e-05
1.518366223037639e-08,3.509305013930203e-05
1.518473629154305e-08,4.359160505814426e-05
1.518553078143645e-08,4.657176617104418e-05
1.518644027733917e-08,5.304898466416163e-05
1.518738214240762e-08,5.400979060408324e-05
1.518849006866739e-08,5.507096619837315e-05
1.518947225364733e-08,4.853678479963642e-05
1.519028385491259e-08,4.267966755870207e-05
1.519092418329742e-08,3.547859140056945e-05
1.519185027119103e-08,2.801759659465117e-05
1.519290067299887e-08,1.995888235419295e-05
1.519381036094331e-08,1.68465622933911e-05
1.519476013244893e-08,1.312287490853575e-05
1.519584334734244e-08,1.198294064239944e-05
1.519734362543383e-08,9.372774094429645e-06
1.519948039233558e-08,9.088892361303318e-06
1.520209036545984e-08,7.542771524423321e-06
1.52055567695506e-08,8.142905987111339e-06
1.521060547737511e-08,7.07685572719063e-06
1.521769236449923e-08,7.963309188314965e-06
1.522791552563637e-08,7.03764581997087e-06
1.524471794866893e-08,7.963523479113699e-06
1.52753928857134e-08,7.038036930530316e-06
1.533674275980234e-08,7.963301817615125e-06
1.545944250798021e-08,7.038157016016669e-06
1.570484200433596e-08,7.963325950902333e-06
1.619564099704747e-08,7.038284240853362e-06
1.717723898247048e-08,7.963501015247439e-06
1.914043495331651e-08,7.038582395296534e-06
2.25e-08,7.963874744139099e-06
2.2509375e-08,8.860026772370114e-06
2.252444006169027e-08,8.768140906506213e-06
2.255457018507082e-08,9.089253427809712e-06
2.256200612830011e-08,1.056460694585248e-05
2.256817377547404e-08,1.266259876605457e-05
2.257270807278457e-08,1.533175837141847e-05
2.257854339474736e-08,1.890088119902069e-05
2.258297698906521e-08,2.243286789967368e-05
2.258802544554591e-08,2.619945560617363e-05
2.25901784198696e-08,2.864082870826014e-05
2.259097811470679e-08,2.821826165580813e-05
2.259182745475644e-08,3.107596822898329e-05
2.259249023409513e-08,3.0632216756385e-05
2.259381579277249e-08,3.459914354655801e-05
2.259625025131695e-08,3.821851146621863e-05
2.259821433559327e-08,4.69089430756859e-05
2.259919637773144e-08,4.942180953389392e-05
2.26001784198696e-08,5.557142037296806e-05
2.260039746555605e-08,5.682859332514608e-05
2.260080563870201e-08,5.807721329398766e-05
2.260117435589719e-08,5.920312151481849e-05
2.260191179028756e-08,6.102577386619955e-05
2.260338665906831e-08,6.45627644844925e-05
2.260532768546998e-08,7.237908897815113e-05
2.260698833896437e-08,7.954754253774382e-05
2.260829469738796e-08,8.22193311664304e-05
2.260968573797035e-08,8.183086152559161e-05
2.26113280273208e-08,8.084546301561331e-05
2.26127029099102e-08,8.872183696719806e-05
2.261347594625012e-08,8.780624172864539e-05
2.26143209589965e-08,9.209487657736e-05
2.261499138344866e-08,8.832930957008817e-05
2.261582215501305e-08,8.908343975946963e-05
2.261665558772835e-08,8.140482643614641e-05
2.26174997879785e-08,7.943332170436883e-05
2.261822084593658e-08,7.042658814712919e-05
2.261888779940834e-08,6.7182726604795e-05
2.261963980638662e-08,5.633801591713582e-05
2.262063154236277e-08,5.310156741958954e-05
2.262144461280597e-08,4.65318136412315e-05
2.262221700095779e-08,4.81013766760881e-05
2.262309112010113e-08,4.31353821372421e-05
2.262445791426098e-08,4.533578118111297e-05
2.262638847266176e-08,4.087538502768414e-05
2.262896097049746e-08,4.370397334092423e-05
2.263220954410021e-08,3.900891184688939e-05
2.263677206647433e-08,3.993103751651358e-05
2.264393277269901e-08,3.076610147111325e-05
2.265e-08,2.942341510018726e-05
2.265296368393448e-08,2.186080103758886e-05
2.265681816216463e-08,1.866746551052931e-05
2.266039007924791e-08,1.666906410020236e-05
2.266753391341446e-08,1.332164167129635e-05
2.267734310250427e-08,1.063943249470751e-05
2.269198941728604e-08,8.567612421923498e-06
2.270765149507988e-08,7.896196135443228e-06
2.272668244250054e-08,7.552695504270784e-06
2.275155206633459e-08,7.538713118571045e-06
2.279317258891863e-08,7.471968458661924e-06
2.286268434191226e-08,7.530841041983905e-06
2.300170784789953e-08,7.473670103088581e-06
2.327975485987407e-08,7.530316322501107e-06
2.383584888382315e-08,7.47387670740042e-06
2.494803693172131e-08,7.530223655209855e-06
2.717241302751764e-08,7.473920700680853e-06
3e-08,7.530198181999937e-06
3.003749999999999e-08,3.64103257244901e-06
3.004701157671104e-08,3.888554666124683e-06
3.006603473013312e-08,6.33973423852478e-06
3.007123608879834e-08,7.682607749572573e-06
3.007588276512959e-08,8.497539519286519e-06
3.008127508082029e-08,9.581984883796241e-06
3.008656042302203e-08,1.027373837088901e-05
3.009612341095724e-08,1.208227589352852e-05
3.009999046241758e-08,1.181098557290587e-05
3.010251747670177e-08,1.088838116961973e-05
3.01055261488014e-08,9.096233148473818e-06
3.010798371913742e-08,7.624089022488199e-06
3.011054035959051e-08,6.676222351074191e-06
3.01129525932706e-08,6.428045166443205e-06
3.011546669927556e-08,6.327630105253321e-06
3.011801534757982e-08,6.338791329554311e-06
3.012171775086407e-08,6.2867641915906e-06
3.012856452536354e-08,6.307907421303242e-06
3.013928226268177e-08,6.267029555690424e-06
3.015e-08,6.317281888984961e-06
3.015299906345931e-08,7.612398821994949e-06
3.015808117254246e-08,7.709914352323191e-06
3.016273796439582e-08,7.925632790329213e-06
3.017205154810253e-08,8.044325416064984e-06
3.018070565258285e-08,8.072387307369414e-06
3.019383083404503e-08,8.086634501956161e-06
3.021103615844614e-08,8.085270842232962e-06
3.024147638869852e-08,8.178337761763249e-06
3.026606339904098e-08,8.451648980384477e-06
3.029348906721473e-08,9.093406851864665e-06
3.031412773410548e-08,9.684297343975421e-06
3.033465280778629e-08,1.027703711270102e-05
3.034194782954231e-08,1.07239179272072e-05
3.034975126822966e-08,1.194596275060938e-05
3.035472514452707e-08,1.301699408496511e-05
3.036151212526876e-08,1.47078731639004e-05
3.036644443954114e-08,1.663151657323147e-05
3.037219582073867e-08,1.885448274057775e-05
3.037451119935148e-08,2.358345075705641e-05
3.037573780986867e-08,2.61430405460638e-05
3.037689712715582e-08,3.054951902466645e-05
3.037811339564363e-08,3.337676110814134e-05
3.037945258933082e-08,3.748170730590395e-05
3.038128444849098e-08,3.856404627167945e-05
3.038276844464453e-08,3.75821969446593e-05
3.038394936494502e-08,3.142797746278982e-05
3.038482587778636e-08,2.868861956508346e-05
3.038615463859807e-08,2.138331833463731e-05
3.03873886413333e-08,1.91827164169963e-05
3.038852748558946e-08,1.504950296436568e-05
3.038975671722045e-08,1.462542245626786e-05
3.039139643220216e-08,1.125195304594379e-05
3.039392724233085e-08,1.138058929153495e-05
3.039653367010288e-08,9.191988883694678e-06
3.039968328026141e-08,1.037255813021311e-05
3.040369081123818e-08,8.375592387050236e-06
3.041027132463001e-08,9.365217376177403e-06
3.04216066503027e-08,7.044185918720916e-06
3.043190616261383e-08,8.402885892560077e-06
3.044320817742919e-08,6.725606886641209e-06
3.045621603182431e-08,8.311304661951604e-06
3.04754160714038e-08,6.695685894922715e-06
3.050867971571479e-08,8.308525529695139e-06
3.056379420312869e-08,6.695315212213976e-06
3.065610312943684e-08,8.308798705310947e-06
3.084072098205315e-08,6.695226627980403e-06
3.120995668728577e-08,8.308823332098266e-06
3.1948428097751e-08,6.695217162778007e-06
3.342537091868147e-08,8.308827441336898e-06
3.546268545934074e-08,6.695214999584794e-06
3.75e-08,8.308829192538914e-06
3.7509375e-08,8.718689732994887e-06
3.752447368687698e-08,8.601834319265548e-06
3.755467106063095e-08,9.032818515176316e-06
3.756222460813633e-08,1.050234790138309e-05
3.75682651070751e-08,1.267508323457616e-05
3.757279200845144e-08,1.540431960974801e-05
3.757859363712242e-08,1.928258438294303e-05
3.758302918794564e-08,2.315534567176379e-05
3.758802769145423e-08,2.753002976954506e-05
3.759017856513703e-08,3.021525184847016e-05
3.759097897520145e-08,3.280213615039403e-05
3.759182825357594e-08,3.200746392847354e-05
3.759249232405648e-08,3.488544856713525e-05
3.759382046501754e-08,3.499844973269493e-05
3.759645104330776e-08,4.114264641696782e-05
3.75983148042224e-08,4.59502848385748e-05
3.760017856513703e-08,5.540539661252288e-05
3.760055160261701e-08,5.6799374856374e-05
3.760117259254276e-08,5.866086461684221e-05
3.760172316380755e-08,6.028164820829387e-05
3.760282430633713e-08,6.291553435444218e-05
3.760485931100441e-08,7.045911858979152e-05
3.760651991070818e-08,7.837858447997928e-05
3.760787912887791e-08,8.183707823246803e-05
3.760918193141153e-08,8.277299703950715e-05
3.761077418338997e-08,8.051243123014125e-05
3.761224104689268e-08,8.749918091511986e-05
3.761346484826616e-08,8.939281232028764e-05
3.761437535576129e-08,9.153165172395821e-05
3.761509097392445e-08,8.899996490163168e-05
3.76159550996276e-08,8.791262589189172e-05
3.761678544603848e-08,8.152895546817325e-05
3.761758579093185e-08,7.812730547869707e-05
3.761826390139052e-08,7.065950076507042e-05
3.761895010643185e-08,6.553278335252286e-05
3.761972702222756e-08,5.668280345976777e-05
3.762035522403317e-08,5.470873949877568e-05
3.762113510796508e-08,4.965444955772808e-05
3.762186534950223e-08,4.96568066890121e-05
3.762279813344965e-08,4.637355796602274e-05
3.762395998043659e-08,4.727224347342555e-05
3.762582184040537e-08,4.501374995786964e-05
3.762827096309888e-08,4.711331292258432e-05
3.763139249600981e-08,4.581162170934389e-05
3.763560166476511e-08,4.775346345735018e-05
3.76421528181817e-08,4.444187326037859e-05
3.765e-08,4.266312180886854e-05
3.765341661507513e-08,3.583685331226379e-05
3.765769994443159e-08,3.243765129899422e-05
3.766179321047809e-08,3.000124337434342e-05
3.766997974257108e-08,2.524388157819201e-05
3.768031405776631e-08,2.059829546327104e-05
3.769519211014052e-08,1.557133440831257e-05
3.771063536203891e-08,1.240089262009086e-05
3.772931108534534e-08,1.001026181258645e-05
3.775372364418172e-08,8.592365882171352e-06
3.778818565230177e-08,7.736205937309798e-06
3.783141963664316e-08,7.573457025192105e-06
3.789042729988563e-08,7.466361665544353e-06
3.797800154886625e-08,7.53490186817604e-06
3.813769324064262e-08,7.469636705118677e-06
3.845707662419537e-08,7.534376142926487e-06
3.909584339130087e-08,7.469800623171865e-06
4.037337692551186e-08,7.534309243483528e-06
4.292844399393385e-08,7.469831062303675e-06
4.499999999999999e-08,7.534287863698678e-06
4.50375e-08,3.712299176252802e-06
4.504701157671104e-08,3.961273611862764e-06
4.506603473013312e-08,6.349884993306198e-06
4.507123616038931e-08,7.662467155678921e-06
4.507588281641344e-08,8.445627451927083e-06
4.508127511763528e-08,9.495444004018042e-06
4.508656048768277e-08,1.015143717560654e-05
4.509612493577418e-08,1.187327980929907e-05
4.509999169996692e-08,1.156124222900215e-05
4.51025186540029e-08,1.06284972074523e-05
4.510552705069352e-08,8.814738978036389e-06
4.510798493673391e-08,7.336014942627681e-06
4.511054217222658e-08,6.371993845352659e-06
4.51129543571855e-08,6.120151150424233e-06
4.51154687930782e-08,6.005949070282395e-06
4.511801758731634e-08,6.014687267434445e-06
4.51217205828403e-08,5.947952360205234e-06
4.51285682448916e-08,5.961546444502738e-06
4.51392841224458e-08,5.904147386802801e-06
4.514999999999999e-08,5.955917517140497e-06
4.515299880324615e-08,7.257663010188576e-06
4.51580803745823e-08,7.385820598229881e-06
4.516273670706306e-08,7.636706404037198e-06
4.517204937202457e-08,7.79575051477688e-06
4.51806782895594e-08,7.830405818596722e-06
4.519376835434026e-08,7.851142694195898e-06
4.521082467271307e-08,7.840445075002572e-06
4.524083622035283e-08,7.849290525237814e-06
4.529859276154804e-08,7.836326082898236e-06
4.53417046206755e-08,7.873912216486072e-06
4.537597097015775e-08,7.945186830461655e-06
4.540854657678162e-08,8.153911270086332e-06
4.544549666080837e-08,8.529631084788042e-06
4.547581580909625e-08,8.926205695968988e-06
4.550747170982108e-08,9.343225001021904e-06
4.552006579293403e-08,1.000909812477455e-05
4.55263628344905e-08,1.063771352441167e-05
4.553325992332543e-08,1.147011233362587e-05
4.554140422502574e-08,1.242915399481454e-05
4.554809781898869e-08,1.371635297057162e-05
4.555584246405984e-08,1.511701579010227e-05
4.5559109099568e-08,1.877991912732316e-05
4.556075883582052e-08,2.106728669471917e-05
4.556226418706495e-08,2.403257226259391e-05
4.556381211307883e-08,2.649928970993865e-05
4.556585450790773e-08,2.951965943622882e-05
4.55681524005561e-08,3.043077934936725e-05
4.557003261173234e-08,2.892576296247083e-05
4.55714583714479e-08,2.4613999132469e-05
4.557256452592378e-08,2.238483397806032e-05
4.557389051082206e-08,1.88135731877382e-05
4.557529660413281e-08,1.743423054710297e-05
4.557664058833459e-08,1.493487904386688e-05
4.557819443972604e-08,1.395486891205118e-05
4.55802955269463e-08,1.129660384653562e-05
4.558397637665677e-08,1.027535629891321e-05
4.558719980287608e-08,8.910545160945779e-06
4.559090748831137e-08,9.509938297212039e-06
4.559514800800833e-08,8.530052041140528e-06
4.56019968512054e-08,9.206288837923122e-06
4.561302516922311e-08,8.092409032423573e-06
4.56303164374247e-08,8.530814848409057e-06
4.565220858727027e-08,7.267357795071052e-06
4.56767451030456e-08,7.957482883029427e-06
4.569786703245953e-08,7.075084122969396e-06
4.572284347262419e-08,7.939650027929993e-06
4.575674232914801e-08,7.062281508262405e-06
4.582454004219566e-08,7.942165836365525e-06
4.592190837042994e-08,7.061543412439816e-06
4.611492688037694e-08,7.942575356154956e-06
4.648235724587411e-08,7.061462405269492e-06
4.721721797686845e-08,7.942593289116636e-06
4.868693943885712e-08,7.06146024840455e-06
5.059346971942855e-08,7.942593436787085e-06
5.249999999999999e-08,7.061460972256371e-06
5.250937499999999e-08,8.688504804104958e-06
5.252447368687697e-08,8.578217342299331e-06
5.255467106063094e-08,9.008564846779071e-06
5.25622284152756e-08,1.046256355482973e-05
5.256826541339639e-08,1.263137267537055e-05
5.257279198414612e-08,1.534245412067319e-05
5.257859308787338e-08,1.924182449791888e-05
5.258302852336082e-08,2.313658560430622e-05
5.258802765086294e-08,2.759109939868546e-05
5.259017857576573e-08,3.029458870576029e-05
5.259097901300787e-08,3.027139032495034e-05
5.259182832391407e-08,3.321272359949607e-05
5.259249240673554e-08,3.327861633096552e-05
5.259382057237849e-08,3.79346009694377e-05
5.259638201253311e-08,4.493689152417066e-05
5.259860036614009e-08,5.611443954144127e-05
5.260017857576573e-08,6.023008432835495e-05
5.260055884352908e-08,6.302549886551525e-05
5.26011565891406e-08,6.388637546192088e-05
5.260166408636893e-08,6.487584863963412e-05
5.260267908082561e-08,6.674561480583047e-05
5.260468526725919e-08,7.336687343106298e-05
5.260642377432255e-08,8.136610995139145e-05
5.260784581693211e-08,8.557838095072115e-05
5.260918148355296e-08,8.720069367899473e-05
5.261084829950576e-08,8.556505732341901e-05
5.261242087521862e-08,9.197911985635278e-05
5.261370846128982e-08,9.528436858601542e-05
5.26146880876959e-08,9.662936367984359e-05
5.261541722879035e-08,9.52200956515451e-05
5.26163459332425e-08,9.331846933280021e-05
5.261720608302538e-08,8.784643861454837e-05
5.261800940325807e-08,8.354811658785689e-05
5.261868618435568e-08,7.692525812885255e-05
5.261938424756953e-08,7.081420098428063e-05
5.262017671373454e-08,6.311183830976468e-05
5.262079719528561e-08,6.051950548755668e-05
5.262156603747078e-08,5.66595046926879e-05
5.262230784703107e-08,5.585965241291868e-05
5.262327324287328e-08,5.363625457006656e-05
5.262449265191572e-08,5.384427229391338e-05
5.262645181434202e-08,5.303160106206537e-05
5.262895101458273e-08,5.509436143987847e-05
5.263216657354426e-08,5.615950233058922e-05
5.263652276815141e-08,5.95680119101036e-05
5.264344256684093e-08,6.111964777362644e-05
5.264999999999999e-08,6.196479681744508e-05
5.265321467992493e-08,5.577372592884289e-05
5.265721219259784e-08,5.22484974633105e-05
5.266096130563388e-08,4.946424628881313e-05
5.266845953170597e-08,4.368727506357426e-05
5.267767666727211e-08,3.741522180784205e-05
5.269296616933193e-08,2.844571331961775e-05
5.270785153141114e-08,2.20157284564226e-05
5.272547861722509e-08,1.648730403060438e-05
5.274721949787643e-08,1.242413727909081e-05
5.277632825407759e-08,9.479430089357905e-06
5.280996264580141e-08,8.238108093979441e-06
5.285138818948102e-08,7.627795183627154e-06
5.290446203126613e-08,7.56145704904971e-06
5.298079918087808e-08,7.460086494192595e-06
5.310166878713198e-08,7.542048156552714e-06
5.333575749050594e-08,7.462453781607371e-06
5.380393489725387e-08,7.541551109796723e-06
5.474028971074973e-08,7.46262778884792e-06
5.661299933774145e-08,7.541476875729938e-06
5.999999999999999e-08,7.462663384760492e-06
6.00375e-08,3.780728139780959e-06
6.004701157671103e-08,4.023513509005764e-06
6.00660347301331e-08,6.333483203443911e-06
6.007123595403928e-08,7.605973944347777e-06
6.007588278931423e-08,8.369227948257753e-06
6.008127516682768e-08,9.39606452322483e-06
6.00865604660628e-08,1.004916258559224e-05
6.009612538185505e-08,1.172687477981703e-05
6.009999207219791e-08,1.141456090909217e-05
6.010251900950218e-08,1.047756448644858e-05
6.010552732696807e-08,8.667189620942731e-06
6.010798547291987e-08,7.183368426460723e-06
6.011054303808911e-08,6.224441964031625e-06
6.011295523450136e-08,5.96643781468271e-06
6.011546990750672e-08,5.855885403927211e-06
6.01180187481709e-08,5.85883311719621e-06
6.012172195007821e-08,5.797039032783122e-06
6.012856991300651e-08,5.806024164409306e-06
6.013928495650325e-08,5.754059621631169e-06
6.014999999999999e-08,5.801799121890076e-06
6.015299868653977e-08,7.142190360172601e-06
6.01580800166992e-08,7.320488917133145e-06
6.016273614315316e-08,7.571852720869539e-06
6.017204839606108e-08,7.697007835902043e-06
6.018063904646176e-08,7.736989632224725e-06
6.019365644937717e-08,7.752778156168008e-06
6.021063699713027e-08,7.746405945792869e-06
6.024048616049103e-08,7.754318009179708e-06
6.029799725887135e-08,7.740992547273031e-06
6.040942996715438e-08,7.752716267740098e-06
6.04569198239323e-08,7.762857805276566e-06
6.051041396347219e-08,7.859488982039481e-06
6.05543441995032e-08,8.02543474122988e-06
6.06021814706086e-08,8.349183105078879e-06
6.064177201327044e-08,8.628497907940858e-06
6.068480706511247e-08,9.28186165832461e-06
6.070632459103349e-08,1.084037119488913e-05
6.07113255658391e-08,1.101158879383691e-05
6.072132751545032e-08,1.213835184143024e-05
6.07296309898347e-08,1.282491425190006e-05
6.073652896004287e-08,1.669819708664349e-05
6.073873790095014e-08,1.894551120578318e-05
6.074064573250107e-08,2.144604430896889e-05
6.074260799384654e-08,2.345695484987017e-05
6.074489838994488e-08,2.545847027277008e-05
6.07475425588968e-08,2.596368906009101e-05
6.07496968325659e-08,2.43347601115792e-05
6.075130696203888e-08,2.091554049705617e-05
6.075263243641588e-08,1.907012999446992e-05
6.075409473713365e-08,1.686779207348586e-05
6.075566122873787e-08,1.61133505825743e-05
6.075723195254243e-08,1.449730388716828e-05
6.075912804273904e-08,1.353853279426419e-05
6.076181530517284e-08,1.119061332429629e-05
6.076713852629025e-08,9.569604174981853e-06
6.077119746877045e-08,8.735340489863902e-06
6.077553952866958e-08,8.989513371123496e-06
6.078045575396874e-08,8.477437168688262e-06
6.07886368138779e-08,8.78561106576573e-06
6.080281592415078e-08,8.165604190262722e-06
6.082353907359119e-08,8.353028259890074e-06
6.085031108963118e-08,7.597807411363502e-06
6.088504733816581e-08,7.774383017645854e-06
6.091694209779949e-08,7.293147336420969e-06
6.0947529970301e-08,7.716826783255828e-06
6.098511187250341e-08,7.289901445411334e-06
6.104706790675733e-08,7.713829838207692e-06
6.117097997526517e-08,7.290316796415176e-06
6.138174736966037e-08,7.71368826718384e-06
6.174857062497605e-08,7.290382366721251e-06
6.248221713560743e-08,7.713667400158478e-06
6.394951015687018e-08,7.290388464189876e-06
6.572475507843509e-08,7.713664667707375e-06
6.749999999999999e-08,7.290390477011619e-06
6.750937499999998e-08,8.666733694566478e-06
6.752447368687696e-08,8.575617561501018e-06
6.755467106063092e-08,8.994644111315778e-06
6.756222657656584e-08,1.045336121589222e-05
6.756826535989252e-08,1.263336646523367e-05
6.757279192903438e-08,1.536035241887345e-05
6.757859322055063e-08,1.930915487430779e-05
6.758302869109508e-08,2.326181263410625e-05
6.758802766115923e-08,2.780933277667291e-05
6.759017857130756e-08,3.054664879190975e-05
6.759097900150065e-08,3.553147174188787e-05
6.759182830393286e-08,3.144545097122749e-05
6.759249238335556e-08,3.743876281915841e-05
6.759382054220094e-08,3.478070743480937e-05
6.759631206223997e-08,4.36630180183311e-05
6.759857545867184e-08,4.576497194797697e-05
6.760017857130756e-08,5.759927164707817e-05
6.760054345642901e-08,5.659190424740644e-05
6.760114476482723e-08,5.841396950618594e-05
6.76016539488019e-08,5.99569476957823e-05
6.760267231675125e-08,6.249093493587223e-05
6.760470445907414e-08,7.002393988608201e-05
6.760636014856068e-08,7.808248000858414e-05
6.760772814920947e-08,8.180445760057984e-05
6.760902096584929e-08,8.299841990216873e-05
6.761060176272223e-08,8.077425640518487e-05
6.761208809147891e-08,8.740513408758043e-05
6.761331555445389e-08,8.982209960300508e-05
6.761425231660773e-08,9.169070407972635e-05
6.761496337709083e-08,8.924164758837872e-05
6.761587672212096e-08,8.819458980072153e-05
6.761671257411201e-08,8.194484490031243e-05
6.76175083623168e-08,7.854366375536831e-05
6.761817891577442e-08,7.119686495868344e-05
6.76188662390069e-08,6.603668898466154e-05
6.761964649624946e-08,5.737084738646871e-05
6.76202694523431e-08,5.549083063570194e-05
6.762104300024324e-08,5.066491181933277e-05
6.762177366945658e-08,5.071854471907085e-05
6.762271201520245e-08,4.764203021414513e-05
6.762388449701944e-08,4.866904790823829e-05
6.762576162622119e-08,4.682258168343649e-05
6.762822317716602e-08,4.939234299783171e-05
6.763136799312873e-08,4.898547151550001e-05
6.763561897952284e-08,5.225053924345657e-05
6.764226879587505e-08,5.152237775511678e-05
6.764999999999999e-08,5.273119044868543e-05
6.765251807945332e-08,4.722335123200859e-05
6.765659636242046e-08,4.487984060087642e-05
6.766045630024279e-08,4.338645418833389e-05
6.766817617588745e-08,4.014192551379936e-05
6.767658404307609e-08,3.696508334576934e-05
6.769225334701745e-08,3.144875295979979e-05
6.770693858572319e-08,2.708440379570742e-05
6.77244553713438e-08,2.260973506292905e-05
6.774547581989064e-08,1.844004339206951e-05
6.777881003408205e-08,1.375379541531309e-05
6.782855078479854e-08,1.007712518519106e-05
6.788427655608151e-08,8.354259433880954e-06
6.795021342151884e-08,7.751982484954367e-06
6.803189966364141e-08,7.507891204582901e-06
6.81471772885102e-08,7.527410421582998e-06
6.832756017601958e-08,7.474754124195467e-06
6.865726028172458e-08,7.529646832541191e-06
6.931666049313458e-08,7.474417588110151e-06
7.063546091595459e-08,7.529735826011219e-06
7.281773045797729e-08,7.474383817784548e-06
7.5e-08,7.529756213621742e-06
7.50375e-08,3.784516917831416e-06
7.504701157671105e-08,4.034397991589368e-06
7.506603473013315e-08,6.371323032607728e-06
7.507123614501178e-08,7.657017568310301e-06
7.507588280784703e-08,8.421359077153558e-06
7.508127511271507e-08,9.440905662491344e-06
7.508656047715486e-08,1.007918475266471e-05
7.509612535031409e-08,1.174117122099801e-05
7.509999203981685e-08,1.140868784332962e-05
7.510251897764434e-08,1.046370845935822e-05
7.510552730034866e-08,8.641159566070112e-06
7.510798542818017e-08,7.152226555708099e-06
7.511054299236596e-08,6.182838446372705e-06
7.511295518924786e-08,5.922677001354433e-06
7.511546989716203e-08,5.804743675371132e-06
7.511801873599041e-08,5.806023365130503e-06
7.512172189757617e-08,5.734624913512358e-06
7.512856969934338e-08,5.736994051352032e-06
7.513928484967169e-08,5.672671245569758e-06
7.514999999999999e-08,5.718556644748404e-06
7.515299870148854e-08,7.026649937082509e-06
7.515808006253985e-08,7.172592795482411e-06
7.516273621538341e-08,7.445804151645174e-06
7.517204852107054e-08,7.631250556092038e-06
7.518066281585214e-08,7.671221239518084e-06
7.519372262561216e-08,7.696815049601643e-06
7.521066567092564e-08,7.686545516918193e-06
7.524011341867062e-08,7.698686958765864e-06
7.52958749652503e-08,7.683487245517749e-06
7.540569601261664e-08,7.693974801469485e-06
7.552653486808922e-08,7.687666648381334e-06
7.558677703035708e-08,7.730985619477617e-06
7.564214927897801e-08,7.793281079789062e-06
7.571714897392506e-08,8.045350349244833e-06
7.577050822374183e-08,8.273967849798302e-06
7.582308810093649e-08,8.536732164568488e-06
7.5838436498102e-08,8.699673350550269e-06
7.585916710586005e-08,9.559919564971432e-06
7.586569976635533e-08,9.905201168252262e-06
7.587876508734589e-08,1.060157270474718e-05
7.588875013062287e-08,1.115783755492743e-05
7.58998708773189e-08,1.183572613983395e-05
7.590808313524418e-08,1.466845246945456e-05
7.591068850526389e-08,1.67570996625353e-05
7.591289032439154e-08,1.854779794154067e-05
7.591519880916694e-08,2.040783477275605e-05
7.591795144438783e-08,2.182487785225176e-05
7.592093581573221e-08,2.245362628613499e-05
7.592350349461131e-08,2.135074755800613e-05
7.592555952990997e-08,1.849687871557392e-05
7.592710621168389e-08,1.686632755493699e-05
7.592886684654234e-08,1.505894487039954e-05
7.593075771587392e-08,1.461654255129146e-05
7.593256079891397e-08,1.366962899450671e-05
7.593473297628519e-08,1.321653523178926e-05
7.593777675833877e-08,1.141187095176163e-05
7.594264432175416e-08,9.880007974787477e-06
7.594736526645445e-08,8.647327662004617e-06
7.595257895131053e-08,8.704000767699511e-06
7.595777299750303e-08,8.207176418682141e-06
7.596468801366938e-08,8.558090221855379e-06
7.597450124914592e-08,8.071143567515963e-06
7.599412772009901e-08,8.361807403658168e-06
7.602022082718819e-08,7.818078251084122e-06
7.605498266673038e-08,8.075170693933106e-06
7.609957162776127e-08,7.460072371459605e-06
7.616007755939552e-08,7.725666135568587e-06
7.621147238390154e-08,7.295437904319669e-06
7.626185000624443e-08,7.707522031583459e-06
7.632481479067178e-08,7.297409666762429e-06
7.644438799403966e-08,7.706569299399123e-06
7.668353440077544e-08,7.297496096040953e-06
7.708481066095608e-08,7.70654944665074e-06
7.780579589683224e-08,7.297508186871244e-06
7.924776636858455e-08,7.706545037778665e-06
8.087388318429228e-08,7.297509606002137e-06
8.249999999999999e-08,7.70654393711311e-06
8.2509375e-08,8.670118539886694e-06
8.252447368687699e-08,8.56851363740479e-06
8.255467106063097e-08,8.98656640461061e-06
8.256222510251177e-08,1.04336024896159e-05
8.256826535426062e-08,1.258180710042505e-05
8.257279186132774e-08,1.527811770201576e-05
8.257859327837449e-08,1.915803525481807e-05
8.258302876919728e-08,2.305498004406368e-05
8.25880276659466e-08,2.752068932827409e-05
8.259017856797989e-08,3.02290625062536e-05
8.259097899475994e-08,3.02490249123705e-05
8.259182829306519e-08,3.314089862895008e-05
8.259249237071146e-08,3.324242716712878e-05
8.259382052600399e-08,3.783499863439568e-05
8.259632584996638e-08,4.428048963885736e-05
8.259851707034925e-08,5.485250820738322e-05
8.260017856797988e-08,5.898236770509645e-05
8.26005629187498e-08,6.17938973479729e-05
8.260117232592369e-08,6.269065610078519e-05
8.26016938261494e-08,6.371136009904489e-05
8.260273682660082e-08,6.57254905090135e-05
8.260479815970356e-08,7.317861441226496e-05
8.260650778946625e-08,8.115228891504851e-05
8.260788132103562e-08,8.475147004520578e-05
8.260923357595902e-08,8.57527377554658e-05
8.261088215145361e-08,8.438913544478029e-05
8.261235023373605e-08,9.195222321902488e-05
8.261323070048708e-08,9.25825780602721e-05
8.261417632314516e-08,9.625781978558085e-05
8.261484995816062e-08,9.288891093823416e-05
8.261580157165052e-08,9.356273986539259e-05
8.261664115871849e-08,8.670089712280743e-05
8.261747673999518e-08,8.445575164146995e-05
8.261816857183747e-08,7.621452208253684e-05
8.261883968563424e-08,7.252638440137999e-05
8.261960288759246e-08,6.255695567161021e-05
8.262036567027628e-08,6.071846746669145e-05
8.262116511525903e-08,5.469459280363583e-05
8.262190855636195e-08,5.591121956382911e-05
8.262280758222273e-08,5.183970615681104e-05
8.262397482419571e-08,5.411010526857642e-05
8.262584135100641e-08,5.138035030465324e-05
8.262829530261012e-08,5.555562716832334e-05
8.263141504814086e-08,5.482090246239369e-05
8.263562099906804e-08,6.062049517335379e-05
8.264216414014053e-08,6.132760520110035e-05
8.264999999999999e-08,6.636795354435164e-05
8.265344914349346e-08,5.98590879100039e-05
8.265773621709572e-08,5.722880753100635e-05
8.266183424022847e-08,5.527847197430053e-05
8.267003028649397e-08,5.113539652498661e-05
8.267966284330645e-08,4.690567606793433e-05
8.269513484750584e-08,4.055853525672134e-05
8.271006726185891e-08,3.534280238888412e-05
8.272779685141735e-08,2.971631676203613e-05
8.274987594854922e-08,2.407674576832102e-05
8.278518833504051e-08,1.727814953825081e-05
8.283294061508673e-08,1.20942716859199e-05
8.288648211264544e-08,9.266213414064309e-06
8.2947364967058e-08,8.146154019788322e-06
8.302075457720389e-08,7.599183218230455e-06
8.311814115933898e-08,7.561452056326025e-06
8.325925493030825e-08,7.454702286394601e-06
8.348844359269904e-08,7.547636939685609e-06
8.393602898957164e-08,7.456854821376386e-06
8.483119978331683e-08,7.547150685574167e-06
8.662154137080722e-08,7.457029001255521e-06
9e-08,7.547074442355283e-06
9.003749999999999e-08,3.835027515561944e-06
9.004701157671102e-08,4.077014549398439e-06
9.006603473013309e-08,6.351679858469109e-06
9.0071235998447e-08,7.60832796101304e-06
9.007588272245419e-08,8.357599052266529e-06
9.008127506859861e-08,9.372730200229362e-06
9.008656037077636e-08,1.001212797941898e-05
9.009612570337145e-08,1.166336408627482e-05
9.009999234216131e-08,1.133509774518476e-05
9.010251926685527e-08,1.039562858269568e-05
9.010552752957224e-08,8.574938977288555e-06
9.010798579203592e-08,7.089465155310518e-06
9.011054352891952e-08,6.122110660501817e-06
9.011295572228211e-08,5.863274443705149e-06
9.011547051651203e-08,5.745058612140657e-06
9.011801939323087e-08,5.747694270161939e-06
9.012172272918747e-08,5.677431576966173e-06
9.012857085575941e-08,5.682631086553307e-06
9.01392854278797e-08,5.619434812137643e-06
9.014999999999998e-08,5.666528987179484e-06
9.015299862057989e-08,7.00779096132886e-06
9.015807981443282e-08,7.194311077712563e-06
9.016273582444588e-08,7.455172807640815e-06
9.017204784447199e-08,7.592421765933713e-06
9.018063079997706e-08,7.637881404178354e-06
9.019364186733137e-08,7.658925416732282e-06
9.021059260853012e-08,7.654286994793277e-06
9.024033216013601e-08,7.664324492503514e-06
9.029698034492114e-08,7.652129953145171e-06
9.040777936295635e-08,7.660910951653641e-06
9.062109340133122e-08,7.653461721379716e-06
9.06967094781582e-08,7.688553349731596e-06
9.076695366514641e-08,7.741701240345843e-06
9.08293402503244e-08,7.879344041595208e-06
9.08965523519107e-08,8.071361307404806e-06
9.095500589213445e-08,8.277978188729407e-06
9.102104331393294e-08,9.257246465730748e-06
9.103899906869937e-08,1.004597621675361e-05
9.104568351608011e-08,1.014289067867405e-05
9.105905241084159e-08,1.083140928885791e-05
9.107084776367374e-08,1.128086033890388e-05
9.10797259653866e-08,1.428801537796586e-05
9.108267708735369e-08,1.601130478798514e-05
9.10852559008059e-08,1.785829640531555e-05
9.108784285802005e-08,1.92064527927444e-05
9.109056827920323e-08,2.038540164833579e-05
9.109377079042435e-08,2.066502764095742e-05
9.109656397049443e-08,1.98329509779822e-05
9.109882092146183e-08,1.706354789572927e-05
9.110052889058909e-08,1.580270552541505e-05
9.110241772307175e-08,1.413710791658811e-05
9.110445849644355e-08,1.401446661797721e-05
9.110643391304102e-08,1.310460050802651e-05
9.110886081054309e-08,1.299676674419957e-05
9.111234602566551e-08,1.125284128859188e-05
9.111748281967064e-08,9.990835854378527e-06
9.112319047746927e-08,8.482870337190524e-06
9.112923271821397e-08,8.636950514355826e-06
9.113499186478887e-08,8.116044714446955e-06
9.114194942698623e-08,8.481446001646108e-06
9.115412653079591e-08,7.994024463756677e-06
9.117346188044392e-08,8.308801690750242e-06
9.120219429989646e-08,7.782455039993269e-06
9.123942415374027e-08,8.069714053149893e-06
9.128850188292336e-08,7.49073735753602e-06
9.135422954838343e-08,7.742549168208666e-06
9.142427040799671e-08,7.29698815614082e-06
9.148075420967079e-08,7.706193969639775e-06
9.15486607823415e-08,7.300031693495366e-06
9.16576003473684e-08,7.703611657877658e-06
9.18754794774222e-08,7.300515541681009e-06
9.222356020684663e-08,7.703458428418519e-06
9.291461557916223e-08,7.300621663943275e-06
9.429672632379343e-08,7.703423515022279e-06
9.589836316189671e-08,7.300634934002076e-06
9.749999999999998e-08,7.703415661121585e-06
9.750937499999999e-08,8.65736253546856e-06
9.752447368687698e-08,8.571441238580127e-06
9.755467106063096e-08,8.980231883794449e-06
9.756222037584345e-08,1.043212083982636e-05
9.756826507266713e-08,1.259384168502065e-05
9.757279183910821e-08,1.530571261079954e-05
9.757859384479418e-08,1.922657010537275e-05
9.758302945919261e-08,2.316753756235957e-05
9.758802770786961e-08,2.769955858715734e-05
9.759017855536725e-08,3.043191937602687e-05
9.759097895378004e-08,3.286074874308943e-05
9.759182821810311e-08,3.235421489012778e-05
9.759249228272361e-08,3.533442704261068e-05
9.759382041196461e-08,3.658001935860165e-05
9.759626385309558e-08,4.549469646535415e-05
9.759844477238304e-08,5.278602734157474e-05
9.760017855536725e-08,6.108086529669982e-05
9.760056651669126e-08,6.169503593983643e-05
9.760118653529482e-08,6.27541750638063e-05
9.760172007763469e-08,6.38946529437359e-05
9.760278716231443e-08,6.609859019636372e-05
9.760482425554904e-08,7.365357324910775e-05
9.760652302547965e-08,8.156157170506307e-05
9.760789428590457e-08,8.523064822096472e-05
9.760925258996194e-08,8.62655391012212e-05
9.761091076447753e-08,8.506166493627407e-05
9.761238184845443e-08,9.265388566949636e-05
9.761326264237072e-08,9.338348222387464e-05
9.761421063824945e-08,9.707428997857834e-05
9.761488567242765e-08,9.37811874120931e-05
9.761584186682703e-08,9.444039919804369e-05
9.761668607128961e-08,8.77012970583014e-05
9.761752330175849e-08,8.541575528675589e-05
9.76182148376489e-08,7.727220843270991e-05
9.761888695086573e-08,7.351869754851702e-05
9.761965149158743e-08,6.367214379657939e-05
9.762040319389769e-08,6.186857438531363e-05
9.762120130952981e-08,5.594799134441543e-05
9.762194395412922e-08,5.710224318835222e-05
9.762284579709959e-08,5.312435832273242e-05
9.762401237457027e-08,5.534163936797455e-05
9.762587810143541e-08,5.274033281074473e-05
9.762833155367034e-08,5.692576431969381e-05
9.763144880555327e-08,5.64418042502256e-05
9.763564825224504e-08,6.251892226567156e-05
9.764217426157298e-08,6.419511491433673e-05
9.764999999999998e-08,7.074543208856626e-05
9.76535771045295e-08,6.466511841674159e-05
9.765788713365633e-08,6.254334910287122e-05
9.766201172792274e-08,6.09545235240595e-05
9.767026091645556e-08,5.733915628544195e-05
9.768006394474613e-08,5.335920117492426e-05
9.769555222622378e-08,4.711149205285423e-05
9.77105100831435e-08,4.168184994542967e-05
9.772822545166569e-08,3.565692653333632e-05
9.775035860274984e-08,2.932219322961856e-05
9.778579443853239e-08,2.129141779135701e-05
9.78322995073832e-08,1.472849000106587e-05
9.788486117968679e-08,1.071259857043343e-05
9.794433594911311e-08,8.805006446630872e-06
9.801431852885811e-08,7.852685075276281e-06
9.81033110495705e-08,7.617547764248112e-06
9.822445824021706e-08,7.464271620250074e-06
9.840675847873565e-08,7.5411699390629e-06
9.871275226609488e-08,7.462429908106227e-06
9.932473984081333e-08,7.541854145018118e-06
1.005487149902502e-07,7.462220094106667e-06
1.029966652891241e-07,7.541930400177833e-06
1.05e-07,7.462173694073462e-06
1.050375e-07,3.865650742904474e-06
1.05047011576711e-07,4.106198725742021e-06
1.050660347301331e-07,6.353775725749961e-06
1.050712361281819e-07,7.599718029256838e-06
1.050758829096787e-07,8.341463265799894e-06
1.050812752432328e-07,9.348745018426738e-06
1.050865606182962e-07,9.984155031089055e-06
1.050961262266664e-07,1.162241492475222e-05
1.050999927432153e-07,1.129048835280357e-05
1.051025196464958e-07,1.035065233846743e-05
1.051055278078357e-07,8.529575881434962e-06
1.051079861267055e-07,7.044243827313557e-06
1.051105439754563e-07,6.077064569717464e-06
1.051129561455784e-07,5.818649893706913e-06
1.051154709659449e-07,5.700589658839335e-06
1.05118019887623e-07,5.703673862852909e-06
1.05121723411718e-07,5.633859918366703e-06
1.051285718827886e-07,5.640349106459634e-06
1.051392859413943e-07,5.578816262935973e-06
1.0515e-07,5.627322566565899e-06
1.05152998548722e-07,6.973880839027315e-06
1.05158079594081e-07,7.171375651820054e-06
1.051627354772419e-07,7.439611412098975e-06
1.051720472435636e-07,7.576168140297079e-06
1.051806242026957e-07,7.617884685887219e-06
1.051936198467856e-07,7.635937572148408e-06
1.052105347179834e-07,7.629874029241073e-06
1.052402412962712e-07,7.640224323119277e-06
1.052973425806077e-07,7.628292605784995e-06
1.054082639957722e-07,7.637843889896032e-06
1.056223417654384e-07,7.624579142540358e-06
1.057045825304514e-07,7.639538008717815e-06
1.058690640604774e-07,7.681424715669165e-06
1.059562557777769e-07,7.806636747936361e-06
1.060548879216908e-07,8.012871210085648e-06
1.061258169151428e-07,8.201899616937322e-06
1.061705643639505e-07,8.548683436566311e-06
1.061929380883544e-07,9.319243174035072e-06
1.062018583542796e-07,9.612109608452296e-06
1.06213954117783e-07,9.980242964857065e-06
1.062261942555956e-07,1.031511937099122e-05
1.062402365376726e-07,1.082618296905516e-05
1.062501030843365e-07,1.273674944488668e-05
1.062531999768531e-07,1.430212831937478e-05
1.062558384811909e-07,1.561673283244933e-05
1.062588079982347e-07,1.72204190917433e-05
1.06262053202394e-07,1.843400222611871e-05
1.062659434079268e-07,1.926514915805473e-05
1.062692388798292e-07,1.895252110133702e-05
1.062712783294985e-07,1.773365419036587e-05
1.062733939152142e-07,1.574143666287228e-05
1.062752806994661e-07,1.437239947924451e-05
1.062779765315282e-07,1.321653504923981e-05
1.062800964146404e-07,1.306598411066273e-05
1.062823944778294e-07,1.256100506070722e-05
1.06285403375691e-07,1.220039543532629e-05
1.062905978348529e-07,1.05448517817009e-05
1.062965534752531e-07,9.256455452086899e-06
1.06302308897662e-07,8.432206059853825e-06
1.063089673197935e-07,8.364144164180463e-06
1.063154344935196e-07,8.162751635788502e-06
1.063238486632991e-07,8.241638554826709e-06
1.06338577764383e-07,8.047471129916571e-06
1.063642402494484e-07,8.076314880100191e-06
1.063976827062359e-07,7.855294711066859e-06
1.064419019247505e-07,7.874829746317815e-06
1.064997178006456e-07,7.611740883119868e-06
1.065789176801601e-07,7.594829698357761e-06
1.066670784829091e-07,7.438743624039654e-06
1.067345763753692e-07,7.562734939222976e-06
1.068149189860297e-07,7.443610883087402e-06
1.069409539173217e-07,7.560030442699616e-06
1.071636704431017e-07,7.444015835518331e-06
1.075370911123434e-07,7.559990575872393e-06
1.082839324508267e-07,7.444076679024701e-06
1.097776151277934e-07,7.559973468289702e-06
1.125e-07,7.444081552205596e-06
1.12509375e-07,8.653213900697657e-06
1.12524473686877e-07,8.569332834995005e-06
1.125546710606309e-07,8.976811674161062e-06
1.125622335999502e-07,1.043259051289487e-05
1.125682654936131e-07,1.258613377028395e-05
1.125727922053815e-07,1.530037560251242e-05
1.125785928339474e-07,1.921966724205346e-05
1.12583028187794e-07,2.317028849191497e-05
1.125880276299129e-07,2.771478329540415e-05
1.125901785877203e-07,3.045686080785908e-05
1.125909790394073e-07,3.061722276377339e-05
1.125918283677442e-07,3.349964715764239e-05
1.1259249245789e-07,3.365555127507889e-05
1.125938206381815e-07,3.809971813284966e-05
1.125963543922049e-07,4.444622320219611e-05
1.125985493015214e-07,5.439041444107391e-05
1.126001785877203e-07,5.819665276218884e-05
1.126005613205974e-07,6.10331593704486e-05
1.126011659096967e-07,6.200037811168686e-05
1.126016819910535e-07,6.310876406608741e-05
1.126027141537671e-07,6.529365658216094e-05
1.126047784791942e-07,7.307648031340469e-05
1.126064784423168e-07,8.121860995903117e-05
1.126078476701574e-07,8.492695560939755e-05
1.126091951164238e-07,8.605924834833766e-05
1.126108333046713e-07,8.484191236331724e-05
1.126122936437482e-07,9.248035857643819e-05
1.126135484815488e-07,9.426745443810567e-05
1.126144298358966e-07,9.624488518554042e-05
1.126151653111614e-07,9.349940028641344e-05
1.12616062533506e-07,9.252365096437456e-05
1.126169149396066e-07,8.624109268898588e-05
1.126176918150313e-07,8.296659366847826e-05
1.12618352737906e-07,7.556663140475857e-05
1.126190572512397e-07,7.03323306140759e-05
1.126198605546751e-07,6.204870078593811e-05
1.126205456764662e-07,6.031194772809882e-05
1.126212984556156e-07,5.604904552472874e-05
1.1262206039707e-07,5.638177121011735e-05
1.126230450338502e-07,5.359553285301608e-05
1.126243561339904e-07,5.502804893577902e-05
1.126264575104528e-07,5.390628596045055e-05
1.126290500971173e-07,5.746385273829645e-05
1.126324394352578e-07,5.845665156478154e-05
1.126371027430919e-07,6.408287798612165e-05
1.126448122978108e-07,6.78974985561637e-05
1.1265e-07,7.256771831283128e-05
1.126529507785457e-07,6.741840406248781e-05
1.12656647339901e-07,6.574808315488786e-05
1.126600010797915e-07,6.455117095894471e-05
1.126667085595725e-07,6.188927664212262e-05
1.126764397372054e-07,5.820493291961587e-05
1.126925870277293e-07,5.206603532283865e-05
1.127074988865104e-07,4.675907801600683e-05
1.127244402662263e-07,4.095921178491848e-05
1.127447778296585e-07,3.475915734263147e-05
1.12776930780437e-07,2.646458289510413e-05
1.128244214452448e-07,1.801327925063836e-05
1.128769426097809e-07,1.26063710001503e-05
1.129360099392438e-07,9.697011254141369e-06
1.130032128242555e-07,8.309287942088553e-06
1.130851671642486e-07,7.707587667892955e-06
1.131953351070656e-07,7.5384138058128e-06
1.133451331525104e-07,7.489845633535057e-06
1.135959401539164e-07,7.513306652348161e-06
1.140025235093603e-07,7.490529581584088e-06
1.148156902202481e-07,7.513693052267441e-06
1.164420236420236e-07,7.490391961513365e-06
1.182210118210118e-07,7.51376777792301e-06
1.2e-07,7.490327070377508e-06
1.200375e-07,3.898466272657215e-06
1.20047011576711e-07,4.133043674741061e-06
1.200660347301331e-07,6.346233255387833e-06
1.200712361987897e-07,7.576856745094938e-06
1.200758828764002e-07,8.314808331724205e-06
1.200812751770944e-07,9.318584716451624e-06
1.200865605669568e-07,9.955868523909883e-06
1.200961269687054e-07,1.158652716009791e-05
1.200999933520723e-07,1.125822042541236e-05
1.201025202261325e-07,1.031785730896081e-05
1.201055282560316e-07,8.498300697189137e-06
1.201079865993325e-07,7.012744222690385e-06
1.201105445632211e-07,6.04788010383336e-06
1.201129566874624e-07,5.787854516920737e-06
1.201154714732445e-07,5.671269403276069e-06
1.201180204665509e-07,5.673203636081063e-06
1.201217242937107e-07,5.605558266123798e-06
1.201285734006539e-07,5.611377888778533e-06
1.201392867003269e-07,5.55199013475713e-06
1.2015e-07,5.599509479254358e-06
1.201529984425187e-07,6.964138407126981e-06
1.201580792684114e-07,7.177595613146299e-06
1.201627349640909e-07,7.434703635316556e-06
1.201720463554499e-07,7.55570578952572e-06
1.201806096034206e-07,7.603524936226972e-06
1.201935910642533e-07,7.615785016470916e-06
1.202105098572136e-07,7.614888877362753e-06
1.202403048525876e-07,7.621092793985003e-06
1.202976222121408e-07,7.613393769598043e-06
1.20408823114151e-07,7.619477947187914e-06
1.206236239024719e-07,7.609682129495116e-06
1.207703909522522e-07,7.619084646501207e-06
1.208933214822687e-07,7.624229812699515e-06
1.209832242478824e-07,7.66784120998932e-06
1.210688046463882e-07,7.737437691720057e-06
1.211641457122614e-07,7.901264064818175e-06
1.21242666722599e-07,8.043824595723025e-06
1.213246138850975e-07,8.402064722754835e-06
1.213649166373841e-07,9.625426168482689e-06
1.213747015580606e-07,9.732600105636697e-06
1.213795940183988e-07,9.899780450820601e-06
1.213893789390752e-07,1.006521104342221e-05
1.214029957337916e-07,1.051173021478111e-05
1.214125940168599e-07,1.14915331054784e-05
1.214168834277388e-07,1.312223808849216e-05
1.214198927899699e-07,1.42711236201778e-05
1.214235752128444e-07,1.606074000305775e-05
1.214266341936862e-07,1.702309552200917e-05
1.21429916933029e-07,1.799962060591279e-05
1.214336892074491e-07,1.81445676346686e-05
1.214370999296259e-07,1.769174064493082e-05
1.21439985813638e-07,1.525229939533481e-05
1.214420607738179e-07,1.420330740910232e-05
1.2144532360328e-07,1.251528261949739e-05
1.214477230160728e-07,1.279848860950186e-05
1.214501769836429e-07,1.205021300366782e-05
1.214531721099684e-07,1.215162695817894e-05
1.214591623626194e-07,1.038345714507345e-05
1.214654628215457e-07,9.432704154392742e-06
1.214751875823675e-07,8.012811734873421e-06
1.214827440498982e-07,8.437403033028003e-06
1.214901814392081e-07,7.920207819202853e-06
1.21499442707578e-07,8.329668771576052e-06
1.215179652443179e-07,7.817941965264122e-06
1.215474886766554e-07,8.172379739440323e-06
1.215865600555748e-07,7.644923660977361e-06
1.216377695185889e-07,7.990270682022694e-06
1.217055276373662e-07,7.424766204007398e-06
1.217985866518589e-07,7.741364385363306e-06
1.218956311763226e-07,7.282475652046815e-06
1.219725403225069e-07,7.719574081468768e-06
1.220648909183596e-07,7.286243702265711e-06
1.222196961863404e-07,7.717574413494718e-06
1.224963175510246e-07,7.286479627385278e-06
1.229798935656841e-07,7.717539054443461e-06
1.239470455950031e-07,7.286528003481754e-06
1.258813496536411e-07,7.717520912158935e-06
1.275e-07,7.286537532851999e-06
1.27509375e-07,8.647504565538077e-06
1.27524473686877e-07,8.571277983123704e-06
1.275546710606309e-07,8.972417943701894e-06
1.275622129166093e-07,1.042659695792048e-05
1.275682646139513e-07,1.258766433450066e-05
1.275727918525892e-07,1.530777979419371e-05
1.275785948093753e-07,1.924142877476705e-05
1.275830306262655e-07,2.320910225348067e-05
1.275880277782657e-07,2.777505511157727e-05
1.275901785350919e-07,3.052540882964122e-05
1.275909788856683e-07,3.723007644257631e-05
1.275918280927177e-07,3.036214075848062e-05
1.275924921355464e-07,3.909625584014897e-05
1.275938202212038e-07,3.425486037116741e-05
1.275959488446532e-07,4.584927274585154e-05
1.275982120918887e-07,4.326951732830808e-05
1.27600178535092e-07,5.997198181311417e-05
1.276005640316186e-07,5.65762504691357e-05
1.276012208819207e-07,5.856008789262334e-05
1.276017904346421e-07,6.025791743103767e-05
1.27602929540085e-07,6.324828596644844e-05
1.276048282574918e-07,7.095964360455604e-05
1.276064858960331e-07,7.874949761696153e-05
1.276078076475989e-07,8.219229882213451e-05
1.276091415794053e-07,8.283939159564005e-05
1.276107366134143e-07,8.120757009304173e-05
1.276121757775964e-07,8.840699750633465e-05
1.276134053055844e-07,9.00424201235458e-05
1.27614281706315e-07,9.185074683056661e-05
1.276150044153627e-07,8.90362342094884e-05
1.276158984436032e-07,8.791796472045992e-05
1.276167442649339e-07,8.164649080226399e-05
1.276175213410975e-07,7.822660461908487e-05
1.276181802153867e-07,7.089222814551363e-05
1.276188775170163e-07,6.555438346985796e-05
1.276196714029741e-07,5.717998713294993e-05
1.276203158556773e-07,5.538050708836113e-05
1.276210723282293e-07,5.097173944313466e-05
1.276218175260377e-07,5.109834706975024e-05
1.276227841213934e-07,4.824301697103811e-05
1.276240309389424e-07,4.938048790055385e-05
1.276260269290355e-07,4.792424014196078e-05
1.276285615222147e-07,5.080959659562465e-05
1.27631846357004e-07,5.097102227213208e-05
1.276363371611891e-07,5.49298885241958e-05
1.276435862998823e-07,5.565872499987636e-05
1.2765e-07,5.830663976030582e-05
1.276532809787975e-07,5.302731350591818e-05
1.276572878608653e-07,5.148127608987336e-05
1.276610208737336e-07,5.071333430559584e-05
1.276684868994702e-07,4.887976001112679e-05
1.276766251230145e-07,4.715630699481314e-05
1.276927628592694e-07,4.370488139824563e-05
1.277073770563477e-07,4.090492912870208e-05
1.277246395262099e-07,3.760766379850401e-05
1.277449019722654e-07,3.4090589953727e-05
1.277770718706872e-07,2.886817405301351e-05
1.278328288565861e-07,2.168325594016243e-05
1.279256164123778e-07,1.394262878726904e-05
1.280212968411187e-07,1.018603477889895e-05
1.2812930469148e-07,8.445222691838609e-06
1.282505154637344e-07,7.796724780926481e-06
1.284076576786842e-07,7.530135742707771e-06
1.286297799100606e-07,7.518053340258502e-06
1.289636570031859e-07,7.48446107741563e-06
1.295495139411229e-07,7.519621737922849e-06
1.307212278169967e-07,7.484523735054086e-06
1.330646555687445e-07,7.519601983855999e-06
1.35e-07,7.484532920101058e-06
1.350375e-07,3.842810168744883e-06
1.35047011576711e-07,4.09466067401029e-06
1.350660347301331e-07,6.392050787840007e-06
1.350712361484493e-07,7.660191289209981e-06
1.350758829228756e-07,8.410160153116257e-06
1.350812752532215e-07,9.412225117184465e-06
1.350865606350304e-07,1.003820176725171e-05
1.350961259915807e-07,1.166790916578091e-05
1.350999925493029e-07,1.13220352886774e-05
1.351025194617227e-07,1.037146971187447e-05
1.351055276646793e-07,8.542140544806206e-06
1.351079859071365e-07,7.048873872819676e-06
1.351105436747195e-07,6.074753814722187e-06
1.35112955848848e-07,5.811255302074515e-06
1.351154706594162e-07,5.68942729290827e-06
1.351180195580489e-07,5.687922719215901e-06
1.351217229559453e-07,5.612185381356742e-06
1.351285711314623e-07,5.609020551636169e-06
1.351392855657311e-07,5.538889504549331e-06
1.3515e-07,5.582232034204076e-06
1.3515299860129e-07,6.893074371366162e-06
1.351580797552805e-07,7.048579169741458e-06
1.351627357312407e-07,7.334464109587861e-06
1.351720476831611e-07,7.535057808079294e-06
1.351806542066074e-07,7.578427750938576e-06
1.351937042679629e-07,7.606375719311955e-06
1.352106004265589e-07,7.596287134221436e-06
1.352399116097351e-07,7.609652084559627e-06
1.352951308723206e-07,7.595322093720326e-06
1.354044013434117e-07,7.608203229433839e-06
1.356137115397026e-07,7.592482513912905e-06
1.358892350262025e-07,7.609804142881202e-06
1.35998753631324e-07,7.609498852764174e-06
1.361067938785259e-07,7.664432834314927e-06
1.362026112651708e-07,7.731669459013982e-06
1.363050730878513e-07,7.88474615171426e-06
1.363927479898608e-07,8.001838858663656e-06
1.364894550667431e-07,8.907892748223188e-06
1.36515350216322e-07,9.578247947390081e-06
1.365245010805214e-07,9.66114030372833e-06
1.3654280280892e-07,1.004585923765365e-05
1.365589228125501e-07,1.039648736276084e-05
1.365667706448037e-07,1.21930189251377e-05
1.365704191150953e-07,1.33657803442228e-05
1.365737497973863e-07,1.463218048975479e-05
1.365770853820869e-07,1.555084928830609e-05
1.365810094572416e-07,1.646347207905039e-05
1.365851152998457e-07,1.666750851237e-05
1.365889708928631e-07,1.650327287670526e-05
1.365925537003034e-07,1.476163189382648e-05
1.365951047859717e-07,1.331232926702199e-05
1.365977389364122e-07,1.211305787807697e-05
1.366008980987411e-07,1.179628409975034e-05
1.366034532707075e-07,1.155565390260013e-05
1.366064606490813e-07,1.142617963619414e-05
1.366115091617502e-07,1.096800033600006e-05
1.366202519349716e-07,9.750009312557183e-06
1.366286749435098e-07,8.539192723927158e-06
1.366372514906991e-07,8.189466583904328e-06
1.366463260629409e-07,7.965376861279995e-06
1.366552401257775e-07,8.071160497673362e-06
1.366670775147814e-07,7.883515000784489e-06
1.366907522927892e-07,7.985007372885326e-06
1.36727654243122e-07,7.767537982062094e-06
1.367751403799428e-07,7.864198441508353e-06
1.368376906428512e-07,7.648633094938819e-06
1.36921482723392e-07,7.737454301232501e-06
1.370377350427915e-07,7.485868929878488e-06
1.37197265034818e-07,7.57990251429621e-06
1.373239220740946e-07,7.423570737175567e-06
1.374443521951058e-07,7.579804191149005e-06
1.375969161187169e-07,7.424685565649298e-06
1.379020439659391e-07,7.579380048392614e-06
1.385122996603836e-07,7.424661931403617e-06
1.396003797108969e-07,7.579392152457805e-06
1.410501898554484e-07,7.424660861997721e-06
1.425e-07,7.579393218583062e-06
1.42509375e-07,8.66002763787558e-06
1.425244736868769e-07,8.565392661185776e-06
1.425546710606309e-07,8.970761066980466e-06
1.425622200775504e-07,1.041283040152912e-05
1.425682651686518e-07,1.253717343277929e-05
1.425727917602276e-07,1.521669200676024e-05
1.425785937248936e-07,1.906002324979563e-05
1.425830293225578e-07,2.293916735520388e-05
1.425880276995152e-07,2.737722664352203e-05
1.425901785553629e-07,3.007555653829441e-05
1.425909789591345e-07,3.01307623347842e-05
1.425918282298289e-07,3.296501964159287e-05
1.425924922966471e-07,3.309772623116568e-05
1.425938204302836e-07,3.762001537381123e-05
1.42596283433515e-07,4.377010030522669e-05
1.425984872674663e-07,5.407465829622125e-05
1.426001785553629e-07,5.819546190106099e-05
1.426005644959454e-07,6.094858543135098e-05
1.426011791157041e-07,6.185265058392834e-05
1.426017056655879e-07,6.288156815319759e-05
1.426027587653553e-07,6.496217362967145e-05
1.426047857691301e-07,7.255891624326204e-05
1.426064379192334e-07,8.02908638458402e-05
1.426077891751682e-07,8.38618983344332e-05
1.426091324427212e-07,8.469083585798386e-05
1.426107570678616e-07,8.339036038265788e-05
1.426122022812281e-07,9.086497986504626e-05
1.426130714993723e-07,9.145088075881855e-05
1.426140050072515e-07,9.507000179069499e-05
1.426146732872412e-07,9.162456401803688e-05
1.426156258280566e-07,9.206058737993299e-05
1.426164755911708e-07,8.542986089856954e-05
1.426173091351599e-07,8.297580829725656e-05
1.426179940879977e-07,7.499029959003298e-05
1.426186624120283e-07,7.109608358142206e-05
1.426194248632678e-07,6.141018567688393e-05
1.426201647131418e-07,5.953600081992207e-05
1.426209591121095e-07,5.378613600579918e-05
1.426216974033516e-07,5.4818663080716e-05
1.426225958726497e-07,5.102267124914911e-05
1.426237526056596e-07,5.312855490769894e-05
1.426255991066223e-07,5.071146591023887e-05
1.426280471055687e-07,5.475625500524729e-05
1.426311557723545e-07,5.437057784870631e-05
1.426353483402943e-07,6.01351833948575e-05
1.426418540879607e-07,6.153404845457936e-05
1.4265e-07,6.745444507947666e-05
1.426535951159083e-07,6.149559685480701e-05
1.426579729141797e-07,5.949030868201288e-05
1.426621734514199e-07,5.81686945883658e-05
1.426705745259001e-07,5.534670614647152e-05
1.426804947008833e-07,5.271733248072763e-05
1.426962177209781e-07,4.889806433148768e-05
1.42711153670611e-07,4.587906445665568e-05
1.427287414036016e-07,4.231993385503239e-05
1.427505986538333e-07,3.833415443916742e-05
1.427857114902708e-07,3.221633466519561e-05
1.42848599288801e-07,2.349898945792702e-05
1.429438093014247e-07,1.487386163531842e-05
1.430427635635399e-07,1.060816155284272e-05
1.431504572405042e-07,8.628954016770885e-06
1.432709916826705e-07,7.889536767609674e-06
1.434258801206732e-07,7.537644297890587e-06
1.436417077511832e-07,7.534182736692249e-06
1.439656520341033e-07,7.469736703952291e-06
1.445230616096822e-07,7.534127768041128e-06
1.456378807608399e-07,7.47010666683611e-06
1.478675190631552e-07,7.533981244266614e-06
1.5e-07,7.470183162794988e-06
1.500375e-07,3.880040590786873e-06
1.50047011576711e-07,4.122428724863898e-06
1.500660347301331e-07,6.369631863734626e-06
1.500712361066652e-07,7.613709491216601e-06
1.500758829011719e-07,8.355087078894582e-06
1.500812752406027e-07,9.358382444555077e-06
1.500865606083426e-07,9.991621017984824e-06
1.500961263364753e-07,1.162215863025867e-05
1.500999928343213e-07,1.128630095042908e-05
1.501025197333795e-07,1.034143150092822e-05
1.501055278753514e-07,8.516794371437444e-06
1.501079861862315e-07,7.026485586569773e-06
1.501105440519895e-07,6.056414400942492e-06
1.501129562135182e-07,5.79331127498365e-06
1.501154710369912e-07,5.672811484695586e-06
1.501180199705078e-07,5.67141601734927e-06
1.501217235287454e-07,5.598099284580108e-06
1.501285720412514e-07,5.596143780677047e-06
1.501392860206257e-07,5.526910650536567e-06
1.5015e-07,5.568934977774828e-06
1.501529985376347e-07,6.911731887260805e-06
1.50158079560082e-07,7.102341445590743e-06
1.501627354236704e-07,7.368728484819206e-06
1.501720471508471e-07,7.513838319550729e-06
1.501806252500111e-07,7.56370454233782e-06
1.501936339363515e-07,7.589166148369708e-06
1.502105702451252e-07,7.586548797461995e-06
1.502402602433248e-07,7.598192743471388e-06
1.502963310987032e-07,7.586567184746637e-06
1.504046319638464e-07,7.59716015493908e-06
1.50615727691509e-07,7.584091971291753e-06
1.510264300044304e-07,7.60080787076031e-06
1.511569889221064e-07,7.610108478985551e-06
1.512622283782591e-07,7.667036861563675e-06
1.513610013632512e-07,7.736905323530672e-06
1.514658026913817e-07,7.872883741164478e-06
1.515612944979673e-07,7.979167010978109e-06
1.516107156668117e-07,8.14543176695576e-06
1.516354262512339e-07,8.456211523306193e-06
1.51654931934784e-07,8.964990615608793e-06
1.516716866738357e-07,9.389057452664506e-06
1.516920072102506e-07,9.667084934840152e-06
1.517078789714661e-07,9.92840963320275e-06
1.517234035234488e-07,1.044013232252201e-05
1.517298624786496e-07,1.180107759819984e-05
1.517335924106006e-07,1.292610106899498e-05
1.517371611446951e-07,1.406748975268831e-05
1.517407174797729e-07,1.504759237542447e-05
1.517454480596399e-07,1.599027970154904e-05
1.517498596370526e-07,1.624661812441358e-05
1.517540173448776e-07,1.601782420824504e-05
1.517578036035606e-07,1.435769321526668e-05
1.517604871763527e-07,1.292554746692117e-05
1.517632879147099e-07,1.18491774718419e-05
1.517665412828401e-07,1.160740622990559e-05
1.517691883813293e-07,1.136830672597325e-05
1.517724388014891e-07,1.127312421359763e-05
1.517779323904123e-07,1.081353271149154e-05
1.517878287684467e-07,9.596509271206765e-06
1.517966860119139e-07,8.433316021282863e-06
1.518055568757298e-07,8.153005715184785e-06
1.518151136263152e-07,7.965170691508775e-06
1.51824320336975e-07,8.027835875058993e-06
1.518378658272623e-07,7.884303118440868e-06
1.518649568078369e-07,7.936582438299554e-06
1.519041232697029e-07,7.77059182692561e-06
1.519554479933161e-07,7.822188950232811e-06
1.520224802846057e-07,7.657555023480153e-06
1.521135714248451e-07,7.701306245310371e-06
1.522394433717261e-07,7.501561191576164e-06
1.524127350833258e-07,7.554924651773416e-06
1.525455980354735e-07,7.447523496355311e-06
1.526747313091839e-07,7.555963788103539e-06
1.528405740450756e-07,7.448413852217804e-06
1.531722595168591e-07,7.555656525449551e-06
1.53835630460426e-07,7.448383349740657e-06
1.550287118738969e-07,7.555673681547314e-06
1.562643559369484e-07,7.448376272542802e-06
1.575e-07,7.555680782805487e-06
1.57509375e-07,8.651299519758438e-06
1.57524473686877e-07,8.569805859673549e-06
1.575546710606309e-07,8.968000283225071e-06
1.575622156025068e-07,1.041368197822885e-05
1.5756826510925e-07,1.255126808650305e-05
1.575727916167822e-07,1.52462291366505e-05
1.575785940024258e-07,1.912248000269762e-05
1.575830296744973e-07,2.303976317615423e-05
1.575880277205131e-07,2.752934128782708e-05
1.575901785447321e-07,3.024918712799311e-05
1.575909789336212e-07,3.260652633457785e-05
1.575918281864127e-07,3.217818932905968e-05
1.575924922459907e-07,3.508789789654455e-05
1.575938203651467e-07,3.640585814158641e-05
1.575962313360008e-07,4.491947189138012e-05
1.575984152859703e-07,5.196341548245526e-05
1.576001785447321e-07,6.003960936321986e-05
1.576005680183417e-07,6.07215857219157e-05
1.57601192678479e-07,6.180594899533325e-05
1.576017311180982e-07,6.296262735528271e-05
1.576028079973366e-07,6.524167982449033e-05
1.576047860164809e-07,7.282480835074148e-05
1.576064340836791e-07,8.0539824857934e-05
1.576077792632275e-07,8.418267312207085e-05
1.576091249153168e-07,8.507552406382769e-05
1.576107517288741e-07,8.38327579344393e-05
1.576122033959981e-07,9.127753436706045e-05
1.576134516468338e-07,9.305751632139762e-05
1.576143280858193e-07,9.488433410881811e-05
1.5761506034556e-07,9.209623462882309e-05
1.576159610282128e-07,9.093648588823992e-05
1.576168118538518e-07,8.481335814650245e-05
1.57617585948207e-07,8.13665285798679e-05
1.576182427327474e-07,7.412130956572836e-05
1.576189458598791e-07,6.871631287267586e-05
1.576197489871813e-07,6.059412418706815e-05
1.576204393717879e-07,5.869001238140871e-05
1.576211895408869e-07,5.462065374424006e-05
1.576219518994217e-07,5.482079789639816e-05
1.57622935814218e-07,5.221884589825226e-05
1.57624252335637e-07,5.352363496042561e-05
1.576263601684574e-07,5.259145235808626e-05
1.576289609326322e-07,5.600884148387101e-05
1.576323663908444e-07,5.713662320852667e-05
1.576370633964545e-07,6.251072264899716e-05
1.576435316982273e-07,6.539354857201293e-05
1.5765e-07,7.041943778018213e-05
1.576532949151526e-07,6.536376718078509e-05
1.576572541296049e-07,6.382285126293387e-05
1.576609978177415e-07,6.279018560076806e-05
1.576684851940146e-07,6.042740146302667e-05
1.576776838804951e-07,5.787589259317281e-05
1.576939518471101e-07,5.357299667163669e-05
1.577087508389853e-07,5.019191137665112e-05
1.57725894722863e-07,4.642524906363574e-05
1.577463600913916e-07,4.237945260435428e-05
1.577790068083654e-07,3.632098748484061e-05
1.57830553048439e-07,2.831369419999803e-05
1.579004690152347e-07,2.007999374912823e-05
1.579880865976879e-07,1.384324686501026e-05
1.580882309081612e-07,1.012800193828117e-05
1.582005288389409e-07,8.537655199788221e-06
1.583326915570014e-07,7.745744580935964e-06
1.585027664525649e-07,7.58659197649421e-06
1.587407758422107e-07,7.462109616424016e-06
1.591051424675414e-07,7.540126732360283e-06
1.59745287245272e-07,7.46427598540798e-06
1.610255768007333e-07,7.539778469798758e-06
1.630127884003667e-07,7.464384718177501e-06
1.65e-07,7.539715604711935e-06
1.650375e-07,3.904015292411039e-06
1.65047011576711e-07,4.143989181972965e-06
1.650660347301331e-07,6.36825760307167e-06
1.650712361816378e-07,7.603530255359742e-06
1.65075882861478e-07,8.339487224392929e-06
1.650812751666336e-07,9.336902885166834e-06
1.65086560548172e-07,9.968610160834417e-06
1.650961263474545e-07,1.159111123980128e-05
1.650999928469369e-07,1.125477355705374e-05
1.651025197454399e-07,1.031043991725225e-05
1.651055278872475e-07,8.487509417602989e-06
1.651079862638913e-07,6.997965622342438e-06
1.651105441906987e-07,6.029746358499875e-06
1.651129563617539e-07,5.767471308028375e-06
1.651154712424844e-07,5.64866919943938e-06
1.651180201790159e-07,5.647984851929438e-06
1.651217237552849e-07,5.576854444827858e-06
1.651285722832766e-07,5.577253428671808e-06
1.651392861416383e-07,5.511746166231742e-06
1.6515e-07,5.555142157530362e-06
1.651529985207006e-07,6.903435310929346e-06
1.651580795081541e-07,7.104269270517027e-06
1.651627353418486e-07,7.376536296121012e-06
1.651720470092376e-07,7.517515880029813e-06
1.651806201762674e-07,7.561362997721525e-06
1.65193613112876e-07,7.581896676770972e-06
1.652105168724231e-07,7.577259725374753e-06
1.652402029828957e-07,7.589252013249182e-06
1.652970544139996e-07,7.578041697992694e-06
1.654078080337708e-07,7.588835508185275e-06
1.656213864101929e-07,7.57587185816649e-06
1.660390068834082e-07,7.588415969815742e-06
1.661717896198973e-07,7.583975674364851e-06
1.663301220230901e-07,7.627877799574906e-06
1.664487497656661e-07,7.678121010678278e-06
1.665826451945256e-07,7.810891831603177e-06
1.666895140510984e-07,7.909506890941805e-06
1.668043950244313e-07,8.655753449720464e-06
1.668390168045246e-07,9.41549345492797e-06
1.66849948273829e-07,9.468794647426198e-06
1.668718112124378e-07,9.795003899448398e-06
1.668896520350936e-07,1.020310964372698e-05
1.668974595320358e-07,1.168530304370206e-05
1.669014644537992e-07,1.269379189524193e-05
1.669051958334397e-07,1.381269895388797e-05
1.669089534801175e-07,1.463852399477864e-05
1.669143535648535e-07,1.560800402020459e-05
1.669189239813257e-07,1.570644897518529e-05
1.66923369332823e-07,1.550296326291243e-05
1.669273337112569e-07,1.370352270988384e-05
1.669301112638931e-07,1.253945044022506e-05
1.669332432358594e-07,1.144151176740783e-05
1.669364718887903e-07,1.144712330247444e-05
1.669393002723008e-07,1.108260541044516e-05
1.669428397737594e-07,1.114609360915471e-05
1.669496255455275e-07,1.051388875545336e-05
1.669602090429034e-07,9.485894564604411e-06
1.669697630292677e-07,8.256082010753752e-06
1.669789536430668e-07,8.194836816854093e-06
1.669888926318208e-07,7.867981335303875e-06
1.669987309494145e-07,8.078599723299733e-06
1.670138046724649e-07,7.78748390349577e-06
1.670439521185656e-07,7.985183933447936e-06
1.670860192899173e-07,7.67714526987759e-06
1.671414798834852e-07,7.877010296670764e-06
1.672138388355465e-07,7.57071421774294e-06
1.673128246635616e-07,7.763396514423078e-06
1.67446786497777e-07,7.425624182589119e-06
1.676350216591805e-07,7.627148280778881e-06
1.677782090475387e-07,7.375049496238792e-06
1.679172407203444e-07,7.628438534728985e-06
1.680950300524982e-07,7.375943531572732e-06
1.684506087168058e-07,7.628123052253536e-06
1.69161766045421e-07,7.375917500943879e-06
1.7044948166484e-07,7.628138659718213e-06
1.725e-07,7.375913005278015e-06
1.72509375e-07,8.648721764796139e-06
1.725244736868769e-07,8.568362938247007e-06
1.725546710606309e-07,8.967569122930671e-06
1.725622274224689e-07,1.041636510207671e-05
1.72568265284355e-07,1.255074394264995e-05
1.725727920233889e-07,1.524869478295473e-05
1.725785932976357e-07,1.912998193388336e-05
1.725830287737316e-07,2.3056792430725e-05
1.72588027666152e-07,2.756289988924981e-05
1.725901785726558e-07,3.029152037476901e-05
1.725909789997533e-07,3.047298737181248e-05
1.725918282985342e-07,3.330922721713704e-05
1.725924923768461e-07,3.348254448038678e-05
1.7259382053347e-07,3.78756804564016e-05
1.725963186525335e-07,4.397524871398116e-05
1.725985210465782e-07,5.372012657820089e-05
1.726001785726558e-07,5.758055704811539e-05
1.72600562787798e-07,6.037828762748061e-05
1.726011721252597e-07,6.135825881551327e-05
1.726016930028574e-07,6.2475877756666e-05
1.726027347580528e-07,6.471164937601559e-05
1.726047722495744e-07,7.258250496631937e-05
1.7260642884799e-07,8.051041462196466e-05
1.726077812415244e-07,8.41838210776642e-05
1.726091219259493e-07,8.515806313463719e-05
1.726107423483969e-07,8.39654029393625e-05
1.726121858169082e-07,9.151915444356704e-05
1.726134306610379e-07,9.321659656539582e-05
1.726143028148755e-07,9.512717453417692e-05
1.726150347894698e-07,9.224453057008169e-05
1.726159341042626e-07,9.116850264699791e-05
1.726167842528687e-07,8.498906776398599e-05
1.726175575941357e-07,8.164016182725763e-05
1.726182137922298e-07,7.434384695393268e-05
1.726189166333634e-07,6.90386922063338e-05
1.726197195475143e-07,6.086786635958904e-05
1.726204097525158e-07,5.906022004057756e-05
1.726211596714079e-07,5.493891537845018e-05
1.726219216831055e-07,5.523758863189625e-05
1.726229050401041e-07,5.259189262012594e-05
1.726242206583027e-07,5.40139021543901e-05
1.726263267454366e-07,5.307604576289537e-05
1.726289272126433e-07,5.666021812038622e-05
1.726323317724788e-07,5.785299002121254e-05
1.72637027693658e-07,6.355236425602688e-05
1.72643513846829e-07,6.68599605419832e-05
1.7265e-07,7.262092846984771e-05
1.726532994587189e-07,6.761647568914152e-05
1.726572649702014e-07,6.614542556973705e-05
1.726610141279685e-07,6.512844003681934e-05
1.726685124435028e-07,6.285555668473365e-05
1.726792403655593e-07,5.996315724155593e-05
1.726952403258116e-07,5.583791199225759e-05
1.727103042690226e-07,5.241330269497892e-05
1.727274233526278e-07,4.863019105295039e-05
1.727486401230675e-07,4.437924583069956e-05
1.727825377751654e-07,3.800803771579351e-05
1.728320494750643e-07,3.014706572998513e-05
1.729000084133826e-07,2.173995387680591e-05
1.729838796948918e-07,1.514344210941205e-05
1.73083114553387e-07,1.085688089393544e-05
1.731942727862027e-07,8.865205235865308e-06
1.733242582779023e-07,7.88508813335987e-06
1.734877131315375e-07,7.612836341431523e-06
1.737111326570652e-07,7.475925616051558e-06
1.740426404903544e-07,7.529702167020161e-06
1.746005363848892e-07,7.473864899859074e-06
1.75716328173959e-07,7.530440299163746e-06
1.779479117520984e-07,7.473620920150047e-06
1.8e-07,7.530562709299269e-06
1.800375e-07,3.929260522205917e-06
1.80047011576711e-07,4.163187573706608e-06
1.800660347301331e-07,6.358489714921408e-06
1.800712361573194e-07,7.581674742818573e-06
1.80075882830325e-07,8.313497318795238e-06
1.800812751357513e-07,9.312803122403017e-06
1.800865605070278e-07,9.944674668319491e-06
1.800961270419145e-07,1.156694406771518e-05
1.800999934182779e-07,1.123265076442434e-05
1.801025202896946e-07,1.029165463937482e-05
1.801055283083164e-07,8.467762344446664e-06
1.801079866906527e-07,6.981723144648346e-06
1.801105447070295e-07,6.01310032258994e-06
1.801129568321081e-07,5.75280324181775e-06
1.801154716598328e-07,5.632653979543862e-06
1.801180206628574e-07,5.634360852559704e-06
1.801217245228317e-07,5.562601196517057e-06
1.801285736609641e-07,5.566052787898206e-06
1.801392868304821e-07,5.499915657952789e-06
1.8015e-07,5.54562184138302e-06
1.801529984243047e-07,6.909771454013854e-06
1.801580792125588e-07,7.124876812420506e-06
1.801627348760852e-07,7.384136061316595e-06
1.801720462031381e-07,7.507899337616249e-06
1.801806068258347e-07,7.55757628666801e-06
1.801935873483884e-07,7.571872732975567e-06
1.802105019046172e-07,7.57254462558941e-06
1.80240290974826e-07,7.58013784863993e-06
1.802974517695816e-07,7.573320303916883e-06
1.804078698882368e-07,7.580140537194122e-06
1.806220394744309e-07,7.571369637865418e-06
1.810401853340398e-07,7.578495917306395e-06
1.812282878357471e-07,7.575514726894183e-06
1.813845793971243e-07,7.601480145316589e-06
1.815121297386929e-07,7.632862577086224e-06
1.816732850187719e-07,7.745669703261527e-06
1.81793968214568e-07,7.843264955428641e-06
1.819141302816809e-07,8.020695740907506e-06
1.819534450355089e-07,8.442240187200825e-06
1.819731024124228e-07,8.874188030635773e-06
1.819829311008798e-07,9.079950373037001e-06
1.820025884777938e-07,9.407717047390395e-06
1.820201265197009e-07,9.543228731699705e-06
1.820398707369946e-07,9.820288333045784e-06
1.820540418543808e-07,1.0750124176183e-05
1.820593477721569e-07,1.20064971142327e-05
1.820632638453813e-07,1.290770813571406e-05
1.82067948203201e-07,1.412040319871953e-05
1.820720649080254e-07,1.477460303893724e-05
1.820784770910117e-07,1.544572135865381e-05
1.820830237551857e-07,1.521352596272141e-05
1.820876295615605e-07,1.420274642918448e-05
1.820909454991784e-07,1.236054657497453e-05
1.820937961965056e-07,1.171101883628325e-05
1.820965700768832e-07,1.111114163450388e-05
1.82099447961443e-07,1.126635793893272e-05
1.821026491766899e-07,1.083082323599095e-05
1.82107823189586e-07,1.093180125572529e-05
1.821158701842723e-07,1.006542475483218e-05
1.821269253726242e-07,9.100378359198714e-06
1.821372588956353e-07,8.008149894484425e-06
1.821424134029316e-07,8.262537309902412e-06
1.821521840769468e-07,7.807166917314285e-06
1.821622995308956e-07,8.108349842137153e-06
1.821818335363567e-07,7.728106465843958e-06
1.822069818963048e-07,8.01294508730011e-06
1.82250539172152e-07,7.632640394687212e-06
1.823056119233168e-07,7.908130892012933e-06
1.823809866857224e-07,7.532091142417394e-06
1.824814294924702e-07,7.801447080618405e-06
1.826144208105626e-07,7.402279163376627e-06
1.828053551829183e-07,7.665803088267723e-06
1.82968602688604e-07,7.338430677853332e-06
1.831138299212075e-07,7.664463310124838e-06
1.832871217716731e-07,7.340470106082046e-06
1.836337054726043e-07,7.663581211836605e-06
1.842112041536786e-07,7.34043861017882e-06
1.853662015158272e-07,7.663616781244873e-06
1.864331007579136e-07,7.340437391263692e-06
1.875e-07,7.663613439227808e-06
1.87509375e-07,8.644660405531516e-06
1.875244736868769e-07,8.570342968962245e-06
1.875546710606309e-07,8.965301544198106e-06
1.875622013240302e-07,1.040988198025053e-05
1.875682645482647e-07,1.255598337880535e-05
1.875727915320827e-07,1.525886151940148e-05
1.875785955545702e-07,1.915669917153327e-05
1.875830315576578e-07,2.309867923469764e-05
1.875880278321375e-07,2.762560646749209e-05
1.875901785073868e-07,3.036106144962706e-05
1.875909788187377e-07,3.468490238738687e-05
1.875918279786444e-07,3.119746995799839e-05
1.875924920026303e-07,3.683684664044479e-05
1.875938200506021e-07,3.530799710008489e-05
1.875961493562633e-07,4.607480576599101e-05
1.875983441887475e-07,4.985783314782666e-05
1.876001785073868e-07,6.18316650572984e-05
1.876005716413248e-07,6.039272250348583e-05
1.876012075766863e-07,6.164995149193546e-05
1.876017577389446e-07,6.293180333369805e-05
1.876028580634611e-07,6.541001297336826e-05
1.876047921662724e-07,7.300929330759356e-05
1.87606430969777e-07,8.068417135124392e-05
1.876077688590408e-07,8.437790535485022e-05
1.876091169063266e-07,8.529721495188254e-05
1.876107442237504e-07,8.411783734761415e-05
1.876121985698374e-07,9.153375821287301e-05
1.876134479032937e-07,9.344406116612868e-05
1.876143276512235e-07,9.524962914106524e-05
1.876150591581287e-07,9.254633979922995e-05
1.876159632032926e-07,9.134087884144537e-05
1.876168149801785e-07,8.534671881528493e-05
1.876175903289385e-07,8.183745285739282e-05
1.876182470157432e-07,7.470174512956469e-05
1.876189497995033e-07,6.923740273617381e-05
1.876197528462333e-07,6.12254451005979e-05
1.876204431468478e-07,5.925569807841936e-05
1.876211933480562e-07,5.529305618800579e-05
1.876219556050159e-07,5.542892226670484e-05
1.876229392994536e-07,5.2940261831212e-05
1.876242553016263e-07,5.419704111330887e-05
1.876263622221271e-07,5.341547321685097e-05
1.87628962633317e-07,5.684153754813839e-05
1.87632366639511e-07,5.820954634044763e-05
1.87637060244135e-07,6.379483678137559e-05
1.876435301220675e-07,6.73693405435382e-05
1.8765e-07,7.318579375454087e-05
1.876532953165714e-07,6.847886162739221e-05
1.876572550872665e-07,6.731020402914226e-05
1.876609992585755e-07,6.658625153544447e-05
1.876684876011933e-07,6.479602408016982e-05
1.876774606623212e-07,6.286760989959309e-05
1.87693892445279e-07,5.926638095807742e-05
1.877086569855361e-07,5.626689058862449e-05
1.877257830282387e-07,5.271937735567488e-05
1.877460591111546e-07,4.874176519638174e-05
1.877784645795637e-07,4.254369964010872e-05
1.878349963444931e-07,3.314934519583769e-05
1.879062409582168e-07,2.38793183870268e-05
1.879926277168571e-07,1.654124754503193e-05
1.880898271538722e-07,1.180312000650517e-05
1.882015446178543e-07,9.346936282995858e-06
1.883301281807422e-07,8.094908599788207e-06
1.884931271239727e-07,7.678357312891807e-06
1.887045083787615e-07,7.484298097247126e-06
1.890203714352562e-07,7.532383187951242e-06
1.894937730208885e-07,7.469137753004278e-06
1.904148824640984e-07,7.535381175525868e-06
1.921855588737866e-07,7.468610484767058e-06
1.95e-07,7.535587241950179e-06
1.950375e-07,3.930862298052669e-06
1.95047011576711e-07,4.169487918031974e-06
1.950660347301331e-07,6.372261048963383e-06
1.950712360991663e-07,7.599361946249645e-06
1.950758827968312e-07,8.329457620515361e-06
1.950812751173578e-07,9.321481580166474e-06
1.950865604660268e-07,9.94938614330962e-06
1.950961264263863e-07,1.156307409907942e-05
1.950999929208291e-07,1.122320419191338e-05
1.951025198166248e-07,1.027906967502884e-05
1.9510552794682e-07,8.454936559214783e-06
1.951079863796285e-07,6.966007951274114e-06
1.951105443709763e-07,5.99710399136528e-06
1.951129565448031e-07,5.735849520858596e-06
1.951154714745598e-07,5.616406158602062e-06
1.951180204213943e-07,5.616899146429234e-06
1.951217240405301e-07,5.545589662807155e-06
1.951285726452154e-07,5.548301031097908e-06
1.951392863226077e-07,5.484395936141277e-06
1.9515e-07,5.530842331201723e-06
1.951529984953763e-07,6.882178731017185e-06
1.951580794304976e-07,7.090300062849054e-06
1.951627352194869e-07,7.368241175976686e-06
1.951720467974654e-07,7.511195645759084e-06
1.951806164666788e-07,7.553613888552926e-06
1.951936005340463e-07,7.571815029287176e-06
1.952104623310309e-07,7.565681089515949e-06
1.952402924368737e-07,7.576290147680907e-06
1.952955621989762e-07,7.564992379680189e-06
1.954056862834508e-07,7.576110445078058e-06
1.956167965068357e-07,7.563391575474319e-06
1.960286913629164e-07,7.574161883800345e-06
1.961946002014706e-07,7.563263779728456e-06
1.965264178785789e-07,7.600356582867892e-06
1.966877358352034e-07,7.641578383442726e-06
1.968176791338644e-07,7.732135940349497e-06
1.969529140321232e-07,7.822107308583976e-06
1.970778606752219e-07,8.028224592210823e-06
1.971308163303393e-07,8.793086126741239e-06
1.971509690494879e-07,9.186703728872279e-06
1.971601757996809e-07,9.278056106765152e-06
1.971785893000667e-07,9.452154439561883e-06
1.97197204373789e-07,9.599721695938544e-06
1.9721294164671e-07,9.933026826853833e-06
1.972215482598417e-07,1.093309731630258e-05
1.972260505738432e-07,1.195885199890455e-05
1.9723017508798e-07,1.281258278356641e-05
1.972345757981942e-07,1.377643038776294e-05
1.972391427204856e-07,1.441291350204015e-05
1.97244906273838e-07,1.490960604844704e-05
1.972497632845985e-07,1.47925053164586e-05
1.972546282486888e-07,1.408257193791988e-05
1.972584442617937e-07,1.222116776600096e-05
1.972613690274905e-07,1.156785376028747e-05
1.97264136946523e-07,1.090456341584863e-05
1.972672308669552e-07,1.106656574743023e-05
1.972704611046406e-07,1.062782293731893e-05
1.972753768782059e-07,1.081552204866868e-05
1.972825909096126e-07,1.01565253659633e-05
1.972962595460025e-07,9.303182424657558e-06
1.97307011790637e-07,8.104300464095237e-06
1.973173647195163e-07,8.194972613119851e-06
1.973290238905076e-07,7.771241258119753e-06
1.973402424973388e-07,8.086130584799076e-06
1.973581737589925e-07,7.688592467154299e-06
1.973940362822998e-07,7.993235764620381e-06
1.974426998708999e-07,7.585858439821657e-06
1.975071507995867e-07,7.897534071714912e-06
1.975913061190541e-07,7.492690799180659e-06
1.977072730640558e-07,7.80023323193486e-06
1.978571244663016e-07,7.372048079151008e-06
1.980778504460362e-07,7.680754655778808e-06
1.982525520034141e-07,7.321964012100128e-06
1.98414559801593e-07,7.681442176602543e-06
1.986147927679712e-07,7.323056498174708e-06
1.990152587007276e-07,7.681027898803337e-06
1.997531660174898e-07,7.322993991847356e-06
2.012289806510143e-07,7.681067292094438e-06
2.025e-07,7.322977561351377e-06
2.02509375e-07,8.646433798053649e-06
2.02524473686877e-07,8.566856915964697e-06
2.025546710606309e-07,8.965751644097142e-06
2.025622162476061e-07,1.040978185722374e-05
2.025682651076475e-07,1.254469907531029e-05
2.025727916432627e-07,1.523991834975399e-05
2.025785939748383e-07,1.91195914317344e-05
2.025830296382511e-07,2.304670282493992e-05
2.025880277183896e-07,2.755618752122793e-05
2.025901785462017e-07,3.028687358702442e-05
2.025909789366602e-07,3.048096404819381e-05
2.025918281913459e-07,3.330933900442402e-05
2.025924922517221e-07,3.34961778525131e-05
2.025938203724746e-07,3.787528603151889e-05
2.025963139769952e-07,4.399882877860703e-05
2.025985193748703e-07,5.372452501673124e-05
2.026001785462017e-07,5.759546234396928e-05
2.026005628632443e-07,6.035434013181136e-05
2.026011726018124e-07,6.132132407653173e-05
2.026016937686396e-07,6.243365946424357e-05
2.026027361022941e-07,6.467376559082084e-05
2.026047688687545e-07,7.255739297626186e-05
2.026064198308393e-07,8.046595834998796e-05
2.026077704892685e-07,8.415285506510207e-05
2.026091108959421e-07,8.512925290844174e-05
2.026107299282162e-07,8.396664192151585e-05
2.026121721198159e-07,9.152092505980242e-05
2.026134165600947e-07,9.324156988359685e-05
2.026142882284769e-07,9.514944918602868e-05
2.026150198903534e-07,9.226748033772053e-05
2.026159204609514e-07,9.116961478061157e-05
2.026167707354811e-07,8.504611783018079e-05
2.026175438638784e-07,8.167818429769096e-05
2.026181993045541e-07,7.442782056047711e-05
2.02618901974352e-07,6.910340295838913e-05
2.026197051550587e-07,6.098685149145198e-05
2.026203973936613e-07,5.915822239997e-05
2.026211467321797e-07,5.509601250146957e-05
2.026219092963576e-07,5.538368364725894e-05
2.026228930633055e-07,5.279718474644416e-05
2.02624211620902e-07,5.422248507429382e-05
2.026263220952214e-07,5.337528304772694e-05
2.026289259647762e-07,5.700214658139569e-05
2.026323365661914e-07,5.833728769552524e-05
2.026370435273763e-07,6.419746570665017e-05
2.026435217636882e-07,6.789757788075737e-05
2.0265e-07,7.416886551780475e-05
2.026532974444799e-07,6.940194122653426e-05
2.026572601641001e-07,6.820853211905133e-05
2.026610068968948e-07,6.744120491686121e-05
2.026685003624841e-07,6.566300979270702e-05
2.026789821894274e-07,6.345765317637498e-05
2.026951444316605e-07,6.00683010868803e-05
2.027101639413277e-07,5.716076245548239e-05
2.027272533704984e-07,5.375803631174409e-05
2.027482315892619e-07,4.978175015330682e-05
2.027817966660952e-07,4.351911968919733e-05
2.028414586062374e-07,3.377631443812593e-05
2.029160873412607e-07,2.420913162552515e-05
2.030058989406707e-07,1.670071821352513e-05
2.031061600904856e-07,1.188673805368482e-05
2.032207821406881e-07,9.402269886371565e-06
2.033527805935147e-07,8.115590910754043e-06
2.035197429845588e-07,7.691091573262246e-06
2.037369233089118e-07,7.481872556715484e-06
2.040576692790485e-07,7.53666482815799e-06
2.045439850865567e-07,7.464577462886282e-06
2.055144484287213e-07,7.539978676107278e-06
2.074202958525149e-07,7.463994599652904e-06
2.1e-07,7.540224841684805e-06
2.100375e-07,3.951787045248901e-06
2.10047011576711e-07,4.184624709383962e-06
2.100660347301331e-07,6.363265713297664e-06
2.100712361020279e-07,7.579899273279067e-06
2.100758827863448e-07,8.307940335611264e-06
2.100812751019673e-07,9.302109162297633e-06
2.100865604510848e-07,9.93204742636033e-06
2.10096126973965e-07,1.154605436701837e-05
2.100999933691882e-07,1.120995749228619e-05
2.101025202435278e-07,1.026752146657881e-05
2.101055282760501e-07,8.443506125685828e-06
2.101079867071996e-07,6.956309620656711e-06
2.101105447635828e-07,5.98804815917549e-06
2.101129569004124e-07,5.726933542821077e-06
2.101154717820514e-07,5.607266015850976e-06
2.101180207812107e-07,5.608317676439013e-06
2.101217246221675e-07,5.537421966588498e-06
2.101285737172748e-07,5.54087918681093e-06
2.101392868586374e-07,5.476939281981942e-06
2.1015e-07,5.523639446153908e-06
2.101529984203646e-07,6.890452793010459e-06
2.101580792004767e-07,7.110333178232982e-06
2.101627348570477e-07,7.373412161775263e-06
2.101720461701897e-07,7.499938373034909e-06
2.10180604451431e-07,7.54999224464473e-06
2.101935802318953e-07,7.56325373406213e-06
2.102104628643693e-07,7.563098253343778e-06
2.102403892569505e-07,7.569159646900514e-06
2.102958258871993e-07,7.562262627154415e-06
2.104062426692675e-07,7.569214400654855e-06
2.106179964692021e-07,7.560776483900216e-06
2.110310772857727e-07,7.56737481426616e-06
2.112538787349538e-07,7.560209744817125e-06
2.115286599830036e-07,7.578601963994008e-06
2.116929183738168e-07,7.595949402760882e-06
2.118377936828022e-07,7.655032823575425e-06
2.119995077691394e-07,7.740539738763998e-06
2.121324600883101e-07,7.837245735788527e-06
2.122775419200292e-07,8.677963018953652e-06
2.123152816146005e-07,9.293729675545762e-06
2.12327959737018e-07,9.312121050052572e-06
2.12353315981853e-07,9.577197688629277e-06
2.123722191400002e-07,9.927656185952165e-06
2.123802231614249e-07,1.103437686281463e-05
2.123847589798702e-07,1.189900712716528e-05
2.123891332040599e-07,1.285691481840694e-05
2.123936144680232e-07,1.360863617770824e-05
2.123987288369027e-07,1.434435675374605e-05
2.124042880000246e-07,1.458820227300815e-05
2.12409362926963e-07,1.457037410090568e-05
2.124143547946033e-07,1.361615651444683e-05
2.124181704607199e-07,1.202457989435256e-05
2.124212443670923e-07,1.125152811475833e-05
2.124240682388764e-07,1.085221940626189e-05
2.124272314399041e-07,1.083880796962868e-05
2.124306374911336e-07,1.060914189715498e-05
2.124360757767716e-07,1.0592306138318e-05
2.124441623348771e-07,1.012628205201413e-05
2.124583761454174e-07,9.09675855880623e-06
2.124696571323831e-07,8.156855993234854e-06
2.124800282364316e-07,8.09816056683493e-06
2.124918771648631e-07,7.828803936387851e-06
2.125039204283526e-07,8.003310059778784e-06
2.12521565564393e-07,7.74611787996654e-06
2.125568558364736e-07,7.914830492625298e-06
2.126072717950522e-07,7.647233423256921e-06
2.126734929232361e-07,7.821767025532268e-06
2.127603988953917e-07,7.557991942284877e-06
2.128790603971338e-07,7.730105542316188e-06
2.130310200675035e-07,7.447156204571177e-06
2.132574466309262e-07,7.61321027160303e-06
2.134512288861816e-07,7.390540356443547e-06
2.136210324951093e-07,7.613611768851602e-06
2.138207480916732e-07,7.39031261357382e-06
2.142201792848009e-07,7.61374991953547e-06
2.150190416710563e-07,7.390301978291032e-06
2.162595208355282e-07,7.613751712238033e-06
2.175e-07,7.390301196423949e-06
2.17509375e-07,8.642783848587358e-06
2.175244736868769e-07,8.569519924554589e-06
2.175546710606309e-07,8.963096449847768e-06
2.175622151474921e-07,1.041088117383801e-05
2.175682650773482e-07,1.254896177589265e-05
2.175727916208885e-07,1.524973226330305e-05
2.175785940674488e-07,1.914008470124638e-05
2.175830297527848e-07,2.308024486442948e-05
2.175880277252275e-07,2.760642931248016e-05
2.175901785434637e-07,3.034317861720426e-05
2.175909789291541e-07,3.25583326667144e-05
2.175918281781179e-07,3.224472894308254e-05
2.175924922362496e-07,3.51282364161014e-05
2.17593820352513e-07,3.654563895047482e-05
2.175962297373972e-07,4.500923378831993e-05
2.175984249011667e-07,5.172270141955544e-05
2.176001785434637e-07,5.933788809039804e-05
2.176005675967786e-07,6.009601984560719e-05
2.176011913410327e-07,6.123976451287677e-05
2.176017282349449e-07,6.246869195761638e-05
2.176028020227692e-07,6.489214574479952e-05
2.176047759263263e-07,7.270684985255334e-05
2.176064163994283e-07,8.053343322809551e-05
2.176077573763423e-07,8.427046667947904e-05
2.176090997321019e-07,8.525853734655181e-05
2.176107183159425e-07,8.413709762063737e-05
2.176121645457959e-07,9.162918742353433e-05
2.176134092481478e-07,9.349350124396914e-05
2.176142854168158e-07,9.535833712848999e-05
2.176150155202242e-07,9.258347919119123e-05
2.176159189849652e-07,9.142166042614089e-05
2.176167698965037e-07,8.542222521999197e-05
2.176175448045403e-07,8.197231972478966e-05
2.176182005669949e-07,7.483493387998729e-05
2.176189024381896e-07,6.943727624456201e-05
2.176197046255299e-07,6.141928534103741e-05
2.176203930817619e-07,5.951089159373062e-05
2.176211430311433e-07,5.553728863305423e-05
2.176219040214969e-07,5.573367077043285e-05
2.176228859406856e-07,5.324859870587318e-05
2.176241975279933e-07,5.458818560123954e-05
2.176262966745014e-07,5.385072591796794e-05
2.176288938292856e-07,5.741203480594493e-05
2.176322913833612e-07,5.889518833082003e-05
2.176369749631106e-07,6.476034047100534e-05
2.176447302397491e-07,6.983868675293264e-05
2.1765e-07,7.537680851498066e-05
2.176529740244016e-07,7.082234098791676e-05
2.176566982162161e-07,6.979232685554554e-05
2.176600789225662e-07,6.916339048963238e-05
2.176668403352663e-07,6.767632537829472e-05
2.17676660030078e-07,6.572312976031738e-05
2.176935416624651e-07,6.236645563529447e-05
2.177084882660902e-07,5.961217247164656e-05
2.177253517625134e-07,5.641296610513127e-05
2.177453019286762e-07,5.275700130481483e-05
2.17777308065905e-07,4.688175835112739e-05
2.178333124106482e-07,3.753292653260089e-05
2.179046551478214e-07,2.767434803143614e-05
2.179956821086695e-07,1.89696088359007e-05
2.180958477632722e-07,1.323370287275903e-05
2.182099036192683e-07,1.008514335919614e-05
2.183384596155093e-07,8.437470879444736e-06
2.184981723053718e-07,7.801222075410175e-06
2.18701323529158e-07,7.511225842811631e-06
2.189914514238231e-07,7.535087993372008e-06
2.194178824871903e-07,7.465539743312181e-06
2.202634189849785e-07,7.539059839040515e-06
2.218087917072304e-07,7.46491333298059e-06
2.234043958536152e-07,7.539318966228954e-06
2.25e-07,7.464728877898678e-06
2.250375e-07,3.966059028206619e-06
2.25047011576711e-07,4.197687887140093e-06
2.250660347301331e-07,6.362582729605449e-06
2.250712362175952e-07,7.575271101593883e-06
2.250758829655901e-07,8.300649622170542e-06
2.250812752792944e-07,9.292350187806226e-06
2.250865606878869e-07,9.922034136477718e-06
2.250961272794534e-07,1.153259100702011e-05
2.250999935945191e-07,1.119659635435873e-05
2.251025204561574e-07,1.025418093338943e-05
2.251055284266885e-07,8.431006408615456e-06
2.251079868692161e-07,6.94398914395891e-06
2.251105449651625e-07,5.976632083783237e-06
2.251129570857972e-07,5.715654998542808e-06
2.251154719592648e-07,5.596729300883548e-06
2.25118020982234e-07,5.597845613206518e-06
2.251217249241983e-07,5.527840009471028e-06
2.25128574213575e-07,5.53190314814908e-06
2.251392871067875e-07,5.469299500543758e-06
2.2515e-07,5.51627027388945e-06
2.251529983856379e-07,6.886059566639236e-06
2.25158079093989e-07,7.110772397150783e-06
2.251627346892573e-07,7.375680671424393e-06
2.25172045879794e-07,7.499349637388141e-06
2.251806015237112e-07,7.547350437830039e-06
2.251935704225344e-07,7.55892966607085e-06
2.252104415301919e-07,7.558554649053769e-06
2.252403826999192e-07,7.564666347479355e-06
2.252960729211597e-07,7.557933809598914e-06
2.254066255007989e-07,7.564836678288128e-06
2.256189059016377e-07,7.556593762798674e-06
2.260330772031081e-07,7.563149467860887e-06
2.26342014344798e-07,7.555995464589532e-06
2.265601939106217e-07,7.569188941075584e-06
2.26733119651671e-07,7.576125022996745e-06
2.268954951862414e-07,7.620187030363042e-06
2.270838484350472e-07,7.694203258994045e-06
2.272321594941797e-07,7.788695477961158e-06
2.273799438907829e-07,7.959193505011789e-06
2.27432426034503e-07,8.570542671012466e-06
2.274575543106029e-07,9.008369939943537e-06
2.274683776003831e-07,9.17401304500917e-06
2.274900241799437e-07,9.310360533203463e-06
2.275095706134533e-07,9.472438969827649e-06
2.27528835818621e-07,9.68725399062776e-06
2.275446610286255e-07,1.148993901343068e-05
2.275502581858122e-07,1.25030470284735e-05
2.275552372686567e-07,1.335459955294532e-05
2.275600277930972e-07,1.395006485232326e-05
2.275665155646198e-07,1.43375263144613e-05
2.275717141243633e-07,1.425870188380069e-05
2.275770581749033e-07,1.348110942472369e-05
2.27581153230361e-07,1.181609680436181e-05
2.275843530996232e-07,1.115373967832007e-05
2.275872945599663e-07,1.067099120238896e-05
2.27590593462897e-07,1.075419787873252e-05
2.275941229380639e-07,1.044379063727855e-05
2.275997590127645e-07,1.053234417472972e-05
2.276080919213871e-07,1.00183739392811e-05
2.276236124649526e-07,9.144039612517523e-06
2.27635535995075e-07,8.108583623848806e-06
2.276474486601565e-07,8.102664250178948e-06
2.276603658563009e-07,7.800880809731221e-06
2.276727537924894e-07,7.999636897769271e-06
2.276931034159478e-07,7.715160674209894e-06
2.277338026628647e-07,7.906609791296039e-06
2.277882080761562e-07,7.617442362002305e-06
2.278602880951231e-07,7.818929494158501e-06
2.279545292109331e-07,7.532924629692528e-06
2.280838278984156e-07,7.732095778810948e-06
2.282479345955826e-07,7.427229633577752e-06
2.284962967569304e-07,7.623925769461325e-06
2.286976031547908e-07,7.379067392568467e-06
2.288791551463188e-07,7.62428896047334e-06
2.29099738743512e-07,7.380277407655566e-06
2.295409059378984e-07,7.62382022087764e-06
2.302959768212639e-07,7.380184120024632e-06
2.313979884106319e-07,7.623887343931844e-06
2.325e-07,7.380150923092698e-06
2.32509375e-07,8.641715171583927e-06
2.32524473686877e-07,8.568966736035477e-06
2.325546710606309e-07,8.96281890252434e-06
2.325622102549334e-07,1.040838312658565e-05
2.325682649756992e-07,1.254762183119974e-05
2.325727915121256e-07,1.524824765614783e-05
2.325785944516106e-07,1.913996892579216e-05
2.325830302287957e-07,2.308259582456505e-05
2.325880277533892e-07,2.761349350791672e-05
2.325901785314236e-07,3.035253587925126e-05
2.325909788972463e-07,3.064368448207745e-05
2.3259182812236e-07,3.343404633356267e-05
2.325924921710984e-07,3.364422096693625e-05
2.325938202685751e-07,3.792359546886493e-05
2.325963206810129e-07,4.412283330202142e-05
2.325985222965154e-07,5.361192909467168e-05
2.326001785314236e-07,5.748978005503363e-05
2.326005626767506e-07,6.015503244967443e-05
2.326011717764053e-07,6.112133022767715e-05
2.326016924335349e-07,6.22768080135385e-05
2.326027337477942e-07,6.460635404742905e-05
2.326047642818123e-07,7.26083887621695e-05
2.326064134051077e-07,8.056651658910744e-05
2.326077631715705e-07,8.430910461894489e-05
2.326091029705037e-07,8.534599412033815e-05
2.326107204881752e-07,8.424836484833485e-05
2.326121619328993e-07,9.182021328605316e-05
2.326134060475485e-07,9.359670303084341e-05
2.326142785714827e-07,9.551634409212678e-05
2.326150096482627e-07,9.265604825174208e-05
2.326159119049203e-07,9.15518490061707e-05
2.32616762619642e-07,8.54948768093446e-05
2.326175364208043e-07,8.212107357722409e-05
2.326181916553485e-07,7.49276497866679e-05
2.326188939785008e-07,6.960163193664842e-05
2.326196970146241e-07,6.154204447308808e-05
2.326203890338832e-07,5.970354616718955e-05
2.326211383433332e-07,5.569261319879204e-05
2.326219006950751e-07,5.597108817074146e-05
2.32622884099844e-07,5.344338500482787e-05
2.326242018394011e-07,5.487651427428344e-05
2.326263108706341e-07,5.412225657257842e-05
2.32628914231851e-07,5.780215944788794e-05
2.326323231403754e-07,5.929314374341457e-05
2.32637026619408e-07,6.534066921251332e-05
2.32643513309704e-07,6.950636407791655e-05
2.3265e-07,7.635865596699879e-05
2.326532995953319e-07,7.171622150539023e-05
2.326572652961848e-07,7.064873545085257e-05
2.326610146184335e-07,6.997264554066298e-05
2.326685132629309e-07,6.840328044846435e-05
2.326793223190931e-07,6.637500557005584e-05
2.326955062527882e-07,6.335268854001289e-05
2.327105815818221e-07,6.073440598312584e-05
2.327276513432153e-07,5.765144179670857e-05
2.327487334366156e-07,5.39507818424257e-05
2.327825259037255e-07,4.794896212451881e-05
2.328424207914678e-07,3.818754887303015e-05
2.329170937304717e-07,2.806394588788159e-05
2.330125421056011e-07,1.91109261409751e-05
2.331166415800335e-07,1.327989149814417e-05
2.332341823824194e-07,1.012017977313994e-05
2.333666278793459e-07,8.432216775358187e-06
2.335308799664645e-07,7.840260150308276e-06
2.337393050390834e-07,7.483489899879409e-06
2.340403530906199e-07,7.565458830917432e-06
2.344754762072262e-07,7.435116777890949e-06
2.353440740938667e-07,7.569464285997898e-06
2.369052850211206e-07,7.434497176433135e-06
2.4e-07,7.569689982183152e-06
2.400375e-07,3.981666337254283e-06
2.400470115767111e-07,4.208763473797671e-06
2.400660347301332e-07,6.357629007180798e-06
2.400712360698791e-07,7.563455964002424e-06
2.400758827602882e-07,8.2878484024442e-06
2.400812750817309e-07,9.280619741860652e-06
2.400865604178918e-07,9.91055597896859e-06
2.400961273990178e-07,1.152123606018777e-05
2.400999937201054e-07,1.11867566334124e-05
2.401025205779512e-07,1.024560577085466e-05
2.401055285353372e-07,8.421702655673127e-06
2.401079869915413e-07,6.936548516191556e-06
2.401105451225382e-07,5.968712806385638e-06
2.401129572345763e-07,5.708505403738597e-06
2.401154721033538e-07,5.58881555767359e-06
2.401180211435893e-07,5.591093746364331e-06
2.401217251631376e-07,5.520647118756389e-06
2.401285746405119e-07,5.526013629383383e-06
2.401392873202559e-07,5.462909608417385e-06
2.4015e-07,5.510907256774645e-06
2.401529983557644e-07,6.890025116255419e-06
2.401580790023834e-07,7.120871999851012e-06
2.401627345449164e-07,7.376588392740938e-06
2.401720456299823e-07,7.49351236329572e-06
2.401805950046013e-07,7.545150440543979e-06
2.401935602210708e-07,7.553051292231572e-06
2.402104394555139e-07,7.556611969494991e-06
2.402404233429704e-07,7.559206663935475e-06
2.402962339286115e-07,7.555966284763974e-06
2.404069390352623e-07,7.55950332420778e-06
2.406195942829277e-07,7.554721522237968e-06
2.410344847186603e-07,7.557990499908866e-06
2.414605483672557e-07,7.554414895292057e-06
2.416392357909078e-07,7.562969568873926e-06
2.418806542614783e-07,7.578391779342672e-06
2.420609152000923e-07,7.62612901198403e-06
2.422594631267519e-07,7.706918041719974e-06
2.424144205095186e-07,7.792529324051671e-06
2.425758592146325e-07,8.471978700966902e-06
2.426246564537929e-07,9.224857405384682e-06
2.426392311454849e-07,9.237898994560292e-06
2.426683805288689e-07,9.482654450400289e-06
2.426891615753971e-07,9.899193962548293e-06
2.426967728215337e-07,1.089254287639512e-05
2.427015914154749e-07,1.166842095132001e-05
2.427064039143057e-07,1.258142326677518e-05
2.427112373824063e-07,1.322822296890422e-05
2.427169261796681e-07,1.391425191977821e-05
2.42722823306104e-07,1.407833427319802e-05
2.427283348221879e-07,1.407108605460352e-05
2.427337794439587e-07,1.314428140043136e-05
2.427379411993504e-07,1.165366873468437e-05
2.427412729804186e-07,1.092966144792194e-05
2.427442976214948e-07,1.060774869165438e-05
2.42747683680573e-07,1.058447728011888e-05
2.427513857143161e-07,1.040231845630182e-05
2.427575334431794e-07,1.036761444959304e-05
2.427666817822946e-07,9.976404329086168e-06
2.427829219139954e-07,9.006056618412785e-06
2.427954284407507e-07,8.135580250715138e-06
2.428075987273508e-07,8.031032560423111e-06
2.428209328165505e-07,7.852366331068299e-06
2.428338941221755e-07,7.925849701023531e-06
2.428558166544649e-07,7.764379655504313e-06
2.428993094599811e-07,7.830988162546025e-06
2.429564804586642e-07,7.668729142376968e-06
2.430323326227956e-07,7.747015266455987e-06
2.43131629083819e-07,7.588127894630352e-06
2.432671633207316e-07,7.664842311431084e-06
2.434385159278126e-07,7.488962982415649e-06
2.437007948877949e-07,7.561521593017857e-06
2.439162668510853e-07,7.441642815073331e-06
2.441078021094013e-07,7.561676812669377e-06
2.443387165092956e-07,7.442930381468967e-06
2.448005453090842e-07,7.561171618360797e-06
2.45563178272195e-07,7.442823086232691e-06
2.465315891360975e-07,7.561255077333308e-06
2.475e-07,7.442779054730854e-06
2.47509375e-07,8.63959368758323e-06
2.47524473686877e-07,8.570468984444188e-06
2.47554671060631e-07,8.960964038067825e-06
2.475622067861906e-07,1.040813218999376e-05
2.475682650094042e-07,1.254891385779542e-05
2.475727913767661e-07,1.525201131155888e-05
2.475785945976017e-07,1.914917568365101e-05
2.475830304186222e-07,2.30976368967652e-05
2.475880277640978e-07,2.763768935208437e-05
2.475901785235257e-07,3.03786223054595e-05
2.475909788811371e-07,3.826313446353238e-05
2.475918280963445e-07,2.921403776197142e-05
2.475924921409324e-07,4.01986081520626e-05
2.475937718109443e-07,3.35146470261866e-05
2.475956259575271e-07,4.772757566684123e-05
2.475979147270043e-07,4.179435281544516e-05
2.47599046625265e-07,5.761955882167907e-05
2.476001785235257e-07,5.005401014132559e-05
2.476004127832754e-07,5.605360492338636e-05
2.476008594280849e-07,5.747761586700898e-05
2.476012607982389e-07,5.87586953608763e-05
2.476020635385468e-07,6.0904568972957e-05
2.476036690191626e-07,6.591534134811551e-05
2.476054010085416e-07,7.405694345355147e-05
2.476068900439069e-07,8.03037505098808e-05
2.476081491202463e-07,8.281872785533154e-05
2.476096935478843e-07,8.200099053745916e-05
2.476114045636963e-07,8.357805566389414e-05
2.476127228951759e-07,9.077803853591716e-05
2.476134290545518e-07,8.969808704184378e-05
2.476141806675944e-07,9.261696267784404e-05
2.476149258635027e-07,8.85485509858512e-05
2.476158043207492e-07,8.865309285637919e-05
2.476166588259917e-07,8.144841336715687e-05
2.476174401975669e-07,7.912306331037911e-05
2.476180993850974e-07,7.082754159979921e-05
2.476187894733805e-07,6.662411522832343e-05
2.476195769269241e-07,5.716771743439516e-05
2.476202189799201e-07,5.635661512423378e-05
2.476209787239584e-07,5.084698649356092e-05
2.476217178416753e-07,5.201544272169614e-05
2.47622670369368e-07,4.813370968650221e-05
2.476238887371398e-07,5.033405588758945e-05
2.476258351366325e-07,4.786989777793031e-05
2.476283442684751e-07,5.188985392138978e-05
2.476315774017634e-07,5.119345086515165e-05
2.476359827324204e-07,5.655053279202108e-05
2.476430077176858e-07,5.700759548704983e-05
2.4765e-07,6.169848063020037e-05
2.476534257729531e-07,5.616801363611973e-05
2.476575698511653e-07,5.496169789704649e-05
2.476614719255965e-07,5.454680949514496e-05
2.476692760744591e-07,5.339430170208975e-05
2.476774138612375e-07,5.248465814240135e-05
2.476936894347943e-07,5.057536751905603e-05
2.477083042753298e-07,4.914363329219206e-05
2.477254668032107e-07,4.73480293041398e-05
2.477454990555413e-07,4.543377712728526e-05
2.477772742299279e-07,4.225347619880535e-05
2.478321629958659e-07,3.716036685202705e-05
2.479404979575513e-07,2.810870312305639e-05
2.481329336322335e-07,1.712485582827809e-05
2.483192456070157e-07,1.159036443412165e-05
2.485216737215931e-07,9.159544246658316e-06
2.487367714932591e-07,7.985777999324468e-06
2.49007710452236e-07,7.711372626590848e-06
2.493695407974014e-07,7.434477612826621e-06
2.498945516207696e-07,7.57977644463305e-06
2.507097225447678e-07,7.422706994291703e-06
2.521569572681394e-07,7.581550077891415e-06
2.535784786340697e-07,7.42252910242291e-06
2.55e-07,7.581611955867744e-06
2.550375e-07,3.882487936237445e-06
2.550755463068441e-07,8.291947680001997e-06
2.550858742418519e-07,9.925618233022748e-06
2.550955010883399e-07,1.104618089717984e-05
2.551000369874937e-07,1.107051477072642e-05
2.551026459648457e-07,9.532147720267401e-06
2.551057007715068e-07,8.195449038688618e-06
2.551082277656745e-07,6.37859087143304e-06
2.551109574593438e-07,6.101514834399751e-06
2.551134281531323e-07,5.474379752914629e-06
2.551159268037136e-07,5.868285946700516e-06
2.551187425432e-07,5.356263628419269e-06
2.551237225710323e-07,5.791864999471562e-06
2.551309033761296e-07,5.26798033792602e-06
2.551404516880648e-07,5.728559437964228e-06
2.5515e-07,5.246882400217766e-06
2.551528307231743e-07,6.815573964905424e-06
2.551575678602955e-07,6.954466987979062e-06
2.551619295638169e-07,7.241620909828224e-06
2.551706529708596e-07,7.4678775601638e-06
2.55179085422035e-07,7.522696819775557e-06
2.551912673447464e-07,7.551051875514374e-06
2.55207950346267e-07,7.551946197666408e-06
2.55234233099171e-07,7.556150363807941e-06
2.55281111958737e-07,7.551583653818701e-06
2.553748696778689e-07,7.555999884290238e-06
2.555505589013069e-07,7.550754500991078e-06
2.55888803209458e-07,7.554830886427139e-06
2.565400769825814e-07,7.551014617988594e-06
2.567524016111256e-07,7.562180268415554e-06
2.56971612677394e-07,7.577875827963544e-06
2.571486104201763e-07,7.62342955214969e-06
2.573473749413154e-07,7.695159998900241e-06
2.575095017661348e-07,7.77356535812054e-06
2.576841007613005e-07,8.542498554306315e-06
2.577316112944465e-07,9.205319279637877e-06
2.577466600367891e-07,9.219456629898902e-06
2.577676871964459e-07,9.368281052573003e-06
2.577902210212372e-07,9.446010196254027e-06
2.578075310079444e-07,1.0925156156162e-05
2.578137037905912e-07,1.181101938944573e-05
2.578189940759234e-07,1.253338155035079e-05
2.578242863343259e-07,1.305316727145106e-05
2.57829314334359e-07,1.33810332092485e-05
2.578351588456295e-07,1.346388989775631e-05
2.578410167261866e-07,1.332253113875047e-05
2.57847064466237e-07,1.245068576299078e-05
2.57851601786985e-07,1.1052248292747e-05
2.578553609586319e-07,1.04608610957426e-05
2.578588946432535e-07,1.013476448597148e-05
2.578626405428772e-07,1.017142294933109e-05
2.578668804128274e-07,9.961382221536892e-06
2.578744006579557e-07,9.982374568191795e-06
2.578856009588975e-07,9.616623582919897e-06
2.57903508697784e-07,9.123035693168579e-06
2.579208180624487e-07,8.132824034673553e-06
2.57941045986846e-07,7.994343157331483e-06
2.579589242826667e-07,7.78419789147189e-06
2.579751346443557e-07,7.89132337859858e-06
2.580015447099462e-07,7.67586502437441e-06
2.580529194788697e-07,7.796356787927778e-06
2.581199954003389e-07,7.591422113205876e-06
2.582149748492259e-07,7.732586462529298e-06
2.583394132179492e-07,7.531316680653982e-06
2.585115971707562e-07,7.676104696379496e-06
2.587212847983685e-07,7.471863943105045e-06
2.590073003423407e-07,7.605299577332796e-06
2.591205856877229e-07,7.422767309790434e-06
2.593471563784873e-07,7.590717989689487e-06
2.595821866294934e-07,7.415299590170987e-06
2.599048584360222e-07,7.588780867907082e-06
2.604249960671923e-07,7.415170352466631e-06
2.611956513894799e-07,7.588876203765357e-06
2.625e-07,7.415166987712769e-06
2.62509375e-07,8.655638431168001e-06
2.62524473686877e-07,8.563706370605667e-06
2.62554671060631e-07,8.961635822309123e-06
2.625622190740627e-07,1.039669710022527e-05
2.625682652426061e-07,1.249898896529535e-05
2.625727916666007e-07,1.515984321215306e-05
2.62578593665051e-07,1.895884598128169e-05
2.625830292603513e-07,2.280667900000125e-05
2.625880276956406e-07,2.719565902488004e-05
2.625901785536004e-07,2.987576218359557e-05
2.625909789596321e-07,2.995426581015134e-05
2.625918282329788e-07,3.274022328592893e-05
2.625924923005341e-07,3.289336887958862e-05
2.625938204356447e-07,3.734545947362034e-05
2.625962583862772e-07,4.335676001008246e-05
2.625984945224862e-07,5.356514578473992e-05
2.626001785536005e-07,5.761025042602052e-05
2.626005643182797e-07,6.029218349940011e-05
2.626011793905254e-07,6.118855181373845e-05
2.626017048566494e-07,6.221456042334481e-05
2.626027557888976e-07,6.430244953771258e-05
2.626047615856021e-07,7.191458186104305e-05
2.626063917287959e-07,7.954884770036519e-05
2.626077321494127e-07,8.310805328279996e-05
2.626090691010467e-07,8.386623576956754e-05
2.626106786275371e-07,8.256306781399868e-05
2.626121135640975e-07,8.99290772927729e-05
2.626133528886487e-07,9.154064826264813e-05
2.62614220479292e-07,9.333013498484607e-05
2.626149496539813e-07,9.034920763091803e-05
2.626158510968017e-07,8.905980300076053e-05
2.626166999988165e-07,8.299753167627822e-05
2.626174714975015e-07,7.948454525824963e-05
2.626181238927173e-07,7.229014155625987e-05
2.626188248619555e-07,6.682509231181624e-05
2.626196273609597e-07,5.875375183123858e-05
2.626203222116481e-07,5.678122891125724e-05
2.62621069556632e-07,5.27860414915018e-05
2.626218317917374e-07,5.294463946390444e-05
2.626228142056423e-07,5.040002960669138e-05
2.626241344537512e-07,5.165047852241631e-05
2.626262456126437e-07,5.073820785751985e-05
2.626288537656157e-07,5.40268025327602e-05
2.626322729576712e-07,5.504041831514916e-05
2.626370000658884e-07,6.00399999910343e-05
2.626435000329443e-07,6.235246520642224e-05
2.6265e-07,6.663600767339761e-05
2.626533029703614e-07,6.156642136812794e-05
2.626572733502803e-07,6.004476690960762e-05
2.626610267365037e-07,5.914726847412389e-05
2.626685335089507e-07,5.724391710238794e-05
2.626778914324685e-07,5.551724198269954e-05
2.626947275140966e-07,5.296686332753307e-05
2.627095756759111e-07,5.134777591455294e-05
2.627266203195638e-07,4.949813846582259e-05
2.627467674609822e-07,4.7546512649318e-05
2.627792529315178e-07,4.426545392203745e-05
2.62836036333381e-07,3.89129789218521e-05
2.62948747456944e-07,2.927443583271081e-05
2.631634541759591e-07,1.685042707570238e-05
2.633567826198767e-07,1.142618178991567e-05
2.635653514744399e-07,9.022484629115739e-06
2.637846796766475e-07,7.981504693222758e-06
2.640660756818135e-07,7.662105618474618e-06
2.644448764182821e-07,7.466080627350018e-06
2.650142605975295e-07,7.546308374419079e-06
2.65929856858083e-07,7.455101269726695e-06
2.677610493791899e-07,7.549577148361241e-06
2.7e-07,7.454272388008836e-06
2.700375e-07,3.912091036143498e-06
2.70047011576711e-07,4.154083403670831e-06
2.700660347301331e-07,6.38338510345037e-06
2.700712360969633e-07,7.618885050892185e-06
2.700758828839712e-07,8.35521022093395e-06
2.700812752230956e-07,9.351106842547512e-06
2.700865605855097e-07,9.980449532845118e-06
2.700961265615118e-07,1.159905490516272e-05
2.700999930203941e-07,1.125864268370395e-05
2.701025199106977e-07,1.031064671206443e-05
2.7010552801304e-07,8.483421096084449e-06
2.701079863585354e-07,6.990263489373368e-06
2.701105442915458e-07,6.018289614651291e-06
2.701129564434897e-07,5.752620430164592e-06
2.701154712969497e-07,5.63050986056198e-06
2.701180202534379e-07,5.626630382492467e-06
2.701217238993615e-07,5.551167044520329e-06
2.701285725503532e-07,5.544566341737177e-06
2.701392862751766e-07,5.471034224381232e-06
2.7015e-07,5.509447960947327e-06
2.701529985020137e-07,6.852911172912411e-06
2.70158079450851e-07,7.045494403969189e-06
2.701627352515573e-07,7.314198611539526e-06
2.701720468529699e-07,7.4648943702772e-06
2.701806223661036e-07,7.515872865803747e-06
2.701936300997446e-07,7.545841583666716e-06
2.702105463883046e-07,7.543184676829836e-06
2.702403956687931e-07,7.557650589464962e-06
2.702947491468538e-07,7.544317378976023e-06
2.703949569105211e-07,7.557659558446339e-06
2.705953724378557e-07,7.543409299382543e-06
2.709845157506748e-07,7.556503914815358e-06
2.717431490280921e-07,7.545615195271269e-06
2.719785831259666e-07,7.571319445945366e-06
2.721656587836007e-07,7.5819143605217e-06
2.723394742133356e-07,7.641343249265998e-06
2.725259898980096e-07,7.697586618188998e-06
2.726935608776412e-07,7.781809535431949e-06
2.727430510202197e-07,7.808502378924538e-06
2.728420313053766e-07,8.579371031219797e-06
2.728664213718387e-07,8.914602678787628e-06
2.728786164050697e-07,9.062475225173748e-06
2.729030064715318e-07,9.218702259647983e-06
2.729261653614949e-07,9.318733263297247e-06
2.729484491030402e-07,9.470227736676708e-06
2.729665177851814e-07,1.088325318959102e-05
2.729728250503296e-07,1.180321279425867e-05
2.729782668486763e-07,1.245594647649635e-05
2.729836894095401e-07,1.302288337066418e-05
2.729889948351999e-07,1.328302663280553e-05
2.729949593925822e-07,1.3411916827589e-05
2.730009850224755e-07,1.31926239735961e-05
2.730071403813811e-07,1.231509960725998e-05
2.730116467519007e-07,1.091852183632734e-05
2.730155287871097e-07,1.041396575952701e-05
2.730193113502142e-07,1.006395489491396e-05
2.730231227729218e-07,1.016178780829595e-05
2.730275697686273e-07,9.902112779525877e-06
2.730360293189079e-07,9.958794148371928e-06
2.730485924691126e-07,9.515247807459233e-06
2.730677205193543e-07,8.948928636454094e-06
2.730846513615419e-07,8.043731134592618e-06
2.731012326254302e-07,8.03646259550714e-06
2.731184625768045e-07,7.764874378744956e-06
2.731347884720925e-07,7.91317149087378e-06
2.731639712174939e-07,7.655010127694511e-06
2.732181793263032e-07,7.809313361150035e-06
2.732922615789653e-07,7.568588794846619e-06
2.73389096813485e-07,7.744907335082489e-06
2.735175863234607e-07,7.510924733129154e-06
2.736962685271035e-07,7.689354509709058e-06
2.739125713133728e-07,7.452297565492134e-06
2.742131780120069e-07,7.619093060506124e-06
2.743305612039761e-07,7.404925361811e-06
2.745653275879147e-07,7.606482326078711e-06
2.748058739357325e-07,7.399176410485788e-06
2.751513033936031e-07,7.604866425651765e-06
2.757284754556845e-07,7.399142397935938e-06
2.765970307336393e-07,7.604884108304901e-06
2.775e-07,7.399173450232269e-06
2.77509375e-07,8.648333839681321e-06
2.77524473686877e-07,8.568728607907008e-06
2.77554671060631e-07,8.960190021282598e-06
2.775622056145208e-07,1.03949190084318e-05
2.77568265080846e-07,1.251345418822449e-05
2.77572791293151e-07,1.518666227266913e-05
2.775785945687975e-07,1.901685244671151e-05
2.775830303919986e-07,2.289726711269864e-05
2.775880277621107e-07,2.733277654272091e-05
2.775901785212541e-07,3.003060274390717e-05
2.775909788796967e-07,3.232679971543925e-05
2.775918280958534e-07,3.196281752102346e-05
2.775924921405695e-07,3.480544330067066e-05
2.775938202300018e-07,3.617901610219267e-05
2.775962080479377e-07,4.444529503832676e-05
2.775984206129741e-07,5.146265008454908e-05
2.776001785212541e-07,5.931103070743555e-05
2.776005678950818e-07,6.000920002722071e-05
2.776011931369194e-07,6.109212277178441e-05
2.776017308072164e-07,6.224627634396851e-05
2.776028061478103e-07,6.45372759637051e-05
2.776047627851069e-07,7.213671837076086e-05
2.776063868208808e-07,7.974553167055567e-05
2.776077199002293e-07,8.336041267448181e-05
2.776090586771766e-07,8.416416567276002e-05
2.776106684170527e-07,8.290273448061623e-05
2.776121081405547e-07,9.024406267131424e-05
2.776133481213741e-07,9.199879814687346e-05
2.776142204255317e-07,9.37735115962119e-05
2.776149482191482e-07,9.089756301797516e-05
2.776158522253215e-07,8.957549488503712e-05
2.776167017901818e-07,8.362230150825705e-05
2.776174751062934e-07,8.005793999626669e-05
2.776181279884767e-07,7.296043906434028e-05
2.776188282323434e-07,6.745219634175708e-05
2.776196297320329e-07,5.946709421598706e-05
2.776203207678822e-07,5.744658934282754e-05
2.776210687842817e-07,5.352792538677422e-05
2.776218294763568e-07,5.362941356346757e-05
2.776228100961458e-07,5.118120104929566e-05
2.77624123332354e-07,5.239490880042925e-05
2.776262231477847e-07,5.162182609552206e-05
2.776288243259242e-07,5.494710324474719e-05
2.776322301566803e-07,5.622070553895136e-05
2.776369333340221e-07,6.149259803807827e-05
2.776447376301425e-07,6.535833902327418e-05
2.7765e-07,6.964359598779279e-05
2.776529719382611e-07,6.489374488659055e-05
2.776566977670089e-07,6.363862780320473e-05
2.776600764393934e-07,6.290109573343743e-05
2.776668337841626e-07,6.119913119410059e-05
2.776754766481997e-07,5.937794735731592e-05
2.776927623762739e-07,5.614893913349188e-05
2.777075826836706e-07,5.402697398527626e-05
2.777243716046617e-07,5.182967540192145e-05
2.777435542062617e-07,4.968321617307368e-05
2.777741976401759e-07,4.638640401189896e-05
2.778236655717799e-07,4.156547752120411e-05
2.778916190769887e-07,3.531261099547552e-05
2.779962841346512e-07,2.716687873865906e-05
2.781605300029483e-07,1.794079604525807e-05
2.783560316946261e-07,1.202195835057967e-05
2.785617912179007e-07,9.247578302958373e-06
2.787883915271203e-07,8.113404106580758e-06
2.790628522264275e-07,7.6467752130034e-06
2.794322840220634e-07,7.518826849441741e-06
2.799727835410577e-07,7.49740913552463e-06
2.808418725836889e-07,7.504791994551851e-06
2.825070621716535e-07,7.499705324736104e-06
2.85e-07,7.504273910893954e-06
2.850375e-07,3.931120897477224e-06
2.85047011576711e-07,4.1709678249722e-06
2.850660347301331e-07,6.379440453889597e-06
2.850712361195361e-07,7.607989899644577e-06
2.850758828197224e-07,8.339268962842364e-06
2.850812751379442e-07,9.331479290517774e-06
2.850865604958117e-07,9.95958737304612e-06
2.850961264787527e-07,1.157383719442343e-05
2.850999929604087e-07,1.123351759117651e-05
2.851025198540408e-07,1.028753661286101e-05
2.851055279739368e-07,8.462077044903116e-06
2.851079863794251e-07,6.971034058454042e-06
2.851105443551271e-07,6.000749748504567e-06
2.851129565214599e-07,5.737172957326839e-06
2.851154714285719e-07,5.616516471386471e-06
2.851180203798432e-07,5.614387839862015e-06
2.851217240086279e-07,5.541044234517e-06
2.851285726407961e-07,5.538056325071546e-06
2.851392863203981e-07,5.46808820977601e-06
2.8515e-07,5.508372576719315e-06
2.851529984956855e-07,6.856826271391201e-06
2.851580794314458e-07,7.058970911624638e-06
2.851627352209809e-07,7.333128856636417e-06
2.85172046800051e-07,7.476351926849973e-06
2.851806177483749e-07,7.521424758501891e-06
2.85193609625408e-07,7.543309069300075e-06
2.852104943556439e-07,7.540187864053602e-06
2.852403713334569e-07,7.553174180407892e-06
2.852955409285393e-07,7.542702069771315e-06
2.854057236575471e-07,7.554056553588566e-06
2.856034433713688e-07,7.541825360749306e-06
2.859988827990123e-07,7.553022615764875e-06
2.867705004172118e-07,7.542652454749306e-06
2.870121397568663e-07,7.562162954183352e-06
2.872347242975387e-07,7.570333875164193e-06
2.874248122942583e-07,7.621121812114713e-06
2.876353135328559e-07,7.677041799100674e-06
2.878131677836168e-07,7.755111535696428e-06
2.880099415241402e-07,8.778803515472938e-06
2.880523657979477e-07,9.187425611904544e-06
2.880675869048695e-07,9.190448360205024e-06
2.880876017943946e-07,9.324677245719607e-06
2.881088167362545e-07,9.415962005372058e-06
2.881277649640652e-07,1.081188478449122e-05
2.881343588350186e-07,1.167526231887739e-05
2.881399536840957e-07,1.235471264717915e-05
2.881455691093199e-07,1.286995720437654e-05
2.881508708344195e-07,1.317339864999999e-05
2.881570380103119e-07,1.327223889533871e-05
2.881632391975846e-07,1.312957062786702e-05
2.881696572026329e-07,1.22999710545826e-05
2.881744424803297e-07,1.091400412937459e-05
2.881783737650677e-07,1.037355476560258e-05
2.88182037449419e-07,1.005680345352957e-05
2.881859262325742e-07,1.011242094851069e-05
2.881903801631339e-07,9.895288550625526e-06
2.881985500352507e-07,9.928090430807742e-06
2.882106143332818e-07,9.553829897248803e-06
2.882292729177837e-07,9.074600388866427e-06
2.882469491399619e-07,8.130622741008832e-06
2.882683740751793e-07,7.983490266515558e-06
2.882869357021909e-07,7.783621687262606e-06
2.883038274605803e-07,7.879587423884299e-06
2.883316552607709e-07,7.672656498323879e-06
2.883852438433653e-07,7.784287072708516e-06
2.884546934186382e-07,7.589274691129633e-06
2.88553938887486e-07,7.722657547287051e-06
2.886840003770703e-07,7.530977651636595e-06
2.888640956309746e-07,7.668350832286337e-06
2.890821367561075e-07,7.473925642140527e-06
2.893789155149215e-07,7.600783555333627e-06
2.894974188994727e-07,7.426710264034658e-06
2.89734425668575e-07,7.586602626257804e-06
2.899797889501777e-07,7.419326561919329e-06
2.903141636879789e-07,7.584766805086078e-06
2.908529470391514e-07,7.419171022469787e-06
2.916467598682938e-07,7.58488554887762e-06
2.925e-07,7.419139370903145e-06
2.92509375e-07,8.646800058159606e-06
2.92524473686877e-07,8.567425900564854e-06
2.92554671060631e-07,8.961139205342197e-06
2.925622029711969e-07,1.039450501000608e-05
2.925682650586818e-07,1.25156423169171e-05
2.925727912330156e-07,1.519196834003849e-05
2.925785947592989e-07,1.902988938618246e-05
2.925830306273915e-07,2.292086954518315e-05
2.92588027775648e-07,2.737264963757425e-05
2.925901785148294e-07,3.007988170188365e-05
2.925909788634247e-07,3.028047464103642e-05
2.925918280677594e-07,3.306793672379936e-05
2.925924921078148e-07,3.325796659760947e-05
2.925938201879256e-07,3.759282289263739e-05
2.925962897571618e-07,4.352935743809428e-05
2.925985196272548e-07,5.318550958815828e-05
2.926001785148294e-07,5.703040778031477e-05
2.926005629636887e-07,5.976843281443174e-05
2.926011738482675e-07,6.074737717280299e-05
2.926016950672554e-07,6.186359884477324e-05
2.926027375052313e-07,6.410925360586492e-05
2.926047537964801e-07,7.197963916919255e-05
2.926063889943176e-07,7.979079970522411e-05
2.926077309523121e-07,8.343974526202653e-05
2.926090659292161e-07,8.432506141212645e-05
2.926106727672361e-07,8.311316732935971e-05
2.926121067664295e-07,9.055727057383284e-05
2.926133451208177e-07,9.223115982550925e-05
2.92614213732872e-07,9.407337379516145e-05
2.926149419952176e-07,9.111262835798685e-05
2.926158443723066e-07,8.98624711314445e-05
2.926166934701158e-07,8.384160260637253e-05
2.926174658763204e-07,8.03671844152216e-05
2.926181184055555e-07,7.321007585217698e-05
2.926188187995846e-07,6.779225609147825e-05
2.926196205776535e-07,5.975732519636449e-05
2.926203128839826e-07,5.78265581651577e-05
2.92621060586164e-07,5.38577725001659e-05
2.926218216977908e-07,5.405486536419971e-05
2.926228027492819e-07,5.156070412652483e-05
2.926241181011085e-07,5.288887745571839e-05
2.926262212578729e-07,5.211105793026869e-05
2.926288247543436e-07,5.560359045619506e-05
2.926322347589191e-07,5.694404443311927e-05
2.926369455211746e-07,6.253643546012053e-05
2.926447705175586e-07,6.689093836974311e-05
2.9265e-07,7.169624936037218e-05
2.926529626370756e-07,6.696143544404197e-05
2.926566804299753e-07,6.572214274807174e-05
2.926600485943413e-07,6.495664858155114e-05
2.926667849230733e-07,6.324717419724357e-05
2.92676685534328e-07,6.111600104194122e-05
2.926935260599208e-07,5.789210022277109e-05
2.927085251144297e-07,5.562562689282522e-05
2.927252330622478e-07,5.330399381751703e-05
2.927448939311369e-07,5.09703834494178e-05
2.927761408052601e-07,4.747479516057175e-05
2.928237465574644e-07,4.274037496032366e-05
2.928863873756981e-07,3.68841015552388e-05
2.929750908073425e-07,2.968959915225849e-05
2.93114476694864e-07,2.086468089983688e-05
2.933021539084128e-07,1.37349721715815e-05
2.935035478790746e-07,1.003512738411018e-05
2.937234622825397e-07,8.450628525620883e-06
2.939801477902736e-07,7.760473109537343e-06
2.943122073638301e-07,7.551348175744194e-06
2.947856536005058e-07,7.493492943118876e-06
2.955025949163467e-07,7.508332796128912e-06
2.968139633409352e-07,7.496132483978374e-06
2.984069816704675e-07,7.507848923366959e-06
3e-07,7.496360734727046e-06
3.000375e-07,3.951906007730596e-06
3.00047011576711e-07,4.185390976755562e-06
3.000660347301331e-07,6.36836637141729e-06
3.000712362181683e-07,7.585387127833048e-06
3.000758829664857e-07,8.31573480548246e-06
3.000812752801821e-07,9.308293624064369e-06
3.000865606890704e-07,9.940554727515511e-06
3.000961271748439e-07,1.155361028215358e-05
3.000999935089651e-07,1.121953555552704e-05
3.001025203746966e-07,1.027393979196349e-05
3.001055283639349e-07,8.451280694181996e-06
3.001079867648377e-07,6.960697575390081e-06
3.001105448138763e-07,5.993646477048137e-06
3.001129569349001e-07,5.728938785497038e-06
3.001154717822345e-07,5.610359980730313e-06
3.001180207947574e-07,5.607612587462136e-06
3.001217246878428e-07,5.537051953929756e-06
3.001285738830477e-07,5.534153578133246e-06
3.001392869415239e-07,5.466862710676578e-06
3.0015e-07,5.506142819062757e-06
3.001529984087654e-07,6.871674737552923e-06
3.001580791649081e-07,7.087119866937593e-06
3.00162734801003e-07,7.347169274243057e-06
3.001720460731928e-07,7.472033493451824e-06
3.001806050927962e-07,7.522538303916761e-06
3.001935854656435e-07,7.537828864692042e-06
3.002104852007564e-07,7.539919592237183e-06
3.002404715488978e-07,7.548403066808975e-06
3.002960420248824e-07,7.542503323821863e-06
3.004031526715764e-07,7.549772455531397e-06
3.006032077303424e-07,7.541648908113601e-06
3.009862936362874e-07,7.54887817362026e-06
3.01750274791943e-07,7.541307702027708e-06
3.019926445132032e-07,7.5531051692732e-06
3.022862938360254e-07,7.561699840509951e-06
3.024998953765055e-07,7.603058620840005e-06
3.027457493090548e-07,7.662982160637134e-06
3.029370358623995e-07,7.735785044094689e-06
3.031381981596614e-07,8.402698395164388e-06
3.031978121007598e-07,9.148398784228583e-06
3.032152486650859e-07,9.151817687557798e-06
3.032379774931738e-07,9.297520429043315e-06
3.032628138039039e-07,9.398964420914709e-06
3.032823545463215e-07,1.08241987681572e-05
3.032891119748979e-07,1.164799035721704e-05
3.032948732887831e-07,1.232315873800892e-05
3.033006336188038e-07,1.279658551256971e-05
3.033062944330098e-07,1.310430694039374e-05
3.033125997599401e-07,1.31633116157334e-05
3.033190190669614e-07,1.30135771349007e-05
3.033255705399713e-07,1.207632052180647e-05
3.033302998177019e-07,1.079373365794061e-05
3.033344011833371e-07,1.026933906332518e-05
3.033384139478989e-07,1.00142552146316e-05
3.033424007548638e-07,1.005165952216854e-05
3.033471490553188e-07,9.865491228752113e-06
3.033566456562289e-07,9.851311222253353e-06
3.033705596009717e-07,9.473021092701335e-06
3.033909104172579e-07,8.821245921136088e-06
3.034084633083191e-07,8.045746806539362e-06
3.034247374131014e-07,8.002626337257291e-06
3.034422976193298e-07,7.795674655015114e-06
3.034594450712065e-07,7.872587850474309e-06
3.034922115083297e-07,7.680633643851382e-06
3.035497910955634e-07,7.764348922915985e-06
3.036280215859886e-07,7.596333043219256e-06
3.037300409260235e-07,7.702248213363805e-06
3.03866325764601e-07,7.541106987188513e-06
3.040543398737608e-07,7.649017037337582e-06
3.04281673200081e-07,7.485149333564412e-06
3.045989405992571e-07,7.58186617933944e-06
3.047233340617911e-07,7.440228059770358e-06
3.049721209868592e-07,7.570259343295001e-06
3.052249326194341e-07,7.435225508483464e-06
3.055922573406106e-07,7.568799838479115e-06
3.062194508604271e-07,7.4352266550201e-06
3.068597254302136e-07,7.568788176788571e-06
3.075e-07,7.435264788865377e-06
3.07509375e-07,8.642612826967623e-06
3.07524473686877e-07,8.570083422431558e-06
3.07554671060631e-07,8.959380255940217e-06
3.075621872032157e-07,1.039165862268658e-05
3.075682650285913e-07,1.252251439339373e-05
3.075727909409996e-07,1.520334413110839e-05
3.075785959364422e-07,1.905739481276384e-05
3.075830320654914e-07,2.296231517257855e-05
3.07588027856273e-07,2.743627119560982e-05
3.075901784762537e-07,3.014981685899771e-05
3.07590978764902e-07,3.434097377508666e-05
3.075918278973248e-07,3.102078606500102e-05
3.0759249190932e-07,3.650731688651167e-05
3.075938199333106e-07,3.51300430808759e-05
3.075961391214135e-07,4.558414444622918e-05
3.075983554147827e-07,4.938273916753916e-05
3.076001784762537e-07,6.095864983406798e-05
3.076005711703575e-07,5.96355403884011e-05
3.076012064574634e-07,6.090747551914245e-05
3.076017548646001e-07,6.219137829899083e-05
3.076028516788735e-07,6.468294156419155e-05
3.076047675647938e-07,7.229463735635085e-05
3.076063851123974e-07,7.98816371668258e-05
3.076077114731414e-07,8.35379860256545e-05
3.076090521101107e-07,8.436900304773477e-05
3.07610661607657e-07,8.314795778067988e-05
3.076121041586464e-07,9.046782587786666e-05
3.076133445207819e-07,9.233032275392446e-05
3.076142199361748e-07,9.409234088058153e-05
3.076149468145289e-07,9.129506746022176e-05
3.076158527387081e-07,8.994397453848274e-05
3.076167027881362e-07,8.408274679068257e-05
3.076174773549947e-07,8.047908733166676e-05
3.076181304739438e-07,7.346169563494574e-05
3.076188301862809e-07,6.791913949571127e-05
3.076196310651698e-07,6.000882275943403e-05
3.076203198036328e-07,5.79501245395545e-05
3.076210681981582e-07,5.409994945789043e-05
3.076218279392144e-07,5.415843255312468e-05
3.076228074322348e-07,5.179255475266744e-05
3.076241164248696e-07,5.298050546087516e-05
3.076262093361285e-07,5.232607014383741e-05
3.076288063957064e-07,5.568481370183725e-05
3.076322041712035e-07,5.71722310469326e-05
3.076368928630849e-07,6.266958052151087e-05
3.076446577143283e-07,6.728911421762384e-05
3.0765e-07,7.222620099096905e-05
3.076529944195719e-07,6.77385698995292e-05
3.07656740517244e-07,6.676596449015593e-05
3.076601446961306e-07,6.624474254014447e-05
3.076669530539039e-07,6.491462321464254e-05
3.076753976668005e-07,6.348588992370559e-05
3.076922868925936e-07,6.069525465340364e-05
3.077070834566015e-07,5.860354399844665e-05
3.077237927425522e-07,5.628613691859006e-05
3.077428715954536e-07,5.389661097863638e-05
3.077728805544035e-07,5.025873677062257e-05
3.078243675425649e-07,4.471665880998273e-05
3.078908321551314e-07,3.825230907533925e-05
3.079739058837616e-07,3.133011743115867e-05
3.080864147593814e-07,2.367220494086544e-05
3.082427355426376e-07,1.6460946621482e-05
3.084328513103031e-07,1.150684512415431e-05
3.086454459078213e-07,9.120972416152753e-06
3.088875129193342e-07,7.983590365479684e-06
3.091865074576248e-07,7.664957225848236e-06
3.095856695889849e-07,7.464041742588238e-06
3.101826096155875e-07,7.548033202024526e-06
3.111322714373326e-07,7.45379393995524e-06
3.130315950808228e-07,7.550803308275618e-06
3.15e-07,7.453046523168148e-06
3.150375e-07,3.953461412225432e-06
3.15047011576711e-07,4.192397843633608e-06
3.150660347301331e-07,6.380422096684497e-06
3.150712361475394e-07,7.602971801685004e-06
3.150758829147602e-07,8.328328725827429e-06
3.150812752437578e-07,9.317077045741458e-06
3.150865606239884e-07,9.941501701647823e-06
3.150961267969606e-07,1.15498312331899e-05
3.150999932080481e-07,1.120627636406561e-05
3.151025200889176e-07,1.026177724496103e-05
3.151055281478778e-07,8.43518620230815e-06
3.151079865882269e-07,6.946105871942588e-06
3.151105446300773e-07,5.975126013928722e-06
3.151129567818998e-07,5.713817929287803e-06
3.151154717017859e-07,5.592423504894239e-06
3.151180206806496e-07,5.592796342959266e-06
3.151217244285812e-07,5.519288814788519e-06
3.151285732715791e-07,5.520632805882042e-06
3.151392866357896e-07,5.453114651067489e-06
3.1515e-07,5.498106015926902e-06
3.1515299845155e-07,6.849446760084346e-06
3.151580792961056e-07,7.05895329604452e-06
3.151627350077282e-07,7.338495953500463e-06
3.151720464309733e-07,7.482728986147759e-06
3.15180614320641e-07,7.525463085795085e-06
3.151935967030664e-07,7.544047381053803e-06
3.152104535535943e-07,7.538042799493397e-06
3.152402765697973e-07,7.549093152802636e-06
3.152955607932466e-07,7.538029033903861e-06
3.15405676013117e-07,7.549682352028361e-06
3.156168010268914e-07,7.537384486195563e-06
3.160287460095252e-07,7.548768995188083e-06
3.168312912004289e-07,7.537029371597741e-06
3.170840302164145e-07,7.552567042214367e-06
3.173990658798793e-07,7.556301220516852e-06
3.176247588018692e-07,7.600026013156046e-06
3.178848723034732e-07,7.653175045843036e-06
3.180860658707469e-07,7.726945985152488e-06
3.182973908011758e-07,8.414177646976478e-06
3.183584519890577e-07,9.136978219381434e-06
3.183764529567684e-07,9.135062867396305e-06
3.183995080378735e-07,9.273767159019159e-06
3.184246941028378e-07,9.36343266779971e-06
3.18445087591605e-07,1.074995281911829e-05
3.184521059464165e-07,1.155082685465345e-05
3.184580671576784e-07,1.219714933178415e-05
3.184640488356934e-07,1.265519582503598e-05
3.184696927823265e-07,1.294526786712737e-05
3.184762202189322e-07,1.301482695546703e-05
3.184828590815735e-07,1.288869618273595e-05
3.184897552349581e-07,1.205820548027003e-05
3.184948397447373e-07,1.073936792519999e-05
3.184990259334875e-07,1.022977305630273e-05
3.185029429655707e-07,9.958684694722559e-06
3.185070391160912e-07,1.000297183362996e-05
3.185118332451268e-07,9.812674486594044e-06
3.185211669843028e-07,9.826003609465961e-06
3.185346804200809e-07,9.479038469558844e-06
3.185546405165124e-07,9.001044170488257e-06
3.185734945456055e-07,8.119125056565943e-06
3.185963400039049e-07,7.971667408360503e-06
3.186158753159777e-07,7.79072630389232e-06
3.186339115668934e-07,7.857750168800705e-06
3.186652023872551e-07,7.675300409518787e-06
3.187234051374024e-07,7.758264776541229e-06
3.187995021077894e-07,7.592980011345785e-06
3.189066476674219e-07,7.698918077576286e-06
3.190479463950007e-07,7.537692148231155e-06
3.192413554971869e-07,7.6476829907765e-06
3.194748356479878e-07,7.48393369703388e-06
3.197951672404438e-07,7.583999436986991e-06
3.199239782594562e-07,7.43994322534388e-06
3.201816002974812e-07,7.571635797285062e-06
3.204438657019635e-07,7.433912012579698e-06
3.208096131115641e-07,7.570169259938493e-06
3.214196485552407e-07,7.433799133867429e-06
3.219598242776203e-07,7.570262884523068e-06
3.225e-07,7.433722844593802e-06
3.22509375e-07,8.645145397209596e-06
3.22524473686877e-07,8.566027092616345e-06
3.22554671060631e-07,8.961154779553008e-06
3.225621753304091e-07,1.03851230039171e-05
3.225682651053721e-07,1.251615673148372e-05
3.225727908087758e-07,1.518985510908317e-05
3.225785968925331e-07,1.903542666861777e-05
3.225830332139387e-07,2.292842239276529e-05
3.225880279184972e-07,2.739057992186007e-05
3.225901784468011e-07,3.009974954357931e-05
3.225909786878663e-07,3.031163098400117e-05
3.225918277632809e-07,3.309674723822305e-05
3.225924917533987e-07,3.329756579535011e-05
3.225938197336344e-07,3.762763697629992e-05
3.225962892536328e-07,4.360349629850779e-05
3.225985196814809e-07,5.325825571267418e-05
3.226001784468011e-07,5.710590782359863e-05
3.226005628936433e-07,5.982137295406923e-05
3.226011737864931e-07,6.079032602157074e-05
3.226016949873212e-07,6.190244438077777e-05
3.226027373889776e-07,6.414979252596643e-05
3.226047525310362e-07,7.20299782535002e-05
3.226063860439925e-07,7.984153345638856e-05
3.226077279348674e-07,8.350624168864076e-05
3.226090633471404e-07,8.440598633987522e-05
3.22610670680489e-07,8.322239415271386e-05
3.226121048579594e-07,9.068031582705597e-05
3.2261334370321e-07,9.237835451222498e-05
3.226142123796585e-07,9.422646658906963e-05
3.226149408104146e-07,9.127854354692713e-05
3.226158436316288e-07,9.002515634915893e-05
3.226166929404125e-07,8.403426028207637e-05
3.226174653437227e-07,8.055969710534426e-05
3.22618117702418e-07,7.342512109742592e-05
3.226188181413426e-07,6.800603072958579e-05
3.226196201895055e-07,6.000117470486547e-05
3.226203137391487e-07,5.806881123970641e-05
3.226210612148242e-07,5.413204529863881e-05
3.226218227980088e-07,5.433308906175991e-05
3.226228043444305e-07,5.187259378526893e-05
3.226241218189039e-07,5.32179077799705e-05
3.226262283503196e-07,5.250364872106986e-05
3.22628834030467e-07,5.605438101308321e-05
3.226322479004825e-07,5.751658254851423e-05
3.226369653264948e-07,6.329308768227544e-05
3.226434826632474e-07,6.712759408697067e-05
3.2265e-07,7.335335461673183e-05
3.226533073806388e-07,6.873133635601664e-05
3.226572838767763e-07,6.766082284432497e-05
3.226610425748525e-07,6.702381043023408e-05
3.226685599710049e-07,6.552465017907119e-05
3.226791409002789e-07,6.375385740630637e-05
3.226957630184021e-07,6.111032551477466e-05
3.22710808232117e-07,5.907640848456611e-05
3.2272781627309e-07,5.67721717180179e-05
3.227485024311231e-07,5.424620305340893e-05
3.227818973570234e-07,5.026852745017707e-05
3.228411063948609e-07,4.403209647853113e-05
3.229116650642869e-07,3.733772121100923e-05
3.23000002485289e-07,3.02477050558032e-05
3.231209051939003e-07,2.246678238182005e-05
3.232843859941114e-07,1.558770333287485e-05
3.234800318509759e-07,1.103372989182014e-05
3.236977856805132e-07,8.932392334064518e-06
3.239498772245215e-07,7.893409095753655e-06
3.242637738878321e-07,7.648290531297635e-06
3.246909339763413e-07,7.451633489469331e-06
3.253293502776356e-07,7.556177433596695e-06
3.263890820206257e-07,7.446514229730538e-06
3.285085455066059e-07,7.557943256332204e-06
3.3e-07,7.445925169573025e-06
3.300375e-07,3.970614605332145e-06
3.300755463068442e-07,8.228017337886968e-06
3.300860330529148e-07,9.834665225188295e-06
3.300956454415075e-07,1.096831695324368e-05
3.301000813688728e-07,1.097733257831844e-05
3.301026809970263e-07,9.451927728292439e-06
3.301057139997726e-07,8.119723605169458e-06
3.301082376120033e-07,6.328712383653011e-06
3.301109680262746e-07,6.047169337987804e-06
3.301134389519865e-07,5.438030976266726e-06
3.301159372166843e-07,5.821954795513306e-06
3.301187566001633e-07,5.328271328292475e-06
3.301237486317896e-07,5.75717077781278e-06
3.301309552330785e-07,5.254422352562154e-06
3.301404776165392e-07,5.706123602478217e-06
3.3015e-07,5.240921114382236e-06
3.301528268771422e-07,6.85473643522741e-06
3.301575562017383e-07,7.056096983039276e-06
3.301619112129399e-07,7.320963765497418e-06
3.301706212353431e-07,7.46599438018339e-06
3.301790032013799e-07,7.516172668506929e-06
3.301911163788578e-07,7.537269710534902e-06
3.302077474742913e-07,7.539137807689908e-06
3.302343345357255e-07,7.543797728634072e-06
3.302822916318199e-07,7.539587172195177e-06
3.303782058240088e-07,7.544389103898332e-06
3.305575237184734e-07,7.539160864547268e-06
3.30903654005493e-07,7.54367227191493e-06
3.315696600760208e-07,7.537963207787179e-06
3.318917609560345e-07,7.543737530562037e-06
3.32333953991285e-07,7.546695295483852e-06
3.325925598269184e-07,7.571019322094462e-06
3.328155519778345e-07,7.601393629447233e-06
3.330592941823864e-07,7.668550183615902e-06
3.332633285309336e-07,7.720942803695436e-06
3.333835922489725e-07,7.895988717623752e-06
3.334437241079919e-07,8.383164496669725e-06
3.33471896012795e-07,8.752678169049412e-06
3.334856809524132e-07,8.909364273144364e-06
3.335132508316495e-07,9.121370773886289e-06
3.335392749733351e-07,9.185592572045853e-06
3.33546790594684e-07,9.234759462787546e-06
3.335618218373818e-07,9.28629937378711e-06
3.335781488972084e-07,9.480781737701826e-06
3.335950706360892e-07,1.074674625759188e-05
3.336022727964253e-07,1.157925500641962e-05
3.336110363395745e-07,1.239380256612986e-05
3.336173388795282e-07,1.277391723128027e-05
3.33626436061374e-07,1.29442054784091e-05
3.336330082291719e-07,1.281189601826784e-05
3.33640297375449e-07,1.201145604489364e-05
3.336455979298325e-07,1.066100286367476e-05
3.336498918513976e-07,1.019431195088675e-05
3.336538436773847e-07,9.911903438866515e-06
3.336580172203547e-07,9.98008981601872e-06
3.336629411608924e-07,9.76969800407182e-06
3.336727671924734e-07,9.804009169741316e-06
3.336868205867897e-07,9.437875137186603e-06
3.337073200150684e-07,8.988248144870833e-06
3.337266314426497e-07,8.100389894651398e-06
3.337500952342099e-07,7.981586480750198e-06
3.337699857103925e-07,7.778812156099623e-06
3.337884881215454e-07,7.863906239153196e-06
3.338213985059241e-07,7.661497162175642e-06
3.338816031435328e-07,7.762635206502346e-06
3.339608913837227e-07,7.579602726070972e-06
3.340713503286126e-07,7.704204311266169e-06
3.342175132839426e-07,7.52561851970485e-06
3.344161164374189e-07,7.654298682844071e-06
3.346563942798359e-07,7.473260612431036e-06
3.34986838370982e-07,7.592187803157802e-06
3.351200678277146e-07,7.430545251637148e-06
3.353865267411797e-07,7.580459713174507e-06
3.356562246099e-07,7.424969375306324e-06
3.360352942538249e-07,7.579107756640339e-06
3.366764166464522e-07,7.424869749216604e-06
3.375e-07,7.57918154167679e-06
3.37509375e-07,8.640014965262892e-06
3.37524473686877e-07,8.570110850575065e-06
3.37554671060631e-07,8.957888633900343e-06
3.375621960467442e-07,1.03935818281004e-05
3.375682647874013e-07,1.252009139618235e-05
3.375727912482234e-07,1.520167297683186e-05
3.375785955861093e-07,1.905472487122908e-05
3.375830316209192e-07,2.296204286418454e-05
3.375880278337804e-07,2.744001864154658e-05
3.375901784963245e-07,3.015746213359497e-05
3.375909788041894e-07,3.232583714302373e-05
3.375918279597718e-07,3.205850492799356e-05
3.375924919813483e-07,3.488728548410666e-05
3.375938200245014e-07,3.634221712972698e-05
3.375962127921513e-07,4.460853905074197e-05
3.375984305621756e-07,5.130739015347128e-05
3.376001784963245e-07,5.877760795282823e-05
3.376005673961405e-07,5.955216710542054e-05
3.376011913719063e-07,6.069966066733455e-05
3.376017274116527e-07,6.192574747345785e-05
3.376027994911456e-07,6.435180312081316e-05
3.37604758683509e-07,7.216248903939071e-05
3.376063827335188e-07,7.990184403625989e-05
3.376077153001692e-07,8.360903627138976e-05
3.37609052542228e-07,8.452088763136332e-05
3.376106590763716e-07,8.336777152469541e-05
3.376120970345049e-07,9.077178654536575e-05
3.3761333580289e-07,9.259370855597323e-05
3.376142085328893e-07,9.440569752314611e-05
3.37614935448693e-07,9.155292862875799e-05
3.376158404054519e-07,9.024559845280587e-05
3.376166901115811e-07,8.435584438134745e-05
3.376174641418613e-07,8.081437437020887e-05
3.376181168746511e-07,7.377311362670163e-05
3.376188164843298e-07,6.829590905395377e-05
3.376196174042534e-07,6.0369055361383e-05
3.376203067900124e-07,5.837291758588599e-05
3.376210549110051e-07,5.450416188793766e-05
3.376218147519558e-07,5.462958025703743e-05
3.376227942502157e-07,5.225150425603946e-05
3.376241040359227e-07,5.352689891253252e-05
3.376261980486081e-07,5.290333885961863e-05
3.376287962585472e-07,5.640517458946363e-05
3.376321958651435e-07,5.799794678008805e-05
3.376368880146168e-07,6.379498641457384e-05
3.376446616938313e-07,6.896075224745689e-05
3.3765e-07,7.446736077488729e-05
3.376529933040829e-07,7.001911013948254e-05
3.376567389278714e-07,6.907802439477721e-05
3.376601418901659e-07,6.854029793719203e-05
3.37666947814755e-07,6.724513014847392e-05
3.376768993344255e-07,6.560203794104804e-05
3.376943862016752e-07,6.284781575462729e-05
3.377093851202511e-07,6.082851217080207e-05
3.377262370800436e-07,5.856906245714668e-05
3.377460030325968e-07,5.61474250685597e-05
3.377781989590055e-07,5.227956998342177e-05
3.378345493927881e-07,4.620510004252551e-05
3.379032376005941e-07,3.950352525837993e-05
3.379876670985391e-07,3.244061678241759e-05
3.380976384420226e-07,2.484665432174601e-05
3.382506878692279e-07,1.749411722456837e-05
3.384390167616204e-07,1.217685110882015e-05
3.386519536978876e-07,9.458290844375232e-06
3.388942241694364e-07,8.124571786427907e-06
3.391900169983098e-07,7.712999798838137e-06
3.395787428522372e-07,7.471420791844308e-06
3.401471694619132e-07,7.548362225739712e-06
3.410331338712009e-07,7.453579069551761e-06
3.428050626897763e-07,7.550936293279441e-06
3.45e-07,7.453000428076846e-06
3.450375e-07,3.98289863671974e-06
3.45047011576711e-07,4.2138151661675e-06
3.450660347301331e-07,6.369392567886071e-06
3.450712361065326e-07,7.577600779503727e-06
3.450758828798185e-07,8.30158019849784e-06
3.45081275214573e-07,9.289168530696103e-06
3.450865605790432e-07,9.918551067206028e-06
3.450961270763835e-07,1.152369393709523e-05
3.450999934412198e-07,1.118741952110958e-05
3.451025203113305e-07,1.024272569764676e-05
3.451055283216046e-07,8.419953668327541e-06
3.451079867940638e-07,6.930553952357906e-06
3.451105448982173e-07,5.963800065756938e-06
3.451129570359598e-07,5.700495412521596e-06
3.451154719542745e-07,5.582253849695489e-06
3.451180209613704e-07,5.581039246933127e-06
3.451217248345369e-07,5.511473739046597e-06
3.45128573965518e-07,5.512110509543732e-06
3.451392869827589e-07,5.448588436164679e-06
3.4515e-07,5.491866156579806e-06
3.451529984029948e-07,6.862507615486005e-06
3.45158079147213e-07,7.087692440015012e-06
3.451627347731212e-07,7.353190222000254e-06
3.451720460249377e-07,7.477237045855733e-06
3.451806005840034e-07,7.52536449242601e-06
3.451935689612121e-07,7.537148805213421e-06
3.452104388466325e-07,7.536816806886495e-06
3.452403828886988e-07,7.543234195516124e-06
3.452961156786427e-07,7.536610916325726e-06
3.45406693212912e-07,7.543937517135284e-06
3.456190638919622e-07,7.535966526682784e-06
3.460334224579901e-07,7.543211912311689e-06
3.468402549616473e-07,7.535031139414105e-06
3.470996036942695e-07,7.544257503559118e-06
3.47618301159514e-07,7.552967476939512e-06
3.478903607954692e-07,7.593986238827962e-06
3.482061137669969e-07,7.655639628823809e-06
3.484299998363506e-07,7.725014575543673e-06
3.484898979194233e-07,7.762156198564363e-06
3.486096940855685e-07,8.573129855845009e-06
3.486381117316878e-07,8.881794396394569e-06
3.486523205547474e-07,9.00380896343955e-06
3.486807382008666e-07,9.133733577086573e-06
3.487088588763557e-07,9.220410623116091e-06
3.487332478841713e-07,9.385037627588947e-06
3.487557382307851e-07,1.088040664727147e-05
3.48763302968765e-07,1.167854164444891e-05
3.487700499551737e-07,1.224397336542512e-05
3.487765032052821e-07,1.265321446025355e-05
3.487843061032522e-07,1.282042594050787e-05
3.487911410746538e-07,1.278669348088549e-05
3.487985060439649e-07,1.230237288734661e-05
3.488028187838632e-07,1.137764025011696e-05
3.488071786271881e-07,1.049607419911858e-05
3.4881223315731e-07,9.951287958779995e-06
3.488166743429348e-07,9.939449110922096e-06
3.488210932518884e-07,9.805771180896157e-06
3.488270775989498e-07,9.808510922082198e-06
3.488390462930727e-07,9.596197938876963e-06
3.488566165246554e-07,9.374903088796225e-06
3.488810708893011e-07,8.425250121678953e-06
3.489004993093078e-07,8.046919112090903e-06
3.489102135193112e-07,7.929144246415351e-06
3.489281062292558e-07,7.892403272433981e-06
3.489474881077028e-07,7.771976309276676e-06
3.48986251864597e-07,7.766411368931252e-06
3.490407401693657e-07,7.654642766447076e-06
3.491240310406464e-07,7.687484307508493e-06
3.49232546989514e-07,7.592793381999382e-06
3.493797836767069e-07,7.636154166457238e-06
3.495815579236986e-07,7.542779297120068e-06
3.498225555827338e-07,7.586704692239334e-06
3.501491701940242e-07,7.48314163859645e-06
3.50281004477903e-07,7.545227245999217e-06
3.505446730456604e-07,7.468209593462511e-06
3.508205388715069e-07,7.538079387712147e-06
3.511845900301161e-07,7.465797844272324e-06
3.517464973528132e-07,7.53826046266092e-06
3.525e-07,7.46568843159705e-06
3.52509375e-07,8.64081945518028e-06
3.52524473686877e-07,8.568637676354257e-06
3.52554671060631e-07,8.958798309855654e-06
3.525621941027992e-07,1.03923733092592e-05
3.525682649026086e-07,1.252050382254125e-05
3.525727911327682e-07,1.520229956053546e-05
3.525785955707527e-07,1.905848618236854e-05
3.525830316122297e-07,2.296845024262435e-05
3.525880278322907e-07,2.745400577133018e-05
3.52590178492384e-07,3.017332527633443e-05
3.525909788002436e-07,3.047809920443425e-05
3.525918279557593e-07,3.32294179039192e-05
3.525924919770047e-07,3.345218753816754e-05
3.525938200194954e-07,3.769177558792664e-05
3.52596297736151e-07,4.375940234427753e-05
3.525985213645136e-07,5.319809977343843e-05
3.52600178492384e-07,5.705817830451314e-05
3.526005628147638e-07,5.967912125109643e-05
3.526011731238772e-07,6.064213107575527e-05
3.526016940213039e-07,6.179429700479173e-05
3.526027358161572e-07,6.412672171147921e-05
3.526047601375824e-07,7.216408388618821e-05
3.526063904015365e-07,8.000749849536786e-05
3.526077329261163e-07,8.371113056004621e-05
3.526090692995399e-07,8.464770286134246e-05
3.526106776258972e-07,8.354996035257422e-05
3.526121093278535e-07,9.105685841077224e-05
3.526129752460541e-07,9.172249082151616e-05
3.526139045664396e-07,9.536175877872739e-05
3.526145699852416e-07,9.192611923564641e-05
3.526155231918243e-07,9.219474755746858e-05
3.52616372342356e-07,8.576850351045333e-05
3.526172066069604e-07,8.335319548692899e-05
3.52617887989005e-07,7.551220570874464e-05
3.526185528406495e-07,7.16572590045085e-05
3.526193133703192e-07,6.212751220768632e-05
3.526200452568948e-07,6.032338646487886e-05
3.526208371083934e-07,5.472068578015406e-05
3.526215725074456e-07,5.57831785760113e-05
3.52622468431022e-07,5.215294717603895e-05
3.526236181780544e-07,5.434481806277457e-05
3.526254505546732e-07,5.221774303217975e-05
3.526278954247628e-07,5.654414448971143e-05
3.526309961748216e-07,5.671535470803917e-05
3.526351788933801e-07,6.32687088698575e-05
3.526416543829223e-07,6.655676556270906e-05
3.5265e-07,7.596644931123058e-05
3.526526005808322e-07,7.104421922481286e-05
3.526568118160457e-07,6.998614353638886e-05
3.526608320807274e-07,6.936248556535444e-05
3.526688726100907e-07,6.788224305669018e-05
3.526795921745477e-07,6.618868521096389e-05
3.526963828549933e-07,6.366875115556758e-05
3.527114447515138e-07,6.171321270208698e-05
3.527285519373918e-07,5.94863466829565e-05
3.52749467156046e-07,5.697389447490666e-05
3.527835425269087e-07,5.295145544797682e-05
3.528418650732712e-07,4.671773764671574e-05
3.529132245550936e-07,3.980431256139668e-05
3.529993158294355e-07,3.264353219648085e-05
3.531115359316287e-07,2.496408600041575e-05
3.532653900019768e-07,1.762079048207168e-05
3.534556501482759e-07,1.226970326098805e-05
3.536697032676769e-07,9.514990187278643e-06
3.539150875934654e-07,8.152749802831139e-06
3.542130102937038e-07,7.718572688500387e-06
3.546062594911264e-07,7.477053839780833e-06
3.551735188806234e-07,7.544147297031537e-06
3.560690472533668e-07,7.457880358539043e-06
3.577813795420292e-07,7.546619511800369e-06
3.6e-07,7.457336732438867e-06
3.600375e-07,3.996288826496148e-06
3.60047011576711e-07,4.222879264706724e-06
3.600660347301331e-07,6.363710079128917e-06
3.60071236091322e-07,7.565737590507539e-06
3.600758829011121e-07,8.289290541807365e-06
3.600812752460559e-07,9.278231053970856e-06
3.60086560609488e-07,9.908419480178182e-06
3.600961275805279e-07,1.151418287704109e-05
3.600999938505899e-07,1.117993534392458e-05
3.601025207009578e-07,1.023626290726862e-05
3.601055286199836e-07,8.41315677235399e-06
3.601079870795731e-07,6.925528498447855e-06
3.601105452325996e-07,5.958677654857625e-06
3.601129573348008e-07,5.696019951209361e-06
3.601154722014877e-07,5.577348756964611e-06
3.601180212550095e-07,5.577259934860918e-06
3.601217253277509e-07,5.507306250521697e-06
3.601285748867912e-07,5.509495995514591e-06
3.601392874433955e-07,5.445474726666909e-06
3.6015e-07,5.489986209453612e-06
3.601529983385316e-07,6.869755071640724e-06
3.601580789495401e-07,7.100748209895328e-06
3.601627344616523e-07,7.356732901149561e-06
3.601720454858768e-07,7.473825467091669e-06
3.60180593976638e-07,7.525538799779064e-06
3.601935588894903e-07,7.533566934060239e-06
3.602104377562995e-07,7.537146178759781e-06
3.602404261501892e-07,7.539953301993398e-06
3.602962830409511e-07,7.536793397110829e-06
3.604070191108953e-07,7.540679580147148e-06
3.606197765479823e-07,7.536145347028703e-06
3.610348766316946e-07,7.540032227408215e-06
3.618430756816763e-07,7.535112601768303e-06
3.621088034716655e-07,7.540491217759395e-06
3.626402590516439e-07,7.547373320657654e-06
3.629265285415315e-07,7.577204530829795e-06
3.631638800419527e-07,7.612635944428514e-06
3.634118629991001e-07,7.675329090478045e-06
3.636329147649283e-07,7.754862642892959e-06
3.637088393425242e-07,8.034920226723725e-06
3.637468016313221e-07,8.378989140018384e-06
3.637807010454078e-07,8.810419016246149e-06
3.638114004423284e-07,9.052592438908377e-06
3.638440815083725e-07,9.163555571671544e-06
3.638515892642117e-07,9.178779451215708e-06
3.638666047758901e-07,9.257103491707874e-06
3.638834661808028e-07,9.353022009618891e-06
3.639030011783527e-07,1.039465870568166e-05
3.639109867625846e-07,1.124158696771261e-05
3.639174078408529e-07,1.184311602892435e-05
3.639239919481026e-07,1.234460133045516e-05
3.63933328711601e-07,1.273102193151772e-05
3.639403425074789e-07,1.275737748110434e-05
3.63947839204581e-07,1.254191214957001e-05
3.639528344566602e-07,1.193207486926894e-05
3.639581641119179e-07,1.072436784529577e-05
3.639623105940691e-07,1.01945095353512e-05
3.639683380040581e-07,9.822563676336606e-06
3.639727311137546e-07,9.889975146234975e-06
3.639780691345897e-07,9.705131759912676e-06
3.639868682013064e-07,9.742398176380315e-06
3.640030038048621e-07,9.396399843356515e-06
3.640242748189568e-07,8.968226078377246e-06
3.640448731951425e-07,8.114209394645619e-06
3.640687747202525e-07,7.977636900796256e-06
3.640899532953346e-07,7.789829248109984e-06
3.641091837007574e-07,7.851395661585414e-06
3.641436442822904e-07,7.665999898792054e-06
3.64206176399327e-07,7.746243453007116e-06
3.642856148475981e-07,7.584098684640175e-06
3.644007514067872e-07,7.689967718277736e-06
3.645526617015115e-07,7.531698862170158e-06
3.647594136476358e-07,7.642348265276741e-06
3.650083801954754e-07,7.482504972838897e-06
3.653437075829614e-07,7.584594710761775e-06
3.654821741604371e-07,7.441345198074088e-06
3.657591073153884e-07,7.571346668862872e-06
3.66043251069199e-07,7.43406631989268e-06
3.66425490739542e-07,7.570449186292731e-06
3.669776171865442e-07,7.433352160111198e-06
3.675e-07,7.570832522109212e-06
3.67509375e-07,8.637023591550196e-06
3.67524473686877e-07,8.571175076612646e-06
3.67554671060631e-07,8.956698222201338e-06
3.675621727691837e-07,1.038736703625548e-05
3.675682651339046e-07,1.252392212648643e-05
3.675727907897881e-07,1.520703696635443e-05
3.675785971058293e-07,1.907228391033355e-05
3.675830334681183e-07,2.298854389238262e-05
3.675880279320313e-07,2.748356289600029e-05
3.675901784404056e-07,3.020506719106865e-05
3.675909786709687e-07,3.595323006859312e-05
3.675918277338082e-07,2.997463141630005e-05
3.675924917191384e-07,3.801439445280791e-05
3.675938196897989e-07,3.418295313807266e-05
3.67595908900495e-07,4.637475686992227e-05
3.675981520792442e-07,4.677378627524384e-05
3.676001784404056e-07,6.259546418529794e-05
3.676005801518897e-07,5.923100636921295e-05
3.676012466918842e-07,6.072608463743071e-05
3.676018277468697e-07,6.218310584699668e-05
3.676029898568406e-07,6.502886385590983e-05
3.67604842031451e-07,7.271845590460525e-05
3.676064250248384e-07,8.005930251191641e-05
3.676077344829533e-07,8.369211477514437e-05
3.676090890362603e-07,8.43732482782097e-05
3.676107036952799e-07,8.336029076429491e-05
3.676121366668939e-07,9.07311815203999e-05
3.676129974104762e-07,9.146572417642607e-05
3.67613923958059e-07,9.498481406526138e-05
3.676145893743479e-07,9.16623203438474e-05
3.67615541545705e-07,9.183031660964388e-05
3.676163911504426e-07,8.551153505390572e-05
3.676172254456963e-07,8.297860186639341e-05
3.676179067772419e-07,7.522867605402223e-05
3.676185718155461e-07,7.124296143119985e-05
3.676193325465608e-07,6.180308110539201e-05
3.676200622994264e-07,5.988993283267579e-05
3.676208538853644e-07,5.438024543574506e-05
3.676215891095867e-07,5.531967781126917e-05
3.676224855554429e-07,5.177724835299585e-05
3.676236351756372e-07,5.383303506913635e-05
3.676254673798901e-07,5.176726554376363e-05
3.676279120104778e-07,5.592037759765e-05
3.676310125800148e-07,5.611143517715435e-05
3.676351949654595e-07,6.241659820043734e-05
3.676416694630348e-07,6.553733111939992e-05
3.6765e-07,7.43679124438475e-05
3.676525985940723e-07,6.958593951012552e-05
3.676568061846548e-07,6.874774117856522e-05
3.67660822527825e-07,6.835827524285936e-05
3.676688552141655e-07,6.722742205890769e-05
3.676777078904394e-07,6.618362721002557e-05
3.676950518543914e-07,6.414994296930652e-05
3.677098236979393e-07,6.262858687765274e-05
3.677269840323062e-07,6.080135989183813e-05
3.677469924667309e-07,5.875182931941087e-05
3.677797271216833e-07,5.530424469648262e-05
3.67836842791805e-07,4.948650330845349e-05
3.679357455198743e-07,4.006085053324825e-05
3.680482674673659e-07,3.106652404531189e-05
3.68186192070216e-07,2.261062078396425e-05
3.683562429921713e-07,1.581280669929374e-05
3.685532716632749e-07,1.139909805461888e-05
3.687804616933194e-07,9.109011745750386e-06
3.690434110694282e-07,8.003029723286105e-06
3.693791585134517e-07,7.650705784556356e-06
3.698149895631584e-07,7.47527247018696e-06
3.704909565729406e-07,7.53696310703602e-06
3.714928358063446e-07,7.4650608199014e-06
3.734965942731526e-07,7.539375961867505e-06
3.75e-07,7.464509177237783e-06
3.750375e-07,3.974015672276517e-06
3.750755463068442e-07,8.236470520997727e-06
3.750860597249625e-07,9.851591074570767e-06
3.750956697232078e-07,1.096328905684092e-05
3.751000892720857e-07,1.096341998859058e-05
3.751026874051725e-07,9.43619205564704e-06
3.751057167487413e-07,8.103068755354453e-06
3.751082397558309e-07,6.311399692978096e-06
3.751109703845113e-07,6.029107751935621e-06
3.751134413712732e-07,5.420535541982069e-06
3.751159395656696e-07,5.803779078540688e-06
3.751187597491445e-07,5.310012717420325e-06
3.751237545320491e-07,5.73799006627149e-06
3.751309668196071e-07,5.236041208977061e-06
3.751404834098036e-07,5.688714139964355e-06
3.7515e-07,5.225234119254257e-06
3.751528260170981e-07,6.825897992621512e-06
3.751575535950952e-07,7.018923747183337e-06
3.751619071100756e-07,7.30186800886785e-06
3.751706141400364e-07,7.468292214350555e-06
3.751790042859341e-07,7.513119944334146e-06
3.751911198694942e-07,7.536404242048981e-06
3.752077190285104e-07,7.534689440416662e-06
3.752341824992481e-07,7.540256138437885e-06
3.752819462419895e-07,7.534301000658999e-06
3.753774737274721e-07,7.54006319832815e-06
3.755560144792719e-07,7.533759465298956e-06
3.759005314675048e-07,7.53947858177886e-06
3.765631161676915e-07,7.532714308766972e-06
3.771617044480978e-07,7.539524183580659e-06
3.774506802898657e-07,7.53603390114283e-06
3.778057405723025e-07,7.55428607866948e-06
3.780849147623935e-07,7.574031211719958e-06
3.78393486477455e-07,7.634804210760513e-06
3.786344103335145e-07,7.680936331895218e-06
3.788808625114963e-07,8.247485040823208e-06
3.78961721144061e-07,9.081803712565472e-06
3.789833267938454e-07,9.096985241324317e-06
3.790093892586813e-07,9.197739757633902e-06
3.790382082739349e-07,9.312599327718836e-06
3.790619656410515e-07,1.070701449274193e-05
3.79070022730558e-07,1.144828830514979e-05
3.790769409292232e-07,1.199342513089534e-05
3.790837123126518e-07,1.237832272055186e-05
3.79092871876239e-07,1.260220725022092e-05
3.791000849951771e-07,1.256014771045008e-05
3.791080470295073e-07,1.217811526702864e-05
3.791126817273033e-07,1.135479750273263e-05
3.791174964572054e-07,1.042761500902171e-05
3.791223461874036e-07,9.918401810945081e-06
3.791271892292996e-07,9.820668572395274e-06
3.791317776838192e-07,9.740244191163863e-06
3.791377696987631e-07,9.697872745198527e-06
3.791497537286508e-07,9.568617626011756e-06
3.791669700437336e-07,9.373250825655767e-06
3.791906959741549e-07,8.756411342234152e-06
3.792124177242512e-07,8.134640659304797e-06
3.792411987114593e-07,7.895092175974898e-06
3.792624517954123e-07,7.827072637400397e-06
3.792848254626254e-07,7.776687046109066e-06
3.793244257218208e-07,7.705603786312841e-06
3.793948670230524e-07,7.674275684879395e-06
3.794879650326092e-07,7.628222942668173e-06
3.796180489637636e-07,7.620439556343323e-06
3.797913321153657e-07,7.579358351315622e-06
3.800170131549889e-07,7.576106059351704e-06
3.80292790471371e-07,7.532914092705991e-06
3.806786247847564e-07,7.520752788177526e-06
3.808297439140737e-07,7.496195091212986e-06
3.811319821727083e-07,7.51242989958497e-06
3.814382497045952e-07,7.492532704124939e-06
3.818934496530028e-07,7.511559829253337e-06
3.825e-07,7.49240244377146e-06
3.82509375e-07,8.643897662405356e-06
3.82524473686877e-07,8.56519020531935e-06
3.82554671060631e-07,8.95959023771298e-06
3.82562178981704e-07,1.038381167081224e-05
3.825682648540612e-07,1.250969543028986e-05
3.825727909838336e-07,1.518184798393832e-05
3.825785968820053e-07,1.902083450480937e-05
3.825830331911622e-07,2.291139279676168e-05
3.825880279200328e-07,2.736945344748307e-05
3.825901784544261e-07,3.00792848582926e-05
3.825909786969798e-07,3.029706335940141e-05
3.825918277742571e-07,3.307709722824745e-05
3.825924917654932e-07,3.328481752654212e-05
3.825938197479655e-07,3.76059668719567e-05
3.825962866505825e-07,4.359830347875803e-05
3.825985215740089e-07,5.325388012359812e-05
3.826001784544261e-07,5.7093732745122e-05
3.826005628321506e-07,5.978193614540734e-05
3.826011736512341e-07,6.074023707482577e-05
3.826016945531323e-07,6.184766929357971e-05
3.826027363569286e-07,6.409299210118142e-05
3.826047501513497e-07,7.198144292323187e-05
3.826063806373051e-07,7.978192285095207e-05
3.826077216561407e-07,8.345110748889159e-05
3.826090567677634e-07,8.43493801665266e-05
3.82610663098342e-07,8.318067053562179e-05
3.826120962130082e-07,9.063612631985829e-05
3.826133347760189e-07,9.234179319782985e-05
3.826142029351515e-07,9.418655971964843e-05
3.826149311706591e-07,9.123514506430181e-05
3.826158343926366e-07,8.995741181273771e-05
3.826166837204766e-07,8.399962019129762e-05
3.826174559861776e-07,8.051443785195971e-05
3.826181078242691e-07,7.340510840106131e-05
3.826188080019868e-07,6.79759158111651e-05
3.826196101316548e-07,6.000178676464094e-05
3.826203049311889e-07,5.80576741396219e-05
3.82621051959315e-07,5.415502091680889e-05
3.826218138303973e-07,5.435116508563298e-05
3.826227955298654e-07,5.192497729833839e-05
3.826241147483726e-07,5.327414551454175e-05
3.826262237602273e-07,5.261461215352584e-05
3.826288316357524e-07,5.619494066027858e-05
3.826322493972717e-07,5.774678440147239e-05
3.826369742394956e-07,6.363052204255712e-05
3.826434871197478e-07,6.771211826619212e-05
3.8265e-07,7.425932803804974e-05
3.826533062496658e-07,6.979321739548111e-05
3.826572811771523e-07,6.890535915082706e-05
3.826610385129144e-07,6.843933627725162e-05
3.826685531844385e-07,6.728545888101765e-05
3.826790444904971e-07,6.600013813093614e-05
3.826957212668092e-07,6.403874150611278e-05
3.82710758269867e-07,6.254996080936885e-05
3.827277338994024e-07,6.07638696907993e-05
3.827482907971371e-07,5.874025712855665e-05
3.82781451065419e-07,5.530859700166391e-05
3.82840124875647e-07,4.949579566660109e-05
3.829452625730834e-07,3.966719049970191e-05
3.830621709017494e-07,3.059826837235454e-05
3.83208151389916e-07,2.196368620193402e-05
3.833835521963543e-07,1.537093731363812e-05
3.835870556918972e-07,1.110997370242973e-05
3.8381939354224e-07,8.999414161684682e-06
3.84091504888406e-07,7.936288706224709e-06
3.844386139385054e-07,7.648297135591289e-06
3.848966685051222e-07,7.460348691468076e-06
3.856022572414901e-07,7.548840698635627e-06
3.866825434956825e-07,7.453413819502425e-06
3.883412717478412e-07,7.551122613564609e-06
3.9e-07,7.452754426609163e-06
3.900374999999999e-07,3.988906278596183e-06
3.90047011576711e-07,4.220581353108579e-06
3.900660347301331e-07,6.375548452660784e-06
3.900712361965316e-07,7.582937332625426e-06
3.900758829624541e-07,8.306159493326659e-06
3.900812752830569e-07,9.292248757539912e-06
3.90086560685268e-07,9.91972540498345e-06
3.900961273997945e-07,1.152191290268634e-05
3.900999936935595e-07,1.11831427560521e-05
3.901025205505551e-07,1.023725695060842e-05
3.901055284996129e-07,8.412628393546709e-06
3.901079869567524e-07,6.922354600922169e-06
3.901105450862731e-07,5.954157212474468e-06
3.901129572012218e-07,5.690251443285047e-06
3.901154720910382e-07,5.570871199840221e-06
3.901180211262655e-07,5.56935670729304e-06
3.901217251118911e-07,5.498306749591224e-06
3.901285744525243e-07,5.498515389797419e-06
3.901392872262622e-07,5.433811161243215e-06
3.9015e-07,5.478254355416684e-06
3.901529983689183e-07,6.847118927903969e-06
3.90158079042719e-07,7.070649233234088e-06
3.901627346084722e-07,7.336999270315798e-06
3.901720457399787e-07,7.46769776307561e-06
3.901806013865185e-07,7.51868211178305e-06
3.901935740762494e-07,7.533938044123189e-06
3.902104452412267e-07,7.532835661974495e-06
3.902403296868366e-07,7.539965341581276e-06
3.902955791079183e-07,7.531677656922205e-06
3.904058224975062e-07,7.540114525271229e-06
3.906171221212276e-07,7.530950014982584e-06
3.910293315188678e-07,7.539561602747895e-06
3.918326851635437e-07,7.52989688378639e-06
3.921916636555597e-07,7.539576414055232e-06
3.929096206395917e-07,7.544197055786526e-06
3.932312825343816e-07,7.582219141671115e-06
3.934807017963243e-07,7.613084977390506e-06
3.937452125077259e-07,7.67632352634787e-06
3.939878497985886e-07,7.932756738965578e-06
3.941091684440199e-07,9.110710543116768e-06
3.941338024971213e-07,9.089139058492769e-06
3.941617472032283e-07,9.208912081587013e-06
3.941924510381136e-07,9.359859626079576e-06
3.942067067335642e-07,1.011102727091332e-05
3.942142538230455e-07,1.074565074371738e-05
3.942208391325064e-07,1.141951722323491e-05
3.942282266573405e-07,1.190866332551717e-05
3.942351109518433e-07,1.234517797665018e-05
3.942444964602208e-07,1.25027289187727e-05
3.942519143585084e-07,1.252710591966172e-05
3.942601121029529e-07,1.209535784847513e-05
3.942648566851131e-07,1.136008960353842e-05
3.942698196978673e-07,1.036451524560436e-05
3.942747069236178e-07,9.928033079462977e-06
3.942796876312978e-07,9.76102843654909e-06
3.942843434810587e-07,9.747463409273394e-06
3.942904449773181e-07,9.639314277249385e-06
3.943026479698371e-07,9.580957704226471e-06
3.94319996372809e-07,9.329918367116877e-06
3.94343929313461e-07,8.825730702498629e-06
3.943664592999818e-07,8.119654749629703e-06
3.943944229179703e-07,7.939190402698146e-06
3.944166836246877e-07,7.804378061921382e-06
3.944388245764073e-07,7.810314386642655e-06
3.944787115869932e-07,7.676658276912359e-06
3.945495075431785e-07,7.702769677395764e-06
3.946404349830054e-07,7.597463820889276e-06
3.947710060144775e-07,7.649640917055821e-06
3.949443773680831e-07,7.549102883195963e-06
3.951728158336197e-07,7.60626145291331e-06
3.954499024614139e-07,7.504424655475008e-06
3.958272395479811e-07,7.553387105506851e-06
3.959851321181271e-07,7.467576245169941e-06
3.963009172584192e-07,7.542646951642237e-06
3.966155393742983e-07,7.462590691259022e-06
3.970487355825481e-07,7.541457280903745e-06
3.975e-07,7.462435933256761e-06
3.97509375e-07,8.641434564267903e-06
3.97524473686877e-07,8.567709675234879e-06
3.97554671060631e-07,8.95802278085572e-06
3.975621590315853e-07,1.037907421310923e-05
3.975682652964243e-07,1.251533519733595e-05
3.975727907867787e-07,1.519028973748035e-05
3.975785983761172e-07,1.904109032915436e-05
3.975830349673887e-07,2.294163791917736e-05
3.975880280113245e-07,2.741289915638427e-05
3.97590178405424e-07,3.012618741347092e-05
3.975909785743628e-07,3.228753719740768e-05
3.975918275634802e-07,3.203001786087217e-05
3.975924915210765e-07,3.485029843600472e-05
3.975938194362692e-07,3.631627133465582e-05
3.975962093086317e-07,4.45770051154756e-05
3.97598432372108e-07,5.129522917411997e-05
3.97600178405424e-07,5.87396961240552e-05
3.976005672417614e-07,5.950024522060805e-05
3.976011911851922e-07,6.063793209342104e-05
3.976017269314197e-07,6.185928441420222e-05
3.976027984238748e-07,6.428302579821676e-05
3.976047563346994e-07,7.210067110288196e-05
3.976063773344765e-07,7.98272845263753e-05
3.976077088901346e-07,8.353631027163526e-05
3.976090457333097e-07,8.444323777767578e-05
3.976106510172752e-07,8.33018036982365e-05
3.97612087685217e-07,9.070170314970304e-05
3.976133259878075e-07,9.25262312512162e-05
3.976141980490919e-07,9.433401977184977e-05
3.976149247199146e-07,9.14744126651691e-05
3.976158299332537e-07,9.014206282290907e-05
3.976166795924665e-07,8.428132346899668e-05
3.97617453449597e-07,8.072993292700314e-05
3.976181056437607e-07,7.371073900212349e-05
3.976188049542224e-07,6.82241651278698e-05
3.976196058918956e-07,6.032422196391956e-05
3.976202964103295e-07,5.831672809929105e-05
3.976210440756936e-07,5.447820096032414e-05
3.976218041281982e-07,5.459892852393941e-05
3.976227836707436e-07,5.22511149600307e-05
3.976240948921966e-07,5.352910535133221e-05
3.976261908493487e-07,5.295229412013664e-05
3.97628790972685e-07,5.647771295355545e-05
3.97632193986105e-07,5.814421237241911e-05
3.976368927588301e-07,6.402408910362175e-05
3.976446831227472e-07,6.944292948412011e-05
3.9765e-07,7.514114655418543e-05
3.976529872902126e-07,7.080823751383841e-05
3.976567279637381e-07,7.000487719544858e-05
3.976601241438752e-07,6.959225129459096e-05
3.976669165041494e-07,6.855251181672917e-05
3.976767866600185e-07,6.729534801371507e-05
3.976944947014253e-07,6.516349861975268e-05
3.977094945469204e-07,6.366335659929416e-05
3.977263509272684e-07,6.192285770546757e-05
3.977460157384097e-07,6.002082076684427e-05
3.977782091234525e-07,5.67682528595054e-05
3.978344984061883e-07,5.126316808821546e-05
3.979289648000107e-07,4.236787917408723e-05
3.980420808474964e-07,3.320772865419094e-05
3.981816905527469e-07,2.428142957564718e-05
3.983557085958394e-07,1.688587887684416e-05
3.985552701455637e-07,1.199453971165655e-05
3.987833805273957e-07,9.431044138134435e-06
3.990459080023993e-07,8.125800562743096e-06
3.993762790593969e-07,7.709480392409956e-06
3.99803328367968e-07,7.470565728114369e-06
4.004435165776032e-07,7.549839416331325e-06
4.013941412383912e-07,7.451261313649105e-06
4.032953905599673e-07,7.553398225281234e-06
4.05e-07,7.450387323403316e-06
4.050375e-07,3.998828379251519e-06
4.050470115767111e-07,4.229104736861733e-06
4.050660347301332e-07,6.373423376563644e-06
4.05071236188945e-07,7.578087818099217e-06
4.05075882946117e-07,8.298588749889301e-06
4.050812752658402e-07,9.284629370310597e-06
4.050865606634507e-07,9.910929950308808e-06
4.050961274971498e-07,1.151317617377992e-05
4.050999937752192e-07,1.117357950447942e-05
4.051025206284613e-07,1.022983447520464e-05
4.051055285607436e-07,8.404649278598177e-06
4.051079870320935e-07,6.916549153657276e-06
4.051105451843157e-07,5.947711831531312e-06
4.051129572947808e-07,5.685859801523183e-06
4.051154721865703e-07,5.565600398000648e-06
4.051180212315954e-07,5.566092874883233e-06
4.051217252614575e-07,5.494100527981398e-06
4.051285746735098e-07,5.496975144100154e-06
4.051392873367549e-07,5.431476751284369e-06
4.0515e-07,5.477921274600567e-06
4.051529983534555e-07,6.848514210396651e-06
4.051580789953031e-07,7.07630293183327e-06
4.051627345337601e-07,7.34391901454583e-06
4.051720456106741e-07,7.470016916354538e-06
4.051805988886575e-07,7.519146744238979e-06
4.051935650804231e-07,7.53160253241292e-06
4.052104273770023e-07,7.531595342652699e-06
4.052403439712712e-07,7.537942439601892e-06
4.052959266660845e-07,7.531082367465834e-06
4.054063766752104e-07,7.538200917715504e-06
4.056183988213609e-07,7.530360691841077e-06
4.06032076420091e-07,7.537695903531129e-06
4.068378078161799e-07,7.529327661669166e-06
4.072541267360889e-07,7.53762596175872e-06
4.077993590189135e-07,7.535437625700261e-06
4.081157112974255e-07,7.557303532655191e-06
4.08389521649628e-07,7.575991408960423e-06
4.086962568181018e-07,7.634808569068908e-06
4.089463105019574e-07,7.673828535202255e-06
4.092198544256312e-07,8.741565492562421e-06
4.092768862048076e-07,9.080450589370958e-06
4.092965583786068e-07,9.106274608193085e-06
4.093062391370778e-07,9.14687281399529e-06
4.093256006540197e-07,9.198697046158705e-06
4.093450567890311e-07,9.325257049821791e-06
4.093605922027915e-07,9.867564555347015e-06
4.093699998159569e-07,1.067306060229345e-05
4.093771761926161e-07,1.131305865016524e-05
4.093851729968469e-07,1.191606104286579e-05
4.09392195699798e-07,1.225928665012965e-05
4.09402909441333e-07,1.250459189325068e-05
4.094104209651457e-07,1.240954749935693e-05
4.09418902037131e-07,1.196025043070334e-05
4.094236976042147e-07,1.099663948032947e-05
4.094285122163072e-07,1.027854181451291e-05
4.0943444591203e-07,9.727581861975011e-06
4.094392587245855e-07,9.817691687344995e-06
4.094442461507294e-07,9.606870770210341e-06
4.094513697897176e-07,9.698334582788127e-06
4.094656170676939e-07,9.414090330288486e-06
4.094854249348907e-07,9.322081979578611e-06
4.095121201737387e-07,8.425724696428945e-06
4.095342851498812e-07,8.118987488607623e-06
4.095453676379525e-07,7.908886710944419e-06
4.095660888148299e-07,7.937064429770954e-06
4.095874588391784e-07,7.739954203517161e-06
4.096301988878754e-07,7.786211061107381e-06
4.09701110314665e-07,7.605075226599255e-06
4.097978572713149e-07,7.698025676913656e-06
4.099235701703306e-07,7.54848412258315e-06
4.10092866442476e-07,7.651730714072341e-06
4.10321250355663e-07,7.505253008906005e-06
4.105964610599495e-07,7.608789883021138e-06
4.109640297776136e-07,7.454161239524417e-06
4.111180939002733e-07,7.57229721671166e-06
4.114262221455928e-07,7.440514494704783e-06
4.117454596688685e-07,7.565093463626171e-06
4.121610275786949e-07,7.439327436924581e-06
4.125e-07,7.56447093603499e-06
4.12509375e-07,8.639317378047157e-06
4.12524473686877e-07,8.568205429024064e-06
4.12554671060631e-07,8.957904527396773e-06
4.125621264713916e-07,1.036943594742369e-05
4.125682662133509e-07,1.250426596319797e-05
4.125728600868081e-07,1.524762042775398e-05
4.125787383208097e-07,1.913880921851221e-05
4.125831623160469e-07,2.307664469312545e-05
4.12588028969704e-07,2.740932418408021e-05
4.125901746004264e-07,3.015483602856368e-05
4.1259096983604e-07,3.042169250191065e-05
4.125918130233046e-07,3.318660545819654e-05
4.125924753497509e-07,3.337386725480271e-05
4.125938000026435e-07,3.762721197344725e-05
4.125962781094236e-07,4.363787465326047e-05
4.125985080793131e-07,5.309885180212196e-05
4.126001746004264e-07,5.69673928181658e-05
4.126005594795641e-07,5.959444962351302e-05
4.126011715559642e-07,6.056296987626568e-05
4.126016940656444e-07,6.171984492053289e-05
4.126027390850048e-07,6.406576788215187e-05
4.126047585460266e-07,7.210818204741858e-05
4.126063850303653e-07,7.992833979539553e-05
4.126077257624409e-07,8.363263165578993e-05
4.126090620240053e-07,8.45551000090784e-05
4.126106691037527e-07,8.347164896369242e-05
4.126120992866953e-07,9.096968548931455e-05
4.126129639865185e-07,9.163421952841095e-05
4.12613892319077e-07,9.526719123115273e-05
4.126145573254905e-07,9.183089318286513e-05
4.126155100616377e-07,9.207627508106881e-05
4.126163590800643e-07,8.566049626701307e-05
4.12617193333325e-07,8.325307651865704e-05
4.126178743666778e-07,7.54167879892657e-05
4.126185387388499e-07,7.156968479821255e-05
4.126192989501106e-07,6.204527417246123e-05
4.126200301788985e-07,6.025026676143509e-05
4.126208217191501e-07,5.465309226756886e-05
4.126215567819379e-07,5.57233926689981e-05
4.1262245229666e-07,5.210069479557447e-05
4.126236012146144e-07,5.430492485763094e-05
4.126254318471233e-07,5.219459244192628e-05
4.126278763391534e-07,5.655165249038258e-05
4.126309738157659e-07,5.67466826785334e-05
4.126351697209252e-07,6.338665574969048e-05
4.126415965313809e-07,6.674452122104982e-05
4.1265e-07,7.647321040254727e-05
4.126526081855293e-07,7.161887965882188e-05
4.126568291522687e-07,7.068690122633814e-05
4.126608640641979e-07,7.018626736616979e-05
4.126689338880564e-07,6.896278978995327e-05
4.126796855519784e-07,6.762538698478736e-05
4.126965572763931e-07,6.56648152880759e-05
4.127116269147262e-07,6.41961214477113e-05
4.127287299498308e-07,6.247610339360245e-05
4.127496226572283e-07,6.049816375499431e-05
4.127837361848235e-07,5.7135068802342e-05
4.128446011411222e-07,5.129443182021973e-05
4.129415028468104e-07,4.234123294251947e-05
4.13056182227383e-07,3.32047428899699e-05
4.131997406005113e-07,2.419017951794269e-05
4.133777230220997e-07,1.678755667546763e-05
4.135819339033328e-07,1.192255727891702e-05
4.138134620517951e-07,9.400510917172315e-06
4.140815456581384e-07,8.113625290494979e-06
4.144173932026189e-07,7.704153082910527e-06
4.148560178316065e-07,7.471696884434625e-06
4.155057095861282e-07,7.547878518041056e-06
4.16493310057116e-07,7.453346440669019e-06
4.184685109990917e-07,7.551192187533985e-06
4.2e-07,7.452609160417907e-06
4.200375e-07,4.010402515981081e-06
4.20047011576711e-07,4.2362118414162e-06
4.200660347301331e-07,6.367771875806822e-06
4.200712362237557e-07,7.566404175157023e-06
4.200758830091126e-07,8.28793447361687e-06
4.20081275330225e-07,9.274398684460736e-06
4.200865607471336e-07,9.903226200367407e-06
4.200961279450786e-07,1.15052192889813e-05
4.200999941326561e-07,1.116941765639447e-05
4.201025209681234e-07,1.02250821347897e-05
4.201055288175968e-07,8.40123080979465e-06
4.201079872750443e-07,6.913178266279228e-06
4.201105454671234e-07,5.945864487987105e-06
4.201129575462881e-07,5.682907773860644e-06
4.201154723907014e-07,5.563839518688644e-06
4.201180214757323e-07,5.563588655564279e-06
4.201217256777132e-07,5.493051400996819e-06
4.201285754729403e-07,5.495223846557667e-06
4.201392877364701e-07,5.430888140510393e-06
4.2015e-07,5.476249035766358e-06
4.20152998297517e-07,6.856652990975138e-06
4.201580788237713e-07,7.089572840610961e-06
4.201627342634813e-07,7.346883699067765e-06
4.201720451429013e-07,7.46647662882432e-06
4.201805927062533e-07,7.518612089121785e-06
4.201935562944615e-07,7.528411937647498e-06
4.202104301539586e-07,7.531595225718625e-06
4.202403959160325e-07,7.53549119750793e-06
4.202960987824812e-07,7.531185086569873e-06
4.204067165716508e-07,7.535869189886816e-06
4.206191301826003e-07,7.530447373993964e-06
4.210335483937151e-07,7.535420794758916e-06
4.218406561979614e-07,7.529436255405709e-06
4.223251397929423e-07,7.535318160998448e-06
4.228222982216588e-07,7.533847094000432e-06
4.231417646042383e-07,7.549798657652918e-06
4.234313755353442e-07,7.566027496816644e-06
4.237639203523005e-07,7.619030664372471e-06
4.240282704706056e-07,7.659363661579038e-06
4.24300917100974e-07,8.054110539585072e-06
4.24409435951197e-07,9.072373020554014e-06
4.244344187853104e-07,9.079383327555234e-06
4.244628455630365e-07,9.17595265974119e-06
4.244943040134781e-07,9.318497594207974e-06
4.245126939626654e-07,1.016218333282193e-05
4.245208663962291e-07,1.086608404141716e-05
4.245276909348125e-07,1.144323182899245e-05
4.245351839151248e-07,1.192738351141726e-05
4.245429269498612e-07,1.228276277073316e-05
4.245513353754853e-07,1.241809153718015e-05
4.245591820384862e-07,1.237651053211774e-05
4.245676288163559e-07,1.196803351440531e-05
4.245724799335339e-07,1.115306927946384e-05
4.245775116198199e-07,1.028270403420249e-05
4.245828007235489e-07,9.820456129862673e-06
4.245877742310099e-07,9.74620899537112e-06
4.24592667244218e-07,9.66461436043529e-06
4.245992455003685e-07,9.627754620318364e-06
4.246124020126695e-07,9.498032961707571e-06
4.246305526549789e-07,9.324828199639039e-06
4.246556799573083e-07,8.754369311828351e-06
4.246790633334157e-07,8.148568064765196e-06
4.247087362020348e-07,7.902696598374154e-06
4.247316875199509e-07,7.835112666390285e-06
4.247551040180661e-07,7.769775097920422e-06
4.247979935961891e-07,7.7045898061402e-06
4.248729888669761e-07,7.660416173005611e-06
4.249695235418429e-07,7.626553908397443e-06
4.251074302848582e-07,7.60891820260879e-06
4.252911781032579e-07,7.580110693467953e-06
4.255305987932844e-07,7.567471652068866e-06
4.2582182825359e-07,7.53747281793799e-06
4.262195207500939e-07,7.516927630470878e-06
4.263869141631439e-07,7.502471566116362e-06
4.26721700989244e-07,7.50702863509741e-06
4.270522238255484e-07,7.498072222917277e-06
4.275e-07,7.505970359201381e-06
4.27509375e-07,8.636328752842432e-06
4.27524473686877e-07,8.570629472115658e-06
4.27554671060631e-07,8.955611715046492e-06
4.275621551028314e-07,1.037934442744949e-05
4.275682652280352e-07,1.251836319946106e-05
4.275727908908597e-07,1.519656125402794e-05
4.275785989312898e-07,1.905694324985144e-05
4.275830356158925e-07,2.296603919152163e-05
4.275880280471774e-07,2.745322917865732e-05
4.275901783944371e-07,3.017008964259625e-05
4.275909785370451e-07,3.401607054680963e-05
4.275918274947111e-07,3.090308386005046e-05
4.275924914407249e-07,3.639113558250093e-05
4.275938193327524e-07,3.509731170639239e-05
4.275961733828933e-07,4.574379902973598e-05
4.275983987831227e-07,4.949948716743018e-05
4.276001783944371e-07,6.039372199637962e-05
4.276005689463893e-07,5.917822848229266e-05
4.276011981099525e-07,6.048795902562876e-05
4.276017394164577e-07,6.180576936985173e-05
4.276028220294679e-07,6.434794123287494e-05
4.276047445350487e-07,7.209728606735943e-05
4.276063653972926e-07,7.98271933627223e-05
4.276076920990087e-07,8.3572181038639e-05
4.276090281122232e-07,8.452303800459223e-05
4.276106310735226e-07,8.336285529516178e-05
4.276120725133277e-07,9.070878016703089e-05
4.276133102280378e-07,9.265128887957607e-05
4.276141879724951e-07,9.444246392393117e-05
4.276149123115947e-07,9.166648285100735e-05
4.276158204443797e-07,9.029253723627829e-05
4.276166706107504e-07,8.452237267109928e-05
4.276174467288442e-07,8.09150345434688e-05
4.27618099425646e-07,7.397855078719374e-05
4.27618797436344e-07,6.844991529811232e-05
4.276195966445484e-07,6.060846162541155e-05
4.276202806663905e-07,5.855194046562381e-05
4.276210292906647e-07,5.475787553762512e-05
4.276217866396086e-07,5.481027600917922e-05
4.276227630374042e-07,5.252787435575791e-05
4.276240625508054e-07,5.374139990014499e-05
4.276261394295704e-07,5.323081979922549e-05
4.276287282704278e-07,5.67073994879634e-05
4.276321099487276e-07,5.847522339968226e-05
4.276367712964748e-07,6.435689162459568e-05
4.276444602972518e-07,6.999990115484406e-05
4.2765e-07,7.604976131658859e-05
4.276530492450662e-07,7.181443026451945e-05
4.276568465156057e-07,7.109194133434304e-05
4.27660313228637e-07,7.073776712884509e-05
4.276672466546996e-07,6.97944979925738e-05
4.27677282036804e-07,6.865000471378955e-05
4.276948033768524e-07,6.670637393210262e-05
4.277098141497131e-07,6.530289614588624e-05
4.277266857987754e-07,6.365413573759132e-05
4.277465182716033e-07,6.18354609805636e-05
4.277789103755434e-07,5.871607046380708e-05
4.278356826944845e-07,5.338463969079791e-05
4.279276121548997e-07,4.490521051159116e-05
4.280369078914749e-07,3.595685994619106e-05
4.281724495922948e-07,2.684373362484327e-05
4.283503811131772e-07,1.856135055229396e-05
4.285513322777539e-07,1.298695720308046e-05
4.287807817040153e-07,9.938083543379487e-06
4.290401782540116e-07,8.35698545400089e-06
4.293631069044884e-07,7.795892323843978e-06
4.297725243345778e-07,7.486095669570226e-06
4.303737930913175e-07,7.553919347824341e-06
4.312372343763118e-07,7.446603858198543e-06
4.329268014800014e-07,7.558036705251615e-06
4.35e-07,7.445855136897576e-06
4.350374999999999e-07,4.01093686546395e-06
4.35047011576711e-07,4.240275007677424e-06
4.350660347301331e-07,6.373880135517314e-06
4.350712361213704e-07,7.575136074268819e-06
4.350758828947041e-07,8.293956154848514e-06
4.350812752274054e-07,9.277331910673209e-06
4.35086560598288e-07,9.903601618176573e-06
4.35096127310212e-07,1.150216182992751e-05
4.350999936300855e-07,1.116291217126495e-05
4.351025204909615e-07,1.02185231743644e-05
4.351055284587474e-07,8.394397627274243e-06
4.351079869648798e-07,6.905705976482115e-06
4.351105451274681e-07,5.938036958539681e-06
4.351129572552065e-07,5.67567834527405e-06
4.351154721909914e-07,5.556696839866977e-06
4.35118021220645e-07,5.556493993194486e-06
4.351217251861514e-07,5.486224504910336e-06
4.351285744769018e-07,5.48904329192657e-06
4.351392872384509e-07,5.426122476587568e-06
4.3515e-07,5.472511537187902e-06
4.351529983672126e-07,6.845536683441636e-06
4.351580790374885e-07,7.076676155447315e-06
4.351627346002306e-07,7.346184284332832e-06
4.35172045725715e-07,7.471792180744831e-06
4.351805974667722e-07,7.519792342244841e-06
4.351935594221137e-07,7.530743845460157e-06
4.352104111119913e-07,7.529771896096176e-06
4.352403155070427e-07,7.535642965760672e-06
4.352960073329707e-07,7.528777623566468e-06
4.35406477452654e-07,7.535968307223951e-06
4.356186733754734e-07,7.528117037592908e-06
4.360327499675096e-07,7.535533815091827e-06
4.368390617760501e-07,7.527154729293595e-06
4.374145767076904e-07,7.535418736309003e-06
4.378506410321044e-07,7.530366476854509e-06
4.381705490517764e-07,7.545964259927196e-06
4.384778863456233e-07,7.555733942339758e-06
4.388384409707406e-07,7.607056609069914e-06
4.39120390290076e-07,7.644393699431678e-06
4.393983623366732e-07,7.801403914066416e-06
4.394928939617449e-07,8.369210986459204e-06
4.395379087780589e-07,8.833248352854198e-06
4.395566859543406e-07,8.957101994576178e-06
4.39594240306904e-07,9.091631352073118e-06
4.396258979285047e-07,9.160080747416991e-06
4.396532825825371e-07,9.350301706199058e-06
4.396684874110534e-07,9.945179566708996e-06
4.396770043372368e-07,1.065627670906398e-05
4.396841803813649e-07,1.123783262954287e-05
4.396922201401232e-07,1.180673726939721e-05
4.396995422260159e-07,1.212601309164245e-05
4.397105901118435e-07,1.2381382602636e-05
4.397184228080266e-07,1.228717844389425e-05
4.397273006336565e-07,1.191333066890959e-05
4.397322956764804e-07,1.103452983774481e-05
4.397374379921965e-07,1.024205158597915e-05
4.397429531628457e-07,9.750356081742269e-06
4.397479740074103e-07,9.742163739096281e-06
4.397530138316555e-07,9.60510602169441e-06
4.397599362503747e-07,9.626134014506946e-06
4.397737810878133e-07,9.439013516300879e-06
4.397924632194129e-07,9.328351654943374e-06
4.398185207479626e-07,8.705310956212315e-06
4.398426076435118e-07,8.173533287827383e-06
4.39873533549524e-07,7.87363117772239e-06
4.398970656896578e-07,7.860249442478741e-06
4.399214223167488e-07,7.737870201901076e-06
4.399665490899959e-07,7.727732037264269e-06
4.40044631691907e-07,7.627451712464335e-06
4.401450187992403e-07,7.650639043567161e-06
4.402883574256853e-07,7.577132123206927e-06
4.40479756278463e-07,7.605431602480949e-06
4.407270979721093e-07,7.536961477900698e-06
4.410285514550841e-07,7.564116432183037e-06
4.414412245474384e-07,7.487948580445689e-06
4.419706122737192e-07,7.525168143999935e-06
4.422353061368596e-07,7.477995485640003e-06
4.425e-07,7.525905549747678e-06
4.42509375e-07,8.639766954318212e-06
4.42524473686877e-07,8.566640819000986e-06
4.42554671060631e-07,8.958726087608357e-06
4.425620894048146e-07,1.035702532261946e-05
4.425682681104396e-07,1.250459848897711e-05
4.425728614353205e-07,1.524534912806759e-05
4.425787429921372e-07,1.914053557594018e-05
4.425831675534525e-07,2.307794667185157e-05
4.425880292788694e-07,2.741004380031996e-05
4.425901744767363e-07,3.015448382542572e-05
4.425909694932833e-07,3.042827995983881e-05
4.425918124173252e-07,3.318930425957596e-05
4.425924746414339e-07,3.338229133733585e-05
4.425937990896511e-07,3.763063261909149e-05
4.425962767826723e-07,4.365742949075839e-05
4.425985080632501e-07,5.311970985337278e-05
4.426001744767363e-07,5.698425142165048e-05
4.426005593599705e-07,5.959678397674359e-05
4.426011714835936e-07,6.055847425237081e-05
4.426016939808016e-07,6.171318756889099e-05
4.426027389752176e-07,6.405979530447979e-05
4.426047584076768e-07,7.211134125730872e-05
4.426063836307693e-07,7.992888684304553e-05
4.426077241755478e-07,8.363972738066837e-05
4.426090605539617e-07,8.456481508568486e-05
4.426106675703362e-07,8.349733870069568e-05
4.426120973814471e-07,9.100203800247178e-05
4.426129616025206e-07,9.167043803991312e-05
4.426138896346556e-07,9.530807654367724e-05
4.426145545583324e-07,9.187564608116423e-05
4.426155072012735e-07,9.212060969427919e-05
4.426163562582032e-07,8.571271390244879e-05
4.426171905722528e-07,8.331440513074058e-05
4.426178715267994e-07,7.548268053318168e-05
4.426185357754792e-07,7.164332564093473e-05
4.426192959151261e-07,6.21250098869635e-05
4.42620026771323e-07,6.034013512632884e-05
4.426208182045556e-07,5.474912689536516e-05
4.426215531627746e-07,5.582746857715223e-05
4.426224486134264e-07,5.221224721164991e-05
4.426235972921126e-07,5.442904066320577e-05
4.426254274272444e-07,5.233637516824608e-05
4.426278718279296e-07,5.672243112473101e-05
4.426309690271984e-07,5.695571978492121e-05
4.426351644713952e-07,6.366095375866627e-05
4.426415900966612e-07,6.714678696158968e-05
4.4265e-07,7.713284197842179e-05
4.426526090297201e-07,7.233290279120094e-05
4.426568314180118e-07,7.148858216824417e-05
4.426608679870301e-07,7.10612797264217e-05
4.426689411250667e-07,6.997032940488528e-05
4.426796967638353e-07,6.877216113439554e-05
4.426966041979222e-07,6.69721193593616e-05
4.427116755207691e-07,6.560977372830868e-05
4.427287755731223e-07,6.399267527248937e-05
4.427496510714385e-07,6.212722643803813e-05
4.427837652896198e-07,5.893169635065336e-05
4.428446241140565e-07,5.333630652540685e-05
4.429416926563336e-07,4.457633325222694e-05
4.430540846968443e-07,3.558026620212366e-05
4.431953011253097e-07,2.636639632738224e-05
4.433783281548545e-07,1.81766555838378e-05
4.435853938950399e-07,1.273113253766611e-05
4.438195663081704e-07,9.81062238455291e-06
4.440863497657514e-07,8.301067949502388e-06
4.444178037178439e-07,7.77287179042673e-06
4.448433280682812e-07,7.484038923852556e-06
4.454639667986935e-07,7.5505177654801e-06
4.46378295319894e-07,7.450031185596446e-06
4.482069523622949e-07,7.554633487196959e-06
4.5e-07,7.449186295159081e-06
4.500375e-07,4.021030879023109e-06
4.500470115767111e-07,4.246249372361242e-06
4.500660347301332e-07,6.368575824558051e-06
4.500712361573322e-07,7.56485296889536e-06
4.500758829568141e-07,8.28415402213415e-06
4.500812752902942e-07,9.269314577835256e-06
4.500865606806629e-07,9.896842996790715e-06
4.500961278715377e-07,1.149661260240507e-05
4.500999940802204e-07,1.115971014658789e-05
4.501025209188786e-07,1.021583711700964e-05
4.501055287835763e-07,8.391513636308832e-06
4.50107987264692e-07,6.904038537474531e-06
4.501105454709943e-07,5.936413587251223e-06
4.501129575580658e-07,5.67414461406886e-06
4.501154724286124e-07,5.554886104398199e-06
4.501180215088007e-07,5.555167734574613e-06
4.501217256893843e-07,5.484863865978136e-06
4.501285754529834e-07,5.48809219028862e-06
4.501392877264917e-07,5.424831245374051e-06
4.5015e-07,5.471439921034892e-06
4.501529982989135e-07,6.853140433892524e-06
4.501580788280536e-07,7.088579078910802e-06
4.501627342702287e-07,7.347536667686818e-06
4.501720451545789e-07,7.467414409502165e-06
4.501805915789616e-07,7.519233055833329e-06
4.501935522849564e-07,7.527747650183714e-06
4.502104173217295e-07,7.530202556522668e-06
4.502403631978742e-07,7.533279618586963e-06
4.502960941415184e-07,7.529132341521854e-06
4.504066819966648e-07,7.533678476386182e-06
4.506190955734564e-07,7.528457064945959e-06
4.510335598821162e-07,7.533292966525379e-06
4.518406809962285e-07,7.527523943676793e-06
4.525162608335814e-07,7.53322881909136e-06
4.528979084016966e-07,7.530112482282626e-06
4.532944391896516e-07,7.544201097412354e-06
4.536239483160403e-07,7.558033795994837e-06
4.539996812057174e-07,7.608124596330317e-06
4.542894965736784e-07,7.646813797696524e-06
4.545789467296579e-07,7.950676554927846e-06
4.546959327293779e-07,8.985489067807187e-06
4.547257188088721e-07,9.049848674451523e-06
4.547587999577931e-07,9.130312134656869e-06
4.547673543597083e-07,9.14776971954089e-06
4.547844631635389e-07,9.218936096453572e-06
4.548084193383986e-07,9.557971004413065e-06
4.548267096146627e-07,1.087433080763366e-05
4.548354180473467e-07,1.146297111777376e-05
4.548448612014522e-07,1.202363100664696e-05
4.548532439720373e-07,1.222365453856768e-05
4.548617075905943e-07,1.23197857064645e-05
4.54870009766115e-07,1.213129448030071e-05
4.548788993087488e-07,1.142632049175238e-05
4.548852735653451e-07,1.019896906835806e-05
4.548905082832984e-07,9.882093363071607e-06
4.548954355946294e-07,9.612918070629541e-06
4.549004185455028e-07,9.722100722164197e-06
4.549066864756048e-07,9.492949291132669e-06
4.549192223358087e-07,9.581129985083146e-06
4.549370234306855e-07,9.23930087108079e-06
4.54961388551301e-07,9.040298891069684e-06
4.54988385853108e-07,8.129704000494441e-06
4.55014354422878e-07,8.059313734769924e-06
4.550421307303557e-07,7.766059551801473e-06
4.550644641129713e-07,7.870507581784268e-06
4.551071346154773e-07,7.628594679318523e-06
4.551836422287744e-07,7.742105821662593e-06
4.552896182863873e-07,7.540833837621827e-06
4.554295943675718e-07,7.6872144928289e-06
4.556152128104043e-07,7.497107327765437e-06
4.558630879642537e-07,7.647265412616977e-06
4.561606758229091e-07,7.457739775729786e-06
4.565599169210762e-07,7.600356351810313e-06
4.570299584605381e-07,7.417696915092183e-06
4.57264979230269e-07,7.586354383597534e-06
4.575e-07,7.417879660718871e-06
4.57509375e-07,8.637150789839527e-06
4.57524473686877e-07,8.568884101662188e-06
4.575536501235809e-07,8.885349824376283e-06
4.575609531856301e-07,1.005457756889932e-05
4.575676465949457e-07,1.223586569928843e-05
4.575723282591112e-07,1.489606020207538e-05
4.575784945702233e-07,1.899190159594106e-05
4.575829779446138e-07,2.288072865039427e-05
4.57588032077931e-07,2.74757662944109e-05
4.575901730368322e-07,3.013259683944934e-05
4.575909743510563e-07,3.223630568114362e-05
4.575918244194254e-07,3.202577275899811e-05
4.575924873347352e-07,3.486796473622829e-05
4.575938131653547e-07,3.634203738211272e-05
4.575962118280991e-07,4.471839351743145e-05
4.575984368838154e-07,5.131175645364868e-05
4.576001730368322e-07,5.860226426995427e-05
4.576005614085625e-07,5.932732086236176e-05
4.576011839443117e-07,6.047192882575046e-05
4.576017180631724e-07,6.172580463847519e-05
4.576027863008939e-07,6.420869748043149e-05
4.576047508633137e-07,7.214111700566914e-05
4.576063714486991e-07,7.991537524791597e-05
4.576077036448348e-07,8.36702194808031e-05
4.576090401428434e-07,8.462458435440481e-05
4.576106447506545e-07,8.35443010565953e-05
4.576120800708737e-07,9.097330017164324e-05
4.576133181802203e-07,9.281290408546755e-05
4.576141895775262e-07,9.463289891735379e-05
4.576149163349589e-07,9.177242543140343e-05
4.57615821646923e-07,9.044350533566284e-05
4.576166714007394e-07,8.460771168676755e-05
4.576174452177801e-07,8.107317390857722e-05
4.576180972100445e-07,7.407593154980395e-05
4.576187964669718e-07,6.860760777374296e-05
4.576195975603942e-07,6.073575512542071e-05
4.576202889763151e-07,5.874191169534767e-05
4.576210364329547e-07,5.492949714334426e-05
4.576217967742804e-07,5.506829395087418e-05
4.576227765754821e-07,5.275194441133317e-05
4.576240891854448e-07,5.406575367058367e-05
4.576261873033625e-07,5.355792745976475e-05
4.576287889973899e-07,5.716618985753469e-05
4.576321945333781e-07,5.896244174471457e-05
4.576368975659414e-07,6.505119694486462e-05
4.576446985728579e-07,7.095332197456199e-05
4.5765e-07,7.706815348585414e-05
4.576529829467286e-07,7.28075867977766e-05
4.576567199373382e-07,7.208003324790145e-05
4.576601112108108e-07,7.172287695386595e-05
4.576668937577559e-07,7.081565468871769e-05
4.576768541969124e-07,6.969524871554075e-05
4.576946449652058e-07,6.779759303462641e-05
4.577096629596247e-07,6.646779764062553e-05
4.577265177414182e-07,6.491740468797908e-05
4.577461856064483e-07,6.322083447594277e-05
4.577784700902941e-07,6.028329590336543e-05
4.578349691929713e-07,5.522231965523935e-05
4.579280426329128e-07,4.688080206234876e-05
4.580378296612705e-07,3.793880247713975e-05
4.581751174655544e-07,2.854316938125441e-05
4.583520268669953e-07,1.991376923784247e-05
4.58558089075376e-07,1.375746180882756e-05
4.587894313182546e-07,1.034700625464987e-05
4.590511045528796e-07,8.548082121740699e-06
4.593701258037612e-07,7.856615620490331e-06
4.597751437079152e-07,7.527202662675154e-06
4.60346340289727e-07,7.532828859978093e-06
4.611935054605312e-07,7.469693735429079e-06
4.627312542672516e-07,7.534637894139883e-06
4.65e-07,7.469413370539948e-06
4.650375e-07,4.027848460961734e-06
4.65047011576711e-07,4.252021853531334e-06
4.650660347301331e-07,6.367508428126923e-06
4.650712360973787e-07,7.561856842231205e-06
4.650758828739716e-07,8.279959127554459e-06
4.650812752107328e-07,9.264513999975767e-06
4.650865605717506e-07,9.891966603461737e-06
4.650961277229494e-07,1.149097311503354e-05
4.650999939701486e-07,1.11542697740613e-05
4.651025208149828e-07,1.021091643268905e-05
4.651055287096392e-07,8.386921972227707e-06
4.651079872118394e-07,6.899887266316908e-06
4.651105454211446e-07,5.932552741550789e-06
4.65112957520364e-07,5.670640097251178e-06
4.651154724170617e-07,5.551568062291476e-06
4.651180214860802e-07,5.552184662255536e-06
4.651217256211356e-07,5.48213901387933e-06
4.651285752906659e-07,5.485985932280403e-06
4.651392876453329e-07,5.423131238424856e-06
4.6515e-07,5.470077912802832e-06
4.651529983102714e-07,6.853410250375852e-06
4.651580788628817e-07,7.091340002490189e-06
4.651627343251066e-07,7.350924292104452e-06
4.651720452495565e-07,7.468079121286604e-06
4.651805902194066e-07,7.519359228420424e-06
4.651935474344242e-07,7.526221613821553e-06
4.652104080667998e-07,7.529539597921493e-06
4.65240370830687e-07,7.531828900793918e-06
4.65296262991925e-07,7.528657142514267e-06
4.654069527099538e-07,7.532250051290098e-06
4.656197201046369e-07,7.527997577591549e-06
4.660349005752198e-07,7.531893879864805e-06
4.668431886331401e-07,7.52710309905927e-06
4.676318638753686e-07,7.531906686025237e-06
4.679730017032066e-07,7.529427729170208e-06
4.684477448321281e-07,7.54420633768208e-06
4.687961748616299e-07,7.561342043536356e-06
4.69181587632935e-07,7.611803885542321e-06
4.694775289849967e-07,7.65008927992872e-06
4.697816705791189e-07,8.386180611783715e-06
4.698654310642828e-07,9.048111776560273e-06
4.698896183323606e-07,9.060546884218759e-06
4.699015982568774e-07,9.117273968540855e-06
4.699255581059109e-07,9.153310578854147e-06
4.699475130059847e-07,9.286222748153983e-06
4.699620743219717e-07,9.598239321999681e-06
4.699733248491596e-07,1.033546893266929e-05
4.699815330078793e-07,1.097323353706351e-05
4.699912883038298e-07,1.165241935631462e-05
4.699988137019149e-07,1.196880144038492e-05
4.700061029593889e-07,1.220670253430264e-05
4.700143272099891e-07,1.223238185775681e-05
4.700229594279347e-07,1.214515655639019e-05
4.700321625762209e-07,1.144424742607905e-05
4.700389514147063e-07,1.024977858779062e-05
4.700442314993409e-07,9.839721384289584e-06
4.70048898013361e-07,9.647016460184879e-06
4.700539252398679e-07,9.666231302449679e-06
4.700601178560987e-07,9.523042935321336e-06
4.700725030885601e-07,9.531777088711469e-06
4.700902383000139e-07,9.284690770842905e-06
4.701141506453511e-07,9.064746202762199e-06
4.701429719558466e-07,8.21494899939095e-06
4.701684233961868e-07,8.038807803398435e-06
4.70199556981374e-07,7.807505964168002e-06
4.702222033837026e-07,7.835744554512573e-06
4.702616178617764e-07,7.667306422712816e-06
4.703378970576959e-07,7.708236737527461e-06
4.704387527123506e-07,7.575139569058357e-06
4.705791221605199e-07,7.653782876125792e-06
4.707636378044204e-07,7.530664373179859e-06
4.710125783138906e-07,7.614689806431932e-06
4.713107727213073e-07,7.492151973745573e-06
4.717002594048492e-07,7.570429450785283e-06
4.721001297024246e-07,7.4522791589702e-06
4.725e-07,7.554583805004533e-06
4.72509375e-07,8.635437800399165e-06
4.72524473686877e-07,8.569987111176038e-06
4.72554671060631e-07,8.955438075805325e-06
4.725621463291056e-07,1.037541800923124e-05
4.725682655718521e-07,1.251687493030875e-05
4.725727908622184e-07,1.519328125623753e-05
4.72578599595935e-07,1.905446219874244e-05
4.725830363900979e-07,2.296366480186581e-05
4.725880280842978e-07,2.745396839366339e-05
4.725901783727886e-07,3.017208763264724e-05
4.72590978483463e-07,3.056329300595584e-05
4.725918274029369e-07,3.325450684143657e-05
4.72592491334639e-07,3.350819280350778e-05
4.725938191980431e-07,3.766301852192157e-05
4.725962919400438e-07,4.379615870960289e-05
4.725985181397551e-07,5.307451312171375e-05
4.726001783727886e-07,5.697895979670155e-05
4.726005628700933e-07,5.94882975648007e-05
4.726011737850264e-07,6.044829918348346e-05
4.726016952157409e-07,6.163694360164809e-05
4.7260273807717e-07,6.403832848228694e-05
4.726047318799718e-07,7.20299472491348e-05
4.726063634769807e-07,7.991940057562597e-05
4.726077018177375e-07,8.369053686882508e-05
4.72609034923624e-07,8.471346047107773e-05
4.72610637891171e-07,8.359777271882892e-05
4.72612074115232e-07,9.104345822676431e-05
4.726133116448727e-07,9.287844374385442e-05
4.726141848225775e-07,9.472956307428247e-05
4.726149106458729e-07,9.185193679713726e-05
4.726158168880457e-07,9.054717995708484e-05
4.726166667389317e-07,8.470273818378198e-05
4.72617441422951e-07,8.119256294242066e-05
4.726180936056517e-07,7.418706194303095e-05
4.726187923093997e-07,6.874974242550118e-05
4.726195926378163e-07,6.0857737801775e-05
4.72620281252601e-07,5.888883503827599e-05
4.726210291114531e-07,5.50486080658352e-05
4.726217882639953e-07,5.520466431331462e-05
4.726227666661066e-07,5.287087452414778e-05
4.726240741231577e-07,5.420513972825274e-05
4.726261638350249e-07,5.368117955720608e-05
4.726287605506385e-07,5.731642846345033e-05
4.726321566817093e-07,5.911100392401944e-05
4.726368432570914e-07,6.524695098413679e-05
4.726445994531449e-07,7.11915110355681e-05
4.7265e-07,7.750365718415237e-05
4.726530107033657e-07,7.321688112656396e-05
4.726567730515743e-07,7.247037888928999e-05
4.72660195877681e-07,7.210735659716981e-05
4.726670415298943e-07,7.120196492106341e-05
4.726770826973353e-07,7.00858602665128e-05
4.726947769223342e-07,6.824533600379793e-05
4.727097990924134e-07,6.695141098818492e-05
4.727266592709397e-07,6.544776286911708e-05
4.727464052129974e-07,6.379402155023526e-05
4.727787735307694e-07,6.09326348850609e-05
4.728354759037801e-07,5.597608422673355e-05
4.72929950054328e-07,4.76506826115208e-05
4.730401873703566e-07,3.87349082498955e-05
4.731792681848513e-07,2.919687327731541e-05
4.733564673533263e-07,2.044386719738903e-05
4.735661801080781e-07,1.404180901938251e-05
4.737990849671838e-07,1.050218811335466e-05
4.740631034622283e-07,8.620573587683551e-06
4.743818281778398e-07,7.885420892375196e-06
4.747876558401585e-07,7.53674345076909e-06
4.753524741163395e-07,7.531913812907718e-06
4.761954014995876e-07,7.471347325403573e-06
4.77668967993727e-07,7.532884428457605e-06
4.8e-07,7.471202218956215e-06
