"P_inst (c0=1,c1=1,c2=1,c3=0) X","P_inst (c0=1,c1=1,c2=1,c3=0) Y"
6.000000000000001e-08,7.932280974294148e-09
6.003077876258831e-08,2.131331808331428e-08
6.006968429211506e-08,3.448919077251699e-06
6.008913705687844e-08,1.486443109940826e-05
6.009649386891729e-08,1.888704876722842e-05
6.010438991798142e-08,1.964052332914837e-05
6.010943388291846e-08,1.821907663124081e-05
6.011506534129479e-08,1.579052542989334e-05
6.011949381264613e-08,1.475059005593479e-05
6.0122950485718e-08,1.666555634685385e-05
6.012467882225394e-08,1.961384339687059e-05
6.012794039122062e-08,3.207790211358506e-05
6.013149201749681e-08,5.817707372812895e-05
6.013710512966206e-08,0.0001122075324425528
6.014285464810477e-08,0.0001511249776403265
6.01476208762175e-08,0.0001588740974828686
6.015275748240235e-08,0.0001467881324846058
6.015893981350854e-08,0.0001434546116359814
6.016136227512539e-08,0.0001538640676499915
6.016419421467371e-08,0.0001663500168727881
6.016632775119382e-08,0.0001740848837224217
6.016886193342538e-08,0.0001963504865532613
6.017105869347694e-08,0.0002101906071172559
6.017261528805715e-08,0.00024195577746635
6.017421650305472e-08,0.0002952414303471984
6.01755612363866e-08,0.0003348266921895638
6.017721479781718e-08,0.0003552226649506608
6.017890877046126e-08,0.0003562230423032192
6.018035284062463e-08,0.0003482329144284623
6.018155532153646e-08,0.0003361301630838242
6.018249518506037e-08,0.0003270025691225471
6.018377762586469e-08,0.0003157121023562535
6.018507314105827e-08,0.0003034065325948719
6.01861451111998e-08,0.0002924818645115934
6.018741765092932e-08,0.0002773247710824528
6.018848016869216e-08,0.0002637020082822403
6.018945043658274e-08,0.00025092935178862
6.019079390031331e-08,0.0002332271229583442
6.019245890069412e-08,0.0002137859869969896
6.019362703182222e-08,0.0002031067196692507
6.019515500578166e-08,0.00019419076459254
6.019664819570678e-08,0.0001914928503517464
6.019832409785339e-08,0.0001943511612405606
6.020000000000001e-08,0.0001993270085422477
6.020054532229318e-08,0.0002000347244753236
6.020163596687952e-08,0.0002000888727571633
6.020277196897103e-08,0.0001968926004199775
6.020442403011606e-08,0.0001875797340023195
6.020616960135932e-08,0.00019188522392305
6.02076656737639e-08,0.0002022574169021309
6.020895798237852e-08,0.0002066439813468707
6.021008449646291e-08,0.0002076084625121391
6.021155977967393e-08,0.0002051129837398284
6.021275191515901e-08,0.0002018852696805123
6.021393147883772e-08,0.0001988370278140888
6.021546353012445e-08,0.0001952012885091112
6.021852763269791e-08,0.0001890351153807979
6.022378397745891e-08,0.0001804694454976133
6.022822647846123e-08,0.0001781305761301954
6.023089523116422e-08,0.0001822649216528063
6.02339127470405e-08,0.0001822499778236689
6.023639283542238e-08,0.0001748883144167337
6.023741314593752e-08,0.0001758342670435811
6.023830293367433e-08,0.0001830721138473117
6.023913482491281e-08,0.0001925450904818493
6.023999853389083e-08,0.0001967415351210802
6.024081767228096e-08,0.0001900874858220003
6.024194181437994e-08,0.0001626528444375515
6.024296288955118e-08,0.0001269854349263176
6.024374449180676e-08,0.000102704251746252
6.024436920178474e-08,8.976332605582861e-05
6.024518392975658e-08,7.987684335604508e-05
6.024613106781995e-08,7.234151670799237e-05
6.024683813301209e-08,6.809900497494099e-05
6.024767042204611e-08,6.403991444524472e-05
6.024897896253873e-08,5.889483822345046e-05
6.025075392602848e-08,5.333396967641979e-05
6.025275139552603e-08,4.832006832710597e-05
6.025520345705313e-08,4.343398958779846e-05
6.025851013932013e-08,3.844975971290776e-05
6.026278961721372e-08,3.388945091277285e-05
6.026781190503589e-08,3.024324212668324e-05
6.027423753033628e-08,2.682448288430659e-05
6.02799471762395e-08,2.409373094699616e-05
6.02861307973504e-08,2.065266006694414e-05
6.02905973497177e-08,1.779353459414726e-05
6.029580507838626e-08,1.435593582274733e-05
6.030051676682563e-08,1.142741668747819e-05
6.030551630468237e-08,9.368266155471363e-06
6.030923196475722e-08,8.509801991171167e-06
6.031360429698959e-08,8.056189764475435e-06
6.031959341197453e-08,8.001991015809424e-06
6.032842855560127e-08,8.323271799968266e-06
6.033755415162658e-08,8.47116790819111e-06
6.034788870178495e-08,8.123247793309583e-06
6.035864347871738e-08,7.317712707240166e-06
6.037083664186932e-08,8.267922900162029e-06
6.038380964415209e-08,2.692345560850024e-05
6.03943307293235e-08,5.144616291362624e-05
6.040269820902201e-08,5.77973650767241e-05
6.040802235600073e-08,6.65190063278532e-05
6.041150248944888e-08,9.517638676155938e-05
6.041473593788105e-08,0.0001473623948527495
6.041807595928408e-08,0.0002127211231901656
6.042138264343686e-08,0.0002654250365652766
6.042367035211191e-08,0.0002941314201033837
6.042598743427589e-08,0.0003411946431065378
6.04282393860666e-08,0.000461181359744029
6.042985516616049e-08,0.0005803859160336223
6.043130074213665e-08,0.0006644804147410446
6.043233941270696e-08,0.0007393863738201799
6.043349802618547e-08,0.0008242019516006437
6.043438772092012e-08,0.0008487809464649206
6.04352204793202e-08,0.0008336050004142771
6.043591761542753e-08,0.000803632847350587
6.043682978432379e-08,0.0007479196697196272
6.043744571421266e-08,0.0007044590856065083
6.0438114433237e-08,0.0006571606707884529
6.043873680037755e-08,0.0006161177039109454
6.043942365509281e-08,0.0005769254687574981
6.044014410776581e-08,0.0005416532884720039
6.044099782440665e-08,0.0005019611706999841
6.0441929154733e-08,0.0004521073411371948
6.044295808979713e-08,0.0003857023059503225
6.04440464602695e-08,0.0003158193476740474
6.044527325469855e-08,0.0002632314785613267
6.044619397337087e-08,0.0002332501441548259
6.044714310591428e-08,0.0001951387161690474
6.044800926521322e-08,0.0001655358798625063
6.044869545886797e-08,0.0001545806202144519
6.044946094215091e-08,0.0001491391691462206
6.045019454909822e-08,0.0001452342845496574
6.045130601516775e-08,0.0001376026916880253
6.045230520599624e-08,0.0001287515429392701
6.045340794241258e-08,0.0001184032358259328
6.045479414951057e-08,0.0001060446993242915
6.045648429452319e-08,9.339989880265435e-05
6.045847227429837e-08,8.482496539960226e-05
6.046097002832649e-08,9.268142181126929e-05
6.046346489652836e-08,0.0001200590192293587
6.046532397460564e-08,0.0001340594824217031
6.046721244347573e-08,0.0001300028868886192
6.046875566248547e-08,0.0001346920927321278
6.047041274063186e-08,0.0001753013163999478
6.047172303694218e-08,0.0002079155688711035
6.047299628638061e-08,0.0002171203607802915
6.047418122085361e-08,0.0002088194928333875
6.047540621585522e-08,0.0002176529513826823
6.047664856500684e-08,0.0002720594466910751
6.047773418262116e-08,0.0003374482442424941
6.047876958706663e-08,0.0003859513364925974
6.047983894838531e-08,0.000397887240691379
6.04809140150826e-08,0.0004008631037300035
6.048192392635949e-08,0.0004163700212647756
6.048294785305178e-08,0.0004369863268843997
6.048389560137957e-08,0.0004662038117782736
6.048482851192694e-08,0.0004772769894467241
6.048579930543672e-08,0.0004582165411629806
6.048667388131549e-08,0.0004367235053679375
6.048775203536896e-08,0.0004511048971442343
6.04888375501785e-08,0.0005456521993262118
6.048990630807912e-08,0.0007276920792597194
6.049118494782792e-08,0.0009871800903314722
6.049273186984532e-08,0.001184552546213272
6.049427591102887e-08,0.001202484250339539
6.049594605872637e-08,0.001074417956518562
6.049763751942567e-08,0.0008621151791749672
6.049935443367942e-08,0.0006278963416477002
6.050108487647267e-08,0.0004212796109548668
6.05030284579177e-08,0.0002414747826417291
6.050522598343128e-08,0.0001094888708334389
6.050710202916982e-08,5.08322729245316e-05
6.050914413535086e-08,2.19941415868768e-05
6.05114587360941e-08,9.903265080766009e-06
6.051383952110957e-08,5.862055844979099e-06
6.051670897615113e-08,4.214507037086364e-06
6.052003105767461e-08,3.372246552235335e-06
6.052419000731025e-08,2.682114878062455e-06
6.052963196154563e-08,2.012005098494652e-06
6.05375555895357e-08,1.334717190045158e-06
6.055001508153867e-08,7.195032772812013e-07
6.057018688859693e-08,2.942646927527359e-07
6.059422691958008e-08,1.296986180847e-07
6.062130999847278e-08,7.148684028022502e-08
6.065253990292365e-08,4.841578356617002e-08
6.069189368619776e-08,3.656524067842992e-08
6.07437719757866e-08,2.86788658562038e-08
6.081420224538327e-08,2.252297706329622e-08
6.091474650267277e-08,1.745961247839418e-08
6.107342822354351e-08,1.319126090162984e-08
6.134199816340686e-08,9.7550817800399e-09
6.170952126857203e-08,7.604211607391876e-09
6.222688052144954e-08,6.147281722043104e-09
6.295907121425475e-08,5.118428970001435e-09
6.402934669105921e-08,4.349617616107899e-09
6.558090959390948e-08,3.768580905639896e-09
6.781665997832538e-08,3.3230779341491e-09
7e-08,3.068312512225723e-09
7.005000000000001e-08,8.261650616743726e-08
7.006344096876254e-08,5.494589193754857e-07
7.009032290628762e-08,7.525898310834505e-06
7.009702236388331e-08,1.102417456291105e-05
7.010255614252671e-08,1.297841360825538e-05
7.010853033163915e-08,1.3145889175189e-05
7.011347603871164e-08,1.191415757666052e-05
7.011624509304442e-08,1.080535636348398e-05
7.011718460524038e-08,1.046219680631444e-05
7.01181837907491e-08,1.010532837361949e-05
7.011899944689535e-08,1.010353986793336e-05
7.012063075918787e-08,2.024338503583192e-05
7.012171419180176e-08,4.716425040218618e-05
7.012306109818948e-08,9.145076768263396e-05
7.012412213088004e-08,0.0001187112053962992
7.012518361196222e-08,0.0001317976714298932
7.012624509304442e-08,0.0001388218540270072
7.012655677547025e-08,0.000137331946263922
7.01270269074961e-08,0.0001419845560775041
7.01274553964557e-08,0.0001510483139617926
7.012809847143105e-08,0.0001687030805871791
7.012894681568133e-08,0.0001901796846166466
7.012979754692985e-08,0.0002003166750183065
7.013067436719531e-08,0.0001969078399620877
7.013153624902192e-08,0.0001929989415196199
7.013252499224195e-08,0.0001942628223091068
7.013351583935216e-08,0.000194604424434963
7.013455425794088e-08,0.000189254099878702
7.013566199726681e-08,0.0001704756937189391
7.013652351585061e-08,0.0001523175685595056
7.013747692941735e-08,0.0001382542542586566
7.013862914820412e-08,0.0001378733934293772
7.013955458935457e-08,0.0001427594253874161
7.014057722915181e-08,0.0001422455644548488
7.014181782762088e-08,0.0001322311085126701
7.014295295905899e-08,0.0001220640711230424
7.014411985116891e-08,0.0001223080645882879
7.01450228570122e-08,0.0001261198259097195
7.014580801987485e-08,0.0001234621911374734
7.014641534171787e-08,0.0001162063760994592
7.014715556130468e-08,0.0001037360683421307
7.014771246162953e-08,9.385016625884716e-05
7.014838413554829e-08,8.371695765112111e-05
7.014918302235286e-08,7.296278434165925e-05
7.014999433537675e-08,6.301962350155868e-05
7.015073686539683e-08,5.491484115560365e-05
7.015155302664489e-08,4.555393132167881e-05
7.015242304068403e-08,3.372992161426689e-05
7.015313153415881e-08,2.357565755571313e-05
7.015387482206074e-08,1.469120466327334e-05
7.015456309877042e-08,9.019728320990834e-06
7.015546932409053e-08,5.04683235926432e-06
7.015660101803212e-08,2.98852175308587e-06
7.015776651777753e-08,1.974593663441846e-06
7.015882190402472e-08,1.385949802216136e-06
7.016001474456106e-08,9.269238866378312e-07
7.016158983806903e-08,5.405698409227071e-07
7.016401018736603e-08,2.33456289200788e-07
7.016769256205254e-08,6.672022793849941e-08
7.017228724173488e-08,1.841621068663551e-08
7.017766543516004e-08,8.361820268267307e-09
7.018423374139849e-08,6.271445236166598e-09
7.019296936630004e-08,5.713110938861326e-09
7.020000000000001e-08,5.551578875419427e-09
7.02043278747477e-08,3.750194342453772e-09
7.020954351252144e-08,3.699589867875263e-09
7.021443485475954e-08,3.6873814782561e-09
7.022421753923573e-08,3.686535207717858e-09
7.023957612615127e-08,3.682658399548064e-09
7.026716282694659e-08,3.678761852764103e-09
7.032233622853722e-08,3.672553514224143e-09
7.042981378522687e-08,3.657275688665364e-09
7.064476889860618e-08,3.629808280249675e-09
7.107467912536479e-08,3.577588178182239e-09
7.193449957888201e-08,3.482721257373714e-09
7.2967249789441e-08,3.383057069995648e-09
7.400000000000001e-08,3.296094984387599e-09
7.403100851431426e-08,7.802356374544753e-09
7.407010741372737e-08,1.631352805712778e-06
7.408634398701145e-08,6.106334119380514e-06
7.409461308079518e-08,9.244874774537873e-06
7.410463311424785e-08,1.146116690996998e-05
7.411267825059323e-08,2.255451752413499e-05
7.411778795266333e-08,4.8788285065115e-05
7.412374258833836e-08,8.21391587480049e-05
7.412831513940039e-08,9.072921601451899e-05
7.413253428968664e-08,9.69114154012719e-05
7.413575265865725e-08,0.0001158749801668215
7.413828932005037e-08,0.0001472132363486173
7.414143802299807e-08,0.0001981900930796746
7.414390654814796e-08,0.0002363932525386001
7.414680500621704e-08,0.0002687244503295164
7.414983936367694e-08,0.0002839405950440707
7.41518322439941e-08,0.0002932153695468695
7.415403930163265e-08,0.0003185486775938905
7.415559168445832e-08,0.0003395086452332265
7.415690473653206e-08,0.000348483120593406
7.41582831281611e-08,0.0003436076718893439
7.415991082095261e-08,0.0003192367682238148
7.416114412403408e-08,0.000294830045912421
7.416205994514644e-08,0.0002782350956927382
7.416305093687926e-08,0.0002627471862557019
7.416417664596283e-08,0.000246501574178494
7.416532727147297e-08,0.0002303369784032015
7.416647181587864e-08,0.0002141993217592118
7.416780261365405e-08,0.0001952344854598541
7.416953155711852e-08,0.0001701577321922746
7.417161488085935e-08,0.0001398199382838635
7.417314829724342e-08,0.0001196528295152343
7.417469609095827e-08,0.0001030171759971107
7.417720076565918e-08,8.34788666081042e-05
7.417980685657773e-08,7.014207375493786e-05
7.418255435970757e-08,6.858750725833236e-05
7.418476077982389e-08,8.047707007268173e-05
7.418722003718893e-08,0.0001003321545680887
7.418928056489526e-08,0.0001089446543697047
7.419162754331149e-08,0.000103632961307633
7.419317981922656e-08,0.0001068717234088048
7.419410649110233e-08,0.0001149571260298508
7.419494222306636e-08,0.0001198712961533254
7.419575238563026e-08,0.0001177163744158922
7.419672896849989e-08,0.0001041179432895581
7.419775187569564e-08,7.956456952309245e-05
7.419871098841436e-08,5.497247317276513e-05
7.419946594082371e-08,3.937118032062354e-05
7.420000000000002e-08,3.184279381634265e-05
7.420036846657913e-08,2.852173801780018e-05
7.420110539973735e-08,2.403503357401517e-05
7.420172770064017e-08,2.19806886760708e-05
7.420292209141115e-08,1.965831849092983e-05
7.420389447800678e-08,1.834292200709697e-05
7.420520382440181e-08,1.690687077498897e-05
7.420666031840709e-08,1.56634133659786e-05
7.420901254967294e-08,1.429413267259151e-05
7.421226706198426e-08,1.324640444499447e-05
7.421713317047348e-08,1.244593973658666e-05
7.422170979018571e-08,1.193543968700382e-05
7.422693921822361e-08,1.142354993334371e-05
7.423305858993656e-08,1.085997615096481e-05
7.42420126327075e-08,1.005945674768405e-05
7.425563001492904e-08,8.903089996251658e-06
7.427436246393904e-08,8.443528365717081e-06
7.429257719859968e-08,1.110075130224469e-05
7.431207641396715e-08,1.497078685633732e-05
7.431895664553558e-08,1.576389627488781e-05
7.432343849930726e-08,1.549777508248519e-05
7.432818141303183e-08,1.435421076385555e-05
7.433377896217361e-08,1.206655285548402e-05
7.433840745607724e-08,9.7824751966524e-06
7.434316069793993e-08,8.434822283669043e-06
7.434651473490835e-08,8.327418888540818e-06
7.43506942032902e-08,9.011695114318304e-06
7.435573518422033e-08,1.030319211112071e-05
7.436372913964629e-08,1.197755274802017e-05
7.437133841124959e-08,1.247031670560869e-05
7.437862101709732e-08,1.192596750496913e-05
7.438673274063029e-08,1.262885647782467e-05
7.439443984004765e-08,2.935645558931197e-05
7.440182689301022e-08,5.519876573355749e-05
7.440818309247171e-08,6.664599045386794e-05
7.441664355620838e-08,8.321456248474161e-05
7.442338816575567e-08,0.0002122054648014628
7.442694159378911e-08,0.0003328958674331321
7.443062265235803e-08,0.0004047580139562264
7.443415684457443e-08,0.0004003210099490521
7.443587333242212e-08,0.0004088726662599298
7.443729364302798e-08,0.0004359668721374759
7.443876770754058e-08,0.000478960656913553
7.444037146138648e-08,0.000531876834867515
7.444179670289321e-08,0.0006208866571662603
7.444287910050296e-08,0.0007122396900559682
7.44438096562803e-08,0.0007584125032854263
7.444463333754802e-08,0.0007746603223219436
7.444550063887025e-08,0.0007747868702384679
7.444626288867464e-08,0.0007426316468034002
7.44471420839865e-08,0.0006877905836823844
7.444778009474638e-08,0.000664319527901167
7.44484195418618e-08,0.0006443985438015448
7.4449122552318e-08,0.0006150525822397025
7.444988894321891e-08,0.0005748022434986998
7.445065001233763e-08,0.0005331641442591837
7.44515740873702e-08,0.0004902876390430369
7.44524357628291e-08,0.0004632741385108641
7.445352353675787e-08,0.0004443309928043753
7.445460392057146e-08,0.0004346100283378485
7.44556222521802e-08,0.0004285968880361353
7.445675987406569e-08,0.0004218474046974498
7.445811982334619e-08,0.0004175149096860056
7.445938540213933e-08,0.0004355293086317016
7.446043134337014e-08,0.0004688681770002078
7.446139038871119e-08,0.0004899107654077973
7.446229921106258e-08,0.000492452316469141
7.446310564167126e-08,0.0004910009867758117
7.446388677064824e-08,0.0004917067597855937
7.446453665796225e-08,0.000491412826411589
7.446531115162775e-08,0.0004821885230091267
7.446632107215121e-08,0.0004456259490629787
7.44671625908626e-08,0.0004018072240128146
7.446803981090892e-08,0.000371481493763597
7.446900062167598e-08,0.0003730772107661375
7.447002886118275e-08,0.0003949718642992735
7.447092231854631e-08,0.000415411831241335
7.447189637313294e-08,0.0004298345922368143
7.447290025131189e-08,0.000431768976947033
7.447386221506222e-08,0.0004499164333001665
7.447489456437401e-08,0.0004931627447570317
7.447584246986479e-08,0.0005234512951970167
7.447685370710609e-08,0.000567811654303961
7.447796089163645e-08,0.0006054728482299782
7.447890981869741e-08,0.0006085499233615765
7.44799119134421e-08,0.0006270837393656585
7.448106032883445e-08,0.0006884955728582714
7.448214451723835e-08,0.0008009852178043012
7.448314126519381e-08,0.0009329749454857704
7.448436160319172e-08,0.001038967294629763
7.448555884959635e-08,0.001046028084080648
7.448659796225742e-08,0.0009913259221539657
7.448796097213586e-08,0.0008760196051379147
7.448915664710465e-08,0.0007601525372633809
7.449050412308452e-08,0.0006328972091244327
7.449205132707344e-08,0.0005002617988400487
7.4494319702306e-08,0.000340000664804349
7.449761476992092e-08,0.0001799683828267425
7.450183616516701e-08,7.16732948527374e-05
7.450514947943261e-08,3.305359075588476e-05
7.450833423390581e-08,1.569685148940866e-05
7.451176116237003e-08,7.596276346050069e-06
7.451576660608707e-08,4.038897055897884e-06
7.452068307982441e-08,2.643235870053471e-06
7.452631775715796e-08,2.104193518776554e-06
7.453304896884518e-08,1.766768992395796e-06
7.454151689643136e-08,1.455277287219552e-06
7.455314633227789e-08,1.125592028786379e-06
7.457051569747225e-08,7.775698341976689e-07
7.460013846552987e-08,4.316835872623923e-07
7.465667860581459e-08,1.709249888090883e-07
7.472548540707271e-08,8.644365553189535e-08
7.480952302328499e-08,5.754698522178697e-08
7.491262579116971e-08,4.360167764780623e-08
7.505864962900069e-08,3.349638395403074e-08
7.528323692096674e-08,2.542283710194801e-08
7.563344736257644e-08,1.928783654127423e-08
7.611875787721781e-08,1.518123889773678e-08
7.680141999221537e-08,1.226473396613929e-08
7.776986451169497e-08,1.00957500672141e-08
7.888493225584749e-08,8.671604056125355e-09
8e-08,7.744833928089468e-09
8.003216565574898e-08,2.453913930699621e-08
8.007223130332914e-08,4.384215041667737e-06
8.0088202390413e-08,1.439574531757445e-05
8.009501434211096e-08,1.845760368692087e-05
8.010250563851143e-08,1.987901435807917e-05
8.010782034095808e-08,1.882542996908782e-05
8.011360250918953e-08,1.643825016973927e-05
8.011842858742109e-08,1.47738181655984e-05
8.012199962218358e-08,1.573557446138537e-05
8.012668553112463e-08,2.592572761629821e-05
8.013030406322079e-08,4.796170604795559e-05
8.013411172886476e-08,8.331757961876301e-05
8.013955208949831e-08,0.0001322826844844464
8.01446390261416e-08,0.0001568547987782888
8.014951251137144e-08,0.0001559544375136591
8.015477353350241e-08,0.0001415489956861579
8.015767375357991e-08,0.0001406175651369612
8.015974237275926e-08,0.0001468574969630208
8.016248940830041e-08,0.0001600716510989875
8.016443512157904e-08,0.000167973786018137
8.016718958693759e-08,0.0001809998834109054
8.016949319492431e-08,0.0002009244016843545
8.017158575782369e-08,0.0002174455242935195
8.017306061327855e-08,0.0002554898157984924
8.017456668698373e-08,0.0003066871816056485
8.017592537438271e-08,0.00034240261603016
8.017752951096952e-08,0.0003559577154929362
8.017924816356468e-08,0.000355397806916511
8.018065532275878e-08,0.0003454343668480995
8.018176622422216e-08,0.0003339156250118158
8.018273003265344e-08,0.0003249312160842234
8.018400053473227e-08,0.0003136475263828071
8.018515470677111e-08,0.000302599909620304
8.01862402280752e-08,0.0002914708180771999
8.018753142384303e-08,0.000275935113637059
8.018862157680566e-08,0.0002619091770771246
8.018957832514373e-08,0.0002492938395464517
8.01910059921486e-08,0.0002305630113249567
8.019261821470176e-08,0.0002121899252015798
8.019377208265242e-08,0.0002020036974942214
8.01957874937466e-08,0.0001923335382725407
8.019739411912064e-08,0.0001921225404832569
8.019869705956031e-08,0.000195504931530732
8.02e-08,0.0001993383650547316
8.020053453005646e-08,0.0002000393971755308
8.020160359016937e-08,0.000200139741004686
8.02026579504223e-08,0.0001973710357010306
8.020426849242642e-08,0.0001883357591977873
8.020603560487147e-08,0.000190867118752564
8.020753241825265e-08,0.0002015523849526949
8.020886093399866e-08,0.0002064024128109918
8.020997860574901e-08,0.0002076266121270691
8.021139437544239e-08,0.0002054907914557712
8.021264278481338e-08,0.0002021558620451116
8.021379702572942e-08,0.0001991570560460163
8.02152781517621e-08,0.0001956015095046266
8.021824040382745e-08,0.0001895477009134548
8.022310493939273e-08,0.0001815000315370381
8.022771800291402e-08,0.0001777248644225185
8.023056905113636e-08,0.0001817978172785293
8.023371698049441e-08,0.0001826215999190233
8.023620028541097e-08,0.0001753071174125805
8.023721608242541e-08,0.0001751137814380934
8.023817457334472e-08,0.0001817058093688614
8.023902692806951e-08,0.000191457149573466
8.02399346715867e-08,0.0001967829297309115
8.024073008304835e-08,0.0001913759127455394
8.024197989449195e-08,0.00016158099150631
8.024299282084198e-08,0.0001261229523332026
8.024378529090068e-08,0.0001017927467507815
8.02444119279085e-08,8.919937872918259e-05
8.024524632142561e-08,7.9363088393635e-05
8.024614808001888e-08,7.22927884798671e-05
8.024686037357307e-08,6.803700728698764e-05
8.024769494192828e-08,6.398371570767656e-05
8.024905827718299e-08,5.866189674967113e-05
8.025083507829682e-08,5.314626280082987e-05
8.025285247326676e-08,4.812563911271156e-05
8.025531871642748e-08,4.325773624116188e-05
8.025868920584992e-08,3.824013360271812e-05
8.026298194232171e-08,3.373462505048118e-05
8.026805646347982e-08,3.010438995783507e-05
8.027454405792014e-08,2.668362726041767e-05
8.028013113663e-08,2.401037836931752e-05
8.02862165393488e-08,2.060890540273145e-05
8.029066630460821e-08,1.775815356293391e-05
8.029569923320006e-08,1.443521347549303e-05
8.030043401851259e-08,1.147967474876415e-05
8.030547505880612e-08,9.385358241245936e-06
8.030917133992717e-08,8.522323820086909e-06
8.031358806287674e-08,8.057816036078316e-06
8.031951655876998e-08,8.000009969311463e-06
8.032834938835396e-08,8.319876107618489e-06
8.033745678342717e-08,8.471875713688622e-06
8.03477883456831e-08,8.129784569379168e-06
8.035852593278824e-08,7.328292412264932e-06
8.037068086783341e-08,8.195057889498742e-06
8.038368345153867e-08,2.657792809106394e-05
8.039426399962923e-08,5.131489854804009e-05
8.04026373122391e-08,5.777636175337407e-05
8.040808903661961e-08,6.675506233311067e-05
8.041157476716835e-08,9.58903847288652e-05
8.041480632946927e-08,0.000148422726389377
8.041814426231609e-08,0.0002137152418246331
8.042144080121548e-08,0.0002659814773588481
8.04237473159387e-08,0.000294991524860559
8.042606242156365e-08,0.0003436527189255459
8.042830650499856e-08,0.0004678363246602591
8.042991316705033e-08,0.0005889985359093386
8.043136082285918e-08,0.000673868297533063
8.043246559283339e-08,0.0007535109135255448
8.043360947966646e-08,0.0008310032821097732
8.04344891467505e-08,0.0008496593721976835
8.043534998706237e-08,0.0008305427310839786
8.043606167938894e-08,0.0007983670342740661
8.043699666656677e-08,0.0007392517273367525
8.04375830835815e-08,0.0006980420864806862
8.043820585613843e-08,0.000654599758561859
8.043886913709632e-08,0.0006124141729952021
8.043987900232924e-08,0.0005599065979710807
8.044060699624164e-08,0.0005272496133505401
8.04415901967581e-08,0.000479571297494507
8.044252559474491e-08,0.000423369194117382
8.044364174855026e-08,0.0003484018602546005
8.044476538977793e-08,0.0002887817977132169
8.044576827797273e-08,0.0002538307879616385
8.044665686971256e-08,0.0002211306933306595
8.044759321648943e-08,0.0001815041677725883
8.044836633569485e-08,0.0001611614942295975
8.044904361501825e-08,0.0001534968431717633
8.044977342232067e-08,0.0001490827602302028
8.045057759507337e-08,0.0001443080925901978
8.045160589904908e-08,0.0001362895768570539
8.045258288193268e-08,0.0001272463131183815
8.045375167945031e-08,0.0001161978150419051
8.04552184019465e-08,0.000103349651556431
8.045696815335167e-08,9.113089609784087e-05
8.04590526906353e-08,8.46765476632097e-05
8.046171547605111e-08,9.970713449366233e-05
8.046398444035882e-08,0.0001253576079053807
8.04657799661127e-08,0.0001349514852948036
8.046781515162994e-08,0.0001285752274007039
8.046993676358126e-08,0.0001594719130654773
8.047155493559476e-08,0.0002034743345873874
8.04728938859486e-08,0.0002171292975405179
8.047404710994453e-08,0.0002100145062534879
8.047529474782135e-08,0.000214114073233648
8.047647930551722e-08,0.0002598699251742603
8.047753197196217e-08,0.0003191344413491622
8.047843875673975e-08,0.000362915861120892
8.04795488361724e-08,0.0003832208611789542
8.04805160552269e-08,0.0003827277269455046
8.048146030059184e-08,0.000383755124336795
8.048235644363685e-08,0.0003797537093054579
8.048313906638366e-08,0.0003875126839685837
8.048397451175708e-08,0.0004087096237838821
8.0484954063543e-08,0.0004211117999074758
8.048582292770828e-08,0.0004136023227833108
8.048671592273403e-08,0.0004050651358868088
8.048778317874197e-08,0.0004136203047210223
8.048887633213255e-08,0.000475822994994569
8.048994477795046e-08,0.0006231520296451235
8.049123607392614e-08,0.0008595750120195442
8.049278126553929e-08,0.001052612288400066
8.049431105468272e-08,0.001090917305061573
8.04960084874339e-08,0.0009980633968446706
8.049770848682418e-08,0.0008248681191410918
8.049945151328737e-08,0.0006231207995738799
8.050125044401693e-08,0.0004279937576941775
8.050342821388142e-08,0.0002341864821372001
8.050548171054963e-08,0.0001125290567500202
8.050743574008664e-08,5.084682807796713e-05
8.050966419598898e-08,2.032482097748068e-05
8.051198786412694e-08,9.088963961078191e-06
8.051441384376921e-08,5.273149045073762e-06
8.051732008759169e-08,3.738808113111357e-06
8.052070458237349e-08,2.960786352624733e-06
8.05249527287742e-08,2.333814954310817e-06
8.053056145042937e-08,1.72894530146448e-06
8.053877331717494e-08,1.125843817954909e-06
8.055193406185193e-08,5.870007565975057e-07
8.057372528467724e-08,2.329285026246722e-07
8.059817007643885e-08,1.136227626490129e-07
8.062604466517517e-08,7.078062673504862e-08
8.065815419371053e-08,5.226516351993057e-08
8.069945052921027e-08,4.085879408386614e-08
8.075480910151084e-08,3.218316389365721e-08
8.08322576323283e-08,2.50284150505712e-08
8.094868952706913e-08,1.899683392725339e-08
8.115000230842951e-08,1.37879681817224e-08
8.144032531968538e-08,1.032890447140952e-08
8.18460677071367e-08,8.048133578268794e-09
8.241449069252658e-08,6.480085313285306e-09
8.323847784743914e-08,5.331751996758663e-09
8.442639713183461e-08,4.476752611436154e-09
8.612821696122137e-08,3.824729676708111e-09
8.806410848061068e-08,3.398973064996809e-09
9e-08,3.123798072486305e-09
9.005e-08,8.267006329298437e-08
9.006344096876255e-08,5.495121596967505e-07
9.009032290628765e-08,7.525950900170535e-06
9.009702236390911e-08,1.102422617362454e-05
9.010255614247413e-08,1.29784659057914e-05
9.01085303315579e-08,1.314594136217099e-05
9.011347603907423e-08,1.191420950882644e-05
9.011624509360012e-08,1.080540811120639e-05
9.011718460583234e-08,1.04161711870226e-05
9.011818379138757e-08,1.000832359779756e-05
9.011899944756657e-08,9.917895121919812e-06
9.012063075992457e-08,1.682507964602714e-05
9.012171978321021e-08,3.4373370518351e-05
9.012306537828291e-08,6.011623843962624e-05
9.012412711228633e-08,7.355457055976223e-05
9.012518610294323e-08,7.682213948446676e-05
9.012624509360012e-08,7.943072444032616e-05
9.012655648974196e-08,8.108017383786891e-05
9.012702596561988e-08,8.873955376766862e-05
9.012745389958083e-08,9.768641938057251e-05
9.012809685375705e-08,0.000108065395107222
9.012894419311363e-08,0.0001098393486035142
9.012979443669353e-08,9.987408996061926e-05
9.013067100491074e-08,8.670692543664747e-05
9.013153297849426e-08,8.631666163071407e-05
9.013252052130758e-08,0.0001017746866293337
9.01335132768299e-08,0.0001117597188664956
9.013465153009374e-08,0.0001085241224594124
9.013576906241711e-08,9.503386572998668e-05
9.013693586938764e-08,7.93826064532768e-05
9.013812546897109e-08,7.855657496814974e-05
9.013936274988054e-08,9.175729332950651e-05
9.014044934879387e-08,9.755498663830886e-05
9.014154812920917e-08,9.182546222983931e-05
9.014286340274745e-08,7.489188525193938e-05
9.01440098224025e-08,6.235023465485642e-05
9.014497719046628e-08,5.489632311251297e-05
9.014576108987778e-08,4.498290847586347e-05
9.014643631428251e-08,3.314202460696528e-05
9.014718763413664e-08,1.956085647545996e-05
9.014775105934275e-08,1.143451905874106e-05
9.014842749466826e-08,5.890141805602474e-06
9.014925869218368e-08,2.839861618532895e-06
9.015004674444616e-08,1.524657055893807e-06
9.015080213884352e-08,8.894467904813593e-07
9.015169887347922e-08,5.147137822351592e-07
9.015301427063532e-08,2.812131195168475e-07
9.015484195385984e-08,1.635896634384894e-07
9.015704758046442e-08,1.047291150447344e-07
9.015987769355788e-08,6.428519356529677e-08
9.016381718722554e-08,3.384673098949926e-08
9.017014500824935e-08,1.392697194947683e-08
9.018007407665409e-08,6.711404212032047e-09
9.019003703832704e-08,5.591498166074436e-09
9.02e-08,5.32451287760743e-09
9.020515195045028e-08,3.506513449095191e-09
9.021132845368534e-08,3.471988221706814e-09
9.021717699119835e-08,3.46071371944695e-09
9.022887406622437e-08,3.459424068071223e-09
9.024736839953354e-08,3.454842167016203e-09
9.027959076941936e-08,3.451315264367653e-09
9.034343609985105e-08,3.440978165253575e-09
9.046099311815603e-08,3.425941817436795e-09
9.068828594113954e-08,3.394068541837681e-09
9.112818741231397e-08,3.339169356368599e-09
9.196853359512194e-08,3.240541557997536e-09
9.298426679756097e-08,3.137524147677979e-09
9.400000000000001e-08,3.047656462104309e-09
9.403076387715126e-08,7.374307430012783e-09
9.406965686182669e-08,1.561043633382447e-06
9.40891033541644e-08,7.107592774028843e-06
9.40979353588669e-08,1.01256071071007e-05
9.410788892022354e-08,1.297749307586966e-05
9.411677706454447e-08,4.229274716924238e-05
9.412404673005183e-08,8.230244215189742e-05
9.412926723646142e-08,9.104674882933329e-05
9.413387218929634e-08,0.0001027304897867538
9.413738996027016e-08,0.0001359881761911722
9.413994949116245e-08,0.0001753645858990912
9.414270719895807e-08,0.0002207546924407546
9.414540080918206e-08,0.0002570952698236945
9.414873442369572e-08,0.000281765042462956
9.415163518402063e-08,0.0002941913847829175
9.415322658678437e-08,0.0003105396694540534
9.415488501498603e-08,0.0003343204746978438
9.415626682451614e-08,0.0003484219260193415
9.415749423741349e-08,0.0003500935731679341
9.415905862001263e-08,0.0003343991567229097
9.416046826051951e-08,0.0003075886307026506
9.416151886210287e-08,0.000286974501230325
9.41623898589347e-08,0.0002721119056814545
9.416380305692033e-08,0.0002508443785591309
9.416514818766289e-08,0.0002317681710819196
9.416631020333296e-08,0.0002153062103844576
9.416754900256614e-08,0.0001976249722506685
9.41692573927909e-08,0.0001728960932233882
9.417141241962789e-08,0.0001415199024100808
9.417368979661498e-08,0.0001127385039083837
9.417528878247337e-08,9.741757840071717e-05
9.417784073958266e-08,7.924941886805646e-05
9.418035977904187e-08,6.749431932096301e-05
9.418279524597176e-08,6.607619429456755e-05
9.418531391547332e-08,7.914481304545129e-05
9.418764707269818e-08,9.869371428531807e-05
9.418975995292559e-08,0.0001087625846078034
9.419197981802025e-08,0.0001041752771566927
9.419364101221944e-08,0.0001060542783075471
9.419460999044281e-08,0.0001143035029133071
9.41954444459712e-08,0.0001196857357087381
9.419626907450146e-08,0.0001180906830795997
9.419721958980981e-08,0.0001055630306392638
9.419823221223397e-08,8.175620872182691e-05
9.41992037073625e-08,5.6581003061661e-05
9.419960185368125e-08,4.742613297684571e-05
9.420000000000001e-08,3.969686194378488e-05
9.42003329063242e-08,3.482713473209294e-05
9.420099871897259e-08,2.773503557490663e-05
9.420159972156488e-08,2.417362624914974e-05
9.420260826847724e-08,2.108504947397889e-05
9.420354159474247e-08,1.945905202381616e-05
9.420462463511244e-08,1.803131520755652e-05
9.420583339349242e-08,1.67419202212826e-05
9.420749919555509e-08,1.537714456842264e-05
9.420976939319955e-08,1.413602331547225e-05
9.421342488560177e-08,1.305640534391837e-05
9.421813954612597e-08,1.233778257257514e-05
9.422279636993505e-08,1.182901815215832e-05
9.422803746936806e-08,1.13193806672638e-05
9.423442779222385e-08,1.073175995237175e-05
9.424367920520092e-08,9.904115180979152e-06
9.42582845333185e-08,8.707410582970431e-06
9.427602710319906e-08,8.556185340336541e-06
9.429552107655493e-08,1.175146327548051e-05
9.43139379965135e-08,1.524881989034985e-05
9.432020646459808e-08,1.576423133148959e-05
9.432495113498628e-08,1.518569285074792e-05
9.432957844974946e-08,1.381740848999661e-05
9.433385924207432e-08,1.196238968403508e-05
9.433910893371965e-08,9.447448311659986e-06
9.434337718000733e-08,8.392155345981694e-06
9.434683295566841e-08,8.362320910729462e-06
9.435087857654142e-08,9.080493833113067e-06
9.43563097947146e-08,1.047674395024462e-05
9.436425297295563e-08,1.206223809361387e-05
9.437198210251149e-08,1.245481801044708e-05
9.437929172802877e-08,1.182943566018417e-05
9.438732087416149e-08,1.32058455949339e-05
9.439514390329249e-08,3.215581776883607e-05
9.440247247032041e-08,5.717490091378074e-05
9.440886547607834e-08,6.715878074911606e-05
9.441740783442875e-08,9.013984362245585e-05
9.442393622775729e-08,0.0002330224378200388
9.442749833478357e-08,0.0003515602383562746
9.443106507241214e-08,0.0004066300855158585
9.443491768554887e-08,0.0004009829679644072
9.443659236189553e-08,0.0004194469716787299
9.44386687761871e-08,0.0004707775094001094
9.444018597708125e-08,0.0005153282422089787
9.444168964038462e-08,0.0006015001051517311
9.444280539401081e-08,0.0006911465066459558
9.444374573236958e-08,0.0007336231619078904
9.444457023636089e-08,0.0007472636978990024
9.444543299409738e-08,0.0007445149812779093
9.444619787671753e-08,0.0007091828552661207
9.44470654439565e-08,0.000652780515987548
9.444769820563522e-08,0.0006269340745528769
9.444834004680363e-08,0.000602855440920657
9.444904205471358e-08,0.0005690110100248583
9.444979806722377e-08,0.0005261605924657299
9.445055363176431e-08,0.0004834358187642086
9.445150439364966e-08,0.000437739252223677
9.445236611764895e-08,0.0004065070983507165
9.445348076328364e-08,0.000376017732591496
9.445456237459338e-08,0.0003536023633421127
9.445558847835301e-08,0.0003400049766821987
9.445673687612438e-08,0.0003334107767547613
9.44580843621369e-08,0.0003375752821291627
9.445935622322637e-08,0.000353316281168519
9.446039490711584e-08,0.0003608578645496277
9.44614079793466e-08,0.0003558523929393563
9.446218034452866e-08,0.0003529711005984499
9.446297674844332e-08,0.0003624292056713468
9.446375902591344e-08,0.0003830507058447623
9.446473421435705e-08,0.0004062946530730685
9.446588859588789e-08,0.0004072606534555217
9.446706193493704e-08,0.0003761539414534124
9.446811579320444e-08,0.0003560756308775606
9.446915085251132e-08,0.0003683335985726777
9.447010793838692e-08,0.0003887724044932849
9.447093069565409e-08,0.0004033231382064837
9.447186884749959e-08,0.0004115667419314047
9.447274547439734e-08,0.000415658905371886
9.447361843405612e-08,0.0004317283599893344
9.447448887728898e-08,0.0004500931835194196
9.447533944524361e-08,0.0004559211836618157
9.447634078331032e-08,0.0004720175269535955
9.447733761268594e-08,0.0005163626716013798
9.44782715269517e-08,0.0005543874152367086
9.44792806092188e-08,0.0005747848719526273
9.448040743073509e-08,0.0005882494145582983
9.448140610805498e-08,0.0006261648758559173
9.448243226418124e-08,0.0007286482457002325
9.44836832869214e-08,0.0008720704500691654
9.448480602106113e-08,0.0009357734819231953
9.448582120300627e-08,0.0009307797314795508
9.448707384733509e-08,0.0008680681684629029
9.448843583218706e-08,0.0007650846157451324
9.448966884572548e-08,0.0006640247660258973
9.449108721204475e-08,0.0005529027440447509
9.449286540765276e-08,0.0004288230761552718
9.449557054908498e-08,0.0002771332008353865
9.449929880251897e-08,0.0001369533982381757
9.450279772773173e-08,6.402112308372904e-05
9.450599341439691e-08,3.032158332518516e-05
9.450929232368744e-08,1.396162376412215e-05
9.451303359179666e-08,6.350808891026406e-06
9.451723292455244e-08,3.387442662195713e-06
9.452238482906177e-08,2.2760074376351e-06
9.452818340850112e-08,1.843615438554469e-06
9.45352415163963e-08,1.546521073024516e-06
9.454421713403146e-08,1.262378090191325e-06
9.455683856546202e-08,9.573547981768877e-07
9.457606559992129e-08,6.385354097825062e-07
9.461020300108679e-08,3.295919665887346e-07
9.467005554846691e-08,1.326517090899166e-07
9.474159198490741e-08,7.226500736322432e-08
9.482916979900373e-08,5.07408221214862e-08
9.493880469110373e-08,3.940246005170298e-08
9.509722195999324e-08,3.079313588146725e-08
9.53498162345869e-08,2.371710491621004e-08
9.573047985969383e-08,1.850364593208072e-08
9.626198156401875e-08,1.488404277863669e-08
9.700707986258479e-08,1.222206315585735e-08
9.806991060016376e-08,1.014197884040853e-08
9.903495530008188e-08,8.975091169914512e-09
1e-07,8.135584960606366e-09
1.000300233676375e-07,2.000943958602164e-08
1.000682896991585e-07,3.009823250806644e-06
1.00087422864919e-07,1.375006204530087e-05
1.000944991767099e-07,1.817696100263487e-05
1.001024596336897e-07,1.986190126468285e-05
1.001099744904188e-07,1.80426815067933e-05
1.00115682106406e-07,1.555404783995541e-05
1.00120262976599e-07,1.488119318222686e-05
1.001238177951048e-07,1.789404407280562e-05
1.001254863011716e-07,2.172232999184786e-05
1.001286331530695e-07,3.614247826102893e-05
1.001327403881543e-07,6.980697645996214e-05
1.001382061964563e-07,0.0001217839333735228
1.001444395117027e-07,0.0001561670983795095
1.001491662377961e-07,0.0001567447764954619
1.001545621481081e-07,0.0001420819506286372
1.001576361340533e-07,0.0001405001660608875
1.001597340472077e-07,0.0001466476915361639
1.001616845081033e-07,0.0001559822951924661
1.001636286514241e-07,0.0001650141771427929
1.00166019588562e-07,0.0001730483779183016
1.001684110967774e-07,0.0001925976610810168
1.001706673822545e-07,0.0002067474795255637
1.001723231506236e-07,0.0002326882747745337
1.001738414781204e-07,0.0002809190972273457
1.001752014465138e-07,0.0003247589116438147
1.001767455246836e-07,0.0003527348687173737
1.001783786385612e-07,0.0003566548518497825
1.001798833561489e-07,0.0003523250928408602
1.001812298798026e-07,0.0003400519526522628
1.001821898764628e-07,0.0003301844078506851
1.001833388083822e-07,0.0003200268439216329
1.001843929104127e-07,0.0003103548480708879
1.001854525010719e-07,0.0003000871184870604
1.001865615247113e-07,0.0002883454022830184
1.001876800870131e-07,0.0002746063593486014
1.00188964444909e-07,0.0002579910016058122
1.001899026343778e-07,0.0002455813415473491
1.001915674645535e-07,0.0002242043572150046
1.001929930072476e-07,0.0002089836381331428
1.001942023666568e-07,0.0001993004323904544
1.001956637707074e-07,0.0001927257940382978
1.001975166519826e-07,0.0001922595697535845
1.001987583259913e-07,0.0001955670864206626
1.002e-07,0.0001992495747996423
1.002005315202713e-07,0.0001999935348400147
1.00201594560814e-07,0.0002002172917094754
1.002026369695424e-07,0.0001976469837859286
1.002042485720202e-07,0.0001887022969273952
1.002060304757094e-07,0.0001905052190759416
1.002075316343516e-07,0.0002013034112003783
1.002088738133932e-07,0.0002063247638147811
1.002099898470767e-07,0.0002076343210513841
1.00211388875138e-07,0.0002056096524849709
1.002126613624723e-07,0.0002022267124140264
1.002138083807129e-07,0.0001992420662305295
1.00215276087639e-07,0.0001957074059255524
1.002182115014912e-07,0.0001896832480587992
1.002229779107142e-07,0.0001817540917126081
1.002276220152303e-07,0.000177648182872385
1.002305502557383e-07,0.0001816921876525171
1.002337326586299e-07,0.0001826664021431047
1.002362200803619e-07,0.0001753607870901055
1.00237245611564e-07,0.0001750767750958573
1.002382035134861e-07,0.0001815716808746265
1.002390560573633e-07,0.0001913237014906535
1.002399673877979e-07,0.0001967834102480932
1.002407608699343e-07,0.0001915254818897814
1.002420307646935e-07,0.0001612995760426366
1.002430421388467e-07,0.0001258744697777713
1.002438353413533e-07,0.0001015863647731571
1.002444623156851e-07,8.906750362263335e-05
1.002453011591178e-07,7.923928155434595e-05
1.002461935725009e-07,7.226564665197708e-05
1.002469071714048e-07,6.800752287615447e-05
1.002477422108892e-07,6.395709980285497e-05
1.002491189538131e-07,5.859381013586283e-05
1.002508960559062e-07,5.309114591099956e-05
1.002529183792541e-07,4.807037779004151e-05
1.002553882472855e-07,4.320833752529713e-05
1.002587751274413e-07,3.818367846395395e-05
1.00263071221442e-07,3.36932666182582e-05
1.002681591144956e-07,3.006779420920998e-05
1.002746626519155e-07,2.664660050734039e-05
1.002802179879247e-07,2.398799957986699e-05
1.002862767876685e-07,2.05972537573677e-05
1.002907227960005e-07,1.774824214386067e-05
1.002957120463074e-07,1.445393840776086e-05
1.003004538562261e-07,1.149130330250275e-05
1.003055034158187e-07,9.389508820160491e-06
1.003091956803272e-07,8.525427668367978e-06
1.003136233119325e-07,8.058464202543134e-06
1.003195388279531e-07,7.999982365646526e-06
1.003283712671509e-07,8.319564148764089e-06
1.003374747695877e-07,8.472390742591553e-06
1.003478058093967e-07,8.131486759502075e-06
1.003585399136486e-07,7.330829875356712e-06
1.003706870559979e-07,8.181016026001998e-06
1.003836957684482e-07,2.651147601308338e-05
1.003942914694044e-07,5.130830742508783e-05
1.0040266837276e-07,5.778408530736798e-05
1.004081276959247e-07,6.635959394053375e-05
1.004116076565984e-07,9.434780527255157e-05
1.004148061625077e-07,0.0001446378241189778
1.004181324430949e-07,0.0002084533316909537
1.004214145546212e-07,0.0002595443586636364
1.004236944110583e-07,0.0002852987030817603
1.004259990725558e-07,0.0003299990786492894
1.00428231434449e-07,0.0004525918061225762
1.004298392114254e-07,0.0005760137585657958
1.004312817141501e-07,0.0006636197401218893
1.004323166376413e-07,0.0007439635595828234
1.00433472752736e-07,0.0008386933088958442
1.004343632895577e-07,0.0008690042965150962
1.004351938947203e-07,0.0008562056698798168
1.004358904724819e-07,0.0008260236311052201
1.004368015065343e-07,0.0007671879462407472
1.004374202730846e-07,0.0007193947996518548
1.004380944112789e-07,0.0006661634568606379
1.004387141058307e-07,0.0006204646956595788
1.004393969649618e-07,0.0005780448101661114
1.004401204672385e-07,0.0005418604522216411
1.004409700718802e-07,0.000504070864102244
1.004419018911132e-07,0.0004568465999356179
1.004429283741313e-07,0.0003925815301142627
1.004440195670876e-07,0.0003211691385329781
1.004452420304932e-07,0.0002596587133358486
1.004461581475569e-07,0.0002204325687359826
1.004471101503871e-07,0.0001757771020567421
1.004477480763371e-07,0.0001501846317378548
1.004484349962465e-07,0.0001329018732358927
1.004491606650349e-07,0.0001218716045076257
1.004502451236372e-07,0.0001102469181149824
1.004513663690119e-07,9.984100565127217e-05
1.004524668425586e-07,9.025718233453222e-05
1.004536738259647e-07,8.068709000541401e-05
1.004551414130316e-07,7.069872018057972e-05
1.004569032892024e-07,6.164552237527205e-05
1.004590372007566e-07,5.719041144128694e-05
1.004617981317873e-07,6.892242581804906e-05
1.004639934421726e-07,8.585855728857426e-05
1.004657923461866e-07,9.196016224056353e-05
1.00467961524707e-07,8.832196139642289e-05
1.004699370557938e-07,0.0001107537123173586
1.004714920999813e-07,0.0001433760907826472
1.004728254897124e-07,0.0001579379612416435
1.004739928576354e-07,0.0001558188316250915
1.004752333063777e-07,0.0001567351887060259
1.004764636570994e-07,0.0001825660029852789
1.004775537613395e-07,0.0002284892636823408
1.004785854963858e-07,0.0002760108322923726
1.004796580110451e-07,0.000300965813775991
1.004807278042978e-07,0.0003046904809566127
1.004817407162687e-07,0.0003026110138824121
1.004828633536947e-07,0.0003133778690004647
1.004838046379676e-07,0.0003458173788535918
1.004847753558032e-07,0.000366919089166146
1.004857594989481e-07,0.0003571188035186214
1.004866521662846e-07,0.0003320068453858927
1.004877488724931e-07,0.000311600242049952
1.004888269677122e-07,0.0003556649593959495
1.004899171425516e-07,0.0005058200503909642
1.004912409203434e-07,0.0007540452018953948
1.00492790910131e-07,0.0009571583454633104
1.004942406982727e-07,0.0010159565416329
1.004962919411088e-07,0.0009349738462046312
1.004982244759124e-07,0.0007582744835599517
1.005003502565791e-07,0.0005309640807525119
1.005025216221033e-07,0.0003165795266045832
1.005047376603204e-07,0.0001548465647327756
1.005070363140165e-07,6.270081996230708e-05
1.00510148180764e-07,1.709192728681402e-05
1.005126199944011e-07,7.41899896259578e-06
1.005151296550241e-07,4.347430140417177e-06
1.005179667350357e-07,3.142963120954388e-06
1.005214966774288e-07,2.453809407255079e-06
1.005259429776999e-07,1.896032256398945e-06
1.00532016177578e-07,1.350573809110693e-06
1.005408681631635e-07,8.309306871814205e-07
1.005552715378577e-07,3.913452810060603e-07
1.005787161616427e-07,1.382171420558529e-07
1.006037936614988e-07,6.694511860269729e-08
1.006326885802038e-07,4.304742796177405e-08
1.006663614877855e-07,3.284442890722588e-08
1.007108490635798e-07,2.618905255380523e-08
1.007720778475982e-07,2.091684086308506e-08
1.008614618133827e-07,1.647586782731847e-08
1.010059463322353e-07,1.267459153528965e-08
1.01241039150643e-07,9.719661471060056e-09
1.015635050778904e-07,7.813838423224174e-09
1.020159898024304e-07,6.475279049397726e-09
1.026594444817161e-07,5.474269542601319e-09
1.035985882826197e-07,4.67553413946488e-09
1.049575672372197e-07,4.023966345645279e-09
1.069144010172588e-07,3.484615424370308e-09
1.084572005086294e-07,3.211256652034344e-09
1.1e-07,3.006738767221746e-09
1.1005e-07,8.256671633485932e-08
1.100634409687625e-07,5.493991878642633e-07
1.100903229062876e-07,7.525838018723041e-06
1.100970223642864e-07,1.10241026392197e-05
1.101025561429831e-07,1.297835314930202e-05
1.101085303321394e-07,1.314582843361647e-05
1.10113476039174e-07,1.191409663912781e-05
1.101162450935981e-07,1.080529528596535e-05
1.101171846058025e-07,1.05083299967357e-05
1.101181837913225e-07,1.020246084119096e-05
1.101189994474825e-07,1.028930866457117e-05
1.101206307598024e-07,2.366191138644135e-05
1.101217143684515e-07,6.007255811931903e-05
1.101230612372583e-07,0.0001228623008038233
1.101241222785362e-07,0.0001639128741485384
1.101251836860672e-07,0.0001867707747719437
1.101262450935981e-07,0.0001982131126420919
1.101265567685591e-07,0.0001935815306194072
1.101270268813899e-07,0.0001952117410002688
1.101274553541575e-07,0.000204380090912475
1.101280984328918e-07,0.000229323490179858
1.101289467105448e-07,0.0002705305935741109
1.101297974155879e-07,0.000300805616767081
1.10130674219873e-07,0.0003071455362785326
1.101315361078792e-07,0.000299648057234043
1.101325247816154e-07,0.0002866893765358229
1.101335156472606e-07,0.0002774537423045051
1.101345540214706e-07,0.000269277401012545
1.101356616960447e-07,0.0002444339312296971
1.101365232562669e-07,0.0002206222298032026
1.10137476547159e-07,0.0002001640124776567
1.101386287284837e-07,0.0001921927523449286
1.101395541195296e-07,0.0001917883359208594
1.101405767810166e-07,0.0001869512554756657
1.101418168822726e-07,0.0001755237343495759
1.101429520626007e-07,0.0001705671306742127
1.101441184462296e-07,0.0001830863698655824
1.101450180117717e-07,0.0001977864879551522
1.10145801716884e-07,0.0002027787639832931
1.101464168355384e-07,0.0001989834042612286
1.101471629401814e-07,0.0001873424374490291
1.101477206605462e-07,0.0001757269373082644
1.101483850784863e-07,0.0001613192708948733
1.101491723808473e-07,0.0001431912938812641
1.101499891643269e-07,0.0001246859891743972
1.101507256549311e-07,0.0001093736228748836
1.101515410826012e-07,9.119051426447066e-05
1.10152406676488e-07,6.79640010405345e-05
1.101531183759768e-07,4.758530616969351e-05
1.101538647564408e-07,2.964224724605446e-05
1.101545440082896e-07,1.826550004516219e-05
1.101554424008782e-07,1.015722428027297e-05
1.10156536257511e-07,6.026121582290065e-06
1.101577157131478e-07,3.925754877341166e-06
1.101587582570799e-07,2.754265683446447e-06
1.101599328429212e-07,1.842503638682452e-06
1.101614525562803e-07,1.084128167600208e-06
1.101637888595084e-07,4.70318823072275e-07
1.101672888629618e-07,1.324381260093361e-07
1.101718429297843e-07,2.92174344992322e-08
1.101771253160619e-07,9.867387014105253e-09
1.101835800510774e-07,6.623090386846683e-09
1.101920365912259e-07,5.963521703837327e-09
1.102e-07,5.767029341735696e-09
1.102046060320155e-07,3.967229748229856e-09
1.102100829297841e-07,3.914339513160456e-09
1.102152878280578e-07,3.902403389501206e-09
1.102256976246054e-07,3.901078250793227e-09
1.102420400766342e-07,3.896443917352734e-09
1.102711762524134e-07,3.892578510996064e-09
1.10329448603972e-07,3.881466777678925e-09
1.104400527991928e-07,3.864364646380981e-09
1.106592685297986e-07,3.827664733969754e-09
1.110943226682221e-07,3.761813790395277e-09
1.119489371096313e-07,3.640054256653238e-09
1.129744685548156e-07,3.512322717795373e-09
1.14e-07,3.399860626730226e-09
1.140309049735666e-07,7.828392301219325e-09
1.140699167875306e-07,1.601519544022877e-06
1.140894226945126e-07,7.225397827727131e-06
1.140982803329778e-07,1.020292947436656e-05
1.141081946909316e-07,1.327028899107607e-05
1.141172321244425e-07,4.495740033568854e-05
1.141242942424248e-07,8.304074756394935e-05
1.141295188417e-07,9.129829579667146e-05
1.141340502186126e-07,0.0001038435732838583
1.141376064397487e-07,0.0001392611030866459
1.141401931970762e-07,0.0001799320322126351
1.141429084895378e-07,0.0002245885647995162
1.141457159442841e-07,0.0002614560548449416
1.141489351503463e-07,0.0002838164638154571
1.141518600714758e-07,0.0002976504993955189
1.141534803424488e-07,0.0003161058000021344
1.141551161243242e-07,0.0003396493845176166
1.141564447689378e-07,0.0003516339471165921
1.141577311397285e-07,0.0003510655201130229
1.141593010414281e-07,0.0003320355968317022
1.141606553414459e-07,0.0003051403819106918
1.141616450781789e-07,0.0002857665860667044
1.141625328418821e-07,0.0002706977482970883
1.141641760553624e-07,0.0002460084831007173
1.141654055318541e-07,0.0002284499781827262
1.141666085159483e-07,0.0002112760187005743
1.141678764508066e-07,0.0001930642168859875
1.141697514761292e-07,0.0001657384640818603
1.14171705437194e-07,0.0001376106011836234
1.141732469010881e-07,0.0001180160304462988
1.141748342801198e-07,0.0001018213339321964
1.14177610450726e-07,8.115486929541938e-05
1.141801144409537e-07,6.802744942159119e-05
1.141827052886959e-07,6.344518100930924e-05
1.141850914000084e-07,7.186742396385249e-05
1.141874381366543e-07,9.089036991671226e-05
1.141897175457508e-07,0.0001070261458755049
1.141917118783436e-07,0.0001072192153294907
1.141935607069878e-07,0.0001031232761239091
1.141947969159576e-07,0.000110010527488735
1.141956730846204e-07,0.0001176729914653544
1.141966488035676e-07,0.0001195887163759493
1.141975052151813e-07,0.0001117156128412596
1.141985644259294e-07,8.995259404148833e-05
1.141992822129647e-07,7.086084422921652e-05
1.142e-07,5.274728597919744e-05
1.142003631230473e-07,4.511687035212927e-05
1.142010893691419e-07,3.312066894687357e-05
1.142019985315341e-07,2.522170053828482e-05
1.142031092510218e-07,2.126743776736455e-05
1.142041354344708e-07,1.942187524082987e-05
1.1420516558736e-07,1.805385728426538e-05
1.142063452617594e-07,1.677742996636078e-05
1.14207919520339e-07,1.545314200367394e-05
1.142101739278344e-07,1.417020719694617e-05
1.142136989319964e-07,1.307684979996039e-05
1.142184680175881e-07,1.232415451163533e-05
1.142230839772138e-07,1.181374860862974e-05
1.142282879780958e-07,1.13037011826412e-05
1.142345305413249e-07,1.072612444811146e-05
1.142435834429626e-07,9.913055953719978e-06
1.142576596493337e-07,8.74858227763071e-06
1.142754104439945e-07,8.515371054746308e-06
1.142946357173061e-07,1.156612623961685e-05
1.143132482014189e-07,1.515871138422306e-05
1.143196728929397e-07,1.577433598432593e-05
1.14324250131317e-07,1.532666280594788e-05
1.14328846762498e-07,1.40756332450695e-05
1.143333534076379e-07,1.219598681553852e-05
1.143383373128545e-07,9.749190459737058e-06
1.143429794246008e-07,8.43972067428819e-06
1.143463189535419e-07,8.324162477503697e-06
1.143505893917036e-07,9.02102986604914e-06
1.143556472742335e-07,1.031749378739433e-05
1.143636097515397e-07,1.198017361263999e-05
1.143712292983502e-07,1.246976441772547e-05
1.143785088425466e-07,1.192252610188848e-05
1.143866263451166e-07,1.265389000301381e-05
1.14394338566934e-07,2.949463921749478e-05
1.144017263837949e-07,5.531483263518819e-05
1.144080841107805e-07,6.667854843945839e-05
1.144165568376419e-07,8.231592833647953e-05
1.144233132303458e-07,0.000204530373641409
1.144268579353505e-07,0.0003168752792151971
1.144305175447193e-07,0.0003809558316901033
1.144340569951362e-07,0.0003817281900538089
1.144357534209197e-07,0.0004038006402253183
1.144371674331519e-07,0.0004449243245069366
1.144386166560065e-07,0.0004982288725426812
1.14440179124496e-07,0.000557448834581945
1.144416063049581e-07,0.0006542055679477217
1.144426600200681e-07,0.0007465265234421894
1.144435922417932e-07,0.0007965405069917053
1.144443686527817e-07,0.0008155908353170505
1.14445222887697e-07,0.0008198001356874851
1.144459778783001e-07,0.000793911571742564
1.144468619605426e-07,0.0007422957226030514
1.144475028623341e-07,0.0007121499647575243
1.144481423388205e-07,0.0006829073219718972
1.144488511546571e-07,0.0006437143188255547
1.144496218995527e-07,0.0005932683130946096
1.144503828490223e-07,0.0005428142430525839
1.144513022692666e-07,0.0004945734772474913
1.14452163764908e-07,0.0004712130296089272
1.144532412983536e-07,0.0004666582778311674
1.144543219129799e-07,0.0004728458415768402
1.144553379389892e-07,0.0004745789378683994
1.144564718421698e-07,0.000464888125370727
1.144578221906752e-07,0.0004495578733061481
1.144590867289959e-07,0.0004714224195932498
1.144601233966441e-07,0.0005330245448104479
1.144610769327946e-07,0.0005820136725801689
1.144619839237419e-07,0.0005884710858587904
1.144627916043142e-07,0.0005662127662591296
1.144635649453929e-07,0.0005356490008927052
1.144642141067322e-07,0.0005107683008846976
1.144649757825563e-07,0.0004792392039566034
1.144659838208173e-07,0.0004205051940078563
1.144668320677131e-07,0.000364203067390792
1.144677002940048e-07,0.0003220920424652364
1.144686583250214e-07,0.00030048774784592
1.144696971820535e-07,0.0002976148864664346
1.144705900777466e-07,0.0003095280723396616
1.144715543892479e-07,0.0003290642148473895
1.144725648988944e-07,0.0003409788460468565
1.1447353043917e-07,0.0003486684759044343
1.144745610155132e-07,0.0003591045879684081
1.144755999035692e-07,0.000369879986976473
1.144766110972839e-07,0.0004150979972339969
1.144777198618885e-07,0.0004683914130497243
1.144786704868676e-07,0.0004764055635462855
1.144797824457406e-07,0.0004667151484904451
1.144809320639083e-07,0.0004843793548037822
1.144820075274295e-07,0.0005806866029363595
1.144830953390047e-07,0.0007253058111894848
1.144842506368446e-07,0.0008353209660648531
1.144853358132543e-07,0.0008670951415722741
1.144864224466206e-07,0.0008425154801241102
1.144879267612372e-07,0.0007580113179836691
1.144891281430397e-07,0.0006742490398965547
1.144904897170901e-07,0.0005790352359687099
1.144921335908153e-07,0.0004716028930538649
1.144945646689421e-07,0.0003337379531606353
1.144981504236666e-07,0.0001808889375369436
1.145024433892109e-07,7.450178451714276e-05
1.145066878173145e-07,2.777683057994842e-05
1.145112252992699e-07,9.695866879508521e-06
1.145151157079076e-07,4.65598568921504e-06
1.14519484570122e-07,2.763283117941751e-06
1.14524746462449e-07,2.037811251490045e-06
1.145310070745076e-07,1.68402334913553e-06
1.145387167011991e-07,1.403129612573042e-06
1.145488766661326e-07,1.119085148903694e-06
1.145634569380512e-07,8.182834832309997e-07
1.14586848372862e-07,5.091940312243165e-07
1.146315558674404e-07,2.306177776656503e-07
1.146968748741328e-07,1.037218472075178e-07
1.147742751390949e-07,6.390559332815718e-08
1.148690005209007e-07,4.692491561276867e-08
1.149939125067858e-07,3.614142313880311e-08
1.151814916151244e-07,2.760967104939364e-08
1.154906409589711e-07,2.069485331106581e-08
1.159177386273355e-07,1.614938406423712e-08
1.165183965785274e-07,1.296506983327643e-08
1.173629188569388e-07,1.064287285064544e-08
1.185827440821048e-07,8.841307471353299e-09
1.2e-07,7.625816171829966e-09
1.2005e-07,3.38227322579794e-07
1.200634409687625e-07,1.825204917178856e-06
1.200701614531438e-07,3.620309602588979e-06
1.200836024219063e-07,1.106677673823102e-05
1.20090001244986e-07,1.581894994177066e-05
1.200967848845451e-07,1.919644350440711e-05
1.201025970889445e-07,1.99053536848959e-05
1.201095768677595e-07,1.821868209644121e-05
1.201150758860365e-07,1.580554342271923e-05
1.201197549626354e-07,1.478149289902942e-05
1.201232421619905e-07,1.701242228814269e-05
1.201249857616681e-07,2.031667915380092e-05
1.201282643336794e-07,3.384392402568437e-05
1.201319377501211e-07,6.213243251301819e-05
1.201375019949201e-07,0.0001156899883754872
1.201433835887654e-07,0.0001531068266071123
1.20148117582135e-07,0.000158428690251717
1.201533266662137e-07,0.0001451800156910792
1.201572612104807e-07,0.0001400427011067116
1.20159472706059e-07,0.0001456027684721759
1.201614090307561e-07,0.000154623013924476
1.201634393817687e-07,0.0001642483655429516
1.201656079292758e-07,0.0001715278789938835
1.201680890211396e-07,0.0001895661664650384
1.201703463015112e-07,0.0002049888290119671
1.201721049193271e-07,0.0002275444620359312
1.201735823783779e-07,0.0002723273521260039
1.2017497359103e-07,0.000318555286271023
1.201764158581544e-07,0.0003495556944182878
1.201780257457051e-07,0.0003564712811129776
1.201795927412536e-07,0.0003540285187240384
1.201809785823427e-07,0.0003425906024092328
1.201819914574766e-07,0.0003320329038054369
1.201830275801396e-07,0.0003226788677739968
1.201843689148157e-07,0.0003105589476272958
1.201854541626186e-07,0.0003000105740887686
1.201865787973632e-07,0.0002880633259946208
1.20187717734733e-07,0.0002740370434477736
1.201890665438946e-07,0.0002565499344621575
1.201900191336519e-07,0.0002439393377169982
1.201917080436623e-07,0.0002224672452902824
1.201930782666401e-07,0.0002081276597345175
1.201943337018352e-07,0.0001984392869355024
1.201957601838152e-07,0.0001924823897093236
1.201976455780657e-07,0.0001925117087828781
1.201988227890328e-07,0.0001957911176024388
1.202e-07,0.0001992620098030115
1.202005298438357e-07,0.000199999753573891
1.202015895315072e-07,0.0002002177540829676
1.20202617758104e-07,0.0001977004672346661
1.202042212332651e-07,0.0001888252652379174
1.202060051529091e-07,0.0001903591597891328
1.202075065498932e-07,0.0002011906543397168
1.202088539499524e-07,0.0002062872467452845
1.202099692542938e-07,0.0002076353125177986
1.202113615116415e-07,0.0002056598213663564
1.202126454437438e-07,0.000202254306040997
1.202137894920553e-07,0.0001992757787960746
1.202152515602397e-07,0.0001957503048917331
1.202181756966086e-07,0.0001897392965805046
1.202229018257078e-07,0.0001818597583415466
1.202275588512593e-07,0.0001776215268667198
1.202305194825596e-07,0.0001816492932870419
1.202337161450178e-07,0.0001826827493998465
1.202362058094841e-07,0.0001753797654985338
1.202372349961979e-07,0.0001750647801682675
1.202381925392589e-07,0.0001815258507406573
1.202390450791821e-07,0.0001912768379133479
1.20239957631238e-07,0.0001967831802159064
1.202407504780489e-07,0.000191577054837021
1.202420278133489e-07,0.000161187480119557
1.202430386063263e-07,0.000125774883495209
1.202438320101178e-07,0.0001015063427328205
1.202444591180462e-07,8.901646261194223e-05
1.202452997220371e-07,7.919108862865477e-05
1.202461885694868e-07,7.225446319076386e-05
1.202469027004305e-07,6.799539264786594e-05
1.202477379369194e-07,6.394609945814166e-05
1.202491201125372e-07,5.856602065059262e-05
1.202508973391994e-07,5.306852603892354e-05
1.202529216728945e-07,4.804760148606704e-05
1.202553930347283e-07,4.318781075103692e-05
1.202587866375812e-07,3.816012471518576e-05
1.202630841304104e-07,3.367570707687865e-05
1.202681775039618e-07,3.005206789504029e-05
1.202746875576898e-07,2.663069245500611e-05
1.202802310279503e-07,2.397771825920657e-05
1.202862797970438e-07,2.059119012283782e-05
1.202907245071322e-07,1.774289711928294e-05
1.202956974446416e-07,1.445944208710343e-05
1.203004420732401e-07,1.149423645030158e-05
1.203054944591719e-07,9.390010340098874e-06
1.203091853361359e-07,8.525622273970358e-06
1.203136169075932e-07,8.057852402865719e-06
1.203195279438864e-07,7.999205285768028e-06
1.203283602478643e-07,8.31874706500767e-06
1.203374624087004e-07,8.471888241306917e-06
1.203477932721994e-07,8.131410506183708e-06
1.20358526192555e-07,7.33105320904475e-06
1.203706707733387e-07,8.17567734626278e-06
1.203836813422224e-07,2.648427686794876e-05
1.203942782347051e-07,5.127916749440863e-05
1.204026531963428e-07,5.777070053896662e-05
1.20408139581095e-07,6.682117002589373e-05
1.20411626718444e-07,9.608781491593107e-05
1.204148578036921e-07,0.0001487150964725924
1.204181951235207e-07,0.0002139859172540089
1.204214887692025e-07,0.0002661261945317253
1.204247839074465e-07,0.0003107078501153949
1.204270936991541e-07,0.0003873009162014606
1.204285815735529e-07,0.0004897942001504075
1.204301267477876e-07,0.0006072707927938825
1.204315005518866e-07,0.0006869516793729391
1.204325158922113e-07,0.0007596434642921003
1.204336313323714e-07,0.0008326484128615294
1.20434495569383e-07,0.0008509406677740355
1.204353486191368e-07,0.0008333972169001753
1.204360551978577e-07,0.0008023988701771818
1.204369843769462e-07,0.0007450234679290376
1.204375781164915e-07,0.0007036425878963325
1.204382230118683e-07,0.000659135978738755
1.204388629723352e-07,0.0006188051982745575
1.204395663987794e-07,0.0005814746151067061
1.204402895683231e-07,0.0005488798743876873
1.204411494924006e-07,0.0005109413098022633
1.204420830467273e-07,0.0004613171346125024
1.204431228414228e-07,0.0003933256587044391
1.204442132143112e-07,0.0003239045453794918
1.204454009643147e-07,0.0002737513656052222
1.204462990128911e-07,0.0002425932348418368
1.204472611148608e-07,0.0002007323307517121
1.204481220186108e-07,0.0001693393538116693
1.204487863655431e-07,0.0001580384950921312
1.20449543167555e-07,0.0001521580088814038
1.204502709992767e-07,0.0001479126043241382
1.204513361975977e-07,0.0001401711400307147
1.204523426166011e-07,0.0001309588793695182
1.204534273941571e-07,0.0001204771704721638
1.204547831090075e-07,0.0001080423712297576
1.204564601124395e-07,9.503382924007195e-05
1.204584171848583e-07,8.57968117877061e-05
1.20460867375123e-07,9.15851650617581e-05
1.204634418020249e-07,0.0001191221701868238
1.204653258160296e-07,0.0001341904994580061
1.204671776116346e-07,0.0001309384303311803
1.20468719412758e-07,0.0001329318416136802
1.20470387402027e-07,0.0001721232672549979
1.204717227275239e-07,0.0002072901461079839
1.204730432631704e-07,0.0002182697440291309
1.204741937878124e-07,0.0002097853044378876
1.204754374196767e-07,0.0002151184336474086
1.204766442552529e-07,0.0002644078414246557
1.204776725302482e-07,0.0003241650182773286
1.204785894236981e-07,0.0003679022028488253
1.204796715172014e-07,0.0003850203539703571
1.204806347020111e-07,0.0003828156297237943
1.204815861020375e-07,0.0003815679121741858
1.204824685912306e-07,0.0003773561415187298
1.20483246030474e-07,0.0003855428755095913
1.204840864783281e-07,0.0004041341069532345
1.204850463466759e-07,0.0004107266470434751
1.204859132159866e-07,0.0004020176491732818
1.204868144596957e-07,0.0004029612149406734
1.204878913815485e-07,0.0004438367256294837
1.204889739838592e-07,0.0005312653759168242
1.204900532116797e-07,0.0006681016324741395
1.204913668509536e-07,0.0008478139357848295
1.204929671558439e-07,0.0009573049525135137
1.204944590966889e-07,0.000931748495795432
1.204961549559727e-07,0.0008055785551188225
1.204978637997545e-07,0.0006333148511745767
1.204996382228064e-07,0.0004606889132312437
1.205014441556685e-07,0.0003235963782378067
1.205035156161035e-07,0.0002069603066563363
1.205055409425953e-07,0.0001199223166321462
1.205075061067687e-07,6.200826877769325e-05
1.205096078010066e-07,2.778325486760091e-05
1.205122254308349e-07,1.033725587687872e-05
1.205157306355031e-07,4.028484075407884e-06
1.205189019846205e-07,2.678991972228542e-06
1.20522481596823e-07,2.050074132009161e-06
1.205266795950324e-07,1.600978031676148e-06
1.205327390801494e-07,1.150619689505249e-06
1.205416347262921e-07,7.250736328806502e-07
1.205551918590091e-07,3.825932016682038e-07
1.205760764856069e-07,1.775095851234265e-07
1.206013821693228e-07,1.017658095311162e-07
1.206303852915848e-07,7.246899475707507e-08
1.206647771875794e-07,5.655660816114834e-08
1.207094768038439e-07,4.476799463674331e-08
1.207722013455948e-07,3.486209427224757e-08
1.208669280851608e-07,2.633904545132319e-08
1.210279622349093e-07,1.896520295951414e-08
1.212662739739418e-07,1.389313090131687e-08
1.215970227198187e-07,1.059139864784629e-08
1.220598534393918e-07,8.328794167974146e-09
1.227243324912518e-07,6.716568284563014e-09
1.23706816668011e-07,5.502649045587075e-09
1.250738472376112e-07,4.610501326696764e-09
1.270524352193834e-07,3.903268049462011e-09
1.285262176096917e-07,3.572176391662523e-09
1.3e-07,3.322459537874027e-09
1.3005e-07,8.288598130592713e-08
1.300634409687625e-07,5.497130165126042e-07
1.300903229062876e-07,7.526151052449341e-06
1.300970223643556e-07,1.102441548908677e-05
1.30102556143066e-07,1.297866581740572e-05
1.301085303322317e-07,1.314614089207738e-05
1.301134760391895e-07,1.19144089547236e-05
1.301162450935978e-07,1.080560752371976e-05
1.301171846057977e-07,1.04163705872107e-05
1.301181837913122e-07,1.00085229850332e-05
1.301189994474692e-07,9.918094425486956e-06
1.301206307597832e-07,1.68252774299549e-05
1.301217197830469e-07,3.437356664453448e-05
1.301230653781583e-07,6.011643568859667e-05
1.301241271121603e-07,7.355476880986681e-05
1.30125186102879e-07,7.682233879384999e-05
1.301262450935978e-07,7.943092358222765e-05
1.301265564897468e-07,8.108037367322122e-05
1.301270259656411e-07,8.873975326685581e-05
1.301274538996158e-07,9.768661911777771e-05
1.301280968537898e-07,0.0001080655944320219
1.301289441931881e-07,0.0001098395471759611
1.301297944367799e-07,9.987428758688532e-05
1.30130671005012e-07,8.67071233719737e-05
1.301315329785918e-07,8.631686160176226e-05
1.301325205214422e-07,0.0001017748881440677
1.301335132769517e-07,0.0001117599188847001
1.301346515302877e-07,0.0001085243202910261
1.301357690626527e-07,9.503406116978305e-05
1.301369358696396e-07,7.938280268175069e-05
1.301381254691892e-07,7.855677569571825e-05
1.301393627501452e-07,9.175749506144484e-05
1.301404493490049e-07,9.755518511954446e-05
1.301415481295042e-07,9.182565772834513e-05
1.301428634027797e-07,7.489215630367827e-05
1.301440098216592e-07,6.235094315953762e-05
1.301449771809532e-07,5.489753985219721e-05
1.301457610770609e-07,4.498437541344899e-05
1.301464363193073e-07,3.314311841499336e-05
1.301471876505826e-07,1.956150197628074e-05
1.301477510765948e-07,1.143490755637533e-05
1.301484274986466e-07,5.890436558698708e-06
1.301492586672872e-07,2.840146547416819e-06
1.301500467249237e-07,1.524888158119867e-06
1.301508021048102e-07,8.896695372486864e-07
1.301516988169858e-07,5.149301368225671e-07
1.301530141454958e-07,2.814255020164699e-07
1.30154841814967e-07,1.637934790626759e-07
1.30157047401074e-07,1.049308540823365e-07
1.301598774651613e-07,6.448588677380231e-08
1.301638168242489e-07,3.404679725612407e-08
1.301701444075421e-07,1.412591676630368e-08
1.301800731021272e-07,6.909333662663127e-09
1.301900365510636e-07,5.788947803562883e-09
1.302e-07,5.521673909273036e-09
1.302051520764332e-07,3.70368872399216e-09
1.302113287535479e-07,3.668846384736869e-09
1.302171774422279e-07,3.657415851230822e-09
1.302288748195881e-07,3.655814255853219e-09
1.302473696704031e-07,3.650740249513585e-09
1.302795927738842e-07,3.646359285257525e-09
1.303434392751125e-07,3.634342225482711e-09
1.304609979578023e-07,3.616254682270505e-09
1.306882926767377e-07,3.578630239742616e-09
1.311281955033716e-07,3.513116291454115e-09
1.319685397053585e-07,3.395920229939747e-09
1.329842698526792e-07,3.272999250283329e-09
1.34e-07,3.165532894441115e-09
1.340307638330561e-07,7.491730291415129e-09
1.340696567805669e-07,1.561147937776814e-06
1.340891032543223e-07,7.107672191442091e-06
1.340979352515932e-07,1.012569834662753e-05
1.341078888262095e-07,1.297752109698316e-05
1.34116776925927e-07,4.229244856017343e-05
1.341240468901153e-07,8.230604339642792e-05
1.341292675740155e-07,9.106747270694542e-05
1.341338726754393e-07,0.0001028417913287026
1.341373919476856e-07,0.0001363499824796501
1.341399513999169e-07,0.0001760394231326477
1.341427098567983e-07,0.0002219073025012789
1.341454017461834e-07,0.0002587846816019872
1.34148738428296e-07,0.0002842791868610675
1.341516394549019e-07,0.0002975191569873297
1.341532299938679e-07,0.0003143904927632407
1.34154887567936e-07,0.0003387465147405187
1.34156273411964e-07,0.0003530281780595353
1.341575010392203e-07,0.0003546456737148018
1.341590656542338e-07,0.0003384819684532298
1.341600784501771e-07,0.0003190394568010976
1.341611736130951e-07,0.0002965362280029395
1.341619917613644e-07,0.000281254483306926
1.34163249248433e-07,0.0002608701569560965
1.341643582527709e-07,0.0002443672790765237
1.341655202930429e-07,0.0002275348530133011
1.341666681991633e-07,0.0002109924635099161
1.341681007609882e-07,0.0001902964578089684
1.341699561072494e-07,0.0001631410038187521
1.341718574638261e-07,0.0001359994832888466
1.341735507819501e-07,0.000115156394214831
1.341751924331165e-07,9.938533906396073e-05
1.341781269610759e-07,7.863619050932686e-05
1.34180622888706e-07,6.623478207311545e-05
1.341829924103775e-07,6.176723773479664e-05
1.341858383529836e-07,7.123386434481294e-05
1.341882210624402e-07,9.121662326008081e-05
1.341905430468676e-07,0.0001073451253041835
1.341925604300624e-07,0.0001066194324087218
1.341941986591044e-07,0.0001030563936761096
1.341954143748223e-07,0.0001095797422142556
1.341962901412161e-07,0.0001173692208368045
1.341972671576838e-07,0.0001197690709737046
1.341981066858057e-07,0.0001125936597754004
1.341991862730139e-07,9.090115621395402e-05
1.342e-07,6.927221168602141e-05
1.34200431006988e-07,5.840125629609934e-05
1.34201114892974e-07,4.311700816295947e-05
1.342021280782546e-07,2.889068937868026e-05
1.34203174391021e-07,2.282144313025607e-05
1.342045315934654e-07,1.971979924355342e-05
1.342055407474976e-07,1.830535128800179e-05
1.342066545217293e-07,1.703838507598453e-05
1.342080450466609e-07,1.577530559516159e-05
1.342100553714336e-07,1.447279009561579e-05
1.342131503446705e-07,1.330812468211541e-05
1.342181967824315e-07,1.238899596269903e-05
1.342227297694032e-07,1.186728539992271e-05
1.342278453754267e-07,1.135603875752452e-05
1.342336522264046e-07,1.081197966711321e-05
1.342421345255076e-07,1.004453009205246e-05
1.34254716230432e-07,8.964377038468913e-06
1.342733167660802e-07,8.40023089963841e-06
1.342912726780126e-07,1.085648368908499e-05
1.343110516614564e-07,1.48358584957328e-05
1.343182449395687e-07,1.573819923039762e-05
1.343227224906362e-07,1.558226393430364e-05
1.343276393515822e-07,1.448415905152872e-05
1.343316132382176e-07,1.299581804344951e-05
1.34335950695805e-07,1.0904007947825e-05
1.34339162070686e-07,9.417259007234185e-06
1.34342663655465e-07,8.485469460131266e-06
1.343461565619442e-07,8.314660988482277e-06
1.343496734015776e-07,8.815826745588135e-06
1.343547269450876e-07,1.007803954984988e-05
1.343625822809111e-07,1.182075271056478e-05
1.343702125945313e-07,1.247529230699323e-05
1.343776451439511e-07,1.202713428373625e-05
1.343858280399071e-07,1.21562186010742e-05
1.343933234985844e-07,2.601247009644856e-05
1.344007414057922e-07,5.235115943783599e-05
1.34407097773977e-07,6.578787498631258e-05
1.344151112861543e-07,7.566998772876058e-05
1.344222712669785e-07,0.0001822359368411218
1.344258671141438e-07,0.0003026934049463667
1.344298009369582e-07,0.000399367888634682
1.344330689159558e-07,0.0004031892363690045
1.344348212671889e-07,0.0004008067554818466
1.34436209422983e-07,0.0004142257360268096
1.344379110024725e-07,0.0004522473590445105
1.344393034701644e-07,0.000490586021588123
1.344407906053618e-07,0.0005429078854621915
1.344420397355735e-07,0.000633323089191491
1.344430233249219e-07,0.0007059631825243693
1.344439494173815e-07,0.0007391740363524809
1.344450613679965e-07,0.000749219055060298
1.34445852770992e-07,0.0007276328199935213
1.344467496508381e-07,0.0006695817891701344
1.344474586991933e-07,0.0006348111288631966
1.344480946637609e-07,0.0006117481673231039
1.344487430403291e-07,0.0005829981032085892
1.344495838156463e-07,0.0005370003531982822
1.344503173389909e-07,0.0004947958781285559
1.344511852410963e-07,0.0004502736708825554
1.344520510385247e-07,0.0004156991321229105
1.344530207585563e-07,0.000386582864011386
1.344541161322918e-07,0.0003611111233370706
1.344551135449604e-07,0.0003447122229185321
1.34456197445143e-07,0.0003351885932993546
1.344575816072846e-07,0.0003342178224441815
1.344588411344914e-07,0.0003469085420795077
1.344599780843001e-07,0.0003596785719440829
1.344609609396116e-07,0.0003590160216595826
1.344621420163223e-07,0.0003531018380564406
1.344630224574103e-07,0.0003640843010401335
1.344638149522871e-07,0.000385429454737025
1.344647835630281e-07,0.0004072632979755755
1.344659209759776e-07,0.0004059740866121926
1.344670755206803e-07,0.0003744197670497425
1.344681300940126e-07,0.0003557172974726064
1.344691645479245e-07,0.0003679239468230865
1.344701070904532e-07,0.0003858858674581509
1.344709337150839e-07,0.0003982059938676626
1.344718701896862e-07,0.0004040013514806779
1.344727453374811e-07,0.0004072167723186611
1.344736219729614e-07,0.0004236942965311544
1.34474484225443e-07,0.0004407415629393665
1.344753461408324e-07,0.000443403484174396
1.344763186060713e-07,0.0004538539901180141
1.344773200551283e-07,0.0004909351156221427
1.344782472847462e-07,0.0005262523377488041
1.344792682110478e-07,0.0005646749281727274
1.344803017339588e-07,0.0005957909527222217
1.344812975532102e-07,0.0006176507118060794
1.344823187489749e-07,0.00067373082735691
1.344832841136145e-07,0.0007479268677474206
1.344844152277337e-07,0.000800742321315384
1.344854392857911e-07,0.0007989419513164077
1.344865347638997e-07,0.0007564841253945645
1.344879092794577e-07,0.0006715624740610897
1.344891136559557e-07,0.0005874768306951727
1.344904613812719e-07,0.0004967165473780099
1.344920356305404e-07,0.0004014390207839073
1.344943495614724e-07,0.0002877829596534744
1.344977759359477e-07,0.0001725007487403092
1.345021102422214e-07,8.433295117813901e-05
1.345054021458684e-07,4.440111841542349e-05
1.345087731871419e-07,2.128437246915334e-05
1.3451234508118e-07,9.548752353149277e-06
1.345171659042877e-07,3.746892869840129e-06
1.34522535053654e-07,2.046955492651101e-06
1.345283469193965e-07,1.547318988273578e-06
1.345349933361958e-07,1.29369394001895e-06
1.345433808036292e-07,1.070088241316249e-06
1.345548767149057e-07,8.347593002978196e-07
1.345721401890615e-07,5.840520454583802e-07
1.34601271043527e-07,3.353687381404445e-07
1.346589889333009e-07,1.396635118769002e-07
1.347281623825049e-07,7.637624631315473e-08
1.348132021242794e-07,5.308104110554251e-08
1.349171801662213e-07,4.112525821393087e-08
1.350655572718822e-07,3.215840241336075e-08
1.352945908449314e-07,2.491534413539826e-08
1.356546723359235e-07,1.930165147488362e-08
1.361551529923381e-07,1.546068772938453e-08
1.368581371505973e-07,1.265124576985228e-08
1.378543811861488e-07,1.048401375972748e-08
1.389271905930744e-07,9.088549383337634e-09
1.4e-07,8.14089361782139e-09
1.400315769254337e-07,2.337401055352905e-08
1.40071152186451e-07,3.966068241978544e-06
1.400872581631446e-07,1.373356373678723e-05
1.400939786087619e-07,1.800936525836187e-05
1.401015607654988e-07,1.990422710370321e-05
1.401092516950061e-07,1.834277844383453e-05
1.401150234146612e-07,1.582384283490727e-05
1.401198299330398e-07,1.479445740266384e-05
1.40123355527915e-07,1.71798278448928e-05
1.401251183253526e-07,2.068215676329568e-05
1.401284103189063e-07,3.475565606121713e-05
1.401321398411295e-07,6.407521748931369e-05
1.401376877179876e-07,0.0001173606416322991
1.40143642389466e-07,0.0001539757881813525
1.401483698502393e-07,0.0001580906305142071
1.401536198119013e-07,0.0001443587352243467
1.401573107733707e-07,0.0001400928651235036
1.401594952513005e-07,0.0001457050961844357
1.401614342194358e-07,0.0001547681103066303
1.401634479055206e-07,0.0001643044481187116
1.401656338051389e-07,0.0001716335133433402
1.401681066740615e-07,0.000189772102768681
1.401703652322314e-07,0.0002051005736756623
1.401721163134564e-07,0.0002278509462247033
1.401735958672334e-07,0.0002728442537378425
1.4017498463347e-07,0.0003189277570245776
1.401764321238815e-07,0.0003497725934194322
1.40178043125515e-07,0.0003564874431287947
1.401796058151923e-07,0.0003539513131641508
1.401809902231418e-07,0.0003424549467451378
1.401819996557117e-07,0.0003319363852429638
1.401830402057769e-07,0.000322554876928518
1.401843873444566e-07,0.0003103695867177928
1.401854703669836e-07,0.0002998327674710201
1.401865977739914e-07,0.0002878208397466674
1.401877274950569e-07,0.0002738911921667593
1.401886763943538e-07,0.000261641905548077
1.401896023334323e-07,0.0002494316547669527
1.401912663528672e-07,0.0002277332411915208
1.401928177211864e-07,0.0002105655894345314
1.40193990558221e-07,0.0002006717051546313
1.401956811362923e-07,0.0001926586192312198
1.401973703583763e-07,0.0001920371559213717
1.401986851791881e-07,0.0001953633271177161
1.402e-07,0.0001992719686039658
1.402005338401858e-07,0.0002000097672830163
1.402016015205575e-07,0.0002002044181199642
1.402026597515777e-07,0.0001975311045814303
1.402042782529532e-07,0.0001884987843355883
1.402060543203321e-07,0.0001907362145827605
1.402075540758393e-07,0.0002014699410000359
1.402088878808327e-07,0.0002063784672518348
1.402100050755622e-07,0.0002076296804058243
1.402114149868089e-07,0.0002055295912344703
1.402126712232785e-07,0.0002021781513555535
1.402138229684023e-07,0.0001991835988254901
1.402152996123694e-07,0.0001956342874693539
1.402182529003035e-07,0.0001895893026322732
1.40223084276458e-07,0.0001815805158341752
1.40227707346695e-07,0.0001776937797303819
1.402305837475213e-07,0.0001817585490704968
1.402337430801813e-07,0.0001826342752285423
1.402362275024489e-07,0.000175323518842363
1.402372467335918e-07,0.0001750966011880188
1.402382050999753e-07,0.0001816530871298011
1.402390575615716e-07,0.000191405458281733
1.402399666403444e-07,0.0001967806158396985
1.402407613242097e-07,0.0001914285569309531
1.402420183112961e-07,0.0001614816136915373
1.402430306855547e-07,0.0001260353636272525
1.402438234489921e-07,0.0001017185178821126
1.402444502026621e-07,8.915123119781953e-05
1.402452861360703e-07,7.931799995236779e-05
1.402461846064324e-07,7.228179850971539e-05
1.40246897345079e-07,6.802532214059641e-05
1.402477320720388e-07,6.397314750003438e-05
1.40249099995211e-07,5.8637326898209e-05
1.402508768980332e-07,5.312641044670716e-05
1.402528959739382e-07,4.810604277914631e-05
1.402553634474415e-07,4.324050442332911e-05
1.402587395138817e-07,3.822094312088065e-05
1.402630333822841e-07,3.372107747181663e-05
1.40268112453484e-07,3.009283027816415e-05
1.402746054800932e-07,2.667184662476016e-05
1.40280177433192e-07,2.400482904476095e-05
1.402862500350914e-07,2.060776780407723e-05
1.402906978473828e-07,1.775734132719724e-05
1.402957104158554e-07,1.444708072997016e-05
1.403004482342196e-07,1.148771889767024e-05
1.403054938449489e-07,9.389024802432958e-06
1.403091881023603e-07,8.525193185408946e-06
1.403136102312081e-07,8.059197706760845e-06
1.403195321029962e-07,8.000789708577329e-06
1.403283647615344e-07,8.320271232979939e-06
1.403374701698286e-07,8.472553894807221e-06
1.40347801470947e-07,8.130981940654952e-06
1.403585372751721e-07,7.329866510317894e-06
1.4037068819036e-07,8.188092018097003e-06
1.403836939937758e-07,2.654562747844924e-05
1.403942837297073e-07,5.132132128530331e-05
1.40402660030094e-07,5.778604315501662e-05
1.404081065905306e-07,6.633628211914728e-05
1.404115859226022e-07,9.427653126493556e-05
1.404147846854024e-07,0.000144533161590172
1.404181112139383e-07,0.0002083547684825835
1.404213943679978e-07,0.0002594923733468354
1.404236722144093e-07,0.0002852220631074761
1.404259770727291e-07,0.000329798929861317
1.404282102054808e-07,0.0004521787327746472
1.404298190300568e-07,0.0005756986436999511
1.40431261609487e-07,0.0006633422388151147
1.404322974167295e-07,0.0007436351331915114
1.404334543302191e-07,0.0008385216316744394
1.404343458694682e-07,0.0008689915646770505
1.404351757692873e-07,0.0008562903348324413
1.404358722022809e-07,0.0008261615056723782
1.404367828417787e-07,0.0007674160936804946
1.404374024187652e-07,0.0007195701031327376
1.404380780277616e-07,0.0006662237175745372
1.404386970064892e-07,0.0006205666480478496
1.404393785529897e-07,0.0005782001604448478
1.404401021437198e-07,0.0005419828060990052
1.404409508421225e-07,0.0005042339184528817
1.404418826723976e-07,0.0004570483537037506
1.404429085020368e-07,0.0003928653391760185
1.404439996896603e-07,0.0003214243396270212
1.404452211541564e-07,0.0002598865756327762
1.404461378363649e-07,0.0002206454933507867
1.40447088798105e-07,0.000176041846705403
1.404477265684977e-07,0.0001503796516033577
1.40448413738891e-07,0.0001330104281524821
1.404491385256484e-07,0.0001219553006861979
1.404502154028661e-07,0.0001103815371890962
1.404513398485648e-07,9.993958623433948e-05
1.404524385226157e-07,9.036299670311455e-05
1.404536451309001e-07,8.078436506523609e-05
1.404551072762873e-07,7.081187496748404e-05
1.404568668765689e-07,6.172910849211945e-05
1.404589947787094e-07,5.718286743750118e-05
1.404617477968701e-07,6.866425004118984e-05
1.404639517466624e-07,8.569488693958159e-05
1.404657519434788e-07,9.196365567266114e-05
1.404679027065101e-07,8.827110822311868e-05
1.404698951306403e-07,0.0001102062864659343
1.404714579099286e-07,0.0001430282328281152
1.404727914052712e-07,0.0001578666186362082
1.404739562156293e-07,0.0001559051873733891
1.404751998042e-07,0.0001565687451249112
1.404764255131757e-07,0.0001818379765939831
1.404775187479421e-07,0.0002275305419014843
1.404785461187191e-07,0.0002750515520978655
1.40479622565424e-07,0.000300810237734559
1.404806858527509e-07,0.0003049690927891339
1.404816936046809e-07,0.0003026661499646986
1.404827250596231e-07,0.0003078685677702665
1.404836934122356e-07,0.0003355812988959486
1.404846250205691e-07,0.0003544746212844682
1.404855952461099e-07,0.0003480677163032957
1.404864678691017e-07,0.0003345619427347268
1.404875596748377e-07,0.0003424214086581877
1.404886466448395e-07,0.0003975501812518664
1.40489715525762e-07,0.0005131091320295749
1.404909873568359e-07,0.0006909796799583298
1.404925695791728e-07,0.0008363997764815379
1.404940846025168e-07,0.0008555591288595287
1.404957927199275e-07,0.0007749523783596131
1.404975268313381e-07,0.0006359099385614288
1.404993267470975e-07,0.0004797615010947677
1.405011577263587e-07,0.0003439323619245819
1.405031982760733e-07,0.0002260745483914744
1.405059842998006e-07,0.0001070147426190679
1.405079766531957e-07,5.338604892641318e-05
1.405101838902503e-07,2.241545752689233e-05
1.405128602250254e-07,8.085595860547301e-06
1.405162321324021e-07,3.287172377659021e-06
1.405194222384977e-07,2.158053479987717e-06
1.405230662378929e-07,1.626074904833047e-06
1.405274602737652e-07,1.239577056122716e-06
1.405337909685418e-07,8.600405609272978e-07
1.405432462631103e-07,5.0826517153441e-07
1.405576777291878e-07,2.430083934514332e-07
1.405805723872337e-07,9.83364013638088e-08
1.406065471997346e-07,5.555763522025692e-08
1.406369038767915e-07,3.990781423657151e-08
1.40673202038849e-07,3.154054385864525e-08
1.407222651103275e-07,2.516990717614082e-08
1.407936158741672e-07,1.979063838193995e-08
1.409076828770784e-07,1.515340876945106e-08
1.411004702990678e-07,1.13937022636158e-08
1.413625729001777e-07,9.032990005422625e-09
1.417298750331642e-07,7.407439122992917e-09
1.422485159022049e-07,6.225026120731671e-09
1.430058952061322e-07,5.299636312939632e-09
1.441022491596156e-07,4.554680755759828e-09
1.456796290317702e-07,3.938377431994995e-09
1.479518118796079e-07,3.4201355027678e-09
1.5e-07,3.123241080051179e-09
1.5005e-07,8.267086738920185e-08
1.500634409687625e-07,5.495129192151627e-07
1.500903229062876e-07,7.525951572445763e-06
1.500970223638304e-07,1.102422691875848e-05
1.501025561423698e-07,1.297846651536723e-05
1.501085303314391e-07,1.314594197624514e-05
1.501134760390539e-07,1.191421010076532e-05
1.501162450936005e-07,1.080540868608371e-05
1.501171846058385e-07,1.046224909435895e-05
1.501181837914009e-07,1.010538057992674e-05
1.501189994475838e-07,1.010359216584064e-05
1.501206307599495e-07,2.024344051904903e-05
1.501217141930744e-07,4.716432504472056e-05
1.501230610993503e-07,9.145083818508951e-05
1.50124122132109e-07,0.0001187112704548757
1.501251836128548e-07,0.0001317977250739507
1.501262450936005e-07,0.0001388219060099841
1.501265567759875e-07,0.0001373320018254683
1.501270269079247e-07,0.0001419846062491193
1.501274553968093e-07,0.0001510483612772173
1.501280984717681e-07,0.0001687031266061559
1.501289468158834e-07,0.0001901797294691557
1.501297975470661e-07,0.0002003167256282984
1.501306743672982e-07,0.0001969078952664714
1.501315362491372e-07,0.0001929989935546685
1.501325249921948e-07,0.0001942628737528145
1.501335158393446e-07,0.0001946044770116641
1.501345542578062e-07,0.0001892541592985015
1.501356619969823e-07,0.0001704757626796011
1.501365235156875e-07,0.0001523176343136095
1.50137476928914e-07,0.0001382543145384952
1.501386291476389e-07,0.0001378734396581029
1.50139554588651e-07,0.0001427594727358817
1.501405772285201e-07,0.0001422456216586347
1.501418178257817e-07,0.0001322311843334731
1.501429529574623e-07,0.000122064127950932
1.501441198495744e-07,0.0001223080610920646
1.501450228566172e-07,0.0001261198031864084
1.501458080196158e-07,0.0001234621665994675
1.50146415342277e-07,0.0001162063508200047
1.501471555613409e-07,0.0001037360726872483
1.501477124617682e-07,9.385019365554014e-05
1.501483841366619e-07,8.371699057929429e-05
1.501491830256415e-07,7.296277220095154e-05
1.501499943374539e-07,6.301954208214617e-05
1.501507368685333e-07,5.491462656756853e-05
1.501515530319572e-07,4.555357266417551e-05
1.501524230466237e-07,3.37294998123338e-05
1.50153131535677e-07,2.357534378533083e-05
1.501538748180189e-07,1.469103481422965e-05
1.501545631027298e-07,9.01960170028063e-06
1.501554693318883e-07,5.046811992519011e-06
1.501566010533954e-07,2.988523735629843e-06
1.501577665433537e-07,1.974627105655546e-06
1.501588219411174e-07,1.385983814508803e-06
1.501600147963258e-07,9.269589372324588e-07
1.501615899320824e-07,5.406036108469067e-07
1.501640103447093e-07,2.334947700593056e-07
1.501676928580542e-07,6.676487437929109e-08
1.501722875662096e-07,1.846592927713572e-08
1.501776658298886e-07,8.412455000433023e-09
1.501842342182851e-07,6.322116381469359e-09
1.501929700522471e-07,5.763586857047498e-09
1.502e-07,5.601887292654756e-09
1.502043276636169e-07,3.800236661924709e-09
1.502095431045529e-07,3.749642558332246e-09
1.502144342104062e-07,3.737302717559894e-09
1.502242164221126e-07,3.73619451776037e-09
1.502395742715265e-07,3.731906995302985e-09
1.502671598145641e-07,3.72727419961459e-09
1.503223309006392e-07,3.719599212492742e-09
1.504298058779398e-07,3.70148629457952e-09
1.506447558325411e-07,3.668435872188691e-09
1.510746557417437e-07,3.605378375828552e-09
1.519344555601489e-07,3.490102795029606e-09
1.529672277800744e-07,3.367962045134915e-09
1.54e-07,3.260506760851747e-09
1.54031008829472e-07,7.762466394172202e-09
1.540701079938081e-07,1.63140759221261e-06
1.540863444945821e-07,6.106489019389573e-06
1.540946135895379e-07,9.245000717646669e-06
1.541046334918791e-07,1.146120040999103e-05
1.541126787286336e-07,2.255622218441787e-05
1.541177889232507e-07,4.879517961626055e-05
1.541237436747172e-07,8.214811105898007e-05
1.541283166474467e-07,9.075827207247365e-05
1.541325360576086e-07,9.70462191377573e-05
1.541357564842477e-07,0.0001163064797000228
1.541382918988626e-07,0.0001480861140746602
1.541414423087002e-07,0.0001999839265319971
1.541439107073977e-07,0.0002391109819206852
1.541468151064809e-07,0.0002727774672643302
1.541498519646473e-07,0.0002895010923224091
1.541518380995491e-07,0.0002998900211315959
1.541540416975037e-07,0.0003266541408833878
1.541555920249617e-07,0.0003485116991523264
1.54156913411993e-07,0.0003575928100678636
1.541582937889123e-07,0.0003523975407186714
1.541599235115452e-07,0.0003268416132016202
1.541611540419708e-07,0.0003012176543907371
1.541620625654003e-07,0.000283692300694089
1.541630478154926e-07,0.0002671195592912152
1.541641651492139e-07,0.0002498806387079473
1.541653098517237e-07,0.0002329476041506143
1.541664493844874e-07,0.0002163031102398897
1.541677743954637e-07,0.0001970226048834834
1.541694910102418e-07,0.0001719105934146944
1.54171576069023e-07,0.0001416653738386687
1.541730939974697e-07,0.0001220141998006576
1.541746382646747e-07,0.0001057502982167133
1.541771452702978e-07,8.629147227451057e-05
1.541796306309239e-07,7.140520113266506e-05
1.541823906931628e-07,6.154954980274234e-05
1.541845654511074e-07,6.138451055926013e-05
1.541870458529293e-07,7.381966088007472e-05
1.541898684355124e-07,9.840697908209837e-05
1.541919696175084e-07,0.0001085217360893803
1.54194231130359e-07,0.0001036981132405306
1.541956474715963e-07,0.0001056003679538461
1.541965869848233e-07,0.0001134787660975505
1.541974166863804e-07,0.0001194997414021075
1.541982428962202e-07,0.0001188187375881353
1.541991214481101e-07,0.0001084912209021585
1.542e-07,8.919115922893884e-05
1.542006539639124e-07,7.180818558897903e-05
1.542014646174772e-07,5.146537198594279e-05
1.542021741186862e-07,3.747701079915165e-05
1.542031896475677e-07,2.630517567508044e-05
1.542046007689049e-07,2.085286854137781e-05
1.542056957527736e-07,1.900347614429538e-05
1.54206747171512e-07,1.766562899720198e-05
1.542078944463992e-07,1.647152824524333e-05
1.542096529379252e-07,1.507672035407662e-05
1.542119456474588e-07,1.388713752292057e-05
1.542159538025021e-07,1.279706136003045e-05
1.542205556860006e-07,1.213975170637025e-05
1.542252758863092e-07,1.1630671750242e-05
1.542305337376589e-07,1.111849366579392e-05
1.542371920009753e-07,1.050246100738473e-05
1.542467750975362e-07,9.64174859138935e-06
1.542624468359041e-07,8.474120281823937e-06
1.542791341026342e-07,8.834323769632273e-06
1.543024506347759e-07,1.32084112644102e-05
1.54319471526954e-07,1.570775687722751e-05
1.54325217116289e-07,1.507931457775053e-05
1.543313712292693e-07,1.307594104578895e-05
1.543357349634033e-07,1.100586098231277e-05
1.543393033542121e-07,9.364191171334572e-06
1.543430142243959e-07,8.434584606787839e-06
1.543465790779811e-07,8.340732293508318e-06
1.543501928301975e-07,8.92108863526417e-06
1.543554574395479e-07,1.025624071835668e-05
1.543634408847367e-07,1.194509810273516e-05
1.543711268466996e-07,1.247136464452658e-05
1.543784611976304e-07,1.193568736914022e-05
1.543866173293889e-07,1.259408954672876e-05
1.543942861385949e-07,2.905260989409396e-05
1.544016806071648e-07,5.497274255171596e-05
1.544080344664758e-07,6.658232478386009e-05
1.544164739302561e-07,8.130150429336802e-05
1.544232713033116e-07,0.0002010098556040245
1.544268159692799e-07,0.0003135387544605224
1.54430499527034e-07,0.0003804711740749074
1.544339944174455e-07,0.0003809122086781945
1.544356997584411e-07,0.0003998709744008031
1.544371062990981e-07,0.0004371044241224491
1.544385716302009e-07,0.0004870455948325268
1.544401667413402e-07,0.0005409211508202445
1.544415808794151e-07,0.0006265633493828845
1.54442666544428e-07,0.0007186457358307736
1.54443594007162e-07,0.0007682703840516521
1.544447674682307e-07,0.0007912687656759253
1.544455952711139e-07,0.0007827507525005749
1.544464374491824e-07,0.0007390278569712991
1.544472146868275e-07,0.0006934052826771368
1.544478380627641e-07,0.0006622309701237514
1.544484755871655e-07,0.0006269795838963854
1.544494051863051e-07,0.0005659034041920777
1.544501393448242e-07,0.0005143950256404611
1.544509774820777e-07,0.0004625735967649293
1.544518668688901e-07,0.0004249100565442969
1.544527950363528e-07,0.0004048801748185409
1.544539231572066e-07,0.0003948388245830284
1.544549274916892e-07,0.0003894032908637883
1.544559950887458e-07,0.0003817064972791345
1.544572772359144e-07,0.0003705761178999513
1.544585429149933e-07,0.0003743306833001156
1.544597056619383e-07,0.0004063941586283038
1.544606850098036e-07,0.0004395504892657739
1.544615822853456e-07,0.000450989264759731
1.544625168651845e-07,0.0004431553770578632
1.544632540557103e-07,0.0004323340610396099
1.544639524488871e-07,0.0004236893202464974
1.54464626010654e-07,0.0004152249501913145
1.544654967036765e-07,0.0003953522998225313
1.544665728213148e-07,0.0003525987986924624
1.544673995057307e-07,0.0003185600126228077
1.544683529716405e-07,0.0002952986125902595
1.544694445597541e-07,0.000288133945803313
1.544703584834689e-07,0.0002955266820228186
1.544713984463918e-07,0.0003150967532295659
1.544724462642744e-07,0.0003291512446210879
1.544734154041213e-07,0.0003360529472911577
1.544744234448798e-07,0.0003463135873266586
1.544754068059022e-07,0.0003506905445018728
1.54476405132188e-07,0.0003786315714038349
1.544775642066735e-07,0.0004317150198555978
1.544785178441547e-07,0.0004521137712026722
1.544795410614945e-07,0.0004670561117795244
1.544807249287431e-07,0.0004800707679050293
1.544818301235552e-07,0.0005222779573752328
1.544828646743989e-07,0.0006099557599467756
1.544840530664644e-07,0.0006978803254925175
1.544853122333501e-07,0.0007247829877783788
1.544863324521449e-07,0.0007027773877137829
1.544876791147127e-07,0.0006401441632421282
1.544888901140958e-07,0.0005701877653490181
1.544902232718325e-07,0.0004930083737842858
1.544917610671068e-07,0.0004103085649505638
1.544939786421425e-07,0.0003081476578369707
1.544972416500116e-07,0.0001961833190350015
1.545022516360117e-07,8.889968272732593e-05
1.5450603192142e-07,4.269534757473246e-05
1.545095355301137e-07,1.97336514239123e-05
1.545131214314977e-07,8.775052359617476e-06
1.545180409222518e-07,3.386970705705281e-06
1.545234171932026e-07,1.876978929817736e-06
1.545292977099887e-07,1.425737720035776e-06
1.545360295089553e-07,1.192166861559114e-06
1.545446145477254e-07,9.823808005100906e-07
1.545564236722179e-07,7.620231307922514e-07
1.545743484010975e-07,5.276881435247011e-07
1.546049157598629e-07,2.981112595143206e-07
1.546640542834083e-07,1.261851872833977e-07
1.547341975028183e-07,7.12819258714191e-08
1.548206098454534e-07,5.027966281636664e-08
1.549268728910404e-07,3.907135578414834e-08
1.550799708424607e-07,3.054579362089857e-08
1.553184830616611e-07,2.365705927091072e-08
1.556824688610998e-07,1.847844396408913e-08
1.561879043980078e-07,1.489671210355627e-08
1.568985325994615e-07,1.225170428158427e-08
1.579101618805996e-07,1.01876875036194e-08
1.589550809402998e-07,8.897200295901799e-09
1.6e-07,8.006731933709871e-09
1.600311822772172e-07,2.228674450686707e-08
1.600704271066315e-07,3.703488389510816e-06
1.600866237183026e-07,1.327654381810419e-05
1.600932991228659e-07,1.769065672244902e-05
1.60100978633546e-07,1.989785578827281e-05
1.60108187758112e-07,1.87284436494466e-05
1.601140844904878e-07,1.623333630419825e-05
1.601190582105306e-07,1.474051639486454e-05
1.601226416883153e-07,1.631418212734759e-05
1.601240603241621e-07,1.832302047803371e-05
1.601268975958557e-07,2.688911402698348e-05
1.601299081554937e-07,4.500520698291755e-05
1.601356667282342e-07,9.856641494147994e-05
1.60141088760012e-07,0.000142373258001788
1.601461981009582e-07,0.0001588401592596811
1.601510692445134e-07,0.0001518241904852017
1.601568447174112e-07,0.0001398550602091072
1.601591692319156e-07,0.0001445233004370485
1.601610897861693e-07,0.0001530597908383306
1.601632563783041e-07,0.0001634573953721562
1.60165325542837e-07,0.0001705917800443438
1.601679995608344e-07,0.000188721299317135
1.601702414686454e-07,0.0002044811961106482
1.601720577804569e-07,0.0002268500144694904
1.601735283096073e-07,0.0002711068715139422
1.601749326273238e-07,0.0003178844245384744
1.601763583799037e-07,0.0003490497033199153
1.601779668330485e-07,0.0003564260297982861
1.601795423580525e-07,0.0003541932994469539
1.601809313746833e-07,0.0003428908391508017
1.601819517984777e-07,0.0003322524000050682
1.601829790242826e-07,0.0003229525481383786
1.60184308951209e-07,0.0003109616184680573
1.601853993896447e-07,0.0003003816578140768
1.601865185150502e-07,0.000288555370208513
1.601876753641817e-07,0.000274340749835699
1.601889523023676e-07,0.0002578070557208407
1.60189896048714e-07,0.0002453207022830419
1.601915577473453e-07,0.0002240135124720027
1.601929723570676e-07,0.0002089422793305859
1.601941869846111e-07,0.0001992409736207171
1.601956367726754e-07,0.0001927349400255265
1.60197505799558e-07,0.0001922847826179501
1.60198752899779e-07,0.000195628212075196
1.602e-07,0.0001993079572785675
1.602005323021109e-07,0.0002000304647854405
1.602015969063328e-07,0.0002001961136986687
1.602026397480217e-07,0.0001975543913554436
1.602042478145423e-07,0.0001885869246441513
1.602060239183352e-07,0.000190624817187794
1.602075230095065e-07,0.0002013843457471863
1.602088609451069e-07,0.0002063532824331078
1.60209977320718e-07,0.0002076369476756341
1.60211381209469e-07,0.0002055789291384889
1.602126462979792e-07,0.0002022098593556757
1.602137953915339e-07,0.000199220369694209
1.6021526680724e-07,0.0001956791884334057
1.602182096386523e-07,0.0001896458070749878
1.602230029466107e-07,0.000181683484666072
1.602276406344485e-07,0.0001776575871392529
1.602305499100225e-07,0.000181711341539185
1.602337239171068e-07,0.0001826466465879821
1.602362102877055e-07,0.000175338810807068
1.602372332259457e-07,0.0001750807593474495
1.602381911828074e-07,0.0001816028774109447
1.60239043646481e-07,0.0001913549106010252
1.602399539601246e-07,0.0001967777367723906
1.602407479561487e-07,0.0001914793210521212
1.602420120384308e-07,0.0001613816720574847
1.6024302387442e-07,0.0001259470850794698
1.602438169154178e-07,0.0001016443680196931
1.602444437886124e-07,8.910315179800342e-05
1.602452812727361e-07,7.927290096713219e-05
1.602461764978209e-07,7.227045531069923e-05
1.60246889692148e-07,6.801328523482468e-05
1.602477245871082e-07,6.396223001939644e-05
1.602490971923742e-07,5.861213337268236e-05
1.602508742029269e-07,5.310597768414135e-05
1.602528950032693e-07,4.808580083395245e-05
1.602553637487563e-07,4.322257723902976e-05
1.60258745548099e-07,3.820088995327341e-05
1.602630406015246e-07,3.370667016025071e-05
1.602681243590215e-07,3.008037820709669e-05
1.602746229747836e-07,2.665919513518492e-05
1.602801803712506e-07,2.399829266455294e-05
1.602862405813241e-07,2.060563001227553e-05
1.602906865913028e-07,1.775555190448477e-05
1.602956795955355e-07,1.445756889634674e-05
1.603004204720246e-07,1.149456612179668e-05
1.603054702236609e-07,9.391897839122431e-06
1.603091626244612e-07,8.527344914326023e-06
1.603135898716122e-07,8.059982419504022e-06
1.603195056484625e-07,8.001044112107481e-06
1.603283381585225e-07,8.320183799275684e-06
1.603374417408377e-07,8.472724440990054e-06
1.603477728035854e-07,8.131623448511333e-06
1.603585069869863e-07,7.33085015079673e-06
1.603706543243022e-07,8.181384686002001e-06
1.603836628876508e-07,2.651318380236292e-05
1.603942582829602e-07,5.130890862212832e-05
1.604026351543726e-07,5.778410559002742e-05
1.604080938054717e-07,6.635833255019564e-05
1.604115737525741e-07,9.434424574471813e-05
1.604147722899428e-07,0.0001446329244392913
1.604180985864426e-07,0.0002084467701283855
1.604213805146401e-07,0.0002595324885469848
1.604236601479624e-07,0.0002853020313763442
1.604259647767836e-07,0.0003304453337619503
1.604281971983502e-07,0.0004553093774356967
1.604298059054061e-07,0.0005816902636728864
1.604312505166988e-07,0.0006704725335798004
1.60432362909959e-07,0.0007560675881207632
1.604335107797518e-07,0.0008447049498370082
1.604344000292689e-07,0.0008699771988480635
1.604352494713772e-07,0.000853932303660994
1.604359575376389e-07,0.0008218671350437993
1.604368846838214e-07,0.0007601803797818805
1.604374772723723e-07,0.0007144518296400232
1.604381128155281e-07,0.0006648324924531095
1.604387605241896e-07,0.0006184389063975244
1.604394810452564e-07,0.0005760574353752855
1.604402052135584e-07,0.000542091683166369
1.604410834709534e-07,0.0005040579081966392
1.604420173563623e-07,0.0004558601591481195
1.604430677133487e-07,0.000388593512717625
1.604441617681111e-07,0.0003180280546972437
1.604453170054022e-07,0.0002613995277428924
1.604462117497472e-07,0.0002221060227640773
1.604471817939032e-07,0.0001752442843842408
1.604478217915331e-07,0.0001497860387729464
1.604484871283912e-07,0.0001334817823284821
1.604492189406552e-07,0.0001224941423584066
1.604503899050392e-07,0.0001100014688949582
1.604514505562899e-07,9.996868036675775e-05
1.604525456198147e-07,9.031401307822035e-05
1.604537253417396e-07,8.088258739995699e-05
1.604552272320383e-07,7.064536727947399e-05
1.604569984077332e-07,6.164538841300893e-05
1.60459168111375e-07,5.754892106904508e-05
1.604619594475141e-07,7.037449917078771e-05
1.604641281552067e-07,8.690748966366858e-05
1.604659240613998e-07,9.21398181725299e-05
1.604681671520216e-07,8.877976335708299e-05
1.604700850607684e-07,0.0001141144153974007
1.604716095532071e-07,0.000146131740054898
1.604729458853486e-07,0.0001588123808345613
1.604741281151089e-07,0.0001553900540436113
1.604753530802066e-07,0.000157494228773171
1.604765923991545e-07,0.0001849369070268445
1.604775873131621e-07,0.0002249094420990221
1.604785344578026e-07,0.0002636470231724822
1.604795826289787e-07,0.0002859220079548389
1.60480536977249e-07,0.0002889628149909999
1.604815113444708e-07,0.0002725856584020966
1.604823808899292e-07,0.0002553193297646031
1.604831602875062e-07,0.0002626508232425601
1.604841762014743e-07,0.0002901486485147046
1.604851095154866e-07,0.000302618502426056
1.604860195517274e-07,0.0003030592772714714
1.60487013646002e-07,0.0003026744031924838
1.604881301273484e-07,0.0003109765726716816
1.604891685021494e-07,0.00035582421968122
1.604903269285933e-07,0.0004757253784401729
1.604917893534332e-07,0.0006403231043912869
1.604935140507145e-07,0.0007309188237888028
1.604950110758435e-07,0.0007181995770604351
1.604967853842254e-07,0.0006346298668175815
1.604985579606469e-07,0.0005186208839297966
1.605004311612858e-07,0.0003963315178136964
1.605025264105825e-07,0.0002749327216346584
1.605051959070799e-07,0.0001476242380870199
1.605072052027652e-07,7.835640494843929e-05
1.605094381436318e-07,3.359822952618174e-05
1.605122104943378e-07,1.093367576908511e-05
1.605161775015347e-07,3.105839985047197e-06
1.605193617361211e-07,1.941925264083294e-06
1.605229541038356e-07,1.442733361689837e-06
1.605270204234639e-07,1.11761066236363e-06
1.605332281972157e-07,7.823022739870337e-07
1.60542193862288e-07,4.799472475967185e-07
1.60556283925773e-07,2.409548386544704e-07
1.605781414299508e-07,1.09542830701849e-07
1.606042833206544e-07,6.600886297282649e-08
1.606346348359033e-07,4.884738228938128e-08
1.606712495224373e-07,3.873549281866444e-08
1.607206641923015e-07,3.079062260020314e-08
1.607940301628837e-07,2.393293435802849e-08
1.609147581579098e-07,1.794298767153088e-08
1.611077839911787e-07,1.338173571971543e-08
1.61372023621775e-07,1.046305436659104e-08
1.617414017152623e-07,8.453781284199481e-09
1.62267290744007e-07,6.988873686595039e-09
1.630340647262552e-07,5.85806744187389e-09
1.641345125479418e-07,4.966167394812807e-09
1.657061359274879e-07,4.240237809286082e-09
1.679544105099543e-07,3.637738200781416e-09
1.7e-07,3.291470171979041e-09
1.7005e-07,8.283739497910697e-08
1.700634409687625e-07,5.496791859355695e-07
1.700903229062876e-07,7.526117316717216e-06
1.700970223638077e-07,1.102439276651711e-05
1.701025561423242e-07,1.297863201204212e-05
1.701085303313834e-07,1.314610737517242e-05
1.701134760390438e-07,1.191437540074526e-05
1.701162450936006e-07,1.08055739290887e-05
1.701171846058413e-07,1.041633699127325e-05
1.701181837914071e-07,1.000848937411195e-05
1.701189994475919e-07,9.918060895347786e-06
1.701206307599614e-07,1.682524577529579e-05
1.70121719783278e-07,3.437353755697776e-05
1.701230653783315e-07,6.011640493754655e-05
1.70124127112338e-07,7.355473666272302e-05
1.701251861029693e-07,7.682230511713442e-05
1.701262450936006e-07,7.943089003512899e-05
1.701265564897396e-07,8.10803428762966e-05
1.701270259656108e-07,8.873971912372905e-05
1.70127453899566e-07,9.768658461009518e-05
1.701280968537414e-07,0.0001080655604870509
1.701289441930856e-07,0.0001098395143194403
1.701297944366598e-07,9.987425605125444e-05
1.70130671004874e-07,8.670709135145343e-05
1.701315329784587e-07,8.631682644966926e-05
1.701325205212575e-07,0.0001017748512290526
1.701335132767833e-07,0.0001117598840720629
1.701346515300177e-07,0.0001085242884591954
1.701357690623253e-07,9.503403251826592e-05
1.701369358692856e-07,7.938277294239973e-05
1.70138125468879e-07,7.85567397496379e-05
1.701393627497716e-07,9.175745769204001e-05
1.701404493487026e-07,9.755515210668406e-05
1.701415481290838e-07,9.182562878878437e-05
1.701428634027117e-07,7.489203395040691e-05
1.701440098225424e-07,6.235028149261253e-05
1.70144977192656e-07,5.489625190906262e-05
1.701457610928351e-07,4.498277890667871e-05
1.701464363131045e-07,3.314198156578488e-05
1.701471876303053e-07,1.956091760851996e-05
1.701477510553261e-07,1.143463992599912e-05
1.701484274937351e-07,5.890284507916173e-06
1.701492586979667e-07,2.840006598368535e-06
1.701500467489779e-07,1.524814544030626e-06
1.701508021467497e-07,8.896060329918756e-07
1.701516988866077e-07,5.148746523548498e-07
1.701530142997277e-07,2.81374869848328e-07
1.701548419861514e-07,1.637533511203698e-07
1.701570476221738e-07,1.048932240051935e-07
1.70159877746662e-07,6.44494644165329e-08
1.70163817271643e-07,3.401103259031939e-08
1.701701451480666e-07,1.409135177233925e-08
1.70180074303199e-07,6.875736091470106e-09
1.701900371515995e-07,5.755656831483621e-09
1.702e-07,5.488454181064893e-09
1.70205151921163e-07,3.670340258381741e-09
1.702113283839764e-07,3.635676891013627e-09
1.702171768863477e-07,3.624272032082217e-09
1.702288738910904e-07,3.622721964832174e-09
1.702473681040955e-07,3.617728950156941e-09
1.702795903034434e-07,3.613487626928224e-09
1.703434353617027e-07,3.601742044254581e-09
1.704609919930945e-07,3.584136922849882e-09
1.706882843753444e-07,3.547389155251469e-09
1.71128185531465e-07,3.483365835957256e-09
1.719685321748838e-07,3.368419536713741e-09
1.729842660874419e-07,3.247461135235275e-09
1.74e-07,3.141380914927997e-09
1.740307638874005e-07,7.463622705686712e-09
1.740696568807144e-07,1.56113917076583e-06
1.740891033773713e-07,7.107693535135691e-06
1.740979353848877e-07,1.012570468582017e-05
1.741078889445094e-07,1.297760104186578e-05
1.741167770979027e-07,4.229378554221208e-05
1.741240472068895e-07,8.230980893874746e-05
1.741292680831133e-07,9.108767762888755e-05
1.74133873260745e-07,0.000102956673253617
1.741373939728168e-07,0.0001367235871169879
1.741399532946184e-07,0.0001767336560425862
1.741427123938553e-07,0.0002230887496470211
1.741454026232079e-07,0.0002605138565334406
1.741487421899604e-07,0.0002868429526320202
1.741516433873966e-07,0.0003009054554578647
1.741532331119737e-07,0.00031831822472247
1.741548898156129e-07,0.0003433470184909011
1.741562785863841e-07,0.0003580735583101148
1.741575114210158e-07,0.000359752124456948
1.741590759603033e-07,0.0003433252245501206
1.741600260626978e-07,0.0003248332268149397
1.741611121097719e-07,0.0003019861132855648
1.741619230342045e-07,0.0002862370211355805
1.741631385192561e-07,0.0002656212826637337
1.741642635167001e-07,0.0002481445294545787
1.74165427632224e-07,0.0002306795769914681
1.741665693470843e-07,0.0002137793236422041
1.741679647807119e-07,0.0001932601543663449
1.741697715241293e-07,0.0001665968955699654
1.7417170905225e-07,0.0001387444275199929
1.741732763700814e-07,0.0001191131839502416
1.741748665948639e-07,0.0001032900128928472
1.741776735513337e-07,8.284038230379095e-05
1.741801330587142e-07,6.909845217083392e-05
1.741826910326627e-07,6.051645311730136e-05
1.741850995857237e-07,6.033074738845356e-05
1.741874331934004e-07,7.188372550276743e-05
1.741903469381514e-07,9.749188079413036e-05
1.741924525472168e-07,0.0001084151783487883
1.741946858102849e-07,0.0001039702165284277
1.741960697156609e-07,0.0001049042042883806
1.741970359191622e-07,0.0001125927597625058
1.74197868962399e-07,0.000119159645153833
1.74198716146444e-07,0.0001192608914782535
1.74199358073222e-07,0.0001132308010987757
1.742e-07,0.0001019098380162906
1.742006659204201e-07,8.548972720169234e-05
1.742012921413294e-07,6.87546524165409e-05
1.742019453953455e-07,5.237083800119421e-05
1.742027416235911e-07,3.671797914032755e-05
1.74203726528705e-07,2.614291659465519e-05
1.742052333404442e-07,2.054258005297561e-05
1.742063292506358e-07,1.87728130952983e-05
1.742073950672686e-07,1.745056796085679e-05
1.74208550337077e-07,1.627877814470714e-05
1.742104138098238e-07,1.485943934064614e-05
1.742127945104558e-07,1.370389271552875e-05
1.742171478955357e-07,1.262701676174097e-05
1.742216774698725e-07,1.202050904632276e-05
1.742264882095827e-07,1.151111494355696e-05
1.742318151569154e-07,1.099556901660798e-05
1.742388382893556e-07,1.034729362973399e-05
1.742489307091284e-07,9.445033963467401e-06
1.742661235565738e-07,8.341177095955231e-06
1.742826881509224e-07,9.303095092564039e-06
1.743051820474021e-07,1.379330374091842e-05
1.743158498325625e-07,1.551434177790541e-05
1.743209542104491e-07,1.57401016347809e-05
1.743275720598948e-07,1.449759397773649e-05
1.743325119927438e-07,1.258556960127962e-05
1.743367883038752e-07,1.046397125498313e-05
1.743399198569977e-07,9.140116822236059e-06
1.743431573419464e-07,8.409963585512485e-06
1.743479398932552e-07,8.496176250490481e-06
1.743516639830637e-07,9.278254080461218e-06
1.743572577135404e-07,1.071491861755019e-05
1.743656818340796e-07,1.222230344131565e-05
1.743735206739942e-07,1.238400902829755e-05
1.743812320637585e-07,1.15990477987025e-05
1.743886580573534e-07,1.486638762561305e-05
1.743965409752775e-07,3.758104194965349e-05
1.744036817653987e-07,6.025407178830919e-05
1.744101506722205e-07,6.784199807652822e-05
1.744162958446042e-07,8.097011170491545e-05
1.744227455806874e-07,0.0001900700107485086
1.744262689248399e-07,0.0003018378801418086
1.744298849703473e-07,0.0003775177141438041
1.744332528315986e-07,0.0003802803154851262
1.744350141502731e-07,0.0003896922354180337
1.744364120129957e-07,0.0004177714004602789
1.744380134867933e-07,0.0004665577306913171
1.744394608252887e-07,0.0005096380589289003
1.744408862247515e-07,0.0005666981770162857
1.744420630235712e-07,0.0006577529503255982
1.744430096486389e-07,0.0007232293530820818
1.744439634575599e-07,0.0007545331049551822
1.744449678113949e-07,0.0007630722848590428
1.744457489829177e-07,0.000741780827417885
1.744466750507236e-07,0.0006840946387186053
1.744473623720602e-07,0.0006441012515517588
1.744480014797928e-07,0.0006075831466524084
1.744486676657191e-07,0.0005637804503592415
1.744494795347848e-07,0.0005047860656045147
1.744502203333879e-07,0.0004521232123148779
1.744511066099627e-07,0.0003994203831158349
1.74451967910415e-07,0.0003638434299131954
1.744529670641884e-07,0.0003368950120139717
1.744540532121802e-07,0.0003157050269628027
1.744550528976324e-07,0.000301070735166587
1.744561512011669e-07,0.0002902336817904769
1.744575584896349e-07,0.0002872207838180021
1.744588127735187e-07,0.0003011361488391383
1.744599077618309e-07,0.0003151437463833721
1.744608963415789e-07,0.00031616888795908
1.74461715883182e-07,0.0003104795502180866
1.74462579123173e-07,0.0003088754069373115
1.744633298380866e-07,0.0003161477220833443
1.744643201062354e-07,0.0003305162471618151
1.74465482580666e-07,0.0003344048731105008
1.744666730775027e-07,0.0003144113278663568
1.74467725103437e-07,0.0002910406515603059
1.744687645422788e-07,0.0002806980694681167
1.744697686898509e-07,0.0002804997955228713
1.744705878552728e-07,0.0002882333345715794
1.744715512345097e-07,0.0003018797369572026
1.744724326022314e-07,0.0003138481594693277
1.744733021717272e-07,0.000324128849395947
1.744741904133044e-07,0.0003169398572162686
1.744750261382585e-07,0.0002963409332105259
1.74476027835381e-07,0.0002933235418894994
1.744770207829064e-07,0.0003376064113645564
1.744779654317728e-07,0.0003903179105616245
1.744789459623189e-07,0.0004226605794934984
1.744800988398523e-07,0.0004129247609006207
1.744811278422924e-07,0.0003933676030700883
1.744821661811473e-07,0.0004334194271487851
1.744833765429473e-07,0.0005312104924418131
1.744845022523707e-07,0.0005951615524099524
1.744855183862794e-07,0.0006118386013796429
1.744867317163702e-07,0.0005914060604320912
1.744881325338462e-07,0.0005384326420801535
1.744893507545149e-07,0.0004835368330465386
1.74490764157022e-07,0.0004207923789333936
1.744924912349329e-07,0.000350369757150929
1.744951608662094e-07,0.0002584055612261049
1.744992695871104e-07,0.0001519095795436675
1.745034096622411e-07,7.777598605743439e-05
1.745068975013523e-07,3.887432282654473e-05
1.745104421417135e-07,1.754958047194559e-05
1.745146947077749e-07,6.62481535903423e-06
1.745204982762336e-07,2.335261726879511e-06
1.745259924685707e-07,1.463249985917367e-06
1.745321011759097e-07,1.167759760471622e-06
1.745392616408124e-07,9.810028484528168e-07
1.74548861831734e-07,7.943291133300374e-07
1.745624469833239e-07,5.963488390888605e-07
1.745840381785995e-07,3.88133224012073e-07
1.746230093457316e-07,1.969618594021112e-07
1.746876417627167e-07,8.990049058100397e-08
1.747627392312743e-07,5.700633214466589e-08
1.748555430103152e-07,4.294528605723424e-08
1.74974230379987e-07,3.42970238099438e-08
1.7515162845811e-07,2.732588305410714e-08
1.754455055384986e-07,2.144414265458952e-08
1.75861906458983e-07,1.731328032984015e-08
1.764456290541085e-07,1.427746036489529e-08
1.772638245351277e-07,1.191470204164833e-08
1.78441965301253e-07,9.951620645622702e-09
1.8e-07,8.398628350306311e-09
1.8005e-07,3.389977978521734e-07
1.800634409687625e-07,1.825972447764549e-06
1.800701614531438e-07,3.621076667845051e-06
1.800836024219063e-07,1.1067542306232e-05
1.800900012576416e-07,1.581972315054656e-05
1.800967848990415e-07,1.919721206535822e-05
1.801025971067956e-07,1.990611624712093e-05
1.801095768817794e-07,1.821943928596921e-05
1.80115075899022e-07,1.580630013699315e-05
1.801197549713738e-07,1.478225591037116e-05
1.801232421704587e-07,1.701319528281637e-05
1.801249857700012e-07,2.031746195209117e-05
1.801282643387257e-07,3.384471533463783e-05
1.801319377620462e-07,6.213330412024846e-05
1.801375020049709e-07,0.0001156908364330105
1.801433836058409e-07,0.0001531076411339336
1.801481175984728e-07,0.0001584294243886935
1.801533266858928e-07,0.0001451807152462001
1.801572612045607e-07,0.0001400434531620794
1.801594726990216e-07,0.0001456035005139516
1.801614090239523e-07,0.0001546237437344748
1.801634393752606e-07,0.000164249100382879
1.801656079186419e-07,0.0001715286046515639
1.801680890135797e-07,0.0001895668564051767
1.801703462934615e-07,0.0002049895487451887
1.801721049140272e-07,0.0002275451070345709
1.801735823723588e-07,0.0002723279218692162
1.801749735858848e-07,0.0003185559084264677
1.801764158510928e-07,0.0003495563718495809
1.801780257382655e-07,0.0003564720315037796
1.801795927353273e-07,0.0003540293026567001
1.801809785768987e-07,0.0003425914080893979
1.801819914532722e-07,0.0003320336955364325
1.801830275743587e-07,0.0003226796690403869
1.801843689069762e-07,0.0003105597713331032
1.801854541555965e-07,0.0003000113928312002
1.801865787893477e-07,0.0002880641666401091
1.801877177298918e-07,0.0002740378503823795
1.801890665236405e-07,0.0002565509455156821
1.801900191114629e-07,0.0002439403755124978
1.801917080167954e-07,0.0002224683028100436
1.801930782484473e-07,0.0002081285740169701
1.801943336738061e-07,0.0001984402078254806
1.801957601609856e-07,0.0001924831934354301
1.801976455385022e-07,0.000192512385278205
1.801988227692511e-07,0.0001957918101519553
1.802e-07,0.0001992627651113974
1.802005298444128e-07,0.0002000005083527846
1.802015895332385e-07,0.0002002185042341545
1.80202617764099e-07,0.0001977011940284704
1.802042212413118e-07,0.0001888259687669003
1.802060051596519e-07,0.0001903600028082894
1.802075065560096e-07,0.00020119154421956
1.802088539543032e-07,0.0002062879487597766
1.802099692597276e-07,0.0002076360135905217
1.802113615140038e-07,0.0002056605315267454
1.802126454398894e-07,0.0002022550447453674
1.802137894881858e-07,0.0001992765232281486
1.80215251558165e-07,0.0001957510504722986
1.802181756981233e-07,0.0001897400415942136
1.802229018340886e-07,0.0001818604976008035
1.802275588597498e-07,0.0001776222816017989
1.802305194868188e-07,0.0001816500507991123
1.802337161473924e-07,0.0001826834946881936
1.802362058116072e-07,0.0001753805086050626
1.802372349974809e-07,0.0001750655331470314
1.802381925403966e-07,0.0001815266131939015
1.802390450802277e-07,0.0001912775994427154
1.802399576318515e-07,0.0001967839272804548
1.8024075047882e-07,0.000191577786684004
1.802420278117391e-07,0.0001611882651330555
1.802430386048829e-07,0.0001257756639308666
1.802438320086316e-07,0.0001015071146749316
1.80244459116505e-07,8.901722442667969e-05
1.802452997198755e-07,7.919184961132791e-05
1.802461885685577e-07,7.225521162257911e-05
1.802469026993062e-07,6.799614169605707e-05
1.80247737935716e-07,6.394684843081948e-05
1.802491201094027e-07,5.856677602436169e-05
1.802508973360043e-07,5.306928011443883e-05
1.802529216689847e-07,4.804835604818981e-05
1.802553930302959e-07,4.318856486170211e-05
1.802587866307921e-07,3.816088014235419e-05
1.802630841231487e-07,3.36764605208029e-05
1.802681774948759e-07,3.005282067000231e-05
1.802746875465386e-07,2.66314450427736e-05
1.802802310202857e-07,2.397846859586373e-05
1.802862797915141e-07,2.059193874207735e-05
1.802907245020577e-07,1.774364525052037e-05
1.802956974436252e-07,1.446018697352042e-05
1.803004420717112e-07,1.1494981186606e-05
1.803054944567928e-07,9.390755093612452e-06
1.80309185334038e-07,8.52636648421596e-06
1.803136169041501e-07,8.058596094433957e-06
1.803195279425633e-07,7.999947835303158e-06
1.803283602445909e-07,8.319487228558412e-06
1.803374624047191e-07,8.472625203969941e-06
1.803477932702094e-07,8.132144223860957e-06
1.803585261907003e-07,7.331782841595922e-06
1.803706706613479e-07,8.17637101764667e-06
1.803836815514103e-07,2.649103733109879e-05
1.803942843548404e-07,5.131910957547575e-05
1.804026640375363e-07,5.779461684023202e-05
1.804081185107498e-07,6.596661368920554e-05
1.804115757731391e-07,9.261180397215624e-05
1.804147547112384e-07,0.0001407980372183183
1.804180725241815e-07,0.0002031318951622043
1.804213427749103e-07,0.0002530752530936259
1.804235930829535e-07,0.0002756284542562374
1.804258874830847e-07,0.000316702294449896
1.804281082636404e-07,0.0004397342080101478
1.804297183095092e-07,0.0005683837998331167
1.804311578548435e-07,0.0006598334209651519
1.804321985888239e-07,0.0007449895329901698
1.804333603932308e-07,0.0008511186038897209
1.80434260914868e-07,0.0008887620667234788
1.80435084187148e-07,0.0008791925998546347
1.804357793455416e-07,0.0008492522339565788
1.804366860599591e-07,0.0007880731657847859
1.804373151461606e-07,0.0007353479974691804
1.804380083612081e-07,0.0006748501490844754
1.804386200347201e-07,0.000624836385281151
1.804393011777175e-07,0.000578867744302739
1.804400288208544e-07,0.0005415975753495646
1.804408717813385e-07,0.0005059087710511152
1.804418038741132e-07,0.0004617506531048001
1.804428262843467e-07,0.0004002289984346205
1.804439205119404e-07,0.0003273005995130505
1.804451364170313e-07,0.0002570189622456116
1.804460493147968e-07,0.0002105607904245882
1.804470035118605e-07,0.0001624984117889604
1.804476403283905e-07,0.0001348178805068547
1.804483232764697e-07,0.0001123477876656012
1.804490584108233e-07,9.43854373334621e-05
1.80450195731612e-07,7.494749002684968e-05
1.804512991754626e-07,6.228255876373144e-05
1.804524180883233e-07,5.302497779639238e-05
1.804536370261022e-07,4.533910668034693e-05
1.804551529557871e-07,3.810520497005972e-05
1.804569183418831e-07,3.235126555767976e-05
1.804590744489949e-07,2.976071878230321e-05
1.804618555978263e-07,3.643027658439882e-05
1.804642179081296e-07,4.616866147685811e-05
1.804662270454368e-07,4.935950070758301e-05
1.804688020942952e-07,4.874426419236302e-05
1.804710893725256e-07,7.686556579762676e-05
1.804729613818961e-07,0.0001010502181000162
1.804744769509694e-07,9.94901440292038e-05
1.804758220603339e-07,9.236521792144117e-05
1.804772230851156e-07,0.0001155666444899381
1.804785886426202e-07,0.0001754944156321675
1.804797215286115e-07,0.0002082760551381575
1.804808470660729e-07,0.0002037766586485672
1.804822441130612e-07,0.000180109373897205
1.804833377787935e-07,0.0002060383565053371
1.804845184820536e-07,0.0002444881432061463
1.804855230727719e-07,0.0002481882154958041
1.804864245100066e-07,0.0002306757441682443
1.804875747891296e-07,0.0001992856034745784
1.804886610150871e-07,0.0002012193543559497
1.8048975618792e-07,0.000283670551091283
1.804910768903914e-07,0.0004465339222193365
1.804926641189235e-07,0.0005951476492259056
1.804941087256042e-07,0.0006490354465670308
1.804962484111139e-07,0.000619937624637721
1.804982369740825e-07,0.0005263343035606575
1.805003628754211e-07,0.0004034861875446004
1.805025421867162e-07,0.0002799843411989754
1.805052040380323e-07,0.00015183889743957
1.80508269126554e-07,5.524679856234517e-05
1.805115799437154e-07,1.41743519744987e-05
1.805148063823148e-07,4.200520344120891e-06
1.805183531676918e-07,1.86655094518994e-06
1.805216128577599e-07,1.301444022541373e-06
1.805255909379135e-07,9.731162501952215e-07
1.805306414678741e-07,7.099822174926172e-07
1.805385691559145e-07,4.43009660526904e-07
1.805508885483965e-07,2.220357025862678e-07
1.805694798443283e-07,9.317504046649459e-08
1.805950791736667e-07,4.513611827873081e-08
1.806241605865871e-07,3.118603322595135e-08
1.806592910772495e-07,2.468878508516361e-08
1.80704881542702e-07,2.021683448219629e-08
1.807722542422972e-07,1.642973239129679e-08
1.808824845992034e-07,1.310283854898659e-08
1.81059017583492e-07,1.050547472822258e-08
1.813038162844993e-07,8.766804133171705e-09
1.816450928361425e-07,7.516606523781397e-09
1.821297266064248e-07,6.538522115699296e-09
1.82834888977717e-07,5.709834312691228e-09
1.838546637175912e-07,4.98116509025089e-09
1.853216345631915e-07,4.328785942429974e-09
1.874355054707718e-07,3.746107591132728e-09
1.9e-07,3.303882761557634e-09
1.9005e-07,8.285148204620479e-08
1.900634409687625e-07,5.496933094131677e-07
1.900903229062876e-07,7.526131516697639e-06
1.900970223634859e-07,1.102440320578692e-05
1.901025561418685e-07,1.297864616554681e-05
1.901085303308575e-07,1.314612170720138e-05
1.901134760389528e-07,1.191438971146276e-05
1.901162450936023e-07,1.080558821432122e-05
1.901171846058682e-07,1.055470205794618e-05
1.901181837914659e-07,1.029981009161036e-05
1.90118999447668e-07,1.047529791661399e-05
1.901206307600721e-07,2.708057018751674e-05
1.901217143687336e-07,7.297525212722509e-05
1.901230612374986e-07,0.0001542691971231979
1.901241222787744e-07,0.0002091110818396893
1.901251836861884e-07,0.0002417428611648826
1.901262450936023e-07,0.0002576047222254189
1.901265567685485e-07,0.0002498318960541611
1.901270268813482e-07,0.0002484404752555534
1.901274553540894e-07,0.0002577140121974249
1.901280984328297e-07,0.0002899456446469898
1.901289467103236e-07,0.0003508835882932524
1.901297974153499e-07,0.0004012945121963197
1.901306742197013e-07,0.0004173819715709422
1.901315361078679e-07,0.0004062980213259117
1.901325247820501e-07,0.0003791172324224466
1.901335156479634e-07,0.0003603033526429613
1.901345540225553e-07,0.0003492980239573962
1.90135661696467e-07,0.0003183855828095851
1.901365232564147e-07,0.0002889215067959255
1.90137476546367e-07,0.000262071051023527
1.901386287189655e-07,0.0002465152623989011
1.901395541093395e-07,0.000240819850911203
1.901405767643061e-07,0.0002316554610755502
1.901418168566012e-07,0.0002188068613696801
1.9014295199019e-07,0.0002190633975675201
1.901441179158539e-07,0.0002438486855589811
1.90145013996333e-07,0.0002693485605172011
1.901457963730062e-07,0.0002819870645909198
1.901464180909374e-07,0.000281758812377966
1.901471694123433e-07,0.0002709401148943771
1.901477281832682e-07,0.0002575412677623295
1.901483856921937e-07,0.000238918032983678
1.901491627931327e-07,0.0002136310442423792
1.901499857926456e-07,0.0001865150458439165
1.901507168813821e-07,0.0001642155537300612
1.901515316683072e-07,0.0001373658450036494
1.901523935957773e-07,0.0001029164054095154
1.901531079334881e-07,7.219371421013388e-05
1.901538568509491e-07,4.50062654428847e-05
1.901545286741483e-07,2.785644511389995e-05
1.901554181877652e-07,1.546377123102241e-05
1.901564826460873e-07,9.190678255861587e-06
1.9015767007104e-07,5.936205315173421e-06
1.901587071098325e-07,4.165193209701075e-06
1.901598598160498e-07,2.802457881137955e-06
1.901613350958553e-07,1.670140145558003e-06
1.901635979864721e-07,7.387264236313723e-07
1.901669553618827e-07,2.140214574010247e-07
1.901714745570162e-07,4.315578367590468e-08
1.901766800003072e-07,1.209624879685713e-08
1.901830401127732e-07,7.348861285926771e-09
1.901912760865162e-07,6.565218812179058e-09
1.902e-07,6.336136135248887e-09
1.902048209554991e-07,4.534785208053534e-09
1.902105024212032e-07,4.482764861029284e-09
1.902159524775927e-07,4.470966524208083e-09
1.902268525903718e-07,4.469139546572001e-09
1.90243972031589e-07,4.463702899072716e-09
1.902743381178144e-07,4.458491810616453e-09
1.903350702902652e-07,4.444705528273778e-09
1.904486415623429e-07,4.422952961092914e-09
1.906720050485631e-07,4.377552713243484e-09
1.911110823035747e-07,4.295878206048128e-09
1.919641925097532e-07,4.146688828882215e-09
1.929820962548766e-07,3.989803363810499e-09
1.94e-07,3.850813556374336e-09
1.940307951890892e-07,8.198881628954238e-09
1.940697145598673e-07,1.570682086249526e-06
1.940891742452564e-07,7.13451963585433e-06
1.94098011831687e-07,1.014376321012053e-05
1.94107956428276e-07,1.303975400132109e-05
1.941168763429275e-07,4.287069843320846e-05
1.941240994581679e-07,8.2474212216885e-05
1.941293205697053e-07,9.114844746619621e-05
1.941339085131935e-07,0.0001032223700105376
1.941374362885262e-07,0.0001375136510794156
1.94140000793869e-07,0.0001779179381277464
1.941427512026407e-07,0.0002243278319128292
1.941454603480858e-07,0.0002620821602898663
1.941487758287279e-07,0.0002882926502006697
1.941516810408107e-07,0.0003029216087574137
1.941532745352359e-07,0.0003209046128201956
1.941549269206384e-07,0.0003462273174730485
1.941563071160761e-07,0.0003608789616640584
1.94157551476914e-07,0.0003622979376007713
1.941591161446818e-07,0.0003453541742482988
1.94160041201646e-07,0.0003271230271689537
1.941611149089815e-07,0.0003043541390370327
1.941619206549863e-07,0.0002885268552143643
1.941631615617747e-07,0.000267163068927708
1.941642833622907e-07,0.0002494229843257461
1.941654481178663e-07,0.000231608211675548
1.94166588871397e-07,0.0002144270765699854
1.94167992235706e-07,0.0001935148107180366
1.941698069522577e-07,0.0001665103875410741
1.941717326171288e-07,0.0001388007432723211
1.941733205714501e-07,0.0001190460569655854
1.941749215757708e-07,0.0001033375061669624
1.941777631112864e-07,8.295298810103948e-05
1.941802064955148e-07,6.942291892280913e-05
1.941827188125921e-07,6.045078334889888e-05
1.941851803413914e-07,5.849802099656385e-05
1.941875066354467e-07,6.715050213143893e-05
1.941896993602145e-07,8.564314313444721e-05
1.941920313218879e-07,0.0001050755410337216
1.941939642366425e-07,0.000108293598981468
1.941958162448831e-07,0.0001031131732108588
1.941972189195037e-07,0.0001083513542918991
1.941986094597519e-07,0.0001193173933998532
1.941993047298759e-07,0.00011926988553095
1.942e-07,0.0001130211435029595
1.942004404736861e-07,0.0001053851031147837
1.942013214210585e-07,8.499518127884662e-05
1.942019932282527e-07,6.697475343476542e-05
1.942029192348212e-07,4.497770159449782e-05
1.942036483675959e-07,3.282634413027527e-05
1.942048240146762e-07,2.353506139322973e-05
1.942058000490392e-07,2.062889001285338e-05
1.942068481846369e-07,1.885346310683393e-05
1.9420785538047e-07,1.756890706216677e-05
1.942091221874921e-07,1.625998745771362e-05
1.942107229199698e-07,1.500054133148974e-05
1.942131709746305e-07,1.374120786868942e-05
1.942168564255041e-07,1.27410678383735e-05
1.94221481237692e-07,1.206725715027116e-05
1.942261213290009e-07,1.156180489183419e-05
1.942313969770615e-07,1.104344734292688e-05
1.942379171758681e-07,1.043568262593537e-05
1.942473996829456e-07,9.580741027474147e-06
1.942625202752571e-07,8.466406844492388e-06
1.942789654558491e-07,8.829516675937169e-06
1.943024088897553e-07,1.322308746237275e-05
1.943193286265204e-07,1.570854974883598e-05
1.943250653726265e-07,1.508865806736428e-05
1.943312155682907e-07,1.309428629898081e-05
1.943355706493032e-07,1.103214633603033e-05
1.943391598616313e-07,9.37560714417628e-06
1.943428900348309e-07,8.436386534667016e-06
1.94346432725176e-07,8.338656589855277e-06
1.943500505670303e-07,8.91532750624747e-06
1.943552982994224e-07,1.024522543843054e-05
1.943632725243916e-07,1.193754345224323e-05
1.943709550977764e-07,1.247236011911173e-05
1.94378292760639e-07,1.194258701296195e-05
1.943864499673593e-07,1.255851590537095e-05
1.943941079834411e-07,2.883701442500507e-05
1.944015036205292e-07,5.480186783793975e-05
1.944078551645136e-07,6.653582025464796e-05
1.944162788163152e-07,7.964684371288332e-05
1.944231220701856e-07,0.0001904189063948068
1.944266576170841e-07,0.0002946759616096734
1.944303397902745e-07,0.0003560747753027878
1.944338030260679e-07,0.0003615829833654667
1.94435495752483e-07,0.0003931255543745547
1.944368894113157e-07,0.0004448959567254321
1.944383431464548e-07,0.0005093045197697816
1.944399242609381e-07,0.0005754822786200851
1.944413285695739e-07,0.0006701035907848201
1.944424124497256e-07,0.0007706532189991392
1.944433372789651e-07,0.0008291783577207593
1.944445008783004e-07,0.0008612709267798606
1.944453258467531e-07,0.0008602107513124728
1.944461643868125e-07,0.0008263549600263197
1.944469525522383e-07,0.0007816860098300639
1.944475761612328e-07,0.0007458842912422074
1.944482150274558e-07,0.0007059266565977588
1.944491613804972e-07,0.0006364608801991037
1.94449897680509e-07,0.0005774754182212807
1.944507330172825e-07,0.000519536812325114
1.944516272907267e-07,0.000484726701835164
1.944525515206184e-07,0.000481979907899745
1.944536853785764e-07,0.0005029263709706706
1.944546917535107e-07,0.0005191074115134491
1.944557586804111e-07,0.0005167087112834881
1.944570416817485e-07,0.0004910620226509719
1.94458486098134e-07,0.0004886656085019939
1.944595909689125e-07,0.0005648367396837396
1.94460597884674e-07,0.0006576196952021892
1.944614830239814e-07,0.0006890636642302374
1.944624172372881e-07,0.0006536630644408421
1.94463149162102e-07,0.0005969806564751677
1.944638224773288e-07,0.0005436268193390006
1.944645156265446e-07,0.0004941701359605138
1.944654369442242e-07,0.0004226501283763368
1.944663779651081e-07,0.0003438960584604428
1.944672080761812e-07,0.0002878484558795006
1.944681481280332e-07,0.0002407299889010474
1.944692247027277e-07,0.00020352774735517
1.944701742988808e-07,0.0001975839061384868
1.944712326416174e-07,0.0002195283738028047
1.944722984919767e-07,0.0002422870173503874
1.944732807510302e-07,0.0002413462579388982
1.944743225726349e-07,0.0002180470612789922
1.944754243702006e-07,0.0002009809138254938
1.944764363858079e-07,0.0002406509884059904
1.944775515176666e-07,0.0003046402565907753
1.944785038281948e-07,0.0003253822734878717
1.944796148943553e-07,0.0003047732941151575
1.944807625542052e-07,0.0002675835960986906
1.944818344850068e-07,0.0002987585841158001
1.944829330095279e-07,0.0003972137787391507
1.944844231754332e-07,0.0005075656391619691
1.944854774502561e-07,0.0005374790249552427
1.944867101291923e-07,0.0005304253604461081
1.944882166313763e-07,0.0004892786303448202
1.944894433832341e-07,0.0004467721419261983
1.944908747120829e-07,0.0003964818584616522
1.944927418200146e-07,0.0003343004976304455
1.944955556487702e-07,0.0002506012043427559
1.944999460955049e-07,0.000144945111904565
1.945064298788782e-07,4.681870367525581e-05
1.945130561571921e-07,1.028740792899716e-05
1.945186001186577e-07,3.247951127218822e-06
1.945250214935494e-07,1.585377345351265e-06
1.945306485333002e-07,1.241747690575916e-06
1.945373779647129e-07,1.042375045866218e-06
1.945460112461427e-07,8.605330431675304e-07
1.945584071698077e-07,6.632623290678119e-07
1.945771940735353e-07,4.579845648209532e-07
1.946099515255094e-07,2.583924091210805e-07
1.946709572423211e-07,1.174297230379697e-07
1.947425379854627e-07,7.060720128953759e-08
1.94830872891088e-07,5.048144297671719e-08
1.949405238970994e-07,3.88132532903055e-08
1.951005616128527e-07,2.978231824349471e-08
1.953533946111029e-07,2.254711299939672e-08
1.957305219225787e-07,1.735567117126069e-08
1.962555722777495e-07,1.382913287480823e-08
1.96993462144781e-07,1.129587778966571e-08
1.980475513277546e-07,9.371699405605315e-09
1.990237756638773e-07,8.298735637850411e-09
2e-07,7.538164034914447e-09
2.000301882525804e-07,1.972602562696307e-08
2.000685945590881e-07,3.101118270960434e-06
2.000877977123419e-07,1.400033422022352e-05
2.000949305658113e-07,1.835939415431073e-05
2.001028821209388e-07,1.98363819928938e-05
2.001105569785727e-07,1.780990732202309e-05
2.001161493207708e-07,1.537616806811293e-05
2.001206301804067e-07,1.498987226797489e-05
2.001242136002394e-07,1.860658250562645e-05
2.001255572264835e-07,2.192897211495188e-05
2.001282444789719e-07,3.379519048568552e-05
2.001323698802485e-07,6.624743828619651e-05
2.001377500736164e-07,0.0001179179863780898
2.001439090949554e-07,0.0001547740030227342
2.001486309625238e-07,0.0001577015952940988
2.001539400205051e-07,0.0001435130031747129
2.001574006551392e-07,0.0001401821383985762
2.001595562240595e-07,0.0001459281052737277
2.001614977046975e-07,0.0001550623386819857
2.001634893858944e-07,0.0001644590230288151
2.001657165887289e-07,0.000171903019950921
2.001681685099101e-07,0.0001903283725783095
2.001704305555019e-07,0.0002054084168889938
2.001721607022875e-07,0.0002287771166434036
2.001736467805128e-07,0.0002744016247466142
2.001750288398464e-07,0.0003200522427416918
2.001764928866654e-07,0.0003504033077592599
2.001781074135064e-07,0.0003565253915903581
2.001796575974175e-07,0.0003536940479213458
2.00181037180223e-07,0.0003420241364521159
2.001820363146502e-07,0.0003316273834480793
2.001830916681378e-07,0.0003221509414246867
2.001844589843167e-07,0.000309739967700404
2.001855357551125e-07,0.0002992299080224957
2.001866725795097e-07,0.0002869951581860615
2.001877743420546e-07,0.0002733568724112543
2.00188686875487e-07,0.0002615674354723677
2.001896210429023e-07,0.0002492478855237277
2.001913212974592e-07,0.0002271153141160547
2.001928582194974e-07,0.0002102198508285064
2.00194036476427e-07,0.0002003844339570502
2.001956825041467e-07,0.0001926673483946622
2.001973993929292e-07,0.0001920734968998987
2.001986996964646e-07,0.0001953935463319187
2.002e-07,0.0001992609021605141
2.002005332860296e-07,0.0002000033516101445
2.002015998580888e-07,0.000200212738205287
2.002026551095789e-07,0.0001975700194119963
2.00204272966726e-07,0.0001885556726238581
2.002060510689939e-07,0.0001906750734616906
2.002075513931322e-07,0.0002014271623880309
2.002088874337452e-07,0.0002063644567042532
2.002100043309906e-07,0.0002076303650386811
2.002114113816598e-07,0.0002055494185894262
2.002126716592687e-07,0.0002021900336561381
2.002138221665099e-07,0.0001991979700543267
2.002152964853074e-07,0.0001956523501440304
2.002182451229024e-07,0.0001896125989102866
2.002230594765108e-07,0.0001816244424756697
2.002276879888506e-07,0.0001776799002612106
2.002305778269564e-07,0.0001817398650080775
2.002337431697991e-07,0.0001826418073585846
2.002362282891941e-07,0.0001753326045174258
2.002372492239147e-07,0.0001750897417797153
2.002382074887694e-07,0.0001816291529348227
2.00239059985197e-07,0.0001913816664795563
2.002399696941939e-07,0.0001967803307609633
2.002407640379456e-07,0.0001914544529525547
2.002420245352618e-07,0.0001614323232876875
2.002430366384564e-07,0.0001259917988043832
2.002438295327071e-07,0.0001016821394586922
2.00244456344975e-07,8.912780733206062e-05
2.002452930516227e-07,7.929598192607576e-05
2.002461898926032e-07,7.227661460136756e-05
2.002469028574222e-07,6.801972082588717e-05
2.00247737665795e-07,6.396803199457871e-05
2.002491079132903e-07,5.862500118511651e-05
2.002508848681697e-07,5.31163110123519e-05
2.002529047978876e-07,4.809589451708629e-05
2.002553728987469e-07,4.323134546094434e-05
2.002587518031902e-07,3.821052719923637e-05
2.002630462520782e-07,3.371323880919688e-05
2.002681276388335e-07,3.008578739333615e-05
2.00274623427031e-07,2.66647368732404e-05
2.002801902559612e-07,2.400015093837854e-05
2.002862585764823e-07,2.06048829997182e-05
2.002907057953075e-07,1.775478282116975e-05
2.002957112715167e-07,1.444923196935299e-05
2.003004502489533e-07,1.148876426632984e-05
2.003054971950699e-07,9.388931143531285e-06
2.003091908128467e-07,8.524956816349938e-06
2.003136146881507e-07,8.058592425117507e-06
2.003195344981177e-07,8.000100595819905e-06
2.003283670938958e-07,8.319559529593795e-06
2.003374718846271e-07,8.471987617587696e-06
2.003478031012321e-07,8.130613736141715e-06
2.003585383531835e-07,7.329637824199171e-06
2.003706880976763e-07,8.185260716881918e-06
2.003836946850702e-07,2.653095231383227e-05
2.003942834006746e-07,5.129690428934123e-05
2.004026575326967e-07,5.777339111327138e-05
2.004081270997381e-07,6.67901239080886e-05
2.004116138065617e-07,9.599822961724815e-05
2.004148452741355e-07,0.0001485851144799762
2.004181830078253e-07,0.0002138645993329585
2.004214776090165e-07,0.0002660491713904548
2.004237869599932e-07,0.0002951434773259097
2.004261018107642e-07,0.0003449318662840567
2.004283447604909e-07,0.0004740949278930003
2.004299516823596e-07,0.0006009429525365205
2.004314036586577e-07,0.0006879304090162317
2.0043250607756e-07,0.0007641250802933905
2.004336514455338e-07,0.0008355980096017059
2.004345354255741e-07,0.0008514140683838426
2.00435397802266e-07,0.0008320458087124762
2.004361147655798e-07,0.0007999190126947575
2.004370558405031e-07,0.0007410369391245554
2.004376375931302e-07,0.0007007638530369176
2.004382637446112e-07,0.0006582183278510776
2.004389244885013e-07,0.0006179647006593965
2.004399669497253e-07,0.0005675829948943189
2.004406966732666e-07,0.0005371817899870232
2.004416845816025e-07,0.0004908633364854171
2.00442620254058e-07,0.0004345548249219516
2.004437391664571e-07,0.0003589486405523156
2.004448632774611e-07,0.0003001309571043939
2.004458401318414e-07,0.0002654199959581489
2.004467288010963e-07,0.0002305312396755906
2.004476625350591e-07,0.0001872498430359845
2.004484264697529e-07,0.0001647318974964099
2.004490901136326e-07,0.0001564145085005858
2.004498199906802e-07,0.0001517031172940531
2.004506121360202e-07,0.0001468341676688814
2.004516202678682e-07,0.000138772328268808
2.004525956497274e-07,0.0001295263855893897
2.00453745423412e-07,0.0001183841361708911
2.004551869706113e-07,0.0001054021892114558
2.004569198845899e-07,9.277081602927331e-05
2.004589731281259e-07,8.532662055195284e-05
2.004615828427425e-07,9.749524061596769e-05
2.004639167205706e-07,0.0001222601190381214
2.004657315898049e-07,0.0001305258600250326
2.004676894635099e-07,0.0001221550795779014
2.004699686824487e-07,0.0001570216778840979
2.004716305506544e-07,0.0001877257367221688
2.004729963062602e-07,0.0001790223091785535
2.004741570145146e-07,0.0001609601853583047
2.00475420726532e-07,0.0001779964494592025
2.00476616326748e-07,0.0002544575644758609
2.004776498667336e-07,0.0003127160821623782
2.00478564825211e-07,0.0003217981148760902
2.004798944271206e-07,0.0002780607547589787
2.004808456956196e-07,0.0002672556052698824
2.004818426883373e-07,0.0002986528508371589
2.004827207333312e-07,0.0003228575379745786
2.004835170207466e-07,0.0003245458208670802
2.004843590273022e-07,0.0003075355089745043
2.004853011964567e-07,0.0002781729843666631
2.004861909397808e-07,0.0002631599432126548
2.004872018092156e-07,0.0002938601842241674
2.004883213841732e-07,0.0003972484528959324
2.004896617142744e-07,0.0005639018564971304
2.004910155668059e-07,0.0007002406249101231
2.004924498390568e-07,0.0007604674943589984
2.004940967673278e-07,0.000725268191208599
2.004957738956151e-07,0.000614359367794171
2.004975491051029e-07,0.0004616351925487901
2.004993590489006e-07,0.0003095198478195332
2.00501225475055e-07,0.0001884483558402933
2.005032493660326e-07,9.993177874344114e-05
2.005055437205988e-07,4.020807391529426e-05
2.00507517403652e-07,1.669530501758552e-05
2.005096504585789e-07,7.0045643298979e-06
2.005121356514764e-07,3.343983534214241e-06
2.005147261772961e-07,2.054522046723087e-06
2.005176678726983e-07,1.434821933817876e-06
2.005213135996159e-07,1.058106061535245e-06
2.005264510462964e-07,7.715955643511332e-07
2.005340227013438e-07,5.290204357604273e-07
2.005448006608609e-07,3.366600179782577e-07
2.005600914827752e-07,2.062337101357364e-07
2.00583662969473e-07,1.28572953090256e-07
2.006124688991667e-07,9.255393731549457e-08
2.006475671284016e-07,7.090377264256387e-08
2.00692184980628e-07,5.511835905804309e-08
2.007567915723672e-07,4.187760172422827e-08
2.00863742932178e-07,3.023482065384589e-08
2.01024214256012e-07,2.179769493992364e-08
2.012552071232593e-07,1.608396974933687e-08
2.015753862236689e-07,1.22975596331264e-08
2.020325064746104e-07,9.647786152237304e-09
2.026935723646507e-07,7.737714681376415e-09
2.036467055004745e-07,6.329074240902275e-09
2.050074717163263e-07,5.261358866410996e-09
2.069542339119396e-07,4.421229355034042e-09
2.084771169559698e-07,4.007532771710156e-09
2.1e-07,3.697921352005398e-09
2.1005e-07,8.3256501939338e-08
2.100634409687625e-07,5.50086695828566e-07
2.100903229062876e-07,7.526523974056723e-06
2.100970223643318e-07,1.102478820584834e-05
2.101025561430574e-07,1.297903838928419e-05
2.101085303322275e-07,1.314651329633493e-05
2.101134760391896e-07,1.191478121887411e-05
2.101162450935979e-07,1.08059797094816e-05
2.10117184605798e-07,1.041674274390217e-05
2.101181837913127e-07,1.000889511339456e-05
2.101189994474697e-07,9.918466531432762e-06
2.101206307597838e-07,1.68256494935612e-05
2.101217197830462e-07,3.437393865210661e-05
2.101230653781588e-07,6.011680767430183e-05
2.101241271121608e-07,7.35551407599334e-05
2.101251861028793e-07,7.682271070981087e-05
2.101262450935979e-07,7.94312954847953e-05
2.101265564897469e-07,8.108074557449428e-05
2.101270259656411e-07,8.87401251615317e-05
2.101274538996159e-07,9.768699100321405e-05
2.101280968537899e-07,0.0001080659662991175
2.101289441931882e-07,0.0001098399190122156
2.101297944367802e-07,9.987465939038738e-05
2.101306710050121e-07,8.670749515845945e-05
2.101315329785919e-07,8.631723338203599e-05
2.101325205214425e-07,0.00010177525990285
2.10133513276952e-07,0.0001117602905919506
2.101346515302887e-07,0.0001085246919353185
2.10135769062654e-07,9.50344327868871e-05
2.101369358696413e-07,7.938317428868548e-05
2.101381254691925e-07,7.85571472988474e-05
2.101393627501515e-07,9.175786674667963e-05
2.101404493490172e-07,9.75555569930925e-05
2.101415481295322e-07,9.18260289523573e-05
2.101428634028597e-07,7.489242653647166e-05
2.101440098228296e-07,6.235061722429202e-05
2.101449771939754e-07,5.489652180471308e-05
2.101457610945902e-07,4.498301436315458e-05
2.101464363123618e-07,3.314226864925971e-05
2.10147187628007e-07,1.956126463634296e-05
2.101477510529166e-07,1.143502054484342e-05
2.101484274930727e-07,5.89067704071047e-06
2.101492587010751e-07,2.840400205302536e-06
2.101500467514137e-07,1.525215018380875e-06
2.101508021510902e-07,8.900067110374961e-07
2.10151698893895e-07,5.152769410149128e-07
2.101530143159906e-07,2.817776276015145e-07
2.10154842004203e-07,1.641571609075397e-07
2.101570476455024e-07,1.052972220457235e-07
2.101598777763758e-07,6.485349646355038e-08
2.101638173188986e-07,3.441500638149304e-08
2.101701452262147e-07,1.449524501309365e-08
2.101800744303172e-07,7.279404171987429e-09
2.101900372151586e-07,6.159029597130426e-09
2.102e-07,5.8915073608492e-09
2.102051519047293e-07,4.073227203081173e-09
2.102113283448614e-07,4.038364177882085e-09
2.10217176827514e-07,4.026770678401569e-09
2.102288737928193e-07,4.02484396987574e-09
2.102473679383198e-07,4.019257081499278e-09
2.102795900419766e-07,4.013985808312589e-09
2.103434349475172e-07,4.000217120744379e-09
2.10460991361811e-07,3.978947021223975e-09
2.106882834967724e-07,3.93531992115906e-09
2.111281844761468e-07,3.858714682447039e-09
2.119685313781073e-07,3.722077539965359e-09
2.129842656890536e-07,3.578262782764986e-09
2.14e-07,3.452273892552891e-09
2.140307638931505e-07,7.778152760665806e-09
2.140696568913106e-07,1.561450408622325e-06
2.140891033903907e-07,7.108007713836625e-06
2.140979353988957e-07,1.012601707430163e-05
2.141078889570914e-07,1.297791931272268e-05
2.141167771155203e-07,4.229457949799963e-05
2.141240474557977e-07,8.231355443182591e-05
2.141292685102291e-07,9.11076519443842e-05
2.141338737871673e-07,0.0001030750913964164
2.141373959016897e-07,0.0001371073002983285
2.141399550825149e-07,0.0001774446218212175
2.141427147825014e-07,0.0002242951721015414
2.141454033743691e-07,0.0002622766048710742
2.141487457482218e-07,0.0002894499996548849
2.14151647095326e-07,0.0003043374321596461
2.141532360234701e-07,0.0003222905396194416
2.141548918280075e-07,0.0003480108479930027
2.141562816952046e-07,0.000363384099606903
2.141575248875864e-07,0.000365206364630384
2.141590889013397e-07,0.0003487498876329974
2.141599998946754e-07,0.000330901368138313
2.141610860134102e-07,0.0003077357561409082
2.141618898377613e-07,0.0002917175097439088
2.141630879208885e-07,0.000270687531458337
2.141642186972377e-07,0.0002524180120090208
2.14165383967776e-07,0.0002342106523902284
2.141665216261794e-07,0.0002167178923136606
2.141678991707885e-07,0.0001958331844188699
2.141696803211605e-07,0.0001690331662517773
2.141716383210581e-07,0.0001405844429780739
2.141731964610514e-07,0.000120949839980577
2.141747700735312e-07,0.0001052086463994421
2.141775206958244e-07,8.517702814744367e-05
2.141799430282632e-07,7.142980742185466e-05
2.141825786776123e-07,6.113974231490664e-05
2.141849031279556e-07,5.725481778100809e-05
2.14187247735727e-07,6.155343623867245e-05
2.141903538611059e-07,8.487989296539131e-05
2.141927985290564e-07,0.0001053121009793877
2.141948583251031e-07,0.0001076151839840937
2.141968166236961e-07,0.0001031617773656361
2.14198408311848e-07,0.0001131589659214338
2.14199204155924e-07,0.0001191028618234222
2.142e-07,0.000118984362899073
2.142003630053847e-07,0.0001158840981782145
2.142010890161542e-07,0.0001052347324126601
2.14201748187973e-07,9.03735646581696e-05
2.142024139742165e-07,7.261501772915908e-05
2.142031997926194e-07,5.257116930517156e-05
2.142039024518826e-07,3.826192708724475e-05
2.142048422317659e-07,2.70498449447355e-05
2.142061872657781e-07,2.106189278063487e-05
2.142073049560187e-07,1.902392162679035e-05
2.142083547773006e-07,1.764553405986022e-05
2.142094564352482e-07,1.646710812502217e-05
2.14211109136093e-07,1.510031755437303e-05
2.142132392559544e-07,1.391345708833028e-05
2.142169352319012e-07,1.27966133584887e-05
2.142215934873932e-07,1.207911860463479e-05
2.142262184731904e-07,1.15656730339404e-05
2.142313751279979e-07,1.105363938781484e-05
2.142376832029228e-07,1.046124621849122e-05
2.142467426220089e-07,9.639966930133589e-06
2.142610556611187e-07,8.539243763282424e-06
2.142775046821462e-07,8.68479454442264e-06
2.143002618460499e-07,1.277299523526124e-05
2.143175201304549e-07,1.564122029338417e-05
2.14323213723061e-07,1.545271193414038e-05
2.143297912029887e-07,1.368431908270608e-05
2.14334170961313e-07,1.175167214588518e-05
2.143389291223206e-07,9.474125059756065e-06
2.143431971393278e-07,8.400654416182056e-06
2.143466214406584e-07,8.350811811651456e-06
2.143505488678146e-07,9.022657871367862e-06
2.143559107249406e-07,1.039609038378423e-05
2.143638642834524e-07,1.201925797262848e-05
2.143715774803298e-07,1.246176515428966e-05
2.143788809961327e-07,1.187041177841023e-05
2.143870345740129e-07,1.301198729123613e-05
2.143948040064104e-07,3.119479551840512e-05
2.14402142613127e-07,5.64976373792274e-05
2.144085224516494e-07,6.699173052188002e-05
2.144169886668937e-07,8.708342251323655e-05
2.14423590984105e-07,0.0002240454684839626
2.144271454029031e-07,0.0003437346367084244
2.144307522847432e-07,0.0004059863951003345
2.14434449915566e-07,0.0003999826127684141
2.144361402184603e-07,0.0004132777357232778
2.144376029250698e-07,0.0004443076374303858
2.14439049524343e-07,0.0004840067430213674
2.144405470902402e-07,0.0005331931088834201
2.144418576980598e-07,0.000621994017016327
2.144428715647684e-07,0.0007000988390329975
2.144437939392448e-07,0.0007368026150002555
2.144445794094569e-07,0.0007481885383983369
2.144454144623026e-07,0.0007435105194657999
2.144461796365021e-07,0.0007061527066890666
2.144470286537478e-07,0.0006512639467362208
2.144476548485066e-07,0.0006260666946477626
2.144482948513833e-07,0.000601903257513722
2.144490114735716e-07,0.0005670801514378165
2.144497645762377e-07,0.0005242712373360427
2.144505254152476e-07,0.0004814298938567011
2.144514856233332e-07,0.0004358269994230056
2.144523496584323e-07,0.0004049924814309512
2.144534956730024e-07,0.0003741269909798278
2.144545794693681e-07,0.0003522151472429
2.144556079856953e-07,0.0003391821670384496
2.144567774953846e-07,0.0003328756153336493
2.144581085718932e-07,0.0003368489548947302
2.144593930670047e-07,0.0003506708114364263
2.144604163729806e-07,0.0003548973375337286
2.144614329580253e-07,0.000349394177788972
2.144621906824813e-07,0.000352005903910157
2.144629704855355e-07,0.0003703819045973122
2.144637698155778e-07,0.0003955018928952208
2.144647450909877e-07,0.0004071490147514253
2.14465882069722e-07,0.0003792268576354094
2.144670400385125e-07,0.0003230064244778009
2.144680947532038e-07,0.0003056501885504025
2.144691291058852e-07,0.0003430749081098137
2.1447007427097e-07,0.0003717224075094315
2.144708999467784e-07,0.0003620247374929215
2.144718363438199e-07,0.0003189450988903873
2.144727116763783e-07,0.0002833708184963233
2.144735874674379e-07,0.0002993918800933886
2.144744512531272e-07,0.000356351135090011
2.144753104082896e-07,0.0004031578462002725
2.144762796404203e-07,0.0004139224061170615
2.144772805815915e-07,0.0003881246143304923
2.144782083668245e-07,0.0003645542395300795
2.14479223824795e-07,0.0003835952385093765
2.144802542463458e-07,0.0004653754779072903
2.144812583985674e-07,0.0005678264499285859
2.14482311431702e-07,0.0006501804043433949
2.144832787260743e-07,0.0006821561134358285
2.144843973906515e-07,0.0006714749963150883
2.144856168606886e-07,0.0006212579752477295
2.144868573860604e-07,0.0005496226354710794
2.144883013574621e-07,0.0004593020709580755
2.14489878772717e-07,0.0003645653082827524
2.144917653490252e-07,0.0002647946675820894
2.144941684273894e-07,0.0001645998793858709
2.144974630018908e-07,7.632223268192245e-05
2.145018556340643e-07,2.280637395380973e-05
2.145053284537262e-07,8.286135251030873e-06
2.145088106134975e-07,3.294579490651445e-06
2.145124134450618e-07,1.659563087203512e-06
2.145167828541131e-07,1.073763841419878e-06
2.145218044185431e-07,8.608057328560429e-07
2.145281014993805e-07,7.306366615594042e-07
2.145363772278435e-07,6.10867301818619e-07
2.145484551563997e-07,4.797312003589157e-07
2.145677485465288e-07,3.374803131788125e-07
2.146030580932125e-07,1.966361763510936e-07
2.146578701161684e-07,1.094689175750012e-07
2.147273405993389e-07,7.145277786634856e-08
2.148102439496471e-07,5.309160799804123e-08
2.149150345799347e-07,4.137604698687892e-08
2.15061118115216e-07,3.246666699456241e-08
2.152909473648809e-07,2.509971998119346e-08
2.156478405123132e-07,1.947476036021998e-08
2.161461739908651e-07,1.55991895157474e-08
2.168445494199014e-07,1.277193953229516e-08
2.178356255349685e-07,1.058430297870888e-08
2.189178127674843e-07,9.158298515516261e-09
2.2e-07,8.193174396920445e-09
2.200317085181838e-07,2.375856465489912e-08
2.200713936528276e-07,4.056878194401174e-06
2.200874694462242e-07,1.388356480010146e-05
2.200942088795066e-07,1.811148318268798e-05
2.201017641903171e-07,1.990174790449177e-05
2.201096503549575e-07,1.818820771760469e-05
2.201153819108494e-07,1.567966588777904e-05
2.201200984796683e-07,1.484338942372707e-05
2.201236435570122e-07,1.76067616431995e-05
2.201254160956842e-07,2.150856561946041e-05
2.201286323862372e-07,3.612173178191552e-05
2.201325746001241e-07,6.819986453175641e-05
2.201380650585709e-07,0.0001205961017802852
2.201442087152421e-07,0.0001556080191939052
2.201489325369753e-07,0.0001571950775659921
2.201542823612665e-07,0.0001426957836377773
2.201575164462872e-07,0.0001403282792625966
2.201596431034891e-07,0.0001462730679782545
2.201615891254326e-07,0.0001555091878228344
2.201635554166767e-07,0.0001647222682532832
2.201658540524265e-07,0.0001723945493010004
2.201682755878621e-07,0.0001913346287786001
2.201705427370435e-07,0.0002060014414102184
2.201722375887416e-07,0.0002305622946100002
2.201737375286643e-07,0.0002773917046862228
2.201751086170319e-07,0.0003222233560078585
2.201766068022925e-07,0.0003515404258430027
2.201782290996334e-07,0.0003565957963437704
2.20179756879274e-07,0.0003531324323131485
2.201811242925908e-07,0.0003411538658861026
2.201821044940383e-07,0.0003309997916746618
2.20183194551133e-07,0.0003212831293071335
2.201846132236042e-07,0.0003083049210557622
2.201856808263888e-07,0.0002978014362738286
2.20186840194702e-07,0.0002850235575565529
2.201878947700919e-07,0.0002718586389458346
2.201888744035319e-07,0.0002591482629789657
2.201898570362722e-07,0.0002461616238281576
2.201916208361962e-07,0.0002235610479586629
2.201930380612334e-07,0.000208556208869321
2.201942684994783e-07,0.0001988738376456004
2.201957386877443e-07,0.0001925439425605423
2.201976418166679e-07,0.000192494398254977
2.201988209083339e-07,0.000195769083155473
2.202e-07,0.0001992523861964945
2.202005297136769e-07,0.000199996198413663
2.202015891410306e-07,0.000200229860314432
2.202026179314753e-07,0.0001977286343981787
2.202042226826529e-07,0.0001888571528382523
2.202060080421746e-07,0.0001903384648890915
2.202075100385553e-07,0.0002011774155147448
2.202088583326713e-07,0.0002062841674215571
2.202099736079663e-07,0.0002076367326280001
2.20211364914754e-07,0.0002056670562304903
2.202126504708826e-07,0.0002022578518877032
2.202137941241544e-07,0.0001992798225890948
2.202152555215743e-07,0.0001957550818601304
2.202181783164141e-07,0.0001897451262671387
2.20222899628212e-07,0.0001818710923483142
2.202275581312194e-07,0.0001776173305485511
2.202305225721613e-07,0.0001816429922293191
2.20233720902598e-07,0.0001826834962290854
2.202362108450185e-07,0.0001753809497015441
2.202372404561693e-07,0.0001750624530219642
2.202381979584023e-07,0.0001815196896202716
2.202390504971416e-07,0.0001912705948974837
2.202399631903802e-07,0.0001967823900684049
2.202407559652473e-07,0.0001915822862463332
2.202420341767576e-07,0.0001611733652621838
2.202430449008847e-07,0.0001257623407739078
2.202438383254428e-07,0.0001014963326542459
2.202444654494422e-07,8.900997300510154e-05
2.202453062654114e-07,7.91849954189e-05
2.202461946883664e-07,7.22528496110615e-05
2.202469088839458e-07,6.799371905469718e-05
2.202477441445024e-07,6.394462474747775e-05
2.202491269790943e-07,5.856261117129585e-05
2.202509042209642e-07,5.30658651962739e-05
2.202529287989658e-07,4.804505343292999e-05
2.202554003428221e-07,4.318568687094361e-05
2.202587947640542e-07,3.815782528410205e-05
2.202630924280439e-07,3.36743454560808e-05
2.202681864686718e-07,3.005108662706328e-05
2.202746973148439e-07,2.662964720355222e-05
2.202802374418522e-07,2.397788597496836e-05
2.20286283282394e-07,2.059221966422464e-05
2.202907275708623e-07,1.774386340003474e-05
2.202956961720099e-07,1.446296669148299e-05
2.203004414821759e-07,1.149681049297804e-05
2.203054948328556e-07,9.391556733798128e-06
2.203091852974481e-07,8.526939408312378e-06
2.203136180554068e-07,8.058797344351199e-06
2.203195277087556e-07,7.999972684021819e-06
2.203283599858729e-07,8.319380607055031e-06
2.203374617314014e-07,8.472545428466446e-06
2.203477925497551e-07,8.132151457836601e-06
2.203585251071642e-07,7.331857705620902e-06
2.203706688236618e-07,8.174732870344667e-06
2.203836801767439e-07,2.648057460961296e-05
2.203942813028617e-07,5.129656947921988e-05
2.204026587546606e-07,5.778238790029254e-05
2.20408129582514e-07,6.638079962369951e-05
2.204116100765008e-07,9.441201234758346e-05
2.204148083401707e-07,0.000144732247605368
2.204181343826614e-07,0.0002085426837038827
2.204214155788018e-07,0.0002595924250351689
2.204236970915815e-07,0.0002853660518279925
2.204260015349903e-07,0.0003301727849613935
2.204282332001769e-07,0.0004529431891804723
2.204298400816135e-07,0.0005762742382148365
2.204312825825775e-07,0.0006638496457318633
2.20432316773307e-07,0.000744236716205711
2.204334722425081e-07,0.0008388368542132015
2.204343619487597e-07,0.0008690153719892896
2.204351931724769e-07,0.0008561342189522074
2.204358898832952e-07,0.0008259063469943902
2.204368012744785e-07,0.0007669920085893267
2.20437419332695e-07,0.0007192454906553512
2.204380922145729e-07,0.0006661127870635455
2.204387125334709e-07,0.0006203779347385323
2.204393965175275e-07,0.000577912729692283
2.204401199485133e-07,0.0005417565072472868
2.204409703350341e-07,0.0005039316658961066
2.204419021480685e-07,0.0004566738036072969
2.204429291989504e-07,0.0003923377191508207
2.204440204003333e-07,0.0003209506147085173
2.204452437295139e-07,0.0002594642764075909
2.204461593498007e-07,0.0002202503527817546
2.204471122760099e-07,0.0001755478088370662
2.204477503389388e-07,0.0001500157284656058
2.204484370415576e-07,0.0001328072431980227
2.204491635033807e-07,0.0001217972076452723
2.204502547732504e-07,0.0001101260243740171
2.204513733310054e-07,9.975142565594171e-05
2.204524754381146e-07,9.016181920323049e-05
2.20453682776413e-07,8.059992114556178e-05
2.204551552563347e-07,7.059845220851861e-05
2.20456919214e-07,6.157638220724287e-05
2.204590585836938e-07,5.720907600114562e-05
2.204618267261154e-07,6.878067809600204e-05
2.204640141160775e-07,8.377659281157993e-05
2.20465811906114e-07,8.654738774642097e-05
2.204679987056274e-07,8.260594515441575e-05
2.204699591673409e-07,0.0001105971440686826
2.204715070165442e-07,0.0001259933742029798
2.204728407498459e-07,0.0001179540219789181
2.20474010944176e-07,0.0001063739217657479
2.20475248312539e-07,0.0001225823336078472
2.204764834193571e-07,0.0001785518634791289
2.204775688253874e-07,0.0002170194322322706
2.204786047208302e-07,0.0002186494478680941
2.20479999243959e-07,0.0001880245363161577
2.204810754085069e-07,0.0002022835404501323
2.20482152713276e-07,0.0002415320255946706
2.204831412719777e-07,0.0002563796399151717
2.204840147138008e-07,0.0002487620662217928
2.204851405307887e-07,0.0002214774047000874
2.204862198633245e-07,0.0002019391418678897
2.204872520357831e-07,0.0002261861452106091
2.204884309782217e-07,0.0003222793215844167
2.204897865407496e-07,0.0004722370806622093
2.204913718580792e-07,0.0006061841107938522
2.204929528532269e-07,0.000647477285149521
2.204946557679755e-07,0.0006033851036853053
2.204963788825497e-07,0.0005019366646021965
2.204982016105631e-07,0.0003706095635172946
2.205000626724913e-07,0.0002435117118349008
2.205019937639606e-07,0.0001426506233869091
2.205043418783801e-07,6.18470226121287e-05
2.205068503519622e-07,2.000899934825949e-05
2.205089249300863e-07,7.809701747504716e-06
2.205112296629907e-07,3.355043815930983e-06
2.205138037033019e-07,1.788896572994012e-06
2.205165893209454e-07,1.164048478691005e-06
2.205199896962218e-07,8.219961993798695e-07
2.20524545993636e-07,5.899813406039778e-07
2.205314059477865e-07,3.9740064175759e-07
2.20540927361082e-07,2.483307671668759e-07
2.205552619913238e-07,1.394005652055252e-07
2.205763866153385e-07,7.900560457739085e-08
2.206051650263186e-07,5.191828261814807e-08
2.206396255795662e-07,3.881728192481361e-08
2.206837376365325e-07,3.01016733741697e-08
2.207460723712865e-07,2.32850308074714e-08
2.208485022915611e-07,1.743528692600641e-08
2.209982926128092e-07,1.32953579370775e-08
2.212196137776449e-07,1.039399372738668e-08
2.215254273702691e-07,8.457497267977672e-09
2.219624089646713e-07,7.060971508817993e-09
2.225916346817932e-07,6.00596003990394e-09
2.235018619075865e-07,5.169138828967352e-09
2.248126300040383e-07,4.480078886144494e-09
2.267022788598458e-07,3.896402388549979e-09
2.283511394299229e-07,3.566212623375711e-09
2.3e-07,3.321442040251158e-09
2.3005e-07,8.287107287826623e-08
2.300634409687625e-07,5.497130336254264e-07
2.300903229062876e-07,7.526151493136238e-06
2.300970223641411e-07,1.102443839786942e-05
2.301025561427712e-07,1.297866639812833e-05
2.301085303318936e-07,1.314614168300053e-05
2.301134760391313e-07,1.191440980098412e-05
2.301162450935989e-07,1.080560839509868e-05
2.30117184605815e-07,1.046244878761375e-05
2.3011818379135e-07,1.010558030967166e-05
2.301189994475181e-07,1.010379181077135e-05
2.301206307598543e-07,2.024363867755488e-05
2.301217141925038e-07,4.71645068230933e-05
2.301230610988577e-07,9.145102287512862e-05
2.301241221315534e-07,0.0001187114593824624
2.301251836125761e-07,0.0001317979233718524
2.301262450935989e-07,0.0001388221056832596
2.301265567760177e-07,0.0001373321979384401
2.301270269080279e-07,0.0001419848074024935
2.301274553969742e-07,0.0001510485647511632
2.301280984719464e-07,0.0001687033310761203
2.301289468161748e-07,0.0001901799348693804
2.301297975474122e-07,0.0002003169262431467
2.301306743676731e-07,0.0001969080920262701
2.301315362495029e-07,0.0001929991930075233
2.30132524992695e-07,0.0001942630737542089
2.30133515839809e-07,0.000194604676287156
2.301345542583761e-07,0.0001892543530189812
2.301356619976793e-07,0.0001704759481280419
2.301365235162836e-07,0.0001523178220999155
2.301374769297905e-07,0.0001382545069054852
2.301386291485576e-07,0.0001378736436960609
2.30139554589683e-07,0.0001427596758899323
2.301405772294999e-07,0.0001422458169004328
2.301418178277675e-07,0.0001322313628359551
2.301429529593137e-07,0.0001220642558403344
2.301441198521103e-07,0.0001223079018663889
2.301450228634598e-07,0.0001261193928746061
2.30145808028397e-07,0.0001234615902283989
2.301464153403359e-07,0.0001162059248924205
2.301471555514799e-07,0.000103735962518544
2.301477124510377e-07,9.385029580686237e-05
2.301483841353423e-07,8.371712183532877e-05
2.301491830400101e-07,7.296276675908496e-05
2.301499943453523e-07,6.301965310092367e-05
2.301507368845358e-07,5.491466735118507e-05
2.30151553045452e-07,4.555362826241477e-05
2.301524230659492e-07,3.372944732126942e-05
2.301531315515364e-07,2.35753547037421e-05
2.301538748304809e-07,1.469112658932514e-05
2.301545631166617e-07,9.019723920904001e-06
2.301554693483856e-07,5.046968560848643e-06
2.301566010835662e-07,2.988688411465686e-06
2.301577665646397e-07,1.974812403200703e-06
2.301588219644178e-07,1.386172421459206e-06
2.301600148214378e-07,9.271504517718917e-07
2.301615899706277e-07,5.407958170804819e-07
2.301640103990781e-07,2.336897406875554e-07
2.301676929530124e-07,6.69621318983378e-08
2.301722876709999e-07,1.866480544897001e-08
2.301776659583617e-07,8.611632261428275e-09
2.301842343745278e-07,6.5213153298044e-09
2.301929702758541e-07,5.962735865792142e-09
2.302e-07,5.800992617069586e-09
2.302043275947897e-07,3.99931242355531e-09
2.302095429714902e-07,3.948679298729616e-09
2.302144340002774e-07,3.936304169787238e-09
2.302242160578517e-07,3.935125685171742e-09
2.302395736667929e-07,3.9307279177723e-09
2.302671588324691e-07,3.925897387122096e-09
2.303223291638214e-07,3.917828121698984e-09
2.304298033006914e-07,3.898951609758851e-09
2.306447515744312e-07,3.864391960838048e-09
2.310746481219109e-07,3.798385730500806e-09
2.319344412168703e-07,3.677470237520043e-09
2.329672206084351e-07,3.548975370494358e-09
2.34e-07,3.435579254801476e-09
2.340310089321639e-07,7.937613494813166e-09
2.340701081828229e-07,1.631612172882417e-06
2.340863446599701e-07,6.106726401466506e-06
2.340946137550156e-07,9.24522885744403e-06
2.341046336140032e-07,1.146139814854446e-05
2.341126788859294e-07,2.255702672910118e-05
2.341177895537727e-07,4.880018001777617e-05
2.341237445641371e-07,8.215608515391549e-05
2.341283179130438e-07,9.078488216063544e-05
2.341325375722223e-07,9.71860088483523e-05
2.341357598983978e-07,0.0001167613553922202
2.341382940444525e-07,0.0001490051777780961
2.341414459487031e-07,0.0002018606204955542
2.34143914086678e-07,0.0002419457647090705
2.341468240265321e-07,0.0002769911051806721
2.341498631472054e-07,0.0002952581900332464
2.341518424968719e-07,0.0003067756257386382
2.341540423367376e-07,0.0003350693672418134
2.341555906486469e-07,0.0003583464155272303
2.341569192515683e-07,0.0003683459239732656
2.341583172990721e-07,0.0003633901497747382
2.341599486783774e-07,0.0003372956440463516
2.341608160706511e-07,0.0003186458572138658
2.341617115676431e-07,0.0002999889187535481
2.341626024679169e-07,0.000283474493413509
2.341642044631928e-07,0.0002566892696613234
2.341654037855302e-07,0.0002375939333909096
2.341665965071069e-07,0.0002188541995567116
2.341678427481999e-07,0.0001995568405416077
2.341696637639694e-07,0.0001717398020379712
2.341716730843935e-07,0.0001421926429287066
2.341732159267076e-07,0.0001225189481606764
2.341747778047846e-07,0.0001066642002210083
2.341774396584587e-07,8.704846664231952e-05
2.341798259349249e-07,7.329315099496359e-05
2.341826018603843e-07,6.19458255729407e-05
2.341848336523025e-07,5.699123012651046e-05
2.341872020996102e-07,5.818014936816575e-05
2.341902148592069e-07,7.623840167139634e-05
2.341929288661278e-07,0.0001011916066068459
2.341950475929462e-07,0.0001086286514698257
2.341973847139442e-07,0.0001031313445479637
2.341986923569721e-07,0.0001090871105597355
2.342e-07,0.0001194517137360966
2.342003311962793e-07,0.0001198223734528877
2.34200993588838e-07,0.0001171615071094879
2.342017006629498e-07,0.0001078762311752366
2.342026959171677e-07,8.533113313615286e-05
2.342036399031171e-07,6.023913478759216e-05
2.342044132009327e-07,4.259671044480139e-05
2.342051910919247e-07,3.07336251648688e-05
2.342062450528501e-07,2.320088459570985e-05
2.342072136055037e-07,2.038883132663109e-05
2.342082329063183e-07,1.867967560820085e-05
2.342092515854777e-07,1.738874797053929e-05
2.342105121102894e-07,1.60993323029811e-05
2.342121383269029e-07,1.483925852742416e-05
2.342145622185287e-07,1.361631616931495e-05
2.342182670880473e-07,1.262867089208249e-05
2.34222854049777e-07,1.196574404933764e-05
2.342274950730379e-07,1.14589846250122e-05
2.34232769671457e-07,1.093807200924017e-05
2.342393253140421e-07,1.032375518702345e-05
2.342488449440266e-07,9.464799376232526e-06
2.342640922961261e-07,8.404938226347631e-06
2.342803511180603e-07,8.978486431027024e-06
2.343035835407229e-07,1.345064330133816e-05
2.343201815858289e-07,1.570100194825948e-05
2.343259805711581e-07,1.489008577270923e-05
2.343320359374896e-07,1.277422705571302e-05
2.343387878750433e-07,9.564246601085582e-06
2.343436572672116e-07,8.362147773722206e-06
2.343472906368643e-07,8.408330620360081e-06
2.343519735978179e-07,9.349388526692913e-06
2.343575980327261e-07,1.078745714128245e-05
2.343656413704862e-07,1.222472683307086e-05
2.343734459202154e-07,1.239517660447973e-05
2.343810158693066e-07,1.162935727173387e-05
2.34388356328822e-07,1.434183493388847e-05
2.34396283192016e-07,3.625666011776905e-05
2.344034890651875e-07,5.959526585237957e-05
2.344099720941162e-07,6.769855713454994e-05
2.344189013299521e-07,0.0001044065317241275
2.344252029091118e-07,0.0002607415555525791
2.34429856928461e-07,0.0003745376868593305
2.344333660798048e-07,0.0003797616707795382
2.34434966061284e-07,0.0003878481910808295
2.344363100061803e-07,0.0004138573916119524
2.344379395037386e-07,0.0004654723328151717
2.344393354958459e-07,0.0005121354121401321
2.34440788068334e-07,0.0005696194638037513
2.344420064908804e-07,0.0006626887556344593
2.344429792442401e-07,0.0007384724511225959
2.344439044389465e-07,0.0007771313649258765
2.344449910925896e-07,0.0007922283849151156
2.344457776047688e-07,0.0007763610484312905
2.34446676330828e-07,0.0007245560572838503
2.344473920559685e-07,0.0006851501658051711
2.344480264173779e-07,0.0006531063193567891
2.344486780449174e-07,0.0006152166764610222
2.344495277696054e-07,0.0005578381183855117
2.344502620672597e-07,0.0005067262659931341
2.344511254937231e-07,0.0004553307784250445
2.344519935953427e-07,0.0004214045315041214
2.344529570941966e-07,0.0004029151021544338
2.344540561369695e-07,0.000394195655827575
2.344550542498079e-07,0.0003887745993733021
2.344561359049871e-07,0.0003804730442396182
2.344574239618787e-07,0.0003690367072864472
2.344586786104008e-07,0.0003739020599557913
2.344598019552417e-07,0.0004049783185959783
2.34460779782151e-07,0.000435439621932257
2.344616714853664e-07,0.0004463914198579244
2.344626350524423e-07,0.0004455703924046612
2.344633713823428e-07,0.0004408295816659828
2.344640566527575e-07,0.0004310212036949975
2.344647476560475e-07,0.0004116611874845912
2.34465663298249e-07,0.0003665432485662515
2.344666564577827e-07,0.0003019355652168544
2.344674918437182e-07,0.0002604619080372776
2.344684381206907e-07,0.0002534411904114261
2.344695077507998e-07,0.0002733143177493802
2.344704111235089e-07,0.0002758559043842878
2.344714654982073e-07,0.0002490181206542514
2.344725395486341e-07,0.0002102431722244454
2.34473525866486e-07,0.0002146958044546683
2.344745565103093e-07,0.0002740053068443155
2.344755247030061e-07,0.0003205963893691543
2.344765736593914e-07,0.0003300248133211862
2.344777912066026e-07,0.0002974992260307517
2.344789129443516e-07,0.0002773731642745339
2.344799300690463e-07,0.0003247860372092887
2.344811393007383e-07,0.0004381480639020083
2.344824090121929e-07,0.0005415158032932095
2.344834103939873e-07,0.0005790116045006957
2.344845738150832e-07,0.000576235259141573
2.344858110215288e-07,0.0005371219709113036
2.344870793033325e-07,0.0004779536838263328
2.344885829759844e-07,0.0004009021425718547
2.344902001764672e-07,0.0003208192903973449
2.344921858124162e-07,0.0002336828895851672
2.344947508234125e-07,0.0001440839471476854
2.344983313890815e-07,6.348181224274263e-05
2.34503099097319e-07,1.68131482578695e-05
2.345069142151898e-07,5.517003702640034e-06
2.345104901332494e-07,2.284483404791607e-06
2.345143166272095e-07,1.251147909912774e-06
2.345188337011623e-07,8.948755947922274e-07
2.345242669037883e-07,7.404199916174836e-07
2.345311787444385e-07,6.27977151522162e-07
2.345406244527117e-07,5.150746732770798e-07
2.345547812779337e-07,3.920267838408751e-07
2.345787734889758e-07,2.606644581369643e-07
2.346248760314994e-07,1.418958005132337e-07
2.346861579318773e-07,8.566609786944691e-08
2.347611474752782e-07,6.017457400537653e-08
2.348512173295329e-07,4.607361833565806e-08
2.349707363640594e-07,3.607783767832187e-08
2.351449546402959e-07,2.820057126930177e-08
2.354375866540312e-07,2.155847553966147e-08
2.358424090389004e-07,1.710593665691571e-08
2.364128997777644e-07,1.390444248492949e-08
2.372123048417853e-07,1.150440784616016e-08
2.383664020948864e-07,9.579433610099242e-09
2.4e-07,8.020275536472084e-09
2.4005e-07,3.386124436778169e-07
2.400634409687625e-07,1.825596607696981e-06
2.400701614531438e-07,3.620701262789698e-06
2.400836024219063e-07,1.106719260762737e-05
2.400900012635121e-07,1.581935377114468e-05
2.400967849057674e-07,1.919683999181103e-05
2.401025971150778e-07,1.99057419821131e-05
2.401095768882842e-07,1.821906324398946e-05
2.401150759050469e-07,1.580592442416423e-05
2.401197549754281e-07,1.478188355988945e-05
2.401232421743877e-07,1.70128279519852e-05
2.401249857738674e-07,2.031709951844689e-05
2.401282643410671e-07,3.384435843134811e-05
2.401319377675791e-07,6.213297795444204e-05
2.401375019638328e-07,0.0001156901093917376
2.401433836321327e-07,0.0001531073568870098
2.401481176167152e-07,0.0001584290340076718
2.401533267148427e-07,0.000145180267448834
2.401572612017688e-07,0.0001400430771124401
2.40159472695226e-07,0.0001456031136002228
2.401614090203071e-07,0.0001546233516220829
2.401634393714262e-07,0.000164248714468491
2.401656079114019e-07,0.0001715282133734015
2.401680890090198e-07,0.0001895664361497803
2.401703462884618e-07,0.0002049891557791723
2.401721049114268e-07,0.0002275446493652945
2.401735823691323e-07,0.0002723273982102008
2.401749735834201e-07,0.0003185554296388079
2.4017641584696e-07,0.0003495559401602588
2.40178025733804e-07,0.0003564716617513202
2.401795927321853e-07,0.0003540289601949134
2.401809785741769e-07,0.0003425910830444021
2.401819914516292e-07,0.000332033357774962
2.401830275713434e-07,0.0003226793396713735
2.401843689021696e-07,0.0003105594630486449
2.401854541515007e-07,0.0003000110826106464
2.401865787843875e-07,0.0002880638828612286
2.401877177294538e-07,0.0002740375193679579
2.401890665019073e-07,0.0002565508974416833
2.401900190871296e-07,0.0002439403640267693
2.401917079861096e-07,0.0002224683195122864
2.401930782296156e-07,0.0002081283991773363
2.401943336415485e-07,0.0001984400494828545
2.401957601358282e-07,0.0001924828860271115
2.401976454904872e-07,0.0001925119179641915
2.401988227452436e-07,0.0001957913594759395
2.402e-07,0.0001992623931052175
2.402005298450453e-07,0.0002000001381420967
2.402015895351359e-07,0.0002002181348397263
2.402026177712248e-07,0.0001977008036336241
2.402042212513515e-07,0.0001888255530735872
2.402060051686937e-07,0.0001903597191869906
2.402075065646878e-07,0.0002011912896052188
2.402088539611e-07,0.0002062875800773995
2.402099692672943e-07,0.0002076356365727271
2.402113615209635e-07,0.0002056601478833775
2.402126454413217e-07,0.0002022546814502339
2.402137894901308e-07,0.0001992761641711658
2.402152515620378e-07,0.0001957506916989671
2.402181757058518e-07,0.0001897396795856236
2.402229018568169e-07,0.0001818601128287848
2.402275588786766e-07,0.0001776219365394688
2.402305194943831e-07,0.0001816497116904522
2.402337161497911e-07,0.0001826831321793957
2.402362058130208e-07,0.0001753801426626879
2.402372349974588e-07,0.0001750651799944535
2.402381925403076e-07,0.0001815262740131646
2.402390450800527e-07,0.0001912772604725923
2.402399576310764e-07,0.0001967835681745835
2.402407504782576e-07,0.0001915774053210139
2.402420278078134e-07,0.0001611879563520058
2.402430386011555e-07,0.000125775348236241
2.40243832004817e-07,0.0001015067868849793
2.402444591126042e-07,8.901688199463395e-05
2.402452997151108e-07,7.919150529864531e-05
2.402461885654917e-07,7.225484932914302e-05
2.40246902695963e-07,6.79957798083262e-05
2.4024773793225e-07,6.394648596327349e-05
2.402491201032312e-07,5.85664217388977e-05
2.402508973297242e-07,5.306892327439873e-05
2.402529216616946e-07,4.804799925825842e-05
2.402553930222724e-07,4.318820694486978e-05
2.402587866195055e-07,3.816052361518804e-05
2.402630841110138e-07,3.367610103615785e-05
2.402681774799742e-07,3.005246006907777e-05
2.402746875283996e-07,2.663108474856513e-05
2.402802310148265e-07,2.397810383544769e-05
2.402862797975261e-07,2.059157088924927e-05
2.40290724509617e-07,1.774327777379069e-05
2.402956974680585e-07,1.445980980433293e-05
2.403004420933713e-07,1.149460812780012e-05
2.403054944748419e-07,9.390386305510827e-06
2.403091853537091e-07,8.525998947201272e-06
2.403136169194326e-07,8.058230355506681e-06
2.403195279626563e-07,7.999583420158155e-06
2.403283602657562e-07,8.319124574130589e-06
2.403374624279996e-07,8.472264070295491e-06
2.403477932927126e-07,8.13178437869868e-06
2.403585262146688e-07,7.33142478794596e-06
2.403706707436505e-07,8.176038164918411e-06
2.403836814707614e-07,2.64876973858963e-05
2.403942813138828e-07,5.12991625948761e-05
2.404026586354869e-07,5.778261208533088e-05
2.404081265131829e-07,6.637481326881237e-05
2.404116067943707e-07,9.439355579330171e-05
2.404148050917966e-07,0.0001447045060137329
2.404181311546355e-07,0.0002085135506525092
2.404214124014546e-07,0.0002595672203517744
2.404236929966165e-07,0.0002853472861881313
2.404259973456224e-07,0.0003305618322593248
2.404282292657211e-07,0.0004555450145826154
2.404298373620053e-07,0.0005818632914372523
2.404312819829003e-07,0.0006706197409556646
2.40432393589145e-07,0.0007562098108861077
2.404335410656287e-07,0.0008447713781556338
2.404344298239982e-07,0.0008699802040909851
2.404352796729669e-07,0.0008538934489911706
2.404359878468693e-07,0.0008218022247445775
2.404369152563773e-07,0.000760069050126191
2.404375076104961e-07,0.0007143543804418543
2.404381427030749e-07,0.000664770566409337
2.404387908892496e-07,0.0006183534520321938
2.404395120654392e-07,0.0005759550610082455
2.40440236244506e-07,0.0005420058696800361
2.404411152105637e-07,0.0005039354306290117
2.404420491462073e-07,0.0004557031802711241
2.404431000132838e-07,0.0003883767672881806
2.404441941517842e-07,0.0003178395837139218
2.404453480787202e-07,0.0002613156347231899
2.404462426516513e-07,0.0002220249126267368
2.404472130937426e-07,0.0001751446588327944
2.404478538366353e-07,0.0001496922871933707
2.404485190776039e-07,0.0001334265183827996
2.404492515100222e-07,0.0001224474968626935
2.404504269338306e-07,0.0001099245536501233
2.404514864850536e-07,9.990681718526964e-05
2.404525827058788e-07,9.024837778030989e-05
2.404537627406363e-07,8.082255712750127e-05
2.404552681346459e-07,7.057662582566834e-05
2.404570408337671e-07,6.16005855377111e-05
2.404592144480144e-07,5.756831543550848e-05
2.404620109280864e-07,7.008530867173062e-05
2.404641516580579e-07,8.444374849936093e-05
2.404659435619301e-07,8.64685763522064e-05
2.404681891553751e-07,8.371456434874225e-05
2.404700764535333e-07,0.0001121964922362175
2.404715892038144e-07,0.0001261595606205684
2.404729147110261e-07,0.0001176365975337882
2.404740865872189e-07,0.0001064307638839075
2.404753109204144e-07,0.0001239737706125235
2.404765353996486e-07,0.0001783706402417703
2.404775380186475e-07,0.0002099128685465613
2.40478473817263e-07,0.0002087831060747535
2.40479734545299e-07,0.0001775569053050133
2.404806856360342e-07,0.0001744813316882448
2.404816871401933e-07,0.0001921020859312741
2.404825631790021e-07,0.0002011180282426821
2.404833660620448e-07,0.0001982710060940235
2.404842388834124e-07,0.0001855127266798493
2.404851623243168e-07,0.000169321310621613
2.404860655715265e-07,0.0001651501175544289
2.404870838427265e-07,0.0001873068594487447
2.404882658988684e-07,0.0002482730643492084
2.404896499054779e-07,0.0003517976818852839
2.404910170971278e-07,0.000448001301165029
2.404927525976113e-07,0.0005066449144885764
2.40494415323087e-07,0.0004930313998707099
2.404961986613733e-07,0.0004277403487209351
2.404980220365159e-07,0.0003346774084148009
2.404999337536749e-07,0.0002354194319969033
2.405019562315611e-07,0.0001452789950132145
2.405043883761846e-07,6.415854394573152e-05
2.405065509217062e-07,2.430674262593388e-05
2.405087131949232e-07,8.514607173314941e-06
2.405112012632717e-07,3.033975653188384e-06
2.405138307891129e-07,1.488528838856074e-06
2.405165699471297e-07,9.590385616801055e-07
2.405198457496505e-07,6.891336620581132e-07
2.405242364043337e-07,5.087905941405159e-07
2.405308521775836e-07,3.585914849630362e-07
2.405400625829257e-07,2.396026510443328e-07
2.405545940647478e-07,1.454741467778175e-07
2.405760494284707e-07,8.999583539283147e-08
2.4060612234167e-07,6.136037880159116e-08
2.406423383189601e-07,4.60645692042504e-08
2.406895896062256e-07,3.54109149350384e-08
2.407577027782389e-07,2.697422429739089e-08
2.408634771920088e-07,2.014330820194559e-08
2.410207068210316e-07,1.518165492180582e-08
2.412499195998392e-07,1.172926000278789e-08
2.41569664535413e-07,9.393871543280131e-09
2.42025867006021e-07,7.718044051755246e-09
2.426830796725418e-07,6.460918227929667e-09
2.436308263756567e-07,5.478284258333893e-09
2.449849158009879e-07,4.685909761874375e-09
2.469229149965733e-07,4.028123279816598e-09
2.484614574982866e-07,3.688967985318117e-09
2.5e-07,3.433208201201035e-09
2.5005e-07,8.299917024087577e-08
2.500634409687626e-07,5.498238334934137e-07
2.500903229062877e-07,7.526261896843778e-06
2.500970223642705e-07,1.102452630798774e-05
2.501025561429488e-07,1.297877665985648e-05
2.501085303320971e-07,1.314625178306179e-05
2.501134760391663e-07,1.191451984238453e-05
2.501162450935982e-07,1.080571840632505e-05
2.501171846058046e-07,1.041648147658119e-05
2.501181837913272e-07,1.000863387154717e-05
2.501189994474887e-07,9.918205325304079e-06
2.501206307598115e-07,1.682538863278184e-05
2.501217197831054e-07,3.437367869115333e-05
2.501230653782023e-07,6.011654732803997e-05
2.501241271122074e-07,7.355488011588368e-05
2.501251861029028e-07,7.682244969349561e-05
2.501262450935982e-07,7.943103447849137e-05
2.501265564897446e-07,8.108048386273703e-05
2.501270259656327e-07,8.873986397060642e-05
2.501274538996023e-07,9.768672971818948e-05
2.501280968537757e-07,0.0001080657051857584
2.501289441931629e-07,0.0001098396582476521
2.501297944367496e-07,9.987439900794562e-05
2.501306710049792e-07,8.670723465398065e-05
2.501315329785603e-07,8.6316972261888e-05
2.501325205213972e-07,0.0001017749983073343
2.501335132769092e-07,0.0001117600296099066
2.501346515302185e-07,0.0001085244316850136
2.501357690625701e-07,9.503417325606904e-05
2.501369358695451e-07,7.938291461984833e-05
2.50138125469106e-07,7.855688611190736e-05
2.501393627500518e-07,9.175760514147386e-05
2.501404493489247e-07,9.755529605726361e-05
2.501415481293841e-07,9.182576993869895e-05
2.501428634027121e-07,7.489230682481608e-05
2.501440098211614e-07,6.235132336372242e-05
2.501449771759087e-07,5.489818609048541e-05
2.501457610702778e-07,4.49851546478442e-05
2.501464363219832e-07,3.314370011747573e-05
2.501471876592897e-07,1.956184743139672e-05
2.501477510857298e-07,1.143511792280462e-05
2.501484275007997e-07,5.890597823851899e-06
2.501492586542705e-07,2.840302746921083e-06
2.501500467147185e-07,1.525016157999848e-06
2.501508020869764e-07,8.897935666495971e-07
2.501516987873448e-07,5.150504524963313e-07
2.501530140797845e-07,2.815437567741059e-07
2.501548417420391e-07,1.639072646758205e-07
2.501570473068734e-07,1.050435867768536e-07
2.50159877345219e-07,6.459811358603254e-08
2.501638166336241e-07,3.41587526137689e-08
2.50170144092164e-07,1.423737828454292e-08
2.501800725901602e-07,7.020413448070293e-09
2.501900362950801e-07,5.899927111337821e-09
2.502000000000001e-07,5.63265282033466e-09
2.502051521426171e-07,3.814518459584217e-09
2.502113289110781e-07,3.779837678557235e-09
2.502171776791725e-07,3.768413539799892e-09
2.502288752153613e-07,3.766824424190684e-09
2.502473703380452e-07,3.761769724263032e-09
2.502795938269182e-07,3.757421206471583e-09
2.503434409432274e-07,3.745463964517086e-09
2.504610005003203e-07,3.727471442563234e-09
2.506882962153681e-07,3.689982539073965e-09
2.511281997543135e-07,3.624552583515337e-09
2.519685429162667e-07,3.5070131310701e-09
2.529842714581333e-07,3.383066275332767e-09
2.54e-07,3.274143767684394e-09
2.540307638098842e-07,7.596420122240459e-09
2.540696567378651e-07,1.561249907896757e-06
2.540891032018555e-07,7.107761504616724e-06
2.540979351960634e-07,1.012579424549779e-05
2.541078887788978e-07,1.297758122181798e-05
2.54116776852727e-07,4.22932360588855e-05
2.5412404754366e-07,8.23151578937723e-05
2.541292687649494e-07,9.112671184961384e-05
2.541338741855372e-07,0.0001031960018030403
2.54137397594541e-07,0.0001374977151366069
2.541399565956294e-07,0.0001781654019654282
2.54142716876465e-07,0.0002255152769352099
2.541454038466429e-07,0.0002640562328716477
2.541487490216746e-07,0.0002920798701973934
2.541516505520049e-07,0.0003077934795947936
2.541532386794517e-07,0.0003262819654260091
2.541548935990104e-07,0.0003526861979596968
2.541562832080621e-07,0.0003688130660575508
2.541575373656944e-07,0.0003709235274170404
2.541591005731473e-07,0.0003546145752660371
2.541599900217995e-07,0.0003371823221496201
2.541610868080619e-07,0.0003137060581912286
2.541618829634622e-07,0.0002976710427273338
2.54163080932001e-07,0.0002762276259416159
2.541642092522249e-07,0.0002574633066908581
2.541653734958005e-07,0.0002385831661712625
2.541665082344877e-07,0.0002203793084640792
2.541678804111248e-07,0.0001986888792600909
2.541696508422553e-07,0.0001711672453907545
2.541716126339654e-07,0.000142121630855653
2.541731794926551e-07,0.0001222237269851856
2.541747494187168e-07,0.0001065078645795713
2.541774876682876e-07,8.67072327138873e-05
2.541798760884589e-07,7.327822426702814e-05
2.541825297132212e-07,6.254482152603832e-05
2.541848316871226e-07,5.688020581415179e-05
2.541871766781141e-07,5.641205452531406e-05
2.541902536866726e-07,7.141559702986143e-05
2.54193195708526e-07,9.873605977264884e-05
2.541953673754775e-07,0.0001086791620570563
2.541975986086291e-07,0.000103426488778522
2.541990319868607e-07,0.0001074788835025414
2.542e-07,0.0001162325482599624
2.542003152291709e-07,0.0001183202734529209
2.542009456875125e-07,0.0001200414993292482
2.542017734190802e-07,0.0001149018823631029
2.542029403717131e-07,9.298549052313911e-05
2.542039607656951e-07,6.585143206650309e-05
2.542048168116002e-07,4.530348386644753e-05
2.542055618417818e-07,3.267610148557663e-05
2.542065665418745e-07,2.411691128997121e-05
2.542075321975281e-07,2.077829126261428e-05
2.542085704859584e-07,1.887911911783477e-05
2.542095686803269e-07,1.755997592665797e-05
2.542107694868306e-07,1.627950879396192e-05
2.542122825001476e-07,1.503290616305457e-05
2.542145157830719e-07,1.378943961618166e-05
2.542178616836481e-07,1.276300322565028e-05
2.542225558225952e-07,1.201486393916098e-05
2.542271017875107e-07,1.150295856388681e-05
2.54232265736437e-07,1.098493827365619e-05
2.542384205739713e-07,1.040218094382011e-05
2.542473355011995e-07,9.590345040493972e-06
2.542610645147928e-07,8.538707158770091e-06
2.54277276788759e-07,8.665804904649565e-06
2.543007596220145e-07,1.287523873147241e-05
2.543179128566818e-07,1.566144445963941e-05
2.543236115559405e-07,1.537788969411506e-05
2.543300807800265e-07,1.355778177343767e-05
2.543338788022873e-07,1.187880186436009e-05
2.543387300404069e-07,9.540963078157286e-06
2.54343020049921e-07,8.418953025437843e-06
2.543463860742811e-07,8.333127991070377e-06
2.543503852360095e-07,8.989565705920162e-06
2.543556313410126e-07,1.033003544958761e-05
2.54363550722493e-07,1.197715251995253e-05
2.543712393511055e-07,1.246662307587599e-05
2.543785408324218e-07,1.19090320945944e-05
2.54386690639968e-07,1.274690532669754e-05
2.543944074416244e-07,2.995192862255367e-05
2.544018002448232e-07,5.568985449339522e-05
2.544081588435335e-07,6.677679239483199e-05
2.544166754798803e-07,8.352227082657132e-05
2.544233897497282e-07,0.0002085956884780817
2.544269360072752e-07,0.0003206060991343728
2.544305707461575e-07,0.0003812816748147437
2.544341670861866e-07,0.0003819013472311001
2.544358533343932e-07,0.0004044233980969135
2.544372816942217e-07,0.0004433326160323809
2.544387200127529e-07,0.000488493239812515
2.544402415624133e-07,0.0005362253509359334
2.544416122486124e-07,0.0006219715473352849
2.544426512527157e-07,0.0007041682608506494
2.544435743622778e-07,0.0007461840143216671
2.544443516348026e-07,0.0007605604820972474
2.544451943091934e-07,0.0007600186196156511
2.54445952505379e-07,0.0007294193148515752
2.544468256526855e-07,0.0006729594464265258
2.54447461928223e-07,0.0006369568939748723
2.544481007512543e-07,0.0005996763082663326
2.544488203301924e-07,0.0005510664215653112
2.544495902351135e-07,0.0004946868761944814
2.544503460237398e-07,0.000442113193556699
2.544512899523508e-07,0.000389491678484573
2.544521513103493e-07,0.000357422681937054
2.544532593414338e-07,0.0003302696431675412
2.544543410446705e-07,0.0003107870716747971
2.544553656245157e-07,0.0002972691229349893
2.544565116957442e-07,0.0002876076648043289
2.544578466014329e-07,0.0002878654534287673
2.544591200727816e-07,0.0003023580296894204
2.544601500378845e-07,0.0003108007515159059
2.54461163331277e-07,0.0003083105662860592
2.544619293467332e-07,0.0003072870313978495
2.544627182409597e-07,0.0003158695256301902
2.54463506915036e-07,0.0003294292025591615
2.544644814084025e-07,0.0003333848014117214
2.544656343860665e-07,0.0003071179458051122
2.544668011173916e-07,0.0002595927588019073
2.544678559916598e-07,0.0002381409458351302
2.544688903441195e-07,0.0002549881644453634
2.544698465550691e-07,0.0002680847229279133
2.544706693536915e-07,0.000256048722250519
2.544716073176163e-07,0.0002211087181561322
2.544724839267323e-07,0.0001938777709570662
2.544733570104381e-07,0.0002016759143113281
2.544742271579684e-07,0.0002324067145159178
2.544750778716569e-07,0.0002555755193478418
2.544760962446914e-07,0.0002576844796117256
2.544770931545719e-07,0.0002419067969703457
2.54478026343078e-07,0.0002343779987571831
2.544790420278562e-07,0.0002463386285800534
2.544801682424051e-07,0.0002924317297801216
2.544811632950455e-07,0.0003539746481117796
2.54482260078548e-07,0.0004166678116845175
2.544836064672444e-07,0.0004534488368324931
2.544847416356536e-07,0.0004492874854037322
2.544860833252479e-07,0.0004171823313744114
2.544876790463897e-07,0.0003606846304095703
2.544892141885878e-07,0.0003018359712524383
2.544909678504844e-07,0.0002384100641134866
2.544931128898671e-07,0.0001712163720116915
2.544961735673767e-07,9.794570773965408e-05
2.545003143707119e-07,3.757043320264046e-05
2.54504421858331e-07,1.17127146437199e-05
2.545079962784691e-07,4.096706980695371e-06
2.545117166739793e-07,1.651741521406077e-06
2.545160294980045e-07,8.969110502816718e-07
2.545207823573973e-07,6.770024481828426e-07
2.545265540870491e-07,5.716293613186651e-07
2.54533994243494e-07,4.852923724707187e-07
2.545446146039942e-07,3.928401797024873e-07
2.545610572573452e-07,2.916365528486e-07
2.545906595924006e-07,1.848625822724215e-07
2.546418852287128e-07,1.048851691022402e-07
2.547083573107823e-07,6.835298966186154e-08
2.547873981178734e-07,5.094488993105192e-08
2.548848558242135e-07,4.020611037247469e-08
2.550175010244388e-07,3.216491037887264e-08
2.552194124228159e-07,2.556783023406576e-08
2.555482586073675e-07,2.01541928192283e-08
2.560052384662074e-07,1.639316478118869e-08
2.566468471894939e-07,1.357671918176554e-08
2.575506920351202e-07,1.134542355143085e-08
2.588555813733623e-07,9.472893870597674e-09
2.600000000000001e-07,8.414013830523679e-09
2.600325683010643e-07,2.637245517021839e-08
2.600729676124844e-07,4.690009881013679e-06
2.600888466609239e-07,1.483682403138225e-05
2.600957298916838e-07,1.872514808940835e-05
2.601031654918548e-07,1.982730590726102e-05
2.601083620216875e-07,1.863679713435481e-05
2.60114082361097e-07,1.622191505771682e-05
2.601187911823646e-07,1.474311781753646e-05
2.601222937605882e-07,1.598090675041691e-05
2.601257226837715e-07,2.244041372722933e-05
2.601292845062286e-07,4.041785912927312e-05
2.601328512197679e-07,7.089918294699841e-05
2.601383542825201e-07,0.0001230210061750769
2.601443766758171e-07,0.0001560457042436516
2.601491075659315e-07,0.0001568488501654685
2.601544820536857e-07,0.0001422372741211487
2.601575930564258e-07,0.0001404432796119868
2.601596986113281e-07,0.0001465233530939778
2.601616477660871e-07,0.000155827409756626
2.60163598233007e-07,0.0001649156329786667
2.601659570532529e-07,0.0001728150186000516
2.601683582346037e-07,0.0001921602145047233
2.601706224160543e-07,0.000206500167557228
2.601722909905004e-07,0.0002320136848926384
2.60173803227388e-07,0.0002798031512815742
2.601751666703129e-07,0.0003239647146607827
2.601766953192465e-07,0.000352374743042678
2.601783248183484e-07,0.0003566400240728772
2.601798363856655e-07,0.0003525998793376821
2.601811904131856e-07,0.0003404097068636925
2.601821564992591e-07,0.0003304447098216642
2.601832868460887e-07,0.000320431580277782
2.601847610914558e-07,0.0003068375225671749
2.601858160688456e-07,0.000296369769505556
2.601870001983771e-07,0.0002830187985278377
2.601880297998183e-07,0.0002700676962104085
2.60189284053464e-07,0.0002536932336922872
2.601903535340972e-07,0.0002395372013482936
2.601921368641201e-07,0.0002176512722304807
2.601933920997247e-07,0.0002053575268001835
2.601949412481047e-07,0.0001952310325079695
2.60196380682726e-07,0.0001915812043673533
2.60198190341363e-07,0.0001938347712563178
2.602000000000001e-07,0.0001992068653242047
2.602005489529064e-07,0.0001999560009914892
2.60201646858719e-07,0.000200093232503676
2.602028179677724e-07,0.0001968372043943057
2.602044938214431e-07,0.0001874288689091589
2.6020624072663e-07,0.0001921238235960058
2.60207738868124e-07,0.0002024132814128897
2.602090230889471e-07,0.0002066871484658297
2.602101527508043e-07,0.0002075796147974574
2.602116479252604e-07,0.0002049783254517938
2.602128280751325e-07,0.0002017742279680851
2.602140157856137e-07,0.0001987119638569432
2.602155650143562e-07,0.0001950508443436359
2.602186634718413e-07,0.0001888481078077612
2.602239431925545e-07,0.0001802853626114314
2.602283510129009e-07,0.0001782578025020178
2.6023101495497e-07,0.0001824363131285923
2.602339947923938e-07,0.0001821170928898727
2.602364940190463e-07,0.000174758351806828
2.602375226021562e-07,0.0001762796943298854
2.602383855625551e-07,0.000183772903644716
2.602392086787457e-07,0.0001930772073222206
2.602400602428844e-07,0.0001967280380791208
2.602408884166075e-07,0.0001893697735181614
2.602419631088924e-07,0.0001626962000845928
2.602429849718632e-07,0.0001270119349102995
2.60243758848722e-07,0.0001029304926001147
2.602443829072012e-07,8.992134674539551e-05
2.602451942467646e-07,8.001416965786504e-05
2.602461490051647e-07,7.239168700506161e-05
2.602468553071792e-07,6.814668350822869e-05
2.602476866418178e-07,6.408554507507153e-05
2.602489849547676e-07,5.896922141220918e-05
2.602507595098351e-07,5.339518097924349e-05
2.602527528192306e-07,4.837899936950423e-05
2.602552011562399e-07,4.348651267055272e-05
2.602584941051508e-07,3.850531548059556e-05
2.602627710116159e-07,3.392876707678553e-05
2.602677818753972e-07,3.027637408197984e-05
2.602741931443307e-07,2.685755843894611e-05
2.602799446553967e-07,2.410884256413153e-05
2.602861611446494e-07,2.065638744228336e-05
2.602906345202206e-07,1.779516919872949e-05
2.602959026976212e-07,1.431966611444692e-05
2.60300608481956e-07,1.14014621912131e-05
2.603055899462838e-07,9.358242332525451e-06
2.603093139887019e-07,8.5022269324168e-06
2.603136704641902e-07,8.053566035629313e-06
2.603196848934666e-07,8.001701464994675e-06
2.603285211158157e-07,8.324189397712525e-06
2.603376543293961e-07,8.47061314454825e-06
2.603479903325168e-07,8.120349133325966e-06
2.603587526465633e-07,7.313187954620316e-06
2.603709625585831e-07,8.301109993757453e-06
2.603839227592257e-07,2.708251089910135e-05
2.60394423914846e-07,5.154359687759817e-05
2.604027936547444e-07,5.782735993298627e-05
2.604080293259145e-07,6.560196913328417e-05
2.604114629669001e-07,9.133995256270101e-05
2.604146578747655e-07,0.0001390843365310345
2.604179827722335e-07,0.0002015135237452063
2.604212725293653e-07,0.000252271964381723
2.60423507546868e-07,0.0002747532344755957
2.604258061407306e-07,0.0003142375227231217
2.604280405634429e-07,0.0004345883965111164
2.604296647300384e-07,0.0005645360056060581
2.604311052757316e-07,0.0006565922412729395
2.604321709301999e-07,0.0007423914181384097
2.604333405461491e-07,0.0008497775654746086
2.60434251688509e-07,0.0008886361191183237
2.604350714981629e-07,0.0008795249279456294
2.604357668920983e-07,0.0008498132279658555
2.604366715722085e-07,0.0007890978894417181
2.604373046599031e-07,0.0007361110058379617
2.604380051611181e-07,0.0006749960301207062
2.604386142526164e-07,0.0006251638893457288
2.604392968179569e-07,0.0005790432564106404
2.604400249693426e-07,0.0005417125456355493
2.604408668363761e-07,0.0005060691356577692
2.604417988186943e-07,0.0004619607637614703
2.604428205735994e-07,0.0004005308897528071
2.604439148096988e-07,0.0003275907551607952
2.604451297313713e-07,0.0002573008686406296
2.604460433580897e-07,0.0002108022257941585
2.604469961635875e-07,0.0001627960450408385
2.604476326964017e-07,0.0001350615733200116
2.604483158756971e-07,0.0001125149312580398
2.604490497577864e-07,9.453441074857961e-05
2.604501753602484e-07,7.520446824834358e-05
2.604512824054217e-07,6.243112061764113e-05
2.604523984551614e-07,5.315933263986185e-05
2.604536167335975e-07,4.54488572816862e-05
2.604551241453081e-07,3.822260802956097e-05
2.604568862232037e-07,3.243589458463473e-05
2.604590333538313e-07,2.975859233113318e-05
2.604618029133182e-07,3.573542722270405e-05
2.604639314271669e-07,4.275396407586612e-05
2.604657157844004e-07,4.361990868065249e-05
2.604680192163152e-07,4.249120385036908e-05
2.604698984661137e-07,5.702418599078042e-05
2.604714089095462e-07,6.332390370560055e-05
2.604727518159605e-07,5.851115540676531e-05
2.604739483491674e-07,5.321277003774472e-05
2.604751662914339e-07,6.403282876258297e-05
2.604764414828065e-07,9.369377215593441e-05
2.604775000805069e-07,0.0001099857234325671
2.604785827405259e-07,0.0001078203559218749
2.604799047464634e-07,9.353430093205197e-05
2.60480968524868e-07,0.0001032500801423478
2.604820810042914e-07,0.0001235790752526978
2.604831585143005e-07,0.0001308766648062009
2.604840322885636e-07,0.0001270505479251696
2.604853126504762e-07,0.0001122945412368099
2.604864055222116e-07,0.0001022523062820432
2.604874764704e-07,0.0001103723102443088
2.604887589053833e-07,0.0001638082379215899
2.604906614215519e-07,0.0002945190420601531
2.604924105926969e-07,0.0003813017257319836
2.604944003150355e-07,0.0004042787911259701
2.604967353961276e-07,0.0003550629224159593
2.604989099064047e-07,0.0002707984134192946
2.605012373153893e-07,0.0001720933062817399
2.605036287556049e-07,8.476915422581247e-05
2.605061096297473e-07,2.915985896709395e-05
2.605087439290122e-07,7.621526938049458e-06
2.605110612796812e-07,2.667246614905001e-06
2.605138509062394e-07,1.106118751270168e-06
2.605164960870033e-07,6.805933647592444e-07
2.605198432464644e-07,4.66136268265929e-07
2.6052408699783e-07,3.3965517983247e-07
2.605308582773144e-07,2.324320757557067e-07
2.605400001481762e-07,1.523276492735901e-07
2.605545539343834e-07,8.929969539959927e-08
2.605767636163709e-07,5.254377853876785e-08
2.606085539513958e-07,3.494006020961988e-08
2.606475209661315e-07,2.63705249361827e-08
2.60699296846936e-07,2.0744474895273e-08
2.607761074623651e-07,1.638040394056557e-08
2.608874853520186e-07,1.312282459569313e-08
2.610582441556751e-07,1.06476621310041e-08
2.613009906591595e-07,8.915162868060156e-09
2.6164400825732e-07,7.65296062330521e-09
2.621322095703385e-07,6.667544808575492e-09
2.628369607583829e-07,5.839441106935061e-09
2.638547714439308e-07,5.110325591564894e-09
2.653220627498053e-07,4.454605127308406e-09
2.674385923703365e-07,3.867039202890201e-09
2.700000000000001e-07,3.420648161949012e-09
2.700500000000001e-07,8.296816106871243e-08
2.700634409687626e-07,5.498099607097875e-07
2.700903229062877e-07,7.526248139631701e-06
2.700970223637575e-07,1.102452426044538e-05
2.701025561423998e-07,1.297876285610804e-05
2.701085303315045e-07,1.314623819875844e-05
2.701134760391785e-07,1.191450619818938e-05
2.701162450937603e-07,1.080570470633619e-05
2.701171846060041e-07,1.050873932865145e-05
2.701181837915741e-07,1.020287008200342e-05
2.701189994477627e-07,1.028971814383847e-05
2.701206307601401e-07,2.366232454739444e-05
2.701217143689358e-07,6.007298140756552e-05
2.701230612377033e-07,0.000122862722665838
2.701241222789999e-07,0.0001639132926118131
2.701251836863801e-07,0.0001867711856398022
2.701262450937603e-07,0.0001982135216946242
2.701265567687038e-07,0.000193581944919644
2.701270268814948e-07,0.0001952121493174259
2.701274553542288e-07,0.0002043804972566323
2.701280984329553e-07,0.0002293238943762269
2.701289467105575e-07,0.0002705309951456721
2.701297974155723e-07,0.0003008060211963434
2.701306742198476e-07,0.0003071459455180879
2.701315361078574e-07,0.0002996484679156617
2.701325247815314e-07,0.0002866897885371357
2.701335156471817e-07,0.0002774541509427746
2.701345540213389e-07,0.0002692778175021149
2.701356616958667e-07,0.0002444343481731447
2.701365232562613e-07,0.0002206226344216125
2.701374765470377e-07,0.0002001644141279557
2.701386287283691e-07,0.0001921931557801963
2.701395541194279e-07,0.0001917887446307805
2.701405767809378e-07,0.0001869516676274167
2.701418168819972e-07,0.0001755241462452203
2.701429520624005e-07,0.0001705675093618688
2.701441184462784e-07,0.0001830866149412608
2.70145018013893e-07,0.0001977866570117022
2.701458017197494e-07,0.0002027788717792285
2.701464168349476e-07,0.0001989835421977447
2.701471629366309e-07,0.0001873427091001254
2.701477206565256e-07,0.0001757273156146866
2.7014838507834e-07,0.0001613196553582971
2.701491723867508e-07,0.0001431916586030956
2.701499891668987e-07,0.0001246867736762847
2.701507256606677e-07,0.0001093747985846075
2.701515410827857e-07,9.119222508888697e-05
2.701524066793778e-07,6.796580575760672e-05
2.701531183853892e-07,4.758678528276532e-05
2.701538647744056e-07,2.964330084201277e-05
2.701545440151502e-07,1.826642343094374e-05
2.701554424007911e-07,1.015783737968236e-05
2.701565362263395e-07,6.026642903298738e-06
2.701577156942764e-07,3.926193984283502e-06
2.701587582223588e-07,2.754708361456774e-06
2.701599327864511e-07,1.84294888485803e-06
2.701614524446379e-07,1.084579844541802e-06
2.701637886643781e-07,4.707606295030391e-07
2.701672884907206e-07,1.328643860553069e-07
2.701718425237491e-07,2.962900134978382e-08
2.701771248237405e-07,1.02759884405865e-08
2.701835794590844e-07,7.031034678054987e-09
2.701920357477114e-07,6.371190436327058e-09
2.702000000000001e-07,6.174475356642682e-09
2.702046062759533e-07,4.374559323690318e-09
2.702100834042459e-07,4.321540852125564e-09
2.702152885793271e-07,4.309479078289757e-09
2.702256989294894e-07,4.307901948921859e-09
2.702420422548359e-07,4.302872538009988e-09
2.70271179810738e-07,4.298304468786584e-09
2.703294549225422e-07,4.285793525181179e-09
2.704400623789442e-07,4.266058206477533e-09
2.70659282551425e-07,4.224226674829916e-09
2.710943405424239e-07,4.148502498828047e-09
2.719489513371416e-07,4.008521909220861e-09
2.729744756685709e-07,3.860807385758966e-09
2.74e-07,3.73018552082964e-09
2.74030904871361e-07,8.15846182615039e-09
2.740699165993145e-07,1.60181933856966e-06
2.740894224632912e-07,7.225642068813582e-06
2.74098280083863e-07,1.020320381282064e-05
2.74108194470907e-07,1.327038587459883e-05
2.741172317851095e-07,4.49574612459274e-05
2.741242949490549e-07,8.305426661409416e-05
2.741295202653073e-07,9.138612881199871e-05
2.741340520831437e-07,0.0001043484957996619
2.741376145451148e-07,0.0001408958883742843
2.741402008226622e-07,0.0001829328859212997
2.741429182450654e-07,0.0002295655918071008
2.741457176042894e-07,0.0002687638768654627
2.741489456472914e-07,0.000294398406004955
2.741518709084938e-07,0.0003115922459243879
2.741534879031627e-07,0.0003322704542415621
2.741551205872003e-07,0.0003585639437501516
2.74156457994165e-07,0.0003727033489071714
2.741577809431683e-07,0.0003726921595929224
2.741593512174085e-07,0.0003530879942744074
2.74160200674101e-07,0.00033558743283305
2.741612131573189e-07,0.0003139558830553236
2.741620023835587e-07,0.000298340966562469
2.741635715407014e-07,0.0002708137682512046
2.741650981603126e-07,0.0002456462592133347
2.741662667299775e-07,0.0002265017534677425
2.741674778915458e-07,0.000206841586714241
2.741691219152596e-07,0.0001806113662877732
2.74171290859261e-07,0.0001474087252946233
2.741735369147743e-07,0.0001188596350009926
2.741751266343173e-07,0.0001039024274641287
2.741776301400523e-07,8.642521610198163e-05
2.741799712494676e-07,7.352867069100655e-05
2.741824915864276e-07,6.341839497438841e-05
2.74184828809e-07,5.718402457816739e-05
2.741871385479282e-07,5.519961462023586e-05
2.741902404165615e-07,6.597763152586442e-05
2.741934762365227e-07,9.529295917761874e-05
2.741957604886203e-07,0.0001085031152460176
2.741979052346233e-07,0.0001042125590914664
2.742000000000001e-07,0.0001100316910381535
2.74200394855721e-07,0.0001135337429149535
2.74201184567163e-07,0.000118953850550434
2.74202054394398e-07,0.0001176656154225736
2.742033025237748e-07,9.88774712850302e-05
2.742043028510089e-07,7.305905459763114e-05
2.742052432023656e-07,4.936196467416878e-05
2.742059775049614e-07,3.540698242485745e-05
2.742069018425961e-07,2.57063269701654e-05
2.742082641114078e-07,2.042521028423441e-05
2.742093266026173e-07,1.86086092717243e-05
2.742103700674995e-07,1.727944074066669e-05
2.742115063487113e-07,1.610394578420498e-05
2.742132184284424e-07,1.475650722312694e-05
2.742154551880221e-07,1.360085083589939e-05
2.742192878838649e-07,1.25475262139034e-05
2.74223842726051e-07,1.188339701224794e-05
2.742284985694353e-07,1.137142473289388e-05
2.742337091573336e-07,1.085333354460454e-05
2.742402413022932e-07,1.023751222679633e-05
2.742496306994547e-07,9.389439676487278e-06
2.742647848394682e-07,8.377822800488034e-06
2.742809774881016e-07,9.073383068040685e-06
2.743040114714431e-07,1.356498349998923e-05
2.743204381864648e-07,1.568819799764578e-05
2.743262866002308e-07,1.477846816095657e-05
2.743323162887103e-07,1.259286953936158e-05
2.743387299276808e-07,9.536904064679005e-06
2.743435607301446e-07,8.359486043829413e-06
2.743471714857787e-07,8.409439976624166e-06
2.74351698518494e-07,9.311003351384626e-06
2.743573373860827e-07,1.075494412397309e-05
2.743653671053712e-07,1.220837320094354e-05
2.743731756316055e-07,1.240325742803376e-05
2.743806998357825e-07,1.165016797006409e-05
2.743880874103423e-07,1.415206696391047e-05
2.743960178646822e-07,3.571730220539514e-05
2.744032834888436e-07,5.940096307024858e-05
2.744097568822762e-07,6.763688084382984e-05
2.744186463037478e-07,9.985381322124696e-05
2.74424994241244e-07,0.0002445359163697816
2.744296497346037e-07,0.0003502332878587026
2.744331556969357e-07,0.000357640167728151
2.744347732179627e-07,0.0003744770117838331
2.744361116327697e-07,0.0004121816471480411
2.744377318352039e-07,0.0004779211175470622
2.744391204844643e-07,0.0005324237132574665
2.744405585146879e-07,0.0005948813614746055
2.744417606650834e-07,0.0006909975411003535
2.744427279473516e-07,0.0007706836488066282
2.744436518280339e-07,0.0008147658089179792
2.744447242255634e-07,0.0008346757551459256
2.744455070843721e-07,0.000824685904095479
2.744464065364617e-07,0.0007795954698709335
2.744471282553375e-07,0.000735533462895485
2.744477610525336e-07,0.0006948677206414665
2.744484150680055e-07,0.0006481143151537916
2.74449272706717e-07,0.0005793773206342742
2.744500078176024e-07,0.0005193710395919861
2.744508677839996e-07,0.0004611943682261434
2.7445173826617e-07,0.0004281415028528394
2.744526963312321e-07,0.0004204519575959638
2.744537990580377e-07,0.0004285732751662404
2.744547980757544e-07,0.0004335438427048567
2.744558779241877e-07,0.0004256633386501019
2.744571703584825e-07,0.0004042916281553836
2.744584207749094e-07,0.0004051994415474889
2.744595267927992e-07,0.0004572886141143375
2.744605045224577e-07,0.0005193046825803981
2.74461394361385e-07,0.0005444618225317045
2.744623499926859e-07,0.0005283363079221603
2.744630834034607e-07,0.0004956833983453221
2.744637658256874e-07,0.0004584157849176378
2.744644532664119e-07,0.0004166721026492925
2.744653617632258e-07,0.0003487293733737517
2.744663473284149e-07,0.0002673480934079907
2.744671773374107e-07,0.0002158713637009413
2.744681222644527e-07,0.0001897464360504071
2.744692095631622e-07,0.0001831323613091028
2.744701163927092e-07,0.0001738272553818294
2.744711713704803e-07,0.0001501136529057168
2.744722467523582e-07,0.0001225894924907428
2.744732357991048e-07,0.0001200182153451219
2.744742727503973e-07,0.000147495447871974
2.744753282619294e-07,0.0001721222475873208
2.744765139214339e-07,0.0001764479968169573
2.744777891987283e-07,0.0001586413346029414
2.744790748286431e-07,0.0001469138067311902
2.744802542447561e-07,0.0001841629484256853
2.744816842437771e-07,0.0002724123740261543
2.744832543584718e-07,0.000344345348459177
2.744845676860224e-07,0.0003608264014875867
2.744860487651296e-07,0.0003441469013488251
2.744878214315013e-07,0.0003007390190604048
2.744893535948926e-07,0.0002570801184578891
2.744911606574145e-07,0.000207408020936162
2.744933463037273e-07,0.0001535773445524393
2.744966961608391e-07,8.700316234145737e-05
2.745011366802331e-07,3.13646841988005e-05
2.745064282477901e-07,6.666321449607878e-06
2.745106067291579e-07,2.136188297428919e-06
2.745155367059878e-07,9.544810976602354e-07
2.745199821811451e-07,7.1297440837757e-07
2.745253784172966e-07,5.990051164070979e-07
2.745322816417389e-07,5.103693338749924e-07
2.745422014682888e-07,4.166770845337928e-07
2.745571992885249e-07,3.162702630264867e-07
2.745833483860306e-07,2.101407536949602e-07
2.74632465736653e-07,1.19637058924452e-07
2.746964671271565e-07,7.671174824523489e-08
2.747733448713183e-07,5.570214933623745e-08
2.748665387670966e-07,4.304049444091772e-08
2.749918692484273e-07,3.377062436359069e-08
2.751783383482534e-07,2.637240778319003e-08
2.754866333159107e-07,2.028698470970115e-08
2.759115868171129e-07,1.620917780835689e-08
2.765100294376847e-07,1.32545288167038e-08
2.773511916454283e-07,1.101156410327203e-08
2.785662639208557e-07,9.195156615464338e-09
2.800000000000001e-07,7.911154154155829e-09
2.800500000000001e-07,3.385109344093587e-07
2.800634409687626e-07,1.825488577502416e-06
2.800701614531439e-07,3.620593072144087e-06
2.800836024219064e-07,1.106705967393344e-05
2.800900012465912e-07,1.581923490391741e-05
2.800967848863838e-07,1.919672649398802e-05
2.801025970912087e-07,1.990563573900943e-05
2.801095768695377e-07,1.821896325059015e-05
2.801150758876836e-07,1.580582437572543e-05
2.801197549637438e-07,1.478177462904334e-05
2.801232421630646e-07,1.701270549079137e-05
2.80124985762725e-07,2.031696396164926e-05
2.801282643343194e-07,3.384421141650147e-05
2.801319377516336e-07,6.213272305625163e-05
2.80137501950291e-07,0.0001156898820874442
2.801433836102714e-07,0.0001531071740346128
2.801481175959058e-07,0.0001584289516696334
2.801533266898453e-07,0.0001451802292968765
2.801572612089772e-07,0.0001400429775334602
2.801594727042419e-07,0.0001456030410648153
2.801614090290762e-07,0.0001546232866861244
2.801634393796003e-07,0.0001642486374903673
2.801656079256604e-07,0.0001715281480437754
2.801680890187477e-07,0.0001895664214250032
2.801703462989145e-07,0.000204989095049001
2.801721049178169e-07,0.0002275446970319395
2.801735823765855e-07,0.0002723275569903578
2.801749735895827e-07,0.0003185555122250056
2.801764158559306e-07,0.0003495559427973551
2.801780257433335e-07,0.0003564715590155643
2.801795927394855e-07,0.0003540288102290064
2.801809785807675e-07,0.0003425909027591175
2.801819914564012e-07,0.0003320331985309307
2.801830275784267e-07,0.0003226791663429497
2.801843689122691e-07,0.0003105592552563119
2.801854541604023e-07,0.0003000108797820759
2.801865787947443e-07,0.0002880636408654516
2.801877177334762e-07,0.0002740373438572807
2.801890665359903e-07,0.0002565503229312704
2.801900191249109e-07,0.0002439397377672208
2.801917080329445e-07,0.0002224676534233914
2.80193078259664e-07,0.0002081280063474275
2.801943336906282e-07,0.0001984396367775535
2.801957601748562e-07,0.0001924826896940665
2.801976455619124e-07,0.0001925119548185935
2.801988227809562e-07,0.0001957913694175362
2.802e-07,0.0001992622879075129
2.802005298440514e-07,0.0002000000321153867
2.802015895321541e-07,0.0002002180324601151
2.802026177605085e-07,0.0001977007380324078
2.802042212366231e-07,0.0001888255278864744
2.802060051558297e-07,0.0001903594894037245
2.802075065524893e-07,0.0002011910275161437
2.802088539520675e-07,0.0002062874769583621
2.802099692572075e-07,0.0002076355517344706
2.802113615106791e-07,0.0002056600793095557
2.802126454395469e-07,0.0002022545867000824
2.80213789487329e-07,0.0001992760677733019
2.802152515560375e-07,0.000195750597983351
2.802181756934545e-07,0.0001897395914990523
2.802229018236145e-07,0.0001818600497623757
2.802275588507041e-07,0.0001776218110213275
2.802305194821607e-07,0.0001816495773994853
2.802337161444975e-07,0.0001826830293595543
2.802362058088475e-07,0.0001753800424865538
2.802372349952454e-07,0.0001750650619906201
2.802381925380303e-07,0.0001815261370148807
2.802390450778233e-07,0.0001912771233727822
2.802399576295831e-07,0.0001967834580165491
2.802407504764256e-07,0.0001915773246741771
2.802420278103706e-07,0.0001611877786888605
2.802430386033816e-07,0.0001257751787867805
2.802438320071428e-07,0.0001015066310953369
2.802444591150178e-07,8.901674424452055e-05
2.802452997186095e-07,7.91913695512764e-05
2.802461885668251e-07,7.225473633283879e-05
2.80246902697631e-07,6.799566636230469e-05
2.802477379340472e-07,6.394637335821528e-05
2.802491201084009e-07,5.856629896995517e-05
2.802508973349874e-07,5.306880392583302e-05
2.802529216682099e-07,4.804788004605217e-05
2.802553930297126e-07,4.318808937925365e-05
2.802587866310963e-07,3.816040452081293e-05
2.802630841235405e-07,3.367598599799841e-05
2.802681774959324e-07,3.005234656523516e-05
2.802746875484188e-07,2.663097123653277e-05
2.80280231022994e-07,2.397799522615444e-05
2.802862797954325e-07,2.059146582924664e-05
2.802907245060982e-07,1.774317284886651e-05
2.802956974488728e-07,1.445971455199743e-05
2.803004420767413e-07,1.149450977850398e-05
2.803054944614271e-07,9.390284734985637e-06
2.803091853388616e-07,8.525896740808659e-06
2.803136169086988e-07,8.058127018324223e-06
2.803195279471755e-07,7.999479642795351e-06
2.803283602501961e-07,8.319020536759855e-06
2.803374624110114e-07,8.4721602814068e-06
2.803477932755495e-07,8.131681028569803e-06
2.803585261962638e-07,7.331321820389403e-06
2.803706707225966e-07,8.175929458715794e-06
2.803836814515872e-07,2.648756616625546e-05
2.803942812975435e-07,5.129903570026799e-05
2.804026586182596e-07,5.778248669159977e-05
2.804081269651654e-07,6.637683575826414e-05
2.804116075007531e-07,9.440240534643698e-05
2.804148059213781e-07,0.0001447206099217953
2.804181320756604e-07,0.0002085294804880302
2.804214129550707e-07,0.0002595688871183891
2.804236938800995e-07,0.0002853714339010123
2.804259982434135e-07,0.0003310621422773966
2.804282300274741e-07,0.0004583651530023237
2.804298388086937e-07,0.0005875967761331337
2.804312855149396e-07,0.0006775016010669358
2.804323967002272e-07,0.0007613781091879249
2.804335452792348e-07,0.0008469070909299659
2.804344367627723e-07,0.0008706708416190085
2.804352869724091e-07,0.0008544823029042003
2.804359977696588e-07,0.0008224498369145618
2.804369279481052e-07,0.0007608956306810056
2.804375180235966e-07,0.0007156848611430225
2.804381554777177e-07,0.0006665046196396583
2.804388020039651e-07,0.0006210542597678542
2.804395173092624e-07,0.0005801648550563401
2.8044024301431e-07,0.0005473331606325177
2.804411123385853e-07,0.0005108920128075057
2.804420467805361e-07,0.000463441555260765
2.804430936480053e-07,0.0003964634010066911
2.804441876835131e-07,0.0003254752296525828
2.8044533533247e-07,0.0002685769474706778
2.804462281100766e-07,0.0002287588839046614
2.804471985433822e-07,0.0001803780353804629
2.804478136309358e-07,0.0001540675953694728
2.804484760850195e-07,0.0001362845770731067
2.804491929406788e-07,0.0001248375900631498
2.804502919613475e-07,0.0001126282993190863
2.804513670037284e-07,0.0001022252309606976
2.804524335975311e-07,9.256862159072202e-05
2.804535961841011e-07,8.298804771251258e-05
2.804550285939151e-07,7.281475444127756e-05
2.80456765975333e-07,6.330207443916071e-05
2.804588542882867e-07,5.780418363321596e-05
2.804615307291566e-07,6.664397658498164e-05
2.804638305104182e-07,8.278881759866566e-05
2.804656347030563e-07,8.738506502836921e-05
2.804676520189207e-07,8.17390121712637e-05
2.804698127391301e-07,0.0001064243645286462
2.804714381045821e-07,0.0001256798251572497
2.804727855546738e-07,0.0001195020737247786
2.804739415537385e-07,0.0001074617446086411
2.804752006569331e-07,0.0001190253561390067
2.80476396673071e-07,0.0001696918400025365
2.804774317895056e-07,0.0002070437504030357
2.80478345608739e-07,0.0002110320840519886
2.804796757337561e-07,0.0001801504136515108
2.804806272770303e-07,0.0001733084356823895
2.804816226039635e-07,0.0001892158819540848
2.804825009536822e-07,0.0001983044886992716
2.804832957216103e-07,0.0001942897880609728
2.804841454666855e-07,0.000179221036020407
2.804850913628211e-07,0.0001591713770060415
2.804859810516585e-07,0.0001551084135802674
2.804869967278775e-07,0.0001919293696334164
2.804881502603702e-07,0.0002818508977175747
2.804895029573757e-07,0.000382571652930895
2.804908643754224e-07,0.0004270531083321183
2.804923085390756e-07,0.0004132817861958296
2.804939556103922e-07,0.000347695206861272
2.804956675816574e-07,0.0002543772358934663
2.804974954471676e-07,0.0001544800379395218
2.80499388157629e-07,7.188232319186353e-05
2.805013625775222e-07,2.388388987113005e-05
2.805035098169439e-07,6.237336542238614e-06
2.80505940316138e-07,1.865756957178495e-06
2.80508016965836e-07,1.052990479567958e-06
2.805102731749661e-07,7.355371682337147e-07
2.805129319633181e-07,5.676629850488562e-07
2.805168204242307e-07,4.445799216661705e-07
2.805226544235866e-07,3.432986844625941e-07
2.805313620548068e-07,2.529441906240079e-07
2.805453627174326e-07,1.72009336379626e-07
2.805659422680438e-07,1.152638181322821e-07
2.805987274502056e-07,7.656259030380078e-08
2.806387589780354e-07,5.550739498741359e-08
2.80692919482276e-07,4.11373353479431e-08
2.80767860677121e-07,3.077313303477576e-08
2.808730914807205e-07,2.320785795857905e-08
2.810327942816075e-07,1.74644707134305e-08
2.812666742812844e-07,1.341409898291332e-08
2.815967116817239e-07,1.064264516863726e-08
2.820652011926295e-07,8.670171908531936e-09
2.827384519569314e-07,7.195945216657316e-09
2.837090842543621e-07,6.046042104489829e-09
2.850977651769252e-07,5.1203029986114e-09
2.870858188401952e-07,4.354061197530031e-09
2.885429094200976e-07,3.986245157345268e-09
2.9e-07,3.703540480481261e-09
2.9005e-07,8.326551050934407e-08
2.900634409687626e-07,5.500926202587043e-07
2.900903229062876e-07,7.526530027860462e-06
2.900970223643789e-07,1.102479431877503e-05
2.90102556143098e-07,1.297904451423901e-05
2.901085303322684e-07,1.314651943865334e-05
2.901134760393047e-07,1.19147873513598e-05
2.90116245093757e-07,1.080598582606658e-05
2.901171846059644e-07,1.041674884984163e-05
2.901181837914885e-07,1.000890121783821e-05
2.901189994476529e-07,9.918472653645496e-06
2.901206307599815e-07,1.682565602636657e-05
2.90121719783248e-07,3.437394558996853e-05
2.90123065378352e-07,6.01168143236493e-05
2.901241271123555e-07,7.355514712579954e-05
2.901251861030562e-07,7.682271676693241e-05
2.90126245093757e-07,7.943130163454065e-05
2.901265564899039e-07,8.108075106641905e-05
2.901270259657934e-07,8.874013123823334e-05
2.901274538997641e-07,9.768699700012556e-05
2.901280968539369e-07,0.0001080659723670411
2.901289441933304e-07,0.0001098399252604257
2.901297944369195e-07,9.987466583127422e-05
2.901306710051506e-07,8.670750153115422e-05
2.901315329787311e-07,8.631723937610759e-05
2.901325205215746e-07,0.0001017752657181546
2.901335132770849e-07,0.000111760296700909
2.901346515304078e-07,0.0001085246983781919
2.901357690627665e-07,9.503443961085496e-05
2.901369358697462e-07,7.938318114274246e-05
2.901381254693047e-07,7.855715339798309e-05
2.901393627502611e-07,9.175787264213005e-05
2.901404493491279e-07,9.755556306736119e-05
2.90141548129609e-07,9.182603611216915e-05
2.901428634029165e-07,7.489253940437279e-05
2.901440098217345e-07,6.23513563454437e-05
2.901449771804365e-07,5.489798730320315e-05
2.90145761076315e-07,4.49848408862978e-05
2.901464363198061e-07,3.314355787344112e-05
2.901471876518736e-07,1.956191038242405e-05
2.901477510779421e-07,1.143529820956214e-05
2.901484274990767e-07,5.890820758024264e-06
2.901492586657251e-07,2.840530076263041e-06
2.901500467237312e-07,1.525267975411498e-06
2.901508021026157e-07,8.900488213395124e-07
2.901516988132406e-07,5.153089146559772e-07
2.901530141370126e-07,2.818039787708387e-07
2.90154841805536e-07,1.641713279267135e-07
2.90157047388847e-07,1.053085164701343e-07
2.901598774495494e-07,6.486341763928165e-08
2.901638167993621e-07,3.442419971212566e-08
2.901701443663639e-07,1.450310669457354e-08
2.901800730349062e-07,7.286243070838584e-09
2.901900365174531e-07,6.165612750822777e-09
2.902e-07,5.898107806834181e-09
2.902051520851232e-07,4.079850045188245e-09
2.902113287742317e-07,4.045019592068654e-09
2.902171774733388e-07,4.033454596072595e-09
2.902288748715531e-07,4.031584304830451e-09
2.902473697580646e-07,4.026086137395486e-09
2.902795929121475e-07,4.020968150497264e-09
2.903434394941356e-07,4.007498160831582e-09
2.904609982916339e-07,3.98676092954061e-09
2.906882931413571e-07,3.944108515803057e-09
2.911281960615129e-07,3.869183699313946e-09
2.919685401269304e-07,3.735154736763351e-09
2.929842700634652e-07,3.593723366247839e-09
2.94e-07,3.46952438268713e-09
2.940307638300138e-07,7.795586936448402e-09
2.940696567749605e-07,1.561449980628861e-06
2.940891032474338e-07,7.107972566666942e-06
2.940979352451571e-07,1.012599955670813e-05
2.941078888223617e-07,1.297781282736772e-05
2.941167769154938e-07,4.229410790588717e-05
2.941240477806183e-07,8.231898447934019e-05
2.941292691273873e-07,9.11459607434133e-05
2.941338746469165e-07,0.0001033218118268751
2.941373993539581e-07,0.0001378997020389163
2.941399582602263e-07,0.000178902416988794
2.941427190828147e-07,0.0002267508163427176
2.941454046414275e-07,0.0002658488407766198
2.941487523243674e-07,0.0002947129406136867
2.941516540898654e-07,0.0003112467238468467
2.941532414745373e-07,0.0003302643512371735
2.941548955520422e-07,0.000357335393311953
2.941562840610863e-07,0.0003742351289633659
2.941575462819038e-07,0.0003768698553662998
2.941591086043878e-07,0.0003608576941820551
2.941599732817148e-07,0.0003439955576911064
2.941610933215677e-07,0.0003200886704458908
2.941618803885508e-07,0.0003042279133263072
2.941630797822056e-07,0.0002826538637214034
2.94164204006584e-07,0.000263702010506918
2.941653665261861e-07,0.0002443492328342225
2.941664983729913e-07,0.000225499283510402
2.941678666482562e-07,0.0002028605786917858
2.941696280921328e-07,0.0001742127886405189
2.941715929209212e-07,0.0001441594160023988
2.941731685440965e-07,0.0001237638246766995
2.941747361196593e-07,0.0001079105167157813
2.941774660493922e-07,8.816991190773631e-05
2.941798247850509e-07,7.502976917005683e-05
2.941824906065801e-07,6.428538995756769e-05
2.941847761770648e-07,5.788145082538596e-05
2.941871208826649e-07,5.462256825080115e-05
2.94190175848676e-07,6.103582562157836e-05
2.941936096584706e-07,8.988768043033327e-05
2.941960523105052e-07,0.0001077864463575174
2.941981483228875e-07,0.0001056767688324725
2.942e-07,0.0001053102435758886
2.942004407882563e-07,0.0001083326502498966
2.942013223647687e-07,0.0001164179103577739
2.942023335624999e-07,0.0001200910741997873
2.942030863681097e-07,0.0001147787664576999
2.942042799895509e-07,9.176622132681678e-05
2.942052673544823e-07,6.52856541980532e-05
2.942061166582554e-07,4.490925417880622e-05
2.942068597663626e-07,3.237796825951032e-05
2.942078783595047e-07,2.382311658336654e-05
2.942088405072853e-07,2.056522375322441e-05
2.942098759445451e-07,1.869305616735453e-05
2.942108734741146e-07,1.73852974080288e-05
2.942120794483991e-07,1.61117580524697e-05
2.942136000215145e-07,1.487627098357475e-05
2.942158498924853e-07,1.364816954199331e-05
2.942192227280563e-07,1.263846514401108e-05
2.942238734307653e-07,1.190707158736953e-05
2.942284182449456e-07,1.139500018884483e-05
2.942335860628545e-07,1.087453916375775e-05
2.942397842984982e-07,1.028511604832214e-05
2.942487561091538e-07,9.468205224227536e-06
2.942626388887211e-07,8.461046892119988e-06
2.942786397129683e-07,8.798989200289583e-06
2.943023997789636e-07,1.322422774904289e-05
2.943191563893355e-07,1.570695416446976e-05
2.943248742499631e-07,1.512389145862778e-05
2.943310342514093e-07,1.315738338159609e-05
2.943352582518796e-07,1.117518955404987e-05
2.943405163374976e-07,8.932869871508871e-06
2.943442077723082e-07,8.309184013071383e-06
2.943486113690687e-07,8.620185290958799e-06
2.94352676508079e-07,9.55744781714082e-06
2.94358989196156e-07,1.112981266405207e-05
2.943670858139301e-07,1.235947251506462e-05
2.943751727642605e-07,1.226929221986023e-05
2.943839181930761e-07,1.1593821436528e-05
2.943911279725652e-07,1.985671371004121e-05
2.943987521525161e-07,4.598226396011561e-05
2.94405337197424e-07,6.36123233485664e-05
2.944122586053452e-07,6.916530300656616e-05
2.944182231485534e-07,9.844190436908945e-05
2.944243102819578e-07,0.0002391532146822012
2.944287029999634e-07,0.0003619397982132661
2.944321168521576e-07,0.0003821193288649236
2.944342015709335e-07,0.0003821221522166708
2.944356499283631e-07,0.0004009871579482597
2.944375689088604e-07,0.0004535362911638082
2.944389635239647e-07,0.0004965276305932039
2.944405154562828e-07,0.0005490284107397671
2.944418136081455e-07,0.0006401472260669473
2.944428106807972e-07,0.0007146218564859687
2.94443738847087e-07,0.000750593362934679
2.944448422805702e-07,0.0007630633829572201
2.944456299656603e-07,0.000744814275144811
2.944465346423873e-07,0.0006898818744916757
2.944472448818947e-07,0.0006478971783454673
2.94447880327497e-07,0.0006119945649856371
2.944485336931544e-07,0.000569747966226432
2.94449374665005e-07,0.0005090288689859734
2.944501097647612e-07,0.0004563789323835368
2.944509781540923e-07,0.000403530067639965
2.94451844593929e-07,0.0003663127789414915
2.944528139703654e-07,0.0003391806968670206
2.944539102433304e-07,0.0003172276927815196
2.944549082411346e-07,0.0003021832034110773
2.944559926988125e-07,0.0002908867734666228
2.944573768897092e-07,0.0002856744874068177
2.94458631116381e-07,0.0002962914924917912
2.944597514934871e-07,0.0003091041641467425
2.944607341813551e-07,0.0003103717838943677
2.944619311119683e-07,0.0003077487992612992
2.944627947987401e-07,0.0003177651491724941
2.944635953177666e-07,0.0003309756374297057
2.94464569296364e-07,0.0003321423073650102
2.944656988000715e-07,0.0003035572258705924
2.944668432352528e-07,0.000256690137974871
2.944678994045093e-07,0.0002382026307564264
2.944689342992426e-07,0.0002559693719242046
2.944698693938795e-07,0.0002659557643601457
2.944706990098865e-07,0.0002509443436285822
2.944716355975402e-07,0.0002141724175683802
2.944725098929589e-07,0.0001883153444808182
2.944733891776649e-07,0.0001989183462390542
2.944742465713213e-07,0.0002289923818654601
2.94475116611945e-07,0.0002485783673503587
2.944760977170026e-07,0.0002432521331149961
2.944771015275518e-07,0.0002196177846123877
2.944780241121665e-07,0.0002111132507444724
2.944790642061241e-07,0.0002437867551184727
2.944801116186578e-07,0.0003053486928488785
2.944810968225687e-07,0.0003518774137247236
2.944821917208912e-07,0.00036946562769365
2.944831739145462e-07,0.0003587884468891641
2.944843164597946e-07,0.0003278879200350638
2.944855380796174e-07,0.0002855969479499835
2.944867963057587e-07,0.0002407541050952326
2.944882732271015e-07,0.0001914557940201552
2.94490207458121e-07,0.0001350529620077474
2.944930163394503e-07,7.148386602962022e-05
2.944968836822135e-07,2.191693198380962e-05
2.945013629048852e-07,4.176729599782816e-06
2.945057331173803e-07,1.19572842949897e-06
2.945094140295817e-07,7.555339351066637e-07
2.945132145953317e-07,6.189374533803173e-07
2.945178407968419e-07,5.396262106031345e-07
2.945244911751948e-07,4.627039712893071e-07
2.945338750045097e-07,3.813764470921469e-07
2.945491261573795e-07,2.880811827633686e-07
2.945764807678273e-07,1.893586860560189e-07
2.946206357834147e-07,1.158340719199561e-07
2.946790532518302e-07,7.724453833922123e-08
2.947518552784703e-07,5.677561646367511e-08
2.948399926915793e-07,4.435726629073739e-08
2.94955973748434e-07,3.536495520251841e-08
2.95122558442431e-07,2.826082236749379e-08
2.95396452844758e-07,2.222763042014344e-08
2.957931408683747e-07,1.788357321874414e-08
2.963502206866549e-07,1.471177522685082e-08
2.971300889972629e-07,1.226332647835483e-08
2.982486884627429e-07,1.024357814515938e-08
2.991243442313714e-07,9.210657624053579e-09
3e-07,8.425831406183436e-09
3.000286709165256e-07,1.806640169663753e-08
3.000657792637002e-07,2.335046490546459e-06
3.000843334372874e-07,1.156221261535742e-05
3.00091081275832e-07,1.646698413531949e-05
3.000995276288161e-07,1.979944738096904e-05
3.001057930402162e-07,1.943206277893452e-05
3.001122338131025e-07,1.707207174446522e-05
3.001174355877616e-07,1.496596564976088e-05
3.001213552645464e-07,1.531267768515527e-05
3.001252458535111e-07,2.101295623919837e-05
3.001294185152177e-07,4.129648061119211e-05
3.001327891037449e-07,7.023409501873799e-05
3.001384478048394e-07,0.0001237125595770069
3.001444769546949e-07,0.0001562320959947316
3.001492170784176e-07,0.0001565986446496516
3.001545989577534e-07,0.0001419746072908705
3.001576420015114e-07,0.0001405181527482439
3.001597349816078e-07,0.0001466869796888119
3.001616865388517e-07,0.000156036001825307
3.001636277460042e-07,0.000165045446210102
3.001660308266283e-07,0.0001731332809176234
3.001684192052507e-07,0.0001927554033680397
3.001706729443166e-07,0.0002068418697896799
3.001723241949151e-07,0.000232947659466735
3.001738449195039e-07,0.0002813480705512836
3.001752036820374e-07,0.0003250657572911996
3.0017675376904e-07,0.0003528685098668283
3.001783883216477e-07,0.0003566590980540907
3.00179890488918e-07,0.0003522141782168129
3.00181233891438e-07,0.0003399121847134267
3.001821916336944e-07,0.0003300819913009526
3.00183348260382e-07,0.0003198637284795274
3.00184398349933e-07,0.0003102165359508068
3.001854585866904e-07,0.0002999352554054972
3.001865690079401e-07,0.0002881503669294416
3.001876793974768e-07,0.0002744978005695257
3.001889954946363e-07,0.0002574617209437713
3.001899374288558e-07,0.0002449986770739193
3.001916151234047e-07,0.000223532165597239
3.001930202113585e-07,0.0002086439219344984
3.001942447023071e-07,0.0001989788870162052
3.001956973917466e-07,0.0001926224080649455
3.001975257726313e-07,0.0001922907607048148
3.001987628863156e-07,0.0001956084018904617
3.002000000000001e-07,0.0001992674369664767
3.002005316437733e-07,0.0002000024796683554
3.002015949313199e-07,0.000200203465538234
3.002026360410402e-07,0.0001976115756389037
3.002042454946357e-07,0.0001886650626675095
3.00206025375407e-07,0.0001905323391530803
3.002075257294429e-07,0.0002013197715348957
3.002088667987618e-07,0.0002063294708015158
3.002099828721882e-07,0.0002076336226589297
3.00211383081113e-07,0.0002056019194893544
3.002126537849505e-07,0.0002022228919312547
3.002138012892398e-07,0.0001992375269313196
3.00215269816178e-07,0.0001957018745034881
3.002182068700544e-07,0.0001896763055139646
3.002229792700208e-07,0.0001817401461805634
3.00227621114969e-07,0.0001776556594886387
3.002305441968092e-07,0.0001817018136960114
3.00233724315217e-07,0.0001826668099766527
3.002362113858627e-07,0.0001753606625901513
3.002372363666437e-07,0.000175080955862422
3.002381943392704e-07,0.0001815806743222808
3.002390468888534e-07,0.0001913327835644324
3.002399580457152e-07,0.0001967856280284156
3.002407516222992e-07,0.0001915200088419308
3.002420204658047e-07,0.0001613166998842727
3.002430319203728e-07,0.0001258897425754089
3.002438250884427e-07,0.0001015990942593106
3.002444520442699e-07,8.907618092284565e-05
3.002452906473863e-07,7.924745519429317e-05
3.002461835522037e-07,7.226862118737672e-05
3.002468970790965e-07,6.801054693132695e-05
3.002477320916667e-07,6.395988170010171e-05
3.002491080978283e-07,5.859872722869232e-05
3.002508851827547e-07,5.309518488008769e-05
3.002529072336363e-07,4.807424734499953e-05
3.002553768994616e-07,4.321168320589202e-05
3.002587628706532e-07,3.818715705477971e-05
3.002630587748455e-07,3.369563141183725e-05
3.002681459252435e-07,3.006968172303888e-05
3.002746485785777e-07,2.664856241750126e-05
3.002802082671268e-07,2.398841958500925e-05
3.002862708562473e-07,2.059660423965371e-05
3.002907174414969e-07,1.774769202742535e-05
3.00295712332886e-07,1.445010250808085e-05
3.00300453305823e-07,1.148872600505746e-05
3.003055015167699e-07,9.388363851657432e-06
3.00309194347156e-07,8.524603681127072e-06
3.003136203993175e-07,8.058153748391334e-06
3.003195378111687e-07,7.999925950604339e-06
3.003283702835458e-07,8.319698188368144e-06
3.003374743530772e-07,8.472494047985671e-06
3.003478054631907e-07,8.131474482504994e-06
3.003585400678914e-07,7.330727415433527e-06
3.003706882594407e-07,8.183275505087542e-06
3.00383696281168e-07,2.652471715323414e-05
3.003942931881694e-07,5.133194873475812e-05
3.004026722732162e-07,5.779645529549899e-05
3.004081144439926e-07,6.594548726555814e-05
3.004115712427434e-07,9.254854443514971e-05
3.004147504982551e-07,0.0001407050689923996
3.004180686213138e-07,0.0002030432936969145
3.00421339833496e-07,0.0002530306295141219
3.004235887361643e-07,0.0002755733559459727
3.00425883515286e-07,0.0003165470326665193
3.004281050110509e-07,0.000439404187962451
3.004297159230886e-07,0.0005681343128342096
3.004311555106489e-07,0.0006596199299579622
3.004321970011288e-07,0.000744740432842161
3.004333594509797e-07,0.0008509853558810296
3.004342607019281e-07,0.0008887471940204815
3.004350835890158e-07,0.0008792416506791945
3.004357786986706e-07,0.0008493369022150183
3.00436685182437e-07,0.0007882201375366703
3.004373148275257e-07,0.0007354582890773268
3.004380090702078e-07,0.000674873475788589
3.004386203692433e-07,0.0006248865703922947
3.00439301713294e-07,0.000578896973336712
3.004400294258394e-07,0.0005416184216114362
3.004408722298445e-07,0.0005059353020841824
3.004418043055997e-07,0.0004617827611130122
3.004428266193761e-07,0.0004002726171592459
3.004439208477053e-07,0.0003273414430690851
3.004451366100251e-07,0.0002570572409989859
3.004460495826454e-07,0.0002105921353461702
3.004470036511223e-07,0.0001625337848448783
3.004476404848986e-07,0.0001348465111021902
3.004483234869455e-07,0.0001123675050263054
3.004490585513983e-07,9.440056657029799e-05
3.004501949589471e-07,7.49687733109619e-05
3.004512987811891e-07,6.229439912587409e-05
3.004524175469383e-07,5.303584430495165e-05
3.004536365086867e-07,4.53482496364911e-05
3.004551518072637e-07,3.811595019315281e-05
3.004569169462086e-07,3.236396204509429e-05
3.004590723759267e-07,2.976738682296895e-05
3.004618526814731e-07,3.591141107203319e-05
3.00463969768521e-07,4.283389742084727e-05
3.004657538277288e-07,4.356550540979074e-05
3.004680949043871e-07,4.280620477871787e-05
3.00469954640813e-07,5.747031375043689e-05
3.004714554942201e-07,6.329648460157911e-05
3.004728055082061e-07,5.820339789647349e-05
3.004740151687443e-07,5.319962763528678e-05
3.004752275736197e-07,6.520601621974427e-05
3.004765145744223e-07,9.530291440299834e-05
3.004775627246885e-07,0.0001103558417308645
3.004786721092722e-07,0.0001068724396397619
3.004799466429734e-07,9.354304881395933e-05
3.004810041260679e-07,0.0001042202095738241
3.004821187372008e-07,0.0001227940476902258
3.004830924136592e-07,0.0001257882702100546
3.004839687852352e-07,0.0001181234922408467
3.004850976565228e-07,0.000102134555585637
3.004861718793946e-07,9.891959323207714e-05
3.004872290694876e-07,0.0001317469626750809
3.004884904188262e-07,0.0002042492901217841
3.004898471749965e-07,0.0002663554227162824
3.004914080445083e-07,0.0002880102865017747
3.004932010494473e-07,0.0002602205210706693
3.004949127915676e-07,0.0002046203343330395
3.004967258531132e-07,0.0001371479392264521
3.00498613131304e-07,7.367325665165499e-05
3.005005945189609e-07,2.780553986413958e-05
3.005026733455582e-07,7.452912924991096e-06
3.00505548868615e-07,1.252287521522005e-06
3.005078987692757e-07,5.672881321659959e-07
3.005101767506614e-07,3.884417104278986e-07
3.005127323190323e-07,3.049524399716843e-07
3.005164941265308e-07,2.42639578963274e-07
3.005223050134633e-07,1.881199249993824e-07
3.005309276971535e-07,1.383998100183883e-07
3.005453652189007e-07,9.1343211518122e-08
3.005685210359707e-07,5.67256433403931e-08
3.006058043646415e-07,3.56680018002987e-08
3.006528531776827e-07,2.569074461061303e-08
3.007151279890007e-07,1.972950589421679e-08
3.007954277785654e-07,1.580849539200676e-08
3.009124186796295e-07,1.281082406090883e-08
3.010966111305401e-07,1.046024696394679e-08
3.013571282257062e-07,8.823057058050992e-09
3.017251339176894e-07,7.618680290684432e-09
3.022469752925533e-07,6.668026181959087e-09
3.030019524973956e-07,5.855220657506852e-09
3.040937679412588e-07,5.130578669936038e-09
3.056680659188618e-07,4.47456688055788e-09
3.079383874763252e-07,3.885043284339718e-09
3.1e-07,3.531825516550392e-09
3.100500000000001e-07,8.307906434632354e-08
3.100634409687626e-07,5.499208021505511e-07
3.100903229062877e-07,7.526358827049843e-06
3.100970223637938e-07,1.102463274956826e-05
3.101025561423037e-07,1.29788734677762e-05
3.101085303313595e-07,1.31463488186408e-05
3.101134760391485e-07,1.191461678661248e-05
3.1011624509376e-07,1.080581526929883e-05
3.101171846060111e-07,1.046265567025095e-05
3.101181837915902e-07,1.010578711342441e-05
3.101189994477843e-07,1.010399866561304e-05
3.101206307601725e-07,2.024384801451937e-05
3.101217141928762e-07,4.716472025272161e-05
3.101230610991776e-07,9.145123449798162e-05
3.101241221318801e-07,0.0001187116693603948
3.101251836128201e-07,0.0001317981305379083
3.101262450937601e-07,0.0001388223124260708
3.101265567761693e-07,0.0001373324046879025
3.101270269081576e-07,0.0001419850136507443
3.101274553970855e-07,0.0001510487702510098
3.101280984720537e-07,0.000168703536178808
3.101289468162485e-07,0.0001901801396285158
3.101297975474696e-07,0.0002003171324480921
3.10130674367722e-07,0.0001969082994413124
3.101315362495544e-07,0.000192999399692656
3.101325249927056e-07,0.0001942632803604952
3.101335158398293e-07,0.0001946048830232933
3.101345542583627e-07,0.0001892545612372121
3.101356619976281e-07,0.000170476158781236
3.101365235162641e-07,0.0001523180321810757
3.10137476929685e-07,0.000138254715745477
3.101386291484526e-07,0.0001378738490412486
3.101395545895438e-07,0.000142759881468411
3.101405772293739e-07,0.0001422460247016754
3.101418178273261e-07,0.0001322315765662522
3.101429529588747e-07,0.0001220645262714917
3.101441198510353e-07,0.0001223084698756471
3.101450228577672e-07,0.000126120203853313
3.101458080208352e-07,0.000123462556425275
3.10146415342295e-07,0.0001162067522292032
3.101471555610563e-07,0.0001037364820766508
3.101477124613671e-07,9.385060673683369e-05
3.10148384136436e-07,8.371740044315215e-05
3.101491830254243e-07,7.296316483617792e-05
3.101499943373979e-07,6.301987074421543e-05
3.101507368685144e-07,5.491486947225177e-05
3.101515530337872e-07,4.5553714612733e-05
3.101524230481622e-07,3.372961180218122e-05
3.101531315346026e-07,2.357552215786754e-05
3.101538748135466e-07,1.469130199378263e-05
3.101545631035577e-07,9.019894802720187e-06
3.101554693350414e-07,5.047173667271529e-06
3.101566010737558e-07,2.988899756794351e-06
3.101577665580753e-07,1.975022177289454e-06
3.101588219634729e-07,1.386378876178538e-06
3.101600148285091e-07,9.273543514901607e-07
3.101615899915648e-07,5.409980559588934e-07
3.101640104456067e-07,2.338920938114681e-07
3.101676930488869e-07,6.716612107907668e-08
3.101722877753247e-07,1.887042420768258e-08
3.101776660842102e-07,8.81751013679804e-09
3.101842345254755e-07,6.727157306490256e-09
3.101929704943384e-07,6.168451865958405e-09
3.102000000000001e-07,6.006604124479327e-09
3.102043275275384e-07,4.204857042121052e-09
3.102095428416227e-07,4.154140016890798e-09
3.10214433795123e-07,4.141687518674184e-09
3.102242157021235e-07,4.140354684232081e-09
3.10239573076219e-07,4.13571496231029e-09
3.102671578730592e-07,4.130450941125508e-09
3.103223274667397e-07,4.121519009648368e-09
3.104298007816039e-07,4.100978264554136e-09
3.106447474113322e-07,4.063154341160936e-09
3.110746406707889e-07,3.990858482619242e-09
3.119344271897024e-07,3.858295170180213e-09
3.129672135948512e-07,3.717291111333817e-09
3.14e-07,3.592814306700377e-09
3.140310090325922e-07,8.098908382772899e-09
3.140701083676715e-07,1.63179793805058e-06
3.140863448217125e-07,6.106944249388212e-06
3.140946139142588e-07,9.245436491543854e-06
3.141046337265645e-07,1.14615759960584e-05
3.141126790398466e-07,2.255778991244958e-05
3.141177900914701e-07,4.880443930893367e-05
3.141237453272859e-07,8.21625435487132e-05
3.141283189554451e-07,9.080929706243166e-05
3.141325388618392e-07,9.733290557438624e-05
3.141357628851672e-07,0.00011724043796699
3.141382958575093e-07,0.0001499653161020377
3.141414490871903e-07,0.0002037908233129607
3.141439170210803e-07,0.0002448384789033885
3.141468320903476e-07,0.0002812605761416218
3.141498733208895e-07,0.0003010671750174846
3.141518463917488e-07,0.0003136949642632047
3.141540428562021e-07,0.000343474093820663
3.14155589289647e-07,0.0003681633545814029
3.141569187499102e-07,0.0003797776045075487
3.141583616997116e-07,0.0003752833426802715
3.141599934108179e-07,0.0003492602966579534
3.141608134163593e-07,0.000331669877297828
3.141616964254461e-07,0.000313257307577664
3.141625752593275e-07,0.0002968182713246279
3.141641704187497e-07,0.0002695440392866246
3.141653721726957e-07,0.0002494678970449619
3.141665584448737e-07,0.0002294477341571598
3.141677951820129e-07,0.0002085389037981392
3.141695844766314e-07,0.0001786481111377536
3.141716134627689e-07,0.0001467057316162698
3.141731700757716e-07,0.0001259812420469212
3.141747248650955e-07,0.0001097663308079906
3.141773435763356e-07,9.032251031957335e-05
3.141796832910564e-07,7.698455934313485e-05
3.141824433021952e-07,6.563533091389006e-05
3.141846344506411e-07,5.92140871551902e-05
3.141870248397612e-07,5.473672070876343e-05
3.141899590656246e-07,5.662045990008688e-05
3.141933981569335e-07,8.011136038233139e-05
3.141961220707055e-07,0.0001047500959057857
3.14198233198364e-07,0.0001078507853218787
3.142e-07,0.0001032599819444027
3.1420054850732e-07,0.0001043282733922304
3.142016455219598e-07,0.0001126379942476144
3.142027761349068e-07,0.0001202495176409258
3.142035935386559e-07,0.0001174164389112266
3.142047702677747e-07,9.80343802134575e-05
3.142057671658329e-07,7.178890319838891e-05
3.142066797024377e-07,4.876463245162029e-05
3.142074104339842e-07,3.49687530479754e-05
3.142083470527649e-07,2.532165492711194e-05
3.142097724143737e-07,2.00492596947592e-05
3.142108215515481e-07,1.832790311840092e-05
3.142118729817258e-07,1.701974344673302e-05
3.142130155917123e-07,1.586659738461151e-05
3.142147998558228e-07,1.451324365244804e-05
3.142171027703634e-07,1.338953394557602e-05
3.142211529581768e-07,1.235692958762113e-05
3.142256415092914e-07,1.173211767247206e-05
3.142303542837666e-07,1.121887646981365e-05
3.142356174107229e-07,1.069614621997724e-05
3.142424012156284e-07,1.005621934774346e-05
3.142521506119428e-07,9.185787886676914e-06
3.142683122940949e-07,8.312701454287841e-06
3.142850621006425e-07,9.669288435056343e-06
3.143065813599834e-07,1.405633321283369e-05
3.143162347334038e-07,1.555804707763141e-05
3.143211446655941e-07,1.573751844534169e-05
3.143273798865809e-07,1.457523676002601e-05
3.143323626364886e-07,1.267995629357082e-05
3.143365843927699e-07,1.059622393355471e-05
3.14339744403172e-07,9.218583350863361e-06
3.143430549586769e-07,8.430834644126329e-06
3.143472639839289e-07,8.406275606867876e-06
3.143509077070705e-07,9.087215424705694e-06
3.1435628566193e-07,1.047024752662947e-05
3.143644959164097e-07,1.209831268974835e-05
3.143721979760556e-07,1.244873650601653e-05
3.143795376111096e-07,1.179862859102994e-05
3.143874417890778e-07,1.333042953836112e-05
3.143953067556941e-07,3.277217726192403e-05
3.144026290270343e-07,5.759988538507963e-05
3.144090360802817e-07,6.724737125614314e-05
3.144176291279218e-07,8.85554211162593e-05
3.144241631720646e-07,0.0002177584180696123
3.144291478740779e-07,0.000343778776984537
3.144326820655496e-07,0.0003570456966815634
3.144346019259216e-07,0.000369327686830742
3.144359672672158e-07,0.0004026979364766236
3.144377336344924e-07,0.0004693909044245177
3.14439105730097e-07,0.0005195219546171387
3.144405843863134e-07,0.0005763404982272737
3.144418187120474e-07,0.0006682454727880507
3.144427974542878e-07,0.000745795717612333
3.14443720029974e-07,0.0007875607278502606
3.144448064660042e-07,0.0008053913550269664
3.144455904722249e-07,0.0007938244813781124
3.144464894426356e-07,0.0007464753690685464
3.144472120419196e-07,0.0006993046545281809
3.144478448635203e-07,0.0006549037212292
3.144484987009952e-07,0.0006040839864045504
3.144493568329543e-07,0.00053148998766306
3.14450091899819e-07,0.0004699898291810925
3.144509517108665e-07,0.0004103605916381172
3.144518225058919e-07,0.0003733968138110417
3.144527798104785e-07,0.0003568504281919863
3.144538830574634e-07,0.0003514900271711862
3.144548821459392e-07,0.0003469779467272618
3.144559616706367e-07,0.0003363895455378015
3.144572539474069e-07,0.0003211477511459657
3.144585044082949e-07,0.0003259412285703453
3.144596163840878e-07,0.0003598975517383358
3.144605959299474e-07,0.0003937241078378822
3.144614881381116e-07,0.0004045655492981581
3.144624339812359e-07,0.0003953700335606621
3.144631706519372e-07,0.0003799262923284832
3.144638517439783e-07,0.0003613149604620194
3.14464546394525e-07,0.0003366141249607055
3.14465467112544e-07,0.0002912711235157329
3.144664472325439e-07,0.0002346912550144624
3.144672839973724e-07,0.0001968438189243024
3.144682286708149e-07,0.0001789554449824668
3.144692888583667e-07,0.0001762021765982714
3.144701926283494e-07,0.0001678271706698243
3.144712465343344e-07,0.0001443849341258012
3.144723216228161e-07,0.0001168648316786638
3.144733091276954e-07,0.0001144849677750781
3.144743364369834e-07,0.000140949218950068
3.144753069855332e-07,0.0001611275221822852
3.144763487586602e-07,0.0001614035629524229
3.144775718976468e-07,0.0001400372415404816
3.14478693923183e-07,0.0001348131415727243
3.144797119274227e-07,0.0001690590996500581
3.144811301999859e-07,0.0002288913332991657
3.144824423445083e-07,0.0002510552028477313
3.144834917314328e-07,0.0002451441351920904
3.144850055710853e-07,0.0002169903324073132
3.144862137659471e-07,0.0001883343656690326
3.144875754321922e-07,0.0001562993921913328
3.144892041991764e-07,0.0001211383095234025
3.144916226409675e-07,7.71182492278789e-05
3.144950594026184e-07,3.288143367228116e-05
3.144991570602469e-07,8.459155122286084e-06
3.145050838036885e-07,1.208504427574338e-06
3.14509329920385e-07,7.238855882821831e-07
3.145132587875074e-07,6.042943338691159e-07
3.145174391635529e-07,5.356742643799776e-07
3.145237491341802e-07,4.608600229115601e-07
3.145331516241585e-07,3.771634634917466e-07
3.14547996999985e-07,2.84916416573517e-07
3.145742924592811e-07,1.885552242964889e-07
3.146177578900062e-07,1.148538197668975e-07
3.146751579680536e-07,7.629503377024102e-08
3.147473230462152e-07,5.574755398014239e-08
3.148341536049464e-07,4.345350322884184e-08
3.149480845201562e-07,3.462176477123695e-08
3.151103988667726e-07,2.771695181308481e-08
3.15375419943999e-07,2.188156462281068e-08
3.157582199319302e-07,1.767302231335816e-08
3.16295279860604e-07,1.459085476900663e-08
3.170480713933772e-07,1.220101019405256e-08
3.181278524592117e-07,1.022313246805288e-08
3.190639262296059e-07,9.115221061193919e-09
3.200000000000001e-07,8.291981697216208e-09
3.200295918095787e-07,1.938349172839163e-08
3.200674905616103e-07,2.779658862454175e-06
3.200864399376261e-07,1.307431672691496e-05
3.200933840912432e-07,1.769014696572609e-05
3.201014425960484e-07,1.989854365120574e-05
3.201084244036135e-07,1.86369620558378e-05
3.201143183352792e-07,1.612729606899235e-05
3.201192068488531e-07,1.474103900254029e-05
3.201227641847347e-07,1.644663191036733e-05
3.201242999677211e-07,1.878734914145632e-05
3.201273715336939e-07,2.909203920409219e-05
3.201305423931799e-07,5.00095088873219e-05
3.201362610209504e-07,0.0001043150281278983
3.201417807470244e-07,0.0001462734441593572
3.201467141471899e-07,0.0001590764158485759
3.201516310320859e-07,0.0001501537249362261
3.201576132892363e-07,0.0001405455781977019
3.201599774944899e-07,0.0001477022365463579
3.201619175663214e-07,0.0001570751750271433
3.201639420610027e-07,0.0001660577832171093
3.201665566307671e-07,0.0001758164972835282
3.201688746964347e-07,0.0001966652516921855
3.201704081529493e-07,0.0002054517906247662
3.201719903124271e-07,0.00022580229922417
3.201734456522765e-07,0.0002687253284644502
3.201747939374612e-07,0.0003140140745664982
3.201762490980924e-07,0.0003477247428569372
3.2017785137327e-07,0.000356333985080042
3.201794671183131e-07,0.0003545280621487364
3.201808616262872e-07,0.0003435131510432203
3.201819019292077e-07,0.0003326654470560256
3.201829111587833e-07,0.0003234706294738033
3.201842210448042e-07,0.0003117082094637418
3.201853235967662e-07,0.0003010476244185351
3.201864326260858e-07,0.0002894328545055789
3.201876206616967e-07,0.0002749013541561012
3.201888122422734e-07,0.0002595036888924877
3.201897475407081e-07,0.0002471415900625172
3.201913522952103e-07,0.0002263351493547856
3.201928471913348e-07,0.0002100208091721134
3.201940181581035e-07,0.0002002956790285766
3.201955481700433e-07,0.0001929426151633218
3.201972944963536e-07,0.0001919688469491942
3.201986472481768e-07,0.0001953279582378336
3.202e-07,0.0001993350155477772
3.202005355424085e-07,0.0002000497778717879
3.202016066272253e-07,0.0002001771693855773
3.202026719856502e-07,0.0001973916199195988
3.202042901325936e-07,0.0001883114323304722
3.202060580332652e-07,0.0001909505122632865
3.202075555906013e-07,0.0002016195631896559
3.20208881765768e-07,0.0002064326280739463
3.202100000285555e-07,0.0002076350606277737
3.202114196454388e-07,0.0002054705246861624
3.202126631143465e-07,0.0002021432079949007
3.202138190545324e-07,0.0001991395310734961
3.202153036140113e-07,0.0001955769372777163
3.202182727329691e-07,0.0001895132738165272
3.202231626133646e-07,0.0001814340416373177
3.202277723168124e-07,0.0001777253476240426
3.202306088916525e-07,0.0001818048804303756
3.202337502262039e-07,0.0001825914006342748
3.202362332980479e-07,0.0001752742089398235
3.202372463183311e-07,0.0001751145812236276
3.202382045805473e-07,0.0001817404240986642
3.202390567242954e-07,0.0001914901113106117
3.202399631547043e-07,0.0001967705430739506
3.202407592582722e-07,0.0001913136035349263
3.202420025014792e-07,0.0001616590049565716
3.202430159413692e-07,0.0001261910432469711
3.202438081378098e-07,0.0001018497946710058
3.202444346711848e-07,8.923323050828988e-05
3.202452676715064e-07,7.939483110559525e-05
3.202461724647156e-07,7.229395641972363e-05
3.20246884361818e-07,6.803942734016434e-05
3.202477187944715e-07,6.398582353311074e-05
3.202490780328181e-07,5.867763127868057e-05
3.202508547465643e-07,5.315912878736131e-05
3.202528706493595e-07,4.813970848901169e-05
3.202553358103812e-07,4.32713254211911e-05
3.20258701359027e-07,3.825752389450836e-05
3.202629931143267e-07,3.374925717678648e-05
3.202680636173037e-07,3.011898194286246e-05
3.202745464130746e-07,2.669806251971691e-05
3.202801259882563e-07,2.402527801317045e-05
3.202862044001652e-07,2.062363575642641e-05
3.202906527468875e-07,1.777118571180479e-05
3.202956773969656e-07,1.445096724269961e-05
3.203004127989125e-07,1.149192311820498e-05
3.203054574674093e-07,9.392864099926351e-06
3.203091525221272e-07,8.528393423966921e-06
3.203135724972163e-07,8.062079249287906e-06
3.203194966606173e-07,8.003006117580386e-06
3.203283294865925e-07,8.321788174633998e-06
3.203374355849736e-07,8.473470660330717e-06
3.203477669999361e-07,8.131395006222929e-06
3.203585034374419e-07,7.329960673574657e-06
3.203706557390127e-07,8.191137424332769e-06
3.203836605947355e-07,2.656194465063642e-05
3.203942510178364e-07,5.134613519117594e-05
3.204026294467979e-07,5.779849634470122e-05
3.204080581341737e-07,6.592280379532403e-05
3.204115144861168e-07,9.248116825363838e-05
3.204146941242309e-07,0.0001406071306327663
3.204180126056543e-07,0.0002029489965388213
3.204212846102775e-07,0.0002529757943061557
3.204235315605772e-07,0.000275519590530335
3.204258265998472e-07,0.0003168049304480019
3.204280488909858e-07,0.0004416698561265601
3.204296616198828e-07,0.0005734461300077578
3.204311032458048e-07,0.00066621200562587
3.204326862030153e-07,0.0008005115116550772
3.204338049322377e-07,0.0008783706164037796
3.204346944180128e-07,0.0008875141258776328
3.204354783962719e-07,0.0008621194070162991
3.204363001566327e-07,0.0008148203324400692
3.204373840024295e-07,0.0007273780880412316
3.2043824888868e-07,0.0006534479926674914
3.204388780646614e-07,0.0006064712998572972
3.20439620023301e-07,0.0005634896165664713
3.204403568187337e-07,0.0005311943962209457
3.204412993209882e-07,0.0004916516091137347
3.204422500391636e-07,0.000441247495827361
3.204433602582132e-07,0.0003687265395490803
3.204444775707979e-07,0.0002974263202572391
3.204454861941153e-07,0.0002429090405914845
3.204463730705254e-07,0.0001970666998711663
3.204471294567689e-07,0.0001584973841359702
3.204479498462369e-07,0.0001249246105344664
3.204485936413539e-07,0.0001060561054699684
3.204494587379387e-07,8.744238097811343e-05
3.204506962561852e-07,6.944337417085419e-05
3.204517288893986e-07,5.912654424746488e-05
3.204528590065572e-07,5.063886651666762e-05
3.204541437454092e-07,4.320595971791177e-05
3.204557935818323e-07,3.613353275600757e-05
3.204576777164996e-07,3.11514512995137e-05
3.204600508072909e-07,3.096216341406284e-05
3.204627709595407e-07,3.938668263760918e-05
3.204646941882758e-07,4.406812125526311e-05
3.204665171889424e-07,4.233362731328064e-05
3.204680324011443e-07,4.265275546035423e-05
3.204697258207875e-07,5.569754453496619e-05
3.204711004574397e-07,6.345105055097616e-05
3.204723883296803e-07,6.079267850941324e-05
3.204735064201855e-07,5.465398149010813e-05
3.204747702036022e-07,5.791177695611106e-05
3.204759453136008e-07,8.087836597288095e-05
3.20477016385092e-07,0.0001001038815787666
3.204779204631489e-07,0.0001014762573833518
3.204792844555559e-07,8.371418153038495e-05
3.204802420422769e-07,7.894905715436293e-05
3.204812234889067e-07,7.971517052069415e-05
3.204821108028012e-07,7.585102010460871e-05
3.204828890610057e-07,6.967381094872328e-05
3.204839103589009e-07,5.94100165566559e-05
3.204848911745781e-07,5.289407491831135e-05
3.204858053471979e-07,5.956322109401958e-05
3.204868622767707e-07,8.626195653270411e-05
3.204882162598565e-07,0.0001254541819537817
3.204896515462573e-07,0.0001468088430444117
3.204910712978521e-07,0.0001455599169740561
3.204927654256975e-07,0.0001245856911156759
3.2049445759162e-07,9.361224254854448e-05
3.204962981462549e-07,5.884835330778722e-05
3.204982170355114e-07,2.855112626163201e-05
3.20500248930532e-07,9.413989499541287e-06
3.205024473822294e-07,2.236134334911869e-06
3.205043180782687e-07,7.912116098681893e-07
3.205065891428342e-07,3.964514598039688e-07
3.205087565088956e-07,3.092234808871366e-07
3.205115091650955e-07,2.646427823400421e-07
3.205149760093055e-07,2.315425336930203e-07
3.205204462949081e-07,1.945022292286305e-07
3.205289308183258e-07,1.537256515601149e-07
3.205431472949976e-07,1.101727088800337e-07
3.205714220592244e-07,6.7376428012347e-08
3.206131923045749e-07,4.31388016481578e-08
3.2066429388584e-07,3.132579315786903e-08
3.207277382493778e-07,2.42159568015469e-08
3.208123259442675e-07,1.91709592036758e-08
3.209375928133091e-07,1.523216011490633e-08
3.211359944544176e-07,1.213916503884774e-08
3.214123517315603e-07,1.003121958551618e-08
3.218030411144157e-07,8.492054989799197e-09
3.223581400372289e-07,7.297372414300374e-09
3.231632998951895e-07,6.300243452580649e-09
3.243181744944187e-07,5.44260861779344e-09
3.259702849671136e-07,4.689654830327483e-09
3.283354698542017e-07,4.029571656177547e-09
3.3e-07,3.715878858454502e-09
3.3005e-07,8.326142210251922e-08
3.300634409687626e-07,5.501029035375096e-07
3.300903229062876e-07,7.526540412426064e-06
3.300970223641807e-07,1.102481138181989e-05
3.301025561428586e-07,1.297905491679329e-05
3.301085303320016e-07,1.314652995668158e-05
3.301134760392598e-07,1.191479787277714e-05
3.30116245093758e-07,1.080599634308476e-05
3.301171846059781e-07,1.041675938786219e-05
3.301181837915183e-07,1.000891175262886e-05
3.301189994476912e-07,9.918483212829146e-06
3.301206307600371e-07,1.682566718128848e-05
3.301217197833257e-07,3.43739576804759e-05
3.301230653784075e-07,6.011682584448461e-05
3.301241271124104e-07,7.355515820695269e-05
3.301251861030842e-07,7.682272738272956e-05
3.30126245093758e-07,7.943131219802036e-05
3.301265564899019e-07,8.108076669935644e-05
3.301270259657843e-07,8.874014155499014e-05
3.30127453899749e-07,9.768700722782072e-05
3.301280968539266e-07,0.0001080659828720505
3.30128944193288e-07,0.0001098399361708082
3.301297944368705e-07,9.987467731419983e-05
3.301306710050894e-07,8.6707512808199e-05
3.301315329786727e-07,8.631724912713347e-05
3.301325205214913e-07,0.0001017752744486468
3.30133513277011e-07,0.0001117603063369907
3.301346515302873e-07,0.0001085247094758201
3.301357690626183e-07,9.503445252709406e-05
3.3013693586959e-07,7.938319367826546e-05
3.301381254691796e-07,7.855716292823255e-05
3.301393627501104e-07,9.175788157554178e-05
3.30140449349016e-07,9.75555741931133e-05
3.301415481294503e-07,9.182604872576687e-05
3.301428634029617e-07,7.489243855280329e-05
3.301440098229753e-07,6.235059159025877e-05
3.30144977194923e-07,5.489645207596744e-05
3.301457610958179e-07,4.498292422248549e-05
3.301464363121351e-07,3.314220917983761e-05
3.301471876268334e-07,1.956124292431307e-05
3.301477510516738e-07,1.143502091379477e-05
3.301484274929647e-07,5.890685596449807e-06
3.30149258703445e-07,2.840409717917332e-06
3.301500467533095e-07,1.525229229449422e-06
3.30150802154226e-07,8.900223305297703e-07
3.301516988989515e-07,5.15292452413602e-07
3.301530143269313e-07,2.817934821421224e-07
3.301548420163256e-07,1.641737609011253e-07
3.301570476611046e-07,1.053140203514245e-07
3.301598777961853e-07,6.487040499449082e-08
3.301638173502912e-07,3.443199296577947e-08
3.301701452782397e-07,1.451237050557439e-08
3.301800745139738e-07,7.296686960817623e-09
3.301900372569869e-07,6.176423031608583e-09
3.302e-07,5.908994712140667e-09
3.302051518939143e-07,4.090762162842783e-09
3.302113283191198e-07,4.055955773332213e-09
3.302171767887955e-07,4.044415918718899e-09
3.30228873728147e-07,4.042596177220639e-09
3.302473678292223e-07,4.037177470070241e-09
3.302795898699042e-07,4.032196465588378e-09
3.303434346749395e-07,4.018992749304402e-09
3.304609909463584e-07,3.998728534589654e-09
3.306882829185741e-07,3.956935176132145e-09
3.311281837816218e-07,3.883468901974763e-09
3.3196853085371e-07,3.751635123482217e-09
3.32984265426855e-07,3.612110534989226e-09
3.34e-07,3.489250463828622e-09
3.340307638969349e-07,7.815491379555118e-09
3.340696568982846e-07,1.561488631737164e-06
3.340891033989595e-07,7.108048367789374e-06
3.340979354086903e-07,1.012605677761688e-05
3.341078889668475e-07,1.297796130796891e-05
3.341167771264079e-07,4.22955925674053e-05
3.341240480441915e-07,8.232149452840197e-05
3.341292695174599e-07,9.116498655630706e-05
3.341338751043813e-07,0.0001034514899460315
3.341374010129586e-07,0.0001383096976236834
3.341399598446278e-07,0.0001796486973298009
3.341427211849846e-07,0.0002279922983193092
3.34145405486601e-07,0.000267640434708722
3.341487554825358e-07,0.0002973271925486386
3.341516574709682e-07,0.0003146583140421294
3.34153244192549e-07,0.0003341859251660494
3.34154897552452e-07,0.0003618933064483406
3.341562846562411e-07,0.0003795320262972441
3.341575518769403e-07,0.000382921436264594
3.341591133796578e-07,0.0003673664965232996
3.341599504875472e-07,0.0003512045538128435
3.341607111339304e-07,0.0003348841385261063
3.341614870911946e-07,0.0003187137956160205
3.341624305639691e-07,0.0003010132727964368
3.341640212929536e-07,0.0002738876925508747
3.341652399035075e-07,0.0002535282621114004
3.341664212394308e-07,0.0002334318908948178
3.341676561124449e-07,0.0002121985020122341
3.341694173759504e-07,0.0001820349193495095
3.341714659908481e-07,0.0001488646300949404
3.341730189526623e-07,0.0001276580541979292
3.341745682188288e-07,0.0001111233443166205
3.341771451007878e-07,9.164372129963232e-05
3.34179454690883e-07,7.833644020013352e-05
3.341822726555407e-07,6.66899117217629e-05
3.341844429151468e-07,6.028197211271118e-05
3.341868730843608e-07,5.515938279500737e-05
3.341897629465878e-07,5.452216262086661e-05
3.341932086033223e-07,7.277193635706775e-05
3.341962155595662e-07,0.0001014626861627038
3.341984052861453e-07,0.0001086409689625619
3.342e-07,0.0001040111316931574
3.34200632718651e-07,0.0001031609037255549
3.34201898155953e-07,0.0001098433381607493
3.342031417228968e-07,0.0001196757238987655
3.342040336345639e-07,0.0001182325228384323
3.342050033342288e-07,0.0001046972335045957
3.342060710968417e-07,7.830796834468358e-05
3.342070117703149e-07,5.36291038932165e-05
3.342077607694743e-07,3.797492648281776e-05
3.342085997400774e-07,2.742837019259163e-05
3.342097779701225e-07,2.130354438286409e-05
3.342109401953198e-07,1.888487268978535e-05
3.342119555093021e-07,1.74894457598644e-05
3.342130398357577e-07,1.629190833136696e-05
3.342145056933828e-07,1.502150291895531e-05
3.34216478713552e-07,1.382657395845926e-05
3.342196434874252e-07,1.272694307713344e-05
3.34224425307583e-07,1.189541328890656e-05
3.342289154174327e-07,1.137304508579142e-05
3.342339771094464e-07,1.085428642374288e-05
3.342398605596879e-07,1.028770113157763e-05
3.342483456256617e-07,9.50793137883985e-06
3.342611252562746e-07,8.536390205296239e-06
3.342769530456242e-07,8.641402773422039e-06
3.343011795064162e-07,1.296346762702398e-05
3.343181778708123e-07,1.567382448838809e-05
3.343238806860977e-07,1.532017542313044e-05
3.343302745328526e-07,1.346440692828447e-05
3.343334714562301e-07,1.205612133161303e-05
3.343384063488897e-07,9.65688987300939e-06
3.343427754056128e-07,8.446913992870634e-06
3.343460695920838e-07,8.313604730219781e-06
3.343502104346788e-07,8.957202115590309e-06
3.343552880692908e-07,1.02503331992827e-05
3.343631732764786e-07,1.192623607278709e-05
3.343708218204882e-07,1.247011497678874e-05
3.343781338969972e-07,1.195370648178447e-05
3.343862821267751e-07,1.248054337248074e-05
3.343939286320365e-07,2.839719530292087e-05
3.344013245302871e-07,5.443297682088212e-05
3.344076770477562e-07,6.64311040822993e-05
3.344160640868303e-07,7.877341409779826e-05
3.344229511559737e-07,0.0001871539674870944
3.344264872805391e-07,0.000291503757880815
3.344301953576246e-07,0.0003555090406150166
3.344336195323958e-07,0.0003598798936608195
3.344353207322719e-07,0.0003864001498571114
3.344367097463561e-07,0.0004307074531629598
3.344381835876859e-07,0.0004851117607288813
3.344397966944811e-07,0.0005350698154126698
3.344411962070636e-07,0.0006081976599429734
3.344423101305527e-07,0.0006987465851873117
3.344432342560026e-07,0.0007500730990036183
3.344443476842647e-07,0.0007743742557032244
3.344451883883046e-07,0.0007712937952298262
3.344460060244296e-07,0.0007359547480168435
3.344468291689767e-07,0.0006810350685571645
3.344474502814506e-07,0.0006354625371140107
3.344480914013286e-07,0.000583721311194349
3.344489581187549e-07,0.0005075383466840874
3.344496984267833e-07,0.0004421649485557014
3.344505022736015e-07,0.0003799167745486922
3.344514368782764e-07,0.0003284451024744383
3.344523286211407e-07,0.0003003795763488247
3.34453530619562e-07,0.0002779353176534765
3.344545630678306e-07,0.0002630572244139359
3.344556209524707e-07,0.0002496267705979407
3.34456885986975e-07,0.0002385913317812566
3.344581532727441e-07,0.0002439193321187095
3.344593332843077e-07,0.0002605234078020521
3.344603168796365e-07,0.0002680632104815311
3.344613851340054e-07,0.0002649727949923191
3.34462379943356e-07,0.0002628444528707712
3.344631428529252e-07,0.0002648252340545191
3.344640890344543e-07,0.0002617589754786106
3.344652299752173e-07,0.0002391065604665295
3.344664477237728e-07,0.0001994707204716945
3.344674960070021e-07,0.000173163940196847
3.344685395401207e-07,0.000168661893868705
3.344695482894784e-07,0.0001655494519856477
3.344703683293834e-07,0.0001509208124717168
3.34471333398065e-07,0.0001227997021782025
3.344722152329929e-07,0.0001031704384967871
3.344730849052526e-07,0.0001040970927811838
3.344739734799469e-07,0.0001087930539408631
3.344748088352275e-07,0.0001059615846261715
3.344758104030065e-07,9.321016094703933e-05
3.344768046381478e-07,7.920059305828838e-05
3.344777484165694e-07,8.347537441605287e-05
3.344787294554258e-07,0.0001040357734138043
3.34479941805733e-07,0.0001252874252380057
3.344809729282665e-07,0.0001308756544987244
3.344820487140952e-07,0.0001263484135679063
3.344834535591988e-07,0.0001120805155139525
3.344845897124838e-07,9.82022088280906e-05
3.344859155075035e-07,8.224810802903797e-05
3.34487562794925e-07,6.409013795427423e-05
3.344900053961374e-07,4.137114141422903e-05
3.344935729557945e-07,1.776740802212295e-05
3.344977089702019e-07,4.846462303632345e-06
3.345033253688675e-07,9.596913987463189e-07
3.345078242997401e-07,6.172721904707251e-07
3.345117612108976e-07,5.334081564513516e-07
3.345159681507413e-07,4.779776018151631e-07
3.345219479373034e-07,4.166109985853893e-07
3.345309726434967e-07,3.443444818741893e-07
3.345449245777852e-07,2.640330868967112e-07
3.345698307375902e-07,1.766693694110304e-07
3.346115847264354e-07,1.073898138118249e-07
3.346666782480291e-07,7.13731008920187e-08
3.347373888428202e-07,5.2437664453779e-08
3.348216740079099e-07,4.151659277552669e-08
3.34931511342066e-07,3.372060065038584e-08
3.350854037832098e-07,2.763559750683187e-08
3.353327443710239e-07,2.242672504362388e-08
3.35705355059459e-07,1.839955394372742e-08
3.362268834120341e-07,1.538840073078985e-08
3.369571747473311e-07,1.297755494748733e-08
3.379983232934368e-07,1.092262249131622e-08
3.389991616467184e-07,9.632088910814674e-09
3.4e-07,8.687264957421615e-09
3.40030548140396e-07,2.157832773545437e-08
3.400692590829149e-07,3.310521115528489e-06
3.400886145541744e-07,1.45342921024709e-05
3.400958804164462e-07,1.869637638815128e-05
3.40103790511009e-07,1.973346802296983e-05
3.401090283319311e-07,1.838063520884855e-05
3.401147090232695e-07,1.594559873002507e-05
3.401192575854644e-07,1.473854591727832e-05
3.40122726349725e-07,1.641027094702051e-05
3.401244484323741e-07,1.910251433080418e-05
3.401278617291578e-07,3.163528500387806e-05
3.401312349249008e-07,5.589077916283907e-05
3.401369329652986e-07,0.0001106144739004146
3.401425904586058e-07,0.000150009493625316
3.401473821908002e-07,0.000159021796011852
3.401524802181671e-07,0.0001476156550903792
3.401585318512972e-07,0.0001423507250136054
3.401609213460198e-07,0.0001518912269205777
3.401638769930092e-07,0.0001654253718409669
3.401659543484942e-07,0.0001723603927665426
3.401687538236968e-07,0.0001953322688164106
3.401709685386144e-07,0.0002091703493286856
3.401725994013368e-07,0.0002413027338999077
3.401741607602541e-07,0.0002931840857401053
3.401755136257832e-07,0.0003336240517143785
3.401771700936048e-07,0.000355083142260232
3.401788577321191e-07,0.0003563144288662604
3.401803076293087e-07,0.0003486647809221222
3.401815249195039e-07,0.0003364896514120589
3.401824637229663e-07,0.0003273145999536319
3.401837544099636e-07,0.0003159596033872584
3.401850750261465e-07,0.0003034271998756293
3.401861469105424e-07,0.0002925077530707874
3.401874129356559e-07,0.000277442047283761
3.401884734540225e-07,0.0002638509190020252
3.401894444574302e-07,0.0002510714525703652
3.40190780764387e-07,0.000233458265234587
3.401924502721495e-07,0.000213921297408787
3.401936207480405e-07,0.0002031901529867021
3.401951391268769e-07,0.0001942663218725521
3.401966259066385e-07,0.0001914913243821751
3.401983129533192e-07,0.0001943044781577372
3.402e-07,0.0001993147197807585
3.40200545602649e-07,0.0002000263013476949
3.402016368079468e-07,0.0002000885858456918
3.402027756624411e-07,0.0001968891673963711
3.402044296866014e-07,0.0001875685260177676
3.4020617551145e-07,0.0001919009058720548
3.40207671774369e-07,0.0002022674045459491
3.402089635207933e-07,0.000206645909803225
3.402100902550397e-07,0.0002076052763519099
3.402115669199071e-07,0.0002051024570309946
3.402127581503298e-07,0.0002018766825886517
3.402139382871221e-07,0.0001988275846158672
3.402154715416596e-07,0.0001951902058080298
3.402185380507345e-07,0.0001890217001291229
3.402238039737534e-07,0.0001804453764080678
3.402282422255763e-07,0.0001781521384783807
3.402309103495258e-07,0.0001822944304085739
3.402339224347057e-07,0.0001822303943845812
3.402364054029175e-07,0.0001748676046531412
3.402374272254282e-07,0.0001759037354514636
3.40238312358157e-07,0.0001831828836698224
3.402391427601922e-07,0.0001926264451235551
3.402400033810599e-07,0.0001967373640307653
3.402408253621843e-07,0.0001899687758865004
3.402419433883198e-07,0.0001625956918308071
3.402429646678078e-07,0.0001269216945304429
3.402437447767096e-07,0.0001026968095878314
3.402443694594449e-07,8.976233471691931e-05
3.402451844918529e-07,7.987580342782198e-05
3.402461300529473e-07,7.23528688790958e-05
3.402468372094201e-07,6.810846673934736e-05
3.402476693430916e-07,6.404898557481063e-05
3.402489783506004e-07,5.890094605131235e-05
3.402507532859502e-07,5.333925151801631e-05
3.402527506995717e-07,4.83246229203078e-05
3.402552023812585e-07,4.343831609933578e-05
3.402585086823753e-07,3.845343640343739e-05
3.402627880292866e-07,3.389202819424678e-05
3.402678099219944e-07,3.024517834336299e-05
3.402742348821767e-07,2.682641433169112e-05
3.40279948961055e-07,2.409407139972796e-05
3.402861361824705e-07,2.065204362817553e-05
3.402906034891564e-07,1.77929228344197e-05
3.40295817324792e-07,1.435178184519359e-05
3.403005284522091e-07,1.142453626697953e-05
3.403055260097288e-07,9.367298666326287e-06
3.403092425379003e-07,8.509207822926848e-06
3.403136131476338e-07,8.056224654786465e-06
3.403196049483041e-07,8.00237243013085e-06
3.403284401938928e-07,8.323878076504717e-06
3.403375665947261e-07,8.471677633453762e-06
3.403479012924706e-07,8.123548274271288e-06
3.403586568599138e-07,7.317860509315995e-06
3.403708516067448e-07,8.271931923534365e-06
3.403838237530438e-07,2.694940649331601e-05
3.403943509583722e-07,5.15119181169293e-05
3.404027252453707e-07,5.783069126033464e-05
3.404099583529123e-07,7.623291507459753e-05
3.404142180034679e-07,0.0001287529430499466
3.404176596887889e-07,0.0001914958682956982
3.404212767983058e-07,0.0002467298264293339
3.404245653399995e-07,0.0002779873645455339
3.404263603353459e-07,0.0003255941405772512
3.404277648130143e-07,0.000412217926504252
3.404292926161264e-07,0.0005397131157850737
3.404306338217482e-07,0.0006331532323206857
3.404317286203016e-07,0.0007127238164577394
3.404329524884555e-07,0.000839167461352702
3.40433952020666e-07,0.0009041786380198334
3.40434754216939e-07,0.0009074680394183113
3.404354614213922e-07,0.0008822422319870812
3.404363390179012e-07,0.0008266911664384472
3.404370980254121e-07,0.0007599597001402783
3.404376801848672e-07,0.0007043735524631566
3.404382533655036e-07,0.000650481884282717
3.404391982538818e-07,0.000578112125851289
3.404399607617132e-07,0.0005384328914440957
3.404407785624494e-07,0.0005057575499102094
3.404417022136417e-07,0.0004651502913690897
3.404427212562329e-07,0.0004065467552180138
3.404438168489745e-07,0.000332452493157514
3.404450301194344e-07,0.0002535658869506115
3.404462771134379e-07,0.000181796999708542
3.404476427726867e-07,0.0001143927930146642
3.404489580567939e-07,6.597379954804095e-05
3.404502466982104e-07,3.682842283591061e-05
3.404517363113068e-07,1.98508203113048e-05
3.404533372961369e-07,1.110870876774795e-05
3.404549801698993e-07,6.36400740534647e-06
3.404566773218373e-07,3.676845515692741e-06
3.404586998353892e-07,2.065618859164072e-06
3.404613570629603e-07,1.195549153937639e-06
3.404644989873885e-07,8.322202105397795e-07
3.404678590450584e-07,6.659407619861471e-07
3.404717134584612e-07,5.501544116606481e-07
3.404764701417397e-07,4.47856345619431e-07
3.404829342469036e-07,3.465713630748569e-07
3.404924483233759e-07,2.440749064049763e-07
3.405082785190597e-07,1.423716546554391e-07
3.405310716307447e-07,7.184225906311743e-08
3.405617380583268e-07,3.559226928588977e-08
3.405978980180382e-07,2.187038954365395e-08
3.406425335142711e-07,1.640411850984602e-08
3.406990166133563e-07,1.369473126814966e-08
3.407750292396721e-07,1.186699376790475e-08
3.408825010340707e-07,1.045261641067882e-08
3.410510958331427e-07,9.259338535521806e-09
3.41309944160005e-07,8.283022219450203e-09
3.416720360083356e-07,7.500591578717716e-09
3.421839043736141e-07,6.800265916029429e-09
3.4291812074196e-07,6.122434289266188e-09
3.439860708910611e-07,5.442805189864685e-09
3.455315628911815e-07,4.773969729369788e-09
3.477617982981106e-07,4.140980490376309e-09
3.5e-07,3.717124696276195e-09
3.5005e-07,8.326446582014008e-08
3.500634409687626e-07,5.501060172346718e-07
3.500903229062877e-07,7.526543689681778e-06
3.500970223638554e-07,1.102482818494724e-05
3.501025561424919e-07,1.297905818951694e-05
3.501085303316001e-07,1.314653338441451e-05
3.501134760391934e-07,1.191480130011124e-05
3.501162450937598e-07,1.080599976264383e-05
3.50117184605999e-07,1.055498874477302e-05
3.501181837915633e-07,1.030008919408713e-05
3.501189994477491e-07,1.047557854074579e-05
3.501206307601207e-07,2.708075017262516e-05
3.501217141938863e-07,7.296555453309913e-05
3.501230610994066e-07,0.0001542607184077089
3.5012412213225e-07,0.0002091043231524557
3.501251836130049e-07,0.0002417409145325844
3.501262450937598e-07,0.0002576052109577112
3.50126556776146e-07,0.000249832692491006
3.501270269080853e-07,0.0002484419961120405
3.501274553969716e-07,0.0002577166604755752
3.501280984718784e-07,0.0002899488467160411
3.501289468160274e-07,0.0003508911076494401
3.501297975472152e-07,0.000401299351599905
3.501306743676354e-07,0.0004173816020511717
3.501315362497784e-07,0.0004062958385010685
3.501325249939452e-07,0.0003791124676550384
3.501335158415827e-07,0.0003603020906199526
3.501345542614622e-07,0.0003492938964013193
3.501356619995488e-07,0.0003183751963066891
3.501365235173727e-07,0.000288912798482363
3.501374769293485e-07,0.0002620633018755087
3.501386291304334e-07,0.0002465132568481857
3.501395545703119e-07,0.0002408176433313265
3.501405771943131e-07,0.0002316510930804991
3.501418177672151e-07,0.0002188009938511616
3.501429527628488e-07,0.0002191161150192277
3.501441182961661e-07,0.0002441255950845689
3.501450109417743e-07,0.0002697098983203945
3.501457921532592e-07,0.0002824497708536533
3.501464190310403e-07,0.0002822149929436067
3.501471747937558e-07,0.0002711738496177252
3.501477347354828e-07,0.0002575779151391221
3.501483834997035e-07,0.0002390585440534729
3.501491633398389e-07,0.0002137057568109083
3.501500021234274e-07,0.000186359565996621
3.501507303803293e-07,0.0001645054532049196
3.501515451496644e-07,0.0001379061857419735
3.501524094547157e-07,0.0001033930511781365
3.501531236979444e-07,7.259298737766773e-05
3.501538738672968e-07,4.52769759375589e-05
3.501545417520706e-07,2.808226825704801e-05
3.501554288534152e-07,1.553715774011926e-05
3.501564877049531e-07,9.204601156778947e-06
3.501576752150647e-07,5.930488697041419e-06
3.501587060309158e-07,4.168452089774713e-06
3.5015984984507e-07,2.813224675660579e-06
3.50161307398245e-07,1.687460184701714e-06
3.501635406294164e-07,7.550279274230695e-07
3.501668398904783e-07,2.239830368327197e-07
3.501713496647175e-07,4.535263297413285e-08
3.501765295865552e-07,1.280118551711807e-08
3.501828607739143e-07,7.799681599857483e-09
3.50191022281588e-07,6.985599412360057e-09
3.502000000000001e-07,6.746235572106066e-09
3.502048905807879e-07,4.94421732857349e-09
3.502106386482654e-07,4.892550816380126e-09
3.502161686400328e-07,4.880748323022808e-09
3.502272286235675e-07,4.878662513336647e-09
3.502446027656168e-07,4.872812707218507e-09
3.502753734374283e-07,4.866895793413653e-09
3.503369147810514e-07,4.851704165019346e-09
3.504514875810336e-07,4.827470772873433e-09
3.506762954300757e-07,4.777389428896029e-09
3.511169418124788e-07,4.687074520807928e-09
3.519702759664e-07,4.522625358530446e-09
3.529851379832e-07,4.349572582250231e-09
3.54e-07,4.195783105213753e-09
3.540307513005855e-07,8.512358565744723e-09
3.540696336846571e-07,1.558648363456958e-06
3.54089074876693e-07,7.098232205826032e-06
3.540979046587241e-07,1.011973380077473e-05
3.541078618672115e-07,1.295446688817538e-05
3.541167374527554e-07,4.206700626321121e-05
3.541240275889004e-07,8.22583112901507e-05
3.541292491475917e-07,9.115474692433407e-05
3.541338619007798e-07,0.000103437342893454
3.541373860939079e-07,0.0001382839312581184
3.541399429331446e-07,0.0001796990773736395
3.541427080957529e-07,0.0002283631314143276
3.541453846671748e-07,0.0002682568865303625
3.54148746049211e-07,0.0002985614483288059
3.541516467285875e-07,0.0003162222113234374
3.541532317249907e-07,0.0003358852209584378
3.541548862334168e-07,0.0003639080663909489
3.541562758378724e-07,0.000382024273723739
3.541575418122944e-07,0.0003859649057948841
3.541591028643579e-07,0.000370880598290775
3.541599480769163e-07,0.0003546999569579069
3.541606950061995e-07,0.0003387461179619212
3.541614674125729e-07,0.0003226909070542903
3.54162397492079e-07,0.000305264201147809
3.541639887958471e-07,0.0002782355246656713
3.541652144554668e-07,0.000257833914482483
3.541663934894171e-07,0.0002377320600572862
3.54167622602594e-07,0.0002163478203088249
3.541693642053308e-07,0.0001858477457651979
3.541714336500541e-07,0.0001513291822762222
3.541729847567281e-07,0.0001295153209485641
3.541745309678239e-07,0.0001125623427968313
3.541770698089754e-07,9.294990133886546e-05
3.541793689837089e-07,7.953692460378072e-05
3.541821628454856e-07,6.789473493129557e-05
3.541843116384635e-07,6.151093451854298e-05
3.541867781871638e-07,5.594724613777698e-05
3.541896146981925e-07,5.339297151572415e-05
3.541930646158649e-07,6.577666531133881e-05
3.541953260159637e-07,8.731213110103395e-05
3.541977791528034e-07,0.0001074167265670138
3.541988895764017e-07,0.0001091387062225462
3.542e-07,0.0001063449381993326
3.542011833840982e-07,0.000102845597737267
3.542028765619621e-07,0.0001125657837232607
3.542041289144581e-07,0.0001199363588899808
3.542050660122398e-07,0.0001140765279757934
3.542062289429756e-07,9.129541708416733e-05
3.542072351612195e-07,6.42829276640509e-05
3.542080752169196e-07,4.424245398113095e-05
3.542088213673005e-07,3.184342525442132e-05
3.542098422791841e-07,2.347498341705285e-05
3.542107968743012e-07,2.031145061830746e-05
3.542118278823672e-07,1.846466221417755e-05
3.542128259998777e-07,1.716407223435636e-05
3.542140379910387e-07,1.589500646586439e-05
3.54215567717697e-07,1.466864248630935e-05
3.542178324895768e-07,1.345658627535071e-05
3.542212313795166e-07,1.246309009882979e-05
3.542258348324948e-07,1.174718729553747e-05
3.542303761858655e-07,1.123377785237757e-05
3.542355459323357e-07,1.070965797003423e-05
3.542417879054782e-07,1.01123422899421e-05
3.542508172922153e-07,9.293569157089243e-06
3.542648589875893e-07,8.376883485586539e-06
3.542809613940748e-07,9.074553024166861e-06
3.543039697955071e-07,1.356089601592878e-05
3.543203006328711e-07,1.569482852287635e-05
3.543261158941935e-07,1.481978588004949e-05
3.543321313660092e-07,1.266811946867553e-05
3.54338603146927e-07,9.579619602438918e-06
3.543434697173045e-07,8.366712834791478e-06
3.543470740139141e-07,8.400889938751719e-06
3.543516724203587e-07,9.310310620795657e-06
3.543572553802723e-07,1.074081285173718e-05
3.543652956652581e-07,1.220374453698612e-05
3.543730843959091e-07,1.240683639517144e-05
3.543805863335652e-07,1.166036029945131e-05
3.543879893194305e-07,1.405978252065523e-05
3.543959251937225e-07,3.545914921610215e-05
3.544032194651201e-07,5.930882955448874e-05
3.544096899148412e-07,6.760028894810657e-05
3.544185603045221e-07,9.635030081205687e-05
3.544249440985838e-07,0.0002299879807452962
3.544295913965948e-07,0.0003261942753857046
3.544330885884283e-07,0.0003352935242216464
3.54434658788511e-07,0.0003602764222660001
3.544359796753848e-07,0.0004089797845093515
3.544375849493259e-07,0.0004885787117851468
3.544389587518791e-07,0.0005508916343883717
3.544405573084674e-07,0.0006279178187285074
3.544417497534366e-07,0.0007311240125151449
3.544427222004194e-07,0.000812164609094812
3.544436579567765e-07,0.0008571128369788018
3.544445157054916e-07,0.0008759426607924523
3.544453964500521e-07,0.0008714679553968807
3.544463117798353e-07,0.0008309411711385116
3.544470357646922e-07,0.00078159105696805
3.544476863847823e-07,0.0007306616773819688
3.544486160807198e-07,0.0006499905873068508
3.544494296922971e-07,0.0005727373546944534
3.544502036983981e-07,0.0005041066817102759
3.544511033867512e-07,0.0004492538556759891
3.544519678288751e-07,0.0004337148498589311
3.544530968447866e-07,0.0004512285726774304
3.544541830768296e-07,0.0004744693284613554
3.544552149998124e-07,0.0004778271351210265
3.544563688275409e-07,0.0004553320890883914
3.544578820275345e-07,0.0004299196474624267
3.544590861094031e-07,0.0004884953322860867
3.544600986920597e-07,0.0005943540337927849
3.544610017780137e-07,0.0006598155548449355
3.544619176595597e-07,0.000656292912960826
3.54462646015188e-07,0.0006086436950075926
3.544633663445838e-07,0.0005437148225157897
3.544640135859253e-07,0.0004864704988172155
3.544648357062347e-07,0.0004160959226811569
3.544658926884822e-07,0.0003304613618544906
3.544667095230307e-07,0.000288059422721214
3.544676068968547e-07,0.0002711557249125699
3.544686333870719e-07,0.0002675151593296807
3.54469599024774e-07,0.0002605556612300132
3.544706063973416e-07,0.0002418983164816961
3.544718258107787e-07,0.0002069109256206274
3.544731168548435e-07,0.0001841849002450786
3.544744877951842e-07,0.0001893362284316126
3.544760064882616e-07,0.0001843726579722547
3.544771083844219e-07,0.0001718233579382094
3.544781661810969e-07,0.0001580550575423968
3.544792138195324e-07,0.0001444293520882486
3.54480271868682e-07,0.0001322604439919694
3.544815041566107e-07,0.0001211817781315211
3.54483147407588e-07,0.000113303387938827
3.544858274444479e-07,0.0001284223998977064
3.544881025624733e-07,0.0001625039951179181
3.544899513375548e-07,0.0001788530181213147
3.544918448533656e-07,0.0001714526341732879
3.544934713417087e-07,0.0001824427508601307
3.544951291956401e-07,0.0002389717378121783
3.54496429719314e-07,0.0002735787846982099
3.544976555104972e-07,0.000275790859302835
3.544988868169509e-07,0.000261465470311321
3.545000862500723e-07,0.0002845834652795646
3.545013502898466e-07,0.0003706365640582715
3.545023345238955e-07,0.0004415977775744091
3.545032990506413e-07,0.0004815916322847952
3.545043484159446e-07,0.0004800244245941179
3.545052975310435e-07,0.0004779203451122018
3.545062858574987e-07,0.0004928162251821261
3.545071537363069e-07,0.0005032737929298733
3.545079390670693e-07,0.0005185746721005954
3.54508783232843e-07,0.0005332284983632814
3.545097178406356e-07,0.0005266660551389117
3.545106048262107e-07,0.0005091585170508609
3.545115502343305e-07,0.0005143508737095879
3.545126704317995e-07,0.000586191295041695
3.54513723476833e-07,0.0007277256449112328
3.545148406061072e-07,0.0009459534518560895
3.545162093224098e-07,0.00119419936670869
3.545178327834009e-07,0.001307642178278746
3.545192887680791e-07,0.001245661023295942
3.545209655596948e-07,0.001056277797121895
3.545226169239217e-07,0.0008196420591461136
3.545243249510402e-07,0.000588980726818982
3.545260674644341e-07,0.0004011304495644575
3.545282376461656e-07,0.0002317723419391708
3.545300759364805e-07,0.0001423758917119707
3.545319819682035e-07,9.285778853653669e-05
3.545340408781251e-07,6.874046339029132e-05
3.545363568116144e-07,5.815813176778711e-05
3.54538827837881e-07,5.383026692243145e-05
3.545418567044472e-07,5.123882351927681e-05
3.545453491634746e-07,4.908516057707474e-05
3.545497525198941e-07,4.661427054642273e-05
3.545555588105168e-07,4.34970184325611e-05
3.545641557866413e-07,3.910902112019475e-05
3.545782150240012e-07,3.252192098944401e-05
3.546063334987211e-07,2.161714407060696e-05
3.546558289002128e-07,9.31569374052694e-06
3.547208585813274e-07,2.522574845314136e-06
3.548052785603804e-07,3.848188871980523e-07
3.548813790568312e-07,1.016082496026369e-07
3.549626090991085e-07,5.341278929507259e-08
3.550550261156834e-07,4.175518626696248e-08
3.551816947566231e-07,3.474276781463083e-08
3.553624458895656e-07,2.869694757650419e-08
3.556605592129126e-07,2.290774310721899e-08
3.56205288922671e-07,1.752671374512889e-08
3.569567206705233e-07,1.392881775715252e-08
3.580047737318087e-07,1.130950129615736e-08
3.590023868659044e-07,9.823417504122938e-09
3.6e-07,8.787437544268997e-09
3.600305012253962e-07,2.159696175918325e-08
3.600691725236245e-07,3.282859813898325e-06
3.600885081727386e-07,1.446607238042542e-05
3.600957560340359e-07,1.865522802260021e-05
3.60103670095654e-07,1.974985748885606e-05
3.601089709397243e-07,1.840372366112334e-05
3.601146596452271e-07,1.596755007311302e-05
3.601192294823151e-07,1.473786608981238e-05
3.601227026348548e-07,1.63845009176322e-05
3.601243792067972e-07,1.895682494302377e-05
3.601277323506819e-07,3.094172107397248e-05
3.601310598882622e-07,5.436966260499697e-05
3.601367680481783e-07,0.0001090922132381423
3.601423872053297e-07,0.0001491047818020179
3.601472020372101e-07,0.0001591019890444976
3.601522760576933e-07,0.0001482349412495963
3.601582355881565e-07,0.0001416549675294157
3.601606120346892e-07,0.0001504963930730082
3.601626257275698e-07,0.000160328366574614
3.601646159744205e-07,0.0001681508569621284
3.601672919584591e-07,0.0001816735697688433
3.601695504502031e-07,0.0002010456764586464
3.601716164160863e-07,0.0002179571900158203
3.60173083092159e-07,0.0002564655660375438
3.601745910696144e-07,0.0003075774998436118
3.601759249512005e-07,0.0003423905875478705
3.601775196242623e-07,0.0003559173412115701
3.601792380638166e-07,0.0003554437679932358
3.601806474541397e-07,0.0003455572269180635
3.601817616663872e-07,0.0003340204600684723
3.601827246662945e-07,0.0003250370932377766
3.60183994611368e-07,0.0003137629005678118
3.601851518632328e-07,0.0003026864965555472
3.601862368979171e-07,0.0002915577875576801
3.601875268904806e-07,0.0002760295401313169
3.601886177198751e-07,0.0002619929745194796
3.601895732711501e-07,0.0002493922206994664
3.601910045521527e-07,0.0002306139321204912
3.601926150314194e-07,0.0002122610068420552
3.60193768806945e-07,0.0002020633692438806
3.601957693286392e-07,0.0001923891926022947
3.601973769894748e-07,0.0001920936578180863
3.601986884947374e-07,0.0001954673260211202
3.602000000000001e-07,0.0001993363140482215
3.602005345574507e-07,0.0002000448147901935
3.602016036723521e-07,0.000200163074838491
3.602026600998491e-07,0.0001974063216262186
3.602042727832545e-07,0.000188365058789065
3.602060414123405e-07,0.0001908692980046619
3.602075387518269e-07,0.0002015696365064317
3.602088678257243e-07,0.0002064360651918422
3.602099854944949e-07,0.0002076715427355681
3.602114008412053e-07,0.0002055472886758986
3.602126498644116e-07,0.0002022160567687087
3.602138039349872e-07,0.0001992200457238467
3.602152847798135e-07,0.0001956656915820102
3.602182464694662e-07,0.0001896086310659441
3.602231088993961e-07,0.0001815476071559199
3.602277226499997e-07,0.0001777415920165927
3.602305762663349e-07,0.000181813095936977
3.602337244906734e-07,0.0001826386331168651
3.602362069932633e-07,0.0001753172507071639
3.60237222877999e-07,0.0001751214356422439
3.602381807528229e-07,0.0001817116145181168
3.602390328100752e-07,0.000191462651690096
3.602399402590302e-07,0.0001967872679686701
3.602407354225797e-07,0.0001913778001379019
3.602419847553972e-07,0.0001615803415442056
3.602429973836096e-07,0.0001261158427347362
3.602437897475461e-07,0.000101774610907177
3.602444162553269e-07,8.91743730637424e-05
3.602452503543311e-07,7.933563982257221e-05
3.60246152541985e-07,7.226009135620491e-05
3.602468646800607e-07,6.800498202787049e-05
3.602476990889206e-07,6.395243902079064e-05
3.602490614426775e-07,5.863460165516857e-05
3.602508379713528e-07,5.312060067324796e-05
3.60252854959239e-07,4.810267162168171e-05
3.602553209968406e-07,4.323766171055587e-05
3.602586907694023e-07,3.822428835477871e-05
3.602629823944352e-07,3.372285576990782e-05
3.602680557635942e-07,3.009544700215617e-05
3.60274542422853e-07,2.6676504903848e-05
3.602801264932684e-07,2.400579384057898e-05
3.602862091505154e-07,2.060736884174584e-05
3.602906584006742e-07,1.775843204227046e-05
3.602956877458022e-07,1.443954002946379e-05
3.603004228929134e-07,1.148486667302971e-05
3.603054652296672e-07,9.390760123566251e-06
3.603091610407934e-07,8.528299451798265e-06
3.603135790042752e-07,8.064103960470274e-06
3.603195058778788e-07,8.006639454803535e-06
3.603283386969081e-07,8.326462016839791e-06
3.603374456070576e-07,8.478017576013781e-06
3.603477771077665e-07,8.135141206336143e-06
3.603585142636409e-07,7.332718213056899e-06
3.603706682286374e-07,8.196402127416463e-06
3.603836716381172e-07,2.657363117825084e-05
3.603942556368966e-07,5.132649562821652e-05
3.604026305895787e-07,5.779201648820056e-05
3.604080768428623e-07,6.664533283243781e-05
3.604115701854226e-07,9.552246481943024e-05
3.60414779363986e-07,0.0001470964792413969
3.604181109869199e-07,0.0002117861744884523
3.604213990018535e-07,0.0002643027409444851
3.604236920628693e-07,0.0002942096174300837
3.604260027699732e-07,0.0003453400408409841
3.60427523378339e-07,0.0004237362535128501
3.604292024803063e-07,0.0005556540777869737
3.604305549495764e-07,0.0006503363083128754
3.604320874933658e-07,0.0007433818352754047
3.604333479816523e-07,0.0008288635663185761
3.604343674832439e-07,0.0008530302570879698
3.604351955112697e-07,0.0008363487978201808
3.60435914747375e-07,0.0008052551069703005
3.604368278232077e-07,0.000749466924798456
3.604374316948639e-07,0.0007074759035802658
3.60438090357701e-07,0.0006622509541181851
3.604387190478011e-07,0.0006229673346914933
3.604393961335678e-07,0.0005875633114435803
3.604401216660742e-07,0.0005556086795949795
3.604409583256987e-07,0.0005197545153456268
3.604418922166164e-07,0.0004713771543194429
3.604429173002875e-07,0.0004045313892669021
3.604440071764589e-07,0.0003306935169543643
3.604452204399638e-07,0.0002724514296661474
3.604461416393406e-07,0.0002420527579982415
3.60447081979784e-07,0.0002056810485189013
3.604478444038316e-07,0.0001669629134112915
3.604485971524212e-07,0.0001328362708351155
3.604492491930208e-07,0.000115612864396973
3.604498867677585e-07,0.0001055448854464127
3.604506497984529e-07,9.699395427755076e-05
3.604515220845245e-07,8.846150716511946e-05
3.60452439666817e-07,7.944622403257913e-05
3.604535270939588e-07,6.882066878247795e-05
3.60454794584991e-07,5.756894768389263e-05
3.604564305913679e-07,4.879090151530728e-05
3.604581703859742e-07,4.965389504811396e-05
3.60459724211591e-07,5.171634515338242e-05
3.604610629542173e-07,4.909233704592631e-05
3.604628017696298e-07,4.278216880282016e-05
3.604642154339685e-07,5.185506687126205e-05
3.604656747708592e-07,7.146300291722861e-05
3.604667786343864e-07,7.664676296023732e-05
3.60468046239413e-07,6.970622311208996e-05
3.604693448812469e-07,6.726770601302521e-05
3.604704107848893e-07,8.465326487107172e-05
3.604714588078625e-07,9.903567506104888e-05
3.604722897438649e-07,9.673432852485065e-05
3.604732589696233e-07,8.265366795899649e-05
3.60474135872216e-07,7.546304991587919e-05
3.604750129674281e-07,8.423360427622974e-05
3.604758788563328e-07,9.205332426179017e-05
3.604767388147383e-07,9.08470781155089e-05
3.604777679688569e-07,7.927915742172925e-05
3.604787677342458e-07,6.873478833881728e-05
3.604796957105279e-07,7.754472363077455e-05
3.604807347913438e-07,0.0001016365907290764
3.604819311303135e-07,0.0001220657161445424
3.604829136708169e-07,0.0001268600685922149
3.604840748476784e-07,0.0001217456344083689
3.604853428992666e-07,0.0001091187550721434
3.604865004435929e-07,9.548183069598481e-05
3.60487849042653e-07,7.978854432902103e-05
3.604895331712629e-07,6.179291624496307e-05
3.604920637036599e-07,3.900174975486138e-05
3.604957534834076e-07,1.57621494838982e-05
3.60499905745046e-07,3.952190180291319e-06
3.605058350177233e-07,5.592450170555928e-07
3.605102008427815e-07,3.419318720250332e-07
3.605141889066258e-07,2.885469187990652e-07
3.605184509955851e-07,2.541917941615926e-07
3.605248026772107e-07,2.155390105665641e-07
3.605343418913589e-07,1.73059950502768e-07
3.605495011309666e-07,1.290586733814903e-07
3.605771555887976e-07,8.614775131329641e-08
3.606211250083542e-07,5.643224959117939e-08
3.606743011044524e-07,4.053473400634861e-08
3.607415935060433e-07,3.018347261737065e-08
3.608309413369586e-07,2.273010475415953e-08
3.609667446590722e-07,1.677642823828554e-08
3.611800809001172e-07,1.223887306379764e-08
3.614763174235525e-07,9.276302730631853e-09
3.618917653256632e-07,7.273503149736871e-09
3.624783078110712e-07,5.883179223561731e-09
3.633226589584486e-07,4.882254742526228e-09
3.645330419996499e-07,4.147846306420348e-09
3.662629416720016e-07,3.591318925141253e-09
3.681314708360008e-07,3.239911356524262e-09
3.700000000000001e-07,3.004921017219e-09
3.700500000000001e-07,8.255195764829118e-08
3.700634409687626e-07,5.49394210102101e-07
3.700903229062877e-07,7.525833260118606e-06
3.700970223639687e-07,1.102410512797989e-05
3.701025561425582e-07,1.297834841672587e-05
3.701085303316548e-07,1.314582389812326e-05
3.701134760391998e-07,1.191409207294024e-05
3.701162450937592e-07,1.080529068005083e-05
3.701171846059959e-07,1.046213137285862e-05
3.701181837915572e-07,1.010526232949734e-05
3.701189994477415e-07,1.010347387874795e-05
3.701206307601102e-07,2.024332260454755e-05
3.7012171419285e-07,4.71641952029608e-05
3.701230610991645e-07,9.14507100616654e-05
3.70124122131874e-07,0.0001187111452413793
3.701251836128166e-07,0.0001317976066103037
3.701262450937592e-07,0.0001388217884766718
3.701265567761687e-07,0.0001373318805392564
3.701270269081578e-07,0.0001419844889962734
3.701274553970862e-07,0.0001510482446673067
3.70128098472056e-07,0.0001687030086759339
3.701289468162354e-07,0.0001901796101894176
3.701297975474541e-07,0.0002003166039636631
3.701306743676972e-07,0.0001969077740450046
3.701315362495234e-07,0.0001929988784491855
3.701325249926621e-07,0.0001942627644622281
3.701335158397922e-07,0.0001946043707009691
3.701345542583645e-07,0.0001892540393395657
3.7013566199764e-07,0.0001704756370328867
3.701365235161444e-07,0.0001523175198157592
3.701374769295322e-07,0.0001382542038437715
3.701386291485325e-07,0.0001378733346420731
3.701395545895368e-07,0.0001427593939264446
3.701405772324301e-07,0.0001422456315548102
3.701418178398237e-07,0.0001322300844976363
3.701429530146724e-07,0.0001220155346818855
3.701441204024472e-07,0.000122016149507963
3.701450272908581e-07,0.0001256333749761691
3.701458139654778e-07,0.0001228539187925138
3.701464139198118e-07,0.0001157083103546013
3.701471479372192e-07,0.0001034856717290493
3.701477044721447e-07,9.376388991864013e-05
3.701483835246105e-07,8.365870621161769e-05
3.701491958288806e-07,7.280812058663169e-05
3.701500021056598e-07,6.304224391336447e-05
3.701507514397185e-07,5.499463881940717e-05
3.701515631817492e-07,4.577644435161594e-05
3.701524389109796e-07,3.389270205153937e-05
3.701531478755189e-07,2.370540904854834e-05
3.701538926893297e-07,1.477569341881703e-05
3.701545754962592e-07,9.097112637798903e-06
3.701554808626715e-07,5.065668622535111e-06
3.701566028273653e-07,2.995093890774477e-06
3.701577676257358e-07,1.975065704689712e-06
3.701588150060463e-07,1.389497354139121e-06
3.701599967416909e-07,9.327501175407941e-07
3.701615487272598e-07,5.483571627552573e-07
3.70163929878766e-07,2.400790349994443e-07
3.701675330883369e-07,7.030076028822816e-08
3.701721132643234e-07,1.909214394820498e-08
3.701774548750743e-07,8.447096122213062e-09
3.701839805758407e-07,6.238473280426792e-09
3.701926045992793e-07,5.658361705075407e-09
3.702000000000001e-07,5.485189319172351e-09
3.702044387256546e-07,3.684738458545338e-09
3.702097579063771e-07,3.63294697760478e-09
3.702147736875631e-07,3.620859514757973e-09
3.702248052499353e-07,3.619844807558487e-09
3.702405529050691e-07,3.615702809986147e-09
3.702687514109613e-07,3.611368882088144e-09
3.703251484227458e-07,3.604303985989142e-09
3.704340097567927e-07,3.587525629018753e-09
3.706517324248864e-07,3.557085717087769e-09
3.71087177761074e-07,3.499103518222245e-09
3.719580684334491e-07,3.3932905421344e-09
3.729790342167245e-07,3.283883979610859e-09
3.74e-07,3.187411711827528e-09
3.740308393075533e-07,7.568039215472064e-09
3.740697958411304e-07,1.58253883344584e-06
3.74089274107919e-07,7.1706153176922e-06
3.740981196630217e-07,1.01672946137816e-05
3.741080518869844e-07,1.312896519183462e-05
3.741170178497054e-07,4.369698166023544e-05
3.741241759559597e-07,8.271235776396799e-05
3.74129398852795e-07,9.13127915390074e-05
3.741339637757523e-07,0.0001041305897673554
3.741375085491453e-07,0.0001403232141599621
3.741400811629543e-07,0.0001826268854922467
3.741428206237173e-07,0.0002309787778297946
3.741455556800626e-07,0.0002713713949664991
3.741488441775511e-07,0.0003004268992730978
3.741517568700983e-07,0.0003189912022874375
3.741533550229435e-07,0.0003398759273524673
3.741549943488318e-07,0.0003679804330943373
3.741563567921056e-07,0.0003852937194772305
3.741576532246078e-07,0.0003885524573195692
3.741592135997156e-07,0.0003722104220135267
3.741600238362069e-07,0.0003563922711378266
3.741607688495199e-07,0.0003405391589339613
3.741615278343368e-07,0.0003249527214970983
3.741625180358574e-07,0.0003067168544187492
3.741641012654498e-07,0.0002801544585984048
3.741652979580448e-07,0.0002603222193457842
3.741664805675567e-07,0.0002401547767226274
3.741677245272474e-07,0.0002183388274713356
3.741695228650834e-07,0.0001862487771222494
3.741715265902154e-07,0.0001521364066540949
3.741731010206598e-07,0.0001296867197749363
3.741746623293494e-07,0.000112539408208679
3.741773349983561e-07,9.208776085672673e-05
3.741796505631107e-07,7.889607905669841e-05
3.741824156125281e-07,6.786065895461851e-05
3.741846346664979e-07,6.155981602988395e-05
3.741869894897235e-07,5.632029092266218e-05
3.741899807908067e-07,5.300927031140199e-05
3.741934150485941e-07,6.327773773599558e-05
3.741956934242624e-07,8.414365223083887e-05
3.7419826533616e-07,0.0001066613031784285
3.742000000000001e-07,0.0001086611098879224
3.742008541551839e-07,0.0001053110511249638
3.742025624655515e-07,0.0001050416169674077
3.742039753808994e-07,0.0001166691956476314
3.742051171159777e-07,0.0001195715966536792
3.742059995686874e-07,0.0001104952967562684
3.742069430455507e-07,9.012774613867904e-05
3.742079364118099e-07,6.331500654389838e-05
3.742087321019329e-07,4.427427356836517e-05
3.742094869895936e-07,3.171269504276604e-05
3.742104730966597e-07,2.354615384423462e-05
3.742114198884843e-07,2.031845255526727e-05
3.742124494611886e-07,1.844260627826786e-05
3.742134452707717e-07,1.713481597481662e-05
3.742146465121838e-07,1.586910089885596e-05
3.742161586284546e-07,1.464654551515297e-05
3.742183846371582e-07,1.343815329414595e-05
3.742217177576943e-07,1.244169642194772e-05
3.742263306010192e-07,1.171166905058587e-05
3.742308526514493e-07,1.11967979397018e-05
3.742360013134162e-07,1.067232625175802e-05
3.742421775055784e-07,1.007916798180379e-05
3.742511051982245e-07,9.269123350712789e-06
3.7426490188678e-07,8.374785080767956e-06
3.742810208412868e-07,9.082809798679314e-06
3.743039723156042e-07,1.356304740937144e-05
3.743202805879842e-07,1.569468519414064e-05
3.743260901931493e-07,1.482307433137284e-05
3.743321007720876e-07,1.267621658611339e-05
3.743385744005681e-07,9.585852857474213e-06
3.743434461885114e-07,8.36702757426947e-06
3.743470487959282e-07,8.398322323167841e-06
3.743516570833337e-07,9.308304132153494e-06
3.743572299600413e-07,1.073641872835422e-05
3.743652720949192e-07,1.220149929069034e-05
3.743730571195291e-07,1.240664577949795e-05
3.743805540024231e-07,1.166172161773859e-05
3.74387961163511e-07,1.403796092863741e-05
3.743958978543781e-07,3.539534122369429e-05
3.744031968519603e-07,5.926797640752927e-05
3.744096628852826e-07,6.76431062903912e-05
3.744185283212817e-07,0.0001042547415789912
3.744248408110281e-07,0.0002671925480914756
3.744295781410343e-07,0.0003957466979904256
3.744330988865404e-07,0.0004012366964435839
3.744347665806061e-07,0.0004000841893624708
3.744361259701335e-07,0.0004150997499463345
3.744378201795132e-07,0.0004572565533980987
3.744392108217256e-07,0.0005005412018109151
3.744406964594822e-07,0.0005581358970369713
3.744419507447928e-07,0.000652573834914998
3.744429368431833e-07,0.0007259685996234714
3.74443861914726e-07,0.0007481197730231491
3.744447170808659e-07,0.0007298699501878233
3.744456151107969e-07,0.000686574849022294
3.744465253734204e-07,0.0006197917966730154
3.744472902385822e-07,0.0005582558285302352
3.744479238416635e-07,0.0005104890207104072
3.744488710172885e-07,0.0004511293624040417
3.744497132323725e-07,0.0004111731762208726
3.744504415566674e-07,0.0003820064938597564
3.744511954412369e-07,0.000354806483576947
3.744517496905642e-07,0.0003404649757550587
3.744523166775805e-07,0.0003343541621600204
3.744529135343332e-07,0.0003354102802114948
3.744537596819763e-07,0.0003410982631244246
3.744546882904418e-07,0.0003438361040304268
3.744556171301487e-07,0.000337712868240378
3.744566070126683e-07,0.0003222637824964466
3.744577689612467e-07,0.0003057436299877815
3.744591533630404e-07,0.0003192971426524972
3.744601678624028e-07,0.000357695453504819
3.744611456829577e-07,0.0003882938981560359
3.744620454770885e-07,0.0003889834766913131
3.744628587985646e-07,0.0003681723245525666
3.744636398466184e-07,0.0003389707905900136
3.744642903910718e-07,0.0003127286180227474
3.744650430943858e-07,0.0002804718483839135
3.744660373973171e-07,0.0002329952631867145
3.744668985307205e-07,0.0001939721429948968
3.744677605241092e-07,0.0001642882065761533
3.74468713571808e-07,0.0001405679602901467
3.74469671768726e-07,0.0001201524564797548
3.744706250536622e-07,0.0001004297079357012
3.744717337325314e-07,8.046832698575983e-05
3.744730461422468e-07,7.1462251967609e-05
3.744743706785214e-07,7.597892794263098e-05
3.744755558003587e-07,7.749382595793665e-05
3.744767288387654e-07,7.179068405304652e-05
3.744778886526756e-07,6.321636949367388e-05
3.74479124128688e-07,6.509220945612147e-05
3.744803108786889e-07,8.713638972799955e-05
3.744813726462091e-07,0.0001047798460053869
3.744822780856138e-07,0.0001049965832126239
3.74483636707299e-07,8.630289870632609e-05
3.74484592700025e-07,8.137947426856574e-05
3.744855762249582e-07,8.171786053470371e-05
3.744864613700459e-07,7.748475243339506e-05
3.744872402466611e-07,7.105188208210149e-05
3.744882588757228e-07,6.059826366902282e-05
3.744892295059044e-07,5.409963626280173e-05
3.744901457144086e-07,6.083049005891382e-05
3.74491206582824e-07,8.765708125198175e-05
3.744925588366091e-07,0.0001265358755773768
3.744940015692119e-07,0.0001475877854756392
3.744954243346782e-07,0.0001459674565760365
3.744971191293265e-07,0.0001247220093098012
3.744988136659186e-07,9.361242557344488e-05
3.745006576852982e-07,5.88151233993336e-05
3.745025805545979e-07,2.860066338703698e-05
3.745046169343838e-07,9.65937373211528e-06
3.745068253079978e-07,2.621495149072392e-06
3.745086938373302e-07,1.236112235526872e-06
3.745109629305845e-07,8.609405680982323e-07
3.745131370411935e-07,7.709122728941439e-07
3.745159047911496e-07,7.104603066820504e-07
3.745193935972536e-07,6.508367482785255e-07
3.745248915211551e-07,5.715802069419394e-07
3.745334363986269e-07,4.733099208185988e-07
3.745477878959418e-07,3.547656306935063e-07
3.745764908905718e-07,2.171288666012302e-07
3.746181903712245e-07,1.272335778244544e-07
3.746741551529065e-07,8.019503425472174e-08
3.747458270206523e-07,5.653277630105814e-08
3.748329703904278e-07,4.325633615988546e-08
3.749468223126539e-07,3.405996358016137e-08
3.751083329264863e-07,2.697268772316459e-08
3.753708102620985e-07,2.106168571353458e-08
3.757518367613416e-07,1.684209899816383e-08
3.762862820410779e-07,1.382516120512642e-08
3.770355533977784e-07,1.154696933843685e-08
3.781094110672631e-07,9.707735820034621e-09
3.790547055336316e-07,8.678603111008125e-09
3.800000000000001e-07,7.920184206697159e-09
3.800297298429523e-07,1.925535934085795e-08
3.800677463580659e-07,2.851381751663289e-06
3.800867546156227e-07,1.329304888735293e-05
3.800937383753773e-07,1.785206495689247e-05
3.801017603210454e-07,1.989325465830651e-05
3.801088945656932e-07,1.846501173242028e-05
3.801147260878481e-07,1.594795362852022e-05
3.801195361140327e-07,1.475869357868422e-05
3.801230646277353e-07,1.679784622755789e-05
3.801248288845865e-07,1.995486759899779e-05
3.801282143695169e-07,3.360160421053906e-05
3.801317353555527e-07,6.034560575513456e-05
3.801373548688654e-07,0.0001144288545782283
3.801431559257408e-07,0.0001522929329521395
3.801479001791393e-07,0.000158639893666319
3.801530745614193e-07,0.0001458688195496096
3.801572354468548e-07,0.0001400289037825172
3.80159468299238e-07,0.0001456190458844568
3.801614023649907e-07,0.0001546299991652788
3.801634418597231e-07,0.0001642864621409929
3.80165613845157e-07,0.0001715667530885147
3.801680899157439e-07,0.0001896632864796314
3.801703480903412e-07,0.000205040409387569
3.801721021042526e-07,0.0002277298537017015
3.801735807723371e-07,0.0002726399616322056
3.801749705507863e-07,0.0003187782062836696
3.801764161897489e-07,0.000349684358973434
3.801780267079711e-07,0.0003564779397293829
3.801795911899259e-07,0.0003539806783554786
3.801809762193846e-07,0.0003425075094520798
3.80181986979555e-07,0.0003319746872974287
3.801830258702157e-07,0.0003226038682340924
3.801843708543213e-07,0.0003104429134751417
3.801854547122725e-07,0.0002999014705238149
3.801865811085804e-07,0.0002879121222507505
3.801877138580015e-07,0.0002739508096439023
3.801886654918532e-07,0.0002616671416820167
3.80189590775961e-07,0.0002494657703863998
3.801912507455844e-07,0.00022781564588069
3.801928038307978e-07,0.0002106146116961426
3.801939761330189e-07,0.000200711342128408
3.801956727143083e-07,0.0001926578711047826
3.801973588669065e-07,0.000192033095799232
3.801986794334533e-07,0.0001953727285407627
3.802e-07,0.0001992918141699209
3.802005342270253e-07,0.0002000213700093544
3.802016026810758e-07,0.0002001932809208133
3.802026617841477e-07,0.0001974887713770318
3.802042792837254e-07,0.0001884466751268636
3.802060528860658e-07,0.0001907934613067119
3.802075518582882e-07,0.0002015179141489477
3.802088837089764e-07,0.0002064136916329382
3.802100011392136e-07,0.0002076629884569108
3.802114134556745e-07,0.0002055574784472747
3.802126664703556e-07,0.0002022183233330455
3.802138192506211e-07,0.0001992248962638863
3.802152977917093e-07,0.0001956741357505039
3.802182548738859e-07,0.0001896220570508989
3.802231002508366e-07,0.0001815805811792183
3.802277139192587e-07,0.0001777401398168142
3.802305746278167e-07,0.0001818062165309567
3.802337260793642e-07,0.0001826555809389525
3.802362085217222e-07,0.0001753368511259552
3.802372262671174e-07,0.0001751161852768085
3.802381844382346e-07,0.0001816820496204632
3.802390366865697e-07,0.0001914346767527253
3.802399451110214e-07,0.0001967923134490487
3.802407397917084e-07,0.0001914185025228386
3.802419940620111e-07,0.0001615130716962297
3.802430062910496e-07,0.0001260565031625647
3.802437988173681e-07,0.000101725998805384
3.802444254050967e-07,8.914420520216427e-05
3.802452606090566e-07,7.930723907566988e-05
3.802461604074794e-07,7.225595452083926e-05
3.802468728630573e-07,6.799999972838467e-05
3.802477073774013e-07,6.394790624649215e-05
3.80249072996713e-07,5.861951843039424e-05
3.80250849593163e-07,5.310819537710418e-05
3.802528677698499e-07,4.808973798248876e-05
3.802553346683803e-07,4.32256145288073e-05
3.80258708385359e-07,3.82098465331867e-05
3.802630007909617e-07,3.371131001732359e-05
3.802680773607068e-07,3.008445236677328e-05
3.802745678370772e-07,2.666549770568273e-05
3.802801514483082e-07,2.399623827590788e-05
3.802862340373587e-07,2.059908546694018e-05
3.802906834432909e-07,1.775107017112902e-05
3.802957112685454e-07,1.443431901622169e-05
3.803004469324397e-07,1.148032591847062e-05
3.803054887579606e-07,9.387340546954978e-06
3.803091846103491e-07,8.525370686523967e-06
3.803136024645621e-07,8.061657768845574e-06
3.803195296285735e-07,8.004656886697736e-06
3.803283623972192e-07,8.324916941957901e-06
3.803374693913685e-07,8.476719132677794e-06
3.803478008991232e-07,8.133990618153803e-06
3.803585381202701e-07,7.331652188573989e-06
3.80370692219166e-07,8.195661912242792e-06
3.803836954468364e-07,2.657178319427398e-05
3.803942773002358e-07,5.131289245231738e-05
3.804026507460716e-07,5.777643685159038e-05
3.80408105234953e-07,6.676059817097302e-05
3.804115909714348e-07,9.590573843206523e-05
3.804148223317091e-07,0.0001484479189073027
3.804181601672114e-07,0.0002137634772108375
3.804214563019474e-07,0.0002660841905747196
3.804237630817195e-07,0.0002951778183757993
3.804260780861179e-07,0.0003439518709795306
3.804283217233504e-07,0.0004681423758792554
3.80429927935542e-07,0.0005891028389730048
3.804313754798308e-07,0.0006737939552872681
3.804324797839223e-07,0.0007533990133655908
3.804336234218967e-07,0.0008309453912129605
3.804345028708386e-07,0.0008497206969822743
3.804353639169945e-07,0.000830740232542095
3.804360756771425e-07,0.0007986447836924999
3.804370108550474e-07,0.0007395124331048
3.804375971072344e-07,0.0006982326360288879
3.804382196601262e-07,0.000654664589897926
3.804388831893927e-07,0.0006123129083988958
3.804398925669013e-07,0.0005596710783516176
3.804406206155739e-07,0.0005268955964167185
3.80441603738245e-07,0.0004790636979044028
3.804425391950873e-07,0.0004228500041876794
3.804436554273738e-07,0.0003449848896688184
3.804447790967022e-07,0.0002708794177524176
3.804458314456961e-07,0.0002177317777332569
3.804467300467701e-07,0.0001832460548026711
3.804475238840597e-07,0.0001523025102980049
3.804483578079941e-07,0.0001202785362721005
3.804490412207962e-07,0.0001052282693042635
3.804496608465122e-07,9.975238773637877e-05
3.804503028517867e-07,9.563265460253016e-05
3.804511062595744e-07,8.996470447320783e-05
3.80451902309642e-07,8.329375457199421e-05
3.804528806736329e-07,7.432688892350369e-05
3.804540146249708e-07,6.38918325082794e-05
3.804554237592224e-07,5.279158483194846e-05
3.804571057343848e-07,4.712072741080028e-05
3.804589209017407e-07,5.007802223637109e-05
3.80460354397765e-07,5.071008620271126e-05
3.804617868214135e-07,4.630665055981836e-05
3.804635773400065e-07,4.356387471950211e-05
3.804649462387057e-07,5.95229757664083e-05
3.804662372767705e-07,7.431976683803448e-05
3.804673310336634e-07,7.540320539358007e-05
3.804685670255172e-07,6.660502345007884e-05
3.804697807766354e-07,6.995416601503749e-05
3.804708252800901e-07,8.976181561367645e-05
3.80471863643814e-07,0.0001039581319098588
3.804728024129742e-07,0.0001021491500123818
3.804737824791155e-07,9.001928475165518e-05
3.804747812755885e-07,8.464016237930837e-05
3.804757437634045e-07,0.0001066514067565347
3.804768002762957e-07,0.0001383320191104983
3.80477737088578e-07,0.0001493970861098421
3.804788349239316e-07,0.0001400390060004144
3.804799607329623e-07,0.0001223012619097146
3.804810265527973e-07,0.0001383164876851793
3.804821015050028e-07,0.0001867983194158642
3.804833891729988e-07,0.0002347374172515406
3.804845000264294e-07,0.0002477470581665031
3.804856228342699e-07,0.0002388548712878171
3.804870868138031e-07,0.0002103583775849643
3.804882886303433e-07,0.000182280731617246
3.804896804068881e-07,0.0001503319162965181
3.804914151579964e-07,0.0001140446733642707
3.804939929749915e-07,6.921269034351301e-05
3.804976501426304e-07,2.630973507916075e-05
3.805017931159518e-07,5.958180619342079e-06
3.805053917850705e-07,1.482757024129587e-06
3.805097334740993e-07,4.50931523174032e-07
3.805133814902615e-07,3.026443925341617e-07
3.805176272373411e-07,2.435687843842714e-07
3.805229315051775e-07,2.002672958022208e-07
3.805305472784963e-07,1.572412529361997e-07
3.805420025133367e-07,1.159296354947873e-07
3.805619042951046e-07,7.760561827844918e-08
3.805981170372019e-07,4.842589176196603e-08
3.806439209135201e-07,3.396770060498262e-08
3.807038621573849e-07,2.518670327209967e-08
3.80779541851401e-07,1.940953927584786e-08
3.808884819844429e-07,1.496218767851e-08
3.810564722466231e-07,1.149935015529504e-08
3.813049757333274e-07,9.0415751495712e-09
3.816513712573329e-07,7.387547156980271e-09
3.82138460307961e-07,6.221877037774098e-09
3.82832906571359e-07,5.356826348066011e-09
3.8383082153879e-07,4.681856717976954e-09
3.852591581804077e-07,4.131726673835883e-09
3.873007576150596e-07,3.664697580832602e-09
3.9e-07,3.283082624686179e-09
3.9005e-07,8.283125514566518e-08
3.900634409687626e-07,5.496734119393319e-07
3.900903229062876e-07,7.526112280572855e-06
3.90097022363474e-07,1.102438803547008e-05
3.901025561418799e-07,1.297862724196011e-05
3.901085303308771e-07,1.314610292421209e-05
3.901134760390659e-07,1.191437101164438e-05
3.901162450937617e-07,1.080556955194832e-05
3.901171846060358e-07,1.041644583484102e-05
3.901181837916441e-07,1.000862336995328e-05
3.901189994478539e-07,9.918188892362844e-06
3.901206307602735e-07,1.682547131491838e-05
3.901217199031388e-07,3.437632174278293e-05
3.901230654589881e-07,6.011849673496427e-05
3.90124127195252e-07,7.355636218158123e-05
3.901251861445069e-07,7.682324213444401e-05
3.901262450937617e-07,7.943090389321137e-05
3.901265564861362e-07,8.107988745871627e-05
3.901270259512792e-07,8.87386515594369e-05
3.901274538762041e-07,9.768532941238311e-05
3.901280968356408e-07,0.0001080650178816785
3.901289441223711e-07,0.0001098402187001972
3.901297943464756e-07,9.987640030309702e-05
3.901306709020734e-07,8.670867402457168e-05
3.901315328805024e-07,8.631529771205614e-05
3.901325203699501e-07,0.0001017717668999672
3.901335131393873e-07,0.0001117592368703483
3.901346512813203e-07,0.0001085267108823746
3.901357687548503e-07,9.50391111197787e-05
3.901369355226852e-07,7.938638063034883e-05
3.901381251433918e-07,7.855389873942959e-05
3.901393623445765e-07,9.175293078708796e-05
3.90140449013041e-07,9.755516280300461e-05
3.901415476571958e-07,9.183068954921943e-05
3.901428632571584e-07,7.48947959722047e-05
3.90144009648635e-07,6.235185112835749e-05
3.901449771485706e-07,5.489695452619627e-05
3.901457610525239e-07,4.498394225449558e-05
3.901464363983553e-07,3.314110473566241e-05
3.901471877455439e-07,1.955966116449555e-05
3.901477511818486e-07,1.143367483869406e-05
3.90148427622629e-07,5.889812476993835e-06
3.901492588767793e-07,2.839686177647694e-06
3.901500468923242e-07,1.524696785188708e-06
3.901508023070588e-07,8.895316353441667e-07
3.901516990724665e-07,5.148301202446296e-07
3.901530145933999e-07,2.813437254344202e-07
3.901548423117503e-07,1.637382744740717e-07
3.901570480272244e-07,1.048824359356778e-07
3.901598782508264e-07,6.44409364139716e-08
3.901638180239983e-07,3.400401235994225e-08
3.90170146353643e-07,1.408653954523925e-08
3.901800762294049e-07,6.87270099956955e-09
3.901900381147025e-07,5.753310099611711e-09
3.902e-07,5.486418144819209e-09
3.902051516721404e-07,3.668449331478812e-09
3.902113277912605e-07,3.633944361504525e-09
3.902171759948319e-07,3.622695616935004e-09
3.902288724019746e-07,3.621457712835889e-09
3.902473655920772e-07,3.616956529735433e-09
3.90279586341415e-07,3.613566950372129e-09
3.903434290855483e-07,3.603490075096477e-09
3.904609824273297e-07,3.588892840279706e-09
3.906882710626941e-07,3.557732352188244e-09
3.911281695413904e-07,3.503758487514064e-09
3.919685201046529e-07,3.405474740882616e-09
3.929842600523265e-07,3.301034215914146e-09
3.94e-07,3.208297138007192e-09
3.940307639745064e-07,7.535589817487052e-09
3.940696570412355e-07,1.561231432869928e-06
3.940891035746e-07,7.107834772678619e-06
3.940979355982438e-07,1.012582186495797e-05
3.941078891343216e-07,1.297783247722632e-05
3.941167773708193e-07,4.229701389239704e-05
3.941240483523414e-07,8.232403215473944e-05
3.941292699426708e-07,9.119290010278121e-05
3.941338756681326e-07,0.0001036531589660849
3.941374033260366e-07,0.0001389401837305717
3.94139962226072e-07,0.0001807889775219425
3.941427243805917e-07,0.0002298696303292597
3.941454070958444e-07,0.0002703274013519489
3.941487600814886e-07,0.0003012058173306636
3.941516623517763e-07,0.0003196735570821642
3.941532482891012e-07,0.0003399138939132206
3.941549008399367e-07,0.0003684934555285747
3.94156285953423e-07,0.0003871103720074346
3.941575572168519e-07,0.0003917757363372584
3.941591177523812e-07,0.0003771875893623097
3.941599788289105e-07,0.0003608753538468069
3.941607040410101e-07,0.0003455515632380915
3.941614691080012e-07,0.000329844772637549
3.941623924689626e-07,0.0003127699845440653
3.941639787466514e-07,0.0002862512382599369
3.941652024626162e-07,0.0002661793633711366
3.941663787040573e-07,0.0002462854601076688
3.941676034729464e-07,0.0002248528834180945
3.941693336013099e-07,0.0001936140744137336
3.941714130850915e-07,0.0001569720306306675
3.941729659503765e-07,0.0001336794263174095
3.941745109859169e-07,0.0001156541128605285
3.94177033440812e-07,9.515349959782185e-05
3.941793199446419e-07,8.143716265563401e-05
3.941821032014955e-07,6.975047323757031e-05
3.941842417146074e-07,6.347069809223049e-05
3.941867269471141e-07,5.773429901868551e-05
3.941895376350109e-07,5.32308386672781e-05
3.941929897059331e-07,5.702748930304468e-05
3.941967199403463e-07,8.681423808958482e-05
3.941983599701732e-07,0.0001024683440705094
3.942e-07,0.0001089206824258545
3.942008783357079e-07,0.0001069385015212883
3.942026350071236e-07,0.0001031803658527278
3.942040124320319e-07,0.0001110853496113851
3.94204919558536e-07,0.0001188433085438616
3.942058711513687e-07,0.0001192214049604162
3.942067606512194e-07,0.000108773025492301
3.942077787147415e-07,8.537373344729644e-05
3.942087523391713e-07,5.911840824093451e-05
3.94209526700812e-07,4.143160289770592e-05
3.942103058892795e-07,2.973599986355724e-05
3.942113584233924e-07,2.243123891295489e-05
3.942123473946735e-07,1.965834294741773e-05
3.942133561694581e-07,1.801327606158271e-05
3.942143792933721e-07,1.674694305667047e-05
3.942156418680145e-07,1.549521929447914e-05
3.942172949995325e-07,1.427080317433251e-05
3.94219753511394e-07,1.310550450321221e-05
3.942235542965119e-07,1.21598375002107e-05
3.942280378759196e-07,1.153059100063163e-05
3.942326887455058e-07,1.101877197547889e-05
3.942379897345441e-07,1.0486585316117e-05
3.942447182275413e-07,9.846946975057909e-06
3.942544909640699e-07,8.9900424480441e-06
3.942704259904845e-07,8.323070952506826e-06
3.942884627249164e-07,1.030619205737521e-05
3.943084391201909e-07,1.44174589017006e-05
3.943166848775778e-07,1.562204141252357e-05
3.943213104966375e-07,1.572418297579304e-05
3.943269729806926e-07,1.466486314249959e-05
3.943321885314577e-07,1.270942409017611e-05
3.943363476734563e-07,1.066009494595878e-05
3.943395281653834e-07,9.254322541973905e-06
3.943428856890985e-07,8.439289624771384e-06
3.943468886948575e-07,8.376195957955396e-06
3.943504680978444e-07,9.006823381361951e-06
3.943558470735695e-07,1.038510642960303e-05
3.943639623618928e-07,1.203995421636087e-05
3.943716561153339e-07,1.246012426540153e-05
3.943789757040452e-07,1.185440315779351e-05
3.943871076894456e-07,1.31146587405304e-05
3.943948993924724e-07,3.16888000750123e-05
3.944022354351319e-07,5.68565145494422e-05
3.944086213876611e-07,6.708157538776245e-05
3.944171280748656e-07,8.864097466045097e-05
3.944236909178995e-07,0.0002286085414085443
3.944272499125135e-07,0.0003475370505251331
3.944308356778619e-07,0.0004055694331944268
3.944346126187068e-07,0.0003992684667952
3.94436295283251e-07,0.000415771872894759
3.944384332945886e-07,0.0004684642030304106
3.944399332295985e-07,0.0005119095776200543
3.944414278807508e-07,0.0005900507168376412
3.944425913817248e-07,0.0006829590419879554
3.944435293664264e-07,0.0007211418245038593
3.944446218465955e-07,0.0007053898561419603
3.944455937316365e-07,0.0006581364050438074
3.94446501681729e-07,0.0005895332936503946
3.944472854144983e-07,0.0005235019140456705
3.944479182065695e-07,0.0004721531815974604
3.944488731697395e-07,0.0004064704342409736
3.944497278165442e-07,0.0003625462059172562
3.944504555575291e-07,0.0003319500667678594
3.944512179784686e-07,0.0003030670050827072
3.944517690259444e-07,0.0002870615528737506
3.944523324432238e-07,0.0002776270488787076
3.944529374880332e-07,0.0002729784648705484
3.944538153113521e-07,0.0002681411343334843
3.944547537388224e-07,0.0002599879195740055
3.944556861685058e-07,0.0002478257057800819
3.944566847734959e-07,0.0002330096321149797
3.944578689021962e-07,0.0002243491911633462
3.944592581446685e-07,0.0002381208201391462
3.944602638028955e-07,0.0002522230650407994
3.944612922499634e-07,0.0002553775657175986
3.944620675966641e-07,0.0002490716278943792
3.944628674087709e-07,0.0002391685614393121
3.944636469229717e-07,0.0002298636466501145
3.944646742071932e-07,0.0002148420522012162
3.944660858020784e-07,0.0001854719308632387
3.944672448142886e-07,0.0001597315467706729
3.944683427521897e-07,0.000138583566454834
3.944694582133758e-07,0.0001190100870235197
3.944708104155065e-07,9.399608954206838e-05
3.944722311300757e-07,7.341285868862992e-05
3.944735826396128e-07,7.191383603805887e-05
3.944749897204918e-07,7.725254746988189e-05
3.944761770099231e-07,7.495020451521678e-05
3.944772645242866e-07,6.743851390611894e-05
3.944786140161628e-07,6.143095512144432e-05
3.944797713828003e-07,7.579512239235861e-05
3.944810709335942e-07,0.000104944494215349
3.944820886724739e-07,0.0001153683713666346
3.944833305311308e-07,0.0001063500224412168
3.944845080741613e-07,9.653226398223953e-05
3.944855467925188e-07,0.0001105627184191507
3.944867021395069e-07,0.0001269996039271026
3.944876876627337e-07,0.0001263012443075543
3.9448858771209e-07,0.000115976415150953
3.944896991967046e-07,0.0001007735149954628
3.944907298370592e-07,0.0001036293213500183
3.944918277025305e-07,0.0001462459127194347
3.944931688550272e-07,0.0002237131157535601
3.944945496730778e-07,0.0002763573245355285
3.944960172250285e-07,0.0002867155821388601
3.944977766223016e-07,0.0002534273847055878
3.944994870493621e-07,0.000195718640118885
3.94501326949164e-07,0.0001274446747443114
3.945032303938902e-07,6.554226932461987e-05
3.945052295182387e-07,2.339045892019168e-05
3.945073462353665e-07,6.096046207015572e-06
3.945095430891166e-07,1.836189544083269e-06
3.945118622075313e-07,1.026579314839961e-06
3.945140448199782e-07,8.717461391402074e-07
3.945166816568802e-07,7.980457162596636e-07
3.945201160101222e-07,7.328162596570529e-07
3.945255155887541e-07,6.470465297390252e-07
3.945335419988494e-07,5.421182026258841e-07
3.945465444140533e-07,4.137270456588204e-07
3.945725492444611e-07,2.540784066146327e-07
3.94613649815751e-07,1.364630086606443e-07
3.946683014375816e-07,7.881741869264992e-08
3.947393030224685e-07,5.316684060624211e-08
3.948244238488014e-07,4.081599615687482e-08
3.949353776488244e-07,3.268203065432952e-08
3.950909071590091e-07,2.646717410451641e-08
3.953415283700192e-07,2.120904738419036e-08
3.957146342257157e-07,1.726388928299791e-08
3.962403526518594e-07,1.436225640839191e-08
3.969831456950995e-07,1.20872063958673e-08
3.980419839933624e-07,1.020010984907787e-08
3.990209919966813e-07,9.071064281806079e-09
4e-07,8.239793534761893e-09
4.000302291681661e-07,2.049788416742296e-08
4.000686701694447e-07,3.124956335722928e-06
4.000878906700841e-07,1.406262493475584e-05
4.000950380144748e-07,1.840049998382045e-05
4.001029834949712e-07,1.982764739009581e-05
4.001107272490845e-07,1.773910148078986e-05
4.001163028209363e-07,1.532108014796576e-05
4.001207482039986e-07,1.503298545466974e-05
4.00124351357432e-07,1.888097558193448e-05
4.001256465268269e-07,2.220346992258453e-05
4.001282368656167e-07,3.375105832477324e-05
4.001327168561529e-07,6.954030490099077e-05
4.001380484713251e-07,0.0001204387517867734
4.001443913381065e-07,0.0001560200516406585
4.001491155312309e-07,0.0001568339904768266
4.001545156871023e-07,0.0001421804757997391
4.001576190401063e-07,0.0001404720515769914
4.001597218391992e-07,0.0001465923678169085
4.001616712775837e-07,0.00015591146516161
4.001636187504403e-07,0.0001649707482263316
4.001659949289558e-07,0.0001729420730865127
4.001683905913792e-07,0.0001924004180287094
4.001706502662089e-07,0.0002066333049100524
4.001723117314139e-07,0.0002323771025281542
4.00173827218593e-07,0.0002804046213632037
4.001751887206516e-07,0.000324391911144632
4.001767256529177e-07,0.0003525709020339619
4.001783570733281e-07,0.0003566483345289865
4.001798649040222e-07,0.0003524537417610839
4.001812149900689e-07,0.0003402174728492058
4.001821777512469e-07,0.0003303050824430079
4.001833178709972e-07,0.0003202164277761754
4.001848109389772e-07,0.0003064274882223359
4.001858651765693e-07,0.0002959258668552432
4.001870657704844e-07,0.0002822911677697134
4.001880931524475e-07,0.0002693339284921762
4.001892724075943e-07,0.0002539278308732186
4.001903639479247e-07,0.0002394815800561891
4.001921442605026e-07,0.0002176379310657846
4.001933978622842e-07,0.0002053608426982811
4.001949451720828e-07,0.0001952407551060815
4.001963840323368e-07,0.0001915828042137163
4.001981920161684e-07,0.0001938221183136831
4.002e-07,0.0001991926527250855
4.002005488308842e-07,0.000199947905970269
4.002016464926526e-07,0.000200101160258595
4.002028180214562e-07,0.000196863830004609
4.002044952159635e-07,0.0001874498604140603
4.00206243688408e-07,0.0001921037891510337
4.002077421498354e-07,0.0002024124436257379
4.002090273337968e-07,0.0002067074423189733
4.002101567633881e-07,0.0002076151320875027
4.002116503820035e-07,0.0002050321866496098
4.002128314564183e-07,0.0002018316122127176
4.002140185567664e-07,0.0001987735530411509
4.00215566519147e-07,0.0001951156774921657
4.002186624439081e-07,0.0001889120408853792
4.002239410151472e-07,0.0001803300967117184
4.002283453278273e-07,0.0001782910803673289
4.00231007851134e-07,0.0001824684209754804
4.00233986166259e-07,0.0001821472099933996
4.002364842634945e-07,0.000174779727408984
4.002375127957389e-07,0.0001762915973983402
4.002383756266839e-07,0.0001837801991207492
4.002391985910086e-07,0.0001930864055909296
4.002400501504347e-07,0.0001967414607090246
4.00240877781363e-07,0.0001893893169412815
4.002419523336484e-07,0.0001627145305373351
4.002429739354228e-07,0.0001270227239373952
4.002437478482765e-07,0.0001029241350275059
4.002443717824866e-07,8.99057731802624e-05
4.00245182756091e-07,7.999518766686475e-05
4.002461384317178e-07,7.236262777733196e-05
4.002468445811054e-07,6.811820350410991e-05
4.002476758060594e-07,6.405736958325042e-05
4.002489731704058e-07,5.894446999891219e-05
4.002507474597368e-07,5.337131907644447e-05
4.002527404267346e-07,4.83568648362836e-05
4.002551886885516e-07,4.346611884877183e-05
4.002584811996258e-07,3.848767187503944e-05
4.002627570437627e-07,3.391404785757745e-05
4.002677669515812e-07,3.026347746943401e-05
4.002741775144235e-07,2.684654837960376e-05
4.00279939138168e-07,2.409652594247226e-05
4.00286163708487e-07,2.064511984191164e-05
4.002906389176474e-07,1.778634126543365e-05
4.002959210881453e-07,1.430560393442836e-05
4.003006258094117e-07,1.139252908630369e-05
4.003056023633673e-07,9.355878051448454e-06
4.00309328619998e-07,8.501855536787461e-06
4.003136811899768e-07,8.055667319313775e-06
4.003197022614811e-07,8.005485963074959e-06
4.003285387910811e-07,8.328859981117667e-06
4.003376740073647e-07,8.474682742900808e-06
4.003480103927436e-07,8.123083270514372e-06
4.003587747364343e-07,7.314589272905506e-06
4.003709892138042e-07,8.311744894382786e-06
4.003839457374645e-07,2.712101933359437e-05
4.003944371105972e-07,5.153973971727606e-05
4.004028038578442e-07,5.78197268973853e-05
4.004080381917656e-07,6.597055902794228e-05
4.004114930574784e-07,9.298308624268885e-05
4.004147077272567e-07,0.0001428172791113265
4.004180410103331e-07,0.0002067862828709575
4.004213427285268e-07,0.0002587411258577048
4.004235877690841e-07,0.0002841754789558151
4.004258966189382e-07,0.0003270168174241095
4.004281426485555e-07,0.0004461951027721845
4.004297675995715e-07,0.0005710932431810256
4.004312106971569e-07,0.0006592370959458081
4.00432270196758e-07,0.000739672466899517
4.004334373899827e-07,0.0008364609593072655
4.004343425322058e-07,0.0008688729491032807
4.00435165843627e-07,0.0008572604253492977
4.004358615421874e-07,0.0008277132077281756
4.004367682721719e-07,0.0007698685106170395
4.004373958742997e-07,0.0007214344285013408
4.004380861577685e-07,0.0006667999037853229
4.004386987590491e-07,0.0006213843102237643
4.004393762999769e-07,0.0005789621034210989
4.00440100934449e-07,0.0005424317543716798
4.00440943964901e-07,0.0005047952567456104
4.004418757169735e-07,0.0004577867923280933
4.004428977061034e-07,0.0003939263657738497
4.004439889516464e-07,0.0003171007616201113
4.004452045242278e-07,0.0002405479158559552
4.004464109834797e-07,0.0001955077051807163
4.004472986262082e-07,0.0001730223006865029
4.004481093862521e-07,0.0001487212787853406
4.004486530696794e-07,0.0001394379221401438
4.004492884541518e-07,0.000142057731346008
4.004498750669678e-07,0.0001464962542063678
4.004506810288755e-07,0.000147649793186495
4.004515209091561e-07,0.0001428045992882286
4.004524047734775e-07,0.0001335885038390206
4.004534516970027e-07,0.0001202195682348144
4.004546963426015e-07,0.0001038631823911209
4.004562762581585e-07,8.934601294225927e-05
4.004580348913688e-07,9.106438171141036e-05
4.004596944003585e-07,9.865091144930795e-05
4.00461049950705e-07,9.628478433335758e-05
4.004628393376193e-07,8.363529385515166e-05
4.00464301917499e-07,9.732438950080974e-05
4.004657302095274e-07,0.0001368102061648766
4.004668534965989e-07,0.0001513403183724517
4.004681266434275e-07,0.0001405563374268876
4.004694682468399e-07,0.00013094636096937
4.004705571107597e-07,0.0001640060653246406
4.004716601343467e-07,0.0001994084625731741
4.004725013020985e-07,0.0002007298646144849
4.004734778954156e-07,0.0001776370131099808
4.004743627470578e-07,0.0001588941780014916
4.004752349168292e-07,0.0001732870335593453
4.004761141847072e-07,0.0002080704838458065
4.004769591448582e-07,0.0002308588920853659
4.004779316217943e-07,0.0002296098073575518
4.004789303320549e-07,0.0002077923041908217
4.004798659188683e-07,0.0001983912477826289
4.004808588041603e-07,0.0002285807179610866
4.004818911427383e-07,0.0002911169179820969
4.004829266781897e-07,0.0003445709249010566
4.004839507033095e-07,0.0003658025727895279
4.004849209707844e-07,0.0003596035714804812
4.004860470351035e-07,0.0003323471048167581
4.004872626727873e-07,0.0002919254615801581
4.0048850242737e-07,0.000248258016777477
4.004899410686527e-07,0.000200036930117698
4.004917940070008e-07,0.0001448853239316011
4.004944766858255e-07,8.103848438586001e-05
4.004982234879734e-07,2.677908341975379e-05
4.005024591664522e-07,5.319287363272179e-06
4.00507452692808e-07,9.060905904452525e-07
4.005111444833293e-07,5.007856348195892e-07
4.005149849228985e-07,3.779624060408253e-07
4.005193594371578e-07,3.06752948055901e-07
4.005259366707071e-07,2.356124719905691e-07
4.005349038295465e-07,1.735418736041015e-07
4.005500836100302e-07,1.159504601949828e-07
4.005765368963773e-07,7.258646535839076e-08
4.006117346643934e-07,4.954321779971906e-08
4.006576703666924e-07,3.590039832842043e-08
4.007214608498478e-07,2.648444640653099e-08
4.008060817858761e-07,1.999506389033257e-08
4.00928640512283e-07,1.510965424874251e-08
4.01123195243474e-07,1.133073582854461e-08
4.013950109899693e-07,8.845832998033709e-09
4.01777795097102e-07,7.15407220348163e-09
4.023163809967222e-07,5.969492610152564e-09
4.030901125580566e-07,5.096258734684584e-09
4.041993448099522e-07,4.430232385794153e-09
4.057854579361464e-07,3.900385368568946e-09
4.080528751668461e-07,3.46155146891352e-09
4.1e-07,3.216331630647509e-09
4.1005e-07,8.276475885630259e-08
4.100634409687626e-07,5.496069915101825e-07
4.100903229062877e-07,7.526046025133238e-06
4.100970223641321e-07,1.102432286264354e-05
4.101025561429162e-07,1.297856121610281e-05
4.101085303320973e-07,1.31460365599746e-05
4.101134760392806e-07,1.191430475841568e-05
4.101162450937583e-07,1.080550339127448e-05
4.101171846059736e-07,1.050842145263295e-05
4.101181837915077e-07,1.020253151167779e-05
4.10118999447677e-07,1.028938423921704e-05
4.101206307600155e-07,2.366189332312571e-05
4.101217141928795e-07,6.006470568634894e-05
4.101230610992091e-07,0.0001228555679911006
4.101241221319297e-07,0.0001639075960309229
4.10125183612844e-07,0.0001867691344456789
4.101262450937584e-07,0.0001982133367641874
4.101265567761638e-07,0.0001935821106143371
4.101270269081453e-07,0.0001952130598228932
4.101274553970672e-07,0.0002043822714338525
4.101280984720046e-07,0.000229325765875504
4.101289468161926e-07,0.000270535233031217
4.10129797547402e-07,0.0003008078668825271
4.101306743677293e-07,0.0003071445686186226
4.1013153624971e-07,0.000299647228014707
4.101325249933599e-07,0.0002866874747954136
4.101335158407486e-07,0.0002774530872088343
4.101345542597154e-07,0.0002692738610555409
4.101356619983564e-07,0.0002444253233229089
4.101365235165311e-07,0.0002206150446082353
4.10137476929104e-07,0.0002001586124356096
4.101386291392078e-07,0.0001921930903253512
4.101395545795893e-07,0.0001917883335637604
4.101405772139292e-07,0.0001869481981143769
4.101418178062736e-07,0.0001755150047463548
4.101429529088342e-07,0.0001705485044328732
4.101441195181329e-07,0.0001829849479811368
4.101450203475963e-07,0.0001976169502888042
4.101458046693473e-07,0.0002025507251977113
4.101464161313734e-07,0.0001987795778566814
4.101471597581548e-07,0.0001872454842392036
4.101477170499396e-07,0.0001757135639681526
4.101483844893181e-07,0.0001613035084938014
4.101491763590246e-07,0.0001430917463218481
4.101499908957684e-07,0.0001246468338802266
4.101507297986802e-07,0.0001092867510680325
4.101515445131851e-07,9.110662799390677e-05
4.101524116555522e-07,6.782077431867245e-05
4.101531223785263e-07,4.747738054317875e-05
4.101538677785329e-07,2.958038512815404e-05
4.101545474675397e-07,1.8220788768159e-05
4.101554466970454e-07,1.013243388741676e-05
4.101565439237827e-07,6.00771665204048e-06
4.101577208392741e-07,3.91909388611164e-06
4.101587639425932e-07,2.74916639149363e-06
4.101599391455944e-07,1.838716075645026e-06
4.101614624375777e-07,1.080565873289338e-06
4.101638028755998e-07,4.681571585862267e-07
4.1016731334638e-07,1.31478568194381e-07
4.101718698317358e-07,2.920133743149064e-08
4.101771582122762e-07,1.003635719778742e-08
4.101836198995496e-07,6.82508592261486e-09
4.101920930490951e-07,6.170270118358923e-09
4.102000000000001e-07,5.975797109611744e-09
4.102045896753703e-07,4.1763520791889e-09
4.102100511017462e-07,4.123196598393793e-09
4.102152374447322e-07,4.11126919540562e-09
4.102256101307043e-07,4.110021155104519e-09
4.102418940501902e-07,4.105508162346278e-09
4.102709377837812e-07,4.101851434290656e-09
4.103290252509632e-07,4.091150007277894e-09
4.104394114578264e-07,4.074778674150616e-09
4.106583311614936e-07,4.039413105179795e-09
4.110931317767855e-07,3.97584245106619e-09
4.119480036713553e-07,3.857351150947922e-09
4.129740018356777e-07,3.731968473791102e-09
4.14e-07,3.620507044176106e-09
4.140309116783349e-07,8.050566261901142e-09
4.140699291344482e-07,1.603666044826969e-06
4.140894378625048e-07,7.231181747329199e-06
4.140982967520688e-07,1.020672876542841e-05
4.141082093259959e-07,1.328542000997955e-05
4.141172542518415e-07,4.509134832156035e-05
4.141243082240751e-07,8.30971195309464e-05
4.141295343047055e-07,9.147476892331492e-05
4.141340632244476e-07,0.0001049080906855225
4.141376328597627e-07,0.0001426361521948882
4.141402206758029e-07,0.0001859781731295024
4.141429375463151e-07,0.000234283751195825
4.141457391103485e-07,0.0002755144082191765
4.141489671630912e-07,0.0003037252193558772
4.141518944935618e-07,0.0003237518576782075
4.141535117023998e-07,0.000346326342829826
4.141551417655232e-07,0.0003747551997357335
4.141564730572318e-07,0.0003912046749999072
4.141578270807068e-07,0.000393627211524679
4.141593972097902e-07,0.000375429558635209
4.141601931384326e-07,0.000359529711496544
4.141609482823816e-07,0.0003436658191016314
4.141616972480161e-07,0.0003287889769801476
4.141628529411578e-07,0.000308412545634652
4.141644767621037e-07,0.0002820158365613457
4.141656341651981e-07,0.0002630133678745271
4.141668168609366e-07,0.0002428926298821564
4.141681552571534e-07,0.0002191973313179456
4.141701005746927e-07,0.0001834710304040087
4.14171980483748e-07,0.0001508438836962612
4.141739817610552e-07,0.0001232636800407785
4.14175719099452e-07,0.0001062515681512487
4.141782598284613e-07,8.830568587964858e-05
4.141806502164097e-07,7.6039597369069e-05
4.141828649095143e-07,6.81306863251771e-05
4.141861269723365e-07,5.990111614314821e-05
4.141885161818749e-07,5.52238287830932e-05
4.141921134791201e-07,5.295187081831724e-05
4.141955766391112e-07,6.925155131344388e-05
4.141977883195556e-07,9.17364104410237e-05
4.142e-07,0.0001083909755402093
4.142007875433437e-07,0.0001087104280069456
4.142023626300311e-07,0.0001049102050061423
4.142037982191357e-07,0.0001047642826909974
4.142047457471646e-07,0.0001119767507096506
4.142055729381352e-07,0.0001190565921902033
4.142064271954005e-07,0.0001199699067171793
4.142073227278452e-07,0.00011061358213065
4.142083026185052e-07,8.903498005870977e-05
4.142092967594963e-07,6.20371701679287e-05
4.142100884297263e-07,4.32706588096887e-05
4.142108481594723e-07,3.097362473932284e-05
4.142118506175542e-07,2.307402530307391e-05
4.142127813227992e-07,2.005353036318065e-05
4.142138028139793e-07,1.823271609606499e-05
4.142147989207925e-07,1.694041388428003e-05
4.142160146089983e-07,1.567723184622771e-05
4.142175467223364e-07,1.446365825671607e-05
4.142198096206089e-07,1.327170603894236e-05
4.142232020748591e-07,1.229511699755112e-05
4.142277672193339e-07,1.158840961648258e-05
4.142322998674242e-07,1.107368604761586e-05
4.142374679293368e-07,1.054640770929795e-05
4.142437300540493e-07,9.944107075371493e-06
4.142527835992192e-07,9.131511754237134e-06
4.142668941481931e-07,8.32892499513329e-06
4.142836596528723e-07,9.461875862289352e-06
4.143053221305788e-07,1.383909546686049e-05
4.143159247095493e-07,1.553388669796815e-05
4.143209731882477e-07,1.573567951382896e-05
4.143274513485896e-07,1.451054753347363e-05
4.143324372571425e-07,1.258335704575009e-05
4.143367006355881e-07,1.046789781529508e-05
4.143398324603199e-07,9.142677060357771e-06
4.143430728627984e-07,8.410772095960226e-06
4.143478404455709e-07,8.493925459453392e-06
4.143515618790949e-07,9.27346207035373e-06
4.143571506664206e-07,1.07091779998796e-05
4.143655697042113e-07,1.221953727258764e-05
4.143734059852214e-07,1.238622891989142e-05
4.143811050062442e-07,1.160373244535398e-05
4.143885382677482e-07,1.481134780926195e-05
4.14396423985763e-07,3.744850303731932e-05
4.144035772407103e-07,6.020308363728359e-05
4.144100432041394e-07,6.783061013069861e-05
4.144162002431048e-07,8.088459586063462e-05
4.1442265478123e-07,0.0001897463427731819
4.144261790647138e-07,0.0003013694815482407
4.144297985243228e-07,0.0003769058956664569
4.144331652006756e-07,0.0003794935449401178
4.144349288952511e-07,0.0003900338728898555
4.144363272352792e-07,0.0004214815172686697
4.144379320424628e-07,0.0004781475382160974
4.144393771440886e-07,0.0005312568465398004
4.144408017372116e-07,0.0005994266694306572
4.144419798250781e-07,0.0006991314124640662
4.144429271741926e-07,0.0007684487935760851
4.144438794583029e-07,0.0007926961934040458
4.144447502260054e-07,0.0007831477086161726
4.144456353973452e-07,0.0007493645663220177
4.144465484177892e-07,0.0006893339547900432
4.144472584779463e-07,0.0006358576795842226
4.144479159442976e-07,0.0005882909092459343
4.144488437126617e-07,0.0005340464807374829
4.144496446870395e-07,0.0005005399439862021
4.144503638026394e-07,0.0004711292860529517
4.144511481911278e-07,0.0004376805772414871
4.144516957005577e-07,0.0004231183984606683
4.144522546287431e-07,0.0004225333577537545
4.144528767507544e-07,0.0004337395443967113
4.14453793592212e-07,0.0004549784898833665
4.144547535986952e-07,0.0004670769153834321
4.144556923069088e-07,0.0004615431848776779
4.144567094410106e-07,0.0004401272597023301
4.144579331068201e-07,0.0004184343374428754
4.144591701055115e-07,0.0004451338394821434
4.144601552522812e-07,0.0005082498148279394
4.14461081093581e-07,0.0005541705932638844
4.144619758651772e-07,0.000552899173704799
4.144627506521902e-07,0.0005182927086437018
4.144635196809143e-07,0.0004694749093603909
4.14464165619733e-07,0.0004275226532356582
4.144649534929929e-07,0.0003757886111161754
4.144659894740094e-07,0.0003028839157546103
4.144668208784814e-07,0.0002519728876985401
4.144677036379427e-07,0.0002160732240993711
4.144686790979991e-07,0.0001898680551002697
4.144696971693125e-07,0.0001661602838747976
4.144706666255769e-07,0.0001434232357858568
4.1447184089613e-07,0.0001223488730329145
4.144730999571392e-07,0.0001234637067387115
4.144744691589539e-07,0.0001399454092744833
4.144756330486903e-07,0.0001431811554604028
4.144767502027512e-07,0.0001327591702312756
4.144779965083682e-07,0.0001177695209001307
4.14479192845358e-07,0.0001310964286350156
4.144804351367047e-07,0.000183902149372168
4.144814390675422e-07,0.0002156835894800953
4.144823757093694e-07,0.0002150974298996667
4.144836573554187e-07,0.000183103512859358
4.144846079252308e-07,0.0001786562021493523
4.144856121556453e-07,0.0001950227198078673
4.144864897687076e-07,0.0002023155526843164
4.144872953577492e-07,0.00019645229557293
4.144881621889821e-07,0.000179729591560289
4.14489081046029e-07,0.0001604898457120719
4.144899858175792e-07,0.0001591495164724582
4.144910042818808e-07,0.0002013582683042515
4.144922016836624e-07,0.0002971214567124423
4.144935756226487e-07,0.0003928188839869947
4.144949476754693e-07,0.0004282989472543712
4.144964363387436e-07,0.00040573122247213
4.14498089604651e-07,0.0003343233121138721
4.144998222366399e-07,0.0002383825881190614
4.145016653426936e-07,0.0001395677678953512
4.145035747396636e-07,6.135328700345593e-05
4.14505568803547e-07,1.922116385541793e-05
4.145078032940778e-07,4.853396468568383e-06
4.145100886069213e-07,1.98751946222461e-06
4.145122089383057e-07,1.483795327342861e-06
4.145144933705622e-07,1.321335802766237e-06
4.145173122415342e-07,1.215990468519265e-06
4.145213511226154e-07,1.100206986042953e-06
4.145275789999833e-07,9.513259437929691e-07
4.145368147852112e-07,7.754126018241593e-07
4.145527461445533e-07,5.58401681901822e-07
4.145846088632377e-07,3.128053658922993e-07
4.146298557581762e-07,1.64692926780109e-07
4.146907457187447e-07,9.438739428082357e-08
4.147652530294597e-07,6.440022268597091e-08
4.148576878942429e-07,4.840998612543278e-08
4.149800524067265e-07,3.752381009333245e-08
4.151599696679354e-07,2.902032684847363e-08
4.154597186566248e-07,2.197830058613564e-08
4.158717382032498e-07,1.735068545994252e-08
4.164626547910081e-07,1.399409669043257e-08
4.172721966598684e-07,1.154726934115898e-08
4.184531284036304e-07,9.569178503989861e-09
4.200000000000001e-07,8.070334011679187e-09
4.200500000000001e-07,3.386716576388824e-07
4.200634409687626e-07,1.825644564140214e-06
4.200701614531439e-07,3.620748972808683e-06
4.200836024219064e-07,1.106721502152243e-05
4.200900012567137e-07,1.581939665066324e-05
4.200967848979787e-07,1.919688485933314e-05
4.201025971054869e-07,1.99057896410699e-05
4.201095768807515e-07,1.821911324667859e-05
4.2011507589807e-07,1.58059742643787e-05
4.201197549707331e-07,1.478192968509553e-05
4.201232421698379e-07,1.701286849785661e-05
4.201249857693902e-07,2.031713473191526e-05
4.201282643383557e-07,3.384438888176283e-05
4.201319377611719e-07,6.213296485280421e-05
4.201375019590526e-07,0.0001156901133632413
4.201433836225164e-07,0.0001531073709819051
4.201481176078264e-07,0.0001584290923018946
4.201533267035022e-07,0.0001451803451611566
4.201572612127328e-07,0.0001400431338783868
4.201594727063685e-07,0.0001456032018978084
4.201614090312968e-07,0.0001546234487327264
4.201634393809127e-07,0.0001642487955133098
4.20165607928166e-07,0.0001715283097394164
4.201680890206099e-07,0.0001895665910750926
4.201703463008758e-07,0.0002049892582422449
4.201721049192084e-07,0.0002275448749809485
4.201735823781284e-07,0.000272327750366602
4.20174973590942e-07,0.0003185556946267683
4.201764158576778e-07,0.0003495561135481772
4.201780257451609e-07,0.0003564717143118201
4.201795927409951e-07,0.0003540289580023292
4.201809785821748e-07,0.0003425910455219095
4.201819914575523e-07,0.0003320333438694872
4.201830275799001e-07,0.000322679309632809
4.201843689141624e-07,0.0003105593943334341
4.20185454162127e-07,0.0003000110207755627
4.201865787966708e-07,0.0002880637805115321
4.201877177355182e-07,0.0002740374824673304
4.201890665375704e-07,0.0002565504679286173
4.201900191264474e-07,0.0002439398835504468
4.201917080344989e-07,0.0002224677986749078
4.201930782614389e-07,0.0002081281500030484
4.201943336921929e-07,0.0001984397840801982
4.201957601765672e-07,0.0001924828396134212
4.201976455632726e-07,0.0001925121092571379
4.201988227816363e-07,0.0001957915240261319
4.202e-07,0.0001992624443225665
4.202005298441742e-07,0.0002000001916941049
4.202015895325225e-07,0.0002002181991272373
4.202026177609799e-07,0.0001977009113612032
4.202042212373931e-07,0.0001888258984510821
4.202060051424035e-07,0.0001903635602890645
4.202075065213083e-07,0.0002012030171644187
4.202088539307088e-07,0.0002063109916890055
4.20209969242322e-07,0.0002076691134007572
4.202113615263556e-07,0.0002057038222443999
4.202126454890282e-07,0.000202304530806136
4.202137895510178e-07,0.0001993292919488162
4.202152516273882e-07,0.0001958054944417285
4.20218175780129e-07,0.0001897919186242754
4.202229020009985e-07,0.00018189717536079
4.202275537013635e-07,0.0001776580738065054
4.202305091595778e-07,0.0001816841874599121
4.202337026111342e-07,0.0001827126508817721
4.202361907100527e-07,0.0001754032989007499
4.20237219863904e-07,0.0001750801756937663
4.202381771509279e-07,0.000181535375598398
4.202390295232924e-07,0.0001912868400772887
4.202399419824267e-07,0.000196796484337175
4.202407345310614e-07,0.0001915916238691442
4.20242012316175e-07,0.0001611744340721215
4.202430227130989e-07,0.0001257567861555521
4.202438159837443e-07,0.0001014817443758002
4.202444429787393e-07,8.89893457131787e-05
4.202452835680219e-07,7.916151132803885e-05
4.202461722252086e-07,7.222544347287148e-05
4.202468862806735e-07,6.79664734880299e-05
4.202477213757717e-07,6.391768599834089e-05
4.202491033778767e-07,5.85383785135622e-05
4.202508803458384e-07,5.304246464799055e-05
4.202529045619702e-07,4.80233544854578e-05
4.202553759199402e-07,4.316582683966622e-05
4.20258769767911e-07,3.814070791004849e-05
4.20263066332381e-07,3.365986253459638e-05
4.202681593264951e-07,3.003825652186269e-05
4.202746693644649e-07,2.661887977748769e-05
4.202802205797778e-07,2.396569935211999e-05
4.202862762336286e-07,2.058053528213313e-05
4.202907220395853e-07,1.773507148772171e-05
4.202957045827207e-07,1.444899645600408e-05
4.203004478716645e-07,1.14884435483545e-05
4.203054976546863e-07,9.389042703915949e-06
4.203091895524478e-07,8.526456483715417e-06
4.203136182214473e-07,8.060718583491961e-06
4.203195327539058e-07,8.003446900594752e-06
4.203283650945265e-07,8.323796496916036e-06
4.203374683015914e-07,8.476618863597798e-06
4.203477992858932e-07,8.135181517023061e-06
4.203585331197025e-07,7.333734233440604e-06
4.203706797033536e-07,8.181699527402133e-06
4.203836887275509e-07,2.650390686990804e-05
4.203942824475894e-07,5.12870905411522e-05
4.204026570881292e-07,5.777248304936699e-05
4.204081365728913e-07,6.68081366478615e-05
4.204116232599222e-07,9.604684811107306e-05
4.204148542468375e-07,0.0001486564075967005
4.20418191609688e-07,0.0002139556203001035
4.204214856315263e-07,0.0002661836442236931
4.204247842341872e-07,0.0003109325464387509
4.204270938845939e-07,0.0003876199499661386
4.204285814459338e-07,0.0004900658890245576
4.20430126359725e-07,0.0006073459123710194
4.204315001509957e-07,0.0006868751709490319
4.204325159130835e-07,0.0007596026354931675
4.204336310146933e-07,0.0008326255524792777
4.204344949973259e-07,0.0008509976433124124
4.204353485279358e-07,0.0008335525883926639
4.204360552917557e-07,0.0008026144885167696
4.204369848243326e-07,0.0007451965335175444
4.204375781274609e-07,0.0007037687331101322
4.204382222680338e-07,0.0006591751560914404
4.204388628356724e-07,0.0006186737256427988
4.204395671277159e-07,0.0005812069712168171
4.204402903288295e-07,0.0005485444888776967
4.20441150970903e-07,0.0005104364521313346
4.20442084578783e-07,0.0004607367169675079
4.20443124928362e-07,0.0003917331824020735
4.204442154066926e-07,0.0003116185816753314
4.204454540355124e-07,0.0002301515857769917
4.204466527320677e-07,0.0001743359049117414
4.204475141509094e-07,0.0001422934581601037
4.204483325668052e-07,0.000114174525536314
4.20448897576018e-07,0.0001022188727127753
4.204495143336845e-07,9.812003070001029e-05
4.204501085583955e-07,9.611308027601279e-05
4.204510425505388e-07,9.121051473232083e-05
4.204518340752717e-07,8.50346288517501e-05
4.204527596106587e-07,7.670994627144042e-05
4.204538132919888e-07,6.694118389093316e-05
4.204551578131293e-07,5.563822649759547e-05
4.204568213112339e-07,4.772862312766321e-05
4.204585959738663e-07,4.940388320636868e-05
4.204601273263207e-07,5.126533997501622e-05
4.204614770675951e-07,4.828696002764982e-05
4.204632132493518e-07,4.248287117257258e-05
4.204646142605406e-07,5.318629625194579e-05
4.204660468336992e-07,7.212287465086585e-05
4.204671417219829e-07,7.640415392959254e-05
4.204683876008513e-07,6.905011081560852e-05
4.204696665161684e-07,6.728881493430746e-05
4.204707256947922e-07,8.540682910231003e-05
4.20471840743069e-07,0.0001031504063330422
4.204727624173815e-07,0.0001035798178302551
4.204737388834784e-07,9.243853058735928e-05
4.204747504113461e-07,8.365117533061904e-05
4.204757074579339e-07,0.0001011167381938604
4.204769024778334e-07,0.0001397625580577373
4.204779335278334e-07,0.0001572550352713637
4.204790653936462e-07,0.0001545928631360979
4.20480357763897e-07,0.0001355945363907537
4.204816163739499e-07,0.000143035112863273
4.204827912680775e-07,0.0002005918539267666
4.204845171474514e-07,0.0003071061225641799
4.204861485937785e-07,0.0003553985596735351
4.204874266701425e-07,0.0003538700643547928
4.204893251283496e-07,0.0003170649577653307
4.204908495350161e-07,0.0002755237897621868
4.204925429900789e-07,0.0002286721552848696
4.2049452521872e-07,0.0001777583671004114
4.20497413711116e-07,0.0001145349951433508
4.205014406101477e-07,5.081151473605408e-05
4.205063710249477e-07,1.303767786974231e-05
4.205129353194209e-07,1.586504741336418e-06
4.205183626350402e-07,5.679988129394482e-07
4.205230813236756e-07,3.837034840288987e-07
4.205281308762188e-07,2.927269098799421e-07
4.20535193256648e-07,2.156244274203719e-07
4.205458290320297e-07,1.48591465696762e-07
4.205621486212996e-07,9.883331574044235e-08
4.205909657447356e-07,6.424773715130189e-08
4.206257356690827e-07,4.723085705208862e-08
4.206723470097468e-07,3.566707249477156e-08
4.207366582253231e-07,2.70918786938248e-08
4.208308839027881e-07,2.038593819135097e-08
4.209670537130279e-07,1.541593755876758e-08
4.211791990027939e-07,1.16479200015847e-08
4.214718103441185e-07,9.170016304750234e-09
4.218856615432228e-07,7.447497898522948e-09
4.224708375843112e-07,6.217616417525514e-09
4.23312154163088e-07,5.295772484777077e-09
4.245164879339918e-07,4.581033932588143e-09
4.262382485223664e-07,4.003925119375853e-09
4.281191242611832e-07,3.615965904391299e-09
4.3e-07,3.348291274059339e-09
4.3005e-07,8.289527885672343e-08
4.300634409687626e-07,5.497373261197001e-07
4.300903229062876e-07,7.526175962617307e-06
4.300970223639153e-07,1.102444909014916e-05
4.301025561424598e-07,1.297869091049556e-05
4.30108530331536e-07,1.314616634471494e-05
4.301134760391784e-07,1.19144344374562e-05
4.301162450937594e-07,1.080563299547412e-05
4.301171846060019e-07,1.041650479109132e-05
4.301181837915704e-07,1.000868980358065e-05
4.301189994477588e-07,9.918254694402862e-06
4.301206307601355e-07,1.682553179329173e-05
4.301217198688698e-07,3.437571361020854e-05
4.301230654393144e-07,6.011823798842763e-05
4.301241271695516e-07,7.355622084677006e-05
4.301251861316555e-07,7.682332622927828e-05
4.301262450937594e-07,7.943096667281316e-05
4.301265564875969e-07,8.107996106494457e-05
4.30127025956124e-07,8.873880290279568e-05
4.301274538839107e-07,9.768554046814854e-05
4.30128096843968e-07,0.0001080651630170859
4.301289441358351e-07,0.0001098402089838324
4.301297943624443e-07,9.987621902725926e-05
4.301306709193183e-07,8.670855741142394e-05
4.301315328972795e-07,8.631553776161419e-05
4.301325203928422e-07,0.00010177218693048
4.30133513160752e-07,0.0001117593794628218
4.301346513153174e-07,0.0001085265029780382
4.301357687955377e-07,9.503859999644526e-05
4.30136935567802e-07,7.938603466773938e-05
4.301381251861569e-07,7.855428287920944e-05
4.301393623963927e-07,9.17535062388811e-05
4.301404490569671e-07,9.75552234071196e-05
4.301415477165292e-07,9.1830178497029e-05
4.30142863279378e-07,7.489469262739209e-05
4.301440096724831e-07,6.235274908902008e-05
4.301449771404734e-07,5.489895696277604e-05
4.301457610374447e-07,4.498639132043648e-05
4.301464364046616e-07,3.314304122039499e-05
4.301471877711713e-07,1.956075046830463e-05
4.301477512078063e-07,1.143422188830067e-05
4.301484276220002e-07,5.890118458946683e-06
4.301492588132811e-07,2.839955846502546e-06
4.301500468434376e-07,1.524837119311495e-06
4.301508022274853e-07,8.896519700746197e-07
4.301516989454776e-07,5.149331434798719e-07
4.301530143181647e-07,2.81437474402487e-07
4.301548420056586e-07,1.638133657313168e-07
4.301570476318986e-07,1.049530737200951e-07
4.30159877747184e-07,6.450941759823184e-08
4.301638172255743e-07,3.407129977652595e-08
4.301701450328354e-07,1.415167929784741e-08
4.301800740862904e-07,6.93610997495693e-09
4.301900370431452e-07,5.816166381581509e-09
4.302e-07,5.549141457661164e-09
4.302051519492046e-07,3.73112135401578e-09
4.302113284507202e-07,3.696571260367188e-09
4.302171769867385e-07,3.685273159565446e-09
4.302288740587749e-07,3.683936130308613e-09
4.302473683869665e-07,3.679278827377577e-09
4.302795907495977e-07,3.675619142453848e-09
4.303434360684505e-07,3.665013801686368e-09
4.304609930702938e-07,3.6494662888971e-09
4.306882858745213e-07,3.616546604102344e-09
4.311281873322746e-07,3.559436028743672e-09
4.319685335346328e-07,3.456010209126175e-09
4.329842667673164e-07,3.346549687410991e-09
4.34e-07,3.249800460744124e-09
4.340307638775877e-07,7.577022536243108e-09
4.340696568626311e-07,1.561245393070495e-06
4.340891033551528e-07,7.107795147397323e-06
4.340979353616906e-07,1.012580917403751e-05
4.341078889259e-07,1.297768590056527e-05
4.341167770648344e-07,4.229540938421068e-05
4.341240482728238e-07,8.232465456046373e-05
4.34129269923415e-07,9.121141901806415e-05
4.341338758253594e-07,0.000103791480137501
4.341374045217762e-07,0.0001393664841065061
4.341399634579771e-07,0.0001815545222918689
4.341427261811831e-07,0.0002311219507207919
4.34145407908328e-07,0.0002721078249744647
4.34148762766997e-07,0.0003037538921661667
4.341516651522833e-07,0.0003229329340247892
4.341532506752529e-07,0.0003436061805815386
4.341549028962932e-07,0.0003727076584532916
4.341562870738268e-07,0.0003918855333958964
4.341575597225513e-07,0.0003973181829535767
4.341591197938259e-07,0.0003834652708504631
4.341600115475529e-07,0.0003668520396366767
4.341607238385502e-07,0.0003519856870424861
4.341614909974545e-07,0.0003364937498686632
4.34162396293826e-07,0.0003200770383520391
4.341639765098501e-07,0.0002942780917559974
4.341651954952857e-07,0.0002747500463009806
4.341663690954043e-07,0.0002552781959785029
4.34167589657334e-07,0.0002341713407400957
4.341693108474839e-07,0.0002029162992892689
4.341713982751132e-07,0.0001646321381437215
4.341729521543222e-07,0.0001396779638324978
4.341744963832226e-07,0.0001201198699753477
4.341770046891775e-07,9.805122499952629e-05
4.341792853622014e-07,8.36031514890521e-05
4.341820620260141e-07,7.161021402914593e-05
4.341841938756485e-07,6.535662779013539e-05
4.341866952706102e-07,5.966829769072367e-05
4.341894879680559e-07,5.447789648948759e-05
4.34192942319643e-07,5.292908483659065e-05
4.341966610790368e-07,7.254503921258579e-05
4.341983305395184e-07,9.009165438211295e-05
4.342e-07,0.0001050522022135986
4.342007360962062e-07,0.0001076692934154285
4.342022082886186e-07,0.0001076859496018669
4.342035636912209e-07,0.0001036477655182359
4.342045273399481e-07,0.0001050677189829833
4.342053993578278e-07,0.0001118391636149218
4.342065088911246e-07,0.0001203083209657889
4.342073352620251e-07,0.0001186941594175479
4.342083883904064e-07,0.0001033221267307342
4.342093887651899e-07,7.786728103484271e-05
4.34210330342344e-07,5.298479454372652e-05
4.342110690755994e-07,3.752253268153285e-05
4.342119171433887e-07,2.691446926653266e-05
4.342131023797796e-07,2.085732896764331e-05
4.342142500234553e-07,1.85010760301968e-05
4.342152640134277e-07,1.711802997013531e-05
4.342163457550974e-07,1.593617382145407e-05
4.342178193109449e-07,1.468011857962808e-05
4.342197948718069e-07,1.351176660675736e-05
4.342229756076573e-07,1.243696008462158e-05
4.34227667010362e-07,1.163099993168013e-05
4.342321414592584e-07,1.110654375689035e-05
4.342371895773228e-07,1.058337720886136e-05
4.342431072106644e-07,1.000787032997186e-05
4.342516136190164e-07,9.232412701546585e-06
4.342644937815601e-07,8.389816265373445e-06
4.34280598189275e-07,9.029449141806432e-06
4.343036274209142e-07,1.349308444794519e-05
4.343199517320421e-07,1.570581754244372e-05
4.343257068763737e-07,1.492089545179821e-05
4.343317241149281e-07,1.284232447708354e-05
4.343384784529093e-07,9.624100671403266e-06
4.343433837006072e-07,8.373206849879301e-06
4.343470034883563e-07,8.393616273461893e-06
4.343517748003796e-07,9.3400140666084e-06
4.343573114424159e-07,1.075754919108831e-05
4.343653753822477e-07,1.221418906739756e-05
4.343731458865882e-07,1.240168758280643e-05
4.343806688151094e-07,1.164830313296279e-05
4.343880389862024e-07,1.414527433594497e-05
4.343959780955509e-07,3.572746990472049e-05
4.344032384371806e-07,5.938715475089455e-05
4.34409711078752e-07,6.767072754251866e-05
4.344185980021827e-07,0.0001053316339204385
4.34424897140011e-07,0.0002694018318180143
4.344296129224223e-07,0.0003962106882265098
4.344331329457679e-07,0.0004009034854266677
4.344347805091831e-07,0.0003996121123743545
4.344361380225517e-07,0.0004137459188912491
4.344378204972497e-07,0.0004527134746276165
4.344392133339307e-07,0.0004918862882934655
4.344406951967221e-07,0.0005438650324643918
4.344419459722454e-07,0.0006332179613280859
4.344429307549065e-07,0.000702826059993454
4.344438560378281e-07,0.0007220267399941573
4.344447116011451e-07,0.0007015617608994374
4.34445609342644e-07,0.0006562563693111981
4.344465198441769e-07,0.0005871400943266304
4.344472837500849e-07,0.0005226973626190112
4.344479175532575e-07,0.000471338816825416
4.344488639863794e-07,0.0004062079394010128
4.344497054969495e-07,0.0003628974543953251
4.344504336113902e-07,0.0003324299214730946
4.344511872519396e-07,0.0003039351225464307
4.344517418851057e-07,0.0002875615117586742
4.344523088679175e-07,0.0002777561494950015
4.344529059799825e-07,0.0002730284544887198
4.344537527120911e-07,0.0002684233368819835
4.34454681593874e-07,0.0002606344830072851
4.344556104899332e-07,0.0002487700766232837
4.344566005952785e-07,0.0002340254611766687
4.344577631762298e-07,0.0002244294946465276
4.344591984519298e-07,0.0002374683941036217
4.344602090623387e-07,0.0002518182603741113
4.34461245415201e-07,0.0002554326222401725
4.344620267256817e-07,0.0002492599748807844
4.344628346399888e-07,0.0002392642945106457
4.344636094390957e-07,0.0002300035105552533
4.344646331821871e-07,0.000215183651182234
4.344660313226346e-07,0.0001862748858304161
4.344671965039185e-07,0.0001606436577741511
4.344682909439189e-07,0.0001404892630489265
4.344693976581639e-07,0.0001221777987090381
4.344709487406425e-07,9.472614193383815e-05
4.344723643645234e-07,7.598402242274995e-05
4.344737193524725e-07,7.605752044771267e-05
4.344750997724339e-07,8.099633503497641e-05
4.344762964546885e-07,7.794411573780942e-05
4.344773816308469e-07,7.010867399445567e-05
4.344787115671552e-07,6.508576681003831e-05
4.34479865947727e-07,8.089456895547936e-05
4.344811343500745e-07,0.0001089503294337294
4.344821419566667e-07,0.000118502337428764
4.344834664121027e-07,0.0001077138387429135
4.344846332087203e-07,9.979105801559676e-05
4.344856752530153e-07,0.0001154750077741775
4.344868955692383e-07,0.0001333179599136941
4.344879134484984e-07,0.0001346763564821976
4.344888546404644e-07,0.0001267371684019879
4.344900942096e-07,0.0001113254011966283
4.344911069873772e-07,0.0001058760194269826
4.344922376030217e-07,0.0001250813132481682
4.344936945315065e-07,0.0002036401756532618
4.344954794364385e-07,0.0003240589050331258
4.344973408922236e-07,0.0003946252679637708
4.344991892819265e-07,0.0003975159369672339
4.345014182368634e-07,0.000340336394832895
4.345035965576038e-07,0.0002530406787950327
4.345059588871784e-07,0.0001541322826460266
4.345083741338215e-07,7.106351394915637e-05
4.345108729940466e-07,2.282533818721597e-05
4.345136112844945e-07,5.743953331252727e-06
4.34515867805504e-07,2.532879973585133e-06
4.345185948142834e-07,1.621391335495837e-06
4.345212996507765e-07,1.397598965156617e-06
4.345248255119483e-07,1.265292651891572e-06
4.345293622264792e-07,1.140726088162737e-06
4.345365302981547e-07,9.742058563926942e-07
4.345462726986628e-07,7.895843573396103e-07
4.345622185901986e-07,5.654135380376744e-07
4.345941103732703e-07,3.021092703544948e-07
4.346444820527663e-07,1.325710347701989e-07
4.347116785678642e-07,6.662219982843793e-08
4.347909987818499e-07,4.539326340066049e-08
4.348902353245361e-07,3.545696901763973e-08
4.350247822447006e-07,2.866122346987093e-08
4.352315126496527e-07,2.308312632866628e-08
4.355620915026449e-07,1.855483667008454e-08
4.360234780130674e-07,1.533720816157175e-08
4.366761671641872e-07,1.286240902465715e-08
4.376005565004089e-07,1.085256834507299e-08
4.389314047233526e-07,9.136372171809307e-09
4.4e-07,8.221913136649016e-09
4.400315176124414e-07,2.330616463696126e-08
4.400710433000737e-07,3.925761880586483e-06
4.400871628875645e-07,1.366572702217458e-05
4.400938750710257e-07,1.796262656079519e-05
4.401014699852479e-07,1.990466903669599e-05
4.401090795489553e-07,1.840800453844961e-05
4.401148696421248e-07,1.588986788131891e-05
4.401197056710445e-07,1.477752716162852e-05
4.401232359641315e-07,1.701654057785864e-05
4.401250011106749e-07,2.037776707812535e-05
4.401283362019676e-07,3.43108443829724e-05
4.401319684330766e-07,6.247802667529383e-05
4.401375462180113e-07,0.0001161208119625475
4.401434318737119e-07,0.0001532797448953974
4.401481644144591e-07,0.0001583555233095092
4.401533804563063e-07,0.0001450092258639265
4.401572636565868e-07,0.0001400482990834406
4.40159469870283e-07,0.0001456125356666668
4.40161406767032e-07,0.0001546392596926378
4.401634342221162e-07,0.0001642509783700592
4.401656044866996e-07,0.0001715363473392823
4.401680850929658e-07,0.000189581183302704
4.401703424553928e-07,0.0002049972792696087
4.401721006262721e-07,0.000227563294801071
4.401735782161202e-07,0.0002723589628933049
4.401749692765424e-07,0.0003185784409703419
4.401764118347846e-07,0.0003495694985926382
4.401780217940673e-07,0.0003564728986221344
4.401795885179952e-07,0.0003540243701393232
4.40180974270131e-07,0.0003425828737755191
4.401819869384426e-07,0.0003320274249346869
4.401830233143062e-07,0.0003226718027029797
4.401843649753012e-07,0.0003105481991870077
4.401854500894071e-07,0.0003000005807152993
4.401865748797834e-07,0.0002880498214179031
4.401877133156456e-07,0.0002740288050887667
4.401890645508018e-07,0.0002565095174599632
4.401900174436854e-07,0.0002438947088383353
4.401917070960426e-07,0.000222419432175699
4.401930759620704e-07,0.0002081023707255754
4.401943329530549e-07,0.0001984130920928061
4.401957586304054e-07,0.0001924748587169439
4.401976466620154e-07,0.000192524603775044
4.401988233310077e-07,0.0001958098064670951
4.402e-07,0.0001992740537571445
4.402005299862391e-07,0.0002000068393247342
4.402015899587171e-07,0.0002002117212121521
4.402026179498641e-07,0.0001976799005824595
4.40204220432698e-07,0.000188800781724384
4.402060031016566e-07,0.0001903861147376787
4.402075039820621e-07,0.000201217942905659
4.402088505661336e-07,0.0002063156762826553
4.402099659154811e-07,0.0002076689429409806
4.402113591009628e-07,0.0002056975451832408
4.402126415459977e-07,0.0002023012752170429
4.402137859890763e-07,0.0001993252491163269
4.402152487218023e-07,0.0001958004033397042
4.402181741872542e-07,0.0001897853207349991
4.402229050998234e-07,0.0001818847603172773
4.402275551738548e-07,0.0001776615127317379
4.402305067066647e-07,0.0001816896131487913
4.402336984396018e-07,0.0001827111946208383
4.402361862489891e-07,0.0001754015787134239
4.402372149902736e-07,0.0001750817185775501
4.402381723300564e-07,0.0001815405511660019
4.402390247083222e-07,0.0001912921913315663
4.402399370390357e-07,0.0001967968041707793
4.402407296555545e-07,0.0001915863178986672
4.402420066283395e-07,0.0001611870224191346
4.402430170886781e-07,0.0001257679815538416
4.402438103383637e-07,0.0001014907364490256
4.402444373187832e-07,8.899515143938753e-05
4.402452777145897e-07,7.916700056577583e-05
4.402461667601444e-07,7.222688703839778e-05
4.402468807569377e-07,6.796801228594232e-05
4.402477158303681e-07,6.391909063043847e-05
4.402490972322904e-07,5.854162325295087e-05
4.402508741869937e-07,5.304512165781782e-05
4.402528981813067e-07,4.802601180722481e-05
4.402553693747707e-07,4.316821683912517e-05
4.402587624795328e-07,3.814340964616016e-05
4.402630588896333e-07,3.366187825592225e-05
4.402681512789773e-07,3.004005085705722e-05
4.402746605992291e-07,2.662069688135115e-05
4.402802133599048e-07,2.39668282516786e-05
4.402862703299283e-07,2.058115544186707e-05
4.402907163155862e-07,1.773562799445874e-05
4.402957009512702e-07,1.444820291713287e-05
4.403004438937562e-07,1.14880103164225e-05
4.403054932794792e-07,9.388975048485958e-06
4.403091853657822e-07,8.526447124388578e-06
4.403136135104267e-07,8.060833851587329e-06
4.403195286565708e-07,8.003601346997228e-06
4.403283610166079e-07,8.323971460636057e-06
4.403374644102217e-07,8.476758708633486e-06
4.403477954238295e-07,8.135267300387764e-06
4.403585294252838e-07,7.333780508872188e-06
4.403706763209308e-07,8.182509259392073e-06
4.403836852299374e-07,2.651039693176314e-05
4.403942813317262e-07,5.130814238418304e-05
4.404026582798402e-07,5.778433450683492e-05
4.404081182092259e-07,6.636046221602088e-05
4.404115979888015e-07,9.434841165140059e-05
4.404147962739628e-07,0.0001446400151232934
4.404181224564772e-07,0.0002084785221224481
4.404214043824356e-07,0.0002596316487071587
4.404236838342243e-07,0.0002854575043900832
4.404259883312592e-07,0.0003302357956663278
4.40428220444817e-07,0.0004527829122387943
4.404298280418734e-07,0.0005760336593332861
4.404312704615683e-07,0.0006634735589568927
4.40432305279223e-07,0.0007437732367282107
4.404334613214573e-07,0.0008385909872418515
4.404343519215425e-07,0.0008690592864898515
4.404351824609562e-07,0.000856422124869311
4.404358790322803e-07,0.0008263419164272307
4.404367900733355e-07,0.0007675361450040029
4.40437408824982e-07,0.0007196722973160339
4.404380830672667e-07,0.0006662824469373711
4.404387026692097e-07,0.0006204385924829977
4.404393852906261e-07,0.0005779025138653864
4.404401088734174e-07,0.0005416060629476889
4.40440958223823e-07,0.0005036725336729112
4.404418900652308e-07,0.0004563907609216862
4.404429163956527e-07,0.0003919363530775234
4.404440076435942e-07,0.0003150537102728675
4.404452298496807e-07,0.0002386688043249758
4.40446434193163e-07,0.000194643813960846
4.40447315169328e-07,0.0001722329512006981
4.404481282918523e-07,0.0001479253793407147
4.404486889170266e-07,0.0001392330537530145
4.404493210713453e-07,0.0001424225878830155
4.404499112653212e-07,0.0001467259765926057
4.404507578762267e-07,0.0001474155043118795
4.404515792276118e-07,0.0001422011773379039
4.404524824724939e-07,0.0001325355579165797
4.404535343506513e-07,0.0001189746537824485
4.404548109895737e-07,0.0001023371479387443
4.404564187532607e-07,8.870117651098233e-05
4.404581888741083e-07,9.194749440305882e-05
4.40459801593977e-07,9.883247010856558e-05
4.404611534794431e-07,9.563043906590251e-05
4.404629200472649e-07,8.329024114207473e-05
4.404643620736062e-07,9.912275032873446e-05
4.404658017154828e-07,0.0001387143149258547
4.404669144260323e-07,0.0001514822256191459
4.404681682615318e-07,0.0001396770524608826
4.404694878066823e-07,0.0001313785005717609
4.4047056625825e-07,0.0001648935929840668
4.404716547969005e-07,0.0001995989296473477
4.404724920238399e-07,0.0002007853909773291
4.404734634645198e-07,0.0001777860970827033
4.404743472779959e-07,0.0001588310497362466
4.4047521913824e-07,0.0001725870273591931
4.404760985236372e-07,0.000207778849939783
4.404769427136401e-07,0.000233203220754014
4.404779544544731e-07,0.0002375005142138609
4.404789509730873e-07,0.000223146450428431
4.404798872869496e-07,0.0002166547568354227
4.404808900819394e-07,0.0002307891135117171
4.404820134096844e-07,0.0002805440324811721
4.404830265057313e-07,0.0003465062246597104
4.404840992516946e-07,0.0004108392636544838
4.404854859630392e-07,0.0004512187851243943
4.404866203347123e-07,0.0004485189138867977
4.404879334772856e-07,0.0004187215555775152
4.404895647610224e-07,0.0003626137118295406
4.404910950078402e-07,0.0003048945415630798
4.404928662964863e-07,0.0002414679801029488
4.404950138081512e-07,0.0001743331984275747
4.404981336926544e-07,9.928037668872455e-05
4.405023497238198e-07,3.738435938644439e-05
4.405066414798605e-07,1.076903389439676e-05
4.405102620685246e-07,3.575806170683893e-06
4.405140209166991e-07,1.361611188572307e-06
4.405183488993739e-07,6.849777554691748e-07
4.405231300226868e-07,4.584678248594654e-07
4.405289368642246e-07,3.28608122379481e-07
4.405364492095219e-07,2.296214122305407e-07
4.405472137657201e-07,1.508724549043878e-07
4.405641122078192e-07,9.47128460647854e-08
4.40591672289832e-07,6.096944869153864e-08
4.406251840617293e-07,4.464472622126525e-08
4.406695408386483e-07,3.374108367507271e-08
4.407309094614475e-07,2.562191208934256e-08
4.408239343819937e-07,1.911270954592631e-08
4.409575619225099e-07,1.439110460017232e-08
4.411661500310047e-07,1.084530894810766e-08
4.414525059959095e-07,8.547012847190202e-09
4.418579985396095e-07,6.959736136255422e-09
4.424315081532034e-07,5.836616496318616e-09
4.432562430777574e-07,5.003207268780271e-09
4.44436374468237e-07,4.363469062637146e-09
4.461232595411261e-07,3.85013440341734e-09
4.480616297705631e-07,3.49063130824405e-09
4.5e-07,3.245285437568994e-09
4.5005e-07,8.279366460610977e-08
4.500634409737033e-07,5.496362427678194e-07
4.500903229211099e-07,7.52608218766373e-06
4.500970223819635e-07,1.10243609019848e-05
4.501025561642556e-07,1.297859432264647e-05
4.501085303533726e-07,1.314606257406135e-05
4.501134760424566e-07,1.19143324291242e-05
4.501162450936847e-07,1.080553223436672e-05
4.501171846054309e-07,1.046237281702784e-05
4.501181837901586e-07,1.010550459684137e-05
4.501189994460937e-07,1.010371478342448e-05
4.50120630757964e-07,2.024353057696348e-05
4.501217141903326e-07,4.71643597754429e-05
4.501230610978111e-07,9.145091236379122e-05
4.50124122130892e-07,0.0001187113691177143
4.501251836122884e-07,0.0001317978457748117
4.501262450936847e-07,0.0001388220296921736
4.501265567763516e-07,0.0001373321219776057
4.501270269086696e-07,0.0001419847399000173
4.501274553979101e-07,0.0001510485089777117
4.501280984731464e-07,0.0001687032861158429
4.501289468183608e-07,0.0001901799014259406
4.501297975503187e-07,0.0002003168590762158
4.501306743710941e-07,0.0001969079910586356
4.501315362531821e-07,0.0001929991166024217
4.501325249979052e-07,0.0001942630032705835
4.501335158451076e-07,0.0001946045957023592
4.501345542651288e-07,0.0001892542043657944
4.501356620063175e-07,0.0001704756963483255
4.501365235241225e-07,0.0001523175945834653
4.501374769414789e-07,0.0001382543389300569
4.501386291614461e-07,0.0001378736334176916
4.501395546043891e-07,0.0001427596534985545
4.501405772438412e-07,0.0001422456774143249
4.501418178565592e-07,0.0001322309997073421
4.501429529857876e-07,0.0001220641256599275
4.501441198788328e-07,0.000122308550343509
4.501450228752389e-07,0.0001261203059124767
4.501458080386488e-07,0.0001234625357405235
4.501464153410888e-07,0.000116206866991935
4.501471555595877e-07,0.0001037365063746926
4.501477124580905e-07,9.385053354451097e-05
4.501483841298447e-07,8.371726014439405e-05
4.501491830068248e-07,7.296318222121393e-05
4.501499943276776e-07,6.30199133253525e-05
4.501507368533637e-07,5.491518885834624e-05
4.501515530170383e-07,4.555428512722204e-05
4.501524230266551e-07,3.373036648206276e-05
4.501531315236791e-07,2.357603360084009e-05
4.501538748153542e-07,1.469149368549713e-05
4.501545630897797e-07,9.019987723956695e-06
4.501554693129879e-07,5.047048556009472e-06
4.5015660099304e-07,2.988728698723597e-06
4.501577665008123e-07,1.974781231046791e-06
4.501588218840075e-07,1.386135084407797e-06
4.5016001472122e-07,9.271070658968078e-07
4.501615897990676e-07,5.407528337379313e-07
4.501640101283044e-07,2.336366785063107e-07
4.501676924544466e-07,6.689809918897293e-08
4.501722871250557e-07,1.859211472727063e-08
4.501776652939864e-07,8.537264068615603e-09
4.501842335724437e-07,6.4467182418719e-09
4.50192969124924e-07,5.888244933104552e-09
4.502e-07,5.726604985215636e-09
4.502043279514259e-07,3.92742605092901e-09
4.502095436610504e-07,3.87447961802521e-09
4.502144350890971e-07,3.862201504150911e-09
4.502242179451905e-07,3.861215485735515e-09
4.502395768057602e-07,3.857119220862929e-09
4.502671639387914e-07,3.852828334803923e-09
4.503223382048538e-07,3.845830597635665e-09
4.504298167779302e-07,3.829012411314781e-09
4.506447739240829e-07,3.798449443216891e-09
4.510746882163884e-07,3.74002880025817e-09
4.519345168009994e-07,3.632759019638367e-09
4.529672584004997e-07,3.518366736682645e-09
4.54e-07,3.416995181401464e-09
4.540310084081069e-07,7.923644636093554e-09
4.540701072326136e-07,1.631443964712902e-06
4.540863438285369e-07,6.10639311800317e-06
4.540946129247308e-07,9.244943508666618e-06
4.541046330059319e-07,1.14612575093229e-05
4.541126781149866e-07,2.255443952704643e-05
4.541177894291505e-07,4.880077663570274e-05
4.54123745208245e-07,8.216515419265372e-05
4.541283190249487e-07,9.084635895872874e-05
4.54132539537352e-07,9.760647197048545e-05
4.54135766053598e-07,0.0001181249115475353
4.541382976441923e-07,0.0001517196806134283
4.541414533309781e-07,0.0002072392062064577
4.541439213848817e-07,0.0002499281688168098
4.541468433820281e-07,0.000288629492728588
4.541498875622013e-07,0.0003109447742819078
4.541518545298685e-07,0.0003253299986321211
4.541540479809946e-07,0.0003573799215934734
4.541555924954281e-07,0.0003840829559197941
4.541569200169674e-07,0.0003981700413631091
4.541583949626671e-07,0.0003963401581965656
4.541600376397136e-07,0.0003718781533430486
4.541608238838177e-07,0.0003556260846891276
4.541617361702955e-07,0.0003374064282477281
4.541625712464913e-07,0.0003225664881305119
4.541641569127125e-07,0.0002970922701050096
4.541653482943584e-07,0.0002782678974170367
4.541665269528636e-07,0.0002589322408851903
4.541677481910672e-07,0.0002379810516018853
4.541695066495732e-07,0.0002061080866858713
4.541715583935601e-07,0.0001681414424880379
4.54173120450287e-07,0.0001424739958489118
4.541746697227213e-07,0.000122213271650205
4.541772470094423e-07,9.878650452956143e-05
4.541795431459135e-07,8.396838690088597e-05
4.541822809130415e-07,7.214436292789734e-05
4.541844350320187e-07,6.590039814571826e-05
4.541868577335178e-07,6.048646091807322e-05
4.541897144754322e-07,5.512767557421276e-05
4.541931548373427e-07,5.222234435352465e-05
4.541969101360826e-07,6.769675861382501e-05
4.542e-07,9.847287167488549e-05
4.542007504284095e-07,0.0001035419477467693
4.542022512852283e-07,0.0001084882317979635
4.542039516521788e-07,0.0001044563919894632
4.542052262803268e-07,0.0001047408456340726
4.542061949260191e-07,0.0001121213741460524
4.542070321643966e-07,0.0001192312438655942
4.542078815501182e-07,0.0001199335510919173
4.542087851509072e-07,0.0001101667633240099
4.542097634225621e-07,8.827414906399696e-05
4.542107530743205e-07,6.132804631759141e-05
4.542115387264796e-07,4.278761129825129e-05
4.542123012314361e-07,3.059135471749465e-05
4.542133122963619e-07,2.27984904723127e-05
4.54214237368985e-07,1.986326817112149e-05
4.542152559359973e-07,1.80665372564163e-05
4.54216252549629e-07,1.678159341424772e-05
4.542174754309977e-07,1.552070433121339e-05
4.542190178663935e-07,1.431339078373273e-05
4.542213005539252e-07,1.313177183941972e-05
4.542247262126026e-07,1.216634768497913e-05
4.542292605907561e-07,1.147186105881778e-05
4.542337975526761e-07,1.095613967590001e-05
4.542389755359824e-07,1.042616264486073e-05
4.542452884684517e-07,9.817901279303398e-06
4.542544167407089e-07,9.01025426727108e-06
4.542687170204206e-07,8.313794481282581e-06
4.542865377165025e-07,9.926684803803339e-06
4.543069054788719e-07,1.412269703150212e-05
4.543161578757512e-07,1.555362915593402e-05
4.543209845493799e-07,1.574642482540947e-05
4.54327146118546e-07,1.463631157071756e-05
4.543320189381096e-07,1.282092981587334e-05
4.543362049609741e-07,1.077523082264016e-05
4.543394249432044e-07,9.320650777586097e-06
4.543428494405238e-07,8.456452149221484e-06
4.543465852077617e-07,8.341789486429016e-06
4.543501281999038e-07,8.911191144041294e-06
4.543553699278133e-07,1.024208005985276e-05
4.543633643114082e-07,1.194183054046812e-05
4.543710276230178e-07,1.247222217501907e-05
4.543783620940121e-07,1.194048337203046e-05
4.543865008504923e-07,1.25616683306267e-05
4.543941649198789e-07,2.887499660962774e-05
4.544015570990333e-07,5.482213390793643e-05
4.544079075051466e-07,6.654041627160175e-05
4.544163331977456e-07,8.086789957125056e-05
4.544231478872242e-07,0.0001993493554536515
4.544266934525235e-07,0.0003117611695047029
4.544303888137117e-07,0.0003795495178846152
4.544338665287423e-07,0.0003795975462575146
4.544355778038153e-07,0.000397935715270087
4.544369826342806e-07,0.0004351978357164935
4.544384575714221e-07,0.0004863550004561009
4.544400664005938e-07,0.0005409748583351479
4.544414761089654e-07,0.0006241815819160825
4.544425763353841e-07,0.0007162560972207475
4.544435028377338e-07,0.0007605708249082961
4.544446482821331e-07,0.0007592959427377999
4.544455983742505e-07,0.0007272617713312869
4.544465125345792e-07,0.0006681397716156798
4.544472813168415e-07,0.0006076149621488679
4.54447919198914e-07,0.0005570291126389909
4.544488614485055e-07,0.0004939676716047586
4.544496932320084e-07,0.0004550433649254477
4.544504190915451e-07,0.0004243743361685312
4.544511793957091e-07,0.000390065143779936
4.544517319195681e-07,0.0003712004919891912
4.544522965773627e-07,0.0003645478658813502
4.54452899324993e-07,0.0003681641617829309
4.544537673423929e-07,0.0003778432401289096
4.544547032076431e-07,0.000381928685981436
4.544556348069628e-07,0.0003747076748828317
4.544566311856109e-07,0.0003572869718050909
4.544578086956451e-07,0.0003399124863331084
4.544591616765558e-07,0.0003543285690124344
4.54460159032352e-07,0.0003909308072349535
4.544611221270464e-07,0.0004176499257705336
4.544620230785216e-07,0.0004151818307647894
4.544628200895346e-07,0.0003934778728084948
4.54463605300844e-07,0.0003644550923797707
4.544642541685808e-07,0.0003394636594930041
4.544650351551127e-07,0.0003078780656209398
4.544660515294419e-07,0.0002628517942595242
4.544668899063384e-07,0.0002292167620548519
4.544677708608957e-07,0.0002043954279848729
4.544687362415182e-07,0.0001850834918587651
4.544697795212389e-07,0.0001652554588418355
4.544707410038977e-07,0.0001451941782099019
4.544719065803469e-07,0.0001253702716018637
4.544731581852332e-07,0.0001261540632569873
4.544745045375916e-07,0.0001428979457040047
4.544756700021578e-07,0.0001475328510972938
4.544768076889741e-07,0.0001376902752912766
4.544780008168115e-07,0.0001226381144453306
4.544792088049969e-07,0.0001320264864701498
4.544804240453971e-07,0.0001818447675265291
4.544814557825542e-07,0.0002179017676975581
4.544823705918724e-07,0.0002209278273057804
4.544837011078234e-07,0.0001887879500414487
4.544846529216772e-07,0.0001813780348107442
4.544856466968908e-07,0.0001971395627598465
4.544865257371392e-07,0.0002074184675217021
4.544873101994686e-07,0.0002060977974385666
4.544881560678528e-07,0.00019496847553888
4.544891051083433e-07,0.0001782284611002773
4.544899931954748e-07,0.0001715934156619465
4.544910062796007e-07,0.0001889760665389897
4.544921332969083e-07,0.0002396195088886177
4.544934939407851e-07,0.0003344869218109354
4.544948503262332e-07,0.0004314970544839906
4.544966061131535e-07,0.0004996852113137986
4.544982658911019e-07,0.0004932102499070866
4.54500040817032e-07,0.0004332082889533654
4.54501853125705e-07,0.0003430300176593154
4.545037598644226e-07,0.0002439501451529614
4.545057669991303e-07,0.0001531330387417257
4.545081961259428e-07,6.938362660667957e-05
4.545104018822308e-07,2.6018280017433e-05
4.54512550834138e-07,9.166873384523866e-06
4.545150182511585e-07,3.577488742299364e-06
4.545176964485526e-07,2.244958664911313e-06
4.545204141755128e-07,1.911532217165214e-06
4.545236441553421e-07,1.738804157699617e-06
4.545278862353044e-07,1.575835443782396e-06
4.545342529441761e-07,1.368796874023055e-06
4.545431962923412e-07,1.127699339852433e-06
4.545570573041913e-07,8.416619007080042e-07
4.545836692403621e-07,4.925630290689919e-07
4.546315051859279e-07,2.112934146868686e-07
4.546942539074451e-07,9.774064654801004e-08
4.54770665560869e-07,6.037986960010051e-08
4.548634525807606e-07,4.514535791881679e-08
4.549877595154289e-07,3.552177166575981e-08
4.551715054554508e-07,2.800802044491028e-08
4.55476717259179e-07,2.175238071747243e-08
4.558973859123691e-07,1.75075383126573e-08
4.564900625761272e-07,1.437242829633833e-08
4.573225159570888e-07,1.194047562584193e-08
4.585248578875594e-07,9.928917590063304e-09
4.6e-07,8.440792689674431e-09
4.6005e-07,3.390563330013999e-07
4.600634409737033e-07,1.826013655724491e-06
4.60070161460555e-07,3.62111919363597e-06
4.600836024342582e-07,1.106759119186441e-05
4.600900012652436e-07,1.581976770742264e-05
4.600967849055701e-07,1.919725348751397e-05
4.601025971169188e-07,1.990615517018942e-05
4.601095768875809e-07,1.821947642415817e-05
4.601150759066266e-07,1.580633635112377e-05
4.601197549782426e-07,1.478229607504614e-05
4.601232421787092e-07,1.701324527396516e-05
4.601249857789425e-07,2.031752352744986e-05
4.601282643470678e-07,3.384480409062844e-05
4.601319377775975e-07,6.213348054222653e-05
4.601375019753148e-07,0.0001156906235063807
4.601433836464564e-07,0.0001531078251697226
4.601481176327934e-07,0.0001584294366704292
4.601533267337619e-07,0.0001451806320183655
4.601572612178682e-07,0.0001400435011666067
4.601594727100524e-07,0.0001456035720723262
4.601614090360564e-07,0.0001546238274592494
4.601634393850428e-07,0.0001642491685611491
4.60165607934589e-07,0.0001715286883960105
4.601680890271567e-07,0.0001895669985722978
4.601703463083372e-07,0.0002049896473350483
4.601721049258022e-07,0.000227545340549039
4.601735823858555e-07,0.000272328303521389
4.601749735986755e-07,0.0003185562211859905
4.601764158675997e-07,0.0003495565696543107
4.601780257561924e-07,0.0003564720832540528
4.601795927506947e-07,0.0003540292809549545
4.601809785917032e-07,0.0003425913330873254
4.601819914657877e-07,0.0003320336471070492
4.601830275908824e-07,0.0003226795958501646
4.601843689290546e-07,0.0003105596368230019
4.601854541761028e-07,0.0003000112652687326
4.60186578812844e-07,0.0002880639772290616
4.60187717745734e-07,0.0002740377401711164
4.601890665798906e-07,0.0002565502992888327
4.601900191732055e-07,0.0002439396532582962
4.601917080916642e-07,0.0002224675198249509
4.601930783007291e-07,0.0002081281698419716
4.601943337530497e-07,0.0001984397864488941
4.601957602270563e-07,0.0001924830924410457
4.601976456506709e-07,0.0001925126408894818
4.601988228253355e-07,0.0001957920192432318
4.602000000000001e-07,0.000199262800993858
4.602005298431789e-07,0.0002000005499680586
4.602015895295365e-07,0.0002002185671905477
4.602026177490228e-07,0.0001977013279452736
4.602042212219107e-07,0.0001888263645428113
4.60206005129635e-07,0.0001903638717991024
4.602075065095982e-07,0.0002012033053876991
4.602088539244308e-07,0.0002063113425126056
4.602099692352547e-07,0.0002076694925111278
4.602113615169431e-07,0.0002057042289064704
4.602126454875128e-07,0.0002023049205593542
4.602137895485851e-07,0.0001993296835929918
4.60215251622448e-07,0.0001958058901909882
4.60218175770174e-07,0.0001897923195840185
4.602229019719077e-07,0.0001818975964027272
4.602275536775266e-07,0.0001776584387320896
4.602305091487528e-07,0.0001816845464492641
4.602337026063288e-07,0.0001827130267895243
4.602361907070259e-07,0.0001754036692999232
4.60237219861795e-07,0.0001750805487557271
4.60238177148426e-07,0.0001815357537693432
4.602390295207526e-07,0.0001912872187031984
4.602399419798748e-07,0.0001967968528482587
4.602407345289022e-07,0.0001915919719017157
4.602420123127125e-07,0.0001611747897402471
4.602430227099543e-07,0.0001257571260032299
4.602438159805286e-07,0.0001014820879759208
4.602444429757502e-07,8.898968971563664e-05
4.602452835655509e-07,7.916185418626357e-05
4.602461722222947e-07,7.222579223030659e-05
4.602468862781393e-07,6.796682108805469e-05
4.602477213736817e-07,6.391803266473934e-05
4.602491033781091e-07,5.853871848796235e-05
4.602508803468049e-07,5.304280539618586e-05
4.6025290456465e-07,4.80236942043089e-05
4.602553759248248e-07,4.316616626189062e-05
4.602587697781853e-07,3.814104514890332e-05
4.602630663450842e-07,3.366020350548055e-05
4.602681593450261e-07,3.003859807604025e-05
4.602746693910458e-07,2.661921924393486e-05
4.602802205983986e-07,2.396604209907797e-05
4.602862762460489e-07,2.058087978662096e-05
4.602907220532281e-07,1.773541529175809e-05
4.602957045828439e-07,1.444934960102422e-05
4.603004478777406e-07,1.148879371630285e-05
4.603054976594468e-07,9.389394664121492e-06
4.603091895590972e-07,8.526808691727083e-06
4.603136182299072e-07,8.061071378872949e-06
4.603195327684295e-07,8.003800290470453e-06
4.603283651117391e-07,8.324149655992336e-06
4.603374683233294e-07,8.476970237752863e-06
4.603477993134197e-07,8.135530385387293e-06
4.603585331541385e-07,7.334080223119897e-06
4.603706796946749e-07,8.182048506478557e-06
4.603836888773904e-07,2.650737866101724e-05
4.603942855413849e-07,5.130710505935706e-05
4.604026625458493e-07,5.778433521990341e-05
4.604081236012069e-07,6.636267500920666e-05
4.604116034390656e-07,9.435486682633266e-05
4.604148017078785e-07,0.000144649682495451
4.604181278565421e-07,0.0002084857099409809
4.604214094590069e-07,0.0002596273965073364
4.604236888556666e-07,0.000285470906754504
4.604259932565417e-07,0.000330703498129305
4.604282253222472e-07,0.000455542987608008
4.604298337298158e-07,0.0005817466867352476
4.604312781937784e-07,0.000670356353537956
4.604323902763723e-07,0.0007559036247744129
4.604335379616579e-07,0.0008446218080022814
4.60434427174951e-07,0.0008700455199905402
4.604352765759765e-07,0.0008541601530576826
4.604359846274056e-07,0.0008221903280786139
4.604369117819056e-07,0.0007605138777732425
4.604375043299309e-07,0.0007147068690852951
4.604381399030474e-07,0.0006649386992047123
4.604387875243385e-07,0.0006183957540602767
4.604395078924461e-07,0.0005758920920475882
4.604402321125955e-07,0.0005418167817306029
4.604411101141172e-07,0.0005036497582619869
4.604420440047538e-07,0.0004554093257984871
4.604430941986136e-07,0.0003874757825088846
4.604441882490874e-07,0.0003093329636199496
4.604454444933629e-07,0.0002331836247986067
4.604466425166597e-07,0.0001932314966097069
4.604474989839828e-07,0.0001702598691114318
4.604483281161351e-07,0.0001458696459297066
4.604491594040361e-07,0.0001415672150804335
4.604497708388147e-07,0.000146557673133008
4.60450442990616e-07,0.0001488175269947085
4.604516068083705e-07,0.000143264923067589
4.604524228313081e-07,0.0001345140416434506
4.604534612078144e-07,0.0001211584375782311
4.604546420279042e-07,0.0001054594309637064
4.604562394810156e-07,9.010579665446006e-05
4.604579863779319e-07,9.096598972196991e-05
4.604596704322212e-07,9.880829300922594e-05
4.60461028562989e-07,9.682442839569037e-05
4.604628299782403e-07,8.405028827175182e-05
4.604643026325445e-07,9.668247007619835e-05
4.604657258878347e-07,0.0001360435079416269
4.604668538750424e-07,0.000151394048775644
4.60468128040725e-07,0.0001412394850064708
4.604694781995959e-07,0.0001306152743274083
4.604705706546735e-07,0.0001633227051199851
4.604717436453426e-07,0.000203468499211043
4.604726730387136e-07,0.0002072457224760508
4.604736656188828e-07,0.0001860932615039934
4.604746840476375e-07,0.0001666024199478944
4.604756391799058e-07,0.00019773497395287
4.604767851453457e-07,0.0002707598238146584
4.604777197680975e-07,0.0003036691740246388
4.604788407174662e-07,0.0002983355479862934
4.604799950884632e-07,0.0002630435932057138
4.604810871145709e-07,0.0002679010908048764
4.604821292226399e-07,0.0003448367171549104
4.604834322495624e-07,0.0004754892034783277
4.604846079259677e-07,0.0005571215500407048
4.604856946378862e-07,0.000581359448138801
4.604869020102688e-07,0.0005635951905141339
4.604880885178942e-07,0.0005187365790181573
4.604894358248629e-07,0.0004539232866944718
4.604909585330445e-07,0.0003772884413643008
4.604927083130293e-07,0.0002944661306607926
4.604948923959026e-07,0.0002050321081741936
4.604978614556487e-07,0.0001133389987814826
4.605019060076785e-07,4.156284638410959e-05
4.605069964920109e-07,9.075380475632114e-06
4.605106525156535e-07,3.18148619099346e-06
4.605143504860196e-07,1.425766683389603e-06
4.605185241526e-07,8.346864427363446e-07
4.605234376586476e-07,5.745322359137649e-07
4.605294396000732e-07,4.062352843995153e-07
4.605373891060039e-07,2.741119758550018e-07
4.605487444587593e-07,1.739522846144142e-07
4.605669849729567e-07,1.061153783735702e-07
4.605934736054752e-07,7.110326479484389e-08
4.606260334531281e-07,5.300868667183124e-08
4.606684284107174e-07,4.056566467389636e-08
4.607283791010586e-07,3.078453622347979e-08
4.608213562528693e-07,2.269037530941722e-08
4.609544686711617e-07,1.684024388608255e-08
4.611617882714652e-07,1.245211222340107e-08
4.614456667633486e-07,9.612659714571632e-09
4.618480681828729e-07,7.654044764774503e-09
4.624175707763803e-07,6.278245212408993e-09
4.632365453186771e-07,5.272380456609662e-09
4.644079917506109e-07,4.517933259613987e-09
4.660824365949312e-07,3.930527207205849e-09
4.680412182974656e-07,3.526400151329626e-09
4.700000000000001e-07,3.259353173077736e-09
4.700500000000001e-07,8.280669615395442e-08
4.700634409737033e-07,5.49649186129783e-07
4.700903229211099e-07,7.526094956098038e-06
4.700970223819477e-07,1.102437438359731e-05
4.70102556164234e-07,1.297860701884277e-05
4.701085303533479e-07,1.314607524855962e-05
4.701134760424524e-07,1.19143450705477e-05
4.701162450936848e-07,1.080554485658492e-05
4.701171846054322e-07,1.041642152293696e-05
4.701181837901614e-07,1.000859911524525e-05
4.701189994460973e-07,9.918163473137146e-06
4.701206307579691e-07,1.682542213261601e-05
4.70121719901865e-07,3.437627325472338e-05
4.701230654586202e-07,6.011846671529587e-05
4.701241271954373e-07,7.355633900144871e-05
4.70125186144561e-07,7.682321663216821e-05
4.701262450936848e-07,7.943087923638233e-05
4.701265564862483e-07,8.107986497789137e-05
4.701270259515659e-07,8.873863451739086e-05
4.701274538766721e-07,9.768531611249452e-05
4.701280968363416e-07,0.0001080650012257613
4.701289441238845e-07,0.0001098401847123316
4.701297943486172e-07,9.987634008605775e-05
4.701306709046877e-07,8.670861999371454e-05
4.701315328833893e-07,8.631530454650514e-05
4.701325203741481e-07,0.0001017718096771531
4.701335131437279e-07,0.000111759227862048
4.701346512885563e-07,0.0001085266253299036
4.701357687639855e-07,9.503895299546354e-05
4.701369355331739e-07,7.938625815696277e-05
4.701381251537961e-07,7.855395452193215e-05
4.701393623575867e-07,9.175303763212189e-05
4.701404490245642e-07,9.755513705581586e-05
4.70141547673133e-07,9.183050744777669e-05
4.701428632640401e-07,7.489478471275863e-05
4.701440096555103e-07,6.235256112646248e-05
4.701449771379643e-07,5.489847672318818e-05
4.701457610370284e-07,4.498582605414865e-05
4.701464364054267e-07,3.314248972877125e-05
4.701471877692909e-07,1.95603640461871e-05
4.701477512065465e-07,1.143397044333917e-05
4.701484276271606e-07,5.88994637922794e-06
4.701492588357311e-07,2.839801161462681e-06
4.701500468608156e-07,1.524723988777126e-06
4.701508022529255e-07,8.895471839178524e-07
4.701516989833568e-07,5.148335636540563e-07
4.701530143963421e-07,2.813409679091861e-07
4.701548420936959e-07,1.637220931174722e-07
4.701570477462147e-07,1.048630778199102e-07
4.70159877894076e-07,6.442004334296772e-08
4.70163817457583e-07,3.398229365324803e-08
4.701701454180157e-07,1.40633221785118e-08
4.701800747133413e-07,6.848301271236443e-09
4.701900373566707e-07,5.728563684208829e-09
4.702000000000001e-07,5.461621989793935e-09
4.70205151870981e-07,3.64363879498891e-09
4.702113282635041e-07,3.609130438300516e-09
4.702171767052946e-07,3.597872841023138e-09
4.702288735888757e-07,3.596616965171017e-09
4.702473676011835e-07,3.592087891566269e-09
4.702795895222329e-07,3.588651337767419e-09
4.703434341540388e-07,3.578487133157316e-09
4.70460990220441e-07,3.563748438577787e-09
4.706882820725363e-07,3.532378370728944e-09
4.71128183199922e-07,3.478212951484538e-09
4.719685317440287e-07,3.380215924740941e-09
4.729842658720144e-07,3.276932571033817e-09
4.74e-07,3.185945204822709e-09
4.740307639074725e-07,7.513467065276917e-09
4.740696569320001e-07,1.561192518909208e-06
4.740891034442639e-07,7.107764703526302e-06
4.740979354616678e-07,1.012576879732788e-05
4.741078890187243e-07,1.297770549148931e-05
4.741167772022193e-07,4.22962261169794e-05
4.741240484034799e-07,8.232561040592433e-05
4.741292700953614e-07,9.1230106850964e-05
4.741338761016234e-07,0.0001039342888356435
4.741374058155722e-07,0.0001398027311014673
4.741399648460967e-07,0.0001823325907809061
4.741427280938609e-07,0.0002323831166069608
4.741454090329063e-07,0.0002738904566921043
4.74148765467254e-07,0.000306281686001375
4.741516679438778e-07,0.0003261415664821774
4.741532531609746e-07,0.000347221239103601
4.741549051579408e-07,0.0003768039756375794
4.741562886465957e-07,0.000396479910226307
4.741575621901513e-07,0.0004025727188502333
4.741591219243941e-07,0.0003894560288919913
4.741600865436911e-07,0.0003717258383250286
4.741608073012032e-07,0.0003568433511784995
4.741615862884422e-07,0.0003414701647282191
4.741624899702074e-07,0.0003255846870945438
4.741640608806447e-07,0.0003007716586776204
4.741652518004905e-07,0.0002822752863650822
4.741664269213434e-07,0.0002632968024283137
4.741676530004603e-07,0.0002425208805566897
4.741694082842304e-07,0.0002109304334658822
4.741714540509801e-07,0.0001729290879290163
4.741730174925461e-07,0.000146619889029544
4.741745667554717e-07,0.0001254944369471133
4.741771514115465e-07,0.00010072843438283
4.741794447541774e-07,8.526201513343601e-05
4.741821900116656e-07,7.306732322426881e-05
4.741843475546313e-07,6.675499650479023e-05
4.74186764375498e-07,6.139062582347898e-05
4.741896296455974e-07,5.601602641046799e-05
4.741930692939936e-07,5.194210709398159e-05
4.741968299123664e-07,6.259259361771878e-05
4.742000000000001e-07,9.307939348219822e-05
4.742007536813136e-07,9.955607294200313e-05
4.742022610439408e-07,0.0001081603622331308
4.742041964964615e-07,0.0001057520733776955
4.742058293152234e-07,0.0001050203074929111
4.742068688453964e-07,0.0001132036418673328
4.742076959772795e-07,0.0001197409257496186
4.742085433524482e-07,0.0001194086496127116
4.742095332435401e-07,0.0001067854113188406
4.742105032252711e-07,8.338496167539643e-05
4.742114736561198e-07,5.714373906414978e-05
4.742122297471971e-07,4.016678089060313e-05
4.742130251570151e-07,2.871067739343175e-05
4.742141045207415e-07,2.175588714475631e-05
4.74215439394573e-07,1.856114051103206e-05
4.742164382035249e-07,1.715681425855926e-05
4.742175181438451e-07,1.594736351066521e-05
4.742188624885663e-07,1.47579093266277e-05
4.742207751159119e-07,1.35554382299242e-05
4.742237188757039e-07,1.246893667930902e-05
4.742285312967673e-07,1.158119640857068e-05
4.742329538761212e-07,1.105125488285387e-05
4.742379654631815e-07,1.052548677203598e-05
4.742436832754764e-07,9.964637377800797e-06
4.742519408486937e-07,9.2094218527102e-06
4.742641596787899e-07,8.402915654420164e-06
4.742802822807041e-07,8.990570368316444e-06
4.743033663569077e-07,1.343948299483871e-05
4.743197121701675e-07,1.571059203726093e-05
4.743254349708068e-07,1.498720563055513e-05
4.743314659470055e-07,1.295420737448456e-05
4.743363527873844e-07,1.059178725519526e-05
4.743397254195439e-07,9.15167232890312e-06
4.743431942220524e-07,8.387286981371411e-06
4.743475769877846e-07,8.469286268159574e-06
4.743513487415935e-07,9.239359211640873e-06
4.743569578491891e-07,1.067816340483245e-05
4.74365227746307e-07,1.218640166738059e-05
4.743730787869782e-07,1.240165663705291e-05
4.743806690651843e-07,1.164463144043657e-05
4.743881804597962e-07,1.434900737099244e-05
4.743960798302558e-07,3.617901036958505e-05
4.744033308359393e-07,5.96476420995302e-05
4.74409808775678e-07,6.770639369086198e-05
4.744187577063941e-07,0.0001048922369226862
4.744250557301647e-07,0.0002615963043038868
4.744297016444681e-07,0.0003740814548476382
4.744332124925818e-07,0.0003784655615715133
4.744348034132154e-07,0.0003863204630044551
4.744361470220464e-07,0.000411764912742207
4.744377716733889e-07,0.0004612237249830205
4.744391704461063e-07,0.0005043623861771014
4.744406198771029e-07,0.0005562671646196706
4.744418372489603e-07,0.000643786072803357
4.74442809351746e-07,0.0007133110279674489
4.744437350312598e-07,0.0007387364281086825
4.744445900712078e-07,0.0007295510609539797
4.744454844052372e-07,0.0006972505084938272
4.744463961674835e-07,0.0006365055461027689
4.744471569460443e-07,0.0005737272657991004
4.744477923324285e-07,0.0005195548093402285
4.744487370974643e-07,0.0004499624770803077
4.744495768626998e-07,0.000407150049474345
4.744503048146081e-07,0.000375334864633054
4.744510594788368e-07,0.0003400205523304388
4.74451614161203e-07,0.0003185747272127871
4.744521812606354e-07,0.0003075845845077066
4.744527789751614e-07,0.0003049995089389575
4.744536275808754e-07,0.0003041204627510045
4.744545574676734e-07,0.0002982977241084838
4.74455487038359e-07,0.0002862815828618203
4.744564781464017e-07,0.0002703635096061651
4.744576423816013e-07,0.0002595064579580597
4.744590337964061e-07,0.0002700112224737049
4.744600372618516e-07,0.0002820544532346848
4.744610660036517e-07,0.0002836679283101673
4.744618439751131e-07,0.0002765777045926563
4.744626467512685e-07,0.0002663612290932614
4.744634238075689e-07,0.0002575878649213297
4.744644487690784e-07,0.0002446996769915888
4.744658531593849e-07,0.0002204618591661121
4.744670164129647e-07,0.0002001197889103867
4.744681123266096e-07,0.0001849131291871595
4.744692683153148e-07,0.0001691464870418035
4.744708083935457e-07,0.0001416795440522196
4.74472232693022e-07,0.0001240203997584584
4.744735725678896e-07,0.0001341676745845027
4.744749615870976e-07,0.0001493644659100373
4.744761547210973e-07,0.0001464641333436101
4.744772401740155e-07,0.0001329996258070675
4.744785753557425e-07,0.0001245267674880124
4.74479730466801e-07,0.0001569059177132698
4.744810048972029e-07,0.0002145611051266554
4.744820135262426e-07,0.0002348082959212162
4.744833224536755e-07,0.0002147586047174306
4.744844935535318e-07,0.0001986927602748628
4.744855332203441e-07,0.0002296063358346572
4.744866624642595e-07,0.0002624134577287324
4.744876593339656e-07,0.0002635933734765778
4.744885611158988e-07,0.0002462483396570265
4.744896690006733e-07,0.000217830271383105
4.744906888944731e-07,0.0002137451096881917
4.744917857064367e-07,0.000267638047289447
4.744931136117644e-07,0.0004002840146142478
4.74494486826033e-07,0.0005407552431500965
4.744959316549817e-07,0.0006279718383192443
4.744976888862405e-07,0.0006318718559943908
4.744993680656955e-07,0.000559075862644781
4.745011623332096e-07,0.0004391782378203751
4.745029865018344e-07,0.0003074746383644071
4.745048840390782e-07,0.0001907867205699779
4.745069062922349e-07,0.0001018199361168928
4.745093676710356e-07,3.721329985350221e-05
4.745114864156202e-07,1.360949707678043e-05
4.745136535099111e-07,5.517933033451092e-06
4.74516150943849e-07,3.044920353026307e-06
4.745187525122025e-07,2.422797149831146e-06
4.745217368547071e-07,2.175939362979628e-06
4.745254508010047e-07,1.989528706586019e-06
4.745307077065798e-07,1.771275092785058e-06
4.7453844379523e-07,1.496949455380147e-06
4.745495274876566e-07,1.179710212248633e-06
4.745685567084549e-07,7.898511083578812e-07
4.746066151500515e-07,3.679202205447173e-07
4.746612342816515e-07,1.468888819836239e-07
4.747319137000127e-07,7.082108016966342e-08
4.748152880217878e-07,4.828685560356377e-08
4.749223681292401e-07,3.784040991297239e-08
4.750714079215007e-07,3.053965553089679e-08
4.753090789327019e-07,2.442238692920164e-08
4.756707894834471e-07,1.97168310151943e-08
4.761786991824866e-07,1.627709534745457e-08
4.768962301621712e-07,1.357741400518765e-08
4.779164191374297e-07,1.134096940261999e-08
4.789582095687149e-07,9.887773114407706e-09
4.800000000000001e-07,8.854816435992041e-09
4.800311377123012e-07,2.30542390093469e-08
4.800703451554086e-07,3.675525389205206e-06
4.800865520109825e-07,1.32254662997401e-05
4.800932220139359e-07,1.76538830199987e-05
4.801009131562699e-07,1.989677744909629e-05
4.801080765560013e-07,1.876725072242861e-05
4.801139881282533e-07,1.627243814511857e-05
4.801189916484184e-07,1.474182605603226e-05
4.80122570836088e-07,1.62425898580429e-05
4.801239672309732e-07,1.815531972809386e-05
4.801267600207435e-07,2.629703471839419e-05
4.801297297088386e-07,4.3668458223365e-05
4.801355125175224e-07,9.705116604477349e-05
4.801409115084831e-07,0.0001412966285742199
4.80146085393377e-07,0.0001587465686100954
4.801509444227015e-07,0.0001521832245940123
4.801566838924625e-07,0.0001398083476141617
4.801589992432288e-07,0.0001439354559736581
4.801609233924507e-07,0.0001522500277745358
4.801631343299068e-07,0.0001629470739089774
4.801651436961159e-07,0.000170063497572112
4.8016795376603e-07,0.000188232079001122
4.801701869571231e-07,0.0002042071325136023
4.801720421306415e-07,0.0002264216004406958
4.801735103336904e-07,0.0002704122700606953
4.80174923381692e-07,0.0003175497045609937
4.801763389474461e-07,0.0003487753137925791
4.801779465917907e-07,0.0003564072355953269
4.801795263782415e-07,0.0003542805127071487
4.801809168439253e-07,0.0003430534432975828
4.801819415299124e-07,0.0003323678176671497
4.801829638795248e-07,0.0003230957284155503
4.801842876348777e-07,0.000311175150431703
4.801853812157671e-07,0.0003005766751943653
4.801864972559566e-07,0.0002888228662138665
4.801876664989311e-07,0.000274477956244963
4.801889065848168e-07,0.0002584335626691417
4.801898461927971e-07,0.0002460069842528768
4.801914889939284e-07,0.0002248536436437159
4.801929297951163e-07,0.0002093590544427501
4.801941273433779e-07,0.000199642623425348
4.801956054686032e-07,0.0001928194127523155
4.801974223525522e-07,0.0001921405063729627
4.801987111762761e-07,0.000195490214694295
4.802e-07,0.0001993039336461056
4.802005334461104e-07,0.0002000280999029974
4.802016003383314e-07,0.0002001912832395191
4.802026522349039e-07,0.0001975076320532209
4.802042651385895e-07,0.0001884972316955432
4.802060392454158e-07,0.0001907329174539782
4.802075380568483e-07,0.0002014734627819242
4.802088721880981e-07,0.0002064017599742571
4.802099891809732e-07,0.0002076684441996579
4.802113982101531e-07,0.0002055855205048628
4.802126558215025e-07,0.0002022373648771682
4.802138071627724e-07,0.0001992467629817327
4.802152828791432e-07,0.0001957004658633834
4.802182343118847e-07,0.0001896547554400637
4.802230589747249e-07,0.0001816386509312676
4.802276806456315e-07,0.0001777212338519644
4.802305592315842e-07,0.0001817822630340992
4.802337186819291e-07,0.0001826644611119476
4.802362020785923e-07,0.0001753474319958618
4.802372219057636e-07,0.000175108733284444
4.802381798646905e-07,0.0001816548109892182
4.802390321260501e-07,0.0001914074347591641
4.802399412628035e-07,0.0001967923998746622
4.802407355424547e-07,0.0001914493546250265
4.802419938145273e-07,0.0001614593619783362
4.802430057398542e-07,0.0001260092646744809
4.802437984332703e-07,0.0001016860566088503
4.802444250869424e-07,8.911872201350383e-05
4.802452611485178e-07,7.928342235913818e-05
4.802461591308808e-07,7.225097404763131e-05
4.802468718358557e-07,6.799461216513836e-05
4.802477064411346e-07,6.394310927136348e-05
4.802490746287935e-07,5.860684198418191e-05
4.802508512840825e-07,5.309808867659679e-05
4.802528704055005e-07,4.807969231747849e-05
4.802553379995938e-07,4.321679033197201e-05
4.802587148529502e-07,3.819979509560239e-05
4.802630079031175e-07,3.370427956504476e-05
4.802680870378572e-07,3.007843282891533e-05
4.802745805785041e-07,2.665938540859201e-05
4.80280156950912e-07,2.399327649372052e-05
4.802862334552473e-07,2.059837980898897e-05
4.802906819553695e-07,1.775063315131113e-05
4.802956999235183e-07,1.444016139278149e-05
4.803004370965006e-07,1.148443289374744e-05
4.80305481025511e-07,9.389507797604598e-06
4.803091759243016e-07,8.527216579933305e-06
4.803135963292516e-07,8.06285440975551e-06
4.803195203940568e-07,8.005619528633829e-06
4.803283530789594e-07,8.325743161097621e-06
4.803374591463912e-07,8.477700347500413e-06
4.803477905331052e-07,8.135226455127715e-06
4.803585269251258e-07,7.333068041031182e-06
4.803706790751961e-07,8.193080170118119e-06
4.803836840518169e-07,2.656210573505878e-05
4.803942747144893e-07,5.134667802708662e-05
4.804026531747597e-07,5.779917281457438e-05
4.80408081847965e-07,6.592201217360552e-05
4.804115378223691e-07,9.247434535671552e-05
4.80414717168337e-07,0.0001405957589397603
4.804180355015776e-07,0.0002029603124272975
4.804213076718916e-07,0.0002530623041923452
4.804235541668319e-07,0.0002756609077389916
4.804258491230837e-07,0.0003165800575065423
4.804280712524406e-07,0.0004391675418499257
4.804296830835814e-07,0.0005678425827090513
4.804311225489597e-07,0.0006592038492245512
4.804321648143433e-07,0.0007442108321683431
4.804333279510711e-07,0.000850690274876106
4.804342302290231e-07,0.0008887792089105135
4.804350524991799e-07,0.0008795279114632831
4.804357475263476e-07,0.0008497787527981606
4.804366536696531e-07,0.000788785363143373
4.804372841475497e-07,0.0007358939099940119
4.804379800299054e-07,0.0006750074807306666
4.804385907058525e-07,0.0006249072466537599
4.80439272452005e-07,0.0005787354538466654
4.804400003556373e-07,0.0005413112070469195
4.804408428233808e-07,0.0005054550060669317
4.804417748880689e-07,0.0004612208752991669
4.804427970123786e-07,0.0003996940801795935
4.804438913027715e-07,0.000324143819480101
4.804451067716404e-07,0.0002507921183143897
4.804463147906128e-07,0.0002180567059464906
4.804472027763433e-07,0.0002055581896129793
4.804480134918971e-07,0.000184228648670208
4.804485524823123e-07,0.0001772444608920716
4.80449191813044e-07,0.0001865597467614837
4.804497756831322e-07,0.0001969895105913759
4.804505592540363e-07,0.0002029440555408522
4.804514132743738e-07,0.0001994103644086225
4.804522884918652e-07,0.0001889504146848569
4.804533241643657e-07,0.0001723095924824482
4.804545360654152e-07,0.0001511768522109567
4.804560887570564e-07,0.0001306948682364557
4.804578646845101e-07,0.0001320492947461778
4.804596029321854e-07,0.0001455142725556407
4.804609814026173e-07,0.0001438247075185867
4.80462731700652e-07,0.0001257282354009934
4.804642421757399e-07,0.0001417243420211179
4.804656583611948e-07,0.0002003533169397153
4.804668026137863e-07,0.0002259530953343892
4.804680369949485e-07,0.0002136258773582431
4.804694301656136e-07,0.0001944726502928817
4.804705348328013e-07,0.0002413010873368748
4.80471678749843e-07,0.0002992617290836934
4.804725237371932e-07,0.0003048079913666774
4.804735139337752e-07,0.0002728535114694424
4.804744092290027e-07,0.0002427659733414868
4.804752812097032e-07,0.0002622145931588746
4.804761656652411e-07,0.0003240265943703463
4.804770082230286e-07,0.0003728803505424302
4.80477978719594e-07,0.0003867702959317192
4.804789765684575e-07,0.0003628083588134059
4.804799130872119e-07,0.0003397874226518566
4.804809023289886e-07,0.0003599271288630531
4.804819319049692e-07,0.0004446712429071677
4.804829745015612e-07,0.00055584489274743
4.804839917932876e-07,0.0006407199943355221
4.804849611434914e-07,0.0006782309868838972
4.804860732896935e-07,0.0006729268908099861
4.804872852517741e-07,0.000627534963943151
4.804885207401922e-07,0.0005593597703623503
4.804899561752544e-07,0.0004716865663925148
4.804915268306661e-07,0.0003781689340955828
4.804933993274161e-07,0.0002785087451572174
4.804957837817515e-07,0.0001762700918291902
4.80499082805074e-07,8.291754832636374e-05
4.805034572619258e-07,2.501927975036623e-05
4.805070847603501e-07,8.559409108140125e-06
4.805105839512634e-07,3.349568397811505e-06
4.805141816064348e-07,1.665063140577266e-06
4.805185168850133e-07,1.008579214997155e-06
4.805234559958781e-07,7.025847010094222e-07
4.805296027918998e-07,4.885488429693953e-07
4.805376363817305e-07,3.228396887203083e-07
4.805493280448222e-07,1.979452364136227e-07
4.805680966024467e-07,1.173485338865792e-07
4.805936533300481e-07,7.940372709802906e-08
4.806250938029138e-07,5.940805212437634e-08
4.806656604413989e-07,4.553640987843554e-08
4.807233264499987e-07,3.444668762518313e-08
4.80815220183325e-07,2.504049064620421e-08
4.809456750623272e-07,1.834635140136785e-08
4.811497196960687e-07,1.334041009795402e-08
4.814279482984896e-07,1.013646748432488e-08
4.818228741990579e-07,7.940096203874355e-09
4.823816555098449e-07,6.415641150043429e-09
4.831854545455563e-07,5.319675921969019e-09
4.843347436819419e-07,4.516495521381234e-09
4.859775512845186e-07,3.907694281880032e-09
4.883272832379741e-07,3.430360222931828e-09
4.9e-07,3.213666978617694e-09
4.9005e-07,8.27611394801544e-08
4.900634409737033e-07,5.496036739012198e-07
4.900903229211098e-07,7.526049531426577e-06
4.900970223822461e-07,1.102433334706246e-05
4.901025561646658e-07,1.297856170897197e-05
4.901085303538483e-07,1.314602981583178e-05
4.901134760425392e-07,1.191429968766042e-05
4.901162450936833e-07,1.080549951428022e-05
4.901171846054066e-07,1.055449532733692e-05
4.901181837901054e-07,1.029958399801398e-05
4.901189994460249e-07,1.047507288454234e-05
4.901206307578637e-07,2.708019332586217e-05
4.901217141902625e-07,7.296485827369279e-05
4.901230610977774e-07,0.0001542601284398682
4.90124122130857e-07,0.0002091037873606505
4.901251836122701e-07,0.0002417404368432409
4.901262450936832e-07,0.0002576046685812252
4.9012655677635e-07,0.000249832119332755
4.90127026908672e-07,0.0002484414182364904
4.901274553979159e-07,0.0002577161093858379
4.901280984731224e-07,0.000289948377086423
4.901289468182601e-07,0.0003508907831136925
4.901297975502174e-07,0.0004012990236492414
4.901306743711496e-07,0.0004173811502604648
4.9013153625354e-07,0.000406295297185641
4.901325249992807e-07,0.0003791118204660813
4.90133515847011e-07,0.0003603015127443086
4.90134554267905e-07,0.0003492932801511099
4.901356620078557e-07,0.0003183744352753817
4.901365235248689e-07,0.0002889120713635339
4.901374769405994e-07,0.0002620625767925061
4.901386291431881e-07,0.0002465126832572388
4.901395545848178e-07,0.000240817103409735
4.901405772115529e-07,0.0002316505713809936
4.901418178080008e-07,0.0002187991096444249
4.901429528514478e-07,0.0002190621782366194
4.901441188935491e-07,0.0002438236835356186
4.901450153721018e-07,0.0002692926290706332
4.901457980344144e-07,0.0002818978493221899
4.90146417690967e-07,0.0002816664866321779
4.901471679015079e-07,0.0002708996937551809
4.901477263667516e-07,0.0002575472740447483
4.901483852201175e-07,0.000238918646783913
4.901491640605144e-07,0.0002135850147261813
4.90149986028438e-07,0.0001865063366240209
4.901507180744536e-07,0.0001641782292096462
4.90151532578549e-07,0.0001373321644516029
4.901523949922671e-07,0.0001028556678454918
4.901531090462735e-07,7.214788463592511e-05
4.901538576712129e-07,4.4980312323071e-05
4.901545295879825e-07,2.783793939637291e-05
4.901554193636903e-07,1.545299121617217e-05
4.901564846123408e-07,9.183111497916568e-06
4.901576712639333e-07,5.933688254052646e-06
4.901587084499153e-07,4.16320765742447e-06
4.901598612436974e-07,2.800988901423663e-06
4.901613373828976e-07,1.668699488071619e-06
4.901636011279555e-07,7.377946382012583e-07
4.901669608792245e-07,2.134945185945147e-07
4.901714805797834e-07,4.298564225217603e-08
4.901766873737933e-07,1.199527941629123e-08
4.901830489996433e-07,7.260032527393273e-09
4.90191288584811e-07,6.478060599594324e-09
4.902e-07,6.24968751059212e-09
4.902048175035522e-07,4.448457187247438e-09
4.902104956677015e-07,4.396587874092676e-09
4.902159417669659e-07,4.384922534569062e-09
4.902268339654947e-07,4.383373689375999e-09
4.902439408198143e-07,4.378373520009795e-09
4.902742869402966e-07,4.373933473549752e-09
4.903349791812611e-07,4.361681503842877e-09
4.904485014021348e-07,4.342765433793537e-09
4.906717947615853e-07,4.302827858086993e-09
4.911107980312178e-07,4.231509457759699e-09
4.919639070429717e-07,4.100985463226193e-09
4.929819535214858e-07,3.964047418487977e-09
4.94e-07,3.842731694435868e-09
4.940307972640061e-07,8.189433361725215e-09
4.940697183972766e-07,1.571264347812836e-06
4.940891789639118e-07,7.136251750782033e-06
4.940980169293663e-07,1.014490851408289e-05
4.94107960940892e-07,1.304391048678342e-05
4.941168829971354e-07,4.291112412070467e-05
4.941241040292936e-07,8.249935011230068e-05
4.941293259144881e-07,9.129767402976499e-05
4.941339135727481e-07,0.0001042424889399232
4.941374508611416e-07,0.0001407063293756423
4.941400156016859e-07,0.0001836787715292814
4.941427693998554e-07,0.0002337644875251716
4.941454707161035e-07,0.0002756253481104271
4.941487997508451e-07,0.0003077622890053056
4.941517064011765e-07,0.0003281351056004224
4.941532959657464e-07,0.0003497462747060875
4.941549438894863e-07,0.0003795194873076864
4.941563177755707e-07,0.0003990326073014377
4.941576018092442e-07,0.0004050710491660024
4.941591621473475e-07,0.0003917228637446293
4.941601466281277e-07,0.0003735575239404471
4.941608770730017e-07,0.000358552198778568
4.941616582023265e-07,0.0003433592492334713
4.941625804391676e-07,0.00032746523551123
4.941641526998075e-07,0.0003031067705069797
4.941653214856357e-07,0.0002852505590318688
4.941665015950027e-07,0.0002664775144141297
4.941677373798159e-07,0.0002457830870065996
4.941695395152725e-07,0.000213536828368797
4.941715353578476e-07,0.000176559441325037
4.941731200991917e-07,0.0001496802882202513
4.941746843614532e-07,0.0001278908103491589
4.941772237490982e-07,0.0001025123158171532
4.941795042674795e-07,8.644678273792296e-05
4.941823344906936e-07,7.360467973957341e-05
4.94184517742772e-07,6.724444744042586e-05
4.941869096607099e-07,6.20159611545292e-05
4.941898410591858e-07,5.659520847813458e-05
4.941932807821188e-07,5.19611766211643e-05
4.941970869869234e-07,5.983189189043797e-05
4.942e-07,8.635619366075097e-05
4.942007571116033e-07,9.381058047429184e-05
4.9420227133481e-07,0.0001062013851559636
4.942045497648856e-07,0.000107287654252712
4.942070182959707e-07,0.0001083304184387827
4.942080749694921e-07,0.0001176479313553838
4.942089470270604e-07,0.0001200095185744801
4.942097847711204e-07,0.0001131174016456917
4.942109289382198e-07,8.930929101659963e-05
4.942119131659965e-07,6.248935178029893e-05
4.942127297709729e-07,4.307547114937095e-05
4.942134769530223e-07,3.087992680027152e-05
4.942145138268226e-07,2.269805983905955e-05
4.942154581605955e-07,1.969911678467135e-05
4.942164808980326e-07,1.790658936247882e-05
4.942174779523099e-07,1.662784185014148e-05
4.942187001398938e-07,1.537538619667345e-05
4.94220246149709e-07,1.417541557920118e-05
4.942225423704581e-07,1.300125052138329e-05
4.942259962064721e-07,1.204269617874191e-05
4.942305062577375e-07,1.135715550597221e-05
4.942350459799825e-07,1.084050213234205e-05
4.942402297832784e-07,1.030846354997505e-05
4.942465812673425e-07,9.696218323480806e-06
4.942557654534709e-07,8.899478779530245e-06
4.942702128395445e-07,8.323549242447528e-06
4.94289680468889e-07,1.054155661998002e-05
4.943088522457998e-07,1.448808168975682e-05
4.943167625283166e-07,1.562864063880283e-05
4.943213104079308e-07,1.572065872033488e-05
4.94326836723396e-07,1.469736095837817e-05
4.943320949224422e-07,1.274281866234807e-05
4.943362359840714e-07,1.070794011337418e-05
4.943394341115744e-07,9.280988115803551e-06
4.943428259225178e-07,8.444729693151669e-06
4.943467106812232e-07,8.360213016310438e-06
4.943502732308961e-07,8.965400319426755e-06
4.943555979820132e-07,1.032557756032022e-05
4.943636638241984e-07,1.200005174664395e-05
4.943713444011389e-07,1.246566130086599e-05
4.943786621274406e-07,1.189049222689578e-05
4.943867921536791e-07,1.286124654304983e-05
4.94394536570169e-07,3.046888959180405e-05
4.944018738966741e-07,5.594989324709339e-05
4.944082481891307e-07,6.685027606006767e-05
4.94416656849887e-07,8.22044138127818e-05
4.944233701602938e-07,0.0001986438935854391
4.944269056627841e-07,0.0003019866558402265
4.944305230115887e-07,0.0003561565286351715
4.944341043592364e-07,0.0003638940904871868
4.944357782158956e-07,0.0004024930990495419
4.944371986757928e-07,0.0004602385635652329
4.944386242452434e-07,0.0005236910257937923
4.944401224091028e-07,0.0005886105329155785
4.944414665027674e-07,0.0006880320312318819
4.944424975282782e-07,0.0007805662524091876
4.944434164671015e-07,0.0008298693349782573
4.944442900397104e-07,0.0008441287512165693
4.944452137324213e-07,0.0008358442768028265
4.944461125275145e-07,0.0007962164934797429
4.944469262959769e-07,0.0007422660273387522
4.944475576124367e-07,0.0006965083504753797
4.944485557930845e-07,0.000634288041639145
4.944494483314443e-07,0.000598267362768788
4.944501888997392e-07,0.0005679685216648182
4.94450942346486e-07,0.000530023396399265
4.944514967329401e-07,0.0005102957419674224
4.944520644758256e-07,0.0005101624805701584
4.944526628975952e-07,0.0005279647465375331
4.944535134024313e-07,0.0005621663941754498
4.944544440473456e-07,0.0005887158843137972
4.944553746723568e-07,0.0005915368658190054
4.944563671619676e-07,0.0005699742530784858
4.944575334399955e-07,0.0005364006660442981
4.94458867015604e-07,0.0005536018478011536
4.944598570869781e-07,0.0006362038627203384
4.944608145311732e-07,0.0007126987926057537
4.944617162745467e-07,0.0007236634234717833
4.944625275128659e-07,0.0006793473879921282
4.944632920125555e-07,0.0006123679292043038
4.944639415318617e-07,0.0005535438276317321
4.944646892179656e-07,0.0004880141557819718
4.944656878720413e-07,0.0003953342750511856
4.944665413063083e-07,0.000324798898912378
4.944673985614924e-07,0.0002803144140610388
4.944683504361292e-07,0.0002520005064444636
4.944694419142016e-07,0.0002268198814885198
4.944704000725974e-07,0.0002035412214678778
4.944715173656582e-07,0.0001803415495422236
4.944727815560442e-07,0.0001818854262167895
4.944740809073231e-07,0.0002084065159089057
4.944752618224658e-07,0.0002208556560524571
4.944764459651518e-07,0.000209516807371524
4.944775919201009e-07,0.0001875590086646464
4.944788414735892e-07,0.0001932277340815256
4.944800190410262e-07,0.0002612368788330536
4.944810945029314e-07,0.0003261985253598682
4.944819988000519e-07,0.0003410841136689692
4.944833601611989e-07,0.0002987959767330897
4.944843190187139e-07,0.0002811650455452644
4.944852981520243e-07,0.0003088817845699374
4.944861869424526e-07,0.0003354383578425282
4.944869648940723e-07,0.0003397147589075878
4.944878007434518e-07,0.0003249864410941262
4.94488795721202e-07,0.0002936370617317249
4.944896732468688e-07,0.0002748297203611924
4.944906876173083e-07,0.0002976298769024629
4.944917837262052e-07,0.0003908919292110452
4.944931092273368e-07,0.0005521354904057748
4.944944744733138e-07,0.0006913738344485186
4.944959057913802e-07,0.0007550806588328786
4.944975514886674e-07,0.0007233546086443622
4.944992238814325e-07,0.0006147488300310018
4.945009924480757e-07,0.0004632827876795972
4.945027988210656e-07,0.0003107658313579572
4.945046673378875e-07,0.0001880717981399694
4.945066877091635e-07,9.886029856829202e-05
4.945090392076638e-07,3.806068360083886e-05
4.945110153325163e-07,1.547717140771606e-05
4.945131597182371e-07,6.719289358187314e-06
4.945156332443683e-07,3.939608145402905e-06
4.945182414794347e-07,3.1965733242881e-06
4.94521192393101e-07,2.887034035567271e-06
4.945248534079397e-07,2.643529803336585e-06
4.945299717735438e-07,2.360206436720849e-06
4.945375725089356e-07,2.001537065632983e-06
4.945483497788917e-07,1.590907189219817e-06
4.945666342059998e-07,1.087640146837037e-06
4.946032030602159e-07,5.282393790524977e-07
4.946573871458582e-07,2.136832376185992e-07
4.947272420644818e-07,1.012077483193761e-07
4.948096570042514e-07,6.590073250362596e-08
4.94914641605062e-07,4.921630530271286e-08
4.950602054063635e-07,3.773619692369421e-08
4.952900728635605e-07,2.845198729028556e-08
4.956413125423377e-07,2.159612609155705e-08
4.96130627778581e-07,1.695421728222442e-08
4.968170807863367e-07,1.362750199882671e-08
4.977934812395013e-07,1.110853340452067e-08
4.988967406197506e-07,9.459510154485303e-09
5e-07,8.374305657829908e-09
5.000320022532458e-07,2.471537694240562e-08
5.000719321105586e-07,4.265424427846335e-06
5.000879405967387e-07,1.421464572530655e-05
5.000947255217978e-07,1.834295105475223e-05
5.001022440301485e-07,1.989385063183892e-05
5.001077491176214e-07,1.885279260107169e-05
5.001135452399818e-07,1.646579399459286e-05
5.00118408805475e-07,1.477744158666258e-05
5.001219940131933e-07,1.573151006808291e-05
5.001266486725088e-07,2.57739854002428e-05
5.001302828762826e-07,4.77924930850449e-05
5.001340746663855e-07,8.294713073623381e-05
5.001395191252882e-07,0.0001320422218769492
5.001446216034621e-07,0.0001568188331795823
5.001494921183769e-07,0.0001560038470779451
5.001547500659244e-07,0.000141596141740391
5.001576625257379e-07,0.0001405988494067052
5.001597337961534e-07,0.0001468187726474694
5.001624879726232e-07,0.0001600610796446499
5.001644349614623e-07,0.0001679704792296321
5.001671900310676e-07,0.0001809980241042324
5.001694946929584e-07,0.0002009290387737971
5.001715871300185e-07,0.0002174588482082467
5.001730620956661e-07,0.0002555183217184597
5.001745680637059e-07,0.0003067120419019918
5.001759268608934e-07,0.000342418908568961
5.001775309778087e-07,0.0003559591461772371
5.001792492592846e-07,0.0003553963046742327
5.001806563813007e-07,0.0003454303852202235
5.001817671030933e-07,0.0003339133066515941
5.001827309681823e-07,0.0003249288006181916
5.00184001511171e-07,0.000313644556869019
5.001851555657013e-07,0.0003025978954593981
5.00186241120573e-07,0.0002914682064903705
5.001875321821313e-07,0.0002759336986223214
5.001886223741416e-07,0.0002619071916271992
5.001895790428505e-07,0.000249292879758638
5.00191006956223e-07,0.0002305589830475907
5.001926190771886e-07,0.0002121878623915115
5.001937729432781e-07,0.0002020023114188789
5.001957874040104e-07,0.0001923355850830807
5.001973940950424e-07,0.0001921221633091386
5.001986970475212e-07,0.0001955036257893628
5.002e-07,0.000199337678810421
5.00200534514186e-07,0.0002000392940033286
5.002016035425579e-07,0.0002001411788586891
5.002026579232877e-07,0.0001973742125637776
5.002042685604747e-07,0.0001883394702880206
5.002060358130134e-07,0.0001908691820629146
5.002075326561962e-07,0.0002015635378649214
5.002088612862174e-07,0.0002064263782050633
5.002099789527155e-07,0.0002076612007938539
5.002113946367729e-07,0.0002055363503384241
5.002126432368139e-07,0.0002022070141951284
5.002137974409543e-07,0.0001992115401116888
5.002152784799795e-07,0.0001956577356029176
5.002182405580299e-07,0.0001896013387575976
5.002231044699614e-07,0.0001815385623934426
5.002277123785499e-07,0.000177761763978947
5.002305587532227e-07,0.000181832068058675
5.002337037561412e-07,0.0001826519799745217
5.002361855921046e-07,0.0001753309275190723
5.002372013986455e-07,0.0001751290605475979
5.002381596472154e-07,0.0001817148750998142
5.002390118360258e-07,0.0001914668085293554
5.002399195095318e-07,0.0001967964764352588
5.002407146019351e-07,0.0001913915088052962
5.002419648417105e-07,0.0001615711391077446
5.002429773805311e-07,0.0001261078064586555
5.002437697386858e-07,0.0001017698783340323
5.002443962614307e-07,8.917341347194613e-05
5.002452306062155e-07,7.933460950258924e-05
5.002461322467611e-07,7.226411263722633e-05
5.00246844455089e-07,6.800845614026888e-05
5.002476788820034e-07,6.395563704793797e-05
5.002490419497591e-07,5.863487710885166e-05
5.002508184900397e-07,5.312072578372471e-05
5.00252835733139e-07,4.810190519516734e-05
5.002553019501934e-07,4.323621259824025e-05
5.002586725720516e-07,3.822121328972066e-05
5.002629643494598e-07,3.371919714453087e-05
5.002680383930297e-07,3.009097102884543e-05
5.002745258530867e-07,2.667218469272086e-05
5.002801210795344e-07,2.399853633138068e-05
5.002862135483708e-07,2.059837889047057e-05
5.002906645512181e-07,1.775037504812512e-05
5.002957077828826e-07,1.442440622708656e-05
5.003004413026423e-07,1.147357870707551e-05
5.003054793178706e-07,9.384406259227887e-06
5.0030917680245e-07,8.523209133500752e-06
5.003135903993018e-07,8.060810748945168e-06
5.003195229295348e-07,8.004427304634591e-06
5.003283558308175e-07,8.325115664937832e-06
5.00337464437022e-07,8.476753345724273e-06
5.003477961634448e-07,8.133642886091613e-06
5.003585348426204e-07,7.331020256297788e-06
5.003706921822296e-07,8.202019105915752e-06
5.003836929159592e-07,2.660131596364314e-05
5.003942696888744e-07,5.132433428961731e-05
5.004026426257641e-07,5.777849452597551e-05
5.004080865880935e-07,6.674195385054139e-05
5.004115720614031e-07,9.585129242828573e-05
5.004148037017907e-07,0.0001483691378993214
5.004181418016047e-07,0.0002136868615665365
5.004214382290072e-07,0.0002660222508210759
5.004237434231853e-07,0.0002951293548200908
5.004260585092414e-07,0.0003447430762551773
5.004283027621077e-07,0.0004734453504871812
5.004299115023704e-07,0.000600350629237621
5.004313632913727e-07,0.0006872867708676909
5.00432468106339e-07,0.0007634748319346538
5.00433614648449e-07,0.000835314042767871
5.004345004791789e-07,0.0008514982022881769
5.004353608935147e-07,0.0008324658347111893
5.004360772950541e-07,0.0008005377584114903
5.004370170519371e-07,0.0007418460660119563
5.004375995257011e-07,0.000701441463608544
5.004382274926275e-07,0.000658617061205702
5.004388857041624e-07,0.0006183129852009492
5.00439612139176e-07,0.0005816142971930076
5.004403369547195e-07,0.0005505565982399257
5.004412169451848e-07,0.000512362118066731
5.004421529204395e-07,0.0004619145783633183
5.004432100551172e-07,0.0003901497607591532
5.004443037126004e-07,0.0003087680291403475
5.004455653208858e-07,0.0002267393441889337
5.00446762488881e-07,0.000172811341211985
5.004476047208966e-07,0.0001413113801593135
5.004484374165809e-07,0.0001129538706684777
5.004492783318643e-07,9.987672601824551e-05
5.004498791057722e-07,9.772720083775275e-05
5.00450557377909e-07,9.491469037439351e-05
5.004513532623736e-07,8.973234806768084e-05
5.004521415480138e-07,8.308346586994413e-05
5.004531212950172e-07,7.400268712291617e-05
5.004542572550148e-07,6.354334089303376e-05
5.004556967077456e-07,5.251513315097176e-05
5.004573915625848e-07,4.772352842419878e-05
5.004592418753269e-07,5.181150313643268e-05
5.004608398246118e-07,5.390848291953406e-05
5.004625506014425e-07,5.05386538969024e-05
5.004644668669666e-07,4.700981680978078e-05
5.004661127221263e-07,6.700127855448053e-05
5.004678639317732e-07,0.000106523753394705
5.004691768883557e-07,0.000119724578087404
5.00470798606185e-07,0.0001107799227225997
5.004723286802708e-07,0.0001213639062243798
5.004735802237602e-07,0.0001666088311027642
5.004747667862447e-07,0.0001963117410518171
5.004758086747216e-07,0.0001907946069854644
5.004769069818118e-07,0.0001675274881175438
5.004779631634602e-07,0.0001771840464742282
5.004790216516334e-07,0.0002400557277592565
5.004800199707145e-07,0.0002877121775013879
5.004810600970735e-07,0.0002936192704947637
5.004822727044522e-07,0.0002568233150014516
5.004834057709335e-07,0.0002490794402171649
5.004844314135623e-07,0.0003209724179261225
5.004859303304676e-07,0.0004595801939117622
5.004873555583202e-07,0.0005269626335387281
5.004884227282802e-07,0.0005317237727193285
5.004895988521105e-07,0.0005099446726837957
5.004907945614073e-07,0.0004742856869310114
5.004921300805269e-07,0.0004300059304677434
5.004937527505202e-07,0.0003765853133997557
5.00496021716849e-07,0.0003068482838199897
5.004994381915575e-07,0.0002150645750699057
5.005045882202304e-07,0.0001078854390843556
5.005110669627113e-07,3.138172406001868e-05
5.005179293501563e-07,6.245156027492634e-06
5.005230347044001e-07,2.241097883869804e-06
5.005291345065552e-07,1.014227190726171e-06
5.005348776099934e-07,6.354861440914632e-07
5.00542086769359e-07,4.012245405627164e-07
5.005514407416973e-07,2.430818120297817e-07
5.005650387497899e-07,1.398664753288889e-07
5.005860608411491e-07,8.519450947484543e-08
5.006128480297574e-07,6.247365168239097e-08
5.00646361502881e-07,4.91332932160388e-08
5.006904335129727e-07,3.893011872344078e-08
5.007561484558514e-07,3.001802587628533e-08
5.008643421075092e-07,2.21361792003732e-08
5.010233695649465e-07,1.642429659679048e-08
5.012573165919336e-07,1.240479783849569e-08
5.015787158776336e-07,9.744421475386056e-09
5.020350002527228e-07,7.872379910213288e-09
5.026869314159273e-07,6.519302540838501e-09
5.036228250714169e-07,5.508182453836195e-09
5.04959588806028e-07,4.727644757760459e-09
5.068702612956117e-07,4.101354599671118e-09
5.08435130647806e-07,3.773878860792525e-09
5.100000000000001e-07,3.528205389409557e-09
5.100500000000001e-07,8.307994143501575e-08
5.100634409737034e-07,5.499197057296005e-07
5.100903229211099e-07,7.526364927466015e-06
5.100970223823733e-07,1.102463071418117e-05
5.101025561648429e-07,1.297887683673587e-05
5.101085303540522e-07,1.314634471832886e-05
5.101134760425745e-07,1.191461448619295e-05
5.101162450936826e-07,1.080581425947493e-05
5.101171846053962e-07,1.041669083009022e-05
5.101181837900827e-07,1.000886854943733e-05
5.101189994459953e-07,9.918432841530951e-06
5.101206307578207e-07,1.682568997295329e-05
5.101217199011146e-07,3.437652814014787e-05
5.101230654580652e-07,6.011872735378125e-05
5.101241271948075e-07,7.355660380561194e-05
5.10125186144245e-07,7.682348694325913e-05
5.101262450936826e-07,7.943114842754907e-05
5.101265564862829e-07,8.108013417448377e-05
5.101270259516832e-07,8.873890537221669e-05
5.101274538768596e-07,9.768558842087386e-05
5.101280968365603e-07,0.000108065272272205
5.101289441241661e-07,0.0001098404523947474
5.10129794348957e-07,9.987660432078196e-05
5.101306709050554e-07,8.670888549960209e-05
5.101315328837492e-07,8.631557729290677e-05
5.101325203746303e-07,0.0001017720861259675
5.101335131441792e-07,0.0001117594988060839
5.101346512892619e-07,0.0001085268893089457
5.101357687648248e-07,9.503921072664548e-05
5.101369355341063e-07,7.938651889401685e-05
5.101381251546706e-07,7.855423011997256e-05
5.101393623586306e-07,9.175331700794534e-05
5.10140449025448e-07,9.755540615337287e-05
5.101415476743441e-07,9.18307644833339e-05
5.101428632645311e-07,7.489496671528408e-05
5.101440096569367e-07,6.235227018786729e-05
5.101449771485583e-07,5.48976354910992e-05
5.10145761051211e-07,4.498471017942148e-05
5.101464363998038e-07,3.314178635805156e-05
5.101471877511313e-07,1.956015015324051e-05
5.101477511874847e-07,1.14340353575318e-05
5.101484276225306e-07,5.890111920037825e-06
5.101492588623974e-07,2.839976816879452e-06
5.101500468817438e-07,1.52495756110012e-06
5.101508022896066e-07,8.897881511743994e-07
5.10151699044418e-07,5.150828773785691e-07
5.101530145318348e-07,2.815945009844978e-07
5.101548422440718e-07,1.63984813164748e-07
5.101570479404524e-07,1.051279339625677e-07
5.10159878141385e-07,6.468589165523012e-08
5.101638178506967e-07,3.424862767998821e-08
5.101701460685579e-07,1.433055883999661e-08
5.101800757691247e-07,7.116146336210854e-09
5.101900378845624e-07,5.996436393109656e-09
5.102000000000001e-07,5.729316005140204e-09
5.102051517344878e-07,3.911230306144618e-09
5.102113279386274e-07,3.876594775306714e-09
5.10217176216641e-07,3.865218586591058e-09
5.102288727726682e-07,3.863726146083264e-09
5.102473662243072e-07,3.858823869777649e-09
5.102795873505831e-07,3.85473943805303e-09
5.103434307139796e-07,3.843300442643957e-09
5.104609849772929e-07,3.826245114983992e-09
5.106882747756558e-07,3.790504799595025e-09
5.111281744354892e-07,3.728264977019877e-09
5.119685251280887e-07,3.616100549614537e-09
5.129842625640444e-07,3.497617188474807e-09
5.140000000000001e-07,3.393188787863058e-09
5.140307639552171e-07,7.720478167618823e-09
5.140696570199851e-07,1.561412345886247e-06
5.140891035523691e-07,7.108010816289343e-06
5.14097935578261e-07,1.012600151622614e-05
5.141078891216213e-07,1.297800352248614e-05
5.141167773527132e-07,4.229737588225766e-05
5.141240485286581e-07,8.232663065243037e-05
5.141292702329645e-07,9.124906824174916e-05
5.14133876346326e-07,0.0001040810832759419
5.14137407056856e-07,0.0001402472011547107
5.141399662241059e-07,0.0001831215345140041
5.141427299915675e-07,0.000233654156763863
5.141454102402168e-07,0.0002756786653830628
5.141487680745565e-07,0.0003087999885223796
5.141516706097772e-07,0.0003293164118502893
5.141532555946432e-07,0.000350780407288804
5.141549074559209e-07,0.000380812077116191
5.141562904897598e-07,0.000400939037191209
5.141575646087233e-07,0.0004076026392357083
5.141591241057981e-07,0.0003952239728004111
5.141601677230812e-07,0.0003762502854039552
5.141609087335473e-07,0.0003610983169435878
5.141617049443393e-07,0.0003457633004480815
5.141626113120721e-07,0.0003303444842983198
5.141641853439697e-07,0.0003063521406235598
5.141653508658964e-07,0.0002888532856495518
5.141665170721336e-07,0.0002706443134965047
5.141677720304977e-07,0.0002499815283046204
5.141695548063237e-07,0.0002184633092930556
5.141715405060334e-07,0.0001818795839935867
5.141731267603268e-07,0.0001547377200982928
5.141746902443644e-07,0.0001322223957948039
5.141772449406246e-07,0.0001051785844358818
5.141795224010174e-07,8.815593898672657e-05
5.141823434584675e-07,7.473475194697941e-05
5.141845297220458e-07,6.818027616981652e-05
5.141869144546059e-07,6.29323705827312e-05
5.141898510534087e-07,5.754721080960494e-05
5.141932897449174e-07,5.234108307506239e-05
5.14197098737505e-07,5.635564707477272e-05
5.142000000000001e-07,7.929862676895165e-05
5.14200788243714e-07,8.734226243856057e-05
5.142023647311419e-07,0.0001028668164478509
5.142046590841816e-07,0.0001091685514837915
5.142069993624916e-07,0.0001047197109839969
5.142082149206723e-07,0.0001135651636296568
5.142090505087031e-07,0.0001199653850618223
5.142099446097023e-07,0.0001188889200607045
5.142109505598278e-07,0.0001046932555166228
5.142119261095686e-07,8.021240327081699e-05
5.142128728510901e-07,5.477576073595758e-05
5.142136144070548e-07,3.863585671222156e-05
5.142144346571432e-07,2.757692823817442e-05
5.142155628651045e-07,2.10823025007453e-05
5.142167837934706e-07,1.836472327409851e-05
5.142177870099184e-07,1.696771036747163e-05
5.142188625278274e-07,1.577557657588606e-05
5.142202608260982e-07,1.45597327042235e-05
5.142221818644137e-07,1.338498576112128e-05
5.142251979721876e-07,1.231120480767585e-05
5.142299315898483e-07,1.145943149415571e-05
5.142343610399165e-07,1.092995371462841e-05
5.142393747802404e-07,1.040322684494675e-05
5.142451602140902e-07,9.835469289495009e-06
5.1425348800254e-07,9.083945150842993e-06
5.142659191505868e-07,8.351495880264355e-06
5.142829764265938e-07,9.357437737243444e-06
5.1430452312559e-07,1.368363519956457e-05
5.143158267482841e-07,1.552082616890043e-05
5.143209650929541e-07,1.573181997483054e-05
5.143275822628833e-07,1.44632299327988e-05
5.143325967444136e-07,1.25014324454887e-05
5.143368890272417e-07,1.036411232634177e-05
5.143400068135379e-07,9.07998478487764e-06
5.143432000122639e-07,8.392764890445886e-06
5.143469698539989e-07,8.390457500561402e-06
5.143506423212107e-07,9.059542218118968e-06
5.143563163191147e-07,1.051613909380742e-05
5.143642652781376e-07,1.208244039570305e-05
5.143720453131743e-07,1.244792636955041e-05
5.143793934625521e-07,1.179701440838772e-05
5.143872954996854e-07,1.333273976247529e-05
5.143951440072709e-07,3.272210855234906e-05
5.144024669615745e-07,5.755981375122932e-05
5.144088687681569e-07,6.72496072283694e-05
5.144174589559502e-07,9.212747030200378e-05
5.144239463547651e-07,0.0002383958727009673
5.1442899171209e-07,0.0003877716511697083
5.144325490940824e-07,0.0004032586986863009
5.144345263073008e-07,0.0003987622585768506
5.144359228227427e-07,0.0004107230912018522
5.144377475546334e-07,0.0004512431388434314
5.144391426429206e-07,0.0004904785080569258
5.144406600051553e-07,0.0005433691448531744
5.144419332890924e-07,0.0006343848352851695
5.144429228487012e-07,0.0007037097873407996
5.144438514859223e-07,0.0007218028339175492
5.144447053820953e-07,0.0007007346419152674
5.14445600711878e-07,0.0006549967079446631
5.144465120541816e-07,0.0005854837666864171
5.144472691837755e-07,0.0005216032047880587
5.144479043245615e-07,0.0004702481892159145
5.144488460133817e-07,0.0004056416114987261
5.144496829338583e-07,0.0003626681030497433
5.144504096905634e-07,0.0003322695509481089
5.144511646666184e-07,0.0003037382926433715
5.144517188656362e-07,0.0002874201961026979
5.144522853209771e-07,0.0002776702006187258
5.14452883334779e-07,0.0002729581842094294
5.144537335084585e-07,0.0002683295313595529
5.144546635065466e-07,0.0002604957801556802
5.144555926662382e-07,0.0002485959828481448
5.144565836939338e-07,0.0002338500890215102
5.144577486351088e-07,0.0002243947085055857
5.14459177279599e-07,0.0002375562768203304
5.144601870819363e-07,0.0002518900655350549
5.144612222451306e-07,0.0002554580438673023
5.144620028527248e-07,0.0002492673989722962
5.144628097521402e-07,0.0002392720236992886
5.144635850737088e-07,0.0002300012682905016
5.144646091840905e-07,0.0002152023075129658
5.144660089842892e-07,0.0001865977242075285
5.144671736791735e-07,0.0001635187085040235
5.144682685360645e-07,0.0001483748962818416
5.14469521244677e-07,0.0001341285221645348
5.144710531943186e-07,0.0001133989302729088
5.144724933082384e-07,9.462824775983587e-05
5.144738001887115e-07,9.22342851984847e-05
5.144752983488615e-07,0.0001092152846524604
5.144767564545079e-07,0.0001273453701238214
5.14478078020839e-07,0.0001297316219600256
5.144793425909657e-07,0.0001203961625479034
5.144808600900207e-07,0.0001198186434203803
5.144821501521245e-07,0.0001617414393287137
5.144834565668245e-07,0.0002154175248919103
5.144845124816907e-07,0.0002293244988519313
5.144860116973932e-07,0.000203135171084047
5.144871762851266e-07,0.0002062443646839067
5.144882657772065e-07,0.0002451798495475116
5.144893336982768e-07,0.0002655069465533608
5.144902825304311e-07,0.0002569666351541553
5.144913058191467e-07,0.0002295065328956237
5.144924260873937e-07,0.000206647882590667
5.144934596335498e-07,0.0002384643873879003
5.144946501960976e-07,0.0003604038584045281
5.144961674043008e-07,0.000530846263864073
5.144979906842774e-07,0.0006336204022562371
5.144995934878043e-07,0.0006333605606189111
5.14501665994695e-07,0.0005562250049800864
5.145037483686466e-07,0.0004400198863261157
5.145059074566407e-07,0.0003147871068574281
5.145083116160161e-07,0.0001910066121331486
5.145111928159933e-07,8.189916344633254e-05
5.145143979403487e-07,2.398045046809213e-05
5.145184242154558e-07,6.128389016005954e-06
5.14522405055451e-07,3.84966162192199e-06
5.145257395780865e-07,3.463520385777231e-06
5.145295519839718e-07,3.180950058735502e-06
5.14534423427756e-07,2.868590932721604e-06
5.145423494184708e-07,2.425387129303309e-06
5.145552504353092e-07,1.843944713994752e-06
5.145808676614886e-07,1.067394340553699e-06
5.146274809607475e-07,4.00309902605614e-07
5.146883434732457e-07,1.321772037119084e-07
5.147637542669363e-07,5.757186650380804e-08
5.148546764056709e-07,3.88893732034715e-08
5.149759568523425e-07,3.079618755446383e-08
5.151454443484017e-07,2.509593087519937e-08
5.154064751471737e-07,2.041154983307927e-08
5.158129940453655e-07,1.665828134398136e-08
5.163830048064661e-07,1.389235405130001e-08
5.171908725940643e-07,1.169546327634401e-08
5.183344568101912e-07,9.869245389661764e-09
5.191672284050956e-07,8.975311210606723e-09
5.200000000000001e-07,8.277469302171482e-09
5.200279989171171e-07,1.702306052686818e-08
5.200645251493886e-07,2.047655382455894e-06
5.200827882655244e-07,1.044181684963606e-05
5.200894592640575e-07,1.544513379001555e-05
5.200953178907079e-07,1.867403457655203e-05
5.201009933081065e-07,1.991141322916759e-05
5.201084858331602e-07,1.863696309910863e-05
5.201140839296755e-07,1.623636345964508e-05
5.201191074244053e-07,1.474136025993634e-05
5.201226563552778e-07,1.632033889810931e-05
5.201241682383344e-07,1.850952313229096e-05
5.201271920044476e-07,2.818800011281334e-05
5.201302881185042e-07,4.78986817715834e-05
5.20136042767403e-07,0.0001021610376323452
5.201415140508003e-07,0.0001448041538653956
5.201465095303471e-07,0.0001590236069110762
5.201514066222382e-07,0.0001508511788571714
5.201572979726275e-07,0.000140165282620942
5.201596482445206e-07,0.0001463197617665265
5.201615757608273e-07,0.0001554221131884052
5.201636506939113e-07,0.0001650130707679874
5.201659736336344e-07,0.0001727792545354801
5.201683663333515e-07,0.0001922439867336272
5.201706235793838e-07,0.0002065447544666831
5.201722825449458e-07,0.0002323789439973819
5.20173797598365e-07,0.0002803908869074264
5.201751591879414e-07,0.0003243527791136759
5.201766986845315e-07,0.0003525447596150969
5.201783297102462e-07,0.0003566316960723744
5.201798384411858e-07,0.0003524442953930516
5.201811885726062e-07,0.0003402123358307314
5.201821512401021e-07,0.0003303087480816633
5.201832925973849e-07,0.0003202122848986032
5.2018478847053e-07,0.0003063923591415166
5.20185842947157e-07,0.0002958789005685701
5.201870448474251e-07,0.0002822018784800196
5.201880714307233e-07,0.0002692461015621952
5.201892334276719e-07,0.0002540623675098007
5.201903309393645e-07,0.0002395367240201271
5.201921102257244e-07,0.0002177042154108761
5.201933631453832e-07,0.000205423370918729
5.201949114466698e-07,0.0001952735223375816
5.201963502589403e-07,0.0001915916556879476
5.201985324197349e-07,0.0001948746441431019
5.202e-07,0.0001992421698050714
5.202005390250343e-07,0.0001999674855228195
5.20201617075103e-07,0.0002001053537625901
5.202027070825687e-07,0.0001972246603873966
5.202043363647382e-07,0.0001880834121354601
5.202061001683342e-07,0.0001912073732893806
5.202075977678782e-07,0.000201814679389883
5.202089148012951e-07,0.0002065168911188003
5.202100350842104e-07,0.0002076623521685127
5.202114685775315e-07,0.0002054190258389491
5.202126962823186e-07,0.0002021285395993878
5.202138584245808e-07,0.000199116324871249
5.202153551885308e-07,0.0001955363913112972
5.202183487164309e-07,0.000189443077182354
5.202233292487794e-07,0.0001811855392543093
5.202278472893913e-07,0.0001778371785388132
5.202305806453928e-07,0.0001818674141596123
5.202336886446673e-07,0.0001827114257340091
5.202361583818687e-07,0.0001754286220878367
5.202371796351093e-07,0.0001750428089528617
5.202381454698936e-07,0.0001814723286091828
5.20239000671404e-07,0.0001912520730464572
5.202399157811479e-07,0.000196798645005332
5.202407081691876e-07,0.0001916050944396211
5.20241994764774e-07,0.0001609196273261032
5.202430039948791e-07,0.0001255268059449025
5.202437964237611e-07,0.0001013297042263005
5.202444236058769e-07,8.889304679045697e-05
5.202452676664436e-07,7.906892268907237e-05
5.202461492443703e-07,7.220517498862723e-05
5.20246864363509e-07,6.794389961888355e-05
5.20247699720896e-07,6.389767597623186e-05
5.202490923373293e-07,5.848542936023432e-05
5.20250869495512e-07,5.29996718887456e-05
5.202528975511083e-07,4.798045971287147e-05
5.202553716333187e-07,4.312768253287096e-05
5.202587783585789e-07,3.809702760610251e-05
5.202630775916051e-07,3.36278893800399e-05
5.202681810491616e-07,3.000997466846903e-05
5.202747034464214e-07,2.65901586680318e-05
5.202802291509235e-07,2.394842564278934e-05
5.202862629432404e-07,2.057183895021422e-05
5.202907059485747e-07,1.77274387630871e-05
5.202956539777788e-07,1.446377995444659e-05
5.203004032860268e-07,1.149732839815952e-05
5.20305459136426e-07,9.392373019868724e-06
5.203091481116856e-07,8.528925155592806e-06
5.203135852474412e-07,8.061278780521184e-06
5.203194902661188e-07,8.003474972384236e-06
5.203283223429416e-07,8.323565041270176e-06
5.203374227027129e-07,8.476947435617651e-06
5.203477533395809e-07,8.136344596613917e-06
5.203584846818601e-07,7.335491705781399e-06
5.203706256937805e-07,8.171682747281573e-06
5.203836391373797e-07,2.645726237847918e-05
5.203942445693384e-07,5.128793313598399e-05
5.204026224636127e-07,5.778137581188016e-05
5.204081024250596e-07,6.639789295436062e-05
5.204115832423659e-07,9.446306886594139e-05
5.20414781166018e-07,0.0001448098606090488
5.204181069815671e-07,0.0002086403009698507
5.204213872608231e-07,0.0002597198782274259
5.204236700334148e-07,0.0002855855480429126
5.204259742721255e-07,0.000330568403237543
5.204282051091902e-07,0.0004534570528934272
5.204298110238837e-07,0.0005765354676421548
5.204312534412429e-07,0.0006639192597958453
5.204322869206828e-07,0.0007443125916379988
5.204334417513801e-07,0.0008388790431408377
5.204343307360863e-07,0.0008690839938067222
5.204351625116437e-07,0.0008562810375932454
5.204358593563255e-07,0.0008261079390652256
5.204367711105463e-07,0.000767142929813825
5.204373884497226e-07,0.0007193706456496285
5.204380601832689e-07,0.0006661769757022597
5.204386810419518e-07,0.0006202594278407953
5.204393659266271e-07,0.0005776312913653922
5.204400893668191e-07,0.0005413903995885203
5.204409402979307e-07,0.0005033829748192105
5.204418721276561e-07,0.0004560325533603813
5.204428996048643e-07,0.000391423371853898
5.204439908710571e-07,0.0003145262255714225
5.204452148266381e-07,0.0002381873916333763
5.20446418666784e-07,0.0001944219192062491
5.20447297952745e-07,0.00017202425289895
5.204481117798382e-07,0.0001477174867383753
5.204486762846905e-07,0.0001391985726513566
5.204493076810531e-07,0.0001425208762392315
5.204498988244177e-07,0.000146785006762952
5.20450757773352e-07,0.000147340525153658
5.204515753782694e-07,0.0001420160582016759
5.204524842236489e-07,0.0001322174901387314
5.204535375410336e-07,0.0001186018519911849
5.204548235717908e-07,0.0001018869579706116
5.204564399853532e-07,8.852145267846493e-05
5.204582137135684e-07,9.245932696340971e-05
5.204598317654461e-07,0.0001006617664595126
5.204611844756547e-07,9.961514931716875e-05
5.204629505819722e-07,8.914084570886007e-05
5.204643930632316e-07,9.597379089843648e-05
5.204658415460689e-07,0.0001327346881702651
5.204669538670852e-07,0.0001648826032775432
5.204682083209567e-07,0.0001826684168232071
5.204695248401395e-07,0.0001847976787582961
5.204706004001806e-07,0.0001936538244408102
5.204716684016771e-07,0.0002084279851944891
5.20472502543253e-07,0.0002266989739991432
5.20473478914419e-07,0.0002501216312305703
5.204743587116303e-07,0.0002676118229454719
5.204752342913705e-07,0.000279894828180723
5.204761051155177e-07,0.0002731329927946646
5.204769593376515e-07,0.0002549864788961038
5.204779555162903e-07,0.000261708030541274
5.204789560311852e-07,0.0003120474495496985
5.204798866839825e-07,0.0003634227997177617
5.204809036189701e-07,0.0003934467348146562
5.204821014053567e-07,0.00037938398977312
5.204831016289945e-07,0.0003705339688856215
5.204841270942084e-07,0.0004257414821807634
5.204854662504014e-07,0.0005389512634079112
5.204865948601552e-07,0.0005963042811407476
5.204876053297523e-07,0.0006069774273751984
5.204890314298219e-07,0.0005769669552345763
5.20490276727997e-07,0.0005282223462376639
5.204915630130435e-07,0.0004728600151658938
5.204930000912921e-07,0.0004124851667219819
5.204950195832289e-07,0.0003354779818489434
5.204979620170261e-07,0.0002421441313494876
5.205025491966854e-07,0.0001340684140926814
5.205065152772328e-07,6.979663802507196e-05
5.205101024119921e-07,3.401459148016922e-05
5.205137430483847e-07,1.508513142169867e-05
5.205184064686709e-07,5.301014566485265e-06
5.205241365879495e-07,1.891567460059839e-06
5.205297595937675e-07,1.003973901807721e-06
5.205360592713037e-07,6.12097025031002e-07
5.205435635376811e-07,3.736384414937731e-07
5.205537998794007e-07,2.086374874484218e-07
5.205685890108397e-07,1.106264099200858e-07
5.205917165228539e-07,6.405993750565321e-08
5.206189373892685e-07,4.732505772096178e-08
5.206537208759586e-07,3.710699134176757e-08
5.206997235407924e-07,2.933190411376528e-08
5.207717220675691e-07,2.239806579532231e-08
5.208866203457343e-07,1.663409477767661e-08
5.210598359244069e-07,1.245307069413963e-08
5.213062467166914e-07,9.648716257960367e-09
5.216479926981162e-07,7.774483206569135e-09
5.221326797284374e-07,6.456135635519161e-09
5.228279627662725e-07,5.494584834482039e-09
5.238245862115255e-07,4.768890481876377e-09
5.252478239383458e-07,4.197776117361027e-09
5.272823037019223e-07,3.727594123868838e-09
5.3e-07,3.349353330903275e-09
5.3005e-07,8.289766751787475e-08
5.300634409737033e-07,5.497402136029231e-07
5.300903229211099e-07,7.526186114444438e-06
5.300970223816154e-07,1.102446112992491e-05
5.301025561638349e-07,1.297869817236363e-05
5.301085303529037e-07,1.31461665792891e-05
5.301134760423779e-07,1.191443639226521e-05
5.301162450936865e-07,1.080563616435371e-05
5.301171846054551e-07,1.046247672374896e-05
5.30118183790211e-07,1.010560849769252e-05
5.301189994461612e-07,1.010381874393333e-05
5.301206307580614e-07,2.024363604770745e-05
5.30121714190464e-07,4.716446777148793e-05
5.301230610979097e-07,9.145101922589466e-05
5.301241221309949e-07,0.0001187114749768247
5.301251836123407e-07,0.0001317979499169282
5.301262450936864e-07,0.0001388221335860959
5.301265567763475e-07,0.0001373322258883117
5.301270269086522e-07,0.000141984843532914
5.301274553978814e-07,0.0001510486121932458
5.301280984731152e-07,0.000168703389160913
5.301289468183099e-07,0.0001901800043175153
5.30129797550258e-07,0.0002003169628148565
5.301306743710293e-07,0.0001969080954769913
5.301315362531201e-07,0.0001929992204544529
5.301325249978187e-07,0.0001942631070236146
5.301335158450253e-07,0.0001946046998106632
5.301345542650288e-07,0.0001892543096238688
5.301356620061969e-07,0.0001704758027543279
5.301365235240187e-07,0.0001523177002125357
5.301374769413245e-07,0.0001382544437005007
5.301386291612702e-07,0.0001378737361287212
5.301395546041919e-07,0.0001427597564667267
5.301405772436622e-07,0.0001422457821642779
5.301418178562128e-07,0.0001322311055095311
5.30142952985557e-07,0.0001220641463108017
5.301441198794531e-07,0.0001223081438653632
5.301450228826131e-07,0.0001261195655106068
5.301458080485883e-07,0.0001234615875252155
5.301464153386881e-07,0.0001162061048906794
5.301471555467413e-07,0.0001037361714266747
5.301477124442886e-07,9.385048937367204e-05
5.301483841288606e-07,8.371725680882334e-05
5.301491830278631e-07,7.296293171086248e-05
5.301499943392624e-07,6.301963870251671e-05
5.301507368762491e-07,5.491454995430728e-05
5.301515530419205e-07,4.555335285431869e-05
5.301524230591888e-07,3.372918180384427e-05
5.301531315429697e-07,2.357514940377996e-05
5.301538748190363e-07,1.469100586355123e-05
5.301545631122166e-07,9.019625647736621e-06
5.301554693464302e-07,5.046951844858276e-06
5.301566011004609e-07,2.988688772729685e-06
5.301577665776507e-07,1.974831171073791e-06
5.301588219877037e-07,1.386189906215576e-06
5.301600148583592e-07,9.271673346828679e-07
5.301615900414163e-07,5.408112038199546e-07
5.301640105238315e-07,2.337082962657629e-07
5.301676931917392e-07,6.698566248165271e-08
5.301722879341792e-07,1.869261640685433e-08
5.301776662795535e-07,8.640404341705703e-09
5.301842347644357e-07,6.550380662062261e-09
5.301929708387798e-07,5.991991965333528e-09
5.302e-07,5.830393366722338e-09
5.302043274239e-07,4.031219299762578e-09
5.30209542641671e-07,3.978252651861593e-09
5.302144334790908e-07,3.965965491623318e-09
5.302242151539304e-07,3.964963339875602e-09
5.302395721717768e-07,3.960841766892863e-09
5.302671564121242e-07,3.956505301881297e-09
5.30322324892819e-07,3.949416587222634e-09
5.304297970215454e-07,3.932421365908871e-09
5.306447412789981e-07,3.90150818834563e-09
5.310746297939035e-07,3.842402542614979e-09
5.319344068237144e-07,3.733821680765739e-09
5.329672034118572e-07,3.617943415498792e-09
5.34e-07,3.515192173168107e-09
5.34031009195501e-07,8.02260674064012e-09
5.340701086818939e-07,1.631771384413288e-06
5.340863450966572e-07,6.106972717290305e-06
5.340946141918866e-07,9.245450978527699e-06
5.341046339349167e-07,1.146154108060022e-05
5.34112679310279e-07,2.255874014976567e-05
5.341177907523983e-07,4.880931375093825e-05
5.341237461846112e-07,8.216932057426081e-05
5.341283200982771e-07,9.086728131543089e-05
5.341325407873886e-07,9.777800401323262e-05
5.341357685862076e-07,0.0001186738014033585
5.34138299514108e-07,0.0001527873668519212
5.341414561545479e-07,0.0002092690682899203
5.341439243890998e-07,0.0002528719470254058
5.341468487921974e-07,0.0002927980672423461
5.34149894058649e-07,0.000316439128747864
5.341518597699995e-07,0.0003317190375189647
5.341540527125414e-07,0.0003648649962987527
5.341555968048616e-07,0.0003924627509160178
5.341569237178316e-07,0.0004075247809085919
5.341584034062126e-07,0.0004072318452993771
5.341600460227131e-07,0.000383915523872703
5.341608796375438e-07,0.0003670035735957035
5.341618436684177e-07,0.0003484477099812182
5.341626538213618e-07,0.0003346983704168885
5.341642446198208e-07,0.0003106548384212178
5.341654440247497e-07,0.0002929892803126808
5.341666220893808e-07,0.000274964938008365
5.341678533430903e-07,0.0002551040907075588
5.341696344503584e-07,0.0002241616868336397
5.341716304686283e-07,0.000187725224093788
5.341732121718917e-07,0.0001605868686837951
5.341747721602894e-07,0.0001374970870087636
5.341773929399467e-07,0.000108170229388751
5.341796812135174e-07,8.997429852961626e-05
5.341824629631558e-07,7.600059659791899e-05
5.341846592797229e-07,6.915166844165237e-05
5.341870272347952e-07,6.385870480815614e-05
5.341899783307816e-07,5.848315939209856e-05
5.341934139916969e-07,5.296789284136282e-05
5.341972301139237e-07,5.395380992020414e-05
5.342e-07,7.153502338698001e-05
5.342008324656981e-07,7.975211320201692e-05
5.342024973970944e-07,9.765836995043798e-05
5.342047737258368e-07,0.0001100878637108
5.342067953613797e-07,0.0001048675114624692
5.342090229135792e-07,0.000113382783396093
5.342100093474925e-07,0.0001197632503980404
5.34211047366473e-07,0.0001148971546543561
5.342120753647377e-07,9.586462197138491e-05
5.342130892283986e-07,6.855672743664617e-05
5.342139491270922e-07,4.695681753087682e-05
5.342146736186333e-07,3.354996558182158e-05
5.342156283464405e-07,2.413746948786958e-05
5.342171016307993e-07,1.905390859423811e-05
5.342181333694801e-07,1.743621793954838e-05
5.342191923841981e-07,1.616031812124918e-05
5.342203484495996e-07,1.504061850835038e-05
5.342222161441216e-07,1.371191037573741e-05
5.342246094306609e-07,1.265041948978049e-05
5.342289236604043e-07,1.16631116283857e-05
5.342332976373007e-07,1.108192254242369e-05
5.342380811683755e-07,1.055847812657171e-05
5.342434251071922e-07,1.002034407305503e-05
5.342506193838005e-07,9.34467733241917e-06
5.342609720998433e-07,8.559626429761793e-06
5.342763396008621e-07,8.587476134991644e-06
5.342927733813327e-07,1.118431821636905e-05
5.343103214009604e-07,1.472962101295347e-05
5.343174949819194e-07,1.569541413610442e-05
5.343218639727679e-07,1.569098573774159e-05
5.343269152077138e-07,1.471063235693536e-05
5.343310102796721e-07,1.326121683219971e-05
5.343351001297004e-07,1.134615435238614e-05
5.343385783709215e-07,9.652920312009928e-06
5.343424590243413e-07,8.520427199418737e-06
5.343456678286346e-07,8.295058688502997e-06
5.343493372451681e-07,8.749401551492302e-06
5.343540908392806e-07,9.914518355327628e-06
5.343617945838643e-07,1.168928473337105e-05
5.34369370200765e-07,1.246387236795952e-05
5.343769736629342e-07,1.210294114430626e-05
5.343852201753091e-07,1.189599404374829e-05
5.343925581615915e-07,2.362972265288817e-05
5.344000233572224e-07,5.006567629342797e-05
5.34406413929872e-07,6.501550786025321e-05
5.344139374362634e-07,7.155928787312197e-05
5.344215422724011e-07,0.0001557756458137526
5.34425312085531e-07,0.0002697671683740892
5.344294448438081e-07,0.0003719683236700159
5.344326389827367e-07,0.0003805070033276134
5.344339264077541e-07,0.0003797998240484677
5.344355207298589e-07,0.0003971310229849687
5.344373249488661e-07,0.0004469914924714669
5.344387364309357e-07,0.0004962194808817208
5.344403474707377e-07,0.000552669469056527
5.344417724595593e-07,0.0006484841677671406
5.344428151992709e-07,0.0007309342626694724
5.344437468518942e-07,0.0007640947674918061
5.344445893762595e-07,0.0007597588263228862
5.34445497601815e-07,0.000731875792418782
5.344463997082254e-07,0.0006764524590775672
5.344471911378858e-07,0.0006150889912740121
5.344478210144501e-07,0.0005647270757926015
5.344487978353344e-07,0.0004975377458513058
5.344496735682331e-07,0.0004557413722131019
5.344504093934201e-07,0.0004248816072355555
5.344511618376293e-07,0.0003911021341702125
5.344517166772617e-07,0.0003717837516277404
5.344522846630495e-07,0.0003646118802153144
5.344528812162392e-07,0.0003679655737536253
5.344537254340579e-07,0.0003774579699810572
5.344546538830784e-07,0.0003820242919497679
5.344555832745291e-07,0.0003754095263690931
5.344565733805545e-07,0.0003584061567323671
5.344577348253693e-07,0.0003404853275469803
5.34459106063836e-07,0.0003529839230208711
5.344601078845099e-07,0.0003892659985022938
5.344610804259686e-07,0.0004171633567498087
5.344619843192043e-07,0.0004157130197278066
5.344627915394453e-07,0.0003941715689019203
5.344635703096938e-07,0.0003654700985213389
5.344642203279133e-07,0.0003404665402917614
5.344649889206555e-07,0.0003095949365211225
5.34465995482659e-07,0.0002655167173247386
5.344668453227706e-07,0.000232945635126686
5.344677202671812e-07,0.0002117477758642057
5.344686795837509e-07,0.0001977627192437865
5.344697447350099e-07,0.0001836224761283148
5.344707073210803e-07,0.0001682267751458549
5.344718351371369e-07,0.0001501752610835634
5.344730830923201e-07,0.0001449070100082942
5.344743983350056e-07,0.0001621206519467356
5.344755665582592e-07,0.0001827810762231097
5.344767171823754e-07,0.0001935243227578486
5.344778866134097e-07,0.000190209221642908
5.344790968572985e-07,0.0001859166443358445
5.344802875972126e-07,0.0002020644960283294
5.344813466387224e-07,0.0002357924131060296
5.344822522903032e-07,0.000272605893013367
5.344833889783452e-07,0.0003046499353538115
5.344843569733597e-07,0.0003130421961518607
5.344853018179193e-07,0.0003034930960317182
5.344862027322916e-07,0.0002810824381442912
5.344869871240184e-07,0.0002773910235500623
5.344879482679255e-07,0.0003001122338820381
5.3448893635882e-07,0.0003199933572549403
5.34489823733901e-07,0.0003234486324731538
5.344907231935328e-07,0.0003232638255932936
5.344918539226779e-07,0.0003250638619238806
5.344929327166333e-07,0.0003480108413230084
5.344940233463778e-07,0.0004332230727065945
5.344953368006188e-07,0.0005819964671583203
5.344969473102625e-07,0.0007006732861178812
5.344984216102136e-07,0.0007175700731042759
5.345001718375206e-07,0.0006559408732959629
5.34501920149512e-07,0.0005482488084575358
5.345037642230116e-07,0.0004256791967126016
5.345057137422934e-07,0.0003079516493821894
5.34508188066715e-07,0.0001820464803957064
5.345102399730635e-07,0.0001013320140915533
5.345123778717384e-07,4.765253037572739e-05
5.345148238767412e-07,1.870955110969871e-05
5.345183557757236e-07,6.665568066287872e-06
5.345216343250348e-07,4.703577061469599e-06
5.345250076177622e-07,4.168626054354854e-06
5.345287599487469e-07,3.827323476781898e-06
5.345338254031542e-07,3.439364956655588e-06
5.345410666361253e-07,2.954753916214765e-06
5.34552948551493e-07,2.301857742133178e-06
5.345744325294895e-07,1.463408516050259e-06
5.346174004854826e-07,5.948820525848799e-07
5.346754568116738e-07,1.990564443749512e-07
5.34748788216931e-07,7.922785489236451e-08
5.348358427877475e-07,4.959011452263078e-08
5.349500554582261e-07,3.788351690959095e-08
5.351038491324333e-07,3.026755393570763e-08
5.353346589012508e-07,2.413612834795787e-08
5.357113961265788e-07,1.906497110197112e-08
5.362329831726463e-07,1.552114591121216e-08
5.369679024135387e-07,1.283285625373956e-08
5.380035547531677e-07,1.069008571750319e-08
5.390017773765839e-07,9.391399280525546e-09
5.4e-07,8.458557157541158e-09
5.400305101135605e-07,2.129908950544815e-08
5.400691889382767e-07,3.287785603125071e-06
5.400885283506348e-07,1.447873262998787e-05
5.400957796154045e-07,1.866278902857577e-05
5.401036928974749e-07,1.974650907321007e-05
5.401089817902888e-07,1.839906076541441e-05
5.401146689752678e-07,1.596309446192132e-05
5.401192347974648e-07,1.473767951016322e-05
5.40122707100353e-07,1.638903151807268e-05
5.40124391891233e-07,1.898295723120504e-05
5.401277614729931e-07,3.109579970728309e-05
5.401310980246856e-07,5.469853692435577e-05
5.401368050583847e-07,0.0001094344942681134
5.401424319731767e-07,0.0001493074125776248
5.401472414318762e-07,0.0001590866302887473
5.401523205603302e-07,0.0001480992160909263
5.401582995967803e-07,0.0001417963979452058
5.40160678735689e-07,0.0001507959822035678
5.401627051648747e-07,0.0001606735571468431
5.401646981903146e-07,0.0001683817139485492
5.401673880135828e-07,0.0001825617454910356
5.401696428133491e-07,0.0002015223875192611
5.401716778674956e-07,0.0002190675329836165
5.401731406790242e-07,0.0002583484329494251
5.401746328548722e-07,0.0003089046783051367
5.401759738813708e-07,0.0003432702841893758
5.401775687044585e-07,0.0003559819650257631
5.401792666856683e-07,0.0003553381691992418
5.401806740621224e-07,0.0003453018959884679
5.401817777555737e-07,0.0003338626831770836
5.401827441970293e-07,0.0003248738534682824
5.401840166674649e-07,0.0003135656301635346
5.401851667031153e-07,0.0003025476415251165
5.401862537743487e-07,0.0002913808380862507
5.401875347782e-07,0.0002759348493867388
5.401886288159012e-07,0.0002618525003375384
5.40189579707675e-07,0.0002493113586914106
5.401910266851899e-07,0.0002303376768095814
5.401926303472973e-07,0.000212112198031863
5.401937840664607e-07,0.0002019528200006091
5.401957274174213e-07,0.0001924835880329352
5.401973400439844e-07,0.0001920362404963374
5.401986700219922e-07,0.000195406524458859
5.402e-07,0.0001993353436282258
5.402005350465997e-07,0.0002000450942350993
5.40201605139799e-07,0.0002001634930772477
5.402026655560378e-07,0.0001973893245637824
5.402042804352173e-07,0.0001883305450737824
5.402060483081367e-07,0.0001909135279559082
5.402075456148752e-07,0.0002016016094583186
5.402088731012889e-07,0.0002064463476993919
5.402099910712306e-07,0.0002076702193152743
5.402114086819653e-07,0.0002055306701633886
5.402126547670145e-07,0.0002022049959800967
5.402138098261446e-07,0.0001992069088715824
5.402152926030395e-07,0.0001956493668837004
5.402182581568293e-07,0.0001895877891740695
5.402231348726452e-07,0.0001815093327486466
5.402277440435017e-07,0.0001777530080881432
5.402305864400131e-07,0.0001818275871247034
5.402337295936295e-07,0.0001826303754643765
5.402362116422216e-07,0.0001753075418729685
5.402372260045752e-07,0.0001751267138450723
5.402381839408329e-07,0.0001817327690922397
5.402390359503481e-07,0.000191483343224509
5.402399428084324e-07,0.0001967861318669564
5.402407383032502e-07,0.0001913521868882956
5.402419845355335e-07,0.0001616195986560775
5.402429973992163e-07,0.000126150185106222
5.402437896198088e-07,0.0001018041741444977
5.402444160787618e-07,8.919306709401163e-05
5.402452495370858e-07,7.935308863713188e-05
5.402461531126235e-07,7.226325770795842e-05
5.402468650682599e-07,6.800850825803053e-05
5.402476994125523e-07,6.395558922705608e-05
5.402490598768934e-07,5.864366008053806e-05
5.402508363640416e-07,5.312788091961071e-05
5.402528526618145e-07,4.811002419289254e-05
5.402553181969388e-07,4.32442453651203e-05
5.402586856853839e-07,3.823193661981739e-05
5.402629768491563e-07,3.372847749892557e-05
5.402680483537237e-07,3.010047171363652e-05
5.402745327848004e-07,2.66815635380119e-05
5.402801203875453e-07,2.400904905424759e-05
5.40286205938913e-07,2.060929079083777e-05
5.402906555967565e-07,1.776003120871677e-05
5.402956899434337e-07,1.443771369036838e-05
5.403004242849133e-07,1.148372467719204e-05
5.403054656982446e-07,9.390335766180408e-06
5.403091619664858e-07,8.52793173028838e-06
5.403135787294443e-07,8.06395398026932e-06
5.403195070551812e-07,8.006511710940333e-06
5.403283399273845e-07,8.326313642324385e-06
5.403374472761138e-07,8.477743462864606e-06
5.403477788453212e-07,8.134711761431615e-06
5.403585164001426e-07,7.332181234136064e-06
5.403706712223047e-07,8.197743967570578e-06
5.403836740214137e-07,2.65823611284786e-05
5.403942576278207e-07,5.133574392893978e-05
5.40402633314234e-07,5.778872837063629e-05
5.40408066695199e-07,6.631243649979392e-05
5.404115452798619e-07,9.42020677781639e-05
5.404147441539248e-07,0.0001444250314322694
5.404180708915521e-07,0.0002082732160825846
5.40421354677657e-07,0.0002595135262713262
5.404236302529048e-07,0.0002853118936895524
5.404259352345606e-07,0.0003302931593860447
5.404281689720841e-07,0.000454706722636657
5.404297794828444e-07,0.00058112179840868
5.404312239899013e-07,0.0006698240682947185
5.404328157505855e-07,0.0007959653649580149
5.40433930340437e-07,0.0008622572341119418
5.404348145110345e-07,0.0008656077156954739
5.404355873472981e-07,0.000839195060394168
5.404364311698641e-07,0.0007917845716143271
5.404375170537299e-07,0.0007102793747197014
5.404383448725497e-07,0.0006463015878955352
5.404389812486924e-07,0.0006032735088774594
5.404400046156224e-07,0.0005498612702992495
5.404407520696459e-07,0.0005175380355197648
5.404417291201496e-07,0.0004704945475392622
5.404426866779706e-07,0.0004122845933301171
5.404437906931112e-07,0.0003343096597265969
5.404449540587469e-07,0.0002568937289918563
5.404461816161757e-07,0.000204074321187874
5.404471158283693e-07,0.0001801636280496373
5.404479193796778e-07,0.0001557989236263207
5.404484684156183e-07,0.0001425509386641544
5.404491171264745e-07,0.0001419971646126715
5.404497028371704e-07,0.000146690459569562
5.404503930040759e-07,0.0001489950760979824
5.40451350581157e-07,0.0001450374893319098
5.4045217130324e-07,0.0001369090453458226
5.404532006466857e-07,0.0001240175115140137
5.404543435940084e-07,0.0001086979716150105
5.404558665319548e-07,9.217054619546361e-05
5.404575957679678e-07,8.950421028088181e-05
5.40459439937582e-07,9.951940502616654e-05
5.404608336488867e-07,0.000101079948804424
5.404624482581937e-07,9.243533134863849e-05
5.404640244999252e-07,9.100262876661133e-05
5.404654088779619e-07,0.0001191312455388723
5.4046659378404e-07,0.0001550576762127683
5.404677504634863e-07,0.0001793049355606872
5.404689701064707e-07,0.000183704096374414
5.404701338942427e-07,0.0001884659801629547
5.40471200004624e-07,0.0002019832821253342
5.404721746108118e-07,0.0002241507869287289
5.404731982784301e-07,0.0002550733069980451
5.404742536257341e-07,0.0002759579148495661
5.404752292449184e-07,0.0002857524973486356
5.404762457496635e-07,0.0002980892415880767
5.404772236379322e-07,0.0003071124899094597
5.404782328658307e-07,0.0003444433186368631
5.404793748739099e-07,0.0003983027924401127
5.404803243514351e-07,0.0004167860195330657
5.404813402189919e-07,0.0004309248683009867
5.40482514526242e-07,0.0004470922558388595
5.404836060867431e-07,0.0005003285896548137
5.404846415226599e-07,0.0005971907061588584
5.404858266988949e-07,0.0006900114636301755
5.404870395359005e-07,0.0007210219056604108
5.404880723338602e-07,0.0007025734811582023
5.404894286750615e-07,0.0006438241496539766
5.404906150388641e-07,0.0005785809604496909
5.404919599022116e-07,0.0005038528617530844
5.404935040699506e-07,0.0004233924653290244
5.404957743770011e-07,0.0003208116316226404
5.404990872199831e-07,0.000207623871270338
5.405039104727818e-07,0.0001014343918196359
5.405079637406003e-07,4.823877575862548e-05
5.405115176203773e-07,2.272601612559513e-05
5.405151363340764e-07,1.020992214770663e-05
5.405199052344255e-07,3.892126408254475e-06
5.405253641287972e-07,1.752874290726094e-06
5.405311754796748e-07,1.009648755315025e-06
5.40537822146252e-07,6.222534922606987e-07
5.405461207510253e-07,3.675471082292074e-07
5.405575287327037e-07,1.998850201467687e-07
5.405746280350694e-07,1.069466733472947e-07
5.405980388850916e-07,6.951977419567915e-08
5.406263051286296e-07,5.320403169892265e-08
5.406624067511e-07,4.212384631784039e-08
5.407122382177435e-07,3.305661894033549e-08
5.407916030107249e-07,2.487494919737837e-08
5.409160952325068e-07,1.826127823778697e-08
5.411074603265595e-07,1.34198272558112e-08
5.413706273608491e-07,1.029150343420419e-08
5.417386466242375e-07,8.169775504989591e-09
5.422609441054688e-07,6.677466282435839e-09
5.430130364208477e-07,5.591642819755415e-09
5.440894992419374e-07,4.783674091309238e-09
5.456260125089959e-07,4.16041688335485e-09
5.478231671023739e-07,3.661091849454683e-09
5.5e-07,3.355587017259631e-09
5.5005e-07,8.290288960189106e-08
5.500634409737033e-07,5.497453664049707e-07
5.500903229211099e-07,7.526191117747521e-06
5.500970223818423e-07,1.102447020205404e-05
5.501025561641176e-07,1.297870315603142e-05
5.501085303532212e-07,1.314617142641042e-05
5.501134760424315e-07,1.19144412349872e-05
5.501162450936853e-07,1.080564101149928e-05
5.501171846054387e-07,1.041651686027408e-05
5.501181837901755e-07,1.000869569345305e-05
5.501189994461153e-07,9.918260191337421e-06
5.501206307579951e-07,1.682551967963082e-05
5.50121719896306e-07,3.437626280365789e-05
5.50123065454524e-07,6.011849973832353e-05
5.501241271906164e-07,7.355640185444478e-05
5.501251861421509e-07,7.682332198103785e-05
5.501262450936853e-07,7.943097535265513e-05
5.501265564865309e-07,8.107996086964217e-05
5.501270259524847e-07,8.873874307465815e-05
5.501274538781293e-07,9.76854358762375e-05
5.50128096837953e-07,0.0001080651111625632
5.50128944126275e-07,0.0001098402694034022
5.501297943514188e-07,9.987639713163914e-05
5.50130670907686e-07,8.67086873795942e-05
5.501315328863167e-07,8.631542896151337e-05
5.501325203780517e-07,0.0001017719627616285
5.501335131473881e-07,0.0001117593366299717
5.501346512942336e-07,0.0001085266780552863
5.501357687707327e-07,9.503895723072969e-05
5.501369355406258e-07,7.938628884316423e-05
5.50138125160873e-07,7.855410183839131e-05
5.501393623661136e-07,9.175321567199369e-05
5.501404490318409e-07,9.755523323431527e-05
5.501415476828906e-07,9.183051157091532e-05
5.501428632679458e-07,7.489471898364997e-05
5.501440096611344e-07,6.235185841305315e-05
5.501449771543377e-07,5.489702491515866e-05
5.50145761058314e-07,4.498398693589625e-05
5.501464363973925e-07,3.314125257353854e-05
5.501471877434482e-07,1.955981039623272e-05
5.501477511792809e-07,1.143379860164627e-05
5.501484276198514e-07,5.889906487973238e-06
5.501492588710123e-07,2.839773083836465e-06
5.501500468886842e-07,1.524773126320178e-06
5.501508023023541e-07,8.896069459044049e-07
5.501516990661654e-07,5.149034679640957e-07
5.501530145806085e-07,2.814165519029253e-07
5.501548422980904e-07,1.638102142065851e-07
5.501570480101618e-07,1.049541632832706e-07
5.501598782300332e-07,6.451255382236484e-08
5.501638179917639e-07,3.407556641095619e-08
5.501701463020621e-07,1.415799045717351e-08
5.501800761474284e-07,6.944063927213812e-09
5.501900380737142e-07,5.82463182149099e-09
5.502e-07,5.557714946128034e-09
5.502051516855792e-07,3.739730700269463e-09
5.502113278222172e-07,3.705215152603314e-09
5.502171760415461e-07,3.693953092599799e-09
5.50228872480204e-07,3.692688725240916e-09
5.502473657309443e-07,3.688146246241717e-09
5.502795865724383e-07,3.684686300884901e-09
5.50343429481344e-07,3.6744758199475e-09
5.504609830985904e-07,3.659652212727819e-09
5.506882721611085e-07,3.628119275732064e-09
5.511281712952212e-07,3.573644083232213e-09
5.519685227580097e-07,3.475075576670247e-09
5.529842613790049e-07,3.371138005857825e-09
5.54e-07,3.279534696643227e-09
5.540307639723209e-07,7.607318598242832e-09
5.540696570515045e-07,1.561304333958188e-06
5.540891035910963e-07,7.107912629831141e-06
5.540979356200626e-07,1.012589870715001e-05
5.541078891585064e-07,1.297792403790857e-05
5.54116777406882e-07,4.229759978292458e-05
5.541240485660222e-07,8.232697142036678e-05
5.541292703106885e-07,9.1267778524131e-05
5.541338765353099e-07,0.0001042307480742683
5.541374081727648e-07,0.0001406974958331271
5.54139967482912e-07,0.0001839179708631306
5.541427317732921e-07,0.000234932716453331
5.54145411369746e-07,0.0002774716501136886
5.541487705426696e-07,0.0003113140978252253
5.541516731028761e-07,0.0003324695418749868
5.541532579009075e-07,0.0003543013449345061
5.541549096942346e-07,0.0003847581291987981
5.541562924593508e-07,0.0004053022365283821
5.541575669420213e-07,0.0004124692805722946
5.541591262736218e-07,0.0004008392321989071
5.541602378354288e-07,0.0003808039077612956
5.541610038894786e-07,0.0003652833842635341
5.541618191196984e-07,0.0003499281225465277
5.541627299959871e-07,0.0003348842872306717
5.541643248773388e-07,0.0003113597236733588
5.541654649789339e-07,0.0002947966963808082
5.541666389980509e-07,0.0002770966027003628
5.541679110764131e-07,0.0002568561092911929
5.54169758702756e-07,0.0002250458272685284
5.541716867823383e-07,0.0001903140634957123
5.541733286185353e-07,0.0001626293124290084
5.541749334229258e-07,0.0001391840600187018
5.541775979519544e-07,0.0001089130250399912
5.541799064558229e-07,9.018729603591435e-05
5.541824744419787e-07,7.700068501049698e-05
5.541847956210837e-07,6.960176127711288e-05
5.541871035414329e-07,6.444316954387294e-05
5.541901907845019e-07,5.888927969358287e-05
5.541936152578632e-07,5.333359513829565e-05
5.541968076289316e-07,5.197149230817922e-05
5.542e-07,6.638684964381223e-05
5.542009079779396e-07,7.475607387921863e-05
5.542027239338187e-07,9.448216178385073e-05
5.54204975725432e-07,0.0001097474471237725
5.542068197879189e-07,0.0001065987766742514
5.542092855633649e-07,0.0001109187004442549
5.542102840709645e-07,0.0001189207418819778
5.542114192316492e-07,0.0001166663796166
5.542123376300377e-07,0.0001020422946793243
5.542133894866801e-07,7.490839769454374e-05
5.542142890679646e-07,5.132567761604415e-05
5.542150210644533e-07,3.633829421148734e-05
5.542158830379681e-07,2.601590455527943e-05
5.542171154843674e-07,2.016142604909971e-05
5.542182265492066e-07,1.800068769726691e-05
5.542192497964191e-07,1.663438560743779e-05
5.542203355348569e-07,1.547396484527349e-05
5.542218683810007e-07,1.421074885848411e-05
5.542238916247821e-07,1.307567006935727e-05
5.542272252474053e-07,1.20268751447669e-05
5.542317834766338e-07,1.127839530535266e-05
5.5423627492902e-07,1.075290666608995e-05
5.542413364192312e-07,1.022520745459614e-05
5.542474108717169e-07,9.63403020062069e-06
5.542561105479783e-07,8.879822744236296e-06
5.542695321751368e-07,8.318504963864518e-06
5.542897784923811e-07,1.055248979402136e-05
5.5430869791823e-07,1.445590959928823e-05
5.543166268821909e-07,1.561116924523407e-05
5.543211785021051e-07,1.572821290569752e-05
5.543267717543954e-07,1.47164151212446e-05
5.543318566120569e-07,1.285129340632303e-05
5.543359765087408e-07,1.084437240373956e-05
5.543392242455319e-07,9.358967689973314e-06
5.543427071585793e-07,8.462016887743145e-06
5.543463312117331e-07,8.327377554568472e-06
5.543498658009148e-07,8.871506078495298e-06
5.543550380499585e-07,1.017813424463397e-05
5.543629797480899e-07,1.189553229264127e-05
5.543706292770069e-07,1.24723238943872e-05
5.543779893142253e-07,1.197193833667928e-05
5.543861374590245e-07,1.238885443422089e-05
5.543937423625203e-07,2.776239202566231e-05
5.544011406725329e-07,5.389245768263108e-05
5.544074907612987e-07,6.627041573566268e-05
5.544158329253569e-07,7.861079632307541e-05
5.544227609324342e-07,0.0001909064838129053
5.544263092100255e-07,0.000303431699057763
5.544300716915803e-07,0.0003782616202866535
5.544334582109218e-07,0.0003789099590623309
5.544351865075339e-07,0.0003917981507192816
5.544365828096413e-07,0.0004233595116718495
5.544381207116371e-07,0.0004722606525599834
5.544396564830024e-07,0.0005183977846780427
5.544410642225464e-07,0.0005825653520683374
5.544422262331458e-07,0.0006754071789065331
5.544431600362315e-07,0.0007284860683013993
5.544441567946261e-07,0.0007372765584514991
5.544452395992535e-07,0.0007095467478469591
5.544461255421184e-07,0.0006573857441071117
5.544469950021411e-07,0.0005882952447396912
5.544476301495751e-07,0.0005337824893602172
5.5444853029409e-07,0.0004638325681611993
5.544494541012756e-07,0.0004129902384182995
5.544501896822892e-07,0.0003807752505665138
5.5445093063193e-07,0.0003461610404391123
5.544515047107925e-07,0.0003221816415588385
5.544520929742222e-07,0.0003085722275705806
5.544526682271561e-07,0.000305096318068524
5.544534423810489e-07,0.0003044725869627008
5.544543492811789e-07,0.0003001654519567377
5.544552753802457e-07,0.0002894856333717788
5.544562461159075e-07,0.000274050246620783
5.544573603360955e-07,0.0002604925285221028
5.544587816951689e-07,0.0002664807400873962
5.544598220694099e-07,0.0002799195689444213
5.544608431519987e-07,0.0002845671993433615
5.544616664244255e-07,0.0002788149273640356
5.544625341489681e-07,0.0002680023281859306
5.544632844434193e-07,0.0002593085917724391
5.54464275070336e-07,0.0002474920300873532
5.544655680877729e-07,0.0002262515092102777
5.544667800443749e-07,0.0002072528261770319
5.544678520794417e-07,0.0001972490625293431
5.544690499005932e-07,0.0001886373438812935
5.544706993525534e-07,0.0001686269329232479
5.544721215330181e-07,0.000150074450944522
5.544734731703525e-07,0.0001538384895792288
5.544748425455261e-07,0.0001771643881787818
5.544760269877433e-07,0.0001948744336714591
5.544771100916733e-07,0.000198615957064463
5.544784015623736e-07,0.0001913333878846137
5.544795606730272e-07,0.0001954029371204784
5.544808654161028e-07,0.0002293052612279479
5.544818930817317e-07,0.000275524368361985
5.544830646949929e-07,0.0003203931384706752
5.544840876313588e-07,0.0003319385971775123
5.54485143066669e-07,0.0003321935089839272
5.544862348420516e-07,0.0003285118339515924
5.544872026715305e-07,0.000344726224253559
5.544880788829733e-07,0.0003704735522970504
5.544890667255612e-07,0.0003788060146756698
5.544899846458279e-07,0.0003657377707543732
5.544909515927092e-07,0.0003556775960972347
5.544920730018594e-07,0.0003808417806547796
5.544931153125988e-07,0.0004536191101847793
5.54494254386908e-07,0.0005932406365962073
5.544956144549577e-07,0.000759555543099059
5.544973359395764e-07,0.0008455540993565869
5.544987950009901e-07,0.0008120411831370334
5.54500539712303e-07,0.0006948024575403381
5.545022703893818e-07,0.0005448851376291532
5.545040892704649e-07,0.0003957099110296725
5.54505960030211e-07,0.0002738104593848659
5.545085281639295e-07,0.0001484945311629166
5.54510699183729e-07,7.524897588712424e-05
5.545127776051177e-07,3.512749790850892e-05
5.545150983493992e-07,1.517254242569397e-05
5.545183351898314e-07,6.912617257385451e-06
5.545215015006382e-07,5.264559024521522e-06
5.545249181402892e-07,4.719442262315861e-06
5.545288206503036e-07,4.331995424765265e-06
5.545340907683216e-07,3.883146454273963e-06
5.545416425870061e-07,3.32007381195824e-06
5.545540466447494e-07,2.562406539531096e-06
5.545770511074507e-07,1.576969854012551e-06
5.546230600328533e-07,5.939871719776472e-07
5.546826781459536e-07,1.878041857158593e-07
5.547573997560939e-07,7.19039881973822e-08
5.548462895364546e-07,4.532304940786504e-08
5.549620714894481e-07,3.547865838739471e-08
5.551168420480319e-07,2.905890088850385e-08
5.553504948899095e-07,2.37388526413242e-08
5.557404615514997e-07,1.913317623491934e-08
5.562830094542156e-07,1.580636354851804e-08
5.570522268913503e-07,1.317699607473365e-08
5.58130845107964e-07,1.101601233173159e-08
5.59065422553982e-07,9.787991814719491e-09
5.6e-07,8.87014910105572e-09
5.600295693652119e-07,1.995028634171325e-08
5.600674489654803e-07,2.768650900460507e-06
5.600863887656145e-07,1.303903406108088e-05
5.600933267332086e-07,1.766377980617835e-05
5.601013916741122e-07,1.989934652747134e-05
5.601083500859638e-07,1.866391463028174e-05
5.601142544650559e-07,1.615614282834198e-05
5.601191547686825e-07,1.474072527187002e-05
5.601227178076569e-07,1.639684704548347e-05
5.601242088271987e-07,1.860761777919022e-05
5.601271908662823e-07,2.822619636886222e-05
5.601303044602626e-07,4.809207142914515e-05
5.601360403901586e-07,0.0001022009410078641
5.60141520366055e-07,0.0001448635308033471
5.601465111444492e-07,0.000159017139790181
5.601514106510851e-07,0.0001508160935548401
5.601573037925441e-07,0.000140175733086085
5.601596545365598e-07,0.0001463685431853572
5.601615822589288e-07,0.000155482293775748
5.601636548800141e-07,0.0001650506617641951
5.601659891157406e-07,0.0001728675876350591
5.601683780892167e-07,0.0001924094486832906
5.601706321593486e-07,0.0002066401012777741
5.60172286239653e-07,0.0002326332681612471
5.601738036254866e-07,0.0002808108781356719
5.601751639291063e-07,0.0003246512730012234
5.601767093551737e-07,0.0003526788839459806
5.601783417559395e-07,0.0003566373629835304
5.601798479546664e-07,0.0003523391464551544
5.601811951611539e-07,0.0003400770400674262
5.601821555678742e-07,0.0003302101552351305
5.601833041472962e-07,0.0003200571785045521
5.601843584677324e-07,0.0003103830855802741
5.601854181297851e-07,0.0003001118860515774
5.601865273385904e-07,0.0002883556293618578
5.601876424621916e-07,0.0002746525025653635
5.601889397915862e-07,0.0002578647794251504
5.601898794469491e-07,0.0002454335772734635
5.601915496925833e-07,0.0002240141751252247
5.60192966746877e-07,0.0002089202866024629
5.601941819777611e-07,0.0001992225918610489
5.601956347550006e-07,0.0001927214772926633
5.60197505070709e-07,0.0001923003002049019
5.601987525353545e-07,0.0001956554158088068
5.602000000000001e-07,0.0001993282702027662
5.602005325535818e-07,0.0002000427019121753
5.602015976607454e-07,0.0002001869046642639
5.602026403558623e-07,0.0001975203686828429
5.602042470675392e-07,0.000188546979576385
5.602060210098259e-07,0.0001906710708718161
5.602075193707341e-07,0.0002014261623399738
5.602088558347975e-07,0.0002063889663902599
5.602099723478564e-07,0.0002076742371158903
5.602113779402316e-07,0.0002056153376063112
5.602126405835044e-07,0.0002022571740767082
5.602137904082749e-07,0.0001992694452400868
5.602152631233126e-07,0.0001957278050278143
5.60218208553388e-07,0.0001896887827713268
5.602230113694009e-07,0.000181699622074018
5.602276423195858e-07,0.0001776983110044644
5.602305407666165e-07,0.000181753297626514
5.602337090756541e-07,0.0001826701485013791
5.602361936884588e-07,0.0001753546533546868
5.602372156302521e-07,0.0001750992987296828
5.602381732930758e-07,0.0001816266117252857
5.602390255333845e-07,0.0001913788607476353
5.60239935331361e-07,0.0001967899423037129
5.602407292336517e-07,0.0001914765097480709
5.602419913660338e-07,0.0001614051208337762
5.602430030025091e-07,0.0001259613922165234
5.602437958551908e-07,0.0001016455398459974
5.602444225739879e-07,8.909229011393264e-05
5.602452594695601e-07,7.925866791646299e-05
5.602461557060166e-07,7.224444619890853e-05
5.602468686558193e-07,6.798775442959776e-05
5.60247703352361e-07,6.393689544256484e-05
5.602490740560635e-07,5.859302748760614e-05
5.60250850770745e-07,5.308691290035287e-05
5.602528708198506e-07,4.806870286379144e-05
5.602553390986742e-07,4.320713637539278e-05
5.602587190325334e-07,3.818911485679647e-05
5.602630127260447e-07,3.3696753202397e-05
5.602680943853453e-07,3.007205675786336e-05
5.602745909384612e-07,2.665289653436464e-05
5.602801582652389e-07,2.399043801694813e-05
5.602862270598442e-07,2.05981189903711e-05
5.602906743962902e-07,1.775048716247841e-05
5.602956802886519e-07,1.444743797785348e-05
5.603004192798527e-07,1.148935335537279e-05
5.603054659205287e-07,9.391761545785036e-06
5.603091596287999e-07,8.528953602239396e-06
5.603135832643839e-07,8.063667404732995e-06
5.603195034123524e-07,8.006035126200162e-06
5.603283360053695e-07,8.325887216395548e-06
5.603374408996065e-07,8.477979737939254e-06
5.603477721308887e-07,8.135788616848325e-06
5.60358507476965e-07,7.333837544250974e-06
5.603706573194357e-07,8.188871561002951e-06
5.603836640765561e-07,2.654129209957588e-05
5.603942583872094e-07,5.13387881938845e-05
5.604026372148468e-07,5.779809223493633e-05
5.604080737365269e-07,6.593598402007161e-05
5.604115301324276e-07,9.251738973162219e-05
5.604147093237357e-07,0.0001406603432712311
5.604180275018041e-07,0.0002030233029899204
5.604212989991436e-07,0.0002530954048056252
5.604235467720515e-07,0.0002757047524264155
5.604258415780375e-07,0.0003167046146747508
5.604280631713048e-07,0.0004394332913491893
5.604296743335519e-07,0.0005680450054063428
5.604311137680677e-07,0.0006593792174029512
5.60432155484856e-07,0.0007444266051744575
5.604333181330062e-07,0.000850812193228658
5.604342198048851e-07,0.0008887964960774944
5.604350424119944e-07,0.0008794871235327407
5.604357374857428e-07,0.000849705373675328
5.604366438321656e-07,0.0007886557247635445
5.604372738029168e-07,0.000735797426856521
5.604379687534059e-07,0.0006749903731140509
5.604385797595489e-07,0.0006248670662483565
5.60439261326084e-07,0.0005787148405641276
5.604399891686138e-07,0.0005412983223669067
5.604408317644925e-07,0.000505437001006251
5.604417638438736e-07,0.0004611970313750627
5.604427860478309e-07,0.0003996584773320528
5.604438803378868e-07,0.0003241064299387804
5.604450959234304e-07,0.0002507608138614052
5.604463038998342e-07,0.0002180490766041844
5.604471917579313e-07,0.0002055473050658828
5.604480025131204e-07,0.0001842151933922972
5.604485418322954e-07,0.0001772477136758671
5.604491810926109e-07,0.0001865782650188062
5.604497650185042e-07,0.0001970035160841183
5.604505491935323e-07,0.000202946453809965
5.604514027157236e-07,0.0001993997690439115
5.604522782374405e-07,0.0001889293939914266
5.60453313975781e-07,0.0001722832434580935
5.604545263937976e-07,0.0001511404516988579
5.604560794470986e-07,0.0001306603724069197
5.604578555381294e-07,0.0001321757671202432
5.604595929496648e-07,0.0001468684275362035
5.604609712617865e-07,0.0001475348606102743
5.60462723470178e-07,0.0001320482243614912
5.604642333395768e-07,0.0001396893781390363
5.604656499212387e-07,0.0001911110405163823
5.604667938112707e-07,0.0002336344389697486
5.604680296649778e-07,0.0002517230902647497
5.604692760402023e-07,0.0002478495095750834
5.604703892669742e-07,0.0002685563786207046
5.60471493149846e-07,0.0003028443561469798
5.604723491527032e-07,0.0003249096803446912
5.604733562798164e-07,0.0003417873548021737
5.604742649337358e-07,0.0003489962326805397
5.604751336880635e-07,0.0003658328173527549
5.604760541285659e-07,0.0003886406715659093
5.604768763939614e-07,0.0003954431340007857
5.604778194057522e-07,0.0004041757189165309
5.604788127809432e-07,0.0004400891655204963
5.604797688559312e-07,0.0004782874739001456
5.604807138960154e-07,0.00051576096161968
5.604817126902319e-07,0.000553207350976425
5.604828564042554e-07,0.0005829824731527555
5.604838201269271e-07,0.0006360709396623364
5.604847912245274e-07,0.0007171541008395018
5.604859101759119e-07,0.0007855161043112173
5.60487020196136e-07,0.0007975255160521538
5.604880543890571e-07,0.0007666139669602458
5.60489414741515e-07,0.0006914409583998745
5.604906138317734e-07,0.0006121039064171512
5.604919418536538e-07,0.0005251951975828578
5.604934656047188e-07,0.000433532373334793
5.604956699403797e-07,0.0003220790155181117
5.604988930020695e-07,0.0002049134899119633
5.60502309910327e-07,0.0001233784869305294
5.605058560121747e-07,6.722762505192475e-05
5.605091464339795e-07,3.504713371110185e-05
5.605126315650382e-07,1.66107133807144e-05
5.605168569333385e-07,6.853612520477637e-06
5.605224038175822e-07,2.700457923606297e-06
5.605279372960719e-07,1.474187915724581e-06
5.605341653185797e-07,8.989161698424005e-07
5.605414656718757e-07,5.479811317440426e-07
5.605512906732549e-07,3.052639131301272e-07
5.605652375411425e-07,1.606698191649575e-07
5.605866499532022e-07,9.14831066596381e-08
5.606115685949178e-07,6.702456945841126e-08
5.606429482408046e-07,5.252211972321652e-08
5.606836804608365e-07,4.15091425090565e-08
5.607452936484873e-07,3.171789518669285e-08
5.608490472462196e-07,2.292988362065652e-08
5.610002670134118e-07,1.66797160944505e-08
5.612250082552406e-07,1.231331990441017e-08
5.615358414588467e-07,9.460647600093499e-09
5.61969625380964e-07,7.522632049062553e-09
5.625933331380568e-07,6.143540151118995e-09
5.634901761277693e-07,5.146985202010218e-09
5.647719277979556e-07,4.410406697830616e-09
5.666011125213258e-07,3.846929769046167e-09
5.68300556260663e-07,3.530577232892099e-09
5.7e-07,3.306073249553208e-09
5.700500000000001e-07,8.285652406212634e-08
5.700634409737033e-07,5.496990535512742e-07
5.700903229211099e-07,7.526144900106501e-06
5.700970223822036e-07,1.102442253820997e-05
5.701025561645986e-07,1.297865704498676e-05
5.701085303537693e-07,1.314612514900676e-05
5.701134760425253e-07,1.191439501362336e-05
5.701162450936834e-07,1.080559483317957e-05
5.701171846054106e-07,1.050851301121009e-05
5.701181837901142e-07,1.020262325315383e-05
5.701189994460362e-07,1.028947244117306e-05
5.701206307578801e-07,2.366194044948225e-05
5.70121714190491e-07,6.006469678509663e-05
5.701230610979721e-07,0.0001228556075230227
5.701241221310835e-07,0.0001639076638019648
5.701251836123835e-07,0.0001867692214861165
5.701262450936834e-07,0.0001982134280445478
5.701265567763382e-07,0.0001935821997324093
5.701270269086306e-07,0.0001952131577594254
5.701274553978495e-07,0.0002043823869728972
5.701280984730656e-07,0.0002293259094605133
5.701289468182016e-07,0.0002705354209024594
5.701297975501388e-07,0.0003008080201599199
5.701306743709837e-07,0.0003071446456900272
5.701315362532284e-07,0.000299647280173313
5.701325249984115e-07,0.0002866874963010039
5.701335158458873e-07,0.0002774531500174122
5.701345542663079e-07,0.0002692738563224478
5.701356620068326e-07,0.0002444251821042733
5.70136523524208e-07,0.0002206149324235043
5.701374769406297e-07,0.0002001585344515024
5.701386291518213e-07,0.0001921931662584103
5.701395545940178e-07,0.0001917883880155327
5.701405772267978e-07,0.0001869481315164234
5.701418178298294e-07,0.000175515260619951
5.701429529120436e-07,0.0001705685442028482
5.701441193262566e-07,0.0001831014742243581
5.701450186361596e-07,0.0001977937623438515
5.701458023789422e-07,0.0002027774476675228
5.701464166809324e-07,0.0001989840196620314
5.70147162629252e-07,0.0001873475189155664
5.701477202680078e-07,0.0001757347445547337
5.701483847385463e-07,0.0001613267375326514
5.701491719306593e-07,0.0001432019907064163
5.701499888993761e-07,0.0001246918787572182
5.701507253592979e-07,0.0001093799460324786
5.701515408501618e-07,9.119633132620153e-05
5.701524063373047e-07,6.797390903343801e-05
5.701531181053061e-07,4.759279367062866e-05
5.701538645543814e-07,2.964660588773416e-05
5.701545437800429e-07,1.826871531005819e-05
5.701554421182459e-07,1.015916028312222e-05
5.701565357577021e-07,6.027641313526801e-06
5.701577153841801e-07,3.926501015596392e-06
5.701587578954824e-07,2.75490731661484e-06
5.701599324473858e-07,1.843057220352243e-06
5.701614519380528e-07,1.084665945807582e-06
5.701637879940259e-07,4.707660279778808e-07
5.701672873554453e-07,1.328103548317204e-07
5.701718412745418e-07,2.953115846442467e-08
5.701771232909024e-07,1.01696599720368e-08
5.701835775987499e-07,6.92333406418478e-09
5.701920331183217e-07,6.263496675707183e-09
5.702000000000001e-07,6.066903976789366e-09
5.702046070388094e-07,4.267096743950068e-09
5.702100848895284e-07,4.214239518099214e-09
5.702152909302791e-07,4.202318780067113e-09
5.702257030117804e-07,4.201020709805487e-09
5.702420490753333e-07,4.19642874659646e-09
5.702711909589083e-07,4.192639007268467e-09
5.703294747260582e-07,4.181677629107776e-09
5.704400924587572e-07,4.164858455642982e-09
5.706593266849056e-07,4.128700167569432e-09
5.710943971011234e-07,4.063869987309517e-09
5.719489973458281e-07,3.943841063688313e-09
5.729744986729141e-07,3.817698243417627e-09
5.74e-07,3.706293825667246e-09
5.74030904557888e-07,8.1357092187673e-09
5.740699160363797e-07,1.601708846713141e-06
5.740894217756255e-07,7.225368405601725e-06
5.740982793408231e-07,1.02030203772109e-05
5.741081938127799e-07,1.326969058730956e-05
5.741172307888845e-07,4.495274497488801e-05
5.741242950173047e-07,8.30620620366148e-05
5.741295208261329e-07,9.154666390665995e-05
5.741340536525221e-07,0.0001054657801589338
5.741376251565501e-07,0.0001443219122676327
5.741402119866535e-07,0.000189027163782639
5.741429331000549e-07,0.0002393164914146864
5.741457234139936e-07,0.0002826865292609307
5.741489619284012e-07,0.0003139019141748324
5.741518876417945e-07,0.0003365121949581143
5.741535012484012e-07,0.0003605290118824224
5.741551315333401e-07,0.000390826471586702
5.741564648305149e-07,0.0004093117956992426
5.741578155483127e-07,0.0004145873298577622
5.741593831112408e-07,0.0003994273474119603
5.741603868479278e-07,0.0003804662023648547
5.741611719598586e-07,0.0003647102123172211
5.741619679862472e-07,0.0003501471277995748
5.74162986260829e-07,0.0003338861574244993
5.741645170869725e-07,0.0003118248843667903
5.741656348295754e-07,0.0002957780435560714
5.741668131016587e-07,0.0002782228335908445
5.741681457975075e-07,0.0002572311016963321
5.741700720563958e-07,0.0002242942255718787
5.741719519841843e-07,0.0001910517083221522
5.741739658182277e-07,0.0001584580941198789
5.741756957091144e-07,0.0001346708166532679
5.741781906869261e-07,0.0001070295209369174
5.741805460079489e-07,8.85130578957254e-05
5.74182776616639e-07,7.733586929740892e-05
5.741858159147495e-07,6.812934911608933e-05
5.741881702422346e-07,6.333177441756184e-05
5.741916629031543e-07,5.73373528543381e-05
5.741951106269759e-07,5.218611482981522e-05
5.74197555313488e-07,5.204129313153687e-05
5.742e-07,6.16141361604902e-05
5.742009526020042e-07,6.93140382996304e-05
5.742028578060126e-07,8.954190039175757e-05
5.742050950579105e-07,0.0001084286057959666
5.742068316720472e-07,0.0001088844641990319
5.742085637515457e-07,0.0001041792495350207
5.742098204582828e-07,0.0001108440781801866
5.742106848041498e-07,0.0001186621022960176
5.742116427037579e-07,0.000120292692828686
5.742124696311704e-07,0.0001118606854204772
5.742134951273097e-07,8.938461587990997e-05
5.742144683126861e-07,6.25750136821111e-05
5.742152654219089e-07,4.333318239814283e-05
5.742160152040944e-07,3.086905566230394e-05
5.742170055468178e-07,2.274895221739002e-05
5.742179487132486e-07,1.958283144424621e-05
5.742189697524567e-07,1.774083720296014e-05
5.742199618191879e-07,1.645133915795923e-05
5.742211612929992e-07,1.520878055789657e-05
5.742226746170448e-07,1.401691926545001e-05
5.742249017961325e-07,1.284995741780513e-05
5.74228241820667e-07,1.188695406948541e-05
5.742327529958314e-07,1.117973209737746e-05
5.742372545753565e-07,1.065954443036729e-05
5.742423965063841e-07,1.012624384377498e-05
5.742486317441901e-07,9.523766195311627e-06
5.74257630753544e-07,8.7691126587464e-06
5.742716387786199e-07,8.353707429188291e-06
5.742952589094076e-07,1.168180676959001e-05
5.743129807122612e-07,1.511516390490251e-05
5.743193914356202e-07,1.575452424337794e-05
5.743238878430931e-07,1.53550272838285e-05
5.743284400221663e-07,1.416110940131152e-05
5.743330408542767e-07,1.22769924628817e-05
5.743379299688334e-07,9.866548698646349e-06
5.743412315142689e-07,8.739849507382871e-06
5.743444044071897e-07,8.295058143180132e-06
5.743491103957913e-07,8.714891382448847e-06
5.743535201772638e-07,9.783195165932849e-06
5.743600745267779e-07,1.136232175047128e-05
5.743680579882607e-07,1.241456360879749e-05
5.743761205649902e-07,1.217414146654342e-05
5.743846996871048e-07,1.176820868055892e-05
5.743919351349542e-07,2.218171670414133e-05
5.743994680385481e-07,4.871637032400657e-05
5.744059210775672e-07,6.458660850932009e-05
5.744131701907645e-07,7.010619242492269e-05
5.744210568888689e-07,0.0001414521259765667
5.74424913681928e-07,0.0002475823824469782
5.744291508346936e-07,0.0003472183378193727
5.744323227434255e-07,0.0003569903037386517
5.744336437784968e-07,0.0003597711548068525
5.744352301495086e-07,0.0003865241589124336
5.744370635379628e-07,0.0004531083902913709
5.744384683127693e-07,0.0005122564061721495
5.744400808557034e-07,0.0005752307354101448
5.744415066179287e-07,0.0006749191205163741
5.744425499564944e-07,0.0007628301545174081
5.744434801803932e-07,0.0008059250522983039
5.744443256837007e-07,0.0008152754333634381
5.744452336087927e-07,0.000803379218507874
5.744461349762556e-07,0.0007599775428639614
5.744469309266589e-07,0.0007037898079198726
5.744475614488624e-07,0.000654658628273053
5.744485441916897e-07,0.0005877339663403507
5.744494238219284e-07,0.0005490013500942812
5.744501615247777e-07,0.0005178849970417752
5.744509136708051e-07,0.0004789339586164712
5.744514689676135e-07,0.0004569247731217743
5.744520375905921e-07,0.0004527269219084346
5.744526339677303e-07,0.0004644319572001244
5.74453477084563e-07,0.0004880355736474385
5.744544055105877e-07,0.0005044606451226132
5.744553352793512e-07,0.0005022801634028117
5.744563256078661e-07,0.0004822338758782491
5.744574866967337e-07,0.0004558873582585058
5.74458826591701e-07,0.0004700850689638143
5.744598181919706e-07,0.0005285584178898097
5.744607786912108e-07,0.0005794367231926551
5.744616802409123e-07,0.0005831179072944834
5.744624862004634e-07,0.000549920391447487
5.744632582868397e-07,0.00050205048926779
5.744639073663696e-07,0.000460770095588266
5.744646670705165e-07,0.0004132317811986698
5.744656713284369e-07,0.0003469395437851066
5.744665217181743e-07,0.0002994425495850831
5.74467388235093e-07,0.0002718546675975766
5.744683445487855e-07,0.0002564905759731544
5.744694185238435e-07,0.0002421450070295541
5.744703793290046e-07,0.0002257968365313997
5.744715024784812e-07,0.0002064035571145113
5.744727526398519e-07,0.0002049361212770578
5.744740504607514e-07,0.0002317591862077149
5.744752299721034e-07,0.0002581688553060502
5.74476417758835e-07,0.0002672948180613495
5.744775606072e-07,0.0002579768755614581
5.744787698168774e-07,0.0002544308335749535
5.744799442200468e-07,0.0002908424054865159
5.744810244451021e-07,0.0003472277100459976
5.74481928834246e-07,0.000391600282560813
5.744830911371319e-07,0.0004173525719881247
5.744840643044062e-07,0.0004170576392196736
5.744850077093435e-07,0.0004178183475230686
5.744859219541724e-07,0.0004114938050948863
5.744867130018023e-07,0.0004131196352402481
5.744875697184981e-07,0.0004293007084147292
5.744885694009048e-07,0.0004390181889281947
5.744894405174545e-07,0.000432041946591774
5.744903224964065e-07,0.0004320140521551765
5.744913879140919e-07,0.0004670355916338444
5.744924852498151e-07,0.0005433248916753411
5.744935446316069e-07,0.0006595090479594536
5.744948075012948e-07,0.0008213432854071833
5.744963721555429e-07,0.0009328358030091043
5.744979019424283e-07,0.0009123563897758863
5.744995930565264e-07,0.0007894838682116061
5.745012922219132e-07,0.0006198214610179476
5.745030509290642e-07,0.0004499288935085419
5.745048499547897e-07,0.0003146425673057083
5.745069262195528e-07,0.0001997279465542925
5.745089422307083e-07,0.0001155713897284404
5.745109070143679e-07,6.014414856191734e-05
5.745130086695918e-07,2.800175750202335e-05
5.745156324284585e-07,1.213092723908519e-05
5.745191188463554e-07,6.859853815834126e-06
5.745223044623772e-07,5.855990753705166e-06
5.745259010011539e-07,5.354362804726352e-06
5.74530130545158e-07,4.901019839085901e-06
5.745362067795544e-07,4.326220606726189e-06
5.745451513249507e-07,3.59921552791042e-06
5.74560826903988e-07,2.601937154619461e-06
5.745921780620627e-07,1.351546333046738e-06
5.74643383463719e-07,4.734737691213782e-07
5.747106034174922e-07,1.513360446832824e-07
5.747896991652568e-07,7.244288030371416e-08
5.748881480351388e-07,5.021559360644623e-08
5.750126743308436e-07,3.938717376489358e-08
5.751875532916119e-07,3.124733256446368e-08
5.754591813685408e-07,2.452094793417367e-08
5.758914825764291e-07,1.916535130338081e-08
5.764898979828618e-07,1.543031319002673e-08
5.773310563313581e-07,1.261435163403903e-08
5.785224279169657e-07,1.03798628478091e-08
5.800000000000001e-07,8.738376456559261e-09
5.800500000000001e-07,3.393319101380492e-07
5.800634409737033e-07,1.826305179474267e-06
5.800701614605549e-07,3.62141029091531e-06
5.800836024342581e-07,1.106788129881636e-05
5.800900012655024e-07,1.58200575472613e-05
5.800967849058651e-07,1.919754274753753e-05
5.801025971172824e-07,1.990644384480074e-05
5.801095768878664e-07,1.821976442166798e-05
5.80115075906891e-07,1.580662394384435e-05
5.801197549784205e-07,1.478258360182918e-05
5.801232421788816e-07,1.701353305976786e-05
5.801249857791122e-07,2.031781165431832e-05
5.801282643471705e-07,3.384509265226135e-05
5.801319377778404e-07,6.213377085694102e-05
5.801375019750635e-07,0.0001156909052101094
5.801433836458101e-07,0.0001531081016944114
5.801481176323412e-07,0.0001584297142261792
5.801533267332492e-07,0.0001451809076379303
5.801572612263938e-07,0.0001400437842518932
5.801594727176467e-07,0.0001456038808419003
5.801614090435281e-07,0.0001546241442984235
5.801634393907491e-07,0.000164249469206037
5.801656079463057e-07,0.0001715290025222331
5.801680890346129e-07,0.0001895673598775459
5.80170346316385e-07,0.0002049899695471159
5.8017210493015e-07,0.0002275457623426075
5.801735823911511e-07,0.0002723288281797213
5.801749736027932e-07,0.0003185566800091622
5.801764158742311e-07,0.000349556959169058
5.801780257633155e-07,0.0003564723793188664
5.801795927558071e-07,0.0003540295343794049
5.801809785961716e-07,0.0003425915583212926
5.801819914686232e-07,0.000332033890262359
5.801830275957828e-07,0.0003226798257542716
5.801843689366481e-07,0.0003105598361231498
5.801854541826211e-07,0.0003000114712084882
5.801865788206591e-07,0.000288064156962567
5.801877177500802e-07,0.0002740379563392743
5.80189066600245e-07,0.0002565503033093014
5.801900191955043e-07,0.0002439396303161758
5.801917081194956e-07,0.0002224674684546924
5.801930783196055e-07,0.0002081282696687726
5.801943337822894e-07,0.0001984398839980056
5.801957602510216e-07,0.0001924833199279279
5.801976456923305e-07,0.0001925130123532441
5.801988228461653e-07,0.0001957923770939218
5.802000000000001e-07,0.0001992630908656701
5.802005298426467e-07,0.0002000008382324113
5.802015895279399e-07,0.000200218854432761
5.802026177428765e-07,0.0001977016329293388
5.80204221213142e-07,0.0001888266911343109
5.802060051217125e-07,0.0001903640858066289
5.802075065018453e-07,0.0002012034998013853
5.802088539181808e-07,0.0002063116131435173
5.802099692284863e-07,0.0002076697882414522
5.8021136150977e-07,0.0002057045454049051
5.802126454842686e-07,0.0002023052311605348
5.802137895448464e-07,0.0001993299961858859
5.802152516170589e-07,0.0001958062059810827
5.802181757614837e-07,0.0001897926388460334
5.802229019513463e-07,0.0001818979278408225
5.802275536598572e-07,0.0001776587310838246
5.802305091398851e-07,0.0001816848332213713
5.802337026011372e-07,0.0001827133292928624
5.802361907022613e-07,0.0001754039704299859
5.802372198580718e-07,0.0001750808393212931
5.8023817714454e-07,0.0001815360334311122
5.802390295168258e-07,0.0001912874976658828
5.802399419762687e-07,0.0001967971450504005
5.802407345250648e-07,0.0001915922784189532
5.802420123110834e-07,0.0001611750431607409
5.802430227080837e-07,0.0001257573814197743
5.802438159786826e-07,0.0001014823476435151
5.802444429739213e-07,8.898995693804216e-05
5.802452835642318e-07,7.916212125063315e-05
5.802461722199094e-07,7.222606958578001e-05
5.802468862758956e-07,6.796709778165474e-05
5.802477213714687e-07,6.391830932144562e-05
5.80249103377457e-07,5.85389896228249e-05
5.802508803461368e-07,5.304307744668214e-05
5.802529045645491e-07,4.802396558853565e-05
5.802553759251637e-07,4.316643764137931e-05
5.802587697805572e-07,3.814131472676604e-05
5.802630663476624e-07,3.36604739415108e-05
5.80268159349101e-07,3.00388678961459e-05
5.802746693969395e-07,2.661948843221384e-05
5.802802206120327e-07,2.396630911115272e-05
5.8028627626673e-07,2.05811454821145e-05
5.802907220751276e-07,1.773568181448104e-05
5.802957046139163e-07,1.444961177518271e-05
5.80300447907706e-07,1.148905876795175e-05
5.803054976864191e-07,9.389663320015884e-06
5.803091895871581e-07,8.527078310018377e-06
5.80313618254891e-07,8.061342282299478e-06
5.803195327972087e-07,8.004071908992622e-06
5.803283651405232e-07,8.32442171329768e-06
5.803374683532389e-07,8.477242101794359e-06
5.803477993434927e-07,8.135801690177303e-06
5.803585331851855e-07,7.334350917342947e-06
5.803706797277507e-07,8.182322960798728e-06
5.803836889088331e-07,2.650766515142647e-05
5.803942855691215e-07,5.13073723225311e-05
5.804026625722738e-07,5.778459030693852e-05
5.804081240117259e-07,6.636468347313923e-05
5.804116040725355e-07,9.43625445609279e-05
5.804148024456044e-07,0.0001446632290587129
5.80418128670831e-07,0.0002084984636247657
5.804214099205713e-07,0.0002596264837182667
5.804236895120193e-07,0.0002854904542289207
5.804259938893598e-07,0.0003311920454902562
5.804282258575865e-07,0.0004583389221043627
5.804298349810595e-07,0.0005874591835032414
5.804312815371717e-07,0.0006772233841104433
5.804323932382325e-07,0.0007610592431359193
5.80433542049622e-07,0.0008467538908318572
5.804344340344976e-07,0.0008707399442387844
5.804352837608145e-07,0.000854757384520394
5.804359944324368e-07,0.0008228479257984156
5.804369243339712e-07,0.0007613517883917606
5.804375146189857e-07,0.0007160459184206116
5.8043815261415e-07,0.0006666749032933011
5.804387985334572e-07,0.0006211002956655946
5.804395129254858e-07,0.0005801092786269539
5.804402387051536e-07,0.0005471479601170561
5.804411070280066e-07,0.0005105960532485685
5.804420414309105e-07,0.0004631370901946228
5.804430875931985e-07,0.0003953669232277744
5.804441815935582e-07,0.0003161924896966767
5.804454289485385e-07,0.000238762731281493
5.804466278775685e-07,0.0001973065097445104
5.804474818322038e-07,0.0001743148387152376
5.804483046141917e-07,0.0001490878142758223
5.804489054046249e-07,0.0001417852437133468
5.804495194019013e-07,0.0001457109978599996
5.804501257696151e-07,0.0001494030371090778
5.804510731746969e-07,0.0001483334460057572
5.804518562166944e-07,0.0001419667659894914
5.804527930256647e-07,0.0001310560052629535
5.804538384884987e-07,0.00011710308573436
5.804551911445012e-07,9.978796748771565e-05
5.804568673955235e-07,8.856934175414656e-05
5.804586715187063e-07,9.524095481052965e-05
5.804602135055234e-07,0.000101732654640819
5.804615745945903e-07,9.878630432456537e-05
5.804633206622711e-07,8.858025050674996e-05
5.804647285855235e-07,0.0001003113532930532
5.80466153655884e-07,0.0001397542652514039
5.80467249609833e-07,0.000169995249390737
5.804684929498473e-07,0.0001838720656154687
5.804697693148367e-07,0.0001852030064992855
5.804708273359597e-07,0.0001949635012687948
5.804719373052354e-07,0.0002158581232728944
5.804728594519349e-07,0.000243310107642316
5.804738351005893e-07,0.0002693493457823429
5.804747882474231e-07,0.0002801745386156726
5.804757446427352e-07,0.0002903146421300844
5.804768869450621e-07,0.0003035577887164599
5.804779124743928e-07,0.0003324007649238864
5.804789836870355e-07,0.0003956298994062602
5.804799784795322e-07,0.0004294226112679927
5.804810223399904e-07,0.0004253617210212068
5.804821599439999e-07,0.0004200161330902998
5.804832982105292e-07,0.0004758664881308175
5.804843149091092e-07,0.0006061530872400778
5.804857561723144e-07,0.0007901038389961219
5.80486899956674e-07,0.0008556721520016025
5.804879288827383e-07,0.0008541564930829639
5.804895241390112e-07,0.0007845832457995547
5.804907484394649e-07,0.0007059520391197366
5.80492076059854e-07,0.0006172612684954589
5.804936106276962e-07,0.0005190524415653973
5.804958767464831e-07,0.0003890825797241049
5.804992632552041e-07,0.0002332481969990817
5.805034792582389e-07,0.0001072199932638463
5.805086998455565e-07,3.490428760540018e-05
5.805140714994475e-07,1.085519017165525e-05
5.805181750295664e-07,5.205530678889926e-06
5.805225131157318e-07,2.914748311278198e-06
5.805277916296534e-07,1.748275294589941e-06
5.80534129209921e-07,1.068786265553012e-06
5.805419791463857e-07,6.19348349124992e-07
5.805523500649102e-07,3.260767227869704e-07
5.805672853437694e-07,1.609561673842731e-07
5.805880426380155e-07,9.365471834494065e-08
5.806124876430864e-07,6.951680350290888e-08
5.80642986348345e-07,5.524303818381887e-08
5.806831766129888e-07,4.404366146401336e-08
5.807433558447867e-07,3.401047809347833e-08
5.808449578012127e-07,2.481303415854898e-08
5.809947702772013e-07,1.812472384589402e-08
5.81218446164776e-07,1.338364801349639e-08
5.81523566111611e-07,1.030550303738693e-08
5.819561945523016e-07,8.167531342566284e-09
5.825735756505106e-07,6.650453665341292e-09
5.834609785699272e-07,5.543870659420523e-09
5.847283978148888e-07,4.717721925060227e-09
5.865392990731435e-07,4.079213509247841e-09
5.882696495365717e-07,3.710740676103174e-09
5.900000000000001e-07,3.451053080568292e-09
5.900500000000001e-07,8.300079268828066e-08
5.900634409737034e-07,5.49843128980786e-07
5.900903229211099e-07,7.52628858888966e-06
5.900970223821507e-07,1.102456057827099e-05
5.901025561645135e-07,1.297880054368804e-05
5.901085303536687e-07,1.314626859405031e-05
5.901134760425075e-07,1.191453838127912e-05
5.901162450936838e-07,1.080573815520574e-05
5.901171846054158e-07,1.041650143115503e-05
5.901181837901255e-07,1.000865416388537e-05
5.901189994460509e-07,9.918224539409534e-06
5.901206307579016e-07,1.682538669277771e-05
5.901217197803309e-07,3.437364258042001e-05
5.901230653766059e-07,6.011653978321329e-05
5.901241271109159e-07,7.355488937862463e-05
5.901251861022998e-07,7.682247107019628e-05
5.901262450936837e-07,7.94310544068604e-05
5.901265564901143e-07,8.10805063719194e-05
5.901270259663931e-07,8.873989643552524e-05
5.901274539007269e-07,9.768676973127625e-05
5.901280968551696e-07,0.000108065738014824
5.90128944195702e-07,0.0001098396644961609
5.901297944400634e-07,9.98743686536132e-05
5.901306710088361e-07,8.670721445673275e-05
5.901315329826621e-07,8.631703423576618e-05
5.901325205271784e-07,0.000101775106897088
5.9013351328274e-07,0.0001117600696233658
5.901346515397059e-07,0.000108524373722515
5.901357690743663e-07,9.503402408874142e-05
5.90136935882946e-07,7.938281149902742e-05
5.901381254822793e-07,7.855700499602406e-05
5.901393627663978e-07,9.175778691992871e-05
5.901404493633415e-07,9.755531527423918e-05
5.9014154814917e-07,9.182559793009986e-05
5.901428634113759e-07,7.489217292681721e-05
5.901440098316174e-07,6.235104678563682e-05
5.901449771853445e-07,5.489771440175891e-05
5.901457610814005e-07,4.498453889713297e-05
5.901464363189236e-07,3.314334893953961e-05
5.901471876498117e-07,1.956171336005383e-05
5.901477510755059e-07,1.143508735303824e-05
5.901484274968943e-07,5.89058867329556e-06
5.90149258662048e-07,2.840292955155644e-06
5.901500467216137e-07,1.525024339740622e-06
5.901508021000941e-07,8.898042078640951e-07
5.901516988101394e-07,5.150636671038149e-07
5.901530141308578e-07,2.815585485017704e-07
5.901548417993167e-07,1.639255449441301e-07
5.901570473814344e-07,1.05062726003848e-07
5.901598774411176e-07,6.461769489645809e-08
5.901638167866442e-07,3.417861819440165e-08
5.901701443470349e-07,1.425775207805069e-08
5.90180073005555e-07,7.041276321644005e-09
5.901900365027775e-07,5.92105295109071e-09
5.902000000000001e-07,5.65396009906639e-09
5.902051520917584e-07,3.835915404320823e-09
5.902113287889945e-07,3.801340440430613e-09
5.902171774956956e-07,3.79001707684737e-09
5.902288749090978e-07,3.78862942180033e-09
5.902473698283013e-07,3.783892696873752e-09
5.902795930349276e-07,3.780096516711305e-09
5.903434397184724e-07,3.769227506490379e-09
5.904609987015814e-07,3.753217432108402e-09
5.906882938761428e-07,3.719480397531371e-09
5.911281973786945e-07,3.661049587827424e-09
5.91968542451034e-07,3.555910466193488e-09
5.92984271225517e-07,3.445446522237948e-09
5.940000000000001e-07,3.348525919955196e-09
5.940307638302043e-07,7.676186598942256e-09
5.940696567896079e-07,1.561332969772843e-06
5.940891032693098e-07,7.107862674715406e-06
5.940979352731082e-07,1.012588825774441e-05
5.94107888852634e-07,1.29777177566358e-05
5.941167769583888e-07,4.229510764032658e-05
5.941240483555552e-07,8.232661847014181e-05
5.941292701073775e-07,9.128651554374247e-05
5.941338765392188e-07,0.0001043830611557355
5.941374090513135e-07,0.0001411527082180711
5.94139968493206e-07,0.0001847210028084046
5.941427333364002e-07,0.000236219985044697
5.941454122499162e-07,0.0002792725474940754
5.941487727894836e-07,0.0003138335197935761
5.941516753445179e-07,0.0003356167699617837
5.941532599742477e-07,0.000357804658953786
5.9415491175633e-07,0.0003886707727640793
5.941562944028094e-07,0.0004096102456597663
5.941575690859317e-07,0.000417235071395669
5.941591282979234e-07,0.0004063536535978056
5.941607662190424e-07,0.0003765012895927379
5.941619217792273e-07,0.0003545081319266313
5.941628013046538e-07,0.0003400984147961182
5.941640889563524e-07,0.0003213363303985418
5.941652971728682e-07,0.0003043329141559964
5.941664280889635e-07,0.0002879940249801864
5.941676948579951e-07,0.0002688246689532828
5.941693578640643e-07,0.000241792315984092
5.941714038739221e-07,0.0002062898553531568
5.941729585715472e-07,0.0001801933240944804
5.941744943918662e-07,0.0001569072788538932
5.941770347616545e-07,0.0001241971417903434
5.941792929265226e-07,0.0001010944593386779
5.941816943041829e-07,8.445095229304271e-05
5.941837792132655e-07,7.532457426196474e-05
5.941862872065021e-07,6.821246527571749e-05
5.941889456805745e-07,6.293621235691278e-05
5.94192406319481e-07,5.712723341660527e-05
5.941960348763368e-07,5.187933656074259e-05
5.942000000000001e-07,5.726602799197186e-05
5.942011176688431e-07,6.4574182607997e-05
5.942033530065293e-07,8.731596657953199e-05
5.942056929929572e-07,0.0001080041743703442
5.942074587185045e-07,0.0001090386469050633
5.942091704401308e-07,0.0001041756810739074
5.942104507991587e-07,0.0001104782043015349
5.942113187016515e-07,0.000118408546856035
5.942122918366701e-07,0.0001203933657935969
5.942131099874458e-07,0.0001123332051164456
5.942141572193407e-07,8.958201151512341e-05
5.942151287573836e-07,6.27824468510097e-05
5.94215930376218e-07,4.343344003114514e-05
5.942166742385804e-07,3.096943223937086e-05
5.942177002311457e-07,2.256639776316384e-05
5.942186522048983e-07,1.944133444733473e-05
5.942196756589266e-07,1.762316796153821e-05
5.942206683145286e-07,1.634442487215705e-05
5.94221875702953e-07,1.510479648510669e-05
5.94223401790554e-07,1.391763310481848e-05
5.942256618449038e-07,1.275531731621422e-05
5.94229056933404e-07,1.180060741051261e-05
5.942335457995968e-07,1.110760444831592e-05
5.942380606980922e-07,1.058738744733347e-05
5.942432210469062e-07,1.005260180657702e-05
5.942495245480147e-07,9.44597945912768e-06
5.94258628394886e-07,8.701964425028382e-06
5.942728934561286e-07,8.395534811520443e-06
5.942894410613076e-07,1.051537626291264e-05
5.943077787292385e-07,1.431488647499079e-05
5.94316261264431e-07,1.558750737181618e-05
5.94320889166871e-07,1.575565135804452e-05
5.943267375388252e-07,1.472788903262278e-05
5.94331562920373e-07,1.297554471685982e-05
5.943356770192406e-07,1.099014039406032e-05
5.943389918298554e-07,9.440710119927111e-06
5.943425745450365e-07,8.482055407481508e-06
5.943460250085043e-07,8.31354820438406e-06
5.943495635643816e-07,8.816700250647744e-06
5.943546042566538e-07,1.007629892891516e-05
5.943624494277543e-07,1.181845516208709e-05
5.943700754721673e-07,1.247521363190156e-05
5.943775077729331e-07,1.202903179140321e-05
5.94385688941692e-07,1.214796011801934e-05
5.943931812787848e-07,2.594886702010856e-05
5.944005995714637e-07,5.229408314025028e-05
5.944069573173779e-07,6.577366291503139e-05
5.944149572903412e-07,7.486814380417935e-05
5.944221501047753e-07,0.0001745001751384717
5.944257293539578e-07,0.0002865740926840644
5.94429653975632e-07,0.0003752325737217188
5.944329070120778e-07,0.0003794069922969956
5.944346416975719e-07,0.0003850073983095979
5.944360184571618e-07,0.0004091441033793747
5.944377028084259e-07,0.0004594595608793743
5.944390857257039e-07,0.0005023055453909931
5.944405561173073e-07,0.0005537723694624
5.944417918137259e-07,0.0006412754146933194
5.94442771896867e-07,0.0007122507329518151
5.94443695053753e-07,0.000738762521672585
5.944445474693829e-07,0.0007302990610632948
5.944454441338277e-07,0.0006987189045410967
5.944463542361174e-07,0.0006387430793184528
5.944471229124121e-07,0.000575515563523823
5.944477567376231e-07,0.0005214126539986626
5.94448707646976e-07,0.00045096204100136
5.944495531510486e-07,0.0004075858571686718
5.944502831391749e-07,0.0003756530836897491
5.944510358524683e-07,0.0003404122744411367
5.944515910009237e-07,0.0003187970284335715
5.944521590890223e-07,0.0003076105994533396
5.944527548773871e-07,0.0003049555361509681
5.944535965845246e-07,0.0003041195650985957
5.944545242573352e-07,0.00029845109918128
5.944554532083971e-07,0.0002865671625848179
5.944564423956657e-07,0.0002706772147951645
5.944576018413683e-07,0.0002595015617135928
5.944590099369172e-07,0.0002697894334558951
5.944600155574799e-07,0.000281952266858783
5.94461047111357e-07,0.0002837303907329572
5.944618269437256e-07,0.0002766878519993629
5.944626323159299e-07,0.0002664436596478882
5.944634079514585e-07,0.0002576797511931596
5.944644318910119e-07,0.0002448661787545517
5.944658321462409e-07,0.0002220151080871323
5.94466996721302e-07,0.0002079072249909223
5.944680915981058e-07,0.0002021308938522989
5.944693444566619e-07,0.0001955524052419872
5.944708762132057e-07,0.000178307474006914
5.944723163132648e-07,0.000162973501858149
5.944736094309603e-07,0.0001703370685388568
5.944749794954701e-07,0.0001943060659396774
5.944761705318447e-07,0.0002103319060040184
5.944772540741877e-07,0.0002118066563502121
5.944785023738406e-07,0.000204140962462637
5.944796555555708e-07,0.0002100495887753602
5.944809332356331e-07,0.0002454468123031962
5.94481947980416e-07,0.0002914003421905177
5.94483179552162e-07,0.0003354536246488572
5.944841949637744e-07,0.0003438358915603462
5.944852415992624e-07,0.0003429311076297459
5.944863889739527e-07,0.0003420062900234029
5.944874547651224e-07,0.0003696105234289255
5.944883347722486e-07,0.0003966308573056145
5.94489312765478e-07,0.0003994366604007898
5.944901800847925e-07,0.0003797970850654422
5.944912155341664e-07,0.0003496324497257072
5.944923184010186e-07,0.0003530280253549093
5.94493360430609e-07,0.0004413930621859407
5.944945484467393e-07,0.0006391908421967832
5.944960865092067e-07,0.0008792753002922199
5.944978799821455e-07,0.0009897907990813102
5.944994832126654e-07,0.0009490081721431088
5.945014882050102e-07,0.0007879532762294032
5.945035047364408e-07,0.0005762501844753026
5.945056767672958e-07,0.0003556453052341528
5.945078570965799e-07,0.0001825918944956263
5.945101133267391e-07,7.75336098667976e-05
5.945129614026454e-07,2.513724235415729e-05
5.945157014785e-07,1.145222902690547e-05
5.945181092720948e-07,8.255658159568076e-06
5.945208738661834e-07,7.098336297156951e-06
5.945241840306985e-07,6.500422645708265e-06
5.945284140195568e-07,5.955495563767021e-06
5.945340021805567e-07,5.324292310425835e-06
5.945420991210597e-07,4.52199560169589e-06
5.94555097006026e-07,3.467260148399736e-06
5.945806898092532e-07,2.032126831619845e-06
5.946277351222588e-07,7.437592588893226e-07
5.946891356789055e-07,2.160244677409724e-07
5.947646424247564e-07,7.471758827607383e-08
5.948551549462884e-07,4.479937720259457e-08
5.949666091818535e-07,3.534133444872039e-08
5.951158498130495e-07,2.918202542587034e-08
5.953380730988607e-07,2.403809280620936e-08
5.95720724526394e-07,1.937925095327506e-08
5.962595964295105e-07,1.598385375712303e-08
5.970218623734037e-07,1.331904326397488e-08
5.980856026154996e-07,1.114213277207891e-08
5.990428013077498e-07,9.860219886754986e-09
6.000000000000001e-07,8.91167066366703e-09
6.000299071229668e-07,2.056296887072466e-08
6.000680746314478e-07,2.947121089234011e-06
6.000871583856884e-07,1.357147069674241e-05
6.000941967493947e-07,1.805253969106197e-05
6.0010217903565e-07,1.9878715926874e-05
6.00109532931685e-07,1.822076919756789e-05
6.001152883116515e-07,1.571446395607942e-05
6.001199638993838e-07,1.481755932928446e-05
6.001234971403594e-07,1.738815091116315e-05
6.001252637608472e-07,2.108346322627104e-05
6.001284967959305e-07,3.531111756518277e-05
6.001323277808481e-07,6.588407114682763e-05
6.001378386331118e-07,0.0001186948312622293
6.001438799670232e-07,0.0001547075864090956
6.001486041582571e-07,0.0001577399630184803
6.001538959535892e-07,0.0001436351588229588
6.001573805129058e-07,0.0001401706184243172
6.001595384164312e-07,0.0001458790097270309
6.001614798829281e-07,0.00015499940104425
6.001634751498095e-07,0.0001644227435015487
6.00165692588488e-07,0.0001718396219090294
6.001681496416591e-07,0.0001901926629701313
6.001704108156727e-07,0.0002053319527314738
6.001721462235844e-07,0.000228530657502079
6.001736305646403e-07,0.0002739891438183848
6.001750142982831e-07,0.0003197547453187775
6.001764738285797e-07,0.0003502414273196618
6.001780874137862e-07,0.000356519914875856
6.001796408349605e-07,0.0003537699228709789
6.001810217862765e-07,0.0003421461037738912
6.00182023640734e-07,0.0003317167199410073
6.001830748431903e-07,0.0003222674659505718
6.001844363882191e-07,0.0003099208469379272
6.001855147440352e-07,0.0002994048662487928
6.001866489092585e-07,0.0002872329630651813
6.001877579395167e-07,0.0002735193199024039
6.001886826988999e-07,0.0002615744762636904
6.001896143071606e-07,0.0002492886023642763
6.001913053333849e-07,0.0002272669396687522
6.001928455572551e-07,0.0002103078873919529
6.00194022339606e-07,0.0002004584963931809
6.001956776457826e-07,0.0001926715684551328
6.001973877490823e-07,0.0001920623409943571
6.001986938745412e-07,0.0001953876299227887
6.002000000000001e-07,0.0001992702925220878
6.002005335467288e-07,0.0002000094380205801
6.002016006401861e-07,0.0002002090828743607
6.002026570147516e-07,0.0001975497709422433
6.00204274831328e-07,0.0001885275451920326
6.002060517394034e-07,0.0001907113324821405
6.00207551686563e-07,0.0002014617210803392
6.002088866016611e-07,0.0002063960463261608
6.002100036434568e-07,0.0002076646848016109
6.002114121432138e-07,0.0002055844291192791
6.002126704389232e-07,0.0002022349593436509
6.002138215721515e-07,0.0001992448799421665
6.002152970354206e-07,0.0001956990422558571
6.002182479619587e-07,0.0001896539525309831
6.002230707251421e-07,0.0001816399197896972
6.00227691153069e-07,0.0001777241480219968
6.00230569144144e-07,0.000181784271155781
6.002337283362444e-07,0.0001826683951856069
6.002362115875603e-07,0.0001753519759495369
6.002372316384419e-07,0.0001751088365008325
6.002381897161753e-07,0.000181650885190338
6.002390420308945e-07,0.0001914039174445522
6.002399513419324e-07,0.0001967942697217114
6.002407455476313e-07,0.0001914567849767923
6.002420046818817e-07,0.0001614470487134285
6.002430165336481e-07,0.0001259983885705533
6.002438092423504e-07,0.0001016777213329606
6.002444359107998e-07,8.91138506431683e-05
6.002452721832512e-07,7.92788235898976e-05
6.002461697151292e-07,7.225090680281901e-05
6.002468824817164e-07,6.799434792562459e-05
6.002477171067431e-07,6.39428984255608e-05
6.002490859225536e-07,5.860454750921059e-05
6.002508625908724e-07,5.309623907917597e-05
6.002528819407747e-07,4.807766757313022e-05
6.002553496996757e-07,4.321485295480289e-05
6.002587273119999e-07,3.819729286936695e-05
6.002630205137376e-07,3.370221930608759e-05
6.002681002635759e-07,3.007639390997571e-05
6.002745945353688e-07,2.665735958204298e-05
6.002801717832551e-07,2.399125332331045e-05
6.002862491207746e-07,2.059642740365547e-05
6.002906977952621e-07,1.774892225506685e-05
6.002957166842946e-07,1.443821710377079e-05
6.003004538030154e-07,1.148293556292899e-05
6.003054972820754e-07,9.388619879466493e-06
6.003091923269052e-07,8.526520487826368e-06
6.003136123401856e-07,8.062393481796172e-06
6.003195369284684e-07,8.0053290458448e-06
6.003283696104391e-07,8.32560069927999e-06
6.003374758340332e-07,8.477607306682794e-06
6.003478072393785e-07,8.135139192372244e-06
6.003585437687754e-07,7.332978314032441e-06
6.00370696214633e-07,8.193648791910266e-06
6.003837009626948e-07,2.656482696372188e-05
6.003942911564735e-07,5.134773961262257e-05
6.004026695679982e-07,5.779936173616256e-05
6.004080972707072e-07,6.592042187091219e-05
6.0041155323432e-07,9.246967342031526e-05
6.004147326025156e-07,0.0001405890823741894
6.004180509614909e-07,0.0002029542622098667
6.004213231874936e-07,0.000253059943576271
6.004235695936144e-07,0.0002756579792847382
6.004258645808998e-07,0.0003165707579142075
6.004280867429268e-07,0.0004391468162377681
6.004296986264174e-07,0.0005678272289049835
6.004311380929605e-07,0.0006591921286031743
6.004321804119142e-07,0.0007441988175010709
6.00433343592684e-07,0.0008506865786598097
6.004342459165289e-07,0.0008887827476391447
6.00435068164753e-07,0.0008795348485698298
6.004357631898157e-07,0.0008497872500502801
6.004366693195869e-07,0.0007887966610049861
6.004372998308227e-07,0.0007359023664469277
6.004379957737238e-07,0.0006750101668139046
6.00438606428593e-07,0.0006249111128183253
6.004392881862924e-07,0.0005787379333523556
6.004400160938039e-07,0.0005413130256904467
6.004408585538665e-07,0.0005054567823021582
6.004417906176637e-07,0.0004612228747753752
6.004428127372506e-07,0.0003996964817173794
6.004439070276931e-07,0.0003241457452312339
6.004451224895564e-07,0.0002507930672593453
6.0044633051006e-07,0.0002180561971837641
6.004472184996403e-07,0.0002055577124681867
6.004480292136937e-07,0.0001842287797699769
6.004485681954137e-07,0.0001772450410739958
6.00449207526207e-07,0.0001865611540661251
6.004497913931883e-07,0.0001969908898718125
6.004505749493772e-07,0.0002029438661233093
6.004514289729429e-07,0.0001994087003494868
6.004523041821931e-07,0.0001889481575756287
6.004533398623008e-07,0.0001723068720541753
6.004545517644551e-07,0.0001511722239472717
6.004561044430534e-07,0.000130677708707921
6.004578803753795e-07,0.0001321563471246722
6.004596186286395e-07,0.0001468595523898237
6.004609971097487e-07,0.0001475416619022975
6.004627473851862e-07,0.0001320765967171476
6.004642578714252e-07,0.0001396249226763809
6.004656740347227e-07,0.0001909782146308253
6.004668183184505e-07,0.0002335547778102815
6.004680526545136e-07,0.0002517217042344981
6.004692983060795e-07,0.0002478290383657379
6.004704121517224e-07,0.0002684363968618518
6.004715149008694e-07,0.0003027325387833135
6.004723714271171e-07,0.0003248809559239488
6.00473379960586e-07,0.0003418548185767383
6.004742893424334e-07,0.0003489430603467566
6.004751582100334e-07,0.0003652401775442848
6.004760796360299e-07,0.00038828347598637
6.004769016360641e-07,0.0003973072854489558
6.004778828574507e-07,0.0004124078335178712
6.004788745150193e-07,0.0004563532287087815
6.004798306924557e-07,0.0004982256008375007
6.004807825418644e-07,0.0005219662749827785
6.004819175570164e-07,0.0005400540136695862
6.004830126692767e-07,0.0005827530433167238
6.004840240539282e-07,0.000687936026096426
6.004852058240037e-07,0.0008370568260336077
6.004863204697359e-07,0.0009200128014455032
6.004873452556091e-07,0.0009310704455032955
6.004885146800575e-07,0.0008870386738119277
6.004899878557546e-07,0.0007872420221970585
6.004912039735077e-07,0.0006931889078014357
6.004925872422843e-07,0.0005886711844867912
6.004943286406832e-07,0.0004688972960572466
6.0049689657127e-07,0.0003219984956595565
6.005006351682051e-07,0.0001703421281373891
6.00504610298502e-07,7.758537905790438e-05
6.005078941483686e-07,3.838271571867148e-05
6.005112467109168e-07,1.864351049144999e-05
6.005150444216233e-07,8.824246129096075e-06
6.005192297574627e-07,4.563536110359007e-06
6.005243093195441e-07,2.560441315949379e-06
6.005300353269133e-07,1.566811117552645e-06
6.005369239920425e-07,9.367738490748759e-07
6.005456085096568e-07,5.154305858290403e-07
6.005576635707011e-07,2.51347463946541e-07
6.005757975030758e-07,1.203410676656021e-07
6.005973927272391e-07,7.877275893647653e-08
6.006236772480351e-07,6.050817377606212e-08
6.006566387317077e-07,4.827163920762235e-08
6.007029979669128e-07,3.789456373657121e-08
6.007746614687969e-07,2.864299362983101e-08
6.008931456155178e-07,2.068069425094626e-08
6.01069997104415e-07,1.502789360430817e-08
6.013206979027918e-07,1.127483724326534e-08
6.016672304248822e-07,8.788597956113293e-09
6.021597466846236e-07,7.05901017613826e-09
6.028672447474742e-07,5.825690073613633e-09
6.038809401013559e-07,4.92892206360476e-09
6.053282116958181e-07,4.257567431850217e-09
6.073966130029963e-07,3.736368306109415e-09
6.100000000000001e-07,3.35920005525983e-09
6.100500000000001e-07,8.290661984442109e-08
6.100634409737034e-07,5.497491333821111e-07
6.100903229211099e-07,7.526194964768643e-06
6.100970223816076e-07,1.102447142523537e-05
6.101025561637909e-07,1.297870698494369e-05
6.101085303528454e-07,1.314617538570641e-05
6.101134760423667e-07,1.191444518297368e-05
6.101162450936866e-07,1.080564494419668e-05
6.101171846054581e-07,1.046248551440531e-05
6.101181837902176e-07,1.010561727845736e-05
6.101189994461698e-07,1.010382752718478e-05
6.101206307580743e-07,2.024364502679705e-05
6.101217141904805e-07,4.716447705652407e-05
6.101230610979223e-07,9.145102837428395e-05
6.10124122131008e-07,0.0001187114839953098
6.101251836123473e-07,0.0001317979587149045
6.101262450936865e-07,0.0001388221423560106
6.101265567763467e-07,0.0001373322346592405
6.101270269086497e-07,0.0001419848522605792
6.101274553978775e-07,0.0001510486208530916
6.101280984731108e-07,0.0001687033977696005
6.10128946818303e-07,0.0001901800128895008
6.101297975502498e-07,0.0002003169715084116
6.101306743710205e-07,0.0001969081042809557
6.101315362531115e-07,0.0001929992292171394
6.101325249978067e-07,0.000194263115803382
6.101335158450136e-07,0.0001946047085646073
6.101345542650136e-07,0.0001892543184158287
6.101356620061791e-07,0.0001704758117186846
6.101365235240039e-07,0.000152317709205167
6.101374769413024e-07,0.00013825445267195
6.101386291612532e-07,0.0001378737448446812
6.101395546041722e-07,0.0001427597651722678
6.101405772436407e-07,0.0001422457909229195
6.101418178561545e-07,0.0001322311157846473
6.101429529854569e-07,0.0001220642070724467
6.101441198788281e-07,0.0001223084621152626
6.101450228779445e-07,0.0001261200883518245
6.101458080423476e-07,0.0001234622389520822
6.101464153401774e-07,0.0001162066413698245
6.101471555546319e-07,0.0001037364474171479
6.10147712452785e-07,9.385058821185858e-05
6.101483841295294e-07,8.371732924505853e-05
6.101491830151466e-07,7.296312848816217e-05
6.101499943322604e-07,6.301975923038885e-05
6.101507368623724e-07,5.491476568237795e-05
6.101515530294867e-07,4.555359788543198e-05
6.10152423041786e-07,3.37295338114027e-05
6.101531315296854e-07,2.357541824905454e-05
6.101538748101436e-07,1.469116684198897e-05
6.10154563099808e-07,9.019749135936296e-06
6.101554693308152e-07,5.047016406385715e-06
6.101566010656622e-07,2.988740215397465e-06
6.101577665529604e-07,1.97485661445934e-06
6.101588219580408e-07,1.386212463260099e-06
6.101600148229769e-07,9.271871932652277e-07
6.101615899828098e-07,5.408308423137806e-07
6.101640104338837e-07,2.337242730979407e-07
6.10167693028276e-07,6.699792277403419e-08
6.101722877543816e-07,1.870200554580448e-08
6.101776660600111e-07,8.649194149410715e-09
6.101842344983663e-07,6.559036783794023e-09
6.101929704569059e-07,6.000606229338062e-09
6.102000000000001e-07,5.838980152416083e-09
6.102043275414467e-07,4.041005597120351e-09
6.102095428688557e-07,3.986818254206321e-09
6.102144338378854e-07,3.974520570170023e-09
6.102242157759447e-07,3.97349708445904e-09
6.10239573204424e-07,3.9693424124636e-09
6.102671580892893e-07,3.964947738082361e-09
6.103223278590201e-07,3.957747192727398e-09
6.104298014233671e-07,3.940551392925022e-09
6.106447485520612e-07,3.909299125398815e-09
6.110746428094493e-07,3.849740338089573e-09
6.119344313242257e-07,3.741003876957541e-09
6.129672156621128e-07,3.625910401219541e-09
6.140000000000001e-07,3.524666043039715e-09
6.140310090200888e-07,8.032263333257051e-09
6.1407010835903e-07,1.631729838129456e-06
6.140863448141513e-07,6.106875121204349e-06
6.140946139066396e-07,9.245368829841514e-06
6.141046337237287e-07,1.146150852556831e-05
6.141126790397769e-07,2.255780924588372e-05
6.141177904831063e-07,4.880770235865151e-05
6.141237460289546e-07,8.216903172497774e-05
6.141283199105031e-07,9.088660841494612e-05
6.141325409279828e-07,9.795403188379459e-05
6.141357698567945e-07,0.0001192330467402917
6.141383003546325e-07,0.0001538737316182924
6.141414582046056e-07,0.0002113284015764241
6.141439267307388e-07,0.0002558460813117404
6.141468533971356e-07,0.0002969847903300597
6.141498997017745e-07,0.0003219203235562098
6.141518650173817e-07,0.0003380574794057704
6.141540579279325e-07,0.0003722257810714813
6.141556018408256e-07,0.0004006246487078446
6.141569284769616e-07,0.0004165012322144887
6.141584105992163e-07,0.0004174325947350094
6.14160053258971e-07,0.0003951904094439258
6.141609537378102e-07,0.0003773754495853513
6.141619418279107e-07,0.0003587294814635231
6.141627872047191e-07,0.0003448769577064117
6.14164393494659e-07,0.0003218181683066675
6.141655748509958e-07,0.0003054146642581685
6.141667428536501e-07,0.0002887068020517433
6.141680017438344e-07,0.0002698269726664836
6.141698079090865e-07,0.0002406574993515078
6.141717426094431e-07,0.0002077212973488774
6.141733656463061e-07,0.0001813038735076037
6.141749536842727e-07,0.0001580393316830094
6.141776520833379e-07,0.0001237430691544086
6.141799505479414e-07,0.0001002988619793254
6.141823340195893e-07,8.406565253344457e-05
6.141845790260426e-07,7.456678161233534e-05
6.141868695888833e-07,6.827389047399232e-05
6.141898322023101e-07,6.252540491996143e-05
6.141932474339231e-07,5.688960586286811e-05
6.141970531515743e-07,5.159668490453184e-05
6.142000000000001e-07,5.419826465878791e-05
6.142012172313744e-07,6.002122405293266e-05
6.142036516941231e-07,8.259198893100987e-05
6.142061172652877e-07,0.0001063760488467731
6.142079174913181e-07,0.0001097824000250949
6.142097447431372e-07,0.0001042756160952737
6.142111073061774e-07,0.0001098251864222872
6.142119844834229e-07,0.0001179242713479223
6.14213002046987e-07,0.0001204668124379836
6.142138112373199e-07,0.000112750930931333
6.142149080731481e-07,8.898474094584267e-05
6.142158735835989e-07,6.231738506496569e-05
6.142166780860768e-07,4.298937202497951e-05
6.142174227711148e-07,3.066475445533004e-05
6.142184587893148e-07,2.23635580155758e-05
6.142194051250411e-07,1.932735196912751e-05
6.142204259504319e-07,1.753238609154449e-05
6.142214193293903e-07,1.625972312854503e-05
6.142226343890549e-07,1.501979324348744e-05
6.142241712186089e-07,1.383501302986598e-05
6.142264520346442e-07,1.267775388584191e-05
6.142298810092373e-07,1.172991695335272e-05
6.142343548076243e-07,1.104616521076679e-05
6.142388784517459e-07,1.052591343818969e-05
6.142440519465359e-07,9.990128551537353e-06
6.142504022585076e-07,9.381547591762615e-06
6.142595788610522e-07,8.650016637120509e-06
6.142740215442454e-07,8.441595811728574e-06
6.142902847354108e-07,1.066328681394761e-05
6.14308291482226e-07,1.438576991340346e-05
6.143165077378033e-07,1.560243639397204e-05
6.143210753382454e-07,1.575430596544893e-05
6.143267970962171e-07,1.474846153780539e-05
6.14331662944099e-07,1.298853475451313e-05
6.143357619165529e-07,1.101270514268871e-05
6.143390875772653e-07,9.453345093251537e-06
6.143426895100977e-07,8.484436306469083e-06
6.143461193805397e-07,8.312241356241868e-06
6.143496612792634e-07,8.811098867006496e-06
6.143546844572965e-07,1.006466412990617e-05
6.143625183812455e-07,1.180944516509506e-05
6.14370141256641e-07,1.247523175598152e-05
6.143775838083899e-07,1.203529428506321e-05
6.14385769183521e-07,1.212500313286387e-05
6.143932490164935e-07,2.575713656453872e-05
6.14400670275714e-07,5.212079428577541e-05
6.144070305081048e-07,6.572169277712971e-05
6.144149877862176e-07,7.38697166416345e-05
6.144222337352764e-07,0.0001655893428054188
6.14425804071744e-07,0.0002694405407639917
6.144297304374616e-07,0.0003512823946899706
6.144329612550573e-07,0.000356565985788297
6.144346781175579e-07,0.0003701947092688224
6.144360415335145e-07,0.0004053826560725615
6.144377167477658e-07,0.0004702190448628464
6.144390863263e-07,0.0005209769799765371
6.14440546769396e-07,0.0005768842832678797
6.144417749774116e-07,0.0006670084310684267
6.14442754370942e-07,0.0007437350841057298
6.144436736604445e-07,0.0007810635009928007
6.144445231255151e-07,0.0007870992951162163
6.144454211859059e-07,0.0007718379112104937
6.144463295092078e-07,0.0007242250649695968
6.144471091351415e-07,0.000665333119063823
6.144477423704985e-07,0.0006123274672778464
6.144487037700687e-07,0.0005415943120878674
6.144495574865727e-07,0.0005009865750791224
6.144502908393975e-07,0.0004688522125329384
6.144510415050698e-07,0.000428456160013239
6.144515977629768e-07,0.0004037573536928472
6.144521672703234e-07,0.0003950767011852059
6.144527615286834e-07,0.0004004438991472321
6.144535972359631e-07,0.0004135742081833615
6.14454523352236e-07,0.0004202211551195003
6.144554522687794e-07,0.0004134867480676239
6.144564403058167e-07,0.0003951930247751336
6.1445759596165e-07,0.0003755208890986108
6.144589613657938e-07,0.0003857299218101049
6.14459958918245e-07,0.0004199195282651513
6.144609283787437e-07,0.000445799566467637
6.144618317954213e-07,0.0004430592031367283
6.144626352421635e-07,0.0004212524573939094
6.144634161368133e-07,0.0003929733874837906
6.144640657233402e-07,0.000369049259895327
6.144648392988594e-07,0.0003400524885456903
6.144658464151504e-07,0.000300969774761819
6.144666892129303e-07,0.0002754777894172469
6.14467565233866e-07,0.0002624312051690689
6.14468524867128e-07,0.0002561654527324124
6.144695857574811e-07,0.0002479310070037196
6.144705487177485e-07,0.0002350428414381375
6.144716769473073e-07,0.0002184103707415258
6.144729203466454e-07,0.0002191353490545875
6.144742187716764e-07,0.0002468973941203142
6.144753936713656e-07,0.000273016155645462
6.144765695215431e-07,0.0002815544335062872
6.144777174219535e-07,0.0002718186252717745
6.144789257577755e-07,0.0002683657747533416
6.144801033898734e-07,0.0003051748110130229
6.144811793849913e-07,0.0003612832182535949
6.144820836979914e-07,0.0004052497002612511
6.144832411712236e-07,0.0004301380972055933
6.144842132687487e-07,0.0004293613354118064
6.144851567551064e-07,0.0004296042772366726
6.144860684387571e-07,0.0004239533078773974
6.144868581842393e-07,0.0004279700989244252
6.144877085734798e-07,0.0004478076968902955
6.144886999275882e-07,0.0004620284677601185
6.144895701524147e-07,0.0004555829440126115
6.144904503767268e-07,0.0004463290826599458
6.144914987398081e-07,0.0004492368412505333
6.144925976979756e-07,0.0004970169806863114
6.144936531912851e-07,0.0006222589274689119
6.144949122167081e-07,0.0008368807778792689
6.144964669593259e-07,0.001024307095588752
6.144980081445759e-07,0.001058755881218296
6.144997011613047e-07,0.0009630666248772337
6.145013817716451e-07,0.0007912756992832893
6.145031063613276e-07,0.0005938422556364692
6.145049046619998e-07,0.0004030291769278811
6.145070690914381e-07,0.0002174193392411284
6.145090675082472e-07,0.0001056250060483602
6.145110230889802e-07,4.872893330938777e-05
6.145132593044688e-07,2.15878603220531e-05
6.145155812927694e-07,1.212796954441238e-05
6.145180251489881e-07,9.080383816972138e-06
6.145209583033785e-07,7.913121197845693e-06
6.145244021036667e-07,7.276345196426284e-06
6.14528742853186e-07,6.664823552865467e-06
6.145345092337694e-07,5.944386646529369e-06
6.145430128887203e-07,5.015764464932658e-06
6.145569927985233e-07,3.779427733017299e-06
6.145849526181294e-07,2.118038476196679e-06
6.146337012455026e-07,7.5646726210825e-07
6.146977855340917e-07,2.170480000894e-07
6.147745453328984e-07,8.126398626325519e-08
6.148655277437922e-07,5.119313664216147e-08
6.149777421055621e-07,4.024891651634754e-08
6.151292958286463e-07,3.272558457314226e-08
6.153567550634497e-07,2.64404781047293e-08
6.157519320004197e-07,2.081034678041844e-08
6.162946493910477e-07,1.689681085289034e-08
6.170585877594043e-07,1.389521725395466e-08
6.18126619971843e-07,1.148996211537111e-08
6.190633099859215e-07,1.013322544867353e-08
6.200000000000001e-07,9.132469388505924e-09
6.200296010711099e-07,2.024754930829324e-08
6.200675077442673e-07,2.785283815563044e-06
6.20086461080846e-07,1.308993945578264e-05
6.200934078156943e-07,1.770206053814974e-05
6.201014637064079e-07,1.989922639982096e-05
6.201084552956206e-07,1.862675798216049e-05
6.201143449387123e-07,1.611635785221012e-05
6.201192285040752e-07,1.474238173165699e-05
6.201227835605791e-07,1.646879178979603e-05
6.201243397311387e-07,1.886869265500492e-05
6.20127452072258e-07,2.949053507988646e-05
6.201306483428448e-07,5.088061836015391e-05
6.201363602593956e-07,0.0001052593379231108
6.201418988938917e-07,0.0001468911351806965
6.201468099126789e-07,0.0001590903865517864
6.201517346983994e-07,0.0001498406691121157
6.201577628397498e-07,0.0001407696602950576
6.201601336976842e-07,0.0001483719067147688
6.201620851712142e-07,0.0001578619215106973
6.201640943570712e-07,0.0001665602028417009
6.201667128322929e-07,0.000176872709261819
6.20169011395059e-07,0.0001977024817369429
6.201705104890892e-07,0.0002060362918366318
6.201720585929435e-07,0.000227408069329196
6.201735353271894e-07,0.0002718283467833605
6.201748752176782e-07,0.0003165075854931116
6.201763654316369e-07,0.0003492678303259511
6.201779735298877e-07,0.0003564316960530792
6.201795585217047e-07,0.000354066417425245
6.201809454785243e-07,0.0003426559940220555
6.201819620459698e-07,0.0003320659828049085
6.201829960193896e-07,0.0003227304603533835
6.201843364921574e-07,0.0003106188423885094
6.201854224827043e-07,0.000300059881945884
6.201865469118035e-07,0.0002881018206512478
6.201876827394071e-07,0.0002741073652088587
6.201890457248365e-07,0.0002564309833788055
6.201899999236095e-07,0.0002437968023520462
6.201916928979516e-07,0.0002223033640182853
6.201930555210721e-07,0.0002080757903249864
6.201943198815501e-07,0.0001983559800802325
6.20195742093833e-07,0.0001924674765178811
6.201976424381965e-07,0.0001925683379448461
6.201988212190983e-07,0.0001958821538928585
6.202e-07,0.0001993336010805075
6.20200530692024e-07,0.0002000462563952886
6.202015920760721e-07,0.0002001968569627489
6.202026201421129e-07,0.0001976005315973163
6.202042193653052e-07,0.0001886983254049808
6.202059966859324e-07,0.0001905004250466554
6.202074956018869e-07,0.0002012997022104942
6.202088383546381e-07,0.0002063494808336903
6.202099539501444e-07,0.0002076794375580229
6.202113513783055e-07,0.0002056780177135035
6.202126267993666e-07,0.0002022947263178568
6.202137730535022e-07,0.000199314214417747
6.202152389746415e-07,0.0001957834806908344
6.202181708169202e-07,0.000189760068308994
6.202229245889888e-07,0.0001818313641813727
6.202275726364552e-07,0.0001776607131288392
6.202305117447168e-07,0.0001816983744356024
6.202336980675445e-07,0.0001826893508258318
6.202361852992129e-07,0.0001753772738970397
6.202372118374435e-07,0.0001750830944331585
6.202381690191197e-07,0.0001815678181681845
6.202390212569857e-07,0.0001913191743995869
6.202399325862816e-07,0.0001967890903386611
6.20240725663895e-07,0.0001915414313343183
6.202419968689228e-07,0.0001612736002585198
6.20243007804903e-07,0.0001258449305724297
6.202438009553471e-07,0.0001015501004997999
6.202444278314485e-07,8.903123812853711e-05
6.202452667924501e-07,7.920125904592226e-05
6.202461587615127e-07,7.2231319410708e-05
6.202468723253961e-07,6.797357907508128e-05
6.202477072468661e-07,6.392410085922214e-05
6.202490842393056e-07,5.85608785887832e-05
6.202508610976842e-07,5.30609060227811e-05
6.202528834668627e-07,4.804268730906283e-05
6.202553534609652e-07,4.318392694036526e-05
6.202587411277234e-07,3.816266430283615e-05
6.202630364219618e-07,3.367747799605705e-05
6.20268124393072e-07,3.005508772168387e-05
6.202746284646552e-07,2.663569647913092e-05
6.202801798913202e-07,2.398038256343201e-05
6.202862352263927e-07,2.059331119608836e-05
6.202906807035994e-07,1.774638570572016e-05
6.20295664936584e-07,1.445736565460762e-05
6.203004074790719e-07,1.149560141346075e-05
6.203054582957605e-07,9.394221957827533e-06
6.203091500493533e-07,8.530828263805269e-06
6.203135791279697e-07,8.064267321413531e-06
6.203194929164988e-07,8.006246513706637e-06
6.203283253346549e-07,8.325899121192402e-06
6.203374283234786e-07,8.47835445464514e-06
6.203477593039076e-07,8.136714783008256e-06
6.203584929612669e-07,7.335155914600955e-06
6.203706390740202e-07,8.182201164208725e-06
6.20383648707064e-07,2.650778155792098e-05
6.203942489238712e-07,5.132616775869892e-05
6.204026283476421e-07,5.779648690273931e-05
6.204080778527458e-07,6.596010121168336e-05
6.204115350644451e-07,9.259244167686342e-05
6.20414714095551e-07,0.0001407743833503338
6.204180320880581e-07,0.0002031335692245783
6.204213021911951e-07,0.0002531443409876721
6.204235520788307e-07,0.0002757873133352045
6.204258465993005e-07,0.0003173610650425651
6.204280672973399e-07,0.0004425595085234446
6.204296781254654e-07,0.0005740033586757509
6.204311195527353e-07,0.0006665185949092512
6.204327043172258e-07,0.0008011786483231185
6.204338219108747e-07,0.0008786452185516506
6.204347105084965e-07,0.0008875501074312471
6.204354926329354e-07,0.0008621661249030383
6.204363178413813e-07,0.0008145575325432067
6.204374079877118e-07,0.0007263507475142431
6.204382715695428e-07,0.0006523786040845985
6.204389029824794e-07,0.0006052975904107999
6.204399732311524e-07,0.0005472391143014091
6.204407228988928e-07,0.0005162932080118831
6.204417065091561e-07,0.0004715092480133678
6.20442663846042e-07,0.0004151654076050587
6.204437711732719e-07,0.0003384230759959584
6.20444940916584e-07,0.0002637618272462924
6.204461651180905e-07,0.0002234908090916107
6.204470876579444e-07,0.0002110329079559619
6.20447891534951e-07,0.0001902854054602711
6.204484347551218e-07,0.0001792274571575607
6.204490838181272e-07,0.0001853363748585003
6.204496674882253e-07,0.0001962805795748789
6.204503579306841e-07,0.000203322101035907
6.20451312709741e-07,0.0002014235966662248
6.204521357272541e-07,0.0001921773536877977
6.204531582263e-07,0.0001761681375271998
6.204542874035925e-07,0.0001563306061524069
6.204557949768218e-07,0.0001339758591841908
6.20457547777826e-07,0.000130129165602535
6.204594158315563e-07,0.0001457759590030799
6.204608185103906e-07,0.0001484767782580431
6.204623993769038e-07,0.000135615169356457
6.204640179626086e-07,0.0001347660409301461
6.204654038120857e-07,0.0001795903112746929
6.204665992648943e-07,0.0002269641668910613
6.204677312285586e-07,0.0002507991430780843
6.204689433433652e-07,0.0002480337205055324
6.204701124528921e-07,0.0002598563493819674
6.204711653692212e-07,0.000293030555568943
6.204721501556252e-07,0.0003248314977313665
6.20473120604986e-07,0.0003498458072803654
6.204741231326417e-07,0.0003598705405866814
6.20475076208465e-07,0.0003683746642997231
6.204760531814181e-07,0.000406981497476334
6.204770754617621e-07,0.0004474453189687173
6.204780242472067e-07,0.0004864958959287763
6.204791383589146e-07,0.000539092306755809
6.204800983226042e-07,0.0005508076476737918
6.204811603151367e-07,0.0005607674112178243
6.204822160074875e-07,0.0006083153272671686
6.204833551055077e-07,0.0007137735127584687
6.204843607962153e-07,0.0008559439756781084
6.20485390308605e-07,0.0009841065824641134
6.204865174813967e-07,0.001044779653727944
6.204874753089092e-07,0.001031986340704271
6.204887433093689e-07,0.0009562010968394042
6.20490074013404e-07,0.0008415690853875468
6.204913153779788e-07,0.0007275000674439576
6.204927229094443e-07,0.0006041814371753737
6.204945160692727e-07,0.0004643610449232492
6.204971911518101e-07,0.0002988457109166775
6.205009076533447e-07,0.0001497989421608349
6.205054997342141e-07,5.809187484943311e-05
6.205087660557911e-07,2.899780271018136e-05
6.20512107224914e-07,1.469924437207828e-05
6.205158287903997e-07,7.642174392014141e-06
6.205202806060524e-07,4.191752946693539e-06
6.205255955336688e-07,2.480922175288142e-06
6.205316784848416e-07,1.523995804968568e-06
6.205390897012353e-07,8.877377907585194e-07
6.205487185555792e-07,4.659769637230241e-07
6.205624413664385e-07,2.200358736192759e-07
6.205816440231477e-07,1.167335924789906e-07
6.206039116024244e-07,8.303378170132998e-08
6.206312588429184e-07,6.543037483460247e-08
6.206664033504326e-07,5.232211771386606e-08
6.207172860967041e-07,4.07582905729663e-08
6.207987046218372e-07,3.026317379958416e-08
6.209280917809818e-07,2.173983906363846e-08
6.211261785946734e-07,1.559494010272972e-08
6.213961385302796e-07,1.168223657164852e-08
6.217739351514245e-07,9.038049033806134e-09
6.223110509993995e-07,7.194420194125143e-09
6.230855492486795e-07,5.876540899447467e-09
6.241932135367184e-07,4.924570429737933e-09
6.257740748629629e-07,4.218387328360446e-09
6.280346569512605e-07,3.678680551503142e-09
6.3e-07,3.39517586069556e-09
6.3005e-07,8.294156113331283e-08
6.300634409737033e-07,5.497839921618396e-07
6.300903229211098e-07,7.526229645092209e-06
6.300970223819419e-07,1.102451592138598e-05
6.301025561642257e-07,1.297874165218681e-05
6.301085303533382e-07,1.314620986078703e-05
6.301134760424506e-07,1.191447966267094e-05
6.301162450936848e-07,1.08056794366179e-05
6.301171846054327e-07,1.041644272605359e-05
6.301181837901624e-07,1.00085954244881e-05
6.301189994460986e-07,9.91816586558479e-06
6.301206307579709e-07,1.682532874951178e-05
6.301217197809412e-07,3.437359581888948e-05
6.301230653771511e-07,6.011649001672595e-05
6.301241271115321e-07,7.355483558200758e-05
6.301251861026084e-07,7.682241188269098e-05
6.301262450936847e-07,7.943099577713355e-05
6.301265564900798e-07,8.108044738549198e-05
6.301270259662775e-07,8.873983571798684e-05
6.301274539005427e-07,9.768670762907499e-05
6.301280968549855e-07,0.0001080656776550639
6.301289441953413e-07,0.0001098396078965172
6.301297944396461e-07,9.987431651419371e-05
6.301306710083837e-07,8.670716063084681e-05
6.301315329822237e-07,8.631697108486299e-05
6.301325205265784e-07,0.0001017750389255516
6.301335132821833e-07,0.0001117600089149806
6.301346515388187e-07,0.0001085243224900919
6.301357690732991e-07,9.503398137816528e-05
6.301369358817768e-07,7.938276431105477e-05
6.30138125481183e-07,7.855693864107948e-05
6.301393627650558e-07,9.175771552034757e-05
6.301404493622035e-07,9.755525738483396e-05
6.30141548147645e-07,9.182555414106484e-05
6.301428634108565e-07,7.489199962523248e-05
6.301440098323339e-07,6.235014391064406e-05
6.301449772008836e-07,5.489596626033258e-05
6.301457611024375e-07,4.498237476308795e-05
6.301464363105633e-07,3.314180087752136e-05
6.301471876225215e-07,1.956090976366321e-05
6.301477510469057e-07,1.143471135396347e-05
6.301484274903487e-07,5.890369502218994e-06
6.301492587035931e-07,2.840090333869753e-06
6.301500467541591e-07,1.524911524234578e-06
6.301508021567917e-07,8.897048393960698e-07
6.301516989042149e-07,5.149754138349045e-07
6.301530143392344e-07,2.814768588310802e-07
6.301548420306119e-07,1.638580478453418e-07
6.301570476801889e-07,1.049986043575898e-07
6.301598778215062e-07,6.455520793049175e-08
6.301638173911952e-07,3.41170255166424e-08
6.301701453476626e-07,1.419778869478929e-08
6.301800746287253e-07,6.982632198478508e-09
6.301900373143626e-07,5.862835391813501e-09
6.302e-07,5.59585127060926e-09
6.302051518819201e-07,3.777847063593502e-09
6.302113282895412e-07,3.743313915779792e-09
6.302171767444575e-07,3.73203278811211e-09
6.302288736542902e-07,3.730730053618596e-09
6.30247367711533e-07,3.726127506612634e-09
6.302795896962801e-07,3.722564732580287e-09
6.303434344297451e-07,3.712157053760714e-09
6.304609906406621e-07,3.696992504680069e-09
6.306882826573711e-07,3.664874608915003e-09
6.311281839024178e-07,3.60951897600728e-09
6.319685322744407e-07,3.510043542241578e-09
6.329842661372204e-07,3.406022660040699e-09
6.34e-07,3.31511756198619e-09
6.340307639036447e-07,7.64313270612268e-09
6.340696569249461e-07,1.56132064529392e-06
6.340891034355968e-07,7.107891240698684e-06
6.340979354524268e-07,1.01258965772964e-05
6.341078890107702e-07,1.297782696354872e-05
6.341167771900893e-07,4.229643847370072e-05
6.341240484920099e-07,8.232720221594647e-05
6.341292702493184e-07,9.13056227902487e-05
6.341338767641848e-07,0.0001045400778868211
6.341374101680828e-07,0.0001416192717620554
6.341399697923959e-07,0.000185539835568046
6.341427351147568e-07,0.000237522975090481
6.341454135180555e-07,0.0002810897846981361
6.341487751571895e-07,0.0003163616159118474
6.341516777244001e-07,0.0003387669628618326
6.341532622378188e-07,0.0003613062665022403
6.341549140067917e-07,0.0003925707067562677
6.341562965423845e-07,0.0004138869001349016
6.341575714047084e-07,0.0004219347725836987
6.341591305302156e-07,0.000411766197836334
6.341607373981697e-07,0.0003828120367235389
6.341619000601849e-07,0.0003607419760822557
6.341627892112618e-07,0.0003462554337836595
6.341640205334295e-07,0.0003285800346174339
6.341652640171605e-07,0.0003115167843303996
6.341663790942558e-07,0.0002959076637317703
6.341676472836959e-07,0.0002774097576615288
6.341692599248246e-07,0.0002523054720157849
6.341713445596265e-07,0.0002177268007161709
6.341728924304979e-07,0.0001927323373726827
6.341744227054878e-07,0.000170066348484583
6.341768853159571e-07,0.0001376534986826052
6.341791396610555e-07,0.0001114215009239153
6.341815209379712e-07,9.118125466414265e-05
6.341835823129763e-07,7.98650998376253e-05
6.341862177511475e-07,7.085608800828114e-05
6.341888527138417e-07,6.50701752592956e-05
6.34192338100165e-07,5.915419245622659e-05
6.341959388185339e-07,5.343961832206718e-05
6.342e-07,5.265089964288862e-05
6.342014189903145e-07,5.794732285720442e-05
6.342042569709434e-07,8.31586631589646e-05
6.342067696993567e-07,0.0001070142138953493
6.342086319561399e-07,0.0001093637873754247
6.342104443725543e-07,0.0001042446936224728
6.342117217844618e-07,0.0001106318475075486
6.342125821159023e-07,0.000118487314151611
6.34213555267188e-07,0.0001203829104116422
6.342143737011154e-07,0.0001121904268612997
6.34215413342991e-07,8.946728552780464e-05
6.342163831737675e-07,6.265593336787205e-05
6.34217182456386e-07,4.327774209564093e-05
6.342179300314371e-07,3.077806029302195e-05
6.342189171242496e-07,2.261331658569499e-05
6.34219863063963e-07,1.941240455129623e-05
6.34220883802005e-07,1.756481792519126e-05
6.342218749821889e-07,1.627523350878031e-05
6.34223070790901e-07,1.503704923111368e-05
6.342245800097936e-07,1.385014084085276e-05
6.342267991216382e-07,1.268936405974875e-05
6.342301276590691e-07,1.172970792418659e-05
6.342346223653938e-07,1.102253975559756e-05
6.34239115742614e-07,1.050054980879801e-05
6.342442511186676e-07,9.965876890162728e-06
6.34250482360084e-07,9.367223036449881e-06
6.342594717615647e-07,8.650561215680687e-06
6.342734651836552e-07,8.421649588027089e-06
6.342895177345242e-07,1.053517665687927e-05
6.343075406952911e-07,1.427580569364072e-05
6.343161484219885e-07,1.55775838410579e-05
6.343207897999024e-07,1.576239565429884e-05
6.343267080629829e-07,1.473586559462822e-05
6.343314669963125e-07,1.301550005871383e-05
6.343355800659656e-07,1.103750413332078e-05
6.343389229984459e-07,9.465298514828431e-06
6.343425421325183e-07,8.486562118589592e-06
6.343459506305621e-07,8.31034027691005e-06
6.343494976525391e-07,8.804796389389858e-06
6.34354502386572e-07,1.005194527647854e-05
6.343623241032172e-07,1.179929313347987e-05
6.343699441803645e-07,1.247462002628568e-05
6.343773980668163e-07,1.204126146124429e-05
6.343855883581703e-07,1.21016687051711e-05
6.343930553054533e-07,2.556083867096356e-05
6.344004798094979e-07,5.193939685766117e-05
6.34406841931907e-07,6.566210012471056e-05
6.3441475445305e-07,7.355017100805468e-05
6.34422031353325e-07,0.0001638579143931664
6.344256167428854e-07,0.000267864357190765
6.344295611114763e-07,0.0003509442504228761
6.344327837240838e-07,0.0003564204093147061
6.344344944820477e-07,0.0003687942102194323
6.344358548283179e-07,0.0004019433598805246
6.34437544965951e-07,0.0004638230928561005
6.344389095703346e-07,0.0005105085253054801
6.344403800888113e-07,0.000560314865268804
6.344416212072506e-07,0.0006451223976044741
6.344426062472445e-07,0.0007191056911529611
6.344435243768135e-07,0.0007542595408758795
6.344443736198656e-07,0.0007585928984359974
6.344452739808394e-07,0.0007419080779432673
6.344461809221867e-07,0.0006926798252340043
6.344469659528979e-07,0.0006305754163719438
6.344475973858795e-07,0.0005740553528113098
6.344485674557957e-07,0.0004965526331360024
6.344494378834248e-07,0.0004518937830199242
6.344501723143092e-07,0.0004184082520686157
6.344509261399805e-07,0.0003763629331899917
6.344514809797486e-07,0.0003497545112018763
6.344520489627248e-07,0.0003374517689691114
6.344526462769131e-07,0.0003369377177967223
6.344534931225164e-07,0.0003397525375848926
6.344544226892575e-07,0.0003359327354964365
6.344553526873876e-07,0.0003238144448863022
6.344563439284008e-07,0.0003067609053443929
6.344575074840032e-07,0.0002945292475635701
6.344588656631419e-07,0.0003025561777106255
6.34459863519459e-07,0.0003123890619442345
6.34460886944824e-07,0.0003120757297305537
6.344616620045499e-07,0.0003040641184868737
6.344624605920065e-07,0.0002935683190799408
6.344632397921692e-07,0.0002852086226575357
6.34464266078399e-07,0.0002742063626075785
6.344656766397604e-07,0.0002571781782262043
6.344668380105475e-07,0.0002509666021540138
6.344679354119023e-07,0.0002521443750614239
6.344691944627253e-07,0.000250625250148189
6.344707182332984e-07,0.0002347838671792575
6.344721606366546e-07,0.0002214616370314134
6.344734473248286e-07,0.0002381591208668696
6.344748348579475e-07,0.0002722525504851214
6.344760208542027e-07,0.0002884737979915053
6.344771049996791e-07,0.0002846326016293227
6.344783640112855e-07,0.0002730148499386692
6.344795186151556e-07,0.0002932887175321688
6.344808090087221e-07,0.0003582569172807508
6.344818265864734e-07,0.0004157477726676796
6.344830416360764e-07,0.0004522507398389693
6.34484058356085e-07,0.000450700996575503
6.344851057034282e-07,0.0004602413901217418
6.344862288249239e-07,0.0004770479821917916
6.344871963065957e-07,0.0005024806656554596
6.344880684112339e-07,0.0005235362423347212
6.34489039843408e-07,0.0005175535334147509
6.344899277378426e-07,0.000492779308252825
6.344909390462672e-07,0.000479522820372596
6.344920509156502e-07,0.0005284437394754579
6.344930931213668e-07,0.0006554918643918083
6.344942467791803e-07,0.0008691725226002522
6.344956265512236e-07,0.001092736187924369
6.34497403936924e-07,0.001179350531809411
6.34498896914958e-07,0.00109668418320442
6.345006056854903e-07,0.0009023409127680322
6.34502266291724e-07,0.0006768482104086966
6.345039852395245e-07,0.0004621677412790048
6.345057848533753e-07,0.0002835848083353241
6.345079584384183e-07,0.0001356443241726063
6.345098942163648e-07,6.390696626903341e-05
6.345118428676138e-07,3.057352812551266e-05
6.34514071639124e-07,1.591146992421881e-05
6.345163719196976e-07,1.099549259196385e-05
6.345190576087871e-07,9.190726896877329e-06
6.345222523200437e-07,8.368050655497233e-06
6.345261377372234e-07,7.72172726959388e-06
6.345311529125814e-07,7.000910652538881e-06
6.345381848437082e-07,6.099132755477229e-06
6.345491283460268e-07,4.906942954075511e-06
6.345690366038163e-07,3.274334073626741e-06
6.346088531193953e-07,1.417210116810936e-06
6.346645965799467e-07,4.37705950227074e-07
6.347357626669072e-07,1.244993763419755e-07
6.348192025397271e-07,5.85007281769341e-08
6.349179977376777e-07,4.30020553771631e-08
6.350443507690807e-07,3.533276632855133e-08
6.352230589349095e-07,2.928343210237824e-08
6.355084823541927e-07,2.392851210933704e-08
6.359740578600116e-07,1.935967647196895e-08
6.366200925935433e-07,1.597188471330631e-08
6.375302390025956e-07,1.323402861236883e-08
6.388167667129595e-07,1.092982488352611e-08
6.4e-07,9.552053054950275e-09
6.400330932697272e-07,2.917264604636097e-08
6.400739255693212e-07,5.112654044519627e-06
6.400896848731561e-07,1.539607170281588e-05
6.400966695819677e-07,1.903624215656131e-05
6.401040533897099e-07,1.972146726487883e-05
6.401091985495272e-07,1.832723029446686e-05
6.401148303849192e-07,1.589814811050353e-05
6.401193369133462e-07,1.474292488996562e-05
6.401227955072793e-07,1.64834485688318e-05
6.401245248042458e-07,1.926091957410839e-05
6.401278908225123e-07,3.178188127695283e-05
6.401313128538794e-07,5.655699902670238e-05
6.401369835517561e-07,0.0001110690338321594
6.401426663890382e-07,0.0001503362707255229
6.401474493132439e-07,0.0001589932003073911
6.401525579144221e-07,0.0001473927961197897
6.401586442906682e-07,0.0001426357323103677
6.401610390015919e-07,0.0001524129008089186
6.401639568122213e-07,0.000165664402125994
6.401660458804418e-07,0.0001727230731345477
6.40168756457119e-07,0.0001953641714019632
6.401709773898284e-07,0.0002092542071710733
6.401725925727464e-07,0.0002410872910480263
6.401741591555951e-07,0.0002930974933304829
6.401755100005895e-07,0.0003335105842463246
6.401771674808377e-07,0.0003550687023860339
6.401788537237718e-07,0.0003563211663026625
6.401803043686277e-07,0.0003487047015930708
6.401815229902632e-07,0.0003365245676030883
6.401824617575983e-07,0.0003273448600418818
6.401837533415014e-07,0.000315982529219626
6.401850763520593e-07,0.0003034278823901846
6.401861482762465e-07,0.0002925070455108935
6.40187413778567e-07,0.0002774461871442505
6.401884744913141e-07,0.0002638523088066239
6.401894452224474e-07,0.0002510762794146886
6.401907820779113e-07,0.0002334559433017967
6.401924513943175e-07,0.0002139223855080605
6.401936217995376e-07,0.0002031921134798155
6.40195140543966e-07,0.0001942667263415995
6.401966275723925e-07,0.0001914926508383117
6.401983137861962e-07,0.0001943046924285566
6.402e-07,0.0001993135908585116
6.402005455556084e-07,0.0002000265210258117
6.402016366668251e-07,0.0002000924106198479
6.402027754618642e-07,0.00019689776324368
6.402044296628065e-07,0.0001875767677284703
6.402061758738139e-07,0.0001918995440472802
6.402076721957687e-07,0.0002022777244271477
6.402089642414171e-07,0.0002066709069238929
6.402100909109396e-07,0.0002076419943269928
6.402115671403988e-07,0.0002051518843141684
6.402127587173345e-07,0.0002019307880975905
6.402139386775346e-07,0.0001988850895078613
6.402154715508461e-07,0.0001952496227384555
6.40218537297469e-07,0.0001890784620851338
6.402238002012852e-07,0.000180487383559336
6.402282344076244e-07,0.0001781855706988347
6.40230901027525e-07,0.000182327466326218
6.402339111266373e-07,0.0001822594373925588
6.402363931028168e-07,0.0001748884646451969
6.402374149664945e-07,0.0001759183585732308
6.402382998034307e-07,0.0001831938244685035
6.402391300051493e-07,0.000192637886386595
6.402399905008712e-07,0.0001967501936246666
6.402408121206353e-07,0.0001899826154157303
6.402419299500236e-07,0.0001626044959376059
6.402429509481304e-07,0.0001269234208568068
6.402437310064083e-07,0.000102685917714976
6.40244355569729e-07,8.974422115231074e-05
6.402451703314737e-07,7.985464936041743e-05
6.402461164386857e-07,7.232507134991176e-05
6.402468234625535e-07,6.808104547495146e-05
6.402476554713182e-07,6.402189853232691e-05
6.402489637117718e-07,5.887660800504926e-05
6.402507383855069e-07,5.331593334876631e-05
6.402527354938458e-07,4.830307570324063e-05
6.402551870815743e-07,4.341869132111212e-05
6.402584930282486e-07,3.843661424130017e-05
6.402627713302214e-07,3.387831159453545e-05
6.402677923373323e-07,3.023339956889931e-05
6.402742166594456e-07,2.681652897982189e-05
6.402799390880151e-07,2.408345427759117e-05
6.402861330796472e-07,2.06427139461795e-05
6.402906018441677e-07,1.778602660636348e-05
6.402958270099603e-07,1.434111189851864e-05
6.403005371642217e-07,1.141844359753582e-05
6.403055308919417e-07,9.366779038563585e-06
6.403092490896255e-07,8.5104894960162e-06
6.403136164513411e-07,8.059671017235852e-06
6.403196134216522e-07,8.007290069198414e-06
6.403284487842889e-07,8.329563026544975e-06
6.403375767386279e-07,8.476842376215291e-06
6.40347911742677e-07,8.127510274415434e-06
6.403586687831231e-07,7.320574131361006e-06
6.403708668845473e-07,8.281184316196111e-06
6.403838363849247e-07,2.698167716760366e-05
6.403943584333943e-07,5.152482978344931e-05
6.404027322271022e-07,5.783335078431009e-05
6.404099479437759e-07,7.615514182958134e-05
6.404142076524844e-07,0.0001285826113359032
6.40417650207106e-07,0.0001913462064982681
6.404212680485691e-07,0.0002467261574376641
6.404245539799449e-07,0.0002780344756541117
6.404263483194462e-07,0.0003253546488302154
6.404277541853149e-07,0.0004116963764699754
6.404292835268488e-07,0.0005391566708705473
6.40430624418875e-07,0.0006325786030493248
6.404317218440672e-07,0.0007120572944352371
6.404329478756571e-07,0.0008387477587958498
6.404339491542321e-07,0.0009041671478293064
6.404347517616287e-07,0.0009076721658574058
6.404354595120823e-07,0.0008825600452700656
6.404363370466154e-07,0.0008270805622407391
6.404370970063548e-07,0.0007601945736755151
6.404376792406078e-07,0.0007044671616106659
6.404382524927682e-07,0.0006504135701277359
6.404391971412857e-07,0.0005778473143518719
6.404399596503172e-07,0.0005380126727926397
6.404407775064512e-07,0.000505119794683918
6.404417011780548e-07,0.0004643971850472792
6.404427202616507e-07,0.0004059487388919086
6.40443815915167e-07,0.0003323360471895601
6.404450292253053e-07,0.0002623979593881297
6.40446239490047e-07,0.0002414801253950919
6.404471308496586e-07,0.0002390732890177859
6.404479406545231e-07,0.0002204269784745672
6.404484666456875e-07,0.0002144609954895643
6.404491118357633e-07,0.0002292331537815898
6.404496920985954e-07,0.0002454277831031084
6.404504443771543e-07,0.0002562220233376566
6.404513276098414e-07,0.0002546051019154998
6.404521894942195e-07,0.000243361692643192
6.404532143522955e-07,0.000223993770553985
6.404543863693539e-07,0.0001989488514357419
6.404559093967881e-07,0.0001722136799848223
6.404577028949773e-07,0.0001708655407004122
6.40459544442106e-07,0.0001922104124176441
6.404609560281034e-07,0.0001947390906330079
6.404625751245676e-07,0.0001761711265444425
6.404641634000835e-07,0.0001809782461120572
6.404655613574959e-07,0.0002467528442378839
6.404667424918334e-07,0.0003031501854403361
6.404679013247222e-07,0.0003233617073766502
6.404691196641449e-07,0.000311653328011531
6.404702752833289e-07,0.0003358108162328347
6.404713328140503e-07,0.0003891638863504421
6.404722304560288e-07,0.000423274890269464
6.404731348587451e-07,0.0004380487363915579
6.404741102904061e-07,0.0004346313902352607
6.404749749301379e-07,0.0004425673587043571
6.404759193185083e-07,0.0004881072646078106
6.404767324491064e-07,0.0005265165936804142
6.404776500131339e-07,0.0005514421986006402
6.404786555509768e-07,0.000586287306528009
6.404796460945877e-07,0.0006165905474905182
6.404805527455786e-07,0.000638323032196813
6.404815366699362e-07,0.0006828163000148685
6.404826756799908e-07,0.0007625973625643893
6.404835949861404e-07,0.0008587844508897675
6.404846017075838e-07,0.0009909975218085302
6.404857550215886e-07,0.001100488672680776
6.40486916298272e-07,0.001118380907490415
6.404879026809113e-07,0.001071746805186599
6.404892187396167e-07,0.0009597937355626386
6.404904502528531e-07,0.0008337696468246651
6.404917370888055e-07,0.0007025604006271921
6.40493198632322e-07,0.0005655603817739483
6.404952032339125e-07,0.0004072388285640334
6.40498125969416e-07,0.0002405367410850642
6.405020907077392e-07,0.0001104138693399025
6.405053132866793e-07,5.65318783443545e-05
6.405084606446191e-07,2.92619367983936e-05
6.405116579631874e-07,1.558733492751795e-05
6.405154916012267e-07,8.170570260953787e-06
6.405198744121613e-07,4.648238817122696e-06
6.405252485764929e-07,2.773248778954915e-06
6.40531333380876e-07,1.707583469118702e-06
6.405388420507884e-07,9.842974011836457e-07
6.405485483806945e-07,5.111288072940327e-07
6.405624788718065e-07,2.37863254337946e-07
6.405813628909222e-07,1.278143805074138e-07
6.406033128405581e-07,9.114005909023354e-08
6.406301733243354e-07,7.178289814050343e-08
6.406648130408496e-07,5.723738250764135e-08
6.407148232949183e-07,4.442824951714279e-08
6.407947127399761e-07,3.282607083320891e-08
6.409229283982558e-07,2.333646860059671e-08
6.411191180493967e-07,1.654369884081699e-08
6.413875759650095e-07,1.223243969910196e-08
6.417627373313445e-07,9.346295309073026e-09
6.422966246425596e-07,7.350558822005317e-09
6.430672677110916e-07,5.941077510713755e-09
6.441707888410041e-07,4.939837331915902e-09
6.457470466769638e-07,4.213007026824985e-09
6.480030223954718e-07,3.670708954765173e-09
6.5e-07,3.387495585053678e-09
6.5005e-07,8.293403207728299e-08
6.500635026195316e-07,5.5415526124867e-07
6.500905078585948e-07,7.617435187468629e-06
6.500972485581559e-07,1.113113220696708e-05
6.501028305539052e-07,1.30307409488385e-05
6.501088070192811e-07,1.310698552448087e-05
6.501135214779906e-07,1.189736326235993e-05
6.501162442526101e-07,1.080523322405429e-05
6.501171769343595e-07,1.06075330437212e-05
6.501181648250796e-07,1.038508086896149e-05
6.501189765563402e-07,1.040111100860865e-05
6.501206000188613e-07,2.496166335218791e-05
6.501217394143659e-07,7.408563179729232e-05
6.501229849861079e-07,0.0001590509999733867
6.501242555704901e-07,0.0002401661261909169
6.501252499115501e-07,0.000283162323453836
6.5012624425261e-07,0.0003025032242203341
6.501264917543614e-07,0.0002895686110574539
6.501269357166348e-07,0.0002731316659478914
6.501273397767805e-07,0.0002697725721608577
6.501281478970718e-07,0.0003121039967672934
6.501292102268676e-07,0.0004391842671785527
6.501301788863882e-07,0.0005351391258553326
6.501311671125179e-07,0.0005511072088302333
6.501325161511264e-07,0.0004662051824216979
6.501335633085492e-07,0.0004156860826177668
6.501346260077619e-07,0.0004009263858539087
6.501357752977062e-07,0.000367987594991606
6.501366342484056e-07,0.0003396069144982487
6.501376413616656e-07,0.0003056400466094016
6.501387250225958e-07,0.0002700302602725154
6.501396749874771e-07,0.0002433635189986948
6.501408129239862e-07,0.0002212193828977537
6.501425091994039e-07,0.0002282525900932151
6.501447376998494e-07,0.0003375285224641173
6.50146314161512e-07,0.0004073024169044901
6.501477868468662e-07,0.0004066071528231809
6.501490311993778e-07,0.0003576751091560128
6.501500199580644e-07,0.0003072002625056181
6.501512017472416e-07,0.0002485417432003741
6.501520428708854e-07,0.0001974188537646727
6.501530821344959e-07,0.0001240759299226117
6.501539753958449e-07,7.062004878445475e-05
6.501546726661961e-07,4.276910064013421e-05
6.501555124008761e-07,2.470005958411233e-05
6.501565655922019e-07,1.484228229635829e-05
6.50157697029908e-07,9.77545093231927e-06
6.501587235426031e-07,6.871094861750736e-06
6.501598723571996e-07,4.620601945694853e-06
6.501613432407342e-07,2.749711740871459e-06
6.501635579288541e-07,1.229640953343421e-06
6.50166844806581e-07,3.58474654601191e-07
6.501713724449348e-07,6.599794772555067e-08
6.501765798335328e-07,1.480700966028071e-08
6.501829489088096e-07,7.753305314351269e-09
6.501911598156609e-07,6.842358722042935e-09
6.502e-07,6.60027744298034e-09
6.502048864031622e-07,4.803851172799519e-09
6.502106330506049e-07,4.747061751929576e-09
6.502161559217975e-07,4.735484909837732e-09
6.502272016641826e-07,4.733881851526072e-09
6.502446377674092e-07,4.728779611173185e-09
6.502755445377408e-07,4.724175819612076e-09
6.503373580784042e-07,4.711594348632509e-09
6.504529401583767e-07,4.692090897002868e-09
6.50679980092144e-07,4.651081902735175e-09
6.511258725154353e-07,4.577888569494654e-09
6.519912342172194e-07,4.444323892904422e-09
6.529956171086098e-07,4.307891871982122e-09
6.54e-07,4.186720608061664e-09
6.54030810389147e-07,8.54738203264053e-09
6.540699211388973e-07,1.602967849327018e-06
6.540861809965351e-07,6.045416201278059e-06
6.540944910610624e-07,9.206443990090617e-06
6.541046004292978e-07,1.145635233028112e-05
6.541126632073097e-07,2.24960948285614e-05
6.541177848205287e-07,4.876165501407709e-05
6.54123781430332e-07,8.229219233253955e-05
6.541283795857303e-07,9.095390132035023e-05
6.541326226820324e-07,9.831714140186553e-05
6.541358780705266e-07,0.000120643024781604
6.541384159119224e-07,0.0001562933780509179
6.541415635747951e-07,0.000214304306792186
6.541440410106322e-07,0.0002591957320538508
6.541469378963189e-07,0.0002999757007408309
6.541499830146512e-07,0.0003251947564023673
6.541519153726945e-07,0.0003417403448887337
6.541540833314368e-07,0.0003762776143544834
6.54155634158736e-07,0.0004051155891621047
6.541569597814963e-07,0.0004211274176993032
6.541584712109604e-07,0.0004220809712141408
6.541601211160028e-07,0.0003996062358065492
6.541610466559598e-07,0.0003813788539026561
6.541620316175404e-07,0.0003630456570261144
6.541629110656078e-07,0.0003489340830338191
6.541645505382411e-07,0.0003259836432015942
6.541657202206073e-07,0.0003101022193854129
6.541669023777514e-07,0.0002935919887228573
6.541681896154368e-07,0.0002747735361297655
6.541700784236638e-07,0.0002451138860094227
6.541719738430544e-07,0.0002143163474069462
6.541741502395114e-07,0.0001814585226438589
6.541758609458072e-07,0.0001583911416543993
6.541784132134257e-07,0.0001263869046731508
6.541807811709851e-07,0.0001016530042808746
6.541829989281373e-07,8.589714253931673e-05
6.541863118081592e-07,7.235331683892732e-05
6.541887095430289e-07,6.663132322980922e-05
6.541923325718532e-07,6.028177994850816e-05
6.541958224987039e-07,5.469442429741105e-05
6.542e-07,5.148310474216483e-05
6.542016525546455e-07,5.548989626774862e-05
6.542049009458838e-07,8.192286195126438e-05
6.542075083373004e-07,0.0001068870040870332
6.542094704279988e-07,0.0001089666636443008
6.542113989402297e-07,0.0001044833081813507
6.542125933734846e-07,0.0001120174444476732
6.542134369494155e-07,0.0001193449908971024
6.542143602105887e-07,0.0001199615156469317
6.542152296592747e-07,0.0001099217577799388
6.542162199434935e-07,8.70861613264555e-05
6.54217191279726e-07,6.027741229867628e-05
6.542179708284688e-07,4.183259485429398e-05
6.542187363038917e-07,2.96870785024663e-05
6.542197614942039e-07,2.197367708863159e-05
6.542206982533934e-07,1.910223713128262e-05
6.542217148424554e-07,1.735113316422964e-05
6.542227183496907e-07,1.608051039971846e-05
6.542239553334285e-07,1.483620724488958e-05
6.542255287982216e-07,1.365032484316163e-05
6.542278684264536e-07,1.250440179326625e-05
6.542314111591537e-07,1.156947126278875e-05
6.54235873303741e-07,1.090707604535109e-05
6.542404498314844e-07,1.038472129993971e-05
6.542456948017341e-07,9.844008848137432e-06
6.542522284950906e-07,9.227559305589398e-06
6.542617111650947e-07,8.53031973145524e-06
6.542768819774323e-07,8.633016483739902e-06
6.542931447029239e-07,1.126327750573797e-05
6.543104601452485e-07,1.475169714405888e-05
6.54317587337033e-07,1.570311869121642e-05
6.543219684112538e-07,1.568281592581568e-05
6.543269923650002e-07,1.469243239633032e-05
6.54331021742198e-07,1.326171181934742e-05
6.54335147703848e-07,1.132827051182475e-05
6.543386267781467e-07,9.638238844659499e-06
6.543425064064163e-07,8.515121453073954e-06
6.543457456561514e-07,8.297903777536026e-06
6.543494248785742e-07,8.765567402833389e-06
6.543542339398351e-07,9.949948788631717e-06
6.543620030949898e-07,1.17252831688674e-05
6.543696216196796e-07,1.24704286603341e-05
6.543772135885266e-07,1.207892092063035e-05
6.543854830548658e-07,1.199632550666704e-05
6.54392903473025e-07,2.46620227041993e-05
6.544003890214734e-07,5.12295141210493e-05
6.544067997710521e-07,6.547452029428787e-05
6.544145916687912e-07,7.21537865302713e-05
6.544220560431619e-07,0.0001535727712050595
6.544256810361135e-07,0.000250163432400673
6.544296961590051e-07,0.0003273599892576984
6.544328953738502e-07,0.0003332215849048154
6.54434598323523e-07,0.0003547486816722589
6.544359520092405e-07,0.0004025365386663377
6.544376267167395e-07,0.0004878145226814238
6.544389905486552e-07,0.0005541658155251445
6.544406313965344e-07,0.0006374788975638555
6.544418481691699e-07,0.0007456696227984928
6.544428328398056e-07,0.0008304163229975474
6.54443773150874e-07,0.0008779311378792738
6.544446341381471e-07,0.0008993860747596817
6.544455187084555e-07,0.0008980164037227185
6.544464375153898e-07,0.0008626527935470563
6.544471603744798e-07,0.0008205776552949148
6.544478180998519e-07,0.0007791007059543296
6.544487534546446e-07,0.000730247544704068
6.54449565090521e-07,0.0006998527681669063
6.544502902611643e-07,0.0006626751097069276
6.544510756587769e-07,0.0006106292275624641
6.544516270259586e-07,0.00058890436958448
6.544521900065533e-07,0.0005950884901495313
6.544528153556572e-07,0.0006261426697337472
6.54453738719393e-07,0.0006826323323674689
6.544547052884865e-07,0.0007213110628169769
6.54455650529517e-07,0.0007232116742324047
6.544566769020717e-07,0.0006891680651788858
6.544579132966671e-07,0.0006379565661966786
6.544592107644504e-07,0.0006934978917596511
6.544602925096292e-07,0.0008505247386438624
6.544611971973935e-07,0.000947854146740583
6.544621347484559e-07,0.0009504602184166104
6.544627753523645e-07,0.0008998539289222834
6.544634525412053e-07,0.0008248563260447774
6.544640903728407e-07,0.0007547452499705818
6.54464924933461e-07,0.0006643593499863412
6.544660445253364e-07,0.0005439148420465844
6.544668292985049e-07,0.0004890784120164851
6.544677419764415e-07,0.0004729772686222442
6.544687719141963e-07,0.0004858681640106665
6.544697367719757e-07,0.0004932116582865876
6.544707532479096e-07,0.000475732865373589
6.544719903501241e-07,0.0004362397344477011
6.544732252650249e-07,0.0004295346147822521
6.544744038194274e-07,0.0004654274809078528
6.544755743513672e-07,0.0004869384413438983
6.544766818566206e-07,0.0004717819966682226
6.544779564599763e-07,0.0004423193104498099
6.54479151701059e-07,0.0004592979546812318
6.544804683604122e-07,0.0005222244547448756
6.544814814250178e-07,0.0005400240614977363
6.54482622578169e-07,0.0005013045416909441
6.544836527491129e-07,0.0004368043168566849
6.544846032169215e-07,0.0003973764149081675
6.544856266711722e-07,0.0003983843874456471
6.544867186262528e-07,0.0004117751958047684
6.544879164742682e-07,0.0004055155758761529
6.544891307105422e-07,0.0003863101392168971
6.544903179118684e-07,0.0003438253426544539
6.544914912964053e-07,0.0002707715617085611
6.544925502622441e-07,0.0002117330406476807
6.544936329951294e-07,0.0001673679111068335
6.544945958787262e-07,0.0001291222061446495
6.544955543928408e-07,9.521812971704767e-05
6.544966110320427e-07,6.866240629333509e-05
6.544975510719839e-07,5.554206000591775e-05
6.544986272076645e-07,4.837897897703392e-05
6.545000223069393e-07,4.441192196867955e-05
6.545014458881668e-07,4.230466001728549e-05
6.545029753786359e-07,4.060082661592246e-05
6.545048050745117e-07,3.879869452926204e-05
6.545073742139593e-07,3.646946845033764e-05
6.545110951765807e-07,3.338300281210004e-05
6.545165776067392e-07,2.933775538030951e-05
6.545256730039232e-07,2.370880953406039e-05
6.54539532613457e-07,1.715461329614478e-05
6.545626926169913e-07,9.983754331818662e-06
6.545927058387509e-07,4.951733134157329e-06
6.546338137156522e-07,1.908554815454267e-06
6.546869229585268e-07,5.905487861030055e-07
6.547478401002758e-07,1.951279326238015e-07
6.548198371303801e-07,8.929178034594869e-08
6.549077611990013e-07,5.934777060436008e-08
6.550223478878674e-07,4.549450202235489e-08
6.551804133193116e-07,3.539914603652563e-08
6.554190488631306e-07,2.700990169493978e-08
6.558302239499578e-07,1.983805792966851e-08
6.564082343990791e-07,1.514298797633656e-08
6.572194682545668e-07,1.195446633875544e-08
6.583551266927943e-07,9.700145292962274e-09
6.591775633463971e-07,8.717590838676422e-09
6.6e-07,7.995450351040767e-09
